[2025-03-05T19:26:43.703+0000] {processor.py:157} INFO - Started process (PID=103) to work on /home/airflow/.local/lib/python3.8/site-packages/airflow/example_dags/example_datasets.py
[2025-03-05T19:26:43.703+0000] {processor.py:829} INFO - Processing file /home/airflow/.local/lib/python3.8/site-packages/airflow/example_dags/example_datasets.py for tasks to queue
[2025-03-05T19:26:43.704+0000] {logging_mixin.py:154} INFO - [2025-03-05T19:26:43.704+0000] {dagbag.py:536} INFO - Filling up the DagBag from /home/airflow/.local/lib/python3.8/site-packages/airflow/example_dags/example_datasets.py
[2025-03-05T19:26:43.710+0000] {processor.py:839} INFO - DAG(s) dict_keys(['dataset_consumes_1_never_scheduled', 'dataset_produces_1', 'dataset_produces_2', 'dataset_consumes_unknown_never_scheduled', 'dataset_consumes_1_and_2', 'dataset_consumes_1']) retrieved from /home/airflow/.local/lib/python3.8/site-packages/airflow/example_dags/example_datasets.py
[2025-03-05T19:26:43.852+0000] {logging_mixin.py:154} INFO - [2025-03-05T19:26:43.852+0000] {manager.py:499} INFO - Created Permission View: %s
[2025-03-05T19:26:43.858+0000] {logging_mixin.py:154} INFO - [2025-03-05T19:26:43.858+0000] {manager.py:499} INFO - Created Permission View: %s
[2025-03-05T19:26:43.861+0000] {logging_mixin.py:154} INFO - [2025-03-05T19:26:43.861+0000] {manager.py:499} INFO - Created Permission View: %s
[2025-03-05T19:26:43.866+0000] {logging_mixin.py:154} INFO - [2025-03-05T19:26:43.866+0000] {manager.py:499} INFO - Created Permission View: %s
[2025-03-05T19:26:43.869+0000] {logging_mixin.py:154} INFO - [2025-03-05T19:26:43.868+0000] {manager.py:499} INFO - Created Permission View: %s
[2025-03-05T19:26:43.873+0000] {logging_mixin.py:154} INFO - [2025-03-05T19:26:43.873+0000] {manager.py:499} INFO - Created Permission View: %s
[2025-03-05T19:26:43.879+0000] {logging_mixin.py:154} INFO - [2025-03-05T19:26:43.879+0000] {manager.py:499} INFO - Created Permission View: %s
[2025-03-05T19:26:43.881+0000] {logging_mixin.py:154} INFO - [2025-03-05T19:26:43.881+0000] {manager.py:499} INFO - Created Permission View: %s
[2025-03-05T19:26:43.884+0000] {logging_mixin.py:154} INFO - [2025-03-05T19:26:43.884+0000] {manager.py:499} INFO - Created Permission View: %s
[2025-03-05T19:26:43.888+0000] {logging_mixin.py:154} INFO - [2025-03-05T19:26:43.888+0000] {manager.py:499} INFO - Created Permission View: %s
[2025-03-05T19:26:43.890+0000] {logging_mixin.py:154} INFO - [2025-03-05T19:26:43.890+0000] {manager.py:499} INFO - Created Permission View: %s
[2025-03-05T19:26:43.892+0000] {logging_mixin.py:154} INFO - [2025-03-05T19:26:43.892+0000] {manager.py:499} INFO - Created Permission View: %s
[2025-03-05T19:26:43.897+0000] {logging_mixin.py:154} INFO - [2025-03-05T19:26:43.897+0000] {manager.py:499} INFO - Created Permission View: %s
[2025-03-05T19:26:43.900+0000] {logging_mixin.py:154} INFO - [2025-03-05T19:26:43.900+0000] {manager.py:499} INFO - Created Permission View: %s
[2025-03-05T19:26:43.903+0000] {logging_mixin.py:154} INFO - [2025-03-05T19:26:43.903+0000] {manager.py:499} INFO - Created Permission View: %s
[2025-03-05T19:26:43.908+0000] {logging_mixin.py:154} INFO - [2025-03-05T19:26:43.908+0000] {manager.py:499} INFO - Created Permission View: %s
[2025-03-05T19:26:43.911+0000] {logging_mixin.py:154} INFO - [2025-03-05T19:26:43.910+0000] {manager.py:499} INFO - Created Permission View: %s
[2025-03-05T19:26:43.914+0000] {logging_mixin.py:154} INFO - [2025-03-05T19:26:43.913+0000] {manager.py:499} INFO - Created Permission View: %s
[2025-03-05T19:26:43.914+0000] {logging_mixin.py:154} INFO - [2025-03-05T19:26:43.914+0000] {dag.py:2941} INFO - Sync 6 DAGs
[2025-03-05T19:26:43.919+0000] {logging_mixin.py:154} INFO - [2025-03-05T19:26:43.919+0000] {dag.py:2963} INFO - Creating ORM DAG for dataset_produces_2
[2025-03-05T19:26:43.920+0000] {logging_mixin.py:154} INFO - [2025-03-05T19:26:43.920+0000] {dag.py:2963} INFO - Creating ORM DAG for dataset_consumes_1
[2025-03-05T19:26:43.921+0000] {logging_mixin.py:154} INFO - [2025-03-05T19:26:43.921+0000] {dag.py:2963} INFO - Creating ORM DAG for dataset_produces_1
[2025-03-05T19:26:43.923+0000] {logging_mixin.py:154} INFO - [2025-03-05T19:26:43.923+0000] {dag.py:2963} INFO - Creating ORM DAG for dataset_consumes_unknown_never_scheduled
[2025-03-05T19:26:43.923+0000] {logging_mixin.py:154} INFO - [2025-03-05T19:26:43.923+0000] {dag.py:2963} INFO - Creating ORM DAG for dataset_consumes_1_and_2
[2025-03-05T19:26:43.923+0000] {logging_mixin.py:154} INFO - [2025-03-05T19:26:43.923+0000] {dag.py:2963} INFO - Creating ORM DAG for dataset_consumes_1_never_scheduled
[2025-03-05T19:26:43.926+0000] {logging_mixin.py:154} INFO - [2025-03-05T19:26:43.926+0000] {dag.py:3722} INFO - Setting next_dagrun for dataset_consumes_1 to None, run_after=None
[2025-03-05T19:26:43.927+0000] {logging_mixin.py:154} INFO - [2025-03-05T19:26:43.927+0000] {dag.py:3722} INFO - Setting next_dagrun for dataset_consumes_1_and_2 to None, run_after=None
[2025-03-05T19:26:43.927+0000] {logging_mixin.py:154} INFO - [2025-03-05T19:26:43.927+0000] {dag.py:3722} INFO - Setting next_dagrun for dataset_consumes_1_never_scheduled to None, run_after=None
[2025-03-05T19:26:43.927+0000] {logging_mixin.py:154} INFO - [2025-03-05T19:26:43.927+0000] {dag.py:3722} INFO - Setting next_dagrun for dataset_consumes_unknown_never_scheduled to None, run_after=None
[2025-03-05T19:26:43.928+0000] {logging_mixin.py:154} INFO - [2025-03-05T19:26:43.928+0000] {dag.py:3722} INFO - Setting next_dagrun for dataset_produces_1 to 2025-03-04T00:00:00+00:00, run_after=2025-03-05T00:00:00+00:00
[2025-03-05T19:26:43.928+0000] {logging_mixin.py:154} INFO - [2025-03-05T19:26:43.928+0000] {dag.py:3722} INFO - Setting next_dagrun for dataset_produces_2 to None, run_after=None
[2025-03-05T19:26:43.944+0000] {processor.py:179} INFO - Processing /home/airflow/.local/lib/python3.8/site-packages/airflow/example_dags/example_datasets.py took 0.243 seconds
[2025-03-05T19:27:14.255+0000] {processor.py:157} INFO - Started process (PID=159) to work on /home/airflow/.local/lib/python3.8/site-packages/airflow/example_dags/example_datasets.py
[2025-03-05T19:27:14.256+0000] {processor.py:829} INFO - Processing file /home/airflow/.local/lib/python3.8/site-packages/airflow/example_dags/example_datasets.py for tasks to queue
[2025-03-05T19:27:14.257+0000] {logging_mixin.py:154} INFO - [2025-03-05T19:27:14.257+0000] {dagbag.py:536} INFO - Filling up the DagBag from /home/airflow/.local/lib/python3.8/site-packages/airflow/example_dags/example_datasets.py
[2025-03-05T19:27:14.263+0000] {processor.py:839} INFO - DAG(s) dict_keys(['dataset_consumes_1_and_2', 'dataset_consumes_1_never_scheduled', 'dataset_produces_1', 'dataset_consumes_1', 'dataset_consumes_unknown_never_scheduled', 'dataset_produces_2']) retrieved from /home/airflow/.local/lib/python3.8/site-packages/airflow/example_dags/example_datasets.py
[2025-03-05T19:27:14.278+0000] {logging_mixin.py:154} INFO - [2025-03-05T19:27:14.278+0000] {dag.py:2941} INFO - Sync 6 DAGs
[2025-03-05T19:27:14.287+0000] {logging_mixin.py:154} INFO - [2025-03-05T19:27:14.287+0000] {dag.py:3722} INFO - Setting next_dagrun for dataset_consumes_1 to None, run_after=None
[2025-03-05T19:27:14.289+0000] {logging_mixin.py:154} INFO - [2025-03-05T19:27:14.288+0000] {dag.py:3722} INFO - Setting next_dagrun for dataset_consumes_1_and_2 to None, run_after=None
[2025-03-05T19:27:14.289+0000] {logging_mixin.py:154} INFO - [2025-03-05T19:27:14.289+0000] {dag.py:3722} INFO - Setting next_dagrun for dataset_consumes_1_never_scheduled to None, run_after=None
[2025-03-05T19:27:14.290+0000] {logging_mixin.py:154} INFO - [2025-03-05T19:27:14.289+0000] {dag.py:3722} INFO - Setting next_dagrun for dataset_consumes_unknown_never_scheduled to None, run_after=None
[2025-03-05T19:27:14.292+0000] {logging_mixin.py:154} INFO - [2025-03-05T19:27:14.292+0000] {dag.py:3722} INFO - Setting next_dagrun for dataset_produces_1 to 2025-03-04T00:00:00+00:00, run_after=2025-03-05T00:00:00+00:00
[2025-03-05T19:27:14.293+0000] {logging_mixin.py:154} INFO - [2025-03-05T19:27:14.293+0000] {dag.py:3722} INFO - Setting next_dagrun for dataset_produces_2 to None, run_after=None
[2025-03-05T19:27:14.306+0000] {processor.py:179} INFO - Processing /home/airflow/.local/lib/python3.8/site-packages/airflow/example_dags/example_datasets.py took 0.053 seconds
[2025-03-05T19:27:44.494+0000] {processor.py:157} INFO - Started process (PID=215) to work on /home/airflow/.local/lib/python3.8/site-packages/airflow/example_dags/example_datasets.py
[2025-03-05T19:27:44.496+0000] {processor.py:829} INFO - Processing file /home/airflow/.local/lib/python3.8/site-packages/airflow/example_dags/example_datasets.py for tasks to queue
[2025-03-05T19:27:44.497+0000] {logging_mixin.py:154} INFO - [2025-03-05T19:27:44.497+0000] {dagbag.py:536} INFO - Filling up the DagBag from /home/airflow/.local/lib/python3.8/site-packages/airflow/example_dags/example_datasets.py
[2025-03-05T19:27:44.502+0000] {processor.py:839} INFO - DAG(s) dict_keys(['dataset_consumes_unknown_never_scheduled', 'dataset_produces_1', 'dataset_consumes_1', 'dataset_produces_2', 'dataset_consumes_1_and_2', 'dataset_consumes_1_never_scheduled']) retrieved from /home/airflow/.local/lib/python3.8/site-packages/airflow/example_dags/example_datasets.py
[2025-03-05T19:27:44.517+0000] {logging_mixin.py:154} INFO - [2025-03-05T19:27:44.517+0000] {dag.py:2941} INFO - Sync 6 DAGs
[2025-03-05T19:27:44.621+0000] {logging_mixin.py:154} INFO - [2025-03-05T19:27:44.621+0000] {dag.py:3722} INFO - Setting next_dagrun for dataset_consumes_1 to None, run_after=None
[2025-03-05T19:27:44.623+0000] {logging_mixin.py:154} INFO - [2025-03-05T19:27:44.623+0000] {dag.py:3722} INFO - Setting next_dagrun for dataset_consumes_1_and_2 to None, run_after=None
[2025-03-05T19:27:44.624+0000] {logging_mixin.py:154} INFO - [2025-03-05T19:27:44.624+0000] {dag.py:3722} INFO - Setting next_dagrun for dataset_consumes_1_never_scheduled to None, run_after=None
[2025-03-05T19:27:44.626+0000] {logging_mixin.py:154} INFO - [2025-03-05T19:27:44.626+0000] {dag.py:3722} INFO - Setting next_dagrun for dataset_consumes_unknown_never_scheduled to None, run_after=None
[2025-03-05T19:27:44.628+0000] {logging_mixin.py:154} INFO - [2025-03-05T19:27:44.628+0000] {dag.py:3722} INFO - Setting next_dagrun for dataset_produces_1 to 2025-03-04T00:00:00+00:00, run_after=2025-03-05T00:00:00+00:00
[2025-03-05T19:27:44.630+0000] {logging_mixin.py:154} INFO - [2025-03-05T19:27:44.630+0000] {dag.py:3722} INFO - Setting next_dagrun for dataset_produces_2 to None, run_after=None
[2025-03-05T19:27:44.646+0000] {processor.py:179} INFO - Processing /home/airflow/.local/lib/python3.8/site-packages/airflow/example_dags/example_datasets.py took 0.154 seconds
[2025-03-05T19:28:14.661+0000] {processor.py:157} INFO - Started process (PID=271) to work on /home/airflow/.local/lib/python3.8/site-packages/airflow/example_dags/example_datasets.py
[2025-03-05T19:28:14.661+0000] {processor.py:829} INFO - Processing file /home/airflow/.local/lib/python3.8/site-packages/airflow/example_dags/example_datasets.py for tasks to queue
[2025-03-05T19:28:14.662+0000] {logging_mixin.py:154} INFO - [2025-03-05T19:28:14.662+0000] {dagbag.py:536} INFO - Filling up the DagBag from /home/airflow/.local/lib/python3.8/site-packages/airflow/example_dags/example_datasets.py
[2025-03-05T19:28:14.666+0000] {processor.py:839} INFO - DAG(s) dict_keys(['dataset_consumes_unknown_never_scheduled', 'dataset_consumes_1_and_2', 'dataset_produces_1', 'dataset_consumes_1', 'dataset_consumes_1_never_scheduled', 'dataset_produces_2']) retrieved from /home/airflow/.local/lib/python3.8/site-packages/airflow/example_dags/example_datasets.py
[2025-03-05T19:28:14.678+0000] {logging_mixin.py:154} INFO - [2025-03-05T19:28:14.678+0000] {dag.py:2941} INFO - Sync 6 DAGs
[2025-03-05T19:28:14.685+0000] {logging_mixin.py:154} INFO - [2025-03-05T19:28:14.685+0000] {dag.py:3722} INFO - Setting next_dagrun for dataset_consumes_1 to None, run_after=None
[2025-03-05T19:28:14.686+0000] {logging_mixin.py:154} INFO - [2025-03-05T19:28:14.686+0000] {dag.py:3722} INFO - Setting next_dagrun for dataset_consumes_1_and_2 to None, run_after=None
[2025-03-05T19:28:14.687+0000] {logging_mixin.py:154} INFO - [2025-03-05T19:28:14.687+0000] {dag.py:3722} INFO - Setting next_dagrun for dataset_consumes_1_never_scheduled to None, run_after=None
[2025-03-05T19:28:14.687+0000] {logging_mixin.py:154} INFO - [2025-03-05T19:28:14.687+0000] {dag.py:3722} INFO - Setting next_dagrun for dataset_consumes_unknown_never_scheduled to None, run_after=None
[2025-03-05T19:28:14.688+0000] {logging_mixin.py:154} INFO - [2025-03-05T19:28:14.688+0000] {dag.py:3722} INFO - Setting next_dagrun for dataset_produces_1 to 2025-03-04T00:00:00+00:00, run_after=2025-03-05T00:00:00+00:00
[2025-03-05T19:28:14.689+0000] {logging_mixin.py:154} INFO - [2025-03-05T19:28:14.689+0000] {dag.py:3722} INFO - Setting next_dagrun for dataset_produces_2 to None, run_after=None
[2025-03-05T19:28:14.775+0000] {processor.py:179} INFO - Processing /home/airflow/.local/lib/python3.8/site-packages/airflow/example_dags/example_datasets.py took 0.115 seconds
[2025-03-05T19:28:45.494+0000] {processor.py:157} INFO - Started process (PID=327) to work on /home/airflow/.local/lib/python3.8/site-packages/airflow/example_dags/example_datasets.py
[2025-03-05T19:28:45.495+0000] {processor.py:829} INFO - Processing file /home/airflow/.local/lib/python3.8/site-packages/airflow/example_dags/example_datasets.py for tasks to queue
[2025-03-05T19:28:45.496+0000] {logging_mixin.py:154} INFO - [2025-03-05T19:28:45.496+0000] {dagbag.py:536} INFO - Filling up the DagBag from /home/airflow/.local/lib/python3.8/site-packages/airflow/example_dags/example_datasets.py
[2025-03-05T19:28:45.502+0000] {processor.py:839} INFO - DAG(s) dict_keys(['dataset_produces_1', 'dataset_consumes_1_and_2', 'dataset_consumes_1_never_scheduled', 'dataset_consumes_1', 'dataset_consumes_unknown_never_scheduled', 'dataset_produces_2']) retrieved from /home/airflow/.local/lib/python3.8/site-packages/airflow/example_dags/example_datasets.py
[2025-03-05T19:28:45.516+0000] {logging_mixin.py:154} INFO - [2025-03-05T19:28:45.515+0000] {dag.py:2941} INFO - Sync 6 DAGs
[2025-03-05T19:28:45.525+0000] {logging_mixin.py:154} INFO - [2025-03-05T19:28:45.525+0000] {dag.py:3722} INFO - Setting next_dagrun for dataset_consumes_1 to None, run_after=None
[2025-03-05T19:28:45.527+0000] {logging_mixin.py:154} INFO - [2025-03-05T19:28:45.527+0000] {dag.py:3722} INFO - Setting next_dagrun for dataset_consumes_1_and_2 to None, run_after=None
[2025-03-05T19:28:45.527+0000] {logging_mixin.py:154} INFO - [2025-03-05T19:28:45.527+0000] {dag.py:3722} INFO - Setting next_dagrun for dataset_consumes_1_never_scheduled to None, run_after=None
[2025-03-05T19:28:45.528+0000] {logging_mixin.py:154} INFO - [2025-03-05T19:28:45.528+0000] {dag.py:3722} INFO - Setting next_dagrun for dataset_consumes_unknown_never_scheduled to None, run_after=None
[2025-03-05T19:28:45.529+0000] {logging_mixin.py:154} INFO - [2025-03-05T19:28:45.529+0000] {dag.py:3722} INFO - Setting next_dagrun for dataset_produces_1 to 2025-03-04T00:00:00+00:00, run_after=2025-03-05T00:00:00+00:00
[2025-03-05T19:28:45.530+0000] {logging_mixin.py:154} INFO - [2025-03-05T19:28:45.530+0000] {dag.py:3722} INFO - Setting next_dagrun for dataset_produces_2 to None, run_after=None
[2025-03-05T19:28:45.544+0000] {processor.py:179} INFO - Processing /home/airflow/.local/lib/python3.8/site-packages/airflow/example_dags/example_datasets.py took 0.051 seconds
[2025-03-05T19:29:16.565+0000] {processor.py:157} INFO - Started process (PID=383) to work on /home/airflow/.local/lib/python3.8/site-packages/airflow/example_dags/example_datasets.py
[2025-03-05T19:29:16.566+0000] {processor.py:829} INFO - Processing file /home/airflow/.local/lib/python3.8/site-packages/airflow/example_dags/example_datasets.py for tasks to queue
[2025-03-05T19:29:16.567+0000] {logging_mixin.py:154} INFO - [2025-03-05T19:29:16.567+0000] {dagbag.py:536} INFO - Filling up the DagBag from /home/airflow/.local/lib/python3.8/site-packages/airflow/example_dags/example_datasets.py
[2025-03-05T19:29:16.571+0000] {processor.py:839} INFO - DAG(s) dict_keys(['dataset_consumes_1', 'dataset_consumes_unknown_never_scheduled', 'dataset_consumes_1_and_2', 'dataset_produces_2', 'dataset_produces_1', 'dataset_consumes_1_never_scheduled']) retrieved from /home/airflow/.local/lib/python3.8/site-packages/airflow/example_dags/example_datasets.py
[2025-03-05T19:29:16.586+0000] {logging_mixin.py:154} INFO - [2025-03-05T19:29:16.586+0000] {dag.py:2941} INFO - Sync 6 DAGs
[2025-03-05T19:29:16.683+0000] {logging_mixin.py:154} INFO - [2025-03-05T19:29:16.683+0000] {dag.py:3722} INFO - Setting next_dagrun for dataset_consumes_1 to None, run_after=None
[2025-03-05T19:29:16.685+0000] {logging_mixin.py:154} INFO - [2025-03-05T19:29:16.685+0000] {dag.py:3722} INFO - Setting next_dagrun for dataset_consumes_1_and_2 to None, run_after=None
[2025-03-05T19:29:16.687+0000] {logging_mixin.py:154} INFO - [2025-03-05T19:29:16.687+0000] {dag.py:3722} INFO - Setting next_dagrun for dataset_consumes_1_never_scheduled to None, run_after=None
[2025-03-05T19:29:16.688+0000] {logging_mixin.py:154} INFO - [2025-03-05T19:29:16.688+0000] {dag.py:3722} INFO - Setting next_dagrun for dataset_consumes_unknown_never_scheduled to None, run_after=None
[2025-03-05T19:29:16.689+0000] {logging_mixin.py:154} INFO - [2025-03-05T19:29:16.689+0000] {dag.py:3722} INFO - Setting next_dagrun for dataset_produces_1 to 2025-03-04T00:00:00+00:00, run_after=2025-03-05T00:00:00+00:00
[2025-03-05T19:29:16.689+0000] {logging_mixin.py:154} INFO - [2025-03-05T19:29:16.689+0000] {dag.py:3722} INFO - Setting next_dagrun for dataset_produces_2 to None, run_after=None
[2025-03-05T19:29:16.700+0000] {processor.py:179} INFO - Processing /home/airflow/.local/lib/python3.8/site-packages/airflow/example_dags/example_datasets.py took 0.136 seconds
[2025-03-05T19:29:47.094+0000] {processor.py:157} INFO - Started process (PID=439) to work on /home/airflow/.local/lib/python3.8/site-packages/airflow/example_dags/example_datasets.py
[2025-03-05T19:29:47.095+0000] {processor.py:829} INFO - Processing file /home/airflow/.local/lib/python3.8/site-packages/airflow/example_dags/example_datasets.py for tasks to queue
[2025-03-05T19:29:47.096+0000] {logging_mixin.py:154} INFO - [2025-03-05T19:29:47.095+0000] {dagbag.py:536} INFO - Filling up the DagBag from /home/airflow/.local/lib/python3.8/site-packages/airflow/example_dags/example_datasets.py
[2025-03-05T19:29:47.100+0000] {processor.py:839} INFO - DAG(s) dict_keys(['dataset_consumes_1_never_scheduled', 'dataset_consumes_unknown_never_scheduled', 'dataset_produces_2', 'dataset_consumes_1_and_2', 'dataset_consumes_1', 'dataset_produces_1']) retrieved from /home/airflow/.local/lib/python3.8/site-packages/airflow/example_dags/example_datasets.py
[2025-03-05T19:29:47.114+0000] {logging_mixin.py:154} INFO - [2025-03-05T19:29:47.114+0000] {dag.py:2941} INFO - Sync 6 DAGs
[2025-03-05T19:29:47.210+0000] {logging_mixin.py:154} INFO - [2025-03-05T19:29:47.210+0000] {dag.py:3722} INFO - Setting next_dagrun for dataset_consumes_1 to None, run_after=None
[2025-03-05T19:29:47.213+0000] {logging_mixin.py:154} INFO - [2025-03-05T19:29:47.213+0000] {dag.py:3722} INFO - Setting next_dagrun for dataset_consumes_1_and_2 to None, run_after=None
[2025-03-05T19:29:47.213+0000] {logging_mixin.py:154} INFO - [2025-03-05T19:29:47.213+0000] {dag.py:3722} INFO - Setting next_dagrun for dataset_consumes_1_never_scheduled to None, run_after=None
[2025-03-05T19:29:47.214+0000] {logging_mixin.py:154} INFO - [2025-03-05T19:29:47.214+0000] {dag.py:3722} INFO - Setting next_dagrun for dataset_consumes_unknown_never_scheduled to None, run_after=None
[2025-03-05T19:29:47.215+0000] {logging_mixin.py:154} INFO - [2025-03-05T19:29:47.215+0000] {dag.py:3722} INFO - Setting next_dagrun for dataset_produces_1 to 2025-03-04T00:00:00+00:00, run_after=2025-03-05T00:00:00+00:00
[2025-03-05T19:29:47.216+0000] {logging_mixin.py:154} INFO - [2025-03-05T19:29:47.216+0000] {dag.py:3722} INFO - Setting next_dagrun for dataset_produces_2 to None, run_after=None
[2025-03-05T19:29:47.229+0000] {processor.py:179} INFO - Processing /home/airflow/.local/lib/python3.8/site-packages/airflow/example_dags/example_datasets.py took 0.137 seconds
[2025-03-05T19:30:17.342+0000] {processor.py:157} INFO - Started process (PID=495) to work on /home/airflow/.local/lib/python3.8/site-packages/airflow/example_dags/example_datasets.py
[2025-03-05T19:30:17.343+0000] {processor.py:829} INFO - Processing file /home/airflow/.local/lib/python3.8/site-packages/airflow/example_dags/example_datasets.py for tasks to queue
[2025-03-05T19:30:17.344+0000] {logging_mixin.py:154} INFO - [2025-03-05T19:30:17.344+0000] {dagbag.py:536} INFO - Filling up the DagBag from /home/airflow/.local/lib/python3.8/site-packages/airflow/example_dags/example_datasets.py
[2025-03-05T19:30:17.349+0000] {processor.py:839} INFO - DAG(s) dict_keys(['dataset_produces_2', 'dataset_consumes_1', 'dataset_consumes_1_never_scheduled', 'dataset_consumes_1_and_2', 'dataset_consumes_unknown_never_scheduled', 'dataset_produces_1']) retrieved from /home/airflow/.local/lib/python3.8/site-packages/airflow/example_dags/example_datasets.py
[2025-03-05T19:30:17.367+0000] {logging_mixin.py:154} INFO - [2025-03-05T19:30:17.367+0000] {dag.py:2941} INFO - Sync 6 DAGs
[2025-03-05T19:30:17.375+0000] {logging_mixin.py:154} INFO - [2025-03-05T19:30:17.375+0000] {dag.py:3722} INFO - Setting next_dagrun for dataset_consumes_1 to None, run_after=None
[2025-03-05T19:30:17.377+0000] {logging_mixin.py:154} INFO - [2025-03-05T19:30:17.377+0000] {dag.py:3722} INFO - Setting next_dagrun for dataset_consumes_1_and_2 to None, run_after=None
[2025-03-05T19:30:17.378+0000] {logging_mixin.py:154} INFO - [2025-03-05T19:30:17.378+0000] {dag.py:3722} INFO - Setting next_dagrun for dataset_consumes_1_never_scheduled to None, run_after=None
[2025-03-05T19:30:17.378+0000] {logging_mixin.py:154} INFO - [2025-03-05T19:30:17.378+0000] {dag.py:3722} INFO - Setting next_dagrun for dataset_consumes_unknown_never_scheduled to None, run_after=None
[2025-03-05T19:30:17.379+0000] {logging_mixin.py:154} INFO - [2025-03-05T19:30:17.379+0000] {dag.py:3722} INFO - Setting next_dagrun for dataset_produces_1 to 2025-03-04T00:00:00+00:00, run_after=2025-03-05T00:00:00+00:00
[2025-03-05T19:30:17.380+0000] {logging_mixin.py:154} INFO - [2025-03-05T19:30:17.380+0000] {dag.py:3722} INFO - Setting next_dagrun for dataset_produces_2 to None, run_after=None
[2025-03-05T19:30:17.477+0000] {processor.py:179} INFO - Processing /home/airflow/.local/lib/python3.8/site-packages/airflow/example_dags/example_datasets.py took 0.136 seconds
[2025-03-05T19:30:48.853+0000] {processor.py:157} INFO - Started process (PID=551) to work on /home/airflow/.local/lib/python3.8/site-packages/airflow/example_dags/example_datasets.py
[2025-03-05T19:30:48.854+0000] {processor.py:829} INFO - Processing file /home/airflow/.local/lib/python3.8/site-packages/airflow/example_dags/example_datasets.py for tasks to queue
[2025-03-05T19:30:48.855+0000] {logging_mixin.py:154} INFO - [2025-03-05T19:30:48.855+0000] {dagbag.py:536} INFO - Filling up the DagBag from /home/airflow/.local/lib/python3.8/site-packages/airflow/example_dags/example_datasets.py
[2025-03-05T19:30:48.859+0000] {processor.py:839} INFO - DAG(s) dict_keys(['dataset_consumes_unknown_never_scheduled', 'dataset_consumes_1_and_2', 'dataset_consumes_1_never_scheduled', 'dataset_consumes_1', 'dataset_produces_1', 'dataset_produces_2']) retrieved from /home/airflow/.local/lib/python3.8/site-packages/airflow/example_dags/example_datasets.py
[2025-03-05T19:30:48.964+0000] {logging_mixin.py:154} INFO - [2025-03-05T19:30:48.964+0000] {dag.py:2941} INFO - Sync 6 DAGs
[2025-03-05T19:30:48.972+0000] {logging_mixin.py:154} INFO - [2025-03-05T19:30:48.972+0000] {dag.py:3722} INFO - Setting next_dagrun for dataset_consumes_1 to None, run_after=None
[2025-03-05T19:30:48.974+0000] {logging_mixin.py:154} INFO - [2025-03-05T19:30:48.974+0000] {dag.py:3722} INFO - Setting next_dagrun for dataset_consumes_1_and_2 to None, run_after=None
[2025-03-05T19:30:48.976+0000] {logging_mixin.py:154} INFO - [2025-03-05T19:30:48.976+0000] {dag.py:3722} INFO - Setting next_dagrun for dataset_consumes_1_never_scheduled to None, run_after=None
[2025-03-05T19:30:48.977+0000] {logging_mixin.py:154} INFO - [2025-03-05T19:30:48.977+0000] {dag.py:3722} INFO - Setting next_dagrun for dataset_consumes_unknown_never_scheduled to None, run_after=None
[2025-03-05T19:30:48.981+0000] {logging_mixin.py:154} INFO - [2025-03-05T19:30:48.981+0000] {dag.py:3722} INFO - Setting next_dagrun for dataset_produces_1 to 2025-03-04T00:00:00+00:00, run_after=2025-03-05T00:00:00+00:00
[2025-03-05T19:30:48.985+0000] {logging_mixin.py:154} INFO - [2025-03-05T19:30:48.985+0000] {dag.py:3722} INFO - Setting next_dagrun for dataset_produces_2 to None, run_after=None
[2025-03-05T19:30:48.996+0000] {processor.py:179} INFO - Processing /home/airflow/.local/lib/python3.8/site-packages/airflow/example_dags/example_datasets.py took 0.144 seconds
[2025-03-05T19:31:19.981+0000] {processor.py:157} INFO - Started process (PID=607) to work on /home/airflow/.local/lib/python3.8/site-packages/airflow/example_dags/example_datasets.py
[2025-03-05T19:31:19.982+0000] {processor.py:829} INFO - Processing file /home/airflow/.local/lib/python3.8/site-packages/airflow/example_dags/example_datasets.py for tasks to queue
[2025-03-05T19:31:19.984+0000] {logging_mixin.py:154} INFO - [2025-03-05T19:31:19.984+0000] {dagbag.py:536} INFO - Filling up the DagBag from /home/airflow/.local/lib/python3.8/site-packages/airflow/example_dags/example_datasets.py
[2025-03-05T19:31:19.993+0000] {processor.py:839} INFO - DAG(s) dict_keys(['dataset_consumes_1', 'dataset_produces_2', 'dataset_consumes_1_and_2', 'dataset_consumes_unknown_never_scheduled', 'dataset_produces_1', 'dataset_consumes_1_never_scheduled']) retrieved from /home/airflow/.local/lib/python3.8/site-packages/airflow/example_dags/example_datasets.py
[2025-03-05T19:31:20.013+0000] {logging_mixin.py:154} INFO - [2025-03-05T19:31:20.013+0000] {dag.py:2941} INFO - Sync 6 DAGs
[2025-03-05T19:31:20.023+0000] {logging_mixin.py:154} INFO - [2025-03-05T19:31:20.023+0000] {dag.py:3722} INFO - Setting next_dagrun for dataset_consumes_1 to None, run_after=None
[2025-03-05T19:31:20.026+0000] {logging_mixin.py:154} INFO - [2025-03-05T19:31:20.026+0000] {dag.py:3722} INFO - Setting next_dagrun for dataset_consumes_1_and_2 to None, run_after=None
[2025-03-05T19:31:20.026+0000] {logging_mixin.py:154} INFO - [2025-03-05T19:31:20.026+0000] {dag.py:3722} INFO - Setting next_dagrun for dataset_consumes_1_never_scheduled to None, run_after=None
[2025-03-05T19:31:20.028+0000] {logging_mixin.py:154} INFO - [2025-03-05T19:31:20.028+0000] {dag.py:3722} INFO - Setting next_dagrun for dataset_consumes_unknown_never_scheduled to None, run_after=None
[2025-03-05T19:31:20.030+0000] {logging_mixin.py:154} INFO - [2025-03-05T19:31:20.030+0000] {dag.py:3722} INFO - Setting next_dagrun for dataset_produces_1 to 2025-03-04T00:00:00+00:00, run_after=2025-03-05T00:00:00+00:00
[2025-03-05T19:31:20.031+0000] {logging_mixin.py:154} INFO - [2025-03-05T19:31:20.031+0000] {dag.py:3722} INFO - Setting next_dagrun for dataset_produces_2 to None, run_after=None
[2025-03-05T19:31:20.042+0000] {processor.py:179} INFO - Processing /home/airflow/.local/lib/python3.8/site-packages/airflow/example_dags/example_datasets.py took 0.065 seconds
[2025-03-05T19:31:50.485+0000] {processor.py:157} INFO - Started process (PID=663) to work on /home/airflow/.local/lib/python3.8/site-packages/airflow/example_dags/example_datasets.py
[2025-03-05T19:31:50.486+0000] {processor.py:829} INFO - Processing file /home/airflow/.local/lib/python3.8/site-packages/airflow/example_dags/example_datasets.py for tasks to queue
[2025-03-05T19:31:50.489+0000] {logging_mixin.py:154} INFO - [2025-03-05T19:31:50.489+0000] {dagbag.py:536} INFO - Filling up the DagBag from /home/airflow/.local/lib/python3.8/site-packages/airflow/example_dags/example_datasets.py
[2025-03-05T19:31:50.498+0000] {processor.py:839} INFO - DAG(s) dict_keys(['dataset_consumes_unknown_never_scheduled', 'dataset_consumes_1_never_scheduled', 'dataset_consumes_1_and_2', 'dataset_consumes_1', 'dataset_produces_2', 'dataset_produces_1']) retrieved from /home/airflow/.local/lib/python3.8/site-packages/airflow/example_dags/example_datasets.py
[2025-03-05T19:31:50.518+0000] {logging_mixin.py:154} INFO - [2025-03-05T19:31:50.518+0000] {dag.py:2941} INFO - Sync 6 DAGs
[2025-03-05T19:31:50.530+0000] {logging_mixin.py:154} INFO - [2025-03-05T19:31:50.530+0000] {dag.py:3722} INFO - Setting next_dagrun for dataset_consumes_1 to None, run_after=None
[2025-03-05T19:31:50.531+0000] {logging_mixin.py:154} INFO - [2025-03-05T19:31:50.531+0000] {dag.py:3722} INFO - Setting next_dagrun for dataset_consumes_1_and_2 to None, run_after=None
[2025-03-05T19:31:50.532+0000] {logging_mixin.py:154} INFO - [2025-03-05T19:31:50.532+0000] {dag.py:3722} INFO - Setting next_dagrun for dataset_consumes_1_never_scheduled to None, run_after=None
[2025-03-05T19:31:50.532+0000] {logging_mixin.py:154} INFO - [2025-03-05T19:31:50.532+0000] {dag.py:3722} INFO - Setting next_dagrun for dataset_consumes_unknown_never_scheduled to None, run_after=None
[2025-03-05T19:31:50.534+0000] {logging_mixin.py:154} INFO - [2025-03-05T19:31:50.534+0000] {dag.py:3722} INFO - Setting next_dagrun for dataset_produces_1 to 2025-03-04T00:00:00+00:00, run_after=2025-03-05T00:00:00+00:00
[2025-03-05T19:31:50.534+0000] {logging_mixin.py:154} INFO - [2025-03-05T19:31:50.534+0000] {dag.py:3722} INFO - Setting next_dagrun for dataset_produces_2 to None, run_after=None
[2025-03-05T19:31:50.546+0000] {processor.py:179} INFO - Processing /home/airflow/.local/lib/python3.8/site-packages/airflow/example_dags/example_datasets.py took 0.066 seconds
[2025-03-05T19:32:21.034+0000] {processor.py:157} INFO - Started process (PID=718) to work on /home/airflow/.local/lib/python3.8/site-packages/airflow/example_dags/example_datasets.py
[2025-03-05T19:32:21.035+0000] {processor.py:829} INFO - Processing file /home/airflow/.local/lib/python3.8/site-packages/airflow/example_dags/example_datasets.py for tasks to queue
[2025-03-05T19:32:21.038+0000] {logging_mixin.py:154} INFO - [2025-03-05T19:32:21.037+0000] {dagbag.py:536} INFO - Filling up the DagBag from /home/airflow/.local/lib/python3.8/site-packages/airflow/example_dags/example_datasets.py
[2025-03-05T19:32:21.046+0000] {processor.py:839} INFO - DAG(s) dict_keys(['dataset_produces_2', 'dataset_consumes_1_never_scheduled', 'dataset_produces_1', 'dataset_consumes_unknown_never_scheduled', 'dataset_consumes_1', 'dataset_consumes_1_and_2']) retrieved from /home/airflow/.local/lib/python3.8/site-packages/airflow/example_dags/example_datasets.py
[2025-03-05T19:32:21.074+0000] {logging_mixin.py:154} INFO - [2025-03-05T19:32:21.074+0000] {dag.py:2941} INFO - Sync 6 DAGs
[2025-03-05T19:32:21.086+0000] {logging_mixin.py:154} INFO - [2025-03-05T19:32:21.086+0000] {dag.py:3722} INFO - Setting next_dagrun for dataset_consumes_1 to None, run_after=None
[2025-03-05T19:32:21.088+0000] {logging_mixin.py:154} INFO - [2025-03-05T19:32:21.088+0000] {dag.py:3722} INFO - Setting next_dagrun for dataset_consumes_1_and_2 to None, run_after=None
[2025-03-05T19:32:21.088+0000] {logging_mixin.py:154} INFO - [2025-03-05T19:32:21.088+0000] {dag.py:3722} INFO - Setting next_dagrun for dataset_consumes_1_never_scheduled to None, run_after=None
[2025-03-05T19:32:21.089+0000] {logging_mixin.py:154} INFO - [2025-03-05T19:32:21.089+0000] {dag.py:3722} INFO - Setting next_dagrun for dataset_consumes_unknown_never_scheduled to None, run_after=None
[2025-03-05T19:32:21.090+0000] {logging_mixin.py:154} INFO - [2025-03-05T19:32:21.090+0000] {dag.py:3722} INFO - Setting next_dagrun for dataset_produces_1 to 2025-03-04T00:00:00+00:00, run_after=2025-03-05T00:00:00+00:00
[2025-03-05T19:32:21.092+0000] {logging_mixin.py:154} INFO - [2025-03-05T19:32:21.092+0000] {dag.py:3722} INFO - Setting next_dagrun for dataset_produces_2 to None, run_after=None
[2025-03-05T19:32:21.105+0000] {processor.py:179} INFO - Processing /home/airflow/.local/lib/python3.8/site-packages/airflow/example_dags/example_datasets.py took 0.075 seconds
[2025-03-05T19:32:51.815+0000] {processor.py:157} INFO - Started process (PID=774) to work on /home/airflow/.local/lib/python3.8/site-packages/airflow/example_dags/example_datasets.py
[2025-03-05T19:32:51.818+0000] {processor.py:829} INFO - Processing file /home/airflow/.local/lib/python3.8/site-packages/airflow/example_dags/example_datasets.py for tasks to queue
[2025-03-05T19:32:51.821+0000] {logging_mixin.py:154} INFO - [2025-03-05T19:32:51.820+0000] {dagbag.py:536} INFO - Filling up the DagBag from /home/airflow/.local/lib/python3.8/site-packages/airflow/example_dags/example_datasets.py
[2025-03-05T19:32:51.836+0000] {processor.py:839} INFO - DAG(s) dict_keys(['dataset_consumes_unknown_never_scheduled', 'dataset_produces_1', 'dataset_consumes_1_never_scheduled', 'dataset_produces_2', 'dataset_consumes_1', 'dataset_consumes_1_and_2']) retrieved from /home/airflow/.local/lib/python3.8/site-packages/airflow/example_dags/example_datasets.py
[2025-03-05T19:32:51.871+0000] {logging_mixin.py:154} INFO - [2025-03-05T19:32:51.871+0000] {dag.py:2941} INFO - Sync 6 DAGs
[2025-03-05T19:32:51.884+0000] {logging_mixin.py:154} INFO - [2025-03-05T19:32:51.884+0000] {dag.py:3722} INFO - Setting next_dagrun for dataset_consumes_1 to None, run_after=None
[2025-03-05T19:32:51.888+0000] {logging_mixin.py:154} INFO - [2025-03-05T19:32:51.888+0000] {dag.py:3722} INFO - Setting next_dagrun for dataset_consumes_1_and_2 to None, run_after=None
[2025-03-05T19:32:51.889+0000] {logging_mixin.py:154} INFO - [2025-03-05T19:32:51.889+0000] {dag.py:3722} INFO - Setting next_dagrun for dataset_consumes_1_never_scheduled to None, run_after=None
[2025-03-05T19:32:51.889+0000] {logging_mixin.py:154} INFO - [2025-03-05T19:32:51.889+0000] {dag.py:3722} INFO - Setting next_dagrun for dataset_consumes_unknown_never_scheduled to None, run_after=None
[2025-03-05T19:32:51.891+0000] {logging_mixin.py:154} INFO - [2025-03-05T19:32:51.891+0000] {dag.py:3722} INFO - Setting next_dagrun for dataset_produces_1 to 2025-03-04T00:00:00+00:00, run_after=2025-03-05T00:00:00+00:00
[2025-03-05T19:32:51.892+0000] {logging_mixin.py:154} INFO - [2025-03-05T19:32:51.892+0000] {dag.py:3722} INFO - Setting next_dagrun for dataset_produces_2 to None, run_after=None
[2025-03-05T19:32:51.913+0000] {processor.py:179} INFO - Processing /home/airflow/.local/lib/python3.8/site-packages/airflow/example_dags/example_datasets.py took 0.102 seconds
[2025-03-05T19:33:22.471+0000] {processor.py:157} INFO - Started process (PID=829) to work on /home/airflow/.local/lib/python3.8/site-packages/airflow/example_dags/example_datasets.py
[2025-03-05T19:33:22.472+0000] {processor.py:829} INFO - Processing file /home/airflow/.local/lib/python3.8/site-packages/airflow/example_dags/example_datasets.py for tasks to queue
[2025-03-05T19:33:22.474+0000] {logging_mixin.py:154} INFO - [2025-03-05T19:33:22.473+0000] {dagbag.py:536} INFO - Filling up the DagBag from /home/airflow/.local/lib/python3.8/site-packages/airflow/example_dags/example_datasets.py
[2025-03-05T19:33:22.481+0000] {processor.py:839} INFO - DAG(s) dict_keys(['dataset_consumes_1_and_2', 'dataset_consumes_1', 'dataset_consumes_unknown_never_scheduled', 'dataset_produces_2', 'dataset_consumes_1_never_scheduled', 'dataset_produces_1']) retrieved from /home/airflow/.local/lib/python3.8/site-packages/airflow/example_dags/example_datasets.py
[2025-03-05T19:33:22.507+0000] {logging_mixin.py:154} INFO - [2025-03-05T19:33:22.507+0000] {dag.py:2941} INFO - Sync 6 DAGs
[2025-03-05T19:33:22.518+0000] {logging_mixin.py:154} INFO - [2025-03-05T19:33:22.518+0000] {dag.py:3722} INFO - Setting next_dagrun for dataset_consumes_1 to None, run_after=None
[2025-03-05T19:33:22.521+0000] {logging_mixin.py:154} INFO - [2025-03-05T19:33:22.521+0000] {dag.py:3722} INFO - Setting next_dagrun for dataset_consumes_1_and_2 to None, run_after=None
[2025-03-05T19:33:22.522+0000] {logging_mixin.py:154} INFO - [2025-03-05T19:33:22.522+0000] {dag.py:3722} INFO - Setting next_dagrun for dataset_consumes_1_never_scheduled to None, run_after=None
[2025-03-05T19:33:22.523+0000] {logging_mixin.py:154} INFO - [2025-03-05T19:33:22.523+0000] {dag.py:3722} INFO - Setting next_dagrun for dataset_consumes_unknown_never_scheduled to None, run_after=None
[2025-03-05T19:33:22.524+0000] {logging_mixin.py:154} INFO - [2025-03-05T19:33:22.524+0000] {dag.py:3722} INFO - Setting next_dagrun for dataset_produces_1 to 2025-03-04T00:00:00+00:00, run_after=2025-03-05T00:00:00+00:00
[2025-03-05T19:33:22.524+0000] {logging_mixin.py:154} INFO - [2025-03-05T19:33:22.524+0000] {dag.py:3722} INFO - Setting next_dagrun for dataset_produces_2 to None, run_after=None
[2025-03-05T19:33:22.540+0000] {processor.py:179} INFO - Processing /home/airflow/.local/lib/python3.8/site-packages/airflow/example_dags/example_datasets.py took 0.073 seconds
[2025-03-05T19:33:53.065+0000] {processor.py:157} INFO - Started process (PID=885) to work on /home/airflow/.local/lib/python3.8/site-packages/airflow/example_dags/example_datasets.py
[2025-03-05T19:33:53.067+0000] {processor.py:829} INFO - Processing file /home/airflow/.local/lib/python3.8/site-packages/airflow/example_dags/example_datasets.py for tasks to queue
[2025-03-05T19:33:53.070+0000] {logging_mixin.py:154} INFO - [2025-03-05T19:33:53.069+0000] {dagbag.py:536} INFO - Filling up the DagBag from /home/airflow/.local/lib/python3.8/site-packages/airflow/example_dags/example_datasets.py
[2025-03-05T19:33:53.078+0000] {processor.py:839} INFO - DAG(s) dict_keys(['dataset_produces_2', 'dataset_consumes_1_never_scheduled', 'dataset_consumes_1', 'dataset_consumes_unknown_never_scheduled', 'dataset_produces_1', 'dataset_consumes_1_and_2']) retrieved from /home/airflow/.local/lib/python3.8/site-packages/airflow/example_dags/example_datasets.py
[2025-03-05T19:33:53.098+0000] {logging_mixin.py:154} INFO - [2025-03-05T19:33:53.098+0000] {dag.py:2941} INFO - Sync 6 DAGs
[2025-03-05T19:33:53.108+0000] {logging_mixin.py:154} INFO - [2025-03-05T19:33:53.108+0000] {dag.py:3722} INFO - Setting next_dagrun for dataset_consumes_1 to None, run_after=None
[2025-03-05T19:33:53.110+0000] {logging_mixin.py:154} INFO - [2025-03-05T19:33:53.110+0000] {dag.py:3722} INFO - Setting next_dagrun for dataset_consumes_1_and_2 to None, run_after=None
[2025-03-05T19:33:53.111+0000] {logging_mixin.py:154} INFO - [2025-03-05T19:33:53.111+0000] {dag.py:3722} INFO - Setting next_dagrun for dataset_consumes_1_never_scheduled to None, run_after=None
[2025-03-05T19:33:53.112+0000] {logging_mixin.py:154} INFO - [2025-03-05T19:33:53.112+0000] {dag.py:3722} INFO - Setting next_dagrun for dataset_consumes_unknown_never_scheduled to None, run_after=None
[2025-03-05T19:33:53.114+0000] {logging_mixin.py:154} INFO - [2025-03-05T19:33:53.114+0000] {dag.py:3722} INFO - Setting next_dagrun for dataset_produces_1 to 2025-03-04T00:00:00+00:00, run_after=2025-03-05T00:00:00+00:00
[2025-03-05T19:33:53.115+0000] {logging_mixin.py:154} INFO - [2025-03-05T19:33:53.114+0000] {dag.py:3722} INFO - Setting next_dagrun for dataset_produces_2 to None, run_after=None
[2025-03-05T19:33:53.129+0000] {processor.py:179} INFO - Processing /home/airflow/.local/lib/python3.8/site-packages/airflow/example_dags/example_datasets.py took 0.068 seconds
[2025-03-05T19:34:23.608+0000] {processor.py:157} INFO - Started process (PID=941) to work on /home/airflow/.local/lib/python3.8/site-packages/airflow/example_dags/example_datasets.py
[2025-03-05T19:34:23.609+0000] {processor.py:829} INFO - Processing file /home/airflow/.local/lib/python3.8/site-packages/airflow/example_dags/example_datasets.py for tasks to queue
[2025-03-05T19:34:23.610+0000] {logging_mixin.py:154} INFO - [2025-03-05T19:34:23.610+0000] {dagbag.py:536} INFO - Filling up the DagBag from /home/airflow/.local/lib/python3.8/site-packages/airflow/example_dags/example_datasets.py
[2025-03-05T19:34:23.617+0000] {processor.py:839} INFO - DAG(s) dict_keys(['dataset_produces_1', 'dataset_consumes_1_never_scheduled', 'dataset_consumes_1_and_2', 'dataset_consumes_unknown_never_scheduled', 'dataset_consumes_1', 'dataset_produces_2']) retrieved from /home/airflow/.local/lib/python3.8/site-packages/airflow/example_dags/example_datasets.py
[2025-03-05T19:34:23.642+0000] {logging_mixin.py:154} INFO - [2025-03-05T19:34:23.642+0000] {dag.py:2941} INFO - Sync 6 DAGs
[2025-03-05T19:34:23.656+0000] {logging_mixin.py:154} INFO - [2025-03-05T19:34:23.656+0000] {dag.py:3722} INFO - Setting next_dagrun for dataset_consumes_1 to None, run_after=None
[2025-03-05T19:34:23.658+0000] {logging_mixin.py:154} INFO - [2025-03-05T19:34:23.658+0000] {dag.py:3722} INFO - Setting next_dagrun for dataset_consumes_1_and_2 to None, run_after=None
[2025-03-05T19:34:23.660+0000] {logging_mixin.py:154} INFO - [2025-03-05T19:34:23.660+0000] {dag.py:3722} INFO - Setting next_dagrun for dataset_consumes_1_never_scheduled to None, run_after=None
[2025-03-05T19:34:23.661+0000] {logging_mixin.py:154} INFO - [2025-03-05T19:34:23.661+0000] {dag.py:3722} INFO - Setting next_dagrun for dataset_consumes_unknown_never_scheduled to None, run_after=None
[2025-03-05T19:34:23.663+0000] {logging_mixin.py:154} INFO - [2025-03-05T19:34:23.663+0000] {dag.py:3722} INFO - Setting next_dagrun for dataset_produces_1 to 2025-03-04T00:00:00+00:00, run_after=2025-03-05T00:00:00+00:00
[2025-03-05T19:34:23.664+0000] {logging_mixin.py:154} INFO - [2025-03-05T19:34:23.664+0000] {dag.py:3722} INFO - Setting next_dagrun for dataset_produces_2 to None, run_after=None
[2025-03-05T19:34:23.685+0000] {processor.py:179} INFO - Processing /home/airflow/.local/lib/python3.8/site-packages/airflow/example_dags/example_datasets.py took 0.080 seconds
[2025-03-05T19:34:54.260+0000] {processor.py:157} INFO - Started process (PID=997) to work on /home/airflow/.local/lib/python3.8/site-packages/airflow/example_dags/example_datasets.py
[2025-03-05T19:34:54.261+0000] {processor.py:829} INFO - Processing file /home/airflow/.local/lib/python3.8/site-packages/airflow/example_dags/example_datasets.py for tasks to queue
[2025-03-05T19:34:54.264+0000] {logging_mixin.py:154} INFO - [2025-03-05T19:34:54.264+0000] {dagbag.py:536} INFO - Filling up the DagBag from /home/airflow/.local/lib/python3.8/site-packages/airflow/example_dags/example_datasets.py
[2025-03-05T19:34:54.277+0000] {processor.py:839} INFO - DAG(s) dict_keys(['dataset_produces_1', 'dataset_consumes_1', 'dataset_consumes_1_and_2', 'dataset_produces_2', 'dataset_consumes_1_never_scheduled', 'dataset_consumes_unknown_never_scheduled']) retrieved from /home/airflow/.local/lib/python3.8/site-packages/airflow/example_dags/example_datasets.py
[2025-03-05T19:34:54.303+0000] {logging_mixin.py:154} INFO - [2025-03-05T19:34:54.303+0000] {dag.py:2941} INFO - Sync 6 DAGs
[2025-03-05T19:34:54.313+0000] {logging_mixin.py:154} INFO - [2025-03-05T19:34:54.313+0000] {dag.py:3722} INFO - Setting next_dagrun for dataset_consumes_1 to None, run_after=None
[2025-03-05T19:34:54.314+0000] {logging_mixin.py:154} INFO - [2025-03-05T19:34:54.314+0000] {dag.py:3722} INFO - Setting next_dagrun for dataset_consumes_1_and_2 to None, run_after=None
[2025-03-05T19:34:54.315+0000] {logging_mixin.py:154} INFO - [2025-03-05T19:34:54.315+0000] {dag.py:3722} INFO - Setting next_dagrun for dataset_consumes_1_never_scheduled to None, run_after=None
[2025-03-05T19:34:54.317+0000] {logging_mixin.py:154} INFO - [2025-03-05T19:34:54.317+0000] {dag.py:3722} INFO - Setting next_dagrun for dataset_consumes_unknown_never_scheduled to None, run_after=None
[2025-03-05T19:34:54.319+0000] {logging_mixin.py:154} INFO - [2025-03-05T19:34:54.319+0000] {dag.py:3722} INFO - Setting next_dagrun for dataset_produces_1 to 2025-03-04T00:00:00+00:00, run_after=2025-03-05T00:00:00+00:00
[2025-03-05T19:34:54.319+0000] {logging_mixin.py:154} INFO - [2025-03-05T19:34:54.319+0000] {dag.py:3722} INFO - Setting next_dagrun for dataset_produces_2 to None, run_after=None
[2025-03-05T19:34:54.333+0000] {processor.py:179} INFO - Processing /home/airflow/.local/lib/python3.8/site-packages/airflow/example_dags/example_datasets.py took 0.080 seconds
[2025-03-05T19:35:24.928+0000] {processor.py:157} INFO - Started process (PID=1053) to work on /home/airflow/.local/lib/python3.8/site-packages/airflow/example_dags/example_datasets.py
[2025-03-05T19:35:24.929+0000] {processor.py:829} INFO - Processing file /home/airflow/.local/lib/python3.8/site-packages/airflow/example_dags/example_datasets.py for tasks to queue
[2025-03-05T19:35:24.930+0000] {logging_mixin.py:154} INFO - [2025-03-05T19:35:24.930+0000] {dagbag.py:536} INFO - Filling up the DagBag from /home/airflow/.local/lib/python3.8/site-packages/airflow/example_dags/example_datasets.py
[2025-03-05T19:35:24.938+0000] {processor.py:839} INFO - DAG(s) dict_keys(['dataset_consumes_1_and_2', 'dataset_produces_1', 'dataset_consumes_1_never_scheduled', 'dataset_consumes_unknown_never_scheduled', 'dataset_consumes_1', 'dataset_produces_2']) retrieved from /home/airflow/.local/lib/python3.8/site-packages/airflow/example_dags/example_datasets.py
[2025-03-05T19:35:24.957+0000] {logging_mixin.py:154} INFO - [2025-03-05T19:35:24.957+0000] {dag.py:2941} INFO - Sync 6 DAGs
[2025-03-05T19:35:24.968+0000] {logging_mixin.py:154} INFO - [2025-03-05T19:35:24.967+0000] {dag.py:3722} INFO - Setting next_dagrun for dataset_consumes_1 to None, run_after=None
[2025-03-05T19:35:24.970+0000] {logging_mixin.py:154} INFO - [2025-03-05T19:35:24.969+0000] {dag.py:3722} INFO - Setting next_dagrun for dataset_consumes_1_and_2 to None, run_after=None
[2025-03-05T19:35:24.971+0000] {logging_mixin.py:154} INFO - [2025-03-05T19:35:24.971+0000] {dag.py:3722} INFO - Setting next_dagrun for dataset_consumes_1_never_scheduled to None, run_after=None
[2025-03-05T19:35:24.971+0000] {logging_mixin.py:154} INFO - [2025-03-05T19:35:24.971+0000] {dag.py:3722} INFO - Setting next_dagrun for dataset_consumes_unknown_never_scheduled to None, run_after=None
[2025-03-05T19:35:24.972+0000] {logging_mixin.py:154} INFO - [2025-03-05T19:35:24.972+0000] {dag.py:3722} INFO - Setting next_dagrun for dataset_produces_1 to 2025-03-04T00:00:00+00:00, run_after=2025-03-05T00:00:00+00:00
[2025-03-05T19:35:24.973+0000] {logging_mixin.py:154} INFO - [2025-03-05T19:35:24.973+0000] {dag.py:3722} INFO - Setting next_dagrun for dataset_produces_2 to None, run_after=None
[2025-03-05T19:35:24.987+0000] {processor.py:179} INFO - Processing /home/airflow/.local/lib/python3.8/site-packages/airflow/example_dags/example_datasets.py took 0.062 seconds
[2025-03-05T19:35:55.536+0000] {processor.py:157} INFO - Started process (PID=1109) to work on /home/airflow/.local/lib/python3.8/site-packages/airflow/example_dags/example_datasets.py
[2025-03-05T19:35:55.537+0000] {processor.py:829} INFO - Processing file /home/airflow/.local/lib/python3.8/site-packages/airflow/example_dags/example_datasets.py for tasks to queue
[2025-03-05T19:35:55.539+0000] {logging_mixin.py:154} INFO - [2025-03-05T19:35:55.539+0000] {dagbag.py:536} INFO - Filling up the DagBag from /home/airflow/.local/lib/python3.8/site-packages/airflow/example_dags/example_datasets.py
[2025-03-05T19:35:55.549+0000] {processor.py:839} INFO - DAG(s) dict_keys(['dataset_consumes_unknown_never_scheduled', 'dataset_consumes_1', 'dataset_produces_2', 'dataset_consumes_1_and_2', 'dataset_produces_1', 'dataset_consumes_1_never_scheduled']) retrieved from /home/airflow/.local/lib/python3.8/site-packages/airflow/example_dags/example_datasets.py
[2025-03-05T19:35:55.572+0000] {logging_mixin.py:154} INFO - [2025-03-05T19:35:55.572+0000] {dag.py:2941} INFO - Sync 6 DAGs
[2025-03-05T19:35:55.582+0000] {logging_mixin.py:154} INFO - [2025-03-05T19:35:55.582+0000] {dag.py:3722} INFO - Setting next_dagrun for dataset_consumes_1 to None, run_after=None
[2025-03-05T19:35:55.585+0000] {logging_mixin.py:154} INFO - [2025-03-05T19:35:55.585+0000] {dag.py:3722} INFO - Setting next_dagrun for dataset_consumes_1_and_2 to None, run_after=None
[2025-03-05T19:35:55.588+0000] {logging_mixin.py:154} INFO - [2025-03-05T19:35:55.588+0000] {dag.py:3722} INFO - Setting next_dagrun for dataset_consumes_1_never_scheduled to None, run_after=None
[2025-03-05T19:35:55.589+0000] {logging_mixin.py:154} INFO - [2025-03-05T19:35:55.589+0000] {dag.py:3722} INFO - Setting next_dagrun for dataset_consumes_unknown_never_scheduled to None, run_after=None
[2025-03-05T19:35:55.590+0000] {logging_mixin.py:154} INFO - [2025-03-05T19:35:55.590+0000] {dag.py:3722} INFO - Setting next_dagrun for dataset_produces_1 to 2025-03-04T00:00:00+00:00, run_after=2025-03-05T00:00:00+00:00
[2025-03-05T19:35:55.590+0000] {logging_mixin.py:154} INFO - [2025-03-05T19:35:55.590+0000] {dag.py:3722} INFO - Setting next_dagrun for dataset_produces_2 to None, run_after=None
[2025-03-05T19:35:55.608+0000] {processor.py:179} INFO - Processing /home/airflow/.local/lib/python3.8/site-packages/airflow/example_dags/example_datasets.py took 0.076 seconds
[2025-03-05T19:36:26.105+0000] {processor.py:157} INFO - Started process (PID=1165) to work on /home/airflow/.local/lib/python3.8/site-packages/airflow/example_dags/example_datasets.py
[2025-03-05T19:36:26.106+0000] {processor.py:829} INFO - Processing file /home/airflow/.local/lib/python3.8/site-packages/airflow/example_dags/example_datasets.py for tasks to queue
[2025-03-05T19:36:26.107+0000] {logging_mixin.py:154} INFO - [2025-03-05T19:36:26.107+0000] {dagbag.py:536} INFO - Filling up the DagBag from /home/airflow/.local/lib/python3.8/site-packages/airflow/example_dags/example_datasets.py
[2025-03-05T19:36:26.114+0000] {processor.py:839} INFO - DAG(s) dict_keys(['dataset_produces_1', 'dataset_consumes_unknown_never_scheduled', 'dataset_produces_2', 'dataset_consumes_1_never_scheduled', 'dataset_consumes_1_and_2', 'dataset_consumes_1']) retrieved from /home/airflow/.local/lib/python3.8/site-packages/airflow/example_dags/example_datasets.py
[2025-03-05T19:36:26.139+0000] {logging_mixin.py:154} INFO - [2025-03-05T19:36:26.139+0000] {dag.py:2941} INFO - Sync 6 DAGs
[2025-03-05T19:36:26.154+0000] {logging_mixin.py:154} INFO - [2025-03-05T19:36:26.154+0000] {dag.py:3722} INFO - Setting next_dagrun for dataset_consumes_1 to None, run_after=None
[2025-03-05T19:36:26.156+0000] {logging_mixin.py:154} INFO - [2025-03-05T19:36:26.156+0000] {dag.py:3722} INFO - Setting next_dagrun for dataset_consumes_1_and_2 to None, run_after=None
[2025-03-05T19:36:26.157+0000] {logging_mixin.py:154} INFO - [2025-03-05T19:36:26.157+0000] {dag.py:3722} INFO - Setting next_dagrun for dataset_consumes_1_never_scheduled to None, run_after=None
[2025-03-05T19:36:26.158+0000] {logging_mixin.py:154} INFO - [2025-03-05T19:36:26.158+0000] {dag.py:3722} INFO - Setting next_dagrun for dataset_consumes_unknown_never_scheduled to None, run_after=None
[2025-03-05T19:36:26.160+0000] {logging_mixin.py:154} INFO - [2025-03-05T19:36:26.160+0000] {dag.py:3722} INFO - Setting next_dagrun for dataset_produces_1 to 2025-03-04T00:00:00+00:00, run_after=2025-03-05T00:00:00+00:00
[2025-03-05T19:36:26.161+0000] {logging_mixin.py:154} INFO - [2025-03-05T19:36:26.161+0000] {dag.py:3722} INFO - Setting next_dagrun for dataset_produces_2 to None, run_after=None
[2025-03-05T19:36:26.177+0000] {processor.py:179} INFO - Processing /home/airflow/.local/lib/python3.8/site-packages/airflow/example_dags/example_datasets.py took 0.076 seconds
[2025-03-05T19:36:56.698+0000] {processor.py:157} INFO - Started process (PID=1221) to work on /home/airflow/.local/lib/python3.8/site-packages/airflow/example_dags/example_datasets.py
[2025-03-05T19:36:56.699+0000] {processor.py:829} INFO - Processing file /home/airflow/.local/lib/python3.8/site-packages/airflow/example_dags/example_datasets.py for tasks to queue
[2025-03-05T19:36:56.701+0000] {logging_mixin.py:154} INFO - [2025-03-05T19:36:56.701+0000] {dagbag.py:536} INFO - Filling up the DagBag from /home/airflow/.local/lib/python3.8/site-packages/airflow/example_dags/example_datasets.py
[2025-03-05T19:36:56.713+0000] {processor.py:839} INFO - DAG(s) dict_keys(['dataset_produces_2', 'dataset_consumes_1', 'dataset_produces_1', 'dataset_consumes_1_and_2', 'dataset_consumes_unknown_never_scheduled', 'dataset_consumes_1_never_scheduled']) retrieved from /home/airflow/.local/lib/python3.8/site-packages/airflow/example_dags/example_datasets.py
[2025-03-05T19:36:56.735+0000] {logging_mixin.py:154} INFO - [2025-03-05T19:36:56.735+0000] {dag.py:2941} INFO - Sync 6 DAGs
[2025-03-05T19:36:56.745+0000] {logging_mixin.py:154} INFO - [2025-03-05T19:36:56.745+0000] {dag.py:3722} INFO - Setting next_dagrun for dataset_consumes_1 to None, run_after=None
[2025-03-05T19:36:56.747+0000] {logging_mixin.py:154} INFO - [2025-03-05T19:36:56.747+0000] {dag.py:3722} INFO - Setting next_dagrun for dataset_consumes_1_and_2 to None, run_after=None
[2025-03-05T19:36:56.747+0000] {logging_mixin.py:154} INFO - [2025-03-05T19:36:56.747+0000] {dag.py:3722} INFO - Setting next_dagrun for dataset_consumes_1_never_scheduled to None, run_after=None
[2025-03-05T19:36:56.748+0000] {logging_mixin.py:154} INFO - [2025-03-05T19:36:56.748+0000] {dag.py:3722} INFO - Setting next_dagrun for dataset_consumes_unknown_never_scheduled to None, run_after=None
[2025-03-05T19:36:56.749+0000] {logging_mixin.py:154} INFO - [2025-03-05T19:36:56.749+0000] {dag.py:3722} INFO - Setting next_dagrun for dataset_produces_1 to 2025-03-04T00:00:00+00:00, run_after=2025-03-05T00:00:00+00:00
[2025-03-05T19:36:56.749+0000] {logging_mixin.py:154} INFO - [2025-03-05T19:36:56.749+0000] {dag.py:3722} INFO - Setting next_dagrun for dataset_produces_2 to None, run_after=None
[2025-03-05T19:36:56.765+0000] {processor.py:179} INFO - Processing /home/airflow/.local/lib/python3.8/site-packages/airflow/example_dags/example_datasets.py took 0.072 seconds
[2025-03-05T19:37:27.252+0000] {processor.py:157} INFO - Started process (PID=1277) to work on /home/airflow/.local/lib/python3.8/site-packages/airflow/example_dags/example_datasets.py
[2025-03-05T19:37:27.253+0000] {processor.py:829} INFO - Processing file /home/airflow/.local/lib/python3.8/site-packages/airflow/example_dags/example_datasets.py for tasks to queue
[2025-03-05T19:37:27.255+0000] {logging_mixin.py:154} INFO - [2025-03-05T19:37:27.255+0000] {dagbag.py:536} INFO - Filling up the DagBag from /home/airflow/.local/lib/python3.8/site-packages/airflow/example_dags/example_datasets.py
[2025-03-05T19:37:27.264+0000] {processor.py:839} INFO - DAG(s) dict_keys(['dataset_consumes_1_never_scheduled', 'dataset_produces_1', 'dataset_consumes_1', 'dataset_consumes_unknown_never_scheduled', 'dataset_consumes_1_and_2', 'dataset_produces_2']) retrieved from /home/airflow/.local/lib/python3.8/site-packages/airflow/example_dags/example_datasets.py
[2025-03-05T19:37:27.286+0000] {logging_mixin.py:154} INFO - [2025-03-05T19:37:27.286+0000] {dag.py:2941} INFO - Sync 6 DAGs
[2025-03-05T19:37:27.297+0000] {logging_mixin.py:154} INFO - [2025-03-05T19:37:27.297+0000] {dag.py:3722} INFO - Setting next_dagrun for dataset_consumes_1 to None, run_after=None
[2025-03-05T19:37:27.298+0000] {logging_mixin.py:154} INFO - [2025-03-05T19:37:27.298+0000] {dag.py:3722} INFO - Setting next_dagrun for dataset_consumes_1_and_2 to None, run_after=None
[2025-03-05T19:37:27.299+0000] {logging_mixin.py:154} INFO - [2025-03-05T19:37:27.299+0000] {dag.py:3722} INFO - Setting next_dagrun for dataset_consumes_1_never_scheduled to None, run_after=None
[2025-03-05T19:37:27.300+0000] {logging_mixin.py:154} INFO - [2025-03-05T19:37:27.300+0000] {dag.py:3722} INFO - Setting next_dagrun for dataset_consumes_unknown_never_scheduled to None, run_after=None
[2025-03-05T19:37:27.302+0000] {logging_mixin.py:154} INFO - [2025-03-05T19:37:27.302+0000] {dag.py:3722} INFO - Setting next_dagrun for dataset_produces_1 to 2025-03-04T00:00:00+00:00, run_after=2025-03-05T00:00:00+00:00
[2025-03-05T19:37:27.303+0000] {logging_mixin.py:154} INFO - [2025-03-05T19:37:27.303+0000] {dag.py:3722} INFO - Setting next_dagrun for dataset_produces_2 to None, run_after=None
[2025-03-05T19:37:27.318+0000] {processor.py:179} INFO - Processing /home/airflow/.local/lib/python3.8/site-packages/airflow/example_dags/example_datasets.py took 0.070 seconds
[2025-03-05T19:37:57.849+0000] {processor.py:157} INFO - Started process (PID=1333) to work on /home/airflow/.local/lib/python3.8/site-packages/airflow/example_dags/example_datasets.py
[2025-03-05T19:37:57.850+0000] {processor.py:829} INFO - Processing file /home/airflow/.local/lib/python3.8/site-packages/airflow/example_dags/example_datasets.py for tasks to queue
[2025-03-05T19:37:57.852+0000] {logging_mixin.py:154} INFO - [2025-03-05T19:37:57.852+0000] {dagbag.py:536} INFO - Filling up the DagBag from /home/airflow/.local/lib/python3.8/site-packages/airflow/example_dags/example_datasets.py
[2025-03-05T19:37:57.862+0000] {processor.py:839} INFO - DAG(s) dict_keys(['dataset_consumes_1_and_2', 'dataset_produces_2', 'dataset_produces_1', 'dataset_consumes_1_never_scheduled', 'dataset_consumes_1', 'dataset_consumes_unknown_never_scheduled']) retrieved from /home/airflow/.local/lib/python3.8/site-packages/airflow/example_dags/example_datasets.py
[2025-03-05T19:37:57.886+0000] {logging_mixin.py:154} INFO - [2025-03-05T19:37:57.885+0000] {dag.py:2941} INFO - Sync 6 DAGs
[2025-03-05T19:37:57.897+0000] {logging_mixin.py:154} INFO - [2025-03-05T19:37:57.897+0000] {dag.py:3722} INFO - Setting next_dagrun for dataset_consumes_1 to None, run_after=None
[2025-03-05T19:37:57.898+0000] {logging_mixin.py:154} INFO - [2025-03-05T19:37:57.898+0000] {dag.py:3722} INFO - Setting next_dagrun for dataset_consumes_1_and_2 to None, run_after=None
[2025-03-05T19:37:57.900+0000] {logging_mixin.py:154} INFO - [2025-03-05T19:37:57.900+0000] {dag.py:3722} INFO - Setting next_dagrun for dataset_consumes_1_never_scheduled to None, run_after=None
[2025-03-05T19:37:57.900+0000] {logging_mixin.py:154} INFO - [2025-03-05T19:37:57.900+0000] {dag.py:3722} INFO - Setting next_dagrun for dataset_consumes_unknown_never_scheduled to None, run_after=None
[2025-03-05T19:37:57.901+0000] {logging_mixin.py:154} INFO - [2025-03-05T19:37:57.901+0000] {dag.py:3722} INFO - Setting next_dagrun for dataset_produces_1 to 2025-03-04T00:00:00+00:00, run_after=2025-03-05T00:00:00+00:00
[2025-03-05T19:37:57.902+0000] {logging_mixin.py:154} INFO - [2025-03-05T19:37:57.902+0000] {dag.py:3722} INFO - Setting next_dagrun for dataset_produces_2 to None, run_after=None
[2025-03-05T19:37:57.915+0000] {processor.py:179} INFO - Processing /home/airflow/.local/lib/python3.8/site-packages/airflow/example_dags/example_datasets.py took 0.070 seconds
[2025-03-05T19:38:28.395+0000] {processor.py:157} INFO - Started process (PID=1389) to work on /home/airflow/.local/lib/python3.8/site-packages/airflow/example_dags/example_datasets.py
[2025-03-05T19:38:28.396+0000] {processor.py:829} INFO - Processing file /home/airflow/.local/lib/python3.8/site-packages/airflow/example_dags/example_datasets.py for tasks to queue
[2025-03-05T19:38:28.400+0000] {logging_mixin.py:154} INFO - [2025-03-05T19:38:28.400+0000] {dagbag.py:536} INFO - Filling up the DagBag from /home/airflow/.local/lib/python3.8/site-packages/airflow/example_dags/example_datasets.py
[2025-03-05T19:38:28.411+0000] {processor.py:839} INFO - DAG(s) dict_keys(['dataset_consumes_1_never_scheduled', 'dataset_consumes_1_and_2', 'dataset_produces_2', 'dataset_consumes_unknown_never_scheduled', 'dataset_consumes_1', 'dataset_produces_1']) retrieved from /home/airflow/.local/lib/python3.8/site-packages/airflow/example_dags/example_datasets.py
[2025-03-05T19:38:28.428+0000] {logging_mixin.py:154} INFO - [2025-03-05T19:38:28.428+0000] {dag.py:2941} INFO - Sync 6 DAGs
[2025-03-05T19:38:28.440+0000] {logging_mixin.py:154} INFO - [2025-03-05T19:38:28.440+0000] {dag.py:3722} INFO - Setting next_dagrun for dataset_consumes_1 to None, run_after=None
[2025-03-05T19:38:28.442+0000] {logging_mixin.py:154} INFO - [2025-03-05T19:38:28.442+0000] {dag.py:3722} INFO - Setting next_dagrun for dataset_consumes_1_and_2 to None, run_after=None
[2025-03-05T19:38:28.442+0000] {logging_mixin.py:154} INFO - [2025-03-05T19:38:28.442+0000] {dag.py:3722} INFO - Setting next_dagrun for dataset_consumes_1_never_scheduled to None, run_after=None
[2025-03-05T19:38:28.443+0000] {logging_mixin.py:154} INFO - [2025-03-05T19:38:28.443+0000] {dag.py:3722} INFO - Setting next_dagrun for dataset_consumes_unknown_never_scheduled to None, run_after=None
[2025-03-05T19:38:28.444+0000] {logging_mixin.py:154} INFO - [2025-03-05T19:38:28.444+0000] {dag.py:3722} INFO - Setting next_dagrun for dataset_produces_1 to 2025-03-04T00:00:00+00:00, run_after=2025-03-05T00:00:00+00:00
[2025-03-05T19:38:28.444+0000] {logging_mixin.py:154} INFO - [2025-03-05T19:38:28.444+0000] {dag.py:3722} INFO - Setting next_dagrun for dataset_produces_2 to None, run_after=None
[2025-03-05T19:38:28.459+0000] {processor.py:179} INFO - Processing /home/airflow/.local/lib/python3.8/site-packages/airflow/example_dags/example_datasets.py took 0.068 seconds
[2025-03-05T19:38:58.912+0000] {processor.py:157} INFO - Started process (PID=1445) to work on /home/airflow/.local/lib/python3.8/site-packages/airflow/example_dags/example_datasets.py
[2025-03-05T19:38:58.913+0000] {processor.py:829} INFO - Processing file /home/airflow/.local/lib/python3.8/site-packages/airflow/example_dags/example_datasets.py for tasks to queue
[2025-03-05T19:38:58.915+0000] {logging_mixin.py:154} INFO - [2025-03-05T19:38:58.915+0000] {dagbag.py:536} INFO - Filling up the DagBag from /home/airflow/.local/lib/python3.8/site-packages/airflow/example_dags/example_datasets.py
[2025-03-05T19:38:58.923+0000] {processor.py:839} INFO - DAG(s) dict_keys(['dataset_consumes_1', 'dataset_consumes_1_and_2', 'dataset_consumes_1_never_scheduled', 'dataset_produces_2', 'dataset_consumes_unknown_never_scheduled', 'dataset_produces_1']) retrieved from /home/airflow/.local/lib/python3.8/site-packages/airflow/example_dags/example_datasets.py
[2025-03-05T19:38:58.945+0000] {logging_mixin.py:154} INFO - [2025-03-05T19:38:58.944+0000] {dag.py:2941} INFO - Sync 6 DAGs
[2025-03-05T19:38:58.954+0000] {logging_mixin.py:154} INFO - [2025-03-05T19:38:58.954+0000] {dag.py:3722} INFO - Setting next_dagrun for dataset_consumes_1 to None, run_after=None
[2025-03-05T19:38:58.957+0000] {logging_mixin.py:154} INFO - [2025-03-05T19:38:58.957+0000] {dag.py:3722} INFO - Setting next_dagrun for dataset_consumes_1_and_2 to None, run_after=None
[2025-03-05T19:38:58.957+0000] {logging_mixin.py:154} INFO - [2025-03-05T19:38:58.957+0000] {dag.py:3722} INFO - Setting next_dagrun for dataset_consumes_1_never_scheduled to None, run_after=None
[2025-03-05T19:38:58.958+0000] {logging_mixin.py:154} INFO - [2025-03-05T19:38:58.958+0000] {dag.py:3722} INFO - Setting next_dagrun for dataset_consumes_unknown_never_scheduled to None, run_after=None
[2025-03-05T19:38:58.960+0000] {logging_mixin.py:154} INFO - [2025-03-05T19:38:58.960+0000] {dag.py:3722} INFO - Setting next_dagrun for dataset_produces_1 to 2025-03-04T00:00:00+00:00, run_after=2025-03-05T00:00:00+00:00
[2025-03-05T19:38:58.961+0000] {logging_mixin.py:154} INFO - [2025-03-05T19:38:58.961+0000] {dag.py:3722} INFO - Setting next_dagrun for dataset_produces_2 to None, run_after=None
[2025-03-05T19:38:58.977+0000] {processor.py:179} INFO - Processing /home/airflow/.local/lib/python3.8/site-packages/airflow/example_dags/example_datasets.py took 0.069 seconds
[2025-03-05T19:39:29.461+0000] {processor.py:157} INFO - Started process (PID=1501) to work on /home/airflow/.local/lib/python3.8/site-packages/airflow/example_dags/example_datasets.py
[2025-03-05T19:39:29.462+0000] {processor.py:829} INFO - Processing file /home/airflow/.local/lib/python3.8/site-packages/airflow/example_dags/example_datasets.py for tasks to queue
[2025-03-05T19:39:29.464+0000] {logging_mixin.py:154} INFO - [2025-03-05T19:39:29.464+0000] {dagbag.py:536} INFO - Filling up the DagBag from /home/airflow/.local/lib/python3.8/site-packages/airflow/example_dags/example_datasets.py
[2025-03-05T19:39:29.474+0000] {processor.py:839} INFO - DAG(s) dict_keys(['dataset_consumes_1_and_2', 'dataset_consumes_unknown_never_scheduled', 'dataset_consumes_1', 'dataset_produces_2', 'dataset_consumes_1_never_scheduled', 'dataset_produces_1']) retrieved from /home/airflow/.local/lib/python3.8/site-packages/airflow/example_dags/example_datasets.py
[2025-03-05T19:39:29.500+0000] {logging_mixin.py:154} INFO - [2025-03-05T19:39:29.500+0000] {dag.py:2941} INFO - Sync 6 DAGs
[2025-03-05T19:39:29.513+0000] {logging_mixin.py:154} INFO - [2025-03-05T19:39:29.513+0000] {dag.py:3722} INFO - Setting next_dagrun for dataset_consumes_1 to None, run_after=None
[2025-03-05T19:39:29.514+0000] {logging_mixin.py:154} INFO - [2025-03-05T19:39:29.514+0000] {dag.py:3722} INFO - Setting next_dagrun for dataset_consumes_1_and_2 to None, run_after=None
[2025-03-05T19:39:29.516+0000] {logging_mixin.py:154} INFO - [2025-03-05T19:39:29.516+0000] {dag.py:3722} INFO - Setting next_dagrun for dataset_consumes_1_never_scheduled to None, run_after=None
[2025-03-05T19:39:29.518+0000] {logging_mixin.py:154} INFO - [2025-03-05T19:39:29.518+0000] {dag.py:3722} INFO - Setting next_dagrun for dataset_consumes_unknown_never_scheduled to None, run_after=None
[2025-03-05T19:39:29.519+0000] {logging_mixin.py:154} INFO - [2025-03-05T19:39:29.519+0000] {dag.py:3722} INFO - Setting next_dagrun for dataset_produces_1 to 2025-03-04T00:00:00+00:00, run_after=2025-03-05T00:00:00+00:00
[2025-03-05T19:39:29.520+0000] {logging_mixin.py:154} INFO - [2025-03-05T19:39:29.520+0000] {dag.py:3722} INFO - Setting next_dagrun for dataset_produces_2 to None, run_after=None
[2025-03-05T19:39:29.534+0000] {processor.py:179} INFO - Processing /home/airflow/.local/lib/python3.8/site-packages/airflow/example_dags/example_datasets.py took 0.076 seconds
[2025-03-05T19:39:59.978+0000] {processor.py:157} INFO - Started process (PID=1557) to work on /home/airflow/.local/lib/python3.8/site-packages/airflow/example_dags/example_datasets.py
[2025-03-05T19:39:59.979+0000] {processor.py:829} INFO - Processing file /home/airflow/.local/lib/python3.8/site-packages/airflow/example_dags/example_datasets.py for tasks to queue
[2025-03-05T19:39:59.981+0000] {logging_mixin.py:154} INFO - [2025-03-05T19:39:59.980+0000] {dagbag.py:536} INFO - Filling up the DagBag from /home/airflow/.local/lib/python3.8/site-packages/airflow/example_dags/example_datasets.py
[2025-03-05T19:39:59.989+0000] {processor.py:839} INFO - DAG(s) dict_keys(['dataset_consumes_1_and_2', 'dataset_consumes_1', 'dataset_consumes_1_never_scheduled', 'dataset_produces_2', 'dataset_produces_1', 'dataset_consumes_unknown_never_scheduled']) retrieved from /home/airflow/.local/lib/python3.8/site-packages/airflow/example_dags/example_datasets.py
[2025-03-05T19:40:00.007+0000] {logging_mixin.py:154} INFO - [2025-03-05T19:40:00.007+0000] {dag.py:2941} INFO - Sync 6 DAGs
[2025-03-05T19:40:00.020+0000] {logging_mixin.py:154} INFO - [2025-03-05T19:40:00.019+0000] {dag.py:3722} INFO - Setting next_dagrun for dataset_consumes_1 to None, run_after=None
[2025-03-05T19:40:00.022+0000] {logging_mixin.py:154} INFO - [2025-03-05T19:40:00.021+0000] {dag.py:3722} INFO - Setting next_dagrun for dataset_consumes_1_and_2 to None, run_after=None
[2025-03-05T19:40:00.022+0000] {logging_mixin.py:154} INFO - [2025-03-05T19:40:00.022+0000] {dag.py:3722} INFO - Setting next_dagrun for dataset_consumes_1_never_scheduled to None, run_after=None
[2025-03-05T19:40:00.023+0000] {logging_mixin.py:154} INFO - [2025-03-05T19:40:00.023+0000] {dag.py:3722} INFO - Setting next_dagrun for dataset_consumes_unknown_never_scheduled to None, run_after=None
[2025-03-05T19:40:00.024+0000] {logging_mixin.py:154} INFO - [2025-03-05T19:40:00.024+0000] {dag.py:3722} INFO - Setting next_dagrun for dataset_produces_1 to 2025-03-04T00:00:00+00:00, run_after=2025-03-05T00:00:00+00:00
[2025-03-05T19:40:00.027+0000] {logging_mixin.py:154} INFO - [2025-03-05T19:40:00.026+0000] {dag.py:3722} INFO - Setting next_dagrun for dataset_produces_2 to None, run_after=None
[2025-03-05T19:40:00.038+0000] {processor.py:179} INFO - Processing /home/airflow/.local/lib/python3.8/site-packages/airflow/example_dags/example_datasets.py took 0.063 seconds
[2025-03-05T19:40:30.585+0000] {processor.py:157} INFO - Started process (PID=1613) to work on /home/airflow/.local/lib/python3.8/site-packages/airflow/example_dags/example_datasets.py
[2025-03-05T19:40:30.586+0000] {processor.py:829} INFO - Processing file /home/airflow/.local/lib/python3.8/site-packages/airflow/example_dags/example_datasets.py for tasks to queue
[2025-03-05T19:40:30.588+0000] {logging_mixin.py:154} INFO - [2025-03-05T19:40:30.588+0000] {dagbag.py:536} INFO - Filling up the DagBag from /home/airflow/.local/lib/python3.8/site-packages/airflow/example_dags/example_datasets.py
[2025-03-05T19:40:30.596+0000] {processor.py:839} INFO - DAG(s) dict_keys(['dataset_consumes_1', 'dataset_produces_2', 'dataset_consumes_1_never_scheduled', 'dataset_produces_1', 'dataset_consumes_1_and_2', 'dataset_consumes_unknown_never_scheduled']) retrieved from /home/airflow/.local/lib/python3.8/site-packages/airflow/example_dags/example_datasets.py
[2025-03-05T19:40:30.621+0000] {logging_mixin.py:154} INFO - [2025-03-05T19:40:30.621+0000] {dag.py:2941} INFO - Sync 6 DAGs
[2025-03-05T19:40:30.633+0000] {logging_mixin.py:154} INFO - [2025-03-05T19:40:30.633+0000] {dag.py:3722} INFO - Setting next_dagrun for dataset_consumes_1 to None, run_after=None
[2025-03-05T19:40:30.635+0000] {logging_mixin.py:154} INFO - [2025-03-05T19:40:30.635+0000] {dag.py:3722} INFO - Setting next_dagrun for dataset_consumes_1_and_2 to None, run_after=None
[2025-03-05T19:40:30.636+0000] {logging_mixin.py:154} INFO - [2025-03-05T19:40:30.636+0000] {dag.py:3722} INFO - Setting next_dagrun for dataset_consumes_1_never_scheduled to None, run_after=None
[2025-03-05T19:40:30.638+0000] {logging_mixin.py:154} INFO - [2025-03-05T19:40:30.638+0000] {dag.py:3722} INFO - Setting next_dagrun for dataset_consumes_unknown_never_scheduled to None, run_after=None
[2025-03-05T19:40:30.639+0000] {logging_mixin.py:154} INFO - [2025-03-05T19:40:30.639+0000] {dag.py:3722} INFO - Setting next_dagrun for dataset_produces_1 to 2025-03-04T00:00:00+00:00, run_after=2025-03-05T00:00:00+00:00
[2025-03-05T19:40:30.640+0000] {logging_mixin.py:154} INFO - [2025-03-05T19:40:30.640+0000] {dag.py:3722} INFO - Setting next_dagrun for dataset_produces_2 to None, run_after=None
[2025-03-05T19:40:30.655+0000] {processor.py:179} INFO - Processing /home/airflow/.local/lib/python3.8/site-packages/airflow/example_dags/example_datasets.py took 0.073 seconds
[2025-03-05T19:41:01.161+0000] {processor.py:157} INFO - Started process (PID=1669) to work on /home/airflow/.local/lib/python3.8/site-packages/airflow/example_dags/example_datasets.py
[2025-03-05T19:41:01.162+0000] {processor.py:829} INFO - Processing file /home/airflow/.local/lib/python3.8/site-packages/airflow/example_dags/example_datasets.py for tasks to queue
[2025-03-05T19:41:01.164+0000] {logging_mixin.py:154} INFO - [2025-03-05T19:41:01.164+0000] {dagbag.py:536} INFO - Filling up the DagBag from /home/airflow/.local/lib/python3.8/site-packages/airflow/example_dags/example_datasets.py
[2025-03-05T19:41:01.174+0000] {processor.py:839} INFO - DAG(s) dict_keys(['dataset_consumes_1_and_2', 'dataset_produces_2', 'dataset_consumes_unknown_never_scheduled', 'dataset_consumes_1', 'dataset_produces_1', 'dataset_consumes_1_never_scheduled']) retrieved from /home/airflow/.local/lib/python3.8/site-packages/airflow/example_dags/example_datasets.py
[2025-03-05T19:41:01.196+0000] {logging_mixin.py:154} INFO - [2025-03-05T19:41:01.196+0000] {dag.py:2941} INFO - Sync 6 DAGs
[2025-03-05T19:41:01.206+0000] {logging_mixin.py:154} INFO - [2025-03-05T19:41:01.206+0000] {dag.py:3722} INFO - Setting next_dagrun for dataset_consumes_1 to None, run_after=None
[2025-03-05T19:41:01.208+0000] {logging_mixin.py:154} INFO - [2025-03-05T19:41:01.208+0000] {dag.py:3722} INFO - Setting next_dagrun for dataset_consumes_1_and_2 to None, run_after=None
[2025-03-05T19:41:01.209+0000] {logging_mixin.py:154} INFO - [2025-03-05T19:41:01.209+0000] {dag.py:3722} INFO - Setting next_dagrun for dataset_consumes_1_never_scheduled to None, run_after=None
[2025-03-05T19:41:01.209+0000] {logging_mixin.py:154} INFO - [2025-03-05T19:41:01.209+0000] {dag.py:3722} INFO - Setting next_dagrun for dataset_consumes_unknown_never_scheduled to None, run_after=None
[2025-03-05T19:41:01.211+0000] {logging_mixin.py:154} INFO - [2025-03-05T19:41:01.211+0000] {dag.py:3722} INFO - Setting next_dagrun for dataset_produces_1 to 2025-03-04T00:00:00+00:00, run_after=2025-03-05T00:00:00+00:00
[2025-03-05T19:41:01.212+0000] {logging_mixin.py:154} INFO - [2025-03-05T19:41:01.212+0000] {dag.py:3722} INFO - Setting next_dagrun for dataset_produces_2 to None, run_after=None
[2025-03-05T19:41:01.224+0000] {processor.py:179} INFO - Processing /home/airflow/.local/lib/python3.8/site-packages/airflow/example_dags/example_datasets.py took 0.068 seconds
[2025-03-05T19:41:31.739+0000] {processor.py:157} INFO - Started process (PID=1725) to work on /home/airflow/.local/lib/python3.8/site-packages/airflow/example_dags/example_datasets.py
[2025-03-05T19:41:31.740+0000] {processor.py:829} INFO - Processing file /home/airflow/.local/lib/python3.8/site-packages/airflow/example_dags/example_datasets.py for tasks to queue
[2025-03-05T19:41:31.741+0000] {logging_mixin.py:154} INFO - [2025-03-05T19:41:31.741+0000] {dagbag.py:536} INFO - Filling up the DagBag from /home/airflow/.local/lib/python3.8/site-packages/airflow/example_dags/example_datasets.py
[2025-03-05T19:41:31.752+0000] {processor.py:839} INFO - DAG(s) dict_keys(['dataset_produces_2', 'dataset_consumes_1', 'dataset_consumes_unknown_never_scheduled', 'dataset_produces_1', 'dataset_consumes_1_never_scheduled', 'dataset_consumes_1_and_2']) retrieved from /home/airflow/.local/lib/python3.8/site-packages/airflow/example_dags/example_datasets.py
[2025-03-05T19:41:31.777+0000] {logging_mixin.py:154} INFO - [2025-03-05T19:41:31.777+0000] {dag.py:2941} INFO - Sync 6 DAGs
[2025-03-05T19:41:31.789+0000] {logging_mixin.py:154} INFO - [2025-03-05T19:41:31.789+0000] {dag.py:3722} INFO - Setting next_dagrun for dataset_consumes_1 to None, run_after=None
[2025-03-05T19:41:31.791+0000] {logging_mixin.py:154} INFO - [2025-03-05T19:41:31.791+0000] {dag.py:3722} INFO - Setting next_dagrun for dataset_consumes_1_and_2 to None, run_after=None
[2025-03-05T19:41:31.792+0000] {logging_mixin.py:154} INFO - [2025-03-05T19:41:31.792+0000] {dag.py:3722} INFO - Setting next_dagrun for dataset_consumes_1_never_scheduled to None, run_after=None
[2025-03-05T19:41:31.792+0000] {logging_mixin.py:154} INFO - [2025-03-05T19:41:31.792+0000] {dag.py:3722} INFO - Setting next_dagrun for dataset_consumes_unknown_never_scheduled to None, run_after=None
[2025-03-05T19:41:31.794+0000] {logging_mixin.py:154} INFO - [2025-03-05T19:41:31.794+0000] {dag.py:3722} INFO - Setting next_dagrun for dataset_produces_1 to 2025-03-04T00:00:00+00:00, run_after=2025-03-05T00:00:00+00:00
[2025-03-05T19:41:31.797+0000] {logging_mixin.py:154} INFO - [2025-03-05T19:41:31.797+0000] {dag.py:3722} INFO - Setting next_dagrun for dataset_produces_2 to None, run_after=None
[2025-03-05T19:41:31.814+0000] {processor.py:179} INFO - Processing /home/airflow/.local/lib/python3.8/site-packages/airflow/example_dags/example_datasets.py took 0.079 seconds
[2025-03-05T19:42:02.441+0000] {processor.py:157} INFO - Started process (PID=1781) to work on /home/airflow/.local/lib/python3.8/site-packages/airflow/example_dags/example_datasets.py
[2025-03-05T19:42:02.442+0000] {processor.py:829} INFO - Processing file /home/airflow/.local/lib/python3.8/site-packages/airflow/example_dags/example_datasets.py for tasks to queue
[2025-03-05T19:42:02.445+0000] {logging_mixin.py:154} INFO - [2025-03-05T19:42:02.445+0000] {dagbag.py:536} INFO - Filling up the DagBag from /home/airflow/.local/lib/python3.8/site-packages/airflow/example_dags/example_datasets.py
[2025-03-05T19:42:02.455+0000] {processor.py:839} INFO - DAG(s) dict_keys(['dataset_produces_1', 'dataset_consumes_1', 'dataset_consumes_1_and_2', 'dataset_consumes_unknown_never_scheduled', 'dataset_consumes_1_never_scheduled', 'dataset_produces_2']) retrieved from /home/airflow/.local/lib/python3.8/site-packages/airflow/example_dags/example_datasets.py
[2025-03-05T19:42:02.479+0000] {logging_mixin.py:154} INFO - [2025-03-05T19:42:02.479+0000] {dag.py:2941} INFO - Sync 6 DAGs
[2025-03-05T19:42:02.492+0000] {logging_mixin.py:154} INFO - [2025-03-05T19:42:02.492+0000] {dag.py:3722} INFO - Setting next_dagrun for dataset_consumes_1 to None, run_after=None
[2025-03-05T19:42:02.494+0000] {logging_mixin.py:154} INFO - [2025-03-05T19:42:02.494+0000] {dag.py:3722} INFO - Setting next_dagrun for dataset_consumes_1_and_2 to None, run_after=None
[2025-03-05T19:42:02.496+0000] {logging_mixin.py:154} INFO - [2025-03-05T19:42:02.496+0000] {dag.py:3722} INFO - Setting next_dagrun for dataset_consumes_1_never_scheduled to None, run_after=None
[2025-03-05T19:42:02.498+0000] {logging_mixin.py:154} INFO - [2025-03-05T19:42:02.498+0000] {dag.py:3722} INFO - Setting next_dagrun for dataset_consumes_unknown_never_scheduled to None, run_after=None
[2025-03-05T19:42:02.499+0000] {logging_mixin.py:154} INFO - [2025-03-05T19:42:02.499+0000] {dag.py:3722} INFO - Setting next_dagrun for dataset_produces_1 to 2025-03-04T00:00:00+00:00, run_after=2025-03-05T00:00:00+00:00
[2025-03-05T19:42:02.500+0000] {logging_mixin.py:154} INFO - [2025-03-05T19:42:02.499+0000] {dag.py:3722} INFO - Setting next_dagrun for dataset_produces_2 to None, run_after=None
[2025-03-05T19:42:02.511+0000] {processor.py:179} INFO - Processing /home/airflow/.local/lib/python3.8/site-packages/airflow/example_dags/example_datasets.py took 0.073 seconds
[2025-03-05T19:42:33.303+0000] {processor.py:157} INFO - Started process (PID=1837) to work on /home/airflow/.local/lib/python3.8/site-packages/airflow/example_dags/example_datasets.py
[2025-03-05T19:42:33.304+0000] {processor.py:829} INFO - Processing file /home/airflow/.local/lib/python3.8/site-packages/airflow/example_dags/example_datasets.py for tasks to queue
[2025-03-05T19:42:33.309+0000] {logging_mixin.py:154} INFO - [2025-03-05T19:42:33.309+0000] {dagbag.py:536} INFO - Filling up the DagBag from /home/airflow/.local/lib/python3.8/site-packages/airflow/example_dags/example_datasets.py
[2025-03-05T19:42:33.321+0000] {processor.py:839} INFO - DAG(s) dict_keys(['dataset_consumes_1', 'dataset_consumes_unknown_never_scheduled', 'dataset_consumes_1_and_2', 'dataset_consumes_1_never_scheduled', 'dataset_produces_2', 'dataset_produces_1']) retrieved from /home/airflow/.local/lib/python3.8/site-packages/airflow/example_dags/example_datasets.py
[2025-03-05T19:42:33.349+0000] {logging_mixin.py:154} INFO - [2025-03-05T19:42:33.348+0000] {dag.py:2941} INFO - Sync 6 DAGs
[2025-03-05T19:42:33.362+0000] {logging_mixin.py:154} INFO - [2025-03-05T19:42:33.362+0000] {dag.py:3722} INFO - Setting next_dagrun for dataset_consumes_1 to None, run_after=None
[2025-03-05T19:42:33.364+0000] {logging_mixin.py:154} INFO - [2025-03-05T19:42:33.364+0000] {dag.py:3722} INFO - Setting next_dagrun for dataset_consumes_1_and_2 to None, run_after=None
[2025-03-05T19:42:33.365+0000] {logging_mixin.py:154} INFO - [2025-03-05T19:42:33.365+0000] {dag.py:3722} INFO - Setting next_dagrun for dataset_consumes_1_never_scheduled to None, run_after=None
[2025-03-05T19:42:33.366+0000] {logging_mixin.py:154} INFO - [2025-03-05T19:42:33.366+0000] {dag.py:3722} INFO - Setting next_dagrun for dataset_consumes_unknown_never_scheduled to None, run_after=None
[2025-03-05T19:42:33.368+0000] {logging_mixin.py:154} INFO - [2025-03-05T19:42:33.368+0000] {dag.py:3722} INFO - Setting next_dagrun for dataset_produces_1 to 2025-03-04T00:00:00+00:00, run_after=2025-03-05T00:00:00+00:00
[2025-03-05T19:42:33.370+0000] {logging_mixin.py:154} INFO - [2025-03-05T19:42:33.370+0000] {dag.py:3722} INFO - Setting next_dagrun for dataset_produces_2 to None, run_after=None
[2025-03-05T19:42:33.388+0000] {processor.py:179} INFO - Processing /home/airflow/.local/lib/python3.8/site-packages/airflow/example_dags/example_datasets.py took 0.092 seconds
[2025-03-05T19:43:04.032+0000] {processor.py:157} INFO - Started process (PID=1893) to work on /home/airflow/.local/lib/python3.8/site-packages/airflow/example_dags/example_datasets.py
[2025-03-05T19:43:04.033+0000] {processor.py:829} INFO - Processing file /home/airflow/.local/lib/python3.8/site-packages/airflow/example_dags/example_datasets.py for tasks to queue
[2025-03-05T19:43:04.035+0000] {logging_mixin.py:154} INFO - [2025-03-05T19:43:04.035+0000] {dagbag.py:536} INFO - Filling up the DagBag from /home/airflow/.local/lib/python3.8/site-packages/airflow/example_dags/example_datasets.py
[2025-03-05T19:43:04.043+0000] {processor.py:839} INFO - DAG(s) dict_keys(['dataset_produces_1', 'dataset_consumes_1_and_2', 'dataset_produces_2', 'dataset_consumes_unknown_never_scheduled', 'dataset_consumes_1_never_scheduled', 'dataset_consumes_1']) retrieved from /home/airflow/.local/lib/python3.8/site-packages/airflow/example_dags/example_datasets.py
[2025-03-05T19:43:04.066+0000] {logging_mixin.py:154} INFO - [2025-03-05T19:43:04.065+0000] {dag.py:2941} INFO - Sync 6 DAGs
[2025-03-05T19:43:04.077+0000] {logging_mixin.py:154} INFO - [2025-03-05T19:43:04.077+0000] {dag.py:3722} INFO - Setting next_dagrun for dataset_consumes_1 to None, run_after=None
[2025-03-05T19:43:04.079+0000] {logging_mixin.py:154} INFO - [2025-03-05T19:43:04.079+0000] {dag.py:3722} INFO - Setting next_dagrun for dataset_consumes_1_and_2 to None, run_after=None
[2025-03-05T19:43:04.081+0000] {logging_mixin.py:154} INFO - [2025-03-05T19:43:04.081+0000] {dag.py:3722} INFO - Setting next_dagrun for dataset_consumes_1_never_scheduled to None, run_after=None
[2025-03-05T19:43:04.082+0000] {logging_mixin.py:154} INFO - [2025-03-05T19:43:04.082+0000] {dag.py:3722} INFO - Setting next_dagrun for dataset_consumes_unknown_never_scheduled to None, run_after=None
[2025-03-05T19:43:04.083+0000] {logging_mixin.py:154} INFO - [2025-03-05T19:43:04.083+0000] {dag.py:3722} INFO - Setting next_dagrun for dataset_produces_1 to 2025-03-04T00:00:00+00:00, run_after=2025-03-05T00:00:00+00:00
[2025-03-05T19:43:04.084+0000] {logging_mixin.py:154} INFO - [2025-03-05T19:43:04.084+0000] {dag.py:3722} INFO - Setting next_dagrun for dataset_produces_2 to None, run_after=None
[2025-03-05T19:43:04.100+0000] {processor.py:179} INFO - Processing /home/airflow/.local/lib/python3.8/site-packages/airflow/example_dags/example_datasets.py took 0.071 seconds
[2025-03-05T19:43:34.626+0000] {processor.py:157} INFO - Started process (PID=1949) to work on /home/airflow/.local/lib/python3.8/site-packages/airflow/example_dags/example_datasets.py
[2025-03-05T19:43:34.627+0000] {processor.py:829} INFO - Processing file /home/airflow/.local/lib/python3.8/site-packages/airflow/example_dags/example_datasets.py for tasks to queue
[2025-03-05T19:43:34.630+0000] {logging_mixin.py:154} INFO - [2025-03-05T19:43:34.629+0000] {dagbag.py:536} INFO - Filling up the DagBag from /home/airflow/.local/lib/python3.8/site-packages/airflow/example_dags/example_datasets.py
[2025-03-05T19:43:34.640+0000] {processor.py:839} INFO - DAG(s) dict_keys(['dataset_consumes_1_never_scheduled', 'dataset_produces_1', 'dataset_consumes_1_and_2', 'dataset_consumes_unknown_never_scheduled', 'dataset_consumes_1', 'dataset_produces_2']) retrieved from /home/airflow/.local/lib/python3.8/site-packages/airflow/example_dags/example_datasets.py
[2025-03-05T19:43:34.665+0000] {logging_mixin.py:154} INFO - [2025-03-05T19:43:34.665+0000] {dag.py:2941} INFO - Sync 6 DAGs
[2025-03-05T19:43:34.676+0000] {logging_mixin.py:154} INFO - [2025-03-05T19:43:34.676+0000] {dag.py:3722} INFO - Setting next_dagrun for dataset_consumes_1 to None, run_after=None
[2025-03-05T19:43:34.678+0000] {logging_mixin.py:154} INFO - [2025-03-05T19:43:34.678+0000] {dag.py:3722} INFO - Setting next_dagrun for dataset_consumes_1_and_2 to None, run_after=None
[2025-03-05T19:43:34.679+0000] {logging_mixin.py:154} INFO - [2025-03-05T19:43:34.679+0000] {dag.py:3722} INFO - Setting next_dagrun for dataset_consumes_1_never_scheduled to None, run_after=None
[2025-03-05T19:43:34.680+0000] {logging_mixin.py:154} INFO - [2025-03-05T19:43:34.679+0000] {dag.py:3722} INFO - Setting next_dagrun for dataset_consumes_unknown_never_scheduled to None, run_after=None
[2025-03-05T19:43:34.681+0000] {logging_mixin.py:154} INFO - [2025-03-05T19:43:34.681+0000] {dag.py:3722} INFO - Setting next_dagrun for dataset_produces_1 to 2025-03-04T00:00:00+00:00, run_after=2025-03-05T00:00:00+00:00
[2025-03-05T19:43:34.683+0000] {logging_mixin.py:154} INFO - [2025-03-05T19:43:34.683+0000] {dag.py:3722} INFO - Setting next_dagrun for dataset_produces_2 to None, run_after=None
[2025-03-05T19:43:34.699+0000] {processor.py:179} INFO - Processing /home/airflow/.local/lib/python3.8/site-packages/airflow/example_dags/example_datasets.py took 0.078 seconds
[2025-03-05T19:44:05.220+0000] {processor.py:157} INFO - Started process (PID=2005) to work on /home/airflow/.local/lib/python3.8/site-packages/airflow/example_dags/example_datasets.py
[2025-03-05T19:44:05.221+0000] {processor.py:829} INFO - Processing file /home/airflow/.local/lib/python3.8/site-packages/airflow/example_dags/example_datasets.py for tasks to queue
[2025-03-05T19:44:05.223+0000] {logging_mixin.py:154} INFO - [2025-03-05T19:44:05.223+0000] {dagbag.py:536} INFO - Filling up the DagBag from /home/airflow/.local/lib/python3.8/site-packages/airflow/example_dags/example_datasets.py
[2025-03-05T19:44:05.234+0000] {processor.py:839} INFO - DAG(s) dict_keys(['dataset_consumes_1_and_2', 'dataset_consumes_unknown_never_scheduled', 'dataset_consumes_1', 'dataset_produces_2', 'dataset_produces_1', 'dataset_consumes_1_never_scheduled']) retrieved from /home/airflow/.local/lib/python3.8/site-packages/airflow/example_dags/example_datasets.py
[2025-03-05T19:44:05.254+0000] {logging_mixin.py:154} INFO - [2025-03-05T19:44:05.254+0000] {dag.py:2941} INFO - Sync 6 DAGs
[2025-03-05T19:44:05.267+0000] {logging_mixin.py:154} INFO - [2025-03-05T19:44:05.267+0000] {dag.py:3722} INFO - Setting next_dagrun for dataset_consumes_1 to None, run_after=None
[2025-03-05T19:44:05.269+0000] {logging_mixin.py:154} INFO - [2025-03-05T19:44:05.269+0000] {dag.py:3722} INFO - Setting next_dagrun for dataset_consumes_1_and_2 to None, run_after=None
[2025-03-05T19:44:05.270+0000] {logging_mixin.py:154} INFO - [2025-03-05T19:44:05.270+0000] {dag.py:3722} INFO - Setting next_dagrun for dataset_consumes_1_never_scheduled to None, run_after=None
[2025-03-05T19:44:05.270+0000] {logging_mixin.py:154} INFO - [2025-03-05T19:44:05.270+0000] {dag.py:3722} INFO - Setting next_dagrun for dataset_consumes_unknown_never_scheduled to None, run_after=None
[2025-03-05T19:44:05.271+0000] {logging_mixin.py:154} INFO - [2025-03-05T19:44:05.271+0000] {dag.py:3722} INFO - Setting next_dagrun for dataset_produces_1 to 2025-03-04T00:00:00+00:00, run_after=2025-03-05T00:00:00+00:00
[2025-03-05T19:44:05.272+0000] {logging_mixin.py:154} INFO - [2025-03-05T19:44:05.272+0000] {dag.py:3722} INFO - Setting next_dagrun for dataset_produces_2 to None, run_after=None
[2025-03-05T19:44:05.285+0000] {processor.py:179} INFO - Processing /home/airflow/.local/lib/python3.8/site-packages/airflow/example_dags/example_datasets.py took 0.070 seconds
[2025-03-05T19:44:35.795+0000] {processor.py:157} INFO - Started process (PID=2061) to work on /home/airflow/.local/lib/python3.8/site-packages/airflow/example_dags/example_datasets.py
[2025-03-05T19:44:35.796+0000] {processor.py:829} INFO - Processing file /home/airflow/.local/lib/python3.8/site-packages/airflow/example_dags/example_datasets.py for tasks to queue
[2025-03-05T19:44:35.798+0000] {logging_mixin.py:154} INFO - [2025-03-05T19:44:35.798+0000] {dagbag.py:536} INFO - Filling up the DagBag from /home/airflow/.local/lib/python3.8/site-packages/airflow/example_dags/example_datasets.py
[2025-03-05T19:44:35.809+0000] {processor.py:839} INFO - DAG(s) dict_keys(['dataset_produces_2', 'dataset_consumes_1', 'dataset_consumes_1_and_2', 'dataset_produces_1', 'dataset_consumes_unknown_never_scheduled', 'dataset_consumes_1_never_scheduled']) retrieved from /home/airflow/.local/lib/python3.8/site-packages/airflow/example_dags/example_datasets.py
[2025-03-05T19:44:35.836+0000] {logging_mixin.py:154} INFO - [2025-03-05T19:44:35.835+0000] {dag.py:2941} INFO - Sync 6 DAGs
[2025-03-05T19:44:35.850+0000] {logging_mixin.py:154} INFO - [2025-03-05T19:44:35.850+0000] {dag.py:3722} INFO - Setting next_dagrun for dataset_consumes_1 to None, run_after=None
[2025-03-05T19:44:35.853+0000] {logging_mixin.py:154} INFO - [2025-03-05T19:44:35.853+0000] {dag.py:3722} INFO - Setting next_dagrun for dataset_consumes_1_and_2 to None, run_after=None
[2025-03-05T19:44:35.854+0000] {logging_mixin.py:154} INFO - [2025-03-05T19:44:35.854+0000] {dag.py:3722} INFO - Setting next_dagrun for dataset_consumes_1_never_scheduled to None, run_after=None
[2025-03-05T19:44:35.856+0000] {logging_mixin.py:154} INFO - [2025-03-05T19:44:35.855+0000] {dag.py:3722} INFO - Setting next_dagrun for dataset_consumes_unknown_never_scheduled to None, run_after=None
[2025-03-05T19:44:35.858+0000] {logging_mixin.py:154} INFO - [2025-03-05T19:44:35.858+0000] {dag.py:3722} INFO - Setting next_dagrun for dataset_produces_1 to 2025-03-04T00:00:00+00:00, run_after=2025-03-05T00:00:00+00:00
[2025-03-05T19:44:35.860+0000] {logging_mixin.py:154} INFO - [2025-03-05T19:44:35.860+0000] {dag.py:3722} INFO - Setting next_dagrun for dataset_produces_2 to None, run_after=None
[2025-03-05T19:44:35.877+0000] {processor.py:179} INFO - Processing /home/airflow/.local/lib/python3.8/site-packages/airflow/example_dags/example_datasets.py took 0.086 seconds
[2025-03-05T19:45:06.424+0000] {processor.py:157} INFO - Started process (PID=2117) to work on /home/airflow/.local/lib/python3.8/site-packages/airflow/example_dags/example_datasets.py
[2025-03-05T19:45:06.426+0000] {processor.py:829} INFO - Processing file /home/airflow/.local/lib/python3.8/site-packages/airflow/example_dags/example_datasets.py for tasks to queue
[2025-03-05T19:45:06.429+0000] {logging_mixin.py:154} INFO - [2025-03-05T19:45:06.429+0000] {dagbag.py:536} INFO - Filling up the DagBag from /home/airflow/.local/lib/python3.8/site-packages/airflow/example_dags/example_datasets.py
[2025-03-05T19:45:06.437+0000] {processor.py:839} INFO - DAG(s) dict_keys(['dataset_consumes_1_and_2', 'dataset_produces_1', 'dataset_consumes_1', 'dataset_produces_2', 'dataset_consumes_unknown_never_scheduled', 'dataset_consumes_1_never_scheduled']) retrieved from /home/airflow/.local/lib/python3.8/site-packages/airflow/example_dags/example_datasets.py
[2025-03-05T19:45:06.458+0000] {logging_mixin.py:154} INFO - [2025-03-05T19:45:06.458+0000] {dag.py:2941} INFO - Sync 6 DAGs
[2025-03-05T19:45:06.470+0000] {logging_mixin.py:154} INFO - [2025-03-05T19:45:06.470+0000] {dag.py:3722} INFO - Setting next_dagrun for dataset_consumes_1 to None, run_after=None
[2025-03-05T19:45:06.471+0000] {logging_mixin.py:154} INFO - [2025-03-05T19:45:06.471+0000] {dag.py:3722} INFO - Setting next_dagrun for dataset_consumes_1_and_2 to None, run_after=None
[2025-03-05T19:45:06.472+0000] {logging_mixin.py:154} INFO - [2025-03-05T19:45:06.472+0000] {dag.py:3722} INFO - Setting next_dagrun for dataset_consumes_1_never_scheduled to None, run_after=None
[2025-03-05T19:45:06.472+0000] {logging_mixin.py:154} INFO - [2025-03-05T19:45:06.472+0000] {dag.py:3722} INFO - Setting next_dagrun for dataset_consumes_unknown_never_scheduled to None, run_after=None
[2025-03-05T19:45:06.474+0000] {logging_mixin.py:154} INFO - [2025-03-05T19:45:06.474+0000] {dag.py:3722} INFO - Setting next_dagrun for dataset_produces_1 to 2025-03-04T00:00:00+00:00, run_after=2025-03-05T00:00:00+00:00
[2025-03-05T19:45:06.474+0000] {logging_mixin.py:154} INFO - [2025-03-05T19:45:06.474+0000] {dag.py:3722} INFO - Setting next_dagrun for dataset_produces_2 to None, run_after=None
[2025-03-05T19:45:06.491+0000] {processor.py:179} INFO - Processing /home/airflow/.local/lib/python3.8/site-packages/airflow/example_dags/example_datasets.py took 0.071 seconds
[2025-03-05T19:45:36.948+0000] {processor.py:157} INFO - Started process (PID=2173) to work on /home/airflow/.local/lib/python3.8/site-packages/airflow/example_dags/example_datasets.py
[2025-03-05T19:45:36.948+0000] {processor.py:829} INFO - Processing file /home/airflow/.local/lib/python3.8/site-packages/airflow/example_dags/example_datasets.py for tasks to queue
[2025-03-05T19:45:36.950+0000] {logging_mixin.py:154} INFO - [2025-03-05T19:45:36.950+0000] {dagbag.py:536} INFO - Filling up the DagBag from /home/airflow/.local/lib/python3.8/site-packages/airflow/example_dags/example_datasets.py
[2025-03-05T19:45:36.958+0000] {processor.py:839} INFO - DAG(s) dict_keys(['dataset_consumes_unknown_never_scheduled', 'dataset_consumes_1_and_2', 'dataset_consumes_1_never_scheduled', 'dataset_produces_1', 'dataset_consumes_1', 'dataset_produces_2']) retrieved from /home/airflow/.local/lib/python3.8/site-packages/airflow/example_dags/example_datasets.py
[2025-03-05T19:45:36.978+0000] {logging_mixin.py:154} INFO - [2025-03-05T19:45:36.978+0000] {dag.py:2941} INFO - Sync 6 DAGs
[2025-03-05T19:45:36.988+0000] {logging_mixin.py:154} INFO - [2025-03-05T19:45:36.988+0000] {dag.py:3722} INFO - Setting next_dagrun for dataset_consumes_1 to None, run_after=None
[2025-03-05T19:45:36.990+0000] {logging_mixin.py:154} INFO - [2025-03-05T19:45:36.990+0000] {dag.py:3722} INFO - Setting next_dagrun for dataset_consumes_1_and_2 to None, run_after=None
[2025-03-05T19:45:36.991+0000] {logging_mixin.py:154} INFO - [2025-03-05T19:45:36.991+0000] {dag.py:3722} INFO - Setting next_dagrun for dataset_consumes_1_never_scheduled to None, run_after=None
[2025-03-05T19:45:36.992+0000] {logging_mixin.py:154} INFO - [2025-03-05T19:45:36.992+0000] {dag.py:3722} INFO - Setting next_dagrun for dataset_consumes_unknown_never_scheduled to None, run_after=None
[2025-03-05T19:45:36.993+0000] {logging_mixin.py:154} INFO - [2025-03-05T19:45:36.993+0000] {dag.py:3722} INFO - Setting next_dagrun for dataset_produces_1 to 2025-03-04T00:00:00+00:00, run_after=2025-03-05T00:00:00+00:00
[2025-03-05T19:45:36.995+0000] {logging_mixin.py:154} INFO - [2025-03-05T19:45:36.995+0000] {dag.py:3722} INFO - Setting next_dagrun for dataset_produces_2 to None, run_after=None
[2025-03-05T19:45:37.008+0000] {processor.py:179} INFO - Processing /home/airflow/.local/lib/python3.8/site-packages/airflow/example_dags/example_datasets.py took 0.064 seconds
[2025-03-05T19:46:07.553+0000] {processor.py:157} INFO - Started process (PID=2229) to work on /home/airflow/.local/lib/python3.8/site-packages/airflow/example_dags/example_datasets.py
[2025-03-05T19:46:07.554+0000] {processor.py:829} INFO - Processing file /home/airflow/.local/lib/python3.8/site-packages/airflow/example_dags/example_datasets.py for tasks to queue
[2025-03-05T19:46:07.556+0000] {logging_mixin.py:154} INFO - [2025-03-05T19:46:07.556+0000] {dagbag.py:536} INFO - Filling up the DagBag from /home/airflow/.local/lib/python3.8/site-packages/airflow/example_dags/example_datasets.py
[2025-03-05T19:46:07.565+0000] {processor.py:839} INFO - DAG(s) dict_keys(['dataset_consumes_1_never_scheduled', 'dataset_consumes_1', 'dataset_produces_2', 'dataset_produces_1', 'dataset_consumes_1_and_2', 'dataset_consumes_unknown_never_scheduled']) retrieved from /home/airflow/.local/lib/python3.8/site-packages/airflow/example_dags/example_datasets.py
[2025-03-05T19:46:07.585+0000] {logging_mixin.py:154} INFO - [2025-03-05T19:46:07.585+0000] {dag.py:2941} INFO - Sync 6 DAGs
[2025-03-05T19:46:07.595+0000] {logging_mixin.py:154} INFO - [2025-03-05T19:46:07.595+0000] {dag.py:3722} INFO - Setting next_dagrun for dataset_consumes_1 to None, run_after=None
[2025-03-05T19:46:07.597+0000] {logging_mixin.py:154} INFO - [2025-03-05T19:46:07.597+0000] {dag.py:3722} INFO - Setting next_dagrun for dataset_consumes_1_and_2 to None, run_after=None
[2025-03-05T19:46:07.598+0000] {logging_mixin.py:154} INFO - [2025-03-05T19:46:07.598+0000] {dag.py:3722} INFO - Setting next_dagrun for dataset_consumes_1_never_scheduled to None, run_after=None
[2025-03-05T19:46:07.601+0000] {logging_mixin.py:154} INFO - [2025-03-05T19:46:07.601+0000] {dag.py:3722} INFO - Setting next_dagrun for dataset_consumes_unknown_never_scheduled to None, run_after=None
[2025-03-05T19:46:07.602+0000] {logging_mixin.py:154} INFO - [2025-03-05T19:46:07.602+0000] {dag.py:3722} INFO - Setting next_dagrun for dataset_produces_1 to 2025-03-04T00:00:00+00:00, run_after=2025-03-05T00:00:00+00:00
[2025-03-05T19:46:07.602+0000] {logging_mixin.py:154} INFO - [2025-03-05T19:46:07.602+0000] {dag.py:3722} INFO - Setting next_dagrun for dataset_produces_2 to None, run_after=None
[2025-03-05T19:46:07.616+0000] {processor.py:179} INFO - Processing /home/airflow/.local/lib/python3.8/site-packages/airflow/example_dags/example_datasets.py took 0.068 seconds
[2025-03-05T19:46:38.026+0000] {processor.py:157} INFO - Started process (PID=2285) to work on /home/airflow/.local/lib/python3.8/site-packages/airflow/example_dags/example_datasets.py
[2025-03-05T19:46:38.027+0000] {processor.py:829} INFO - Processing file /home/airflow/.local/lib/python3.8/site-packages/airflow/example_dags/example_datasets.py for tasks to queue
[2025-03-05T19:46:38.029+0000] {logging_mixin.py:154} INFO - [2025-03-05T19:46:38.029+0000] {dagbag.py:536} INFO - Filling up the DagBag from /home/airflow/.local/lib/python3.8/site-packages/airflow/example_dags/example_datasets.py
[2025-03-05T19:46:38.037+0000] {processor.py:839} INFO - DAG(s) dict_keys(['dataset_consumes_1_and_2', 'dataset_consumes_unknown_never_scheduled', 'dataset_consumes_1', 'dataset_consumes_1_never_scheduled', 'dataset_produces_1', 'dataset_produces_2']) retrieved from /home/airflow/.local/lib/python3.8/site-packages/airflow/example_dags/example_datasets.py
[2025-03-05T19:46:38.059+0000] {logging_mixin.py:154} INFO - [2025-03-05T19:46:38.059+0000] {dag.py:2941} INFO - Sync 6 DAGs
[2025-03-05T19:46:38.070+0000] {logging_mixin.py:154} INFO - [2025-03-05T19:46:38.069+0000] {dag.py:3722} INFO - Setting next_dagrun for dataset_consumes_1 to None, run_after=None
[2025-03-05T19:46:38.071+0000] {logging_mixin.py:154} INFO - [2025-03-05T19:46:38.071+0000] {dag.py:3722} INFO - Setting next_dagrun for dataset_consumes_1_and_2 to None, run_after=None
[2025-03-05T19:46:38.073+0000] {logging_mixin.py:154} INFO - [2025-03-05T19:46:38.073+0000] {dag.py:3722} INFO - Setting next_dagrun for dataset_consumes_1_never_scheduled to None, run_after=None
[2025-03-05T19:46:38.074+0000] {logging_mixin.py:154} INFO - [2025-03-05T19:46:38.074+0000] {dag.py:3722} INFO - Setting next_dagrun for dataset_consumes_unknown_never_scheduled to None, run_after=None
[2025-03-05T19:46:38.075+0000] {logging_mixin.py:154} INFO - [2025-03-05T19:46:38.075+0000] {dag.py:3722} INFO - Setting next_dagrun for dataset_produces_1 to 2025-03-04T00:00:00+00:00, run_after=2025-03-05T00:00:00+00:00
[2025-03-05T19:46:38.075+0000] {logging_mixin.py:154} INFO - [2025-03-05T19:46:38.075+0000] {dag.py:3722} INFO - Setting next_dagrun for dataset_produces_2 to None, run_after=None
[2025-03-05T19:46:38.090+0000] {processor.py:179} INFO - Processing /home/airflow/.local/lib/python3.8/site-packages/airflow/example_dags/example_datasets.py took 0.068 seconds
[2025-03-05T19:47:08.627+0000] {processor.py:157} INFO - Started process (PID=2341) to work on /home/airflow/.local/lib/python3.8/site-packages/airflow/example_dags/example_datasets.py
[2025-03-05T19:47:08.628+0000] {processor.py:829} INFO - Processing file /home/airflow/.local/lib/python3.8/site-packages/airflow/example_dags/example_datasets.py for tasks to queue
[2025-03-05T19:47:08.630+0000] {logging_mixin.py:154} INFO - [2025-03-05T19:47:08.629+0000] {dagbag.py:536} INFO - Filling up the DagBag from /home/airflow/.local/lib/python3.8/site-packages/airflow/example_dags/example_datasets.py
[2025-03-05T19:47:08.638+0000] {processor.py:839} INFO - DAG(s) dict_keys(['dataset_consumes_unknown_never_scheduled', 'dataset_consumes_1_and_2', 'dataset_produces_2', 'dataset_consumes_1_never_scheduled', 'dataset_produces_1', 'dataset_consumes_1']) retrieved from /home/airflow/.local/lib/python3.8/site-packages/airflow/example_dags/example_datasets.py
[2025-03-05T19:47:08.657+0000] {logging_mixin.py:154} INFO - [2025-03-05T19:47:08.657+0000] {dag.py:2941} INFO - Sync 6 DAGs
[2025-03-05T19:47:08.667+0000] {logging_mixin.py:154} INFO - [2025-03-05T19:47:08.667+0000] {dag.py:3722} INFO - Setting next_dagrun for dataset_consumes_1 to None, run_after=None
[2025-03-05T19:47:08.669+0000] {logging_mixin.py:154} INFO - [2025-03-05T19:47:08.669+0000] {dag.py:3722} INFO - Setting next_dagrun for dataset_consumes_1_and_2 to None, run_after=None
[2025-03-05T19:47:08.669+0000] {logging_mixin.py:154} INFO - [2025-03-05T19:47:08.669+0000] {dag.py:3722} INFO - Setting next_dagrun for dataset_consumes_1_never_scheduled to None, run_after=None
[2025-03-05T19:47:08.670+0000] {logging_mixin.py:154} INFO - [2025-03-05T19:47:08.670+0000] {dag.py:3722} INFO - Setting next_dagrun for dataset_consumes_unknown_never_scheduled to None, run_after=None
[2025-03-05T19:47:08.671+0000] {logging_mixin.py:154} INFO - [2025-03-05T19:47:08.671+0000] {dag.py:3722} INFO - Setting next_dagrun for dataset_produces_1 to 2025-03-04T00:00:00+00:00, run_after=2025-03-05T00:00:00+00:00
[2025-03-05T19:47:08.673+0000] {logging_mixin.py:154} INFO - [2025-03-05T19:47:08.673+0000] {dag.py:3722} INFO - Setting next_dagrun for dataset_produces_2 to None, run_after=None
[2025-03-05T19:47:08.686+0000] {processor.py:179} INFO - Processing /home/airflow/.local/lib/python3.8/site-packages/airflow/example_dags/example_datasets.py took 0.063 seconds
[2025-03-05T19:47:39.142+0000] {processor.py:157} INFO - Started process (PID=2397) to work on /home/airflow/.local/lib/python3.8/site-packages/airflow/example_dags/example_datasets.py
[2025-03-05T19:47:39.143+0000] {processor.py:829} INFO - Processing file /home/airflow/.local/lib/python3.8/site-packages/airflow/example_dags/example_datasets.py for tasks to queue
[2025-03-05T19:47:39.146+0000] {logging_mixin.py:154} INFO - [2025-03-05T19:47:39.146+0000] {dagbag.py:536} INFO - Filling up the DagBag from /home/airflow/.local/lib/python3.8/site-packages/airflow/example_dags/example_datasets.py
[2025-03-05T19:47:39.156+0000] {processor.py:839} INFO - DAG(s) dict_keys(['dataset_consumes_1_never_scheduled', 'dataset_consumes_unknown_never_scheduled', 'dataset_produces_1', 'dataset_produces_2', 'dataset_consumes_1', 'dataset_consumes_1_and_2']) retrieved from /home/airflow/.local/lib/python3.8/site-packages/airflow/example_dags/example_datasets.py
[2025-03-05T19:47:39.177+0000] {logging_mixin.py:154} INFO - [2025-03-05T19:47:39.177+0000] {dag.py:2941} INFO - Sync 6 DAGs
[2025-03-05T19:47:39.187+0000] {logging_mixin.py:154} INFO - [2025-03-05T19:47:39.187+0000] {dag.py:3722} INFO - Setting next_dagrun for dataset_consumes_1 to None, run_after=None
[2025-03-05T19:47:39.190+0000] {logging_mixin.py:154} INFO - [2025-03-05T19:47:39.190+0000] {dag.py:3722} INFO - Setting next_dagrun for dataset_consumes_1_and_2 to None, run_after=None
[2025-03-05T19:47:39.190+0000] {logging_mixin.py:154} INFO - [2025-03-05T19:47:39.190+0000] {dag.py:3722} INFO - Setting next_dagrun for dataset_consumes_1_never_scheduled to None, run_after=None
[2025-03-05T19:47:39.192+0000] {logging_mixin.py:154} INFO - [2025-03-05T19:47:39.192+0000] {dag.py:3722} INFO - Setting next_dagrun for dataset_consumes_unknown_never_scheduled to None, run_after=None
[2025-03-05T19:47:39.194+0000] {logging_mixin.py:154} INFO - [2025-03-05T19:47:39.194+0000] {dag.py:3722} INFO - Setting next_dagrun for dataset_produces_1 to 2025-03-04T00:00:00+00:00, run_after=2025-03-05T00:00:00+00:00
[2025-03-05T19:47:39.194+0000] {logging_mixin.py:154} INFO - [2025-03-05T19:47:39.194+0000] {dag.py:3722} INFO - Setting next_dagrun for dataset_produces_2 to None, run_after=None
[2025-03-05T19:47:39.206+0000] {processor.py:179} INFO - Processing /home/airflow/.local/lib/python3.8/site-packages/airflow/example_dags/example_datasets.py took 0.068 seconds
[2025-03-05T19:48:09.695+0000] {processor.py:157} INFO - Started process (PID=2453) to work on /home/airflow/.local/lib/python3.8/site-packages/airflow/example_dags/example_datasets.py
[2025-03-05T19:48:09.696+0000] {processor.py:829} INFO - Processing file /home/airflow/.local/lib/python3.8/site-packages/airflow/example_dags/example_datasets.py for tasks to queue
[2025-03-05T19:48:09.698+0000] {logging_mixin.py:154} INFO - [2025-03-05T19:48:09.698+0000] {dagbag.py:536} INFO - Filling up the DagBag from /home/airflow/.local/lib/python3.8/site-packages/airflow/example_dags/example_datasets.py
[2025-03-05T19:48:09.707+0000] {processor.py:839} INFO - DAG(s) dict_keys(['dataset_consumes_1_never_scheduled', 'dataset_consumes_1_and_2', 'dataset_produces_1', 'dataset_consumes_unknown_never_scheduled', 'dataset_consumes_1', 'dataset_produces_2']) retrieved from /home/airflow/.local/lib/python3.8/site-packages/airflow/example_dags/example_datasets.py
[2025-03-05T19:48:09.728+0000] {logging_mixin.py:154} INFO - [2025-03-05T19:48:09.728+0000] {dag.py:2941} INFO - Sync 6 DAGs
[2025-03-05T19:48:09.740+0000] {logging_mixin.py:154} INFO - [2025-03-05T19:48:09.740+0000] {dag.py:3722} INFO - Setting next_dagrun for dataset_consumes_1 to None, run_after=None
[2025-03-05T19:48:09.742+0000] {logging_mixin.py:154} INFO - [2025-03-05T19:48:09.742+0000] {dag.py:3722} INFO - Setting next_dagrun for dataset_consumes_1_and_2 to None, run_after=None
[2025-03-05T19:48:09.742+0000] {logging_mixin.py:154} INFO - [2025-03-05T19:48:09.742+0000] {dag.py:3722} INFO - Setting next_dagrun for dataset_consumes_1_never_scheduled to None, run_after=None
[2025-03-05T19:48:09.743+0000] {logging_mixin.py:154} INFO - [2025-03-05T19:48:09.743+0000] {dag.py:3722} INFO - Setting next_dagrun for dataset_consumes_unknown_never_scheduled to None, run_after=None
[2025-03-05T19:48:09.744+0000] {logging_mixin.py:154} INFO - [2025-03-05T19:48:09.744+0000] {dag.py:3722} INFO - Setting next_dagrun for dataset_produces_1 to 2025-03-04T00:00:00+00:00, run_after=2025-03-05T00:00:00+00:00
[2025-03-05T19:48:09.744+0000] {logging_mixin.py:154} INFO - [2025-03-05T19:48:09.744+0000] {dag.py:3722} INFO - Setting next_dagrun for dataset_produces_2 to None, run_after=None
[2025-03-05T19:48:09.756+0000] {processor.py:179} INFO - Processing /home/airflow/.local/lib/python3.8/site-packages/airflow/example_dags/example_datasets.py took 0.065 seconds
[2025-03-05T19:48:40.247+0000] {processor.py:157} INFO - Started process (PID=2509) to work on /home/airflow/.local/lib/python3.8/site-packages/airflow/example_dags/example_datasets.py
[2025-03-05T19:48:40.248+0000] {processor.py:829} INFO - Processing file /home/airflow/.local/lib/python3.8/site-packages/airflow/example_dags/example_datasets.py for tasks to queue
[2025-03-05T19:48:40.250+0000] {logging_mixin.py:154} INFO - [2025-03-05T19:48:40.249+0000] {dagbag.py:536} INFO - Filling up the DagBag from /home/airflow/.local/lib/python3.8/site-packages/airflow/example_dags/example_datasets.py
[2025-03-05T19:48:40.257+0000] {processor.py:839} INFO - DAG(s) dict_keys(['dataset_produces_2', 'dataset_consumes_unknown_never_scheduled', 'dataset_consumes_1', 'dataset_consumes_1_never_scheduled', 'dataset_produces_1', 'dataset_consumes_1_and_2']) retrieved from /home/airflow/.local/lib/python3.8/site-packages/airflow/example_dags/example_datasets.py
[2025-03-05T19:48:40.280+0000] {logging_mixin.py:154} INFO - [2025-03-05T19:48:40.280+0000] {dag.py:2941} INFO - Sync 6 DAGs
[2025-03-05T19:48:40.290+0000] {logging_mixin.py:154} INFO - [2025-03-05T19:48:40.290+0000] {dag.py:3722} INFO - Setting next_dagrun for dataset_consumes_1 to None, run_after=None
[2025-03-05T19:48:40.292+0000] {logging_mixin.py:154} INFO - [2025-03-05T19:48:40.292+0000] {dag.py:3722} INFO - Setting next_dagrun for dataset_consumes_1_and_2 to None, run_after=None
[2025-03-05T19:48:40.293+0000] {logging_mixin.py:154} INFO - [2025-03-05T19:48:40.293+0000] {dag.py:3722} INFO - Setting next_dagrun for dataset_consumes_1_never_scheduled to None, run_after=None
[2025-03-05T19:48:40.294+0000] {logging_mixin.py:154} INFO - [2025-03-05T19:48:40.294+0000] {dag.py:3722} INFO - Setting next_dagrun for dataset_consumes_unknown_never_scheduled to None, run_after=None
[2025-03-05T19:48:40.296+0000] {logging_mixin.py:154} INFO - [2025-03-05T19:48:40.296+0000] {dag.py:3722} INFO - Setting next_dagrun for dataset_produces_1 to 2025-03-04T00:00:00+00:00, run_after=2025-03-05T00:00:00+00:00
[2025-03-05T19:48:40.296+0000] {logging_mixin.py:154} INFO - [2025-03-05T19:48:40.296+0000] {dag.py:3722} INFO - Setting next_dagrun for dataset_produces_2 to None, run_after=None
[2025-03-05T19:48:40.309+0000] {processor.py:179} INFO - Processing /home/airflow/.local/lib/python3.8/site-packages/airflow/example_dags/example_datasets.py took 0.065 seconds
[2025-03-05T19:49:10.857+0000] {processor.py:157} INFO - Started process (PID=2565) to work on /home/airflow/.local/lib/python3.8/site-packages/airflow/example_dags/example_datasets.py
[2025-03-05T19:49:10.858+0000] {processor.py:829} INFO - Processing file /home/airflow/.local/lib/python3.8/site-packages/airflow/example_dags/example_datasets.py for tasks to queue
[2025-03-05T19:49:10.860+0000] {logging_mixin.py:154} INFO - [2025-03-05T19:49:10.860+0000] {dagbag.py:536} INFO - Filling up the DagBag from /home/airflow/.local/lib/python3.8/site-packages/airflow/example_dags/example_datasets.py
[2025-03-05T19:49:10.870+0000] {processor.py:839} INFO - DAG(s) dict_keys(['dataset_consumes_1_never_scheduled', 'dataset_consumes_1', 'dataset_produces_1', 'dataset_consumes_unknown_never_scheduled', 'dataset_produces_2', 'dataset_consumes_1_and_2']) retrieved from /home/airflow/.local/lib/python3.8/site-packages/airflow/example_dags/example_datasets.py
[2025-03-05T19:49:10.896+0000] {logging_mixin.py:154} INFO - [2025-03-05T19:49:10.895+0000] {dag.py:2941} INFO - Sync 6 DAGs
[2025-03-05T19:49:10.910+0000] {logging_mixin.py:154} INFO - [2025-03-05T19:49:10.910+0000] {dag.py:3722} INFO - Setting next_dagrun for dataset_consumes_1 to None, run_after=None
[2025-03-05T19:49:10.913+0000] {logging_mixin.py:154} INFO - [2025-03-05T19:49:10.912+0000] {dag.py:3722} INFO - Setting next_dagrun for dataset_consumes_1_and_2 to None, run_after=None
[2025-03-05T19:49:10.914+0000] {logging_mixin.py:154} INFO - [2025-03-05T19:49:10.914+0000] {dag.py:3722} INFO - Setting next_dagrun for dataset_consumes_1_never_scheduled to None, run_after=None
[2025-03-05T19:49:10.916+0000] {logging_mixin.py:154} INFO - [2025-03-05T19:49:10.916+0000] {dag.py:3722} INFO - Setting next_dagrun for dataset_consumes_unknown_never_scheduled to None, run_after=None
[2025-03-05T19:49:10.917+0000] {logging_mixin.py:154} INFO - [2025-03-05T19:49:10.917+0000] {dag.py:3722} INFO - Setting next_dagrun for dataset_produces_1 to 2025-03-04T00:00:00+00:00, run_after=2025-03-05T00:00:00+00:00
[2025-03-05T19:49:10.917+0000] {logging_mixin.py:154} INFO - [2025-03-05T19:49:10.917+0000] {dag.py:3722} INFO - Setting next_dagrun for dataset_produces_2 to None, run_after=None
[2025-03-05T19:49:10.935+0000] {processor.py:179} INFO - Processing /home/airflow/.local/lib/python3.8/site-packages/airflow/example_dags/example_datasets.py took 0.082 seconds
[2025-03-05T19:49:41.456+0000] {processor.py:157} INFO - Started process (PID=2621) to work on /home/airflow/.local/lib/python3.8/site-packages/airflow/example_dags/example_datasets.py
[2025-03-05T19:49:41.458+0000] {processor.py:829} INFO - Processing file /home/airflow/.local/lib/python3.8/site-packages/airflow/example_dags/example_datasets.py for tasks to queue
[2025-03-05T19:49:41.461+0000] {logging_mixin.py:154} INFO - [2025-03-05T19:49:41.461+0000] {dagbag.py:536} INFO - Filling up the DagBag from /home/airflow/.local/lib/python3.8/site-packages/airflow/example_dags/example_datasets.py
[2025-03-05T19:49:41.472+0000] {processor.py:839} INFO - DAG(s) dict_keys(['dataset_produces_2', 'dataset_consumes_unknown_never_scheduled', 'dataset_consumes_1', 'dataset_consumes_1_and_2', 'dataset_consumes_1_never_scheduled', 'dataset_produces_1']) retrieved from /home/airflow/.local/lib/python3.8/site-packages/airflow/example_dags/example_datasets.py
[2025-03-05T19:49:41.496+0000] {logging_mixin.py:154} INFO - [2025-03-05T19:49:41.496+0000] {dag.py:2941} INFO - Sync 6 DAGs
[2025-03-05T19:49:41.507+0000] {logging_mixin.py:154} INFO - [2025-03-05T19:49:41.507+0000] {dag.py:3722} INFO - Setting next_dagrun for dataset_consumes_1 to None, run_after=None
[2025-03-05T19:49:41.510+0000] {logging_mixin.py:154} INFO - [2025-03-05T19:49:41.510+0000] {dag.py:3722} INFO - Setting next_dagrun for dataset_consumes_1_and_2 to None, run_after=None
[2025-03-05T19:49:41.512+0000] {logging_mixin.py:154} INFO - [2025-03-05T19:49:41.512+0000] {dag.py:3722} INFO - Setting next_dagrun for dataset_consumes_1_never_scheduled to None, run_after=None
[2025-03-05T19:49:41.512+0000] {logging_mixin.py:154} INFO - [2025-03-05T19:49:41.512+0000] {dag.py:3722} INFO - Setting next_dagrun for dataset_consumes_unknown_never_scheduled to None, run_after=None
[2025-03-05T19:49:41.513+0000] {logging_mixin.py:154} INFO - [2025-03-05T19:49:41.513+0000] {dag.py:3722} INFO - Setting next_dagrun for dataset_produces_1 to 2025-03-04T00:00:00+00:00, run_after=2025-03-05T00:00:00+00:00
[2025-03-05T19:49:41.514+0000] {logging_mixin.py:154} INFO - [2025-03-05T19:49:41.514+0000] {dag.py:3722} INFO - Setting next_dagrun for dataset_produces_2 to None, run_after=None
[2025-03-05T19:49:41.533+0000] {processor.py:179} INFO - Processing /home/airflow/.local/lib/python3.8/site-packages/airflow/example_dags/example_datasets.py took 0.081 seconds
[2025-03-05T19:50:12.051+0000] {processor.py:157} INFO - Started process (PID=2677) to work on /home/airflow/.local/lib/python3.8/site-packages/airflow/example_dags/example_datasets.py
[2025-03-05T19:50:12.051+0000] {processor.py:829} INFO - Processing file /home/airflow/.local/lib/python3.8/site-packages/airflow/example_dags/example_datasets.py for tasks to queue
[2025-03-05T19:50:12.056+0000] {logging_mixin.py:154} INFO - [2025-03-05T19:50:12.055+0000] {dagbag.py:536} INFO - Filling up the DagBag from /home/airflow/.local/lib/python3.8/site-packages/airflow/example_dags/example_datasets.py
[2025-03-05T19:50:12.061+0000] {processor.py:839} INFO - DAG(s) dict_keys(['dataset_consumes_1_never_scheduled', 'dataset_consumes_1_and_2', 'dataset_consumes_unknown_never_scheduled', 'dataset_produces_2', 'dataset_produces_1', 'dataset_consumes_1']) retrieved from /home/airflow/.local/lib/python3.8/site-packages/airflow/example_dags/example_datasets.py
[2025-03-05T19:50:12.085+0000] {logging_mixin.py:154} INFO - [2025-03-05T19:50:12.085+0000] {dag.py:2941} INFO - Sync 6 DAGs
[2025-03-05T19:50:12.096+0000] {logging_mixin.py:154} INFO - [2025-03-05T19:50:12.096+0000] {dag.py:3722} INFO - Setting next_dagrun for dataset_consumes_1 to None, run_after=None
[2025-03-05T19:50:12.098+0000] {logging_mixin.py:154} INFO - [2025-03-05T19:50:12.098+0000] {dag.py:3722} INFO - Setting next_dagrun for dataset_consumes_1_and_2 to None, run_after=None
[2025-03-05T19:50:12.100+0000] {logging_mixin.py:154} INFO - [2025-03-05T19:50:12.100+0000] {dag.py:3722} INFO - Setting next_dagrun for dataset_consumes_1_never_scheduled to None, run_after=None
[2025-03-05T19:50:12.102+0000] {logging_mixin.py:154} INFO - [2025-03-05T19:50:12.102+0000] {dag.py:3722} INFO - Setting next_dagrun for dataset_consumes_unknown_never_scheduled to None, run_after=None
[2025-03-05T19:50:12.103+0000] {logging_mixin.py:154} INFO - [2025-03-05T19:50:12.103+0000] {dag.py:3722} INFO - Setting next_dagrun for dataset_produces_1 to 2025-03-04T00:00:00+00:00, run_after=2025-03-05T00:00:00+00:00
[2025-03-05T19:50:12.104+0000] {logging_mixin.py:154} INFO - [2025-03-05T19:50:12.104+0000] {dag.py:3722} INFO - Setting next_dagrun for dataset_produces_2 to None, run_after=None
[2025-03-05T19:50:12.120+0000] {processor.py:179} INFO - Processing /home/airflow/.local/lib/python3.8/site-packages/airflow/example_dags/example_datasets.py took 0.073 seconds
[2025-03-05T19:50:42.706+0000] {processor.py:157} INFO - Started process (PID=2733) to work on /home/airflow/.local/lib/python3.8/site-packages/airflow/example_dags/example_datasets.py
[2025-03-05T19:50:42.708+0000] {processor.py:829} INFO - Processing file /home/airflow/.local/lib/python3.8/site-packages/airflow/example_dags/example_datasets.py for tasks to queue
[2025-03-05T19:50:42.710+0000] {logging_mixin.py:154} INFO - [2025-03-05T19:50:42.710+0000] {dagbag.py:536} INFO - Filling up the DagBag from /home/airflow/.local/lib/python3.8/site-packages/airflow/example_dags/example_datasets.py
[2025-03-05T19:50:42.720+0000] {processor.py:839} INFO - DAG(s) dict_keys(['dataset_consumes_1', 'dataset_produces_2', 'dataset_produces_1', 'dataset_consumes_1_never_scheduled', 'dataset_consumes_1_and_2', 'dataset_consumes_unknown_never_scheduled']) retrieved from /home/airflow/.local/lib/python3.8/site-packages/airflow/example_dags/example_datasets.py
[2025-03-05T19:50:42.743+0000] {logging_mixin.py:154} INFO - [2025-03-05T19:50:42.743+0000] {dag.py:2941} INFO - Sync 6 DAGs
[2025-03-05T19:50:42.756+0000] {logging_mixin.py:154} INFO - [2025-03-05T19:50:42.756+0000] {dag.py:3722} INFO - Setting next_dagrun for dataset_consumes_1 to None, run_after=None
[2025-03-05T19:50:42.758+0000] {logging_mixin.py:154} INFO - [2025-03-05T19:50:42.758+0000] {dag.py:3722} INFO - Setting next_dagrun for dataset_consumes_1_and_2 to None, run_after=None
[2025-03-05T19:50:42.759+0000] {logging_mixin.py:154} INFO - [2025-03-05T19:50:42.759+0000] {dag.py:3722} INFO - Setting next_dagrun for dataset_consumes_1_never_scheduled to None, run_after=None
[2025-03-05T19:50:42.760+0000] {logging_mixin.py:154} INFO - [2025-03-05T19:50:42.760+0000] {dag.py:3722} INFO - Setting next_dagrun for dataset_consumes_unknown_never_scheduled to None, run_after=None
[2025-03-05T19:50:42.762+0000] {logging_mixin.py:154} INFO - [2025-03-05T19:50:42.762+0000] {dag.py:3722} INFO - Setting next_dagrun for dataset_produces_1 to 2025-03-04T00:00:00+00:00, run_after=2025-03-05T00:00:00+00:00
[2025-03-05T19:50:42.763+0000] {logging_mixin.py:154} INFO - [2025-03-05T19:50:42.763+0000] {dag.py:3722} INFO - Setting next_dagrun for dataset_produces_2 to None, run_after=None
[2025-03-05T19:50:42.776+0000] {processor.py:179} INFO - Processing /home/airflow/.local/lib/python3.8/site-packages/airflow/example_dags/example_datasets.py took 0.075 seconds
[2025-03-05T19:51:13.261+0000] {processor.py:157} INFO - Started process (PID=2789) to work on /home/airflow/.local/lib/python3.8/site-packages/airflow/example_dags/example_datasets.py
[2025-03-05T19:51:13.261+0000] {processor.py:829} INFO - Processing file /home/airflow/.local/lib/python3.8/site-packages/airflow/example_dags/example_datasets.py for tasks to queue
[2025-03-05T19:51:13.263+0000] {logging_mixin.py:154} INFO - [2025-03-05T19:51:13.263+0000] {dagbag.py:536} INFO - Filling up the DagBag from /home/airflow/.local/lib/python3.8/site-packages/airflow/example_dags/example_datasets.py
[2025-03-05T19:51:13.270+0000] {processor.py:839} INFO - DAG(s) dict_keys(['dataset_consumes_1_never_scheduled', 'dataset_consumes_unknown_never_scheduled', 'dataset_consumes_1_and_2', 'dataset_produces_1', 'dataset_produces_2', 'dataset_consumes_1']) retrieved from /home/airflow/.local/lib/python3.8/site-packages/airflow/example_dags/example_datasets.py
[2025-03-05T19:51:13.288+0000] {logging_mixin.py:154} INFO - [2025-03-05T19:51:13.288+0000] {dag.py:2941} INFO - Sync 6 DAGs
[2025-03-05T19:51:13.299+0000] {logging_mixin.py:154} INFO - [2025-03-05T19:51:13.299+0000] {dag.py:3722} INFO - Setting next_dagrun for dataset_consumes_1 to None, run_after=None
[2025-03-05T19:51:13.301+0000] {logging_mixin.py:154} INFO - [2025-03-05T19:51:13.301+0000] {dag.py:3722} INFO - Setting next_dagrun for dataset_consumes_1_and_2 to None, run_after=None
[2025-03-05T19:51:13.302+0000] {logging_mixin.py:154} INFO - [2025-03-05T19:51:13.302+0000] {dag.py:3722} INFO - Setting next_dagrun for dataset_consumes_1_never_scheduled to None, run_after=None
[2025-03-05T19:51:13.303+0000] {logging_mixin.py:154} INFO - [2025-03-05T19:51:13.303+0000] {dag.py:3722} INFO - Setting next_dagrun for dataset_consumes_unknown_never_scheduled to None, run_after=None
[2025-03-05T19:51:13.304+0000] {logging_mixin.py:154} INFO - [2025-03-05T19:51:13.304+0000] {dag.py:3722} INFO - Setting next_dagrun for dataset_produces_1 to 2025-03-04T00:00:00+00:00, run_after=2025-03-05T00:00:00+00:00
[2025-03-05T19:51:13.306+0000] {logging_mixin.py:154} INFO - [2025-03-05T19:51:13.306+0000] {dag.py:3722} INFO - Setting next_dagrun for dataset_produces_2 to None, run_after=None
[2025-03-05T19:51:13.322+0000] {processor.py:179} INFO - Processing /home/airflow/.local/lib/python3.8/site-packages/airflow/example_dags/example_datasets.py took 0.065 seconds
[2025-03-05T19:51:43.963+0000] {processor.py:157} INFO - Started process (PID=2845) to work on /home/airflow/.local/lib/python3.8/site-packages/airflow/example_dags/example_datasets.py
[2025-03-05T19:51:43.964+0000] {processor.py:829} INFO - Processing file /home/airflow/.local/lib/python3.8/site-packages/airflow/example_dags/example_datasets.py for tasks to queue
[2025-03-05T19:51:43.966+0000] {logging_mixin.py:154} INFO - [2025-03-05T19:51:43.966+0000] {dagbag.py:536} INFO - Filling up the DagBag from /home/airflow/.local/lib/python3.8/site-packages/airflow/example_dags/example_datasets.py
[2025-03-05T19:51:43.974+0000] {processor.py:839} INFO - DAG(s) dict_keys(['dataset_consumes_unknown_never_scheduled', 'dataset_consumes_1', 'dataset_produces_2', 'dataset_consumes_1_never_scheduled', 'dataset_consumes_1_and_2', 'dataset_produces_1']) retrieved from /home/airflow/.local/lib/python3.8/site-packages/airflow/example_dags/example_datasets.py
[2025-03-05T19:51:44.000+0000] {logging_mixin.py:154} INFO - [2025-03-05T19:51:44.000+0000] {dag.py:2941} INFO - Sync 6 DAGs
[2025-03-05T19:51:44.014+0000] {logging_mixin.py:154} INFO - [2025-03-05T19:51:44.013+0000] {dag.py:3722} INFO - Setting next_dagrun for dataset_consumes_1 to None, run_after=None
[2025-03-05T19:51:44.016+0000] {logging_mixin.py:154} INFO - [2025-03-05T19:51:44.016+0000] {dag.py:3722} INFO - Setting next_dagrun for dataset_consumes_1_and_2 to None, run_after=None
[2025-03-05T19:51:44.017+0000] {logging_mixin.py:154} INFO - [2025-03-05T19:51:44.017+0000] {dag.py:3722} INFO - Setting next_dagrun for dataset_consumes_1_never_scheduled to None, run_after=None
[2025-03-05T19:51:44.018+0000] {logging_mixin.py:154} INFO - [2025-03-05T19:51:44.018+0000] {dag.py:3722} INFO - Setting next_dagrun for dataset_consumes_unknown_never_scheduled to None, run_after=None
[2025-03-05T19:51:44.020+0000] {logging_mixin.py:154} INFO - [2025-03-05T19:51:44.020+0000] {dag.py:3722} INFO - Setting next_dagrun for dataset_produces_1 to 2025-03-04T00:00:00+00:00, run_after=2025-03-05T00:00:00+00:00
[2025-03-05T19:51:44.022+0000] {logging_mixin.py:154} INFO - [2025-03-05T19:51:44.022+0000] {dag.py:3722} INFO - Setting next_dagrun for dataset_produces_2 to None, run_after=None
[2025-03-05T19:51:44.037+0000] {processor.py:179} INFO - Processing /home/airflow/.local/lib/python3.8/site-packages/airflow/example_dags/example_datasets.py took 0.078 seconds
[2025-03-05T19:52:14.693+0000] {processor.py:157} INFO - Started process (PID=2901) to work on /home/airflow/.local/lib/python3.8/site-packages/airflow/example_dags/example_datasets.py
[2025-03-05T19:52:14.694+0000] {processor.py:829} INFO - Processing file /home/airflow/.local/lib/python3.8/site-packages/airflow/example_dags/example_datasets.py for tasks to queue
[2025-03-05T19:52:14.696+0000] {logging_mixin.py:154} INFO - [2025-03-05T19:52:14.696+0000] {dagbag.py:536} INFO - Filling up the DagBag from /home/airflow/.local/lib/python3.8/site-packages/airflow/example_dags/example_datasets.py
[2025-03-05T19:52:14.705+0000] {processor.py:839} INFO - DAG(s) dict_keys(['dataset_produces_1', 'dataset_consumes_1_never_scheduled', 'dataset_consumes_unknown_never_scheduled', 'dataset_consumes_1_and_2', 'dataset_produces_2', 'dataset_consumes_1']) retrieved from /home/airflow/.local/lib/python3.8/site-packages/airflow/example_dags/example_datasets.py
[2025-03-05T19:52:14.732+0000] {logging_mixin.py:154} INFO - [2025-03-05T19:52:14.732+0000] {dag.py:2941} INFO - Sync 6 DAGs
[2025-03-05T19:52:14.743+0000] {logging_mixin.py:154} INFO - [2025-03-05T19:52:14.743+0000] {dag.py:3722} INFO - Setting next_dagrun for dataset_consumes_1 to None, run_after=None
[2025-03-05T19:52:14.746+0000] {logging_mixin.py:154} INFO - [2025-03-05T19:52:14.746+0000] {dag.py:3722} INFO - Setting next_dagrun for dataset_consumes_1_and_2 to None, run_after=None
[2025-03-05T19:52:14.749+0000] {logging_mixin.py:154} INFO - [2025-03-05T19:52:14.748+0000] {dag.py:3722} INFO - Setting next_dagrun for dataset_consumes_1_never_scheduled to None, run_after=None
[2025-03-05T19:52:14.749+0000] {logging_mixin.py:154} INFO - [2025-03-05T19:52:14.749+0000] {dag.py:3722} INFO - Setting next_dagrun for dataset_consumes_unknown_never_scheduled to None, run_after=None
[2025-03-05T19:52:14.750+0000] {logging_mixin.py:154} INFO - [2025-03-05T19:52:14.750+0000] {dag.py:3722} INFO - Setting next_dagrun for dataset_produces_1 to 2025-03-04T00:00:00+00:00, run_after=2025-03-05T00:00:00+00:00
[2025-03-05T19:52:14.751+0000] {logging_mixin.py:154} INFO - [2025-03-05T19:52:14.750+0000] {dag.py:3722} INFO - Setting next_dagrun for dataset_produces_2 to None, run_after=None
[2025-03-05T19:52:14.765+0000] {processor.py:179} INFO - Processing /home/airflow/.local/lib/python3.8/site-packages/airflow/example_dags/example_datasets.py took 0.076 seconds
[2025-03-05T19:52:45.314+0000] {processor.py:157} INFO - Started process (PID=2964) to work on /home/airflow/.local/lib/python3.8/site-packages/airflow/example_dags/example_datasets.py
[2025-03-05T19:52:45.315+0000] {processor.py:829} INFO - Processing file /home/airflow/.local/lib/python3.8/site-packages/airflow/example_dags/example_datasets.py for tasks to queue
[2025-03-05T19:52:45.318+0000] {logging_mixin.py:154} INFO - [2025-03-05T19:52:45.317+0000] {dagbag.py:536} INFO - Filling up the DagBag from /home/airflow/.local/lib/python3.8/site-packages/airflow/example_dags/example_datasets.py
[2025-03-05T19:52:45.327+0000] {processor.py:839} INFO - DAG(s) dict_keys(['dataset_consumes_1', 'dataset_produces_2', 'dataset_consumes_1_never_scheduled', 'dataset_consumes_1_and_2', 'dataset_consumes_unknown_never_scheduled', 'dataset_produces_1']) retrieved from /home/airflow/.local/lib/python3.8/site-packages/airflow/example_dags/example_datasets.py
[2025-03-05T19:52:45.351+0000] {logging_mixin.py:154} INFO - [2025-03-05T19:52:45.351+0000] {dag.py:2941} INFO - Sync 6 DAGs
[2025-03-05T19:52:45.361+0000] {logging_mixin.py:154} INFO - [2025-03-05T19:52:45.361+0000] {dag.py:3722} INFO - Setting next_dagrun for dataset_consumes_1 to None, run_after=None
[2025-03-05T19:52:45.363+0000] {logging_mixin.py:154} INFO - [2025-03-05T19:52:45.363+0000] {dag.py:3722} INFO - Setting next_dagrun for dataset_consumes_1_and_2 to None, run_after=None
[2025-03-05T19:52:45.364+0000] {logging_mixin.py:154} INFO - [2025-03-05T19:52:45.364+0000] {dag.py:3722} INFO - Setting next_dagrun for dataset_consumes_1_never_scheduled to None, run_after=None
[2025-03-05T19:52:45.365+0000] {logging_mixin.py:154} INFO - [2025-03-05T19:52:45.365+0000] {dag.py:3722} INFO - Setting next_dagrun for dataset_consumes_unknown_never_scheduled to None, run_after=None
[2025-03-05T19:52:45.367+0000] {logging_mixin.py:154} INFO - [2025-03-05T19:52:45.367+0000] {dag.py:3722} INFO - Setting next_dagrun for dataset_produces_1 to 2025-03-04T00:00:00+00:00, run_after=2025-03-05T00:00:00+00:00
[2025-03-05T19:52:45.369+0000] {logging_mixin.py:154} INFO - [2025-03-05T19:52:45.369+0000] {dag.py:3722} INFO - Setting next_dagrun for dataset_produces_2 to None, run_after=None
[2025-03-05T19:52:45.383+0000] {processor.py:179} INFO - Processing /home/airflow/.local/lib/python3.8/site-packages/airflow/example_dags/example_datasets.py took 0.073 seconds
[2025-03-05T19:53:15.912+0000] {processor.py:157} INFO - Started process (PID=3020) to work on /home/airflow/.local/lib/python3.8/site-packages/airflow/example_dags/example_datasets.py
[2025-03-05T19:53:15.913+0000] {processor.py:829} INFO - Processing file /home/airflow/.local/lib/python3.8/site-packages/airflow/example_dags/example_datasets.py for tasks to queue
[2025-03-05T19:53:15.916+0000] {logging_mixin.py:154} INFO - [2025-03-05T19:53:15.915+0000] {dagbag.py:536} INFO - Filling up the DagBag from /home/airflow/.local/lib/python3.8/site-packages/airflow/example_dags/example_datasets.py
[2025-03-05T19:53:15.924+0000] {processor.py:839} INFO - DAG(s) dict_keys(['dataset_consumes_1_never_scheduled', 'dataset_consumes_1_and_2', 'dataset_consumes_1', 'dataset_consumes_unknown_never_scheduled', 'dataset_produces_2', 'dataset_produces_1']) retrieved from /home/airflow/.local/lib/python3.8/site-packages/airflow/example_dags/example_datasets.py
[2025-03-05T19:53:15.945+0000] {logging_mixin.py:154} INFO - [2025-03-05T19:53:15.945+0000] {dag.py:2941} INFO - Sync 6 DAGs
[2025-03-05T19:53:15.957+0000] {logging_mixin.py:154} INFO - [2025-03-05T19:53:15.957+0000] {dag.py:3722} INFO - Setting next_dagrun for dataset_consumes_1 to None, run_after=None
[2025-03-05T19:53:15.960+0000] {logging_mixin.py:154} INFO - [2025-03-05T19:53:15.960+0000] {dag.py:3722} INFO - Setting next_dagrun for dataset_consumes_1_and_2 to None, run_after=None
[2025-03-05T19:53:15.961+0000] {logging_mixin.py:154} INFO - [2025-03-05T19:53:15.961+0000] {dag.py:3722} INFO - Setting next_dagrun for dataset_consumes_1_never_scheduled to None, run_after=None
[2025-03-05T19:53:15.961+0000] {logging_mixin.py:154} INFO - [2025-03-05T19:53:15.961+0000] {dag.py:3722} INFO - Setting next_dagrun for dataset_consumes_unknown_never_scheduled to None, run_after=None
[2025-03-05T19:53:15.964+0000] {logging_mixin.py:154} INFO - [2025-03-05T19:53:15.963+0000] {dag.py:3722} INFO - Setting next_dagrun for dataset_produces_1 to 2025-03-04T00:00:00+00:00, run_after=2025-03-05T00:00:00+00:00
[2025-03-05T19:53:15.964+0000] {logging_mixin.py:154} INFO - [2025-03-05T19:53:15.964+0000] {dag.py:3722} INFO - Setting next_dagrun for dataset_produces_2 to None, run_after=None
[2025-03-05T19:53:15.978+0000] {processor.py:179} INFO - Processing /home/airflow/.local/lib/python3.8/site-packages/airflow/example_dags/example_datasets.py took 0.070 seconds
[2025-03-05T19:53:46.447+0000] {processor.py:157} INFO - Started process (PID=3076) to work on /home/airflow/.local/lib/python3.8/site-packages/airflow/example_dags/example_datasets.py
[2025-03-05T19:53:46.448+0000] {processor.py:829} INFO - Processing file /home/airflow/.local/lib/python3.8/site-packages/airflow/example_dags/example_datasets.py for tasks to queue
[2025-03-05T19:53:46.450+0000] {logging_mixin.py:154} INFO - [2025-03-05T19:53:46.450+0000] {dagbag.py:536} INFO - Filling up the DagBag from /home/airflow/.local/lib/python3.8/site-packages/airflow/example_dags/example_datasets.py
[2025-03-05T19:53:46.460+0000] {processor.py:839} INFO - DAG(s) dict_keys(['dataset_consumes_1_and_2', 'dataset_consumes_1_never_scheduled', 'dataset_consumes_1', 'dataset_produces_1', 'dataset_consumes_unknown_never_scheduled', 'dataset_produces_2']) retrieved from /home/airflow/.local/lib/python3.8/site-packages/airflow/example_dags/example_datasets.py
[2025-03-05T19:53:46.482+0000] {logging_mixin.py:154} INFO - [2025-03-05T19:53:46.482+0000] {dag.py:2941} INFO - Sync 6 DAGs
[2025-03-05T19:53:46.496+0000] {logging_mixin.py:154} INFO - [2025-03-05T19:53:46.496+0000] {dag.py:3722} INFO - Setting next_dagrun for dataset_consumes_1 to None, run_after=None
[2025-03-05T19:53:46.499+0000] {logging_mixin.py:154} INFO - [2025-03-05T19:53:46.499+0000] {dag.py:3722} INFO - Setting next_dagrun for dataset_consumes_1_and_2 to None, run_after=None
[2025-03-05T19:53:46.501+0000] {logging_mixin.py:154} INFO - [2025-03-05T19:53:46.501+0000] {dag.py:3722} INFO - Setting next_dagrun for dataset_consumes_1_never_scheduled to None, run_after=None
[2025-03-05T19:53:46.501+0000] {logging_mixin.py:154} INFO - [2025-03-05T19:53:46.501+0000] {dag.py:3722} INFO - Setting next_dagrun for dataset_consumes_unknown_never_scheduled to None, run_after=None
[2025-03-05T19:53:46.503+0000] {logging_mixin.py:154} INFO - [2025-03-05T19:53:46.503+0000] {dag.py:3722} INFO - Setting next_dagrun for dataset_produces_1 to 2025-03-04T00:00:00+00:00, run_after=2025-03-05T00:00:00+00:00
[2025-03-05T19:53:46.503+0000] {logging_mixin.py:154} INFO - [2025-03-05T19:53:46.503+0000] {dag.py:3722} INFO - Setting next_dagrun for dataset_produces_2 to None, run_after=None
[2025-03-05T19:53:46.517+0000] {processor.py:179} INFO - Processing /home/airflow/.local/lib/python3.8/site-packages/airflow/example_dags/example_datasets.py took 0.074 seconds
[2025-03-05T19:54:17.022+0000] {processor.py:157} INFO - Started process (PID=3131) to work on /home/airflow/.local/lib/python3.8/site-packages/airflow/example_dags/example_datasets.py
[2025-03-05T19:54:17.024+0000] {processor.py:829} INFO - Processing file /home/airflow/.local/lib/python3.8/site-packages/airflow/example_dags/example_datasets.py for tasks to queue
[2025-03-05T19:54:17.026+0000] {logging_mixin.py:154} INFO - [2025-03-05T19:54:17.026+0000] {dagbag.py:536} INFO - Filling up the DagBag from /home/airflow/.local/lib/python3.8/site-packages/airflow/example_dags/example_datasets.py
[2025-03-05T19:54:17.035+0000] {processor.py:839} INFO - DAG(s) dict_keys(['dataset_consumes_1', 'dataset_produces_2', 'dataset_produces_1', 'dataset_consumes_1_never_scheduled', 'dataset_consumes_unknown_never_scheduled', 'dataset_consumes_1_and_2']) retrieved from /home/airflow/.local/lib/python3.8/site-packages/airflow/example_dags/example_datasets.py
[2025-03-05T19:54:17.058+0000] {logging_mixin.py:154} INFO - [2025-03-05T19:54:17.057+0000] {dag.py:2941} INFO - Sync 6 DAGs
[2025-03-05T19:54:17.069+0000] {logging_mixin.py:154} INFO - [2025-03-05T19:54:17.069+0000] {dag.py:3722} INFO - Setting next_dagrun for dataset_consumes_1 to None, run_after=None
[2025-03-05T19:54:17.071+0000] {logging_mixin.py:154} INFO - [2025-03-05T19:54:17.071+0000] {dag.py:3722} INFO - Setting next_dagrun for dataset_consumes_1_and_2 to None, run_after=None
[2025-03-05T19:54:17.071+0000] {logging_mixin.py:154} INFO - [2025-03-05T19:54:17.071+0000] {dag.py:3722} INFO - Setting next_dagrun for dataset_consumes_1_never_scheduled to None, run_after=None
[2025-03-05T19:54:17.072+0000] {logging_mixin.py:154} INFO - [2025-03-05T19:54:17.072+0000] {dag.py:3722} INFO - Setting next_dagrun for dataset_consumes_unknown_never_scheduled to None, run_after=None
[2025-03-05T19:54:17.073+0000] {logging_mixin.py:154} INFO - [2025-03-05T19:54:17.073+0000] {dag.py:3722} INFO - Setting next_dagrun for dataset_produces_1 to 2025-03-04T00:00:00+00:00, run_after=2025-03-05T00:00:00+00:00
[2025-03-05T19:54:17.073+0000] {logging_mixin.py:154} INFO - [2025-03-05T19:54:17.073+0000] {dag.py:3722} INFO - Setting next_dagrun for dataset_produces_2 to None, run_after=None
[2025-03-05T19:54:17.093+0000] {processor.py:179} INFO - Processing /home/airflow/.local/lib/python3.8/site-packages/airflow/example_dags/example_datasets.py took 0.074 seconds
[2025-03-05T19:54:47.586+0000] {processor.py:157} INFO - Started process (PID=3187) to work on /home/airflow/.local/lib/python3.8/site-packages/airflow/example_dags/example_datasets.py
[2025-03-05T19:54:47.587+0000] {processor.py:829} INFO - Processing file /home/airflow/.local/lib/python3.8/site-packages/airflow/example_dags/example_datasets.py for tasks to queue
[2025-03-05T19:54:47.589+0000] {logging_mixin.py:154} INFO - [2025-03-05T19:54:47.588+0000] {dagbag.py:536} INFO - Filling up the DagBag from /home/airflow/.local/lib/python3.8/site-packages/airflow/example_dags/example_datasets.py
[2025-03-05T19:54:47.598+0000] {processor.py:839} INFO - DAG(s) dict_keys(['dataset_consumes_1_and_2', 'dataset_produces_2', 'dataset_consumes_1', 'dataset_produces_1', 'dataset_consumes_1_never_scheduled', 'dataset_consumes_unknown_never_scheduled']) retrieved from /home/airflow/.local/lib/python3.8/site-packages/airflow/example_dags/example_datasets.py
[2025-03-05T19:54:47.619+0000] {logging_mixin.py:154} INFO - [2025-03-05T19:54:47.619+0000] {dag.py:2941} INFO - Sync 6 DAGs
[2025-03-05T19:54:47.629+0000] {logging_mixin.py:154} INFO - [2025-03-05T19:54:47.629+0000] {dag.py:3722} INFO - Setting next_dagrun for dataset_consumes_1 to None, run_after=None
[2025-03-05T19:54:47.631+0000] {logging_mixin.py:154} INFO - [2025-03-05T19:54:47.631+0000] {dag.py:3722} INFO - Setting next_dagrun for dataset_consumes_1_and_2 to None, run_after=None
[2025-03-05T19:54:47.632+0000] {logging_mixin.py:154} INFO - [2025-03-05T19:54:47.632+0000] {dag.py:3722} INFO - Setting next_dagrun for dataset_consumes_1_never_scheduled to None, run_after=None
[2025-03-05T19:54:47.633+0000] {logging_mixin.py:154} INFO - [2025-03-05T19:54:47.632+0000] {dag.py:3722} INFO - Setting next_dagrun for dataset_consumes_unknown_never_scheduled to None, run_after=None
[2025-03-05T19:54:47.634+0000] {logging_mixin.py:154} INFO - [2025-03-05T19:54:47.634+0000] {dag.py:3722} INFO - Setting next_dagrun for dataset_produces_1 to 2025-03-04T00:00:00+00:00, run_after=2025-03-05T00:00:00+00:00
[2025-03-05T19:54:47.635+0000] {logging_mixin.py:154} INFO - [2025-03-05T19:54:47.635+0000] {dag.py:3722} INFO - Setting next_dagrun for dataset_produces_2 to None, run_after=None
[2025-03-05T19:54:47.649+0000] {processor.py:179} INFO - Processing /home/airflow/.local/lib/python3.8/site-packages/airflow/example_dags/example_datasets.py took 0.067 seconds
[2025-03-05T19:55:18.124+0000] {processor.py:157} INFO - Started process (PID=3243) to work on /home/airflow/.local/lib/python3.8/site-packages/airflow/example_dags/example_datasets.py
[2025-03-05T19:55:18.126+0000] {processor.py:829} INFO - Processing file /home/airflow/.local/lib/python3.8/site-packages/airflow/example_dags/example_datasets.py for tasks to queue
[2025-03-05T19:55:18.128+0000] {logging_mixin.py:154} INFO - [2025-03-05T19:55:18.128+0000] {dagbag.py:536} INFO - Filling up the DagBag from /home/airflow/.local/lib/python3.8/site-packages/airflow/example_dags/example_datasets.py
[2025-03-05T19:55:18.137+0000] {processor.py:839} INFO - DAG(s) dict_keys(['dataset_consumes_1_and_2', 'dataset_produces_2', 'dataset_produces_1', 'dataset_consumes_unknown_never_scheduled', 'dataset_consumes_1_never_scheduled', 'dataset_consumes_1']) retrieved from /home/airflow/.local/lib/python3.8/site-packages/airflow/example_dags/example_datasets.py
[2025-03-05T19:55:18.160+0000] {logging_mixin.py:154} INFO - [2025-03-05T19:55:18.160+0000] {dag.py:2941} INFO - Sync 6 DAGs
[2025-03-05T19:55:18.172+0000] {logging_mixin.py:154} INFO - [2025-03-05T19:55:18.172+0000] {dag.py:3722} INFO - Setting next_dagrun for dataset_consumes_1 to None, run_after=None
[2025-03-05T19:55:18.174+0000] {logging_mixin.py:154} INFO - [2025-03-05T19:55:18.173+0000] {dag.py:3722} INFO - Setting next_dagrun for dataset_consumes_1_and_2 to None, run_after=None
[2025-03-05T19:55:18.174+0000] {logging_mixin.py:154} INFO - [2025-03-05T19:55:18.174+0000] {dag.py:3722} INFO - Setting next_dagrun for dataset_consumes_1_never_scheduled to None, run_after=None
[2025-03-05T19:55:18.175+0000] {logging_mixin.py:154} INFO - [2025-03-05T19:55:18.175+0000] {dag.py:3722} INFO - Setting next_dagrun for dataset_consumes_unknown_never_scheduled to None, run_after=None
[2025-03-05T19:55:18.177+0000] {logging_mixin.py:154} INFO - [2025-03-05T19:55:18.177+0000] {dag.py:3722} INFO - Setting next_dagrun for dataset_produces_1 to 2025-03-04T00:00:00+00:00, run_after=2025-03-05T00:00:00+00:00
[2025-03-05T19:55:18.179+0000] {logging_mixin.py:154} INFO - [2025-03-05T19:55:18.179+0000] {dag.py:3722} INFO - Setting next_dagrun for dataset_produces_2 to None, run_after=None
[2025-03-05T19:55:18.193+0000] {processor.py:179} INFO - Processing /home/airflow/.local/lib/python3.8/site-packages/airflow/example_dags/example_datasets.py took 0.075 seconds
[2025-03-05T19:55:48.769+0000] {processor.py:157} INFO - Started process (PID=3299) to work on /home/airflow/.local/lib/python3.8/site-packages/airflow/example_dags/example_datasets.py
[2025-03-05T19:55:48.770+0000] {processor.py:829} INFO - Processing file /home/airflow/.local/lib/python3.8/site-packages/airflow/example_dags/example_datasets.py for tasks to queue
[2025-03-05T19:55:48.774+0000] {logging_mixin.py:154} INFO - [2025-03-05T19:55:48.774+0000] {dagbag.py:536} INFO - Filling up the DagBag from /home/airflow/.local/lib/python3.8/site-packages/airflow/example_dags/example_datasets.py
[2025-03-05T19:55:48.786+0000] {processor.py:839} INFO - DAG(s) dict_keys(['dataset_consumes_1_and_2', 'dataset_consumes_1', 'dataset_consumes_1_never_scheduled', 'dataset_produces_1', 'dataset_produces_2', 'dataset_consumes_unknown_never_scheduled']) retrieved from /home/airflow/.local/lib/python3.8/site-packages/airflow/example_dags/example_datasets.py
[2025-03-05T19:55:48.811+0000] {logging_mixin.py:154} INFO - [2025-03-05T19:55:48.811+0000] {dag.py:2941} INFO - Sync 6 DAGs
[2025-03-05T19:55:48.824+0000] {logging_mixin.py:154} INFO - [2025-03-05T19:55:48.824+0000] {dag.py:3722} INFO - Setting next_dagrun for dataset_consumes_1 to None, run_after=None
[2025-03-05T19:55:48.826+0000] {logging_mixin.py:154} INFO - [2025-03-05T19:55:48.826+0000] {dag.py:3722} INFO - Setting next_dagrun for dataset_consumes_1_and_2 to None, run_after=None
[2025-03-05T19:55:48.827+0000] {logging_mixin.py:154} INFO - [2025-03-05T19:55:48.826+0000] {dag.py:3722} INFO - Setting next_dagrun for dataset_consumes_1_never_scheduled to None, run_after=None
[2025-03-05T19:55:48.827+0000] {logging_mixin.py:154} INFO - [2025-03-05T19:55:48.827+0000] {dag.py:3722} INFO - Setting next_dagrun for dataset_consumes_unknown_never_scheduled to None, run_after=None
[2025-03-05T19:55:48.829+0000] {logging_mixin.py:154} INFO - [2025-03-05T19:55:48.829+0000] {dag.py:3722} INFO - Setting next_dagrun for dataset_produces_1 to 2025-03-04T00:00:00+00:00, run_after=2025-03-05T00:00:00+00:00
[2025-03-05T19:55:48.832+0000] {logging_mixin.py:154} INFO - [2025-03-05T19:55:48.832+0000] {dag.py:3722} INFO - Setting next_dagrun for dataset_produces_2 to None, run_after=None
[2025-03-05T19:55:48.847+0000] {processor.py:179} INFO - Processing /home/airflow/.local/lib/python3.8/site-packages/airflow/example_dags/example_datasets.py took 0.083 seconds
[2025-03-05T19:56:19.379+0000] {processor.py:157} INFO - Started process (PID=3355) to work on /home/airflow/.local/lib/python3.8/site-packages/airflow/example_dags/example_datasets.py
[2025-03-05T19:56:19.380+0000] {processor.py:829} INFO - Processing file /home/airflow/.local/lib/python3.8/site-packages/airflow/example_dags/example_datasets.py for tasks to queue
[2025-03-05T19:56:19.382+0000] {logging_mixin.py:154} INFO - [2025-03-05T19:56:19.382+0000] {dagbag.py:536} INFO - Filling up the DagBag from /home/airflow/.local/lib/python3.8/site-packages/airflow/example_dags/example_datasets.py
[2025-03-05T19:56:19.392+0000] {processor.py:839} INFO - DAG(s) dict_keys(['dataset_produces_1', 'dataset_produces_2', 'dataset_consumes_1', 'dataset_consumes_1_and_2', 'dataset_consumes_unknown_never_scheduled', 'dataset_consumes_1_never_scheduled']) retrieved from /home/airflow/.local/lib/python3.8/site-packages/airflow/example_dags/example_datasets.py
[2025-03-05T19:56:19.417+0000] {logging_mixin.py:154} INFO - [2025-03-05T19:56:19.417+0000] {dag.py:2941} INFO - Sync 6 DAGs
[2025-03-05T19:56:19.427+0000] {logging_mixin.py:154} INFO - [2025-03-05T19:56:19.427+0000] {dag.py:3722} INFO - Setting next_dagrun for dataset_consumes_1 to None, run_after=None
[2025-03-05T19:56:19.430+0000] {logging_mixin.py:154} INFO - [2025-03-05T19:56:19.430+0000] {dag.py:3722} INFO - Setting next_dagrun for dataset_consumes_1_and_2 to None, run_after=None
[2025-03-05T19:56:19.430+0000] {logging_mixin.py:154} INFO - [2025-03-05T19:56:19.430+0000] {dag.py:3722} INFO - Setting next_dagrun for dataset_consumes_1_never_scheduled to None, run_after=None
[2025-03-05T19:56:19.431+0000] {logging_mixin.py:154} INFO - [2025-03-05T19:56:19.431+0000] {dag.py:3722} INFO - Setting next_dagrun for dataset_consumes_unknown_never_scheduled to None, run_after=None
[2025-03-05T19:56:19.432+0000] {logging_mixin.py:154} INFO - [2025-03-05T19:56:19.432+0000] {dag.py:3722} INFO - Setting next_dagrun for dataset_produces_1 to 2025-03-04T00:00:00+00:00, run_after=2025-03-05T00:00:00+00:00
[2025-03-05T19:56:19.434+0000] {logging_mixin.py:154} INFO - [2025-03-05T19:56:19.434+0000] {dag.py:3722} INFO - Setting next_dagrun for dataset_produces_2 to None, run_after=None
[2025-03-05T19:56:19.448+0000] {processor.py:179} INFO - Processing /home/airflow/.local/lib/python3.8/site-packages/airflow/example_dags/example_datasets.py took 0.073 seconds
[2025-03-05T19:56:50.058+0000] {processor.py:157} INFO - Started process (PID=3411) to work on /home/airflow/.local/lib/python3.8/site-packages/airflow/example_dags/example_datasets.py
[2025-03-05T19:56:50.059+0000] {processor.py:829} INFO - Processing file /home/airflow/.local/lib/python3.8/site-packages/airflow/example_dags/example_datasets.py for tasks to queue
[2025-03-05T19:56:50.062+0000] {logging_mixin.py:154} INFO - [2025-03-05T19:56:50.062+0000] {dagbag.py:536} INFO - Filling up the DagBag from /home/airflow/.local/lib/python3.8/site-packages/airflow/example_dags/example_datasets.py
[2025-03-05T19:56:50.072+0000] {processor.py:839} INFO - DAG(s) dict_keys(['dataset_consumes_unknown_never_scheduled', 'dataset_produces_2', 'dataset_consumes_1_never_scheduled', 'dataset_consumes_1', 'dataset_consumes_1_and_2', 'dataset_produces_1']) retrieved from /home/airflow/.local/lib/python3.8/site-packages/airflow/example_dags/example_datasets.py
[2025-03-05T19:56:50.094+0000] {logging_mixin.py:154} INFO - [2025-03-05T19:56:50.094+0000] {dag.py:2941} INFO - Sync 6 DAGs
[2025-03-05T19:56:50.105+0000] {logging_mixin.py:154} INFO - [2025-03-05T19:56:50.104+0000] {dag.py:3722} INFO - Setting next_dagrun for dataset_consumes_1 to None, run_after=None
[2025-03-05T19:56:50.107+0000] {logging_mixin.py:154} INFO - [2025-03-05T19:56:50.107+0000] {dag.py:3722} INFO - Setting next_dagrun for dataset_consumes_1_and_2 to None, run_after=None
[2025-03-05T19:56:50.108+0000] {logging_mixin.py:154} INFO - [2025-03-05T19:56:50.108+0000] {dag.py:3722} INFO - Setting next_dagrun for dataset_consumes_1_never_scheduled to None, run_after=None
[2025-03-05T19:56:50.110+0000] {logging_mixin.py:154} INFO - [2025-03-05T19:56:50.110+0000] {dag.py:3722} INFO - Setting next_dagrun for dataset_consumes_unknown_never_scheduled to None, run_after=None
[2025-03-05T19:56:50.111+0000] {logging_mixin.py:154} INFO - [2025-03-05T19:56:50.111+0000] {dag.py:3722} INFO - Setting next_dagrun for dataset_produces_1 to 2025-03-04T00:00:00+00:00, run_after=2025-03-05T00:00:00+00:00
[2025-03-05T19:56:50.111+0000] {logging_mixin.py:154} INFO - [2025-03-05T19:56:50.111+0000] {dag.py:3722} INFO - Setting next_dagrun for dataset_produces_2 to None, run_after=None
[2025-03-05T19:56:50.127+0000] {processor.py:179} INFO - Processing /home/airflow/.local/lib/python3.8/site-packages/airflow/example_dags/example_datasets.py took 0.074 seconds
[2025-03-05T19:57:20.584+0000] {processor.py:157} INFO - Started process (PID=3467) to work on /home/airflow/.local/lib/python3.8/site-packages/airflow/example_dags/example_datasets.py
[2025-03-05T19:57:20.585+0000] {processor.py:829} INFO - Processing file /home/airflow/.local/lib/python3.8/site-packages/airflow/example_dags/example_datasets.py for tasks to queue
[2025-03-05T19:57:20.588+0000] {logging_mixin.py:154} INFO - [2025-03-05T19:57:20.587+0000] {dagbag.py:536} INFO - Filling up the DagBag from /home/airflow/.local/lib/python3.8/site-packages/airflow/example_dags/example_datasets.py
[2025-03-05T19:57:20.596+0000] {processor.py:839} INFO - DAG(s) dict_keys(['dataset_produces_2', 'dataset_produces_1', 'dataset_consumes_unknown_never_scheduled', 'dataset_consumes_1', 'dataset_consumes_1_and_2', 'dataset_consumes_1_never_scheduled']) retrieved from /home/airflow/.local/lib/python3.8/site-packages/airflow/example_dags/example_datasets.py
[2025-03-05T19:57:20.617+0000] {logging_mixin.py:154} INFO - [2025-03-05T19:57:20.617+0000] {dag.py:2941} INFO - Sync 6 DAGs
[2025-03-05T19:57:20.627+0000] {logging_mixin.py:154} INFO - [2025-03-05T19:57:20.627+0000] {dag.py:3722} INFO - Setting next_dagrun for dataset_consumes_1 to None, run_after=None
[2025-03-05T19:57:20.629+0000] {logging_mixin.py:154} INFO - [2025-03-05T19:57:20.629+0000] {dag.py:3722} INFO - Setting next_dagrun for dataset_consumes_1_and_2 to None, run_after=None
[2025-03-05T19:57:20.630+0000] {logging_mixin.py:154} INFO - [2025-03-05T19:57:20.630+0000] {dag.py:3722} INFO - Setting next_dagrun for dataset_consumes_1_never_scheduled to None, run_after=None
[2025-03-05T19:57:20.632+0000] {logging_mixin.py:154} INFO - [2025-03-05T19:57:20.632+0000] {dag.py:3722} INFO - Setting next_dagrun for dataset_consumes_unknown_never_scheduled to None, run_after=None
[2025-03-05T19:57:20.633+0000] {logging_mixin.py:154} INFO - [2025-03-05T19:57:20.633+0000] {dag.py:3722} INFO - Setting next_dagrun for dataset_produces_1 to 2025-03-04T00:00:00+00:00, run_after=2025-03-05T00:00:00+00:00
[2025-03-05T19:57:20.634+0000] {logging_mixin.py:154} INFO - [2025-03-05T19:57:20.634+0000] {dag.py:3722} INFO - Setting next_dagrun for dataset_produces_2 to None, run_after=None
[2025-03-05T19:57:20.645+0000] {processor.py:179} INFO - Processing /home/airflow/.local/lib/python3.8/site-packages/airflow/example_dags/example_datasets.py took 0.065 seconds
[2025-03-05T19:57:51.174+0000] {processor.py:157} INFO - Started process (PID=3523) to work on /home/airflow/.local/lib/python3.8/site-packages/airflow/example_dags/example_datasets.py
[2025-03-05T19:57:51.176+0000] {processor.py:829} INFO - Processing file /home/airflow/.local/lib/python3.8/site-packages/airflow/example_dags/example_datasets.py for tasks to queue
[2025-03-05T19:57:51.178+0000] {logging_mixin.py:154} INFO - [2025-03-05T19:57:51.178+0000] {dagbag.py:536} INFO - Filling up the DagBag from /home/airflow/.local/lib/python3.8/site-packages/airflow/example_dags/example_datasets.py
[2025-03-05T19:57:51.187+0000] {processor.py:839} INFO - DAG(s) dict_keys(['dataset_consumes_1_never_scheduled', 'dataset_produces_2', 'dataset_produces_1', 'dataset_consumes_1', 'dataset_consumes_unknown_never_scheduled', 'dataset_consumes_1_and_2']) retrieved from /home/airflow/.local/lib/python3.8/site-packages/airflow/example_dags/example_datasets.py
[2025-03-05T19:57:51.215+0000] {logging_mixin.py:154} INFO - [2025-03-05T19:57:51.215+0000] {dag.py:2941} INFO - Sync 6 DAGs
[2025-03-05T19:57:51.225+0000] {logging_mixin.py:154} INFO - [2025-03-05T19:57:51.225+0000] {dag.py:3722} INFO - Setting next_dagrun for dataset_consumes_1 to None, run_after=None
[2025-03-05T19:57:51.227+0000] {logging_mixin.py:154} INFO - [2025-03-05T19:57:51.227+0000] {dag.py:3722} INFO - Setting next_dagrun for dataset_consumes_1_and_2 to None, run_after=None
[2025-03-05T19:57:51.228+0000] {logging_mixin.py:154} INFO - [2025-03-05T19:57:51.228+0000] {dag.py:3722} INFO - Setting next_dagrun for dataset_consumes_1_never_scheduled to None, run_after=None
[2025-03-05T19:57:51.228+0000] {logging_mixin.py:154} INFO - [2025-03-05T19:57:51.228+0000] {dag.py:3722} INFO - Setting next_dagrun for dataset_consumes_unknown_never_scheduled to None, run_after=None
[2025-03-05T19:57:51.230+0000] {logging_mixin.py:154} INFO - [2025-03-05T19:57:51.230+0000] {dag.py:3722} INFO - Setting next_dagrun for dataset_produces_1 to 2025-03-04T00:00:00+00:00, run_after=2025-03-05T00:00:00+00:00
[2025-03-05T19:57:51.232+0000] {logging_mixin.py:154} INFO - [2025-03-05T19:57:51.232+0000] {dag.py:3722} INFO - Setting next_dagrun for dataset_produces_2 to None, run_after=None
[2025-03-05T19:57:51.250+0000] {processor.py:179} INFO - Processing /home/airflow/.local/lib/python3.8/site-packages/airflow/example_dags/example_datasets.py took 0.080 seconds
[2025-03-05T19:58:21.705+0000] {processor.py:157} INFO - Started process (PID=3579) to work on /home/airflow/.local/lib/python3.8/site-packages/airflow/example_dags/example_datasets.py
[2025-03-05T19:58:21.707+0000] {processor.py:829} INFO - Processing file /home/airflow/.local/lib/python3.8/site-packages/airflow/example_dags/example_datasets.py for tasks to queue
[2025-03-05T19:58:21.709+0000] {logging_mixin.py:154} INFO - [2025-03-05T19:58:21.709+0000] {dagbag.py:536} INFO - Filling up the DagBag from /home/airflow/.local/lib/python3.8/site-packages/airflow/example_dags/example_datasets.py
[2025-03-05T19:58:21.718+0000] {processor.py:839} INFO - DAG(s) dict_keys(['dataset_consumes_1', 'dataset_produces_2', 'dataset_consumes_1_never_scheduled', 'dataset_consumes_unknown_never_scheduled', 'dataset_produces_1', 'dataset_consumes_1_and_2']) retrieved from /home/airflow/.local/lib/python3.8/site-packages/airflow/example_dags/example_datasets.py
[2025-03-05T19:58:21.739+0000] {logging_mixin.py:154} INFO - [2025-03-05T19:58:21.739+0000] {dag.py:2941} INFO - Sync 6 DAGs
[2025-03-05T19:58:21.753+0000] {logging_mixin.py:154} INFO - [2025-03-05T19:58:21.753+0000] {dag.py:3722} INFO - Setting next_dagrun for dataset_consumes_1 to None, run_after=None
[2025-03-05T19:58:21.755+0000] {logging_mixin.py:154} INFO - [2025-03-05T19:58:21.755+0000] {dag.py:3722} INFO - Setting next_dagrun for dataset_consumes_1_and_2 to None, run_after=None
[2025-03-05T19:58:21.756+0000] {logging_mixin.py:154} INFO - [2025-03-05T19:58:21.756+0000] {dag.py:3722} INFO - Setting next_dagrun for dataset_consumes_1_never_scheduled to None, run_after=None
[2025-03-05T19:58:21.756+0000] {logging_mixin.py:154} INFO - [2025-03-05T19:58:21.756+0000] {dag.py:3722} INFO - Setting next_dagrun for dataset_consumes_unknown_never_scheduled to None, run_after=None
[2025-03-05T19:58:21.758+0000] {logging_mixin.py:154} INFO - [2025-03-05T19:58:21.758+0000] {dag.py:3722} INFO - Setting next_dagrun for dataset_produces_1 to 2025-03-04T00:00:00+00:00, run_after=2025-03-05T00:00:00+00:00
[2025-03-05T19:58:21.760+0000] {logging_mixin.py:154} INFO - [2025-03-05T19:58:21.760+0000] {dag.py:3722} INFO - Setting next_dagrun for dataset_produces_2 to None, run_after=None
[2025-03-05T19:58:21.773+0000] {processor.py:179} INFO - Processing /home/airflow/.local/lib/python3.8/site-packages/airflow/example_dags/example_datasets.py took 0.072 seconds
[2025-03-05T19:58:52.244+0000] {processor.py:157} INFO - Started process (PID=3635) to work on /home/airflow/.local/lib/python3.8/site-packages/airflow/example_dags/example_datasets.py
[2025-03-05T19:58:52.246+0000] {processor.py:829} INFO - Processing file /home/airflow/.local/lib/python3.8/site-packages/airflow/example_dags/example_datasets.py for tasks to queue
[2025-03-05T19:58:52.249+0000] {logging_mixin.py:154} INFO - [2025-03-05T19:58:52.249+0000] {dagbag.py:536} INFO - Filling up the DagBag from /home/airflow/.local/lib/python3.8/site-packages/airflow/example_dags/example_datasets.py
[2025-03-05T19:58:52.259+0000] {processor.py:839} INFO - DAG(s) dict_keys(['dataset_consumes_1', 'dataset_consumes_unknown_never_scheduled', 'dataset_produces_2', 'dataset_produces_1', 'dataset_consumes_1_and_2', 'dataset_consumes_1_never_scheduled']) retrieved from /home/airflow/.local/lib/python3.8/site-packages/airflow/example_dags/example_datasets.py
[2025-03-05T19:58:52.281+0000] {logging_mixin.py:154} INFO - [2025-03-05T19:58:52.280+0000] {dag.py:2941} INFO - Sync 6 DAGs
[2025-03-05T19:58:52.293+0000] {logging_mixin.py:154} INFO - [2025-03-05T19:58:52.293+0000] {dag.py:3722} INFO - Setting next_dagrun for dataset_consumes_1 to None, run_after=None
[2025-03-05T19:58:52.296+0000] {logging_mixin.py:154} INFO - [2025-03-05T19:58:52.296+0000] {dag.py:3722} INFO - Setting next_dagrun for dataset_consumes_1_and_2 to None, run_after=None
[2025-03-05T19:58:52.297+0000] {logging_mixin.py:154} INFO - [2025-03-05T19:58:52.297+0000] {dag.py:3722} INFO - Setting next_dagrun for dataset_consumes_1_never_scheduled to None, run_after=None
[2025-03-05T19:58:52.298+0000] {logging_mixin.py:154} INFO - [2025-03-05T19:58:52.298+0000] {dag.py:3722} INFO - Setting next_dagrun for dataset_consumes_unknown_never_scheduled to None, run_after=None
[2025-03-05T19:58:52.299+0000] {logging_mixin.py:154} INFO - [2025-03-05T19:58:52.299+0000] {dag.py:3722} INFO - Setting next_dagrun for dataset_produces_1 to 2025-03-04T00:00:00+00:00, run_after=2025-03-05T00:00:00+00:00
[2025-03-05T19:58:52.300+0000] {logging_mixin.py:154} INFO - [2025-03-05T19:58:52.300+0000] {dag.py:3722} INFO - Setting next_dagrun for dataset_produces_2 to None, run_after=None
[2025-03-05T19:58:52.322+0000] {processor.py:179} INFO - Processing /home/airflow/.local/lib/python3.8/site-packages/airflow/example_dags/example_datasets.py took 0.082 seconds
[2025-03-05T19:59:22.838+0000] {processor.py:157} INFO - Started process (PID=3691) to work on /home/airflow/.local/lib/python3.8/site-packages/airflow/example_dags/example_datasets.py
[2025-03-05T19:59:22.839+0000] {processor.py:829} INFO - Processing file /home/airflow/.local/lib/python3.8/site-packages/airflow/example_dags/example_datasets.py for tasks to queue
[2025-03-05T19:59:22.841+0000] {logging_mixin.py:154} INFO - [2025-03-05T19:59:22.840+0000] {dagbag.py:536} INFO - Filling up the DagBag from /home/airflow/.local/lib/python3.8/site-packages/airflow/example_dags/example_datasets.py
[2025-03-05T19:59:22.851+0000] {processor.py:839} INFO - DAG(s) dict_keys(['dataset_consumes_unknown_never_scheduled', 'dataset_produces_1', 'dataset_produces_2', 'dataset_consumes_1', 'dataset_consumes_1_and_2', 'dataset_consumes_1_never_scheduled']) retrieved from /home/airflow/.local/lib/python3.8/site-packages/airflow/example_dags/example_datasets.py
[2025-03-05T19:59:22.872+0000] {logging_mixin.py:154} INFO - [2025-03-05T19:59:22.872+0000] {dag.py:2941} INFO - Sync 6 DAGs
[2025-03-05T19:59:22.882+0000] {logging_mixin.py:154} INFO - [2025-03-05T19:59:22.882+0000] {dag.py:3722} INFO - Setting next_dagrun for dataset_consumes_1 to None, run_after=None
[2025-03-05T19:59:22.884+0000] {logging_mixin.py:154} INFO - [2025-03-05T19:59:22.884+0000] {dag.py:3722} INFO - Setting next_dagrun for dataset_consumes_1_and_2 to None, run_after=None
[2025-03-05T19:59:22.884+0000] {logging_mixin.py:154} INFO - [2025-03-05T19:59:22.884+0000] {dag.py:3722} INFO - Setting next_dagrun for dataset_consumes_1_never_scheduled to None, run_after=None
[2025-03-05T19:59:22.885+0000] {logging_mixin.py:154} INFO - [2025-03-05T19:59:22.885+0000] {dag.py:3722} INFO - Setting next_dagrun for dataset_consumes_unknown_never_scheduled to None, run_after=None
[2025-03-05T19:59:22.887+0000] {logging_mixin.py:154} INFO - [2025-03-05T19:59:22.887+0000] {dag.py:3722} INFO - Setting next_dagrun for dataset_produces_1 to 2025-03-04T00:00:00+00:00, run_after=2025-03-05T00:00:00+00:00
[2025-03-05T19:59:22.888+0000] {logging_mixin.py:154} INFO - [2025-03-05T19:59:22.888+0000] {dag.py:3722} INFO - Setting next_dagrun for dataset_produces_2 to None, run_after=None
[2025-03-05T19:59:22.901+0000] {processor.py:179} INFO - Processing /home/airflow/.local/lib/python3.8/site-packages/airflow/example_dags/example_datasets.py took 0.069 seconds
[2025-03-05T19:59:53.446+0000] {processor.py:157} INFO - Started process (PID=3747) to work on /home/airflow/.local/lib/python3.8/site-packages/airflow/example_dags/example_datasets.py
[2025-03-05T19:59:53.447+0000] {processor.py:829} INFO - Processing file /home/airflow/.local/lib/python3.8/site-packages/airflow/example_dags/example_datasets.py for tasks to queue
[2025-03-05T19:59:53.448+0000] {logging_mixin.py:154} INFO - [2025-03-05T19:59:53.448+0000] {dagbag.py:536} INFO - Filling up the DagBag from /home/airflow/.local/lib/python3.8/site-packages/airflow/example_dags/example_datasets.py
[2025-03-05T19:59:53.457+0000] {processor.py:839} INFO - DAG(s) dict_keys(['dataset_consumes_1_never_scheduled', 'dataset_consumes_unknown_never_scheduled', 'dataset_consumes_1', 'dataset_produces_2', 'dataset_consumes_1_and_2', 'dataset_produces_1']) retrieved from /home/airflow/.local/lib/python3.8/site-packages/airflow/example_dags/example_datasets.py
[2025-03-05T19:59:53.476+0000] {logging_mixin.py:154} INFO - [2025-03-05T19:59:53.476+0000] {dag.py:2941} INFO - Sync 6 DAGs
[2025-03-05T19:59:53.489+0000] {logging_mixin.py:154} INFO - [2025-03-05T19:59:53.489+0000] {dag.py:3722} INFO - Setting next_dagrun for dataset_consumes_1 to None, run_after=None
[2025-03-05T19:59:53.492+0000] {logging_mixin.py:154} INFO - [2025-03-05T19:59:53.492+0000] {dag.py:3722} INFO - Setting next_dagrun for dataset_consumes_1_and_2 to None, run_after=None
[2025-03-05T19:59:53.494+0000] {logging_mixin.py:154} INFO - [2025-03-05T19:59:53.494+0000] {dag.py:3722} INFO - Setting next_dagrun for dataset_consumes_1_never_scheduled to None, run_after=None
[2025-03-05T19:59:53.494+0000] {logging_mixin.py:154} INFO - [2025-03-05T19:59:53.494+0000] {dag.py:3722} INFO - Setting next_dagrun for dataset_consumes_unknown_never_scheduled to None, run_after=None
[2025-03-05T19:59:53.496+0000] {logging_mixin.py:154} INFO - [2025-03-05T19:59:53.495+0000] {dag.py:3722} INFO - Setting next_dagrun for dataset_produces_1 to 2025-03-04T00:00:00+00:00, run_after=2025-03-05T00:00:00+00:00
[2025-03-05T19:59:53.496+0000] {logging_mixin.py:154} INFO - [2025-03-05T19:59:53.496+0000] {dag.py:3722} INFO - Setting next_dagrun for dataset_produces_2 to None, run_after=None
[2025-03-05T19:59:53.510+0000] {processor.py:179} INFO - Processing /home/airflow/.local/lib/python3.8/site-packages/airflow/example_dags/example_datasets.py took 0.068 seconds
[2025-03-05T20:00:23.993+0000] {processor.py:157} INFO - Started process (PID=3803) to work on /home/airflow/.local/lib/python3.8/site-packages/airflow/example_dags/example_datasets.py
[2025-03-05T20:00:23.995+0000] {processor.py:829} INFO - Processing file /home/airflow/.local/lib/python3.8/site-packages/airflow/example_dags/example_datasets.py for tasks to queue
[2025-03-05T20:00:23.998+0000] {logging_mixin.py:154} INFO - [2025-03-05T20:00:23.998+0000] {dagbag.py:536} INFO - Filling up the DagBag from /home/airflow/.local/lib/python3.8/site-packages/airflow/example_dags/example_datasets.py
[2025-03-05T20:00:24.007+0000] {processor.py:839} INFO - DAG(s) dict_keys(['dataset_produces_1', 'dataset_consumes_1_and_2', 'dataset_produces_2', 'dataset_consumes_1', 'dataset_consumes_unknown_never_scheduled', 'dataset_consumes_1_never_scheduled']) retrieved from /home/airflow/.local/lib/python3.8/site-packages/airflow/example_dags/example_datasets.py
[2025-03-05T20:00:24.027+0000] {logging_mixin.py:154} INFO - [2025-03-05T20:00:24.027+0000] {dag.py:2941} INFO - Sync 6 DAGs
[2025-03-05T20:00:24.039+0000] {logging_mixin.py:154} INFO - [2025-03-05T20:00:24.039+0000] {dag.py:3722} INFO - Setting next_dagrun for dataset_consumes_1 to None, run_after=None
[2025-03-05T20:00:24.042+0000] {logging_mixin.py:154} INFO - [2025-03-05T20:00:24.041+0000] {dag.py:3722} INFO - Setting next_dagrun for dataset_consumes_1_and_2 to None, run_after=None
[2025-03-05T20:00:24.042+0000] {logging_mixin.py:154} INFO - [2025-03-05T20:00:24.042+0000] {dag.py:3722} INFO - Setting next_dagrun for dataset_consumes_1_never_scheduled to None, run_after=None
[2025-03-05T20:00:24.044+0000] {logging_mixin.py:154} INFO - [2025-03-05T20:00:24.044+0000] {dag.py:3722} INFO - Setting next_dagrun for dataset_consumes_unknown_never_scheduled to None, run_after=None
[2025-03-05T20:00:24.045+0000] {logging_mixin.py:154} INFO - [2025-03-05T20:00:24.045+0000] {dag.py:3722} INFO - Setting next_dagrun for dataset_produces_1 to 2025-03-04T00:00:00+00:00, run_after=2025-03-05T00:00:00+00:00
[2025-03-05T20:00:24.047+0000] {logging_mixin.py:154} INFO - [2025-03-05T20:00:24.047+0000] {dag.py:3722} INFO - Setting next_dagrun for dataset_produces_2 to None, run_after=None
[2025-03-05T20:00:24.062+0000] {processor.py:179} INFO - Processing /home/airflow/.local/lib/python3.8/site-packages/airflow/example_dags/example_datasets.py took 0.073 seconds
[2025-03-05T20:00:54.526+0000] {processor.py:157} INFO - Started process (PID=3859) to work on /home/airflow/.local/lib/python3.8/site-packages/airflow/example_dags/example_datasets.py
[2025-03-05T20:00:54.527+0000] {processor.py:829} INFO - Processing file /home/airflow/.local/lib/python3.8/site-packages/airflow/example_dags/example_datasets.py for tasks to queue
[2025-03-05T20:00:54.529+0000] {logging_mixin.py:154} INFO - [2025-03-05T20:00:54.529+0000] {dagbag.py:536} INFO - Filling up the DagBag from /home/airflow/.local/lib/python3.8/site-packages/airflow/example_dags/example_datasets.py
[2025-03-05T20:00:54.537+0000] {processor.py:839} INFO - DAG(s) dict_keys(['dataset_consumes_1_never_scheduled', 'dataset_consumes_1', 'dataset_produces_2', 'dataset_consumes_1_and_2', 'dataset_consumes_unknown_never_scheduled', 'dataset_produces_1']) retrieved from /home/airflow/.local/lib/python3.8/site-packages/airflow/example_dags/example_datasets.py
[2025-03-05T20:00:54.557+0000] {logging_mixin.py:154} INFO - [2025-03-05T20:00:54.556+0000] {dag.py:2941} INFO - Sync 6 DAGs
[2025-03-05T20:00:54.567+0000] {logging_mixin.py:154} INFO - [2025-03-05T20:00:54.567+0000] {dag.py:3722} INFO - Setting next_dagrun for dataset_consumes_1 to None, run_after=None
[2025-03-05T20:00:54.569+0000] {logging_mixin.py:154} INFO - [2025-03-05T20:00:54.569+0000] {dag.py:3722} INFO - Setting next_dagrun for dataset_consumes_1_and_2 to None, run_after=None
[2025-03-05T20:00:54.570+0000] {logging_mixin.py:154} INFO - [2025-03-05T20:00:54.570+0000] {dag.py:3722} INFO - Setting next_dagrun for dataset_consumes_1_never_scheduled to None, run_after=None
[2025-03-05T20:00:54.571+0000] {logging_mixin.py:154} INFO - [2025-03-05T20:00:54.571+0000] {dag.py:3722} INFO - Setting next_dagrun for dataset_consumes_unknown_never_scheduled to None, run_after=None
[2025-03-05T20:00:54.573+0000] {logging_mixin.py:154} INFO - [2025-03-05T20:00:54.573+0000] {dag.py:3722} INFO - Setting next_dagrun for dataset_produces_1 to 2025-03-04T00:00:00+00:00, run_after=2025-03-05T00:00:00+00:00
[2025-03-05T20:00:54.574+0000] {logging_mixin.py:154} INFO - [2025-03-05T20:00:54.574+0000] {dag.py:3722} INFO - Setting next_dagrun for dataset_produces_2 to None, run_after=None
[2025-03-05T20:00:54.587+0000] {processor.py:179} INFO - Processing /home/airflow/.local/lib/python3.8/site-packages/airflow/example_dags/example_datasets.py took 0.064 seconds
[2025-03-05T20:01:25.061+0000] {processor.py:157} INFO - Started process (PID=3915) to work on /home/airflow/.local/lib/python3.8/site-packages/airflow/example_dags/example_datasets.py
[2025-03-05T20:01:25.062+0000] {processor.py:829} INFO - Processing file /home/airflow/.local/lib/python3.8/site-packages/airflow/example_dags/example_datasets.py for tasks to queue
[2025-03-05T20:01:25.064+0000] {logging_mixin.py:154} INFO - [2025-03-05T20:01:25.064+0000] {dagbag.py:536} INFO - Filling up the DagBag from /home/airflow/.local/lib/python3.8/site-packages/airflow/example_dags/example_datasets.py
[2025-03-05T20:01:25.074+0000] {processor.py:839} INFO - DAG(s) dict_keys(['dataset_produces_2', 'dataset_consumes_1', 'dataset_consumes_unknown_never_scheduled', 'dataset_consumes_1_never_scheduled', 'dataset_produces_1', 'dataset_consumes_1_and_2']) retrieved from /home/airflow/.local/lib/python3.8/site-packages/airflow/example_dags/example_datasets.py
[2025-03-05T20:01:25.102+0000] {logging_mixin.py:154} INFO - [2025-03-05T20:01:25.102+0000] {dag.py:2941} INFO - Sync 6 DAGs
[2025-03-05T20:01:25.113+0000] {logging_mixin.py:154} INFO - [2025-03-05T20:01:25.113+0000] {dag.py:3722} INFO - Setting next_dagrun for dataset_consumes_1 to None, run_after=None
[2025-03-05T20:01:25.116+0000] {logging_mixin.py:154} INFO - [2025-03-05T20:01:25.116+0000] {dag.py:3722} INFO - Setting next_dagrun for dataset_consumes_1_and_2 to None, run_after=None
[2025-03-05T20:01:25.117+0000] {logging_mixin.py:154} INFO - [2025-03-05T20:01:25.117+0000] {dag.py:3722} INFO - Setting next_dagrun for dataset_consumes_1_never_scheduled to None, run_after=None
[2025-03-05T20:01:25.118+0000] {logging_mixin.py:154} INFO - [2025-03-05T20:01:25.118+0000] {dag.py:3722} INFO - Setting next_dagrun for dataset_consumes_unknown_never_scheduled to None, run_after=None
[2025-03-05T20:01:25.119+0000] {logging_mixin.py:154} INFO - [2025-03-05T20:01:25.119+0000] {dag.py:3722} INFO - Setting next_dagrun for dataset_produces_1 to 2025-03-04T00:00:00+00:00, run_after=2025-03-05T00:00:00+00:00
[2025-03-05T20:01:25.120+0000] {logging_mixin.py:154} INFO - [2025-03-05T20:01:25.120+0000] {dag.py:3722} INFO - Setting next_dagrun for dataset_produces_2 to None, run_after=None
[2025-03-05T20:01:25.135+0000] {processor.py:179} INFO - Processing /home/airflow/.local/lib/python3.8/site-packages/airflow/example_dags/example_datasets.py took 0.079 seconds
[2025-03-05T20:01:55.666+0000] {processor.py:157} INFO - Started process (PID=3971) to work on /home/airflow/.local/lib/python3.8/site-packages/airflow/example_dags/example_datasets.py
[2025-03-05T20:01:55.667+0000] {processor.py:829} INFO - Processing file /home/airflow/.local/lib/python3.8/site-packages/airflow/example_dags/example_datasets.py for tasks to queue
[2025-03-05T20:01:55.669+0000] {logging_mixin.py:154} INFO - [2025-03-05T20:01:55.669+0000] {dagbag.py:536} INFO - Filling up the DagBag from /home/airflow/.local/lib/python3.8/site-packages/airflow/example_dags/example_datasets.py
[2025-03-05T20:01:55.677+0000] {processor.py:839} INFO - DAG(s) dict_keys(['dataset_consumes_1_and_2', 'dataset_consumes_1', 'dataset_produces_2', 'dataset_consumes_1_never_scheduled', 'dataset_produces_1', 'dataset_consumes_unknown_never_scheduled']) retrieved from /home/airflow/.local/lib/python3.8/site-packages/airflow/example_dags/example_datasets.py
[2025-03-05T20:01:55.700+0000] {logging_mixin.py:154} INFO - [2025-03-05T20:01:55.700+0000] {dag.py:2941} INFO - Sync 6 DAGs
[2025-03-05T20:01:55.711+0000] {logging_mixin.py:154} INFO - [2025-03-05T20:01:55.711+0000] {dag.py:3722} INFO - Setting next_dagrun for dataset_consumes_1 to None, run_after=None
[2025-03-05T20:01:55.714+0000] {logging_mixin.py:154} INFO - [2025-03-05T20:01:55.714+0000] {dag.py:3722} INFO - Setting next_dagrun for dataset_consumes_1_and_2 to None, run_after=None
[2025-03-05T20:01:55.714+0000] {logging_mixin.py:154} INFO - [2025-03-05T20:01:55.714+0000] {dag.py:3722} INFO - Setting next_dagrun for dataset_consumes_1_never_scheduled to None, run_after=None
[2025-03-05T20:01:55.715+0000] {logging_mixin.py:154} INFO - [2025-03-05T20:01:55.715+0000] {dag.py:3722} INFO - Setting next_dagrun for dataset_consumes_unknown_never_scheduled to None, run_after=None
[2025-03-05T20:01:55.716+0000] {logging_mixin.py:154} INFO - [2025-03-05T20:01:55.716+0000] {dag.py:3722} INFO - Setting next_dagrun for dataset_produces_1 to 2025-03-04T00:00:00+00:00, run_after=2025-03-05T00:00:00+00:00
[2025-03-05T20:01:55.716+0000] {logging_mixin.py:154} INFO - [2025-03-05T20:01:55.716+0000] {dag.py:3722} INFO - Setting next_dagrun for dataset_produces_2 to None, run_after=None
[2025-03-05T20:01:55.732+0000] {processor.py:179} INFO - Processing /home/airflow/.local/lib/python3.8/site-packages/airflow/example_dags/example_datasets.py took 0.069 seconds
[2025-03-05T20:02:26.155+0000] {processor.py:157} INFO - Started process (PID=4027) to work on /home/airflow/.local/lib/python3.8/site-packages/airflow/example_dags/example_datasets.py
[2025-03-05T20:02:26.155+0000] {processor.py:829} INFO - Processing file /home/airflow/.local/lib/python3.8/site-packages/airflow/example_dags/example_datasets.py for tasks to queue
[2025-03-05T20:02:26.159+0000] {logging_mixin.py:154} INFO - [2025-03-05T20:02:26.159+0000] {dagbag.py:536} INFO - Filling up the DagBag from /home/airflow/.local/lib/python3.8/site-packages/airflow/example_dags/example_datasets.py
[2025-03-05T20:02:26.166+0000] {processor.py:839} INFO - DAG(s) dict_keys(['dataset_produces_1', 'dataset_consumes_unknown_never_scheduled', 'dataset_produces_2', 'dataset_consumes_1_and_2', 'dataset_consumes_1', 'dataset_consumes_1_never_scheduled']) retrieved from /home/airflow/.local/lib/python3.8/site-packages/airflow/example_dags/example_datasets.py
[2025-03-05T20:02:26.185+0000] {logging_mixin.py:154} INFO - [2025-03-05T20:02:26.185+0000] {dag.py:2941} INFO - Sync 6 DAGs
[2025-03-05T20:02:26.198+0000] {logging_mixin.py:154} INFO - [2025-03-05T20:02:26.198+0000] {dag.py:3722} INFO - Setting next_dagrun for dataset_consumes_1 to None, run_after=None
[2025-03-05T20:02:26.200+0000] {logging_mixin.py:154} INFO - [2025-03-05T20:02:26.200+0000] {dag.py:3722} INFO - Setting next_dagrun for dataset_consumes_1_and_2 to None, run_after=None
[2025-03-05T20:02:26.202+0000] {logging_mixin.py:154} INFO - [2025-03-05T20:02:26.202+0000] {dag.py:3722} INFO - Setting next_dagrun for dataset_consumes_1_never_scheduled to None, run_after=None
[2025-03-05T20:02:26.203+0000] {logging_mixin.py:154} INFO - [2025-03-05T20:02:26.203+0000] {dag.py:3722} INFO - Setting next_dagrun for dataset_consumes_unknown_never_scheduled to None, run_after=None
[2025-03-05T20:02:26.204+0000] {logging_mixin.py:154} INFO - [2025-03-05T20:02:26.204+0000] {dag.py:3722} INFO - Setting next_dagrun for dataset_produces_1 to 2025-03-04T00:00:00+00:00, run_after=2025-03-05T00:00:00+00:00
[2025-03-05T20:02:26.204+0000] {logging_mixin.py:154} INFO - [2025-03-05T20:02:26.204+0000] {dag.py:3722} INFO - Setting next_dagrun for dataset_produces_2 to None, run_after=None
[2025-03-05T20:02:26.218+0000] {processor.py:179} INFO - Processing /home/airflow/.local/lib/python3.8/site-packages/airflow/example_dags/example_datasets.py took 0.066 seconds
[2025-03-05T20:02:56.688+0000] {processor.py:157} INFO - Started process (PID=4083) to work on /home/airflow/.local/lib/python3.8/site-packages/airflow/example_dags/example_datasets.py
[2025-03-05T20:02:56.689+0000] {processor.py:829} INFO - Processing file /home/airflow/.local/lib/python3.8/site-packages/airflow/example_dags/example_datasets.py for tasks to queue
[2025-03-05T20:02:56.693+0000] {logging_mixin.py:154} INFO - [2025-03-05T20:02:56.692+0000] {dagbag.py:536} INFO - Filling up the DagBag from /home/airflow/.local/lib/python3.8/site-packages/airflow/example_dags/example_datasets.py
[2025-03-05T20:02:56.705+0000] {processor.py:839} INFO - DAG(s) dict_keys(['dataset_consumes_1_never_scheduled', 'dataset_produces_2', 'dataset_consumes_1_and_2', 'dataset_produces_1', 'dataset_consumes_unknown_never_scheduled', 'dataset_consumes_1']) retrieved from /home/airflow/.local/lib/python3.8/site-packages/airflow/example_dags/example_datasets.py
[2025-03-05T20:02:56.723+0000] {logging_mixin.py:154} INFO - [2025-03-05T20:02:56.723+0000] {dag.py:2941} INFO - Sync 6 DAGs
[2025-03-05T20:02:56.733+0000] {logging_mixin.py:154} INFO - [2025-03-05T20:02:56.733+0000] {dag.py:3722} INFO - Setting next_dagrun for dataset_consumes_1 to None, run_after=None
[2025-03-05T20:02:56.735+0000] {logging_mixin.py:154} INFO - [2025-03-05T20:02:56.735+0000] {dag.py:3722} INFO - Setting next_dagrun for dataset_consumes_1_and_2 to None, run_after=None
[2025-03-05T20:02:56.736+0000] {logging_mixin.py:154} INFO - [2025-03-05T20:02:56.736+0000] {dag.py:3722} INFO - Setting next_dagrun for dataset_consumes_1_never_scheduled to None, run_after=None
[2025-03-05T20:02:56.738+0000] {logging_mixin.py:154} INFO - [2025-03-05T20:02:56.738+0000] {dag.py:3722} INFO - Setting next_dagrun for dataset_consumes_unknown_never_scheduled to None, run_after=None
[2025-03-05T20:02:56.739+0000] {logging_mixin.py:154} INFO - [2025-03-05T20:02:56.739+0000] {dag.py:3722} INFO - Setting next_dagrun for dataset_produces_1 to 2025-03-04T00:00:00+00:00, run_after=2025-03-05T00:00:00+00:00
[2025-03-05T20:02:56.739+0000] {logging_mixin.py:154} INFO - [2025-03-05T20:02:56.739+0000] {dag.py:3722} INFO - Setting next_dagrun for dataset_produces_2 to None, run_after=None
[2025-03-05T20:02:56.751+0000] {processor.py:179} INFO - Processing /home/airflow/.local/lib/python3.8/site-packages/airflow/example_dags/example_datasets.py took 0.067 seconds
[2025-03-05T20:03:27.284+0000] {processor.py:157} INFO - Started process (PID=4139) to work on /home/airflow/.local/lib/python3.8/site-packages/airflow/example_dags/example_datasets.py
[2025-03-05T20:03:27.285+0000] {processor.py:829} INFO - Processing file /home/airflow/.local/lib/python3.8/site-packages/airflow/example_dags/example_datasets.py for tasks to queue
[2025-03-05T20:03:27.286+0000] {logging_mixin.py:154} INFO - [2025-03-05T20:03:27.286+0000] {dagbag.py:536} INFO - Filling up the DagBag from /home/airflow/.local/lib/python3.8/site-packages/airflow/example_dags/example_datasets.py
[2025-03-05T20:03:27.291+0000] {processor.py:839} INFO - DAG(s) dict_keys(['dataset_consumes_1', 'dataset_produces_1', 'dataset_produces_2', 'dataset_consumes_unknown_never_scheduled', 'dataset_consumes_1_and_2', 'dataset_consumes_1_never_scheduled']) retrieved from /home/airflow/.local/lib/python3.8/site-packages/airflow/example_dags/example_datasets.py
[2025-03-05T20:03:27.307+0000] {logging_mixin.py:154} INFO - [2025-03-05T20:03:27.307+0000] {dag.py:2941} INFO - Sync 6 DAGs
[2025-03-05T20:03:27.317+0000] {logging_mixin.py:154} INFO - [2025-03-05T20:03:27.317+0000] {dag.py:3722} INFO - Setting next_dagrun for dataset_consumes_1 to None, run_after=None
[2025-03-05T20:03:27.319+0000] {logging_mixin.py:154} INFO - [2025-03-05T20:03:27.319+0000] {dag.py:3722} INFO - Setting next_dagrun for dataset_consumes_1_and_2 to None, run_after=None
[2025-03-05T20:03:27.319+0000] {logging_mixin.py:154} INFO - [2025-03-05T20:03:27.319+0000] {dag.py:3722} INFO - Setting next_dagrun for dataset_consumes_1_never_scheduled to None, run_after=None
[2025-03-05T20:03:27.320+0000] {logging_mixin.py:154} INFO - [2025-03-05T20:03:27.320+0000] {dag.py:3722} INFO - Setting next_dagrun for dataset_consumes_unknown_never_scheduled to None, run_after=None
[2025-03-05T20:03:27.321+0000] {logging_mixin.py:154} INFO - [2025-03-05T20:03:27.321+0000] {dag.py:3722} INFO - Setting next_dagrun for dataset_produces_1 to 2025-03-04T00:00:00+00:00, run_after=2025-03-05T00:00:00+00:00
[2025-03-05T20:03:27.323+0000] {logging_mixin.py:154} INFO - [2025-03-05T20:03:27.323+0000] {dag.py:3722} INFO - Setting next_dagrun for dataset_produces_2 to None, run_after=None
[2025-03-05T20:03:27.336+0000] {processor.py:179} INFO - Processing /home/airflow/.local/lib/python3.8/site-packages/airflow/example_dags/example_datasets.py took 0.054 seconds
[2025-03-05T20:20:18.498+0000] {processor.py:157} INFO - Started process (PID=4188) to work on /home/airflow/.local/lib/python3.8/site-packages/airflow/example_dags/example_datasets.py
[2025-03-05T20:20:18.499+0000] {processor.py:829} INFO - Processing file /home/airflow/.local/lib/python3.8/site-packages/airflow/example_dags/example_datasets.py for tasks to queue
[2025-03-05T20:20:18.501+0000] {logging_mixin.py:154} INFO - [2025-03-05T20:20:18.501+0000] {dagbag.py:536} INFO - Filling up the DagBag from /home/airflow/.local/lib/python3.8/site-packages/airflow/example_dags/example_datasets.py
[2025-03-05T20:20:18.508+0000] {processor.py:839} INFO - DAG(s) dict_keys(['dataset_consumes_1', 'dataset_consumes_unknown_never_scheduled', 'dataset_produces_1', 'dataset_consumes_1_and_2', 'dataset_consumes_1_never_scheduled', 'dataset_produces_2']) retrieved from /home/airflow/.local/lib/python3.8/site-packages/airflow/example_dags/example_datasets.py
[2025-03-05T20:20:18.530+0000] {logging_mixin.py:154} INFO - [2025-03-05T20:20:18.530+0000] {dag.py:2941} INFO - Sync 6 DAGs
[2025-03-05T20:20:18.542+0000] {logging_mixin.py:154} INFO - [2025-03-05T20:20:18.542+0000] {dag.py:3722} INFO - Setting next_dagrun for dataset_consumes_1 to None, run_after=None
[2025-03-05T20:20:18.545+0000] {logging_mixin.py:154} INFO - [2025-03-05T20:20:18.545+0000] {dag.py:3722} INFO - Setting next_dagrun for dataset_consumes_1_and_2 to None, run_after=None
[2025-03-05T20:20:18.548+0000] {logging_mixin.py:154} INFO - [2025-03-05T20:20:18.547+0000] {dag.py:3722} INFO - Setting next_dagrun for dataset_consumes_1_never_scheduled to None, run_after=None
[2025-03-05T20:20:18.549+0000] {logging_mixin.py:154} INFO - [2025-03-05T20:20:18.549+0000] {dag.py:3722} INFO - Setting next_dagrun for dataset_consumes_unknown_never_scheduled to None, run_after=None
[2025-03-05T20:20:18.553+0000] {logging_mixin.py:154} INFO - [2025-03-05T20:20:18.552+0000] {dag.py:3722} INFO - Setting next_dagrun for dataset_produces_1 to 2025-03-04T00:00:00+00:00, run_after=2025-03-05T00:00:00+00:00
[2025-03-05T20:20:18.554+0000] {logging_mixin.py:154} INFO - [2025-03-05T20:20:18.554+0000] {dag.py:3722} INFO - Setting next_dagrun for dataset_produces_2 to None, run_after=None
[2025-03-05T20:20:18.575+0000] {processor.py:179} INFO - Processing /home/airflow/.local/lib/python3.8/site-packages/airflow/example_dags/example_datasets.py took 0.079 seconds
[2025-03-05T21:12:08.861+0000] {processor.py:157} INFO - Started process (PID=4244) to work on /home/airflow/.local/lib/python3.8/site-packages/airflow/example_dags/example_datasets.py
[2025-03-05T21:12:08.862+0000] {processor.py:829} INFO - Processing file /home/airflow/.local/lib/python3.8/site-packages/airflow/example_dags/example_datasets.py for tasks to queue
[2025-03-05T21:12:08.863+0000] {logging_mixin.py:154} INFO - [2025-03-05T21:12:08.863+0000] {dagbag.py:536} INFO - Filling up the DagBag from /home/airflow/.local/lib/python3.8/site-packages/airflow/example_dags/example_datasets.py
[2025-03-05T21:12:08.868+0000] {processor.py:839} INFO - DAG(s) dict_keys(['dataset_produces_2', 'dataset_produces_1', 'dataset_consumes_1_and_2', 'dataset_consumes_1_never_scheduled', 'dataset_consumes_1', 'dataset_consumes_unknown_never_scheduled']) retrieved from /home/airflow/.local/lib/python3.8/site-packages/airflow/example_dags/example_datasets.py
[2025-03-05T21:12:08.885+0000] {logging_mixin.py:154} INFO - [2025-03-05T21:12:08.885+0000] {dag.py:2941} INFO - Sync 6 DAGs
[2025-03-05T21:12:08.894+0000] {logging_mixin.py:154} INFO - [2025-03-05T21:12:08.894+0000] {dag.py:3722} INFO - Setting next_dagrun for dataset_consumes_1 to None, run_after=None
[2025-03-05T21:12:08.896+0000] {logging_mixin.py:154} INFO - [2025-03-05T21:12:08.896+0000] {dag.py:3722} INFO - Setting next_dagrun for dataset_consumes_1_and_2 to None, run_after=None
[2025-03-05T21:12:08.896+0000] {logging_mixin.py:154} INFO - [2025-03-05T21:12:08.896+0000] {dag.py:3722} INFO - Setting next_dagrun for dataset_consumes_1_never_scheduled to None, run_after=None
[2025-03-05T21:12:08.897+0000] {logging_mixin.py:154} INFO - [2025-03-05T21:12:08.897+0000] {dag.py:3722} INFO - Setting next_dagrun for dataset_consumes_unknown_never_scheduled to None, run_after=None
[2025-03-05T21:12:08.898+0000] {logging_mixin.py:154} INFO - [2025-03-05T21:12:08.898+0000] {dag.py:3722} INFO - Setting next_dagrun for dataset_produces_1 to 2025-03-04T00:00:00+00:00, run_after=2025-03-05T00:00:00+00:00
[2025-03-05T21:12:08.898+0000] {logging_mixin.py:154} INFO - [2025-03-05T21:12:08.898+0000] {dag.py:3722} INFO - Setting next_dagrun for dataset_produces_2 to None, run_after=None
[2025-03-05T21:12:08.909+0000] {processor.py:179} INFO - Processing /home/airflow/.local/lib/python3.8/site-packages/airflow/example_dags/example_datasets.py took 0.050 seconds
[2025-03-05T21:53:36.684+0000] {processor.py:157} INFO - Started process (PID=4300) to work on /home/airflow/.local/lib/python3.8/site-packages/airflow/example_dags/example_datasets.py
[2025-03-05T21:53:36.686+0000] {processor.py:829} INFO - Processing file /home/airflow/.local/lib/python3.8/site-packages/airflow/example_dags/example_datasets.py for tasks to queue
[2025-03-05T21:53:36.688+0000] {logging_mixin.py:154} INFO - [2025-03-05T21:53:36.688+0000] {dagbag.py:536} INFO - Filling up the DagBag from /home/airflow/.local/lib/python3.8/site-packages/airflow/example_dags/example_datasets.py
[2025-03-05T21:53:36.695+0000] {processor.py:839} INFO - DAG(s) dict_keys(['dataset_produces_1', 'dataset_consumes_1', 'dataset_produces_2', 'dataset_consumes_1_and_2', 'dataset_consumes_unknown_never_scheduled', 'dataset_consumes_1_never_scheduled']) retrieved from /home/airflow/.local/lib/python3.8/site-packages/airflow/example_dags/example_datasets.py
[2025-03-05T21:53:36.715+0000] {logging_mixin.py:154} INFO - [2025-03-05T21:53:36.715+0000] {dag.py:2941} INFO - Sync 6 DAGs
[2025-03-05T21:53:36.729+0000] {logging_mixin.py:154} INFO - [2025-03-05T21:53:36.728+0000] {dag.py:3722} INFO - Setting next_dagrun for dataset_consumes_1 to None, run_after=None
[2025-03-05T21:53:36.731+0000] {logging_mixin.py:154} INFO - [2025-03-05T21:53:36.731+0000] {dag.py:3722} INFO - Setting next_dagrun for dataset_consumes_1_and_2 to None, run_after=None
[2025-03-05T21:53:36.731+0000] {logging_mixin.py:154} INFO - [2025-03-05T21:53:36.731+0000] {dag.py:3722} INFO - Setting next_dagrun for dataset_consumes_1_never_scheduled to None, run_after=None
[2025-03-05T21:53:36.732+0000] {logging_mixin.py:154} INFO - [2025-03-05T21:53:36.732+0000] {dag.py:3722} INFO - Setting next_dagrun for dataset_consumes_unknown_never_scheduled to None, run_after=None
[2025-03-05T21:53:36.734+0000] {logging_mixin.py:154} INFO - [2025-03-05T21:53:36.734+0000] {dag.py:3722} INFO - Setting next_dagrun for dataset_produces_1 to 2025-03-04T00:00:00+00:00, run_after=2025-03-05T00:00:00+00:00
[2025-03-05T21:53:36.735+0000] {logging_mixin.py:154} INFO - [2025-03-05T21:53:36.735+0000] {dag.py:3722} INFO - Setting next_dagrun for dataset_produces_2 to None, run_after=None
[2025-03-05T21:53:36.757+0000] {processor.py:179} INFO - Processing /home/airflow/.local/lib/python3.8/site-packages/airflow/example_dags/example_datasets.py took 0.075 seconds
[2025-03-05T22:25:38.142+0000] {processor.py:157} INFO - Started process (PID=4356) to work on /home/airflow/.local/lib/python3.8/site-packages/airflow/example_dags/example_datasets.py
[2025-03-05T22:25:38.143+0000] {processor.py:829} INFO - Processing file /home/airflow/.local/lib/python3.8/site-packages/airflow/example_dags/example_datasets.py for tasks to queue
[2025-03-05T22:25:38.148+0000] {logging_mixin.py:154} INFO - [2025-03-05T22:25:38.145+0000] {dagbag.py:536} INFO - Filling up the DagBag from /home/airflow/.local/lib/python3.8/site-packages/airflow/example_dags/example_datasets.py
[2025-03-05T22:25:38.178+0000] {processor.py:839} INFO - DAG(s) dict_keys(['dataset_consumes_1_and_2', 'dataset_consumes_unknown_never_scheduled', 'dataset_consumes_1', 'dataset_produces_2', 'dataset_produces_1', 'dataset_consumes_1_never_scheduled']) retrieved from /home/airflow/.local/lib/python3.8/site-packages/airflow/example_dags/example_datasets.py
[2025-03-05T22:25:38.202+0000] {logging_mixin.py:154} INFO - [2025-03-05T22:25:38.202+0000] {dag.py:2941} INFO - Sync 6 DAGs
[2025-03-05T22:25:38.217+0000] {logging_mixin.py:154} INFO - [2025-03-05T22:25:38.217+0000] {dag.py:3722} INFO - Setting next_dagrun for dataset_consumes_1 to None, run_after=None
[2025-03-05T22:25:38.220+0000] {logging_mixin.py:154} INFO - [2025-03-05T22:25:38.220+0000] {dag.py:3722} INFO - Setting next_dagrun for dataset_consumes_1_and_2 to None, run_after=None
[2025-03-05T22:25:38.221+0000] {logging_mixin.py:154} INFO - [2025-03-05T22:25:38.221+0000] {dag.py:3722} INFO - Setting next_dagrun for dataset_consumes_1_never_scheduled to None, run_after=None
[2025-03-05T22:25:38.222+0000] {logging_mixin.py:154} INFO - [2025-03-05T22:25:38.221+0000] {dag.py:3722} INFO - Setting next_dagrun for dataset_consumes_unknown_never_scheduled to None, run_after=None
[2025-03-05T22:25:38.223+0000] {logging_mixin.py:154} INFO - [2025-03-05T22:25:38.223+0000] {dag.py:3722} INFO - Setting next_dagrun for dataset_produces_1 to 2025-03-04T00:00:00+00:00, run_after=2025-03-05T00:00:00+00:00
[2025-03-05T22:25:38.225+0000] {logging_mixin.py:154} INFO - [2025-03-05T22:25:38.224+0000] {dag.py:3722} INFO - Setting next_dagrun for dataset_produces_2 to None, run_after=None
[2025-03-05T22:25:38.245+0000] {processor.py:179} INFO - Processing /home/airflow/.local/lib/python3.8/site-packages/airflow/example_dags/example_datasets.py took 0.105 seconds
[2025-03-05T22:26:08.721+0000] {processor.py:157} INFO - Started process (PID=4412) to work on /home/airflow/.local/lib/python3.8/site-packages/airflow/example_dags/example_datasets.py
[2025-03-05T22:26:08.721+0000] {processor.py:829} INFO - Processing file /home/airflow/.local/lib/python3.8/site-packages/airflow/example_dags/example_datasets.py for tasks to queue
[2025-03-05T22:26:08.722+0000] {logging_mixin.py:154} INFO - [2025-03-05T22:26:08.722+0000] {dagbag.py:536} INFO - Filling up the DagBag from /home/airflow/.local/lib/python3.8/site-packages/airflow/example_dags/example_datasets.py
[2025-03-05T22:26:08.727+0000] {processor.py:839} INFO - DAG(s) dict_keys(['dataset_consumes_unknown_never_scheduled', 'dataset_consumes_1_and_2', 'dataset_consumes_1_never_scheduled', 'dataset_produces_2', 'dataset_produces_1', 'dataset_consumes_1']) retrieved from /home/airflow/.local/lib/python3.8/site-packages/airflow/example_dags/example_datasets.py
[2025-03-05T22:26:08.739+0000] {logging_mixin.py:154} INFO - [2025-03-05T22:26:08.739+0000] {dag.py:2941} INFO - Sync 6 DAGs
[2025-03-05T22:26:08.747+0000] {logging_mixin.py:154} INFO - [2025-03-05T22:26:08.747+0000] {dag.py:3722} INFO - Setting next_dagrun for dataset_consumes_1 to None, run_after=None
[2025-03-05T22:26:08.748+0000] {logging_mixin.py:154} INFO - [2025-03-05T22:26:08.748+0000] {dag.py:3722} INFO - Setting next_dagrun for dataset_consumes_1_and_2 to None, run_after=None
[2025-03-05T22:26:08.748+0000] {logging_mixin.py:154} INFO - [2025-03-05T22:26:08.748+0000] {dag.py:3722} INFO - Setting next_dagrun for dataset_consumes_1_never_scheduled to None, run_after=None
[2025-03-05T22:26:08.749+0000] {logging_mixin.py:154} INFO - [2025-03-05T22:26:08.749+0000] {dag.py:3722} INFO - Setting next_dagrun for dataset_consumes_unknown_never_scheduled to None, run_after=None
[2025-03-05T22:26:08.750+0000] {logging_mixin.py:154} INFO - [2025-03-05T22:26:08.750+0000] {dag.py:3722} INFO - Setting next_dagrun for dataset_produces_1 to 2025-03-04T00:00:00+00:00, run_after=2025-03-05T00:00:00+00:00
[2025-03-05T22:26:08.750+0000] {logging_mixin.py:154} INFO - [2025-03-05T22:26:08.750+0000] {dag.py:3722} INFO - Setting next_dagrun for dataset_produces_2 to None, run_after=None
[2025-03-05T22:26:08.760+0000] {processor.py:179} INFO - Processing /home/airflow/.local/lib/python3.8/site-packages/airflow/example_dags/example_datasets.py took 0.041 seconds
[2025-03-05T22:26:39.251+0000] {processor.py:157} INFO - Started process (PID=4468) to work on /home/airflow/.local/lib/python3.8/site-packages/airflow/example_dags/example_datasets.py
[2025-03-05T22:26:39.251+0000] {processor.py:829} INFO - Processing file /home/airflow/.local/lib/python3.8/site-packages/airflow/example_dags/example_datasets.py for tasks to queue
[2025-03-05T22:26:39.252+0000] {logging_mixin.py:154} INFO - [2025-03-05T22:26:39.252+0000] {dagbag.py:536} INFO - Filling up the DagBag from /home/airflow/.local/lib/python3.8/site-packages/airflow/example_dags/example_datasets.py
[2025-03-05T22:26:39.257+0000] {processor.py:839} INFO - DAG(s) dict_keys(['dataset_produces_2', 'dataset_consumes_unknown_never_scheduled', 'dataset_consumes_1_and_2', 'dataset_produces_1', 'dataset_consumes_1_never_scheduled', 'dataset_consumes_1']) retrieved from /home/airflow/.local/lib/python3.8/site-packages/airflow/example_dags/example_datasets.py
[2025-03-05T22:26:39.269+0000] {logging_mixin.py:154} INFO - [2025-03-05T22:26:39.269+0000] {dag.py:2941} INFO - Sync 6 DAGs
[2025-03-05T22:26:39.276+0000] {logging_mixin.py:154} INFO - [2025-03-05T22:26:39.276+0000] {dag.py:3722} INFO - Setting next_dagrun for dataset_consumes_1 to None, run_after=None
[2025-03-05T22:26:39.277+0000] {logging_mixin.py:154} INFO - [2025-03-05T22:26:39.277+0000] {dag.py:3722} INFO - Setting next_dagrun for dataset_consumes_1_and_2 to None, run_after=None
[2025-03-05T22:26:39.278+0000] {logging_mixin.py:154} INFO - [2025-03-05T22:26:39.278+0000] {dag.py:3722} INFO - Setting next_dagrun for dataset_consumes_1_never_scheduled to None, run_after=None
[2025-03-05T22:26:39.278+0000] {logging_mixin.py:154} INFO - [2025-03-05T22:26:39.278+0000] {dag.py:3722} INFO - Setting next_dagrun for dataset_consumes_unknown_never_scheduled to None, run_after=None
[2025-03-05T22:26:39.279+0000] {logging_mixin.py:154} INFO - [2025-03-05T22:26:39.279+0000] {dag.py:3722} INFO - Setting next_dagrun for dataset_produces_1 to 2025-03-04T00:00:00+00:00, run_after=2025-03-05T00:00:00+00:00
[2025-03-05T22:26:39.280+0000] {logging_mixin.py:154} INFO - [2025-03-05T22:26:39.280+0000] {dag.py:3722} INFO - Setting next_dagrun for dataset_produces_2 to None, run_after=None
[2025-03-05T22:26:39.290+0000] {processor.py:179} INFO - Processing /home/airflow/.local/lib/python3.8/site-packages/airflow/example_dags/example_datasets.py took 0.041 seconds
[2025-03-05T22:27:09.713+0000] {processor.py:157} INFO - Started process (PID=4524) to work on /home/airflow/.local/lib/python3.8/site-packages/airflow/example_dags/example_datasets.py
[2025-03-05T22:27:09.715+0000] {processor.py:829} INFO - Processing file /home/airflow/.local/lib/python3.8/site-packages/airflow/example_dags/example_datasets.py for tasks to queue
[2025-03-05T22:27:09.716+0000] {logging_mixin.py:154} INFO - [2025-03-05T22:27:09.716+0000] {dagbag.py:536} INFO - Filling up the DagBag from /home/airflow/.local/lib/python3.8/site-packages/airflow/example_dags/example_datasets.py
[2025-03-05T22:27:09.721+0000] {processor.py:839} INFO - DAG(s) dict_keys(['dataset_produces_1', 'dataset_consumes_1', 'dataset_consumes_1_never_scheduled', 'dataset_produces_2', 'dataset_consumes_1_and_2', 'dataset_consumes_unknown_never_scheduled']) retrieved from /home/airflow/.local/lib/python3.8/site-packages/airflow/example_dags/example_datasets.py
[2025-03-05T22:27:09.738+0000] {logging_mixin.py:154} INFO - [2025-03-05T22:27:09.738+0000] {dag.py:2941} INFO - Sync 6 DAGs
[2025-03-05T22:27:09.747+0000] {logging_mixin.py:154} INFO - [2025-03-05T22:27:09.747+0000] {dag.py:3722} INFO - Setting next_dagrun for dataset_consumes_1 to None, run_after=None
[2025-03-05T22:27:09.748+0000] {logging_mixin.py:154} INFO - [2025-03-05T22:27:09.748+0000] {dag.py:3722} INFO - Setting next_dagrun for dataset_consumes_1_and_2 to None, run_after=None
[2025-03-05T22:27:09.749+0000] {logging_mixin.py:154} INFO - [2025-03-05T22:27:09.749+0000] {dag.py:3722} INFO - Setting next_dagrun for dataset_consumes_1_never_scheduled to None, run_after=None
[2025-03-05T22:27:09.749+0000] {logging_mixin.py:154} INFO - [2025-03-05T22:27:09.749+0000] {dag.py:3722} INFO - Setting next_dagrun for dataset_consumes_unknown_never_scheduled to None, run_after=None
[2025-03-05T22:27:09.750+0000] {logging_mixin.py:154} INFO - [2025-03-05T22:27:09.750+0000] {dag.py:3722} INFO - Setting next_dagrun for dataset_produces_1 to 2025-03-04T00:00:00+00:00, run_after=2025-03-05T00:00:00+00:00
[2025-03-05T22:27:09.750+0000] {logging_mixin.py:154} INFO - [2025-03-05T22:27:09.750+0000] {dag.py:3722} INFO - Setting next_dagrun for dataset_produces_2 to None, run_after=None
[2025-03-05T22:27:09.761+0000] {processor.py:179} INFO - Processing /home/airflow/.local/lib/python3.8/site-packages/airflow/example_dags/example_datasets.py took 0.049 seconds
[2025-03-05T22:27:40.195+0000] {processor.py:157} INFO - Started process (PID=4580) to work on /home/airflow/.local/lib/python3.8/site-packages/airflow/example_dags/example_datasets.py
[2025-03-05T22:27:40.196+0000] {processor.py:829} INFO - Processing file /home/airflow/.local/lib/python3.8/site-packages/airflow/example_dags/example_datasets.py for tasks to queue
[2025-03-05T22:27:40.198+0000] {logging_mixin.py:154} INFO - [2025-03-05T22:27:40.198+0000] {dagbag.py:536} INFO - Filling up the DagBag from /home/airflow/.local/lib/python3.8/site-packages/airflow/example_dags/example_datasets.py
[2025-03-05T22:27:40.203+0000] {processor.py:839} INFO - DAG(s) dict_keys(['dataset_consumes_1_never_scheduled', 'dataset_consumes_1', 'dataset_consumes_unknown_never_scheduled', 'dataset_consumes_1_and_2', 'dataset_produces_2', 'dataset_produces_1']) retrieved from /home/airflow/.local/lib/python3.8/site-packages/airflow/example_dags/example_datasets.py
[2025-03-05T22:27:40.220+0000] {logging_mixin.py:154} INFO - [2025-03-05T22:27:40.220+0000] {dag.py:2941} INFO - Sync 6 DAGs
[2025-03-05T22:27:40.229+0000] {logging_mixin.py:154} INFO - [2025-03-05T22:27:40.229+0000] {dag.py:3722} INFO - Setting next_dagrun for dataset_consumes_1 to None, run_after=None
[2025-03-05T22:27:40.231+0000] {logging_mixin.py:154} INFO - [2025-03-05T22:27:40.231+0000] {dag.py:3722} INFO - Setting next_dagrun for dataset_consumes_1_and_2 to None, run_after=None
[2025-03-05T22:27:40.231+0000] {logging_mixin.py:154} INFO - [2025-03-05T22:27:40.231+0000] {dag.py:3722} INFO - Setting next_dagrun for dataset_consumes_1_never_scheduled to None, run_after=None
[2025-03-05T22:27:40.232+0000] {logging_mixin.py:154} INFO - [2025-03-05T22:27:40.232+0000] {dag.py:3722} INFO - Setting next_dagrun for dataset_consumes_unknown_never_scheduled to None, run_after=None
[2025-03-05T22:27:40.233+0000] {logging_mixin.py:154} INFO - [2025-03-05T22:27:40.233+0000] {dag.py:3722} INFO - Setting next_dagrun for dataset_produces_1 to 2025-03-04T00:00:00+00:00, run_after=2025-03-05T00:00:00+00:00
[2025-03-05T22:27:40.233+0000] {logging_mixin.py:154} INFO - [2025-03-05T22:27:40.233+0000] {dag.py:3722} INFO - Setting next_dagrun for dataset_produces_2 to None, run_after=None
[2025-03-05T22:27:40.244+0000] {processor.py:179} INFO - Processing /home/airflow/.local/lib/python3.8/site-packages/airflow/example_dags/example_datasets.py took 0.050 seconds
[2025-03-05T22:28:10.793+0000] {processor.py:157} INFO - Started process (PID=4636) to work on /home/airflow/.local/lib/python3.8/site-packages/airflow/example_dags/example_datasets.py
[2025-03-05T22:28:10.793+0000] {processor.py:829} INFO - Processing file /home/airflow/.local/lib/python3.8/site-packages/airflow/example_dags/example_datasets.py for tasks to queue
[2025-03-05T22:28:10.795+0000] {logging_mixin.py:154} INFO - [2025-03-05T22:28:10.794+0000] {dagbag.py:536} INFO - Filling up the DagBag from /home/airflow/.local/lib/python3.8/site-packages/airflow/example_dags/example_datasets.py
[2025-03-05T22:28:10.799+0000] {processor.py:839} INFO - DAG(s) dict_keys(['dataset_produces_1', 'dataset_consumes_1_never_scheduled', 'dataset_consumes_unknown_never_scheduled', 'dataset_consumes_1', 'dataset_consumes_1_and_2', 'dataset_produces_2']) retrieved from /home/airflow/.local/lib/python3.8/site-packages/airflow/example_dags/example_datasets.py
[2025-03-05T22:28:10.814+0000] {logging_mixin.py:154} INFO - [2025-03-05T22:28:10.814+0000] {dag.py:2941} INFO - Sync 6 DAGs
[2025-03-05T22:28:10.824+0000] {logging_mixin.py:154} INFO - [2025-03-05T22:28:10.824+0000] {dag.py:3722} INFO - Setting next_dagrun for dataset_consumes_1 to None, run_after=None
[2025-03-05T22:28:10.828+0000] {logging_mixin.py:154} INFO - [2025-03-05T22:28:10.828+0000] {dag.py:3722} INFO - Setting next_dagrun for dataset_consumes_1_and_2 to None, run_after=None
[2025-03-05T22:28:10.828+0000] {logging_mixin.py:154} INFO - [2025-03-05T22:28:10.828+0000] {dag.py:3722} INFO - Setting next_dagrun for dataset_consumes_1_never_scheduled to None, run_after=None
[2025-03-05T22:28:10.828+0000] {logging_mixin.py:154} INFO - [2025-03-05T22:28:10.828+0000] {dag.py:3722} INFO - Setting next_dagrun for dataset_consumes_unknown_never_scheduled to None, run_after=None
[2025-03-05T22:28:10.829+0000] {logging_mixin.py:154} INFO - [2025-03-05T22:28:10.829+0000] {dag.py:3722} INFO - Setting next_dagrun for dataset_produces_1 to 2025-03-04T00:00:00+00:00, run_after=2025-03-05T00:00:00+00:00
[2025-03-05T22:28:10.831+0000] {logging_mixin.py:154} INFO - [2025-03-05T22:28:10.831+0000] {dag.py:3722} INFO - Setting next_dagrun for dataset_produces_2 to None, run_after=None
[2025-03-05T22:28:10.845+0000] {processor.py:179} INFO - Processing /home/airflow/.local/lib/python3.8/site-packages/airflow/example_dags/example_datasets.py took 0.054 seconds
[2025-03-05T22:28:41.329+0000] {processor.py:157} INFO - Started process (PID=4692) to work on /home/airflow/.local/lib/python3.8/site-packages/airflow/example_dags/example_datasets.py
[2025-03-05T22:28:41.330+0000] {processor.py:829} INFO - Processing file /home/airflow/.local/lib/python3.8/site-packages/airflow/example_dags/example_datasets.py for tasks to queue
[2025-03-05T22:28:41.331+0000] {logging_mixin.py:154} INFO - [2025-03-05T22:28:41.331+0000] {dagbag.py:536} INFO - Filling up the DagBag from /home/airflow/.local/lib/python3.8/site-packages/airflow/example_dags/example_datasets.py
[2025-03-05T22:28:41.337+0000] {processor.py:839} INFO - DAG(s) dict_keys(['dataset_consumes_1_never_scheduled', 'dataset_consumes_1', 'dataset_consumes_unknown_never_scheduled', 'dataset_produces_2', 'dataset_produces_1', 'dataset_consumes_1_and_2']) retrieved from /home/airflow/.local/lib/python3.8/site-packages/airflow/example_dags/example_datasets.py
[2025-03-05T22:28:41.354+0000] {logging_mixin.py:154} INFO - [2025-03-05T22:28:41.354+0000] {dag.py:2941} INFO - Sync 6 DAGs
[2025-03-05T22:28:41.363+0000] {logging_mixin.py:154} INFO - [2025-03-05T22:28:41.363+0000] {dag.py:3722} INFO - Setting next_dagrun for dataset_consumes_1 to None, run_after=None
[2025-03-05T22:28:41.365+0000] {logging_mixin.py:154} INFO - [2025-03-05T22:28:41.365+0000] {dag.py:3722} INFO - Setting next_dagrun for dataset_consumes_1_and_2 to None, run_after=None
[2025-03-05T22:28:41.365+0000] {logging_mixin.py:154} INFO - [2025-03-05T22:28:41.365+0000] {dag.py:3722} INFO - Setting next_dagrun for dataset_consumes_1_never_scheduled to None, run_after=None
[2025-03-05T22:28:41.366+0000] {logging_mixin.py:154} INFO - [2025-03-05T22:28:41.366+0000] {dag.py:3722} INFO - Setting next_dagrun for dataset_consumes_unknown_never_scheduled to None, run_after=None
[2025-03-05T22:28:41.367+0000] {logging_mixin.py:154} INFO - [2025-03-05T22:28:41.367+0000] {dag.py:3722} INFO - Setting next_dagrun for dataset_produces_1 to 2025-03-04T00:00:00+00:00, run_after=2025-03-05T00:00:00+00:00
[2025-03-05T22:28:41.367+0000] {logging_mixin.py:154} INFO - [2025-03-05T22:28:41.367+0000] {dag.py:3722} INFO - Setting next_dagrun for dataset_produces_2 to None, run_after=None
[2025-03-05T22:28:41.378+0000] {processor.py:179} INFO - Processing /home/airflow/.local/lib/python3.8/site-packages/airflow/example_dags/example_datasets.py took 0.050 seconds
[2025-03-05T22:29:11.848+0000] {processor.py:157} INFO - Started process (PID=4748) to work on /home/airflow/.local/lib/python3.8/site-packages/airflow/example_dags/example_datasets.py
[2025-03-05T22:29:11.849+0000] {processor.py:829} INFO - Processing file /home/airflow/.local/lib/python3.8/site-packages/airflow/example_dags/example_datasets.py for tasks to queue
[2025-03-05T22:29:11.850+0000] {logging_mixin.py:154} INFO - [2025-03-05T22:29:11.850+0000] {dagbag.py:536} INFO - Filling up the DagBag from /home/airflow/.local/lib/python3.8/site-packages/airflow/example_dags/example_datasets.py
[2025-03-05T22:29:11.854+0000] {processor.py:839} INFO - DAG(s) dict_keys(['dataset_consumes_1', 'dataset_consumes_unknown_never_scheduled', 'dataset_consumes_1_and_2', 'dataset_produces_1', 'dataset_consumes_1_never_scheduled', 'dataset_produces_2']) retrieved from /home/airflow/.local/lib/python3.8/site-packages/airflow/example_dags/example_datasets.py
[2025-03-05T22:29:11.866+0000] {logging_mixin.py:154} INFO - [2025-03-05T22:29:11.866+0000] {dag.py:2941} INFO - Sync 6 DAGs
[2025-03-05T22:29:11.874+0000] {logging_mixin.py:154} INFO - [2025-03-05T22:29:11.874+0000] {dag.py:3722} INFO - Setting next_dagrun for dataset_consumes_1 to None, run_after=None
[2025-03-05T22:29:11.875+0000] {logging_mixin.py:154} INFO - [2025-03-05T22:29:11.875+0000] {dag.py:3722} INFO - Setting next_dagrun for dataset_consumes_1_and_2 to None, run_after=None
[2025-03-05T22:29:11.876+0000] {logging_mixin.py:154} INFO - [2025-03-05T22:29:11.876+0000] {dag.py:3722} INFO - Setting next_dagrun for dataset_consumes_1_never_scheduled to None, run_after=None
[2025-03-05T22:29:11.876+0000] {logging_mixin.py:154} INFO - [2025-03-05T22:29:11.876+0000] {dag.py:3722} INFO - Setting next_dagrun for dataset_consumes_unknown_never_scheduled to None, run_after=None
[2025-03-05T22:29:11.877+0000] {logging_mixin.py:154} INFO - [2025-03-05T22:29:11.877+0000] {dag.py:3722} INFO - Setting next_dagrun for dataset_produces_1 to 2025-03-04T00:00:00+00:00, run_after=2025-03-05T00:00:00+00:00
[2025-03-05T22:29:11.877+0000] {logging_mixin.py:154} INFO - [2025-03-05T22:29:11.877+0000] {dag.py:3722} INFO - Setting next_dagrun for dataset_produces_2 to None, run_after=None
[2025-03-05T22:29:11.887+0000] {processor.py:179} INFO - Processing /home/airflow/.local/lib/python3.8/site-packages/airflow/example_dags/example_datasets.py took 0.041 seconds
[2025-03-05T22:29:42.455+0000] {processor.py:157} INFO - Started process (PID=4804) to work on /home/airflow/.local/lib/python3.8/site-packages/airflow/example_dags/example_datasets.py
[2025-03-05T22:29:42.455+0000] {processor.py:829} INFO - Processing file /home/airflow/.local/lib/python3.8/site-packages/airflow/example_dags/example_datasets.py for tasks to queue
[2025-03-05T22:29:42.456+0000] {logging_mixin.py:154} INFO - [2025-03-05T22:29:42.456+0000] {dagbag.py:536} INFO - Filling up the DagBag from /home/airflow/.local/lib/python3.8/site-packages/airflow/example_dags/example_datasets.py
[2025-03-05T22:29:42.461+0000] {processor.py:839} INFO - DAG(s) dict_keys(['dataset_consumes_1_and_2', 'dataset_produces_2', 'dataset_consumes_1_never_scheduled', 'dataset_produces_1', 'dataset_consumes_unknown_never_scheduled', 'dataset_consumes_1']) retrieved from /home/airflow/.local/lib/python3.8/site-packages/airflow/example_dags/example_datasets.py
[2025-03-05T22:29:42.474+0000] {logging_mixin.py:154} INFO - [2025-03-05T22:29:42.474+0000] {dag.py:2941} INFO - Sync 6 DAGs
[2025-03-05T22:29:42.483+0000] {logging_mixin.py:154} INFO - [2025-03-05T22:29:42.482+0000] {dag.py:3722} INFO - Setting next_dagrun for dataset_consumes_1 to None, run_after=None
[2025-03-05T22:29:42.484+0000] {logging_mixin.py:154} INFO - [2025-03-05T22:29:42.484+0000] {dag.py:3722} INFO - Setting next_dagrun for dataset_consumes_1_and_2 to None, run_after=None
[2025-03-05T22:29:42.484+0000] {logging_mixin.py:154} INFO - [2025-03-05T22:29:42.484+0000] {dag.py:3722} INFO - Setting next_dagrun for dataset_consumes_1_never_scheduled to None, run_after=None
[2025-03-05T22:29:42.485+0000] {logging_mixin.py:154} INFO - [2025-03-05T22:29:42.485+0000] {dag.py:3722} INFO - Setting next_dagrun for dataset_consumes_unknown_never_scheduled to None, run_after=None
[2025-03-05T22:29:42.486+0000] {logging_mixin.py:154} INFO - [2025-03-05T22:29:42.486+0000] {dag.py:3722} INFO - Setting next_dagrun for dataset_produces_1 to 2025-03-04T00:00:00+00:00, run_after=2025-03-05T00:00:00+00:00
[2025-03-05T22:29:42.486+0000] {logging_mixin.py:154} INFO - [2025-03-05T22:29:42.486+0000] {dag.py:3722} INFO - Setting next_dagrun for dataset_produces_2 to None, run_after=None
[2025-03-05T22:29:42.497+0000] {processor.py:179} INFO - Processing /home/airflow/.local/lib/python3.8/site-packages/airflow/example_dags/example_datasets.py took 0.044 seconds
[2025-03-05T22:30:12.894+0000] {processor.py:157} INFO - Started process (PID=4860) to work on /home/airflow/.local/lib/python3.8/site-packages/airflow/example_dags/example_datasets.py
[2025-03-05T22:30:12.895+0000] {processor.py:829} INFO - Processing file /home/airflow/.local/lib/python3.8/site-packages/airflow/example_dags/example_datasets.py for tasks to queue
[2025-03-05T22:30:12.895+0000] {logging_mixin.py:154} INFO - [2025-03-05T22:30:12.895+0000] {dagbag.py:536} INFO - Filling up the DagBag from /home/airflow/.local/lib/python3.8/site-packages/airflow/example_dags/example_datasets.py
[2025-03-05T22:30:12.900+0000] {processor.py:839} INFO - DAG(s) dict_keys(['dataset_consumes_1_and_2', 'dataset_produces_2', 'dataset_consumes_unknown_never_scheduled', 'dataset_consumes_1', 'dataset_consumes_1_never_scheduled', 'dataset_produces_1']) retrieved from /home/airflow/.local/lib/python3.8/site-packages/airflow/example_dags/example_datasets.py
[2025-03-05T22:30:12.913+0000] {logging_mixin.py:154} INFO - [2025-03-05T22:30:12.913+0000] {dag.py:2941} INFO - Sync 6 DAGs
[2025-03-05T22:30:12.921+0000] {logging_mixin.py:154} INFO - [2025-03-05T22:30:12.920+0000] {dag.py:3722} INFO - Setting next_dagrun for dataset_consumes_1 to None, run_after=None
[2025-03-05T22:30:12.922+0000] {logging_mixin.py:154} INFO - [2025-03-05T22:30:12.922+0000] {dag.py:3722} INFO - Setting next_dagrun for dataset_consumes_1_and_2 to None, run_after=None
[2025-03-05T22:30:12.922+0000] {logging_mixin.py:154} INFO - [2025-03-05T22:30:12.922+0000] {dag.py:3722} INFO - Setting next_dagrun for dataset_consumes_1_never_scheduled to None, run_after=None
[2025-03-05T22:30:12.923+0000] {logging_mixin.py:154} INFO - [2025-03-05T22:30:12.922+0000] {dag.py:3722} INFO - Setting next_dagrun for dataset_consumes_unknown_never_scheduled to None, run_after=None
[2025-03-05T22:30:12.923+0000] {logging_mixin.py:154} INFO - [2025-03-05T22:30:12.923+0000] {dag.py:3722} INFO - Setting next_dagrun for dataset_produces_1 to 2025-03-04T00:00:00+00:00, run_after=2025-03-05T00:00:00+00:00
[2025-03-05T22:30:12.924+0000] {logging_mixin.py:154} INFO - [2025-03-05T22:30:12.924+0000] {dag.py:3722} INFO - Setting next_dagrun for dataset_produces_2 to None, run_after=None
[2025-03-05T22:30:12.933+0000] {processor.py:179} INFO - Processing /home/airflow/.local/lib/python3.8/site-packages/airflow/example_dags/example_datasets.py took 0.041 seconds
[2025-03-05T22:30:43.479+0000] {processor.py:157} INFO - Started process (PID=4916) to work on /home/airflow/.local/lib/python3.8/site-packages/airflow/example_dags/example_datasets.py
[2025-03-05T22:30:43.479+0000] {processor.py:829} INFO - Processing file /home/airflow/.local/lib/python3.8/site-packages/airflow/example_dags/example_datasets.py for tasks to queue
[2025-03-05T22:30:43.481+0000] {logging_mixin.py:154} INFO - [2025-03-05T22:30:43.481+0000] {dagbag.py:536} INFO - Filling up the DagBag from /home/airflow/.local/lib/python3.8/site-packages/airflow/example_dags/example_datasets.py
[2025-03-05T22:30:43.487+0000] {processor.py:839} INFO - DAG(s) dict_keys(['dataset_consumes_1_and_2', 'dataset_produces_2', 'dataset_produces_1', 'dataset_consumes_1_never_scheduled', 'dataset_consumes_1', 'dataset_consumes_unknown_never_scheduled']) retrieved from /home/airflow/.local/lib/python3.8/site-packages/airflow/example_dags/example_datasets.py
[2025-03-05T22:30:43.501+0000] {logging_mixin.py:154} INFO - [2025-03-05T22:30:43.501+0000] {dag.py:2941} INFO - Sync 6 DAGs
[2025-03-05T22:30:43.511+0000] {logging_mixin.py:154} INFO - [2025-03-05T22:30:43.511+0000] {dag.py:3722} INFO - Setting next_dagrun for dataset_consumes_1 to None, run_after=None
[2025-03-05T22:30:43.513+0000] {logging_mixin.py:154} INFO - [2025-03-05T22:30:43.513+0000] {dag.py:3722} INFO - Setting next_dagrun for dataset_consumes_1_and_2 to None, run_after=None
[2025-03-05T22:30:43.514+0000] {logging_mixin.py:154} INFO - [2025-03-05T22:30:43.514+0000] {dag.py:3722} INFO - Setting next_dagrun for dataset_consumes_1_never_scheduled to None, run_after=None
[2025-03-05T22:30:43.515+0000] {logging_mixin.py:154} INFO - [2025-03-05T22:30:43.514+0000] {dag.py:3722} INFO - Setting next_dagrun for dataset_consumes_unknown_never_scheduled to None, run_after=None
[2025-03-05T22:30:43.516+0000] {logging_mixin.py:154} INFO - [2025-03-05T22:30:43.516+0000] {dag.py:3722} INFO - Setting next_dagrun for dataset_produces_1 to 2025-03-04T00:00:00+00:00, run_after=2025-03-05T00:00:00+00:00
[2025-03-05T22:30:43.518+0000] {logging_mixin.py:154} INFO - [2025-03-05T22:30:43.517+0000] {dag.py:3722} INFO - Setting next_dagrun for dataset_produces_2 to None, run_after=None
[2025-03-05T22:30:43.531+0000] {processor.py:179} INFO - Processing /home/airflow/.local/lib/python3.8/site-packages/airflow/example_dags/example_datasets.py took 0.053 seconds
[2025-03-05T22:31:14.094+0000] {processor.py:157} INFO - Started process (PID=4972) to work on /home/airflow/.local/lib/python3.8/site-packages/airflow/example_dags/example_datasets.py
[2025-03-05T22:31:14.095+0000] {processor.py:829} INFO - Processing file /home/airflow/.local/lib/python3.8/site-packages/airflow/example_dags/example_datasets.py for tasks to queue
[2025-03-05T22:31:14.096+0000] {logging_mixin.py:154} INFO - [2025-03-05T22:31:14.095+0000] {dagbag.py:536} INFO - Filling up the DagBag from /home/airflow/.local/lib/python3.8/site-packages/airflow/example_dags/example_datasets.py
[2025-03-05T22:31:14.101+0000] {processor.py:839} INFO - DAG(s) dict_keys(['dataset_consumes_1', 'dataset_consumes_1_never_scheduled', 'dataset_produces_1', 'dataset_consumes_1_and_2', 'dataset_consumes_unknown_never_scheduled', 'dataset_produces_2']) retrieved from /home/airflow/.local/lib/python3.8/site-packages/airflow/example_dags/example_datasets.py
[2025-03-05T22:31:14.115+0000] {logging_mixin.py:154} INFO - [2025-03-05T22:31:14.115+0000] {dag.py:2941} INFO - Sync 6 DAGs
[2025-03-05T22:31:14.125+0000] {logging_mixin.py:154} INFO - [2025-03-05T22:31:14.125+0000] {dag.py:3722} INFO - Setting next_dagrun for dataset_consumes_1 to None, run_after=None
[2025-03-05T22:31:14.126+0000] {logging_mixin.py:154} INFO - [2025-03-05T22:31:14.126+0000] {dag.py:3722} INFO - Setting next_dagrun for dataset_consumes_1_and_2 to None, run_after=None
[2025-03-05T22:31:14.127+0000] {logging_mixin.py:154} INFO - [2025-03-05T22:31:14.127+0000] {dag.py:3722} INFO - Setting next_dagrun for dataset_consumes_1_never_scheduled to None, run_after=None
[2025-03-05T22:31:14.127+0000] {logging_mixin.py:154} INFO - [2025-03-05T22:31:14.127+0000] {dag.py:3722} INFO - Setting next_dagrun for dataset_consumes_unknown_never_scheduled to None, run_after=None
[2025-03-05T22:31:14.128+0000] {logging_mixin.py:154} INFO - [2025-03-05T22:31:14.128+0000] {dag.py:3722} INFO - Setting next_dagrun for dataset_produces_1 to 2025-03-04T00:00:00+00:00, run_after=2025-03-05T00:00:00+00:00
[2025-03-05T22:31:14.129+0000] {logging_mixin.py:154} INFO - [2025-03-05T22:31:14.129+0000] {dag.py:3722} INFO - Setting next_dagrun for dataset_produces_2 to None, run_after=None
[2025-03-05T22:31:14.139+0000] {processor.py:179} INFO - Processing /home/airflow/.local/lib/python3.8/site-packages/airflow/example_dags/example_datasets.py took 0.046 seconds
[2025-03-05T22:31:44.623+0000] {processor.py:157} INFO - Started process (PID=5028) to work on /home/airflow/.local/lib/python3.8/site-packages/airflow/example_dags/example_datasets.py
[2025-03-05T22:31:44.623+0000] {processor.py:829} INFO - Processing file /home/airflow/.local/lib/python3.8/site-packages/airflow/example_dags/example_datasets.py for tasks to queue
[2025-03-05T22:31:44.624+0000] {logging_mixin.py:154} INFO - [2025-03-05T22:31:44.624+0000] {dagbag.py:536} INFO - Filling up the DagBag from /home/airflow/.local/lib/python3.8/site-packages/airflow/example_dags/example_datasets.py
[2025-03-05T22:31:44.629+0000] {processor.py:839} INFO - DAG(s) dict_keys(['dataset_consumes_1_and_2', 'dataset_consumes_unknown_never_scheduled', 'dataset_produces_1', 'dataset_consumes_1', 'dataset_consumes_1_never_scheduled', 'dataset_produces_2']) retrieved from /home/airflow/.local/lib/python3.8/site-packages/airflow/example_dags/example_datasets.py
[2025-03-05T22:31:44.644+0000] {logging_mixin.py:154} INFO - [2025-03-05T22:31:44.644+0000] {dag.py:2941} INFO - Sync 6 DAGs
[2025-03-05T22:31:44.654+0000] {logging_mixin.py:154} INFO - [2025-03-05T22:31:44.654+0000] {dag.py:3722} INFO - Setting next_dagrun for dataset_consumes_1 to None, run_after=None
[2025-03-05T22:31:44.657+0000] {logging_mixin.py:154} INFO - [2025-03-05T22:31:44.657+0000] {dag.py:3722} INFO - Setting next_dagrun for dataset_consumes_1_and_2 to None, run_after=None
[2025-03-05T22:31:44.658+0000] {logging_mixin.py:154} INFO - [2025-03-05T22:31:44.658+0000] {dag.py:3722} INFO - Setting next_dagrun for dataset_consumes_1_never_scheduled to None, run_after=None
[2025-03-05T22:31:44.658+0000] {logging_mixin.py:154} INFO - [2025-03-05T22:31:44.658+0000] {dag.py:3722} INFO - Setting next_dagrun for dataset_consumes_unknown_never_scheduled to None, run_after=None
[2025-03-05T22:31:44.659+0000] {logging_mixin.py:154} INFO - [2025-03-05T22:31:44.659+0000] {dag.py:3722} INFO - Setting next_dagrun for dataset_produces_1 to 2025-03-04T00:00:00+00:00, run_after=2025-03-05T00:00:00+00:00
[2025-03-05T22:31:44.659+0000] {logging_mixin.py:154} INFO - [2025-03-05T22:31:44.659+0000] {dag.py:3722} INFO - Setting next_dagrun for dataset_produces_2 to None, run_after=None
[2025-03-05T22:31:44.676+0000] {processor.py:179} INFO - Processing /home/airflow/.local/lib/python3.8/site-packages/airflow/example_dags/example_datasets.py took 0.054 seconds
[2025-03-05T22:32:15.188+0000] {processor.py:157} INFO - Started process (PID=5084) to work on /home/airflow/.local/lib/python3.8/site-packages/airflow/example_dags/example_datasets.py
[2025-03-05T22:32:15.189+0000] {processor.py:829} INFO - Processing file /home/airflow/.local/lib/python3.8/site-packages/airflow/example_dags/example_datasets.py for tasks to queue
[2025-03-05T22:32:15.190+0000] {logging_mixin.py:154} INFO - [2025-03-05T22:32:15.190+0000] {dagbag.py:536} INFO - Filling up the DagBag from /home/airflow/.local/lib/python3.8/site-packages/airflow/example_dags/example_datasets.py
[2025-03-05T22:32:15.195+0000] {processor.py:839} INFO - DAG(s) dict_keys(['dataset_consumes_1', 'dataset_consumes_unknown_never_scheduled', 'dataset_consumes_1_never_scheduled', 'dataset_produces_1', 'dataset_consumes_1_and_2', 'dataset_produces_2']) retrieved from /home/airflow/.local/lib/python3.8/site-packages/airflow/example_dags/example_datasets.py
[2025-03-05T22:32:15.212+0000] {logging_mixin.py:154} INFO - [2025-03-05T22:32:15.212+0000] {dag.py:2941} INFO - Sync 6 DAGs
[2025-03-05T22:32:15.221+0000] {logging_mixin.py:154} INFO - [2025-03-05T22:32:15.221+0000] {dag.py:3722} INFO - Setting next_dagrun for dataset_consumes_1 to None, run_after=None
[2025-03-05T22:32:15.222+0000] {logging_mixin.py:154} INFO - [2025-03-05T22:32:15.222+0000] {dag.py:3722} INFO - Setting next_dagrun for dataset_consumes_1_and_2 to None, run_after=None
[2025-03-05T22:32:15.222+0000] {logging_mixin.py:154} INFO - [2025-03-05T22:32:15.222+0000] {dag.py:3722} INFO - Setting next_dagrun for dataset_consumes_1_never_scheduled to None, run_after=None
[2025-03-05T22:32:15.223+0000] {logging_mixin.py:154} INFO - [2025-03-05T22:32:15.223+0000] {dag.py:3722} INFO - Setting next_dagrun for dataset_consumes_unknown_never_scheduled to None, run_after=None
[2025-03-05T22:32:15.224+0000] {logging_mixin.py:154} INFO - [2025-03-05T22:32:15.224+0000] {dag.py:3722} INFO - Setting next_dagrun for dataset_produces_1 to 2025-03-04T00:00:00+00:00, run_after=2025-03-05T00:00:00+00:00
[2025-03-05T22:32:15.224+0000] {logging_mixin.py:154} INFO - [2025-03-05T22:32:15.224+0000] {dag.py:3722} INFO - Setting next_dagrun for dataset_produces_2 to None, run_after=None
[2025-03-05T22:32:15.235+0000] {processor.py:179} INFO - Processing /home/airflow/.local/lib/python3.8/site-packages/airflow/example_dags/example_datasets.py took 0.049 seconds
[2025-03-05T22:32:45.725+0000] {processor.py:157} INFO - Started process (PID=5140) to work on /home/airflow/.local/lib/python3.8/site-packages/airflow/example_dags/example_datasets.py
[2025-03-05T22:32:45.726+0000] {processor.py:829} INFO - Processing file /home/airflow/.local/lib/python3.8/site-packages/airflow/example_dags/example_datasets.py for tasks to queue
[2025-03-05T22:32:45.727+0000] {logging_mixin.py:154} INFO - [2025-03-05T22:32:45.727+0000] {dagbag.py:536} INFO - Filling up the DagBag from /home/airflow/.local/lib/python3.8/site-packages/airflow/example_dags/example_datasets.py
[2025-03-05T22:32:45.733+0000] {processor.py:839} INFO - DAG(s) dict_keys(['dataset_produces_2', 'dataset_consumes_1_never_scheduled', 'dataset_consumes_unknown_never_scheduled', 'dataset_produces_1', 'dataset_consumes_1_and_2', 'dataset_consumes_1']) retrieved from /home/airflow/.local/lib/python3.8/site-packages/airflow/example_dags/example_datasets.py
[2025-03-05T22:32:45.746+0000] {logging_mixin.py:154} INFO - [2025-03-05T22:32:45.746+0000] {dag.py:2941} INFO - Sync 6 DAGs
[2025-03-05T22:32:45.757+0000] {logging_mixin.py:154} INFO - [2025-03-05T22:32:45.757+0000] {dag.py:3722} INFO - Setting next_dagrun for dataset_consumes_1 to None, run_after=None
[2025-03-05T22:32:45.759+0000] {logging_mixin.py:154} INFO - [2025-03-05T22:32:45.759+0000] {dag.py:3722} INFO - Setting next_dagrun for dataset_consumes_1_and_2 to None, run_after=None
[2025-03-05T22:32:45.760+0000] {logging_mixin.py:154} INFO - [2025-03-05T22:32:45.760+0000] {dag.py:3722} INFO - Setting next_dagrun for dataset_consumes_1_never_scheduled to None, run_after=None
[2025-03-05T22:32:45.760+0000] {logging_mixin.py:154} INFO - [2025-03-05T22:32:45.760+0000] {dag.py:3722} INFO - Setting next_dagrun for dataset_consumes_unknown_never_scheduled to None, run_after=None
[2025-03-05T22:32:45.761+0000] {logging_mixin.py:154} INFO - [2025-03-05T22:32:45.761+0000] {dag.py:3722} INFO - Setting next_dagrun for dataset_produces_1 to 2025-03-04T00:00:00+00:00, run_after=2025-03-05T00:00:00+00:00
[2025-03-05T22:32:45.763+0000] {logging_mixin.py:154} INFO - [2025-03-05T22:32:45.763+0000] {dag.py:3722} INFO - Setting next_dagrun for dataset_produces_2 to None, run_after=None
[2025-03-05T22:32:45.776+0000] {processor.py:179} INFO - Processing /home/airflow/.local/lib/python3.8/site-packages/airflow/example_dags/example_datasets.py took 0.053 seconds
[2025-03-05T22:33:16.279+0000] {processor.py:157} INFO - Started process (PID=5196) to work on /home/airflow/.local/lib/python3.8/site-packages/airflow/example_dags/example_datasets.py
[2025-03-05T22:33:16.280+0000] {processor.py:829} INFO - Processing file /home/airflow/.local/lib/python3.8/site-packages/airflow/example_dags/example_datasets.py for tasks to queue
[2025-03-05T22:33:16.281+0000] {logging_mixin.py:154} INFO - [2025-03-05T22:33:16.281+0000] {dagbag.py:536} INFO - Filling up the DagBag from /home/airflow/.local/lib/python3.8/site-packages/airflow/example_dags/example_datasets.py
[2025-03-05T22:33:16.287+0000] {processor.py:839} INFO - DAG(s) dict_keys(['dataset_produces_2', 'dataset_consumes_1_and_2', 'dataset_consumes_1_never_scheduled', 'dataset_consumes_1', 'dataset_consumes_unknown_never_scheduled', 'dataset_produces_1']) retrieved from /home/airflow/.local/lib/python3.8/site-packages/airflow/example_dags/example_datasets.py
[2025-03-05T22:33:16.310+0000] {logging_mixin.py:154} INFO - [2025-03-05T22:33:16.310+0000] {dag.py:2941} INFO - Sync 6 DAGs
[2025-03-05T22:33:16.318+0000] {logging_mixin.py:154} INFO - [2025-03-05T22:33:16.318+0000] {dag.py:3722} INFO - Setting next_dagrun for dataset_consumes_1 to None, run_after=None
[2025-03-05T22:33:16.321+0000] {logging_mixin.py:154} INFO - [2025-03-05T22:33:16.321+0000] {dag.py:3722} INFO - Setting next_dagrun for dataset_consumes_1_and_2 to None, run_after=None
[2025-03-05T22:33:16.321+0000] {logging_mixin.py:154} INFO - [2025-03-05T22:33:16.321+0000] {dag.py:3722} INFO - Setting next_dagrun for dataset_consumes_1_never_scheduled to None, run_after=None
[2025-03-05T22:33:16.322+0000] {logging_mixin.py:154} INFO - [2025-03-05T22:33:16.322+0000] {dag.py:3722} INFO - Setting next_dagrun for dataset_consumes_unknown_never_scheduled to None, run_after=None
[2025-03-05T22:33:16.324+0000] {logging_mixin.py:154} INFO - [2025-03-05T22:33:16.324+0000] {dag.py:3722} INFO - Setting next_dagrun for dataset_produces_1 to 2025-03-04T00:00:00+00:00, run_after=2025-03-05T00:00:00+00:00
[2025-03-05T22:33:16.324+0000] {logging_mixin.py:154} INFO - [2025-03-05T22:33:16.324+0000] {dag.py:3722} INFO - Setting next_dagrun for dataset_produces_2 to None, run_after=None
[2025-03-05T22:33:16.340+0000] {processor.py:179} INFO - Processing /home/airflow/.local/lib/python3.8/site-packages/airflow/example_dags/example_datasets.py took 0.062 seconds
[2025-03-05T22:33:46.900+0000] {processor.py:157} INFO - Started process (PID=5252) to work on /home/airflow/.local/lib/python3.8/site-packages/airflow/example_dags/example_datasets.py
[2025-03-05T22:33:46.901+0000] {processor.py:829} INFO - Processing file /home/airflow/.local/lib/python3.8/site-packages/airflow/example_dags/example_datasets.py for tasks to queue
[2025-03-05T22:33:46.902+0000] {logging_mixin.py:154} INFO - [2025-03-05T22:33:46.902+0000] {dagbag.py:536} INFO - Filling up the DagBag from /home/airflow/.local/lib/python3.8/site-packages/airflow/example_dags/example_datasets.py
[2025-03-05T22:33:46.907+0000] {processor.py:839} INFO - DAG(s) dict_keys(['dataset_consumes_unknown_never_scheduled', 'dataset_produces_1', 'dataset_consumes_1_and_2', 'dataset_consumes_1_never_scheduled', 'dataset_produces_2', 'dataset_consumes_1']) retrieved from /home/airflow/.local/lib/python3.8/site-packages/airflow/example_dags/example_datasets.py
[2025-03-05T22:33:46.924+0000] {logging_mixin.py:154} INFO - [2025-03-05T22:33:46.924+0000] {dag.py:2941} INFO - Sync 6 DAGs
[2025-03-05T22:33:46.934+0000] {logging_mixin.py:154} INFO - [2025-03-05T22:33:46.934+0000] {dag.py:3722} INFO - Setting next_dagrun for dataset_consumes_1 to None, run_after=None
[2025-03-05T22:33:46.937+0000] {logging_mixin.py:154} INFO - [2025-03-05T22:33:46.937+0000] {dag.py:3722} INFO - Setting next_dagrun for dataset_consumes_1_and_2 to None, run_after=None
[2025-03-05T22:33:46.938+0000] {logging_mixin.py:154} INFO - [2025-03-05T22:33:46.938+0000] {dag.py:3722} INFO - Setting next_dagrun for dataset_consumes_1_never_scheduled to None, run_after=None
[2025-03-05T22:33:46.939+0000] {logging_mixin.py:154} INFO - [2025-03-05T22:33:46.939+0000] {dag.py:3722} INFO - Setting next_dagrun for dataset_consumes_unknown_never_scheduled to None, run_after=None
[2025-03-05T22:33:46.941+0000] {logging_mixin.py:154} INFO - [2025-03-05T22:33:46.941+0000] {dag.py:3722} INFO - Setting next_dagrun for dataset_produces_1 to 2025-03-04T00:00:00+00:00, run_after=2025-03-05T00:00:00+00:00
[2025-03-05T22:33:46.941+0000] {logging_mixin.py:154} INFO - [2025-03-05T22:33:46.941+0000] {dag.py:3722} INFO - Setting next_dagrun for dataset_produces_2 to None, run_after=None
[2025-03-05T22:33:46.957+0000] {processor.py:179} INFO - Processing /home/airflow/.local/lib/python3.8/site-packages/airflow/example_dags/example_datasets.py took 0.058 seconds
[2025-03-05T22:34:17.466+0000] {processor.py:157} INFO - Started process (PID=5308) to work on /home/airflow/.local/lib/python3.8/site-packages/airflow/example_dags/example_datasets.py
[2025-03-05T22:34:17.466+0000] {processor.py:829} INFO - Processing file /home/airflow/.local/lib/python3.8/site-packages/airflow/example_dags/example_datasets.py for tasks to queue
[2025-03-05T22:34:17.467+0000] {logging_mixin.py:154} INFO - [2025-03-05T22:34:17.467+0000] {dagbag.py:536} INFO - Filling up the DagBag from /home/airflow/.local/lib/python3.8/site-packages/airflow/example_dags/example_datasets.py
[2025-03-05T22:34:17.472+0000] {processor.py:839} INFO - DAG(s) dict_keys(['dataset_produces_1', 'dataset_consumes_unknown_never_scheduled', 'dataset_consumes_1', 'dataset_consumes_1_never_scheduled', 'dataset_consumes_1_and_2', 'dataset_produces_2']) retrieved from /home/airflow/.local/lib/python3.8/site-packages/airflow/example_dags/example_datasets.py
[2025-03-05T22:34:17.484+0000] {logging_mixin.py:154} INFO - [2025-03-05T22:34:17.484+0000] {dag.py:2941} INFO - Sync 6 DAGs
[2025-03-05T22:34:17.492+0000] {logging_mixin.py:154} INFO - [2025-03-05T22:34:17.492+0000] {dag.py:3722} INFO - Setting next_dagrun for dataset_consumes_1 to None, run_after=None
[2025-03-05T22:34:17.493+0000] {logging_mixin.py:154} INFO - [2025-03-05T22:34:17.493+0000] {dag.py:3722} INFO - Setting next_dagrun for dataset_consumes_1_and_2 to None, run_after=None
[2025-03-05T22:34:17.493+0000] {logging_mixin.py:154} INFO - [2025-03-05T22:34:17.493+0000] {dag.py:3722} INFO - Setting next_dagrun for dataset_consumes_1_never_scheduled to None, run_after=None
[2025-03-05T22:34:17.494+0000] {logging_mixin.py:154} INFO - [2025-03-05T22:34:17.494+0000] {dag.py:3722} INFO - Setting next_dagrun for dataset_consumes_unknown_never_scheduled to None, run_after=None
[2025-03-05T22:34:17.495+0000] {logging_mixin.py:154} INFO - [2025-03-05T22:34:17.495+0000] {dag.py:3722} INFO - Setting next_dagrun for dataset_produces_1 to 2025-03-04T00:00:00+00:00, run_after=2025-03-05T00:00:00+00:00
[2025-03-05T22:34:17.495+0000] {logging_mixin.py:154} INFO - [2025-03-05T22:34:17.495+0000] {dag.py:3722} INFO - Setting next_dagrun for dataset_produces_2 to None, run_after=None
[2025-03-05T22:34:17.505+0000] {processor.py:179} INFO - Processing /home/airflow/.local/lib/python3.8/site-packages/airflow/example_dags/example_datasets.py took 0.040 seconds
[2025-03-05T22:34:48.034+0000] {processor.py:157} INFO - Started process (PID=5363) to work on /home/airflow/.local/lib/python3.8/site-packages/airflow/example_dags/example_datasets.py
[2025-03-05T22:34:48.034+0000] {processor.py:829} INFO - Processing file /home/airflow/.local/lib/python3.8/site-packages/airflow/example_dags/example_datasets.py for tasks to queue
[2025-03-05T22:34:48.035+0000] {logging_mixin.py:154} INFO - [2025-03-05T22:34:48.035+0000] {dagbag.py:536} INFO - Filling up the DagBag from /home/airflow/.local/lib/python3.8/site-packages/airflow/example_dags/example_datasets.py
[2025-03-05T22:34:48.040+0000] {processor.py:839} INFO - DAG(s) dict_keys(['dataset_consumes_1', 'dataset_consumes_1_never_scheduled', 'dataset_produces_2', 'dataset_consumes_unknown_never_scheduled', 'dataset_produces_1', 'dataset_consumes_1_and_2']) retrieved from /home/airflow/.local/lib/python3.8/site-packages/airflow/example_dags/example_datasets.py
[2025-03-05T22:34:48.054+0000] {logging_mixin.py:154} INFO - [2025-03-05T22:34:48.054+0000] {dag.py:2941} INFO - Sync 6 DAGs
[2025-03-05T22:34:48.064+0000] {logging_mixin.py:154} INFO - [2025-03-05T22:34:48.064+0000] {dag.py:3722} INFO - Setting next_dagrun for dataset_consumes_1 to None, run_after=None
[2025-03-05T22:34:48.065+0000] {logging_mixin.py:154} INFO - [2025-03-05T22:34:48.065+0000] {dag.py:3722} INFO - Setting next_dagrun for dataset_consumes_1_and_2 to None, run_after=None
[2025-03-05T22:34:48.065+0000] {logging_mixin.py:154} INFO - [2025-03-05T22:34:48.065+0000] {dag.py:3722} INFO - Setting next_dagrun for dataset_consumes_1_never_scheduled to None, run_after=None
[2025-03-05T22:34:48.066+0000] {logging_mixin.py:154} INFO - [2025-03-05T22:34:48.066+0000] {dag.py:3722} INFO - Setting next_dagrun for dataset_consumes_unknown_never_scheduled to None, run_after=None
[2025-03-05T22:34:48.067+0000] {logging_mixin.py:154} INFO - [2025-03-05T22:34:48.067+0000] {dag.py:3722} INFO - Setting next_dagrun for dataset_produces_1 to 2025-03-04T00:00:00+00:00, run_after=2025-03-05T00:00:00+00:00
[2025-03-05T22:34:48.069+0000] {logging_mixin.py:154} INFO - [2025-03-05T22:34:48.069+0000] {dag.py:3722} INFO - Setting next_dagrun for dataset_produces_2 to None, run_after=None
[2025-03-05T22:34:48.081+0000] {processor.py:179} INFO - Processing /home/airflow/.local/lib/python3.8/site-packages/airflow/example_dags/example_datasets.py took 0.049 seconds
[2025-03-05T22:35:18.669+0000] {processor.py:157} INFO - Started process (PID=5419) to work on /home/airflow/.local/lib/python3.8/site-packages/airflow/example_dags/example_datasets.py
[2025-03-05T22:35:18.670+0000] {processor.py:829} INFO - Processing file /home/airflow/.local/lib/python3.8/site-packages/airflow/example_dags/example_datasets.py for tasks to queue
[2025-03-05T22:35:18.672+0000] {logging_mixin.py:154} INFO - [2025-03-05T22:35:18.672+0000] {dagbag.py:536} INFO - Filling up the DagBag from /home/airflow/.local/lib/python3.8/site-packages/airflow/example_dags/example_datasets.py
[2025-03-05T22:35:18.679+0000] {processor.py:839} INFO - DAG(s) dict_keys(['dataset_consumes_unknown_never_scheduled', 'dataset_consumes_1_and_2', 'dataset_consumes_1', 'dataset_produces_2', 'dataset_produces_1', 'dataset_consumes_1_never_scheduled']) retrieved from /home/airflow/.local/lib/python3.8/site-packages/airflow/example_dags/example_datasets.py
[2025-03-05T22:35:18.696+0000] {logging_mixin.py:154} INFO - [2025-03-05T22:35:18.696+0000] {dag.py:2941} INFO - Sync 6 DAGs
[2025-03-05T22:35:18.707+0000] {logging_mixin.py:154} INFO - [2025-03-05T22:35:18.706+0000] {dag.py:3722} INFO - Setting next_dagrun for dataset_consumes_1 to None, run_after=None
[2025-03-05T22:35:18.708+0000] {logging_mixin.py:154} INFO - [2025-03-05T22:35:18.708+0000] {dag.py:3722} INFO - Setting next_dagrun for dataset_consumes_1_and_2 to None, run_after=None
[2025-03-05T22:35:18.708+0000] {logging_mixin.py:154} INFO - [2025-03-05T22:35:18.708+0000] {dag.py:3722} INFO - Setting next_dagrun for dataset_consumes_1_never_scheduled to None, run_after=None
[2025-03-05T22:35:18.709+0000] {logging_mixin.py:154} INFO - [2025-03-05T22:35:18.709+0000] {dag.py:3722} INFO - Setting next_dagrun for dataset_consumes_unknown_never_scheduled to None, run_after=None
[2025-03-05T22:35:18.711+0000] {logging_mixin.py:154} INFO - [2025-03-05T22:35:18.711+0000] {dag.py:3722} INFO - Setting next_dagrun for dataset_produces_1 to 2025-03-04T00:00:00+00:00, run_after=2025-03-05T00:00:00+00:00
[2025-03-05T22:35:18.713+0000] {logging_mixin.py:154} INFO - [2025-03-05T22:35:18.713+0000] {dag.py:3722} INFO - Setting next_dagrun for dataset_produces_2 to None, run_after=None
[2025-03-05T22:35:18.730+0000] {processor.py:179} INFO - Processing /home/airflow/.local/lib/python3.8/site-packages/airflow/example_dags/example_datasets.py took 0.062 seconds
[2025-03-05T22:35:49.287+0000] {processor.py:157} INFO - Started process (PID=5475) to work on /home/airflow/.local/lib/python3.8/site-packages/airflow/example_dags/example_datasets.py
[2025-03-05T22:35:49.289+0000] {processor.py:829} INFO - Processing file /home/airflow/.local/lib/python3.8/site-packages/airflow/example_dags/example_datasets.py for tasks to queue
[2025-03-05T22:35:49.290+0000] {logging_mixin.py:154} INFO - [2025-03-05T22:35:49.290+0000] {dagbag.py:536} INFO - Filling up the DagBag from /home/airflow/.local/lib/python3.8/site-packages/airflow/example_dags/example_datasets.py
[2025-03-05T22:35:49.295+0000] {processor.py:839} INFO - DAG(s) dict_keys(['dataset_produces_2', 'dataset_produces_1', 'dataset_consumes_unknown_never_scheduled', 'dataset_consumes_1_and_2', 'dataset_consumes_1_never_scheduled', 'dataset_consumes_1']) retrieved from /home/airflow/.local/lib/python3.8/site-packages/airflow/example_dags/example_datasets.py
[2025-03-05T22:35:49.309+0000] {logging_mixin.py:154} INFO - [2025-03-05T22:35:49.309+0000] {dag.py:2941} INFO - Sync 6 DAGs
[2025-03-05T22:35:49.319+0000] {logging_mixin.py:154} INFO - [2025-03-05T22:35:49.319+0000] {dag.py:3722} INFO - Setting next_dagrun for dataset_consumes_1 to None, run_after=None
[2025-03-05T22:35:49.321+0000] {logging_mixin.py:154} INFO - [2025-03-05T22:35:49.321+0000] {dag.py:3722} INFO - Setting next_dagrun for dataset_consumes_1_and_2 to None, run_after=None
[2025-03-05T22:35:49.322+0000] {logging_mixin.py:154} INFO - [2025-03-05T22:35:49.322+0000] {dag.py:3722} INFO - Setting next_dagrun for dataset_consumes_1_never_scheduled to None, run_after=None
[2025-03-05T22:35:49.322+0000] {logging_mixin.py:154} INFO - [2025-03-05T22:35:49.322+0000] {dag.py:3722} INFO - Setting next_dagrun for dataset_consumes_unknown_never_scheduled to None, run_after=None
[2025-03-05T22:35:49.323+0000] {logging_mixin.py:154} INFO - [2025-03-05T22:35:49.323+0000] {dag.py:3722} INFO - Setting next_dagrun for dataset_produces_1 to 2025-03-04T00:00:00+00:00, run_after=2025-03-05T00:00:00+00:00
[2025-03-05T22:35:49.324+0000] {logging_mixin.py:154} INFO - [2025-03-05T22:35:49.324+0000] {dag.py:3722} INFO - Setting next_dagrun for dataset_produces_2 to None, run_after=None
[2025-03-05T22:35:49.335+0000] {processor.py:179} INFO - Processing /home/airflow/.local/lib/python3.8/site-packages/airflow/example_dags/example_datasets.py took 0.049 seconds
[2025-03-05T22:36:19.800+0000] {processor.py:157} INFO - Started process (PID=5531) to work on /home/airflow/.local/lib/python3.8/site-packages/airflow/example_dags/example_datasets.py
[2025-03-05T22:36:19.801+0000] {processor.py:829} INFO - Processing file /home/airflow/.local/lib/python3.8/site-packages/airflow/example_dags/example_datasets.py for tasks to queue
[2025-03-05T22:36:19.803+0000] {logging_mixin.py:154} INFO - [2025-03-05T22:36:19.803+0000] {dagbag.py:536} INFO - Filling up the DagBag from /home/airflow/.local/lib/python3.8/site-packages/airflow/example_dags/example_datasets.py
[2025-03-05T22:36:19.809+0000] {processor.py:839} INFO - DAG(s) dict_keys(['dataset_produces_2', 'dataset_consumes_1_and_2', 'dataset_consumes_1', 'dataset_consumes_unknown_never_scheduled', 'dataset_consumes_1_never_scheduled', 'dataset_produces_1']) retrieved from /home/airflow/.local/lib/python3.8/site-packages/airflow/example_dags/example_datasets.py
[2025-03-05T22:36:19.829+0000] {logging_mixin.py:154} INFO - [2025-03-05T22:36:19.829+0000] {dag.py:2941} INFO - Sync 6 DAGs
[2025-03-05T22:36:19.838+0000] {logging_mixin.py:154} INFO - [2025-03-05T22:36:19.838+0000] {dag.py:3722} INFO - Setting next_dagrun for dataset_consumes_1 to None, run_after=None
[2025-03-05T22:36:19.840+0000] {logging_mixin.py:154} INFO - [2025-03-05T22:36:19.840+0000] {dag.py:3722} INFO - Setting next_dagrun for dataset_consumes_1_and_2 to None, run_after=None
[2025-03-05T22:36:19.840+0000] {logging_mixin.py:154} INFO - [2025-03-05T22:36:19.840+0000] {dag.py:3722} INFO - Setting next_dagrun for dataset_consumes_1_never_scheduled to None, run_after=None
[2025-03-05T22:36:19.840+0000] {logging_mixin.py:154} INFO - [2025-03-05T22:36:19.840+0000] {dag.py:3722} INFO - Setting next_dagrun for dataset_consumes_unknown_never_scheduled to None, run_after=None
[2025-03-05T22:36:19.842+0000] {logging_mixin.py:154} INFO - [2025-03-05T22:36:19.842+0000] {dag.py:3722} INFO - Setting next_dagrun for dataset_produces_1 to 2025-03-04T00:00:00+00:00, run_after=2025-03-05T00:00:00+00:00
[2025-03-05T22:36:19.843+0000] {logging_mixin.py:154} INFO - [2025-03-05T22:36:19.843+0000] {dag.py:3722} INFO - Setting next_dagrun for dataset_produces_2 to None, run_after=None
[2025-03-05T22:36:19.856+0000] {processor.py:179} INFO - Processing /home/airflow/.local/lib/python3.8/site-packages/airflow/example_dags/example_datasets.py took 0.057 seconds
[2025-03-05T22:36:50.287+0000] {processor.py:157} INFO - Started process (PID=5587) to work on /home/airflow/.local/lib/python3.8/site-packages/airflow/example_dags/example_datasets.py
[2025-03-05T22:36:50.288+0000] {processor.py:829} INFO - Processing file /home/airflow/.local/lib/python3.8/site-packages/airflow/example_dags/example_datasets.py for tasks to queue
[2025-03-05T22:36:50.290+0000] {logging_mixin.py:154} INFO - [2025-03-05T22:36:50.290+0000] {dagbag.py:536} INFO - Filling up the DagBag from /home/airflow/.local/lib/python3.8/site-packages/airflow/example_dags/example_datasets.py
[2025-03-05T22:36:50.295+0000] {processor.py:839} INFO - DAG(s) dict_keys(['dataset_produces_2', 'dataset_consumes_1_and_2', 'dataset_consumes_1_never_scheduled', 'dataset_produces_1', 'dataset_consumes_1', 'dataset_consumes_unknown_never_scheduled']) retrieved from /home/airflow/.local/lib/python3.8/site-packages/airflow/example_dags/example_datasets.py
[2025-03-05T22:36:50.312+0000] {logging_mixin.py:154} INFO - [2025-03-05T22:36:50.312+0000] {dag.py:2941} INFO - Sync 6 DAGs
[2025-03-05T22:36:50.322+0000] {logging_mixin.py:154} INFO - [2025-03-05T22:36:50.322+0000] {dag.py:3722} INFO - Setting next_dagrun for dataset_consumes_1 to None, run_after=None
[2025-03-05T22:36:50.324+0000] {logging_mixin.py:154} INFO - [2025-03-05T22:36:50.324+0000] {dag.py:3722} INFO - Setting next_dagrun for dataset_consumes_1_and_2 to None, run_after=None
[2025-03-05T22:36:50.324+0000] {logging_mixin.py:154} INFO - [2025-03-05T22:36:50.324+0000] {dag.py:3722} INFO - Setting next_dagrun for dataset_consumes_1_never_scheduled to None, run_after=None
[2025-03-05T22:36:50.325+0000] {logging_mixin.py:154} INFO - [2025-03-05T22:36:50.325+0000] {dag.py:3722} INFO - Setting next_dagrun for dataset_consumes_unknown_never_scheduled to None, run_after=None
[2025-03-05T22:36:50.327+0000] {logging_mixin.py:154} INFO - [2025-03-05T22:36:50.327+0000] {dag.py:3722} INFO - Setting next_dagrun for dataset_produces_1 to 2025-03-04T00:00:00+00:00, run_after=2025-03-05T00:00:00+00:00
[2025-03-05T22:36:50.327+0000] {logging_mixin.py:154} INFO - [2025-03-05T22:36:50.327+0000] {dag.py:3722} INFO - Setting next_dagrun for dataset_produces_2 to None, run_after=None
[2025-03-05T22:36:50.345+0000] {processor.py:179} INFO - Processing /home/airflow/.local/lib/python3.8/site-packages/airflow/example_dags/example_datasets.py took 0.059 seconds
[2025-03-05T22:37:20.782+0000] {processor.py:157} INFO - Started process (PID=5643) to work on /home/airflow/.local/lib/python3.8/site-packages/airflow/example_dags/example_datasets.py
[2025-03-05T22:37:20.783+0000] {processor.py:829} INFO - Processing file /home/airflow/.local/lib/python3.8/site-packages/airflow/example_dags/example_datasets.py for tasks to queue
[2025-03-05T22:37:20.784+0000] {logging_mixin.py:154} INFO - [2025-03-05T22:37:20.783+0000] {dagbag.py:536} INFO - Filling up the DagBag from /home/airflow/.local/lib/python3.8/site-packages/airflow/example_dags/example_datasets.py
[2025-03-05T22:37:20.789+0000] {processor.py:839} INFO - DAG(s) dict_keys(['dataset_produces_2', 'dataset_consumes_1_and_2', 'dataset_consumes_1_never_scheduled', 'dataset_consumes_1', 'dataset_produces_1', 'dataset_consumes_unknown_never_scheduled']) retrieved from /home/airflow/.local/lib/python3.8/site-packages/airflow/example_dags/example_datasets.py
[2025-03-05T22:37:20.805+0000] {logging_mixin.py:154} INFO - [2025-03-05T22:37:20.805+0000] {dag.py:2941} INFO - Sync 6 DAGs
[2025-03-05T22:37:20.815+0000] {logging_mixin.py:154} INFO - [2025-03-05T22:37:20.815+0000] {dag.py:3722} INFO - Setting next_dagrun for dataset_consumes_1 to None, run_after=None
[2025-03-05T22:37:20.817+0000] {logging_mixin.py:154} INFO - [2025-03-05T22:37:20.817+0000] {dag.py:3722} INFO - Setting next_dagrun for dataset_consumes_1_and_2 to None, run_after=None
[2025-03-05T22:37:20.818+0000] {logging_mixin.py:154} INFO - [2025-03-05T22:37:20.818+0000] {dag.py:3722} INFO - Setting next_dagrun for dataset_consumes_1_never_scheduled to None, run_after=None
[2025-03-05T22:37:20.819+0000] {logging_mixin.py:154} INFO - [2025-03-05T22:37:20.819+0000] {dag.py:3722} INFO - Setting next_dagrun for dataset_consumes_unknown_never_scheduled to None, run_after=None
[2025-03-05T22:37:20.820+0000] {logging_mixin.py:154} INFO - [2025-03-05T22:37:20.820+0000] {dag.py:3722} INFO - Setting next_dagrun for dataset_produces_1 to 2025-03-04T00:00:00+00:00, run_after=2025-03-05T00:00:00+00:00
[2025-03-05T22:37:20.820+0000] {logging_mixin.py:154} INFO - [2025-03-05T22:37:20.820+0000] {dag.py:3722} INFO - Setting next_dagrun for dataset_produces_2 to None, run_after=None
[2025-03-05T22:37:20.830+0000] {processor.py:179} INFO - Processing /home/airflow/.local/lib/python3.8/site-packages/airflow/example_dags/example_datasets.py took 0.050 seconds
[2025-03-05T22:37:51.336+0000] {processor.py:157} INFO - Started process (PID=5699) to work on /home/airflow/.local/lib/python3.8/site-packages/airflow/example_dags/example_datasets.py
[2025-03-05T22:37:51.336+0000] {processor.py:829} INFO - Processing file /home/airflow/.local/lib/python3.8/site-packages/airflow/example_dags/example_datasets.py for tasks to queue
[2025-03-05T22:37:51.337+0000] {logging_mixin.py:154} INFO - [2025-03-05T22:37:51.337+0000] {dagbag.py:536} INFO - Filling up the DagBag from /home/airflow/.local/lib/python3.8/site-packages/airflow/example_dags/example_datasets.py
[2025-03-05T22:37:51.343+0000] {processor.py:839} INFO - DAG(s) dict_keys(['dataset_consumes_1', 'dataset_produces_2', 'dataset_consumes_1_never_scheduled', 'dataset_consumes_1_and_2', 'dataset_produces_1', 'dataset_consumes_unknown_never_scheduled']) retrieved from /home/airflow/.local/lib/python3.8/site-packages/airflow/example_dags/example_datasets.py
[2025-03-05T22:37:51.370+0000] {logging_mixin.py:154} INFO - [2025-03-05T22:37:51.370+0000] {dag.py:2941} INFO - Sync 6 DAGs
[2025-03-05T22:37:51.380+0000] {logging_mixin.py:154} INFO - [2025-03-05T22:37:51.380+0000] {dag.py:3722} INFO - Setting next_dagrun for dataset_consumes_1 to None, run_after=None
[2025-03-05T22:37:51.382+0000] {logging_mixin.py:154} INFO - [2025-03-05T22:37:51.382+0000] {dag.py:3722} INFO - Setting next_dagrun for dataset_consumes_1_and_2 to None, run_after=None
[2025-03-05T22:37:51.383+0000] {logging_mixin.py:154} INFO - [2025-03-05T22:37:51.382+0000] {dag.py:3722} INFO - Setting next_dagrun for dataset_consumes_1_never_scheduled to None, run_after=None
[2025-03-05T22:37:51.383+0000] {logging_mixin.py:154} INFO - [2025-03-05T22:37:51.383+0000] {dag.py:3722} INFO - Setting next_dagrun for dataset_consumes_unknown_never_scheduled to None, run_after=None
[2025-03-05T22:37:51.384+0000] {logging_mixin.py:154} INFO - [2025-03-05T22:37:51.384+0000] {dag.py:3722} INFO - Setting next_dagrun for dataset_produces_1 to 2025-03-04T00:00:00+00:00, run_after=2025-03-05T00:00:00+00:00
[2025-03-05T22:37:51.385+0000] {logging_mixin.py:154} INFO - [2025-03-05T22:37:51.385+0000] {dag.py:3722} INFO - Setting next_dagrun for dataset_produces_2 to None, run_after=None
[2025-03-05T22:37:51.403+0000] {processor.py:179} INFO - Processing /home/airflow/.local/lib/python3.8/site-packages/airflow/example_dags/example_datasets.py took 0.069 seconds
[2025-03-05T22:38:21.947+0000] {processor.py:157} INFO - Started process (PID=5755) to work on /home/airflow/.local/lib/python3.8/site-packages/airflow/example_dags/example_datasets.py
[2025-03-05T22:38:21.947+0000] {processor.py:829} INFO - Processing file /home/airflow/.local/lib/python3.8/site-packages/airflow/example_dags/example_datasets.py for tasks to queue
[2025-03-05T22:38:21.948+0000] {logging_mixin.py:154} INFO - [2025-03-05T22:38:21.948+0000] {dagbag.py:536} INFO - Filling up the DagBag from /home/airflow/.local/lib/python3.8/site-packages/airflow/example_dags/example_datasets.py
[2025-03-05T22:38:21.953+0000] {processor.py:839} INFO - DAG(s) dict_keys(['dataset_consumes_1_never_scheduled', 'dataset_consumes_1', 'dataset_produces_1', 'dataset_consumes_unknown_never_scheduled', 'dataset_produces_2', 'dataset_consumes_1_and_2']) retrieved from /home/airflow/.local/lib/python3.8/site-packages/airflow/example_dags/example_datasets.py
[2025-03-05T22:38:21.967+0000] {logging_mixin.py:154} INFO - [2025-03-05T22:38:21.967+0000] {dag.py:2941} INFO - Sync 6 DAGs
[2025-03-05T22:38:21.976+0000] {logging_mixin.py:154} INFO - [2025-03-05T22:38:21.976+0000] {dag.py:3722} INFO - Setting next_dagrun for dataset_consumes_1 to None, run_after=None
[2025-03-05T22:38:21.979+0000] {logging_mixin.py:154} INFO - [2025-03-05T22:38:21.979+0000] {dag.py:3722} INFO - Setting next_dagrun for dataset_consumes_1_and_2 to None, run_after=None
[2025-03-05T22:38:21.979+0000] {logging_mixin.py:154} INFO - [2025-03-05T22:38:21.979+0000] {dag.py:3722} INFO - Setting next_dagrun for dataset_consumes_1_never_scheduled to None, run_after=None
[2025-03-05T22:38:21.980+0000] {logging_mixin.py:154} INFO - [2025-03-05T22:38:21.980+0000] {dag.py:3722} INFO - Setting next_dagrun for dataset_consumes_unknown_never_scheduled to None, run_after=None
[2025-03-05T22:38:21.981+0000] {logging_mixin.py:154} INFO - [2025-03-05T22:38:21.981+0000] {dag.py:3722} INFO - Setting next_dagrun for dataset_produces_1 to 2025-03-04T00:00:00+00:00, run_after=2025-03-05T00:00:00+00:00
[2025-03-05T22:38:21.982+0000] {logging_mixin.py:154} INFO - [2025-03-05T22:38:21.982+0000] {dag.py:3722} INFO - Setting next_dagrun for dataset_produces_2 to None, run_after=None
[2025-03-05T22:38:21.995+0000] {processor.py:179} INFO - Processing /home/airflow/.local/lib/python3.8/site-packages/airflow/example_dags/example_datasets.py took 0.050 seconds
[2025-03-05T22:38:52.474+0000] {processor.py:157} INFO - Started process (PID=5818) to work on /home/airflow/.local/lib/python3.8/site-packages/airflow/example_dags/example_datasets.py
[2025-03-05T22:38:52.474+0000] {processor.py:829} INFO - Processing file /home/airflow/.local/lib/python3.8/site-packages/airflow/example_dags/example_datasets.py for tasks to queue
[2025-03-05T22:38:52.475+0000] {logging_mixin.py:154} INFO - [2025-03-05T22:38:52.475+0000] {dagbag.py:536} INFO - Filling up the DagBag from /home/airflow/.local/lib/python3.8/site-packages/airflow/example_dags/example_datasets.py
[2025-03-05T22:38:52.480+0000] {processor.py:839} INFO - DAG(s) dict_keys(['dataset_produces_1', 'dataset_consumes_1_never_scheduled', 'dataset_consumes_1_and_2', 'dataset_consumes_unknown_never_scheduled', 'dataset_consumes_1', 'dataset_produces_2']) retrieved from /home/airflow/.local/lib/python3.8/site-packages/airflow/example_dags/example_datasets.py
[2025-03-05T22:38:52.498+0000] {logging_mixin.py:154} INFO - [2025-03-05T22:38:52.498+0000] {dag.py:2941} INFO - Sync 6 DAGs
[2025-03-05T22:38:52.507+0000] {logging_mixin.py:154} INFO - [2025-03-05T22:38:52.507+0000] {dag.py:3722} INFO - Setting next_dagrun for dataset_consumes_1 to None, run_after=None
[2025-03-05T22:38:52.509+0000] {logging_mixin.py:154} INFO - [2025-03-05T22:38:52.509+0000] {dag.py:3722} INFO - Setting next_dagrun for dataset_consumes_1_and_2 to None, run_after=None
[2025-03-05T22:38:52.510+0000] {logging_mixin.py:154} INFO - [2025-03-05T22:38:52.510+0000] {dag.py:3722} INFO - Setting next_dagrun for dataset_consumes_1_never_scheduled to None, run_after=None
[2025-03-05T22:38:52.511+0000] {logging_mixin.py:154} INFO - [2025-03-05T22:38:52.510+0000] {dag.py:3722} INFO - Setting next_dagrun for dataset_consumes_unknown_never_scheduled to None, run_after=None
[2025-03-05T22:38:52.512+0000] {logging_mixin.py:154} INFO - [2025-03-05T22:38:52.512+0000] {dag.py:3722} INFO - Setting next_dagrun for dataset_produces_1 to 2025-03-04T00:00:00+00:00, run_after=2025-03-05T00:00:00+00:00
[2025-03-05T22:38:52.513+0000] {logging_mixin.py:154} INFO - [2025-03-05T22:38:52.513+0000] {dag.py:3722} INFO - Setting next_dagrun for dataset_produces_2 to None, run_after=None
[2025-03-05T22:38:52.527+0000] {processor.py:179} INFO - Processing /home/airflow/.local/lib/python3.8/site-packages/airflow/example_dags/example_datasets.py took 0.055 seconds
[2025-03-05T22:39:23.090+0000] {processor.py:157} INFO - Started process (PID=5874) to work on /home/airflow/.local/lib/python3.8/site-packages/airflow/example_dags/example_datasets.py
[2025-03-05T22:39:23.091+0000] {processor.py:829} INFO - Processing file /home/airflow/.local/lib/python3.8/site-packages/airflow/example_dags/example_datasets.py for tasks to queue
[2025-03-05T22:39:23.092+0000] {logging_mixin.py:154} INFO - [2025-03-05T22:39:23.091+0000] {dagbag.py:536} INFO - Filling up the DagBag from /home/airflow/.local/lib/python3.8/site-packages/airflow/example_dags/example_datasets.py
[2025-03-05T22:39:23.097+0000] {processor.py:839} INFO - DAG(s) dict_keys(['dataset_consumes_1', 'dataset_consumes_1_never_scheduled', 'dataset_produces_1', 'dataset_consumes_unknown_never_scheduled', 'dataset_consumes_1_and_2', 'dataset_produces_2']) retrieved from /home/airflow/.local/lib/python3.8/site-packages/airflow/example_dags/example_datasets.py
[2025-03-05T22:39:23.117+0000] {logging_mixin.py:154} INFO - [2025-03-05T22:39:23.117+0000] {dag.py:2941} INFO - Sync 6 DAGs
[2025-03-05T22:39:23.129+0000] {logging_mixin.py:154} INFO - [2025-03-05T22:39:23.129+0000] {dag.py:3722} INFO - Setting next_dagrun for dataset_consumes_1 to None, run_after=None
[2025-03-05T22:39:23.131+0000] {logging_mixin.py:154} INFO - [2025-03-05T22:39:23.131+0000] {dag.py:3722} INFO - Setting next_dagrun for dataset_consumes_1_and_2 to None, run_after=None
[2025-03-05T22:39:23.132+0000] {logging_mixin.py:154} INFO - [2025-03-05T22:39:23.132+0000] {dag.py:3722} INFO - Setting next_dagrun for dataset_consumes_1_never_scheduled to None, run_after=None
[2025-03-05T22:39:23.132+0000] {logging_mixin.py:154} INFO - [2025-03-05T22:39:23.132+0000] {dag.py:3722} INFO - Setting next_dagrun for dataset_consumes_unknown_never_scheduled to None, run_after=None
[2025-03-05T22:39:23.134+0000] {logging_mixin.py:154} INFO - [2025-03-05T22:39:23.134+0000] {dag.py:3722} INFO - Setting next_dagrun for dataset_produces_1 to 2025-03-04T00:00:00+00:00, run_after=2025-03-05T00:00:00+00:00
[2025-03-05T22:39:23.134+0000] {logging_mixin.py:154} INFO - [2025-03-05T22:39:23.134+0000] {dag.py:3722} INFO - Setting next_dagrun for dataset_produces_2 to None, run_after=None
[2025-03-05T22:39:23.146+0000] {processor.py:179} INFO - Processing /home/airflow/.local/lib/python3.8/site-packages/airflow/example_dags/example_datasets.py took 0.057 seconds
[2025-03-05T22:39:53.606+0000] {processor.py:157} INFO - Started process (PID=5930) to work on /home/airflow/.local/lib/python3.8/site-packages/airflow/example_dags/example_datasets.py
[2025-03-05T22:39:53.606+0000] {processor.py:829} INFO - Processing file /home/airflow/.local/lib/python3.8/site-packages/airflow/example_dags/example_datasets.py for tasks to queue
[2025-03-05T22:39:53.607+0000] {logging_mixin.py:154} INFO - [2025-03-05T22:39:53.607+0000] {dagbag.py:536} INFO - Filling up the DagBag from /home/airflow/.local/lib/python3.8/site-packages/airflow/example_dags/example_datasets.py
[2025-03-05T22:39:53.612+0000] {processor.py:839} INFO - DAG(s) dict_keys(['dataset_consumes_1', 'dataset_consumes_unknown_never_scheduled', 'dataset_produces_2', 'dataset_consumes_1_and_2', 'dataset_produces_1', 'dataset_consumes_1_never_scheduled']) retrieved from /home/airflow/.local/lib/python3.8/site-packages/airflow/example_dags/example_datasets.py
[2025-03-05T22:39:53.627+0000] {logging_mixin.py:154} INFO - [2025-03-05T22:39:53.627+0000] {dag.py:2941} INFO - Sync 6 DAGs
[2025-03-05T22:39:53.636+0000] {logging_mixin.py:154} INFO - [2025-03-05T22:39:53.636+0000] {dag.py:3722} INFO - Setting next_dagrun for dataset_consumes_1 to None, run_after=None
[2025-03-05T22:39:53.638+0000] {logging_mixin.py:154} INFO - [2025-03-05T22:39:53.638+0000] {dag.py:3722} INFO - Setting next_dagrun for dataset_consumes_1_and_2 to None, run_after=None
[2025-03-05T22:39:53.638+0000] {logging_mixin.py:154} INFO - [2025-03-05T22:39:53.638+0000] {dag.py:3722} INFO - Setting next_dagrun for dataset_consumes_1_never_scheduled to None, run_after=None
[2025-03-05T22:39:53.638+0000] {logging_mixin.py:154} INFO - [2025-03-05T22:39:53.638+0000] {dag.py:3722} INFO - Setting next_dagrun for dataset_consumes_unknown_never_scheduled to None, run_after=None
[2025-03-05T22:39:53.642+0000] {logging_mixin.py:154} INFO - [2025-03-05T22:39:53.642+0000] {dag.py:3722} INFO - Setting next_dagrun for dataset_produces_1 to 2025-03-04T00:00:00+00:00, run_after=2025-03-05T00:00:00+00:00
[2025-03-05T22:39:53.643+0000] {logging_mixin.py:154} INFO - [2025-03-05T22:39:53.643+0000] {dag.py:3722} INFO - Setting next_dagrun for dataset_produces_2 to None, run_after=None
[2025-03-05T22:39:53.658+0000] {processor.py:179} INFO - Processing /home/airflow/.local/lib/python3.8/site-packages/airflow/example_dags/example_datasets.py took 0.054 seconds
[2025-03-05T22:40:24.149+0000] {processor.py:157} INFO - Started process (PID=5986) to work on /home/airflow/.local/lib/python3.8/site-packages/airflow/example_dags/example_datasets.py
[2025-03-05T22:40:24.149+0000] {processor.py:829} INFO - Processing file /home/airflow/.local/lib/python3.8/site-packages/airflow/example_dags/example_datasets.py for tasks to queue
[2025-03-05T22:40:24.150+0000] {logging_mixin.py:154} INFO - [2025-03-05T22:40:24.150+0000] {dagbag.py:536} INFO - Filling up the DagBag from /home/airflow/.local/lib/python3.8/site-packages/airflow/example_dags/example_datasets.py
[2025-03-05T22:40:24.155+0000] {processor.py:839} INFO - DAG(s) dict_keys(['dataset_consumes_unknown_never_scheduled', 'dataset_consumes_1', 'dataset_produces_2', 'dataset_consumes_1_and_2', 'dataset_consumes_1_never_scheduled', 'dataset_produces_1']) retrieved from /home/airflow/.local/lib/python3.8/site-packages/airflow/example_dags/example_datasets.py
[2025-03-05T22:40:24.167+0000] {logging_mixin.py:154} INFO - [2025-03-05T22:40:24.167+0000] {dag.py:2941} INFO - Sync 6 DAGs
[2025-03-05T22:40:24.175+0000] {logging_mixin.py:154} INFO - [2025-03-05T22:40:24.175+0000] {dag.py:3722} INFO - Setting next_dagrun for dataset_consumes_1 to None, run_after=None
[2025-03-05T22:40:24.176+0000] {logging_mixin.py:154} INFO - [2025-03-05T22:40:24.176+0000] {dag.py:3722} INFO - Setting next_dagrun for dataset_consumes_1_and_2 to None, run_after=None
[2025-03-05T22:40:24.177+0000] {logging_mixin.py:154} INFO - [2025-03-05T22:40:24.177+0000] {dag.py:3722} INFO - Setting next_dagrun for dataset_consumes_1_never_scheduled to None, run_after=None
[2025-03-05T22:40:24.177+0000] {logging_mixin.py:154} INFO - [2025-03-05T22:40:24.177+0000] {dag.py:3722} INFO - Setting next_dagrun for dataset_consumes_unknown_never_scheduled to None, run_after=None
[2025-03-05T22:40:24.178+0000] {logging_mixin.py:154} INFO - [2025-03-05T22:40:24.178+0000] {dag.py:3722} INFO - Setting next_dagrun for dataset_produces_1 to 2025-03-04T00:00:00+00:00, run_after=2025-03-05T00:00:00+00:00
[2025-03-05T22:40:24.178+0000] {logging_mixin.py:154} INFO - [2025-03-05T22:40:24.178+0000] {dag.py:3722} INFO - Setting next_dagrun for dataset_produces_2 to None, run_after=None
[2025-03-05T22:40:24.188+0000] {processor.py:179} INFO - Processing /home/airflow/.local/lib/python3.8/site-packages/airflow/example_dags/example_datasets.py took 0.041 seconds
[2025-03-05T22:40:54.727+0000] {processor.py:157} INFO - Started process (PID=6042) to work on /home/airflow/.local/lib/python3.8/site-packages/airflow/example_dags/example_datasets.py
[2025-03-05T22:40:54.727+0000] {processor.py:829} INFO - Processing file /home/airflow/.local/lib/python3.8/site-packages/airflow/example_dags/example_datasets.py for tasks to queue
[2025-03-05T22:40:54.729+0000] {logging_mixin.py:154} INFO - [2025-03-05T22:40:54.729+0000] {dagbag.py:536} INFO - Filling up the DagBag from /home/airflow/.local/lib/python3.8/site-packages/airflow/example_dags/example_datasets.py
[2025-03-05T22:40:54.735+0000] {processor.py:839} INFO - DAG(s) dict_keys(['dataset_consumes_1_never_scheduled', 'dataset_produces_1', 'dataset_consumes_unknown_never_scheduled', 'dataset_consumes_1_and_2', 'dataset_produces_2', 'dataset_consumes_1']) retrieved from /home/airflow/.local/lib/python3.8/site-packages/airflow/example_dags/example_datasets.py
[2025-03-05T22:40:54.750+0000] {logging_mixin.py:154} INFO - [2025-03-05T22:40:54.750+0000] {dag.py:2941} INFO - Sync 6 DAGs
[2025-03-05T22:40:54.759+0000] {logging_mixin.py:154} INFO - [2025-03-05T22:40:54.759+0000] {dag.py:3722} INFO - Setting next_dagrun for dataset_consumes_1 to None, run_after=None
[2025-03-05T22:40:54.761+0000] {logging_mixin.py:154} INFO - [2025-03-05T22:40:54.761+0000] {dag.py:3722} INFO - Setting next_dagrun for dataset_consumes_1_and_2 to None, run_after=None
[2025-03-05T22:40:54.761+0000] {logging_mixin.py:154} INFO - [2025-03-05T22:40:54.761+0000] {dag.py:3722} INFO - Setting next_dagrun for dataset_consumes_1_never_scheduled to None, run_after=None
[2025-03-05T22:40:54.761+0000] {logging_mixin.py:154} INFO - [2025-03-05T22:40:54.761+0000] {dag.py:3722} INFO - Setting next_dagrun for dataset_consumes_unknown_never_scheduled to None, run_after=None
[2025-03-05T22:40:54.763+0000] {logging_mixin.py:154} INFO - [2025-03-05T22:40:54.763+0000] {dag.py:3722} INFO - Setting next_dagrun for dataset_produces_1 to 2025-03-04T00:00:00+00:00, run_after=2025-03-05T00:00:00+00:00
[2025-03-05T22:40:54.763+0000] {logging_mixin.py:154} INFO - [2025-03-05T22:40:54.763+0000] {dag.py:3722} INFO - Setting next_dagrun for dataset_produces_2 to None, run_after=None
[2025-03-05T22:40:54.776+0000] {processor.py:179} INFO - Processing /home/airflow/.local/lib/python3.8/site-packages/airflow/example_dags/example_datasets.py took 0.051 seconds
[2025-03-05T22:41:25.288+0000] {processor.py:157} INFO - Started process (PID=6098) to work on /home/airflow/.local/lib/python3.8/site-packages/airflow/example_dags/example_datasets.py
[2025-03-05T22:41:25.288+0000] {processor.py:829} INFO - Processing file /home/airflow/.local/lib/python3.8/site-packages/airflow/example_dags/example_datasets.py for tasks to queue
[2025-03-05T22:41:25.291+0000] {logging_mixin.py:154} INFO - [2025-03-05T22:41:25.290+0000] {dagbag.py:536} INFO - Filling up the DagBag from /home/airflow/.local/lib/python3.8/site-packages/airflow/example_dags/example_datasets.py
[2025-03-05T22:41:25.296+0000] {processor.py:839} INFO - DAG(s) dict_keys(['dataset_produces_1', 'dataset_consumes_1_and_2', 'dataset_consumes_1_never_scheduled', 'dataset_consumes_1', 'dataset_produces_2', 'dataset_consumes_unknown_never_scheduled']) retrieved from /home/airflow/.local/lib/python3.8/site-packages/airflow/example_dags/example_datasets.py
[2025-03-05T22:41:25.317+0000] {logging_mixin.py:154} INFO - [2025-03-05T22:41:25.317+0000] {dag.py:2941} INFO - Sync 6 DAGs
[2025-03-05T22:41:25.328+0000] {logging_mixin.py:154} INFO - [2025-03-05T22:41:25.328+0000] {dag.py:3722} INFO - Setting next_dagrun for dataset_consumes_1 to None, run_after=None
[2025-03-05T22:41:25.332+0000] {logging_mixin.py:154} INFO - [2025-03-05T22:41:25.332+0000] {dag.py:3722} INFO - Setting next_dagrun for dataset_consumes_1_and_2 to None, run_after=None
[2025-03-05T22:41:25.333+0000] {logging_mixin.py:154} INFO - [2025-03-05T22:41:25.333+0000] {dag.py:3722} INFO - Setting next_dagrun for dataset_consumes_1_never_scheduled to None, run_after=None
[2025-03-05T22:41:25.333+0000] {logging_mixin.py:154} INFO - [2025-03-05T22:41:25.333+0000] {dag.py:3722} INFO - Setting next_dagrun for dataset_consumes_unknown_never_scheduled to None, run_after=None
[2025-03-05T22:41:25.335+0000] {logging_mixin.py:154} INFO - [2025-03-05T22:41:25.334+0000] {dag.py:3722} INFO - Setting next_dagrun for dataset_produces_1 to 2025-03-04T00:00:00+00:00, run_after=2025-03-05T00:00:00+00:00
[2025-03-05T22:41:25.337+0000] {logging_mixin.py:154} INFO - [2025-03-05T22:41:25.337+0000] {dag.py:3722} INFO - Setting next_dagrun for dataset_produces_2 to None, run_after=None
[2025-03-05T22:41:25.352+0000] {processor.py:179} INFO - Processing /home/airflow/.local/lib/python3.8/site-packages/airflow/example_dags/example_datasets.py took 0.066 seconds
[2025-03-05T22:41:55.813+0000] {processor.py:157} INFO - Started process (PID=6154) to work on /home/airflow/.local/lib/python3.8/site-packages/airflow/example_dags/example_datasets.py
[2025-03-05T22:41:55.814+0000] {processor.py:829} INFO - Processing file /home/airflow/.local/lib/python3.8/site-packages/airflow/example_dags/example_datasets.py for tasks to queue
[2025-03-05T22:41:55.815+0000] {logging_mixin.py:154} INFO - [2025-03-05T22:41:55.815+0000] {dagbag.py:536} INFO - Filling up the DagBag from /home/airflow/.local/lib/python3.8/site-packages/airflow/example_dags/example_datasets.py
[2025-03-05T22:41:55.820+0000] {processor.py:839} INFO - DAG(s) dict_keys(['dataset_produces_2', 'dataset_consumes_unknown_never_scheduled', 'dataset_consumes_1_and_2', 'dataset_produces_1', 'dataset_consumes_1_never_scheduled', 'dataset_consumes_1']) retrieved from /home/airflow/.local/lib/python3.8/site-packages/airflow/example_dags/example_datasets.py
[2025-03-05T22:41:55.835+0000] {logging_mixin.py:154} INFO - [2025-03-05T22:41:55.835+0000] {dag.py:2941} INFO - Sync 6 DAGs
[2025-03-05T22:41:55.844+0000] {logging_mixin.py:154} INFO - [2025-03-05T22:41:55.844+0000] {dag.py:3722} INFO - Setting next_dagrun for dataset_consumes_1 to None, run_after=None
[2025-03-05T22:41:55.846+0000] {logging_mixin.py:154} INFO - [2025-03-05T22:41:55.846+0000] {dag.py:3722} INFO - Setting next_dagrun for dataset_consumes_1_and_2 to None, run_after=None
[2025-03-05T22:41:55.846+0000] {logging_mixin.py:154} INFO - [2025-03-05T22:41:55.846+0000] {dag.py:3722} INFO - Setting next_dagrun for dataset_consumes_1_never_scheduled to None, run_after=None
[2025-03-05T22:41:55.847+0000] {logging_mixin.py:154} INFO - [2025-03-05T22:41:55.847+0000] {dag.py:3722} INFO - Setting next_dagrun for dataset_consumes_unknown_never_scheduled to None, run_after=None
[2025-03-05T22:41:55.848+0000] {logging_mixin.py:154} INFO - [2025-03-05T22:41:55.848+0000] {dag.py:3722} INFO - Setting next_dagrun for dataset_produces_1 to 2025-03-04T00:00:00+00:00, run_after=2025-03-05T00:00:00+00:00
[2025-03-05T22:41:55.848+0000] {logging_mixin.py:154} INFO - [2025-03-05T22:41:55.848+0000] {dag.py:3722} INFO - Setting next_dagrun for dataset_produces_2 to None, run_after=None
[2025-03-05T22:41:55.859+0000] {processor.py:179} INFO - Processing /home/airflow/.local/lib/python3.8/site-packages/airflow/example_dags/example_datasets.py took 0.048 seconds
[2025-03-05T22:42:26.322+0000] {processor.py:157} INFO - Started process (PID=6210) to work on /home/airflow/.local/lib/python3.8/site-packages/airflow/example_dags/example_datasets.py
[2025-03-05T22:42:26.322+0000] {processor.py:829} INFO - Processing file /home/airflow/.local/lib/python3.8/site-packages/airflow/example_dags/example_datasets.py for tasks to queue
[2025-03-05T22:42:26.323+0000] {logging_mixin.py:154} INFO - [2025-03-05T22:42:26.323+0000] {dagbag.py:536} INFO - Filling up the DagBag from /home/airflow/.local/lib/python3.8/site-packages/airflow/example_dags/example_datasets.py
[2025-03-05T22:42:26.328+0000] {processor.py:839} INFO - DAG(s) dict_keys(['dataset_consumes_unknown_never_scheduled', 'dataset_consumes_1_never_scheduled', 'dataset_consumes_1_and_2', 'dataset_produces_2', 'dataset_produces_1', 'dataset_consumes_1']) retrieved from /home/airflow/.local/lib/python3.8/site-packages/airflow/example_dags/example_datasets.py
[2025-03-05T22:42:26.344+0000] {logging_mixin.py:154} INFO - [2025-03-05T22:42:26.344+0000] {dag.py:2941} INFO - Sync 6 DAGs
[2025-03-05T22:42:26.353+0000] {logging_mixin.py:154} INFO - [2025-03-05T22:42:26.353+0000] {dag.py:3722} INFO - Setting next_dagrun for dataset_consumes_1 to None, run_after=None
[2025-03-05T22:42:26.355+0000] {logging_mixin.py:154} INFO - [2025-03-05T22:42:26.355+0000] {dag.py:3722} INFO - Setting next_dagrun for dataset_consumes_1_and_2 to None, run_after=None
[2025-03-05T22:42:26.356+0000] {logging_mixin.py:154} INFO - [2025-03-05T22:42:26.356+0000] {dag.py:3722} INFO - Setting next_dagrun for dataset_consumes_1_never_scheduled to None, run_after=None
[2025-03-05T22:42:26.357+0000] {logging_mixin.py:154} INFO - [2025-03-05T22:42:26.357+0000] {dag.py:3722} INFO - Setting next_dagrun for dataset_consumes_unknown_never_scheduled to None, run_after=None
[2025-03-05T22:42:26.358+0000] {logging_mixin.py:154} INFO - [2025-03-05T22:42:26.358+0000] {dag.py:3722} INFO - Setting next_dagrun for dataset_produces_1 to 2025-03-04T00:00:00+00:00, run_after=2025-03-05T00:00:00+00:00
[2025-03-05T22:42:26.359+0000] {logging_mixin.py:154} INFO - [2025-03-05T22:42:26.359+0000] {dag.py:3722} INFO - Setting next_dagrun for dataset_produces_2 to None, run_after=None
[2025-03-05T22:42:26.371+0000] {processor.py:179} INFO - Processing /home/airflow/.local/lib/python3.8/site-packages/airflow/example_dags/example_datasets.py took 0.050 seconds
[2025-03-05T22:42:56.848+0000] {processor.py:157} INFO - Started process (PID=6266) to work on /home/airflow/.local/lib/python3.8/site-packages/airflow/example_dags/example_datasets.py
[2025-03-05T22:42:56.849+0000] {processor.py:829} INFO - Processing file /home/airflow/.local/lib/python3.8/site-packages/airflow/example_dags/example_datasets.py for tasks to queue
[2025-03-05T22:42:56.850+0000] {logging_mixin.py:154} INFO - [2025-03-05T22:42:56.850+0000] {dagbag.py:536} INFO - Filling up the DagBag from /home/airflow/.local/lib/python3.8/site-packages/airflow/example_dags/example_datasets.py
[2025-03-05T22:42:56.855+0000] {processor.py:839} INFO - DAG(s) dict_keys(['dataset_produces_2', 'dataset_consumes_1_and_2', 'dataset_consumes_1_never_scheduled', 'dataset_produces_1', 'dataset_consumes_1', 'dataset_consumes_unknown_never_scheduled']) retrieved from /home/airflow/.local/lib/python3.8/site-packages/airflow/example_dags/example_datasets.py
[2025-03-05T22:42:56.875+0000] {logging_mixin.py:154} INFO - [2025-03-05T22:42:56.874+0000] {dag.py:2941} INFO - Sync 6 DAGs
[2025-03-05T22:42:56.885+0000] {logging_mixin.py:154} INFO - [2025-03-05T22:42:56.885+0000] {dag.py:3722} INFO - Setting next_dagrun for dataset_consumes_1 to None, run_after=None
[2025-03-05T22:42:56.887+0000] {logging_mixin.py:154} INFO - [2025-03-05T22:42:56.887+0000] {dag.py:3722} INFO - Setting next_dagrun for dataset_consumes_1_and_2 to None, run_after=None
[2025-03-05T22:42:56.887+0000] {logging_mixin.py:154} INFO - [2025-03-05T22:42:56.887+0000] {dag.py:3722} INFO - Setting next_dagrun for dataset_consumes_1_never_scheduled to None, run_after=None
[2025-03-05T22:42:56.888+0000] {logging_mixin.py:154} INFO - [2025-03-05T22:42:56.888+0000] {dag.py:3722} INFO - Setting next_dagrun for dataset_consumes_unknown_never_scheduled to None, run_after=None
[2025-03-05T22:42:56.889+0000] {logging_mixin.py:154} INFO - [2025-03-05T22:42:56.889+0000] {dag.py:3722} INFO - Setting next_dagrun for dataset_produces_1 to 2025-03-04T00:00:00+00:00, run_after=2025-03-05T00:00:00+00:00
[2025-03-05T22:42:56.889+0000] {logging_mixin.py:154} INFO - [2025-03-05T22:42:56.889+0000] {dag.py:3722} INFO - Setting next_dagrun for dataset_produces_2 to None, run_after=None
[2025-03-05T22:42:56.907+0000] {processor.py:179} INFO - Processing /home/airflow/.local/lib/python3.8/site-packages/airflow/example_dags/example_datasets.py took 0.061 seconds
[2025-03-05T22:43:27.507+0000] {processor.py:157} INFO - Started process (PID=6322) to work on /home/airflow/.local/lib/python3.8/site-packages/airflow/example_dags/example_datasets.py
[2025-03-05T22:43:27.509+0000] {processor.py:829} INFO - Processing file /home/airflow/.local/lib/python3.8/site-packages/airflow/example_dags/example_datasets.py for tasks to queue
[2025-03-05T22:43:27.510+0000] {logging_mixin.py:154} INFO - [2025-03-05T22:43:27.510+0000] {dagbag.py:536} INFO - Filling up the DagBag from /home/airflow/.local/lib/python3.8/site-packages/airflow/example_dags/example_datasets.py
[2025-03-05T22:43:27.516+0000] {processor.py:839} INFO - DAG(s) dict_keys(['dataset_produces_1', 'dataset_consumes_unknown_never_scheduled', 'dataset_consumes_1_never_scheduled', 'dataset_consumes_1', 'dataset_consumes_1_and_2', 'dataset_produces_2']) retrieved from /home/airflow/.local/lib/python3.8/site-packages/airflow/example_dags/example_datasets.py
[2025-03-05T22:43:27.531+0000] {logging_mixin.py:154} INFO - [2025-03-05T22:43:27.531+0000] {dag.py:2941} INFO - Sync 6 DAGs
[2025-03-05T22:43:27.542+0000] {logging_mixin.py:154} INFO - [2025-03-05T22:43:27.542+0000] {dag.py:3722} INFO - Setting next_dagrun for dataset_consumes_1 to None, run_after=None
[2025-03-05T22:43:27.544+0000] {logging_mixin.py:154} INFO - [2025-03-05T22:43:27.544+0000] {dag.py:3722} INFO - Setting next_dagrun for dataset_consumes_1_and_2 to None, run_after=None
[2025-03-05T22:43:27.545+0000] {logging_mixin.py:154} INFO - [2025-03-05T22:43:27.545+0000] {dag.py:3722} INFO - Setting next_dagrun for dataset_consumes_1_never_scheduled to None, run_after=None
[2025-03-05T22:43:27.546+0000] {logging_mixin.py:154} INFO - [2025-03-05T22:43:27.546+0000] {dag.py:3722} INFO - Setting next_dagrun for dataset_consumes_unknown_never_scheduled to None, run_after=None
[2025-03-05T22:43:27.548+0000] {logging_mixin.py:154} INFO - [2025-03-05T22:43:27.548+0000] {dag.py:3722} INFO - Setting next_dagrun for dataset_produces_1 to 2025-03-04T00:00:00+00:00, run_after=2025-03-05T00:00:00+00:00
[2025-03-05T22:43:27.549+0000] {logging_mixin.py:154} INFO - [2025-03-05T22:43:27.549+0000] {dag.py:3722} INFO - Setting next_dagrun for dataset_produces_2 to None, run_after=None
[2025-03-05T22:43:27.561+0000] {processor.py:179} INFO - Processing /home/airflow/.local/lib/python3.8/site-packages/airflow/example_dags/example_datasets.py took 0.056 seconds
[2025-03-05T22:43:58.076+0000] {processor.py:157} INFO - Started process (PID=6378) to work on /home/airflow/.local/lib/python3.8/site-packages/airflow/example_dags/example_datasets.py
[2025-03-05T22:43:58.076+0000] {processor.py:829} INFO - Processing file /home/airflow/.local/lib/python3.8/site-packages/airflow/example_dags/example_datasets.py for tasks to queue
[2025-03-05T22:43:58.077+0000] {logging_mixin.py:154} INFO - [2025-03-05T22:43:58.077+0000] {dagbag.py:536} INFO - Filling up the DagBag from /home/airflow/.local/lib/python3.8/site-packages/airflow/example_dags/example_datasets.py
[2025-03-05T22:43:58.082+0000] {processor.py:839} INFO - DAG(s) dict_keys(['dataset_consumes_unknown_never_scheduled', 'dataset_consumes_1_never_scheduled', 'dataset_produces_2', 'dataset_consumes_1_and_2', 'dataset_consumes_1', 'dataset_produces_1']) retrieved from /home/airflow/.local/lib/python3.8/site-packages/airflow/example_dags/example_datasets.py
[2025-03-05T22:43:58.108+0000] {logging_mixin.py:154} INFO - [2025-03-05T22:43:58.108+0000] {dag.py:2941} INFO - Sync 6 DAGs
[2025-03-05T22:43:58.119+0000] {logging_mixin.py:154} INFO - [2025-03-05T22:43:58.119+0000] {dag.py:3722} INFO - Setting next_dagrun for dataset_consumes_1 to None, run_after=None
[2025-03-05T22:43:58.121+0000] {logging_mixin.py:154} INFO - [2025-03-05T22:43:58.121+0000] {dag.py:3722} INFO - Setting next_dagrun for dataset_consumes_1_and_2 to None, run_after=None
[2025-03-05T22:43:58.121+0000] {logging_mixin.py:154} INFO - [2025-03-05T22:43:58.121+0000] {dag.py:3722} INFO - Setting next_dagrun for dataset_consumes_1_never_scheduled to None, run_after=None
[2025-03-05T22:43:58.122+0000] {logging_mixin.py:154} INFO - [2025-03-05T22:43:58.122+0000] {dag.py:3722} INFO - Setting next_dagrun for dataset_consumes_unknown_never_scheduled to None, run_after=None
[2025-03-05T22:43:58.123+0000] {logging_mixin.py:154} INFO - [2025-03-05T22:43:58.123+0000] {dag.py:3722} INFO - Setting next_dagrun for dataset_produces_1 to 2025-03-04T00:00:00+00:00, run_after=2025-03-05T00:00:00+00:00
[2025-03-05T22:43:58.123+0000] {logging_mixin.py:154} INFO - [2025-03-05T22:43:58.123+0000] {dag.py:3722} INFO - Setting next_dagrun for dataset_produces_2 to None, run_after=None
[2025-03-05T22:43:58.135+0000] {processor.py:179} INFO - Processing /home/airflow/.local/lib/python3.8/site-packages/airflow/example_dags/example_datasets.py took 0.061 seconds
[2025-03-05T22:44:28.642+0000] {processor.py:157} INFO - Started process (PID=6434) to work on /home/airflow/.local/lib/python3.8/site-packages/airflow/example_dags/example_datasets.py
[2025-03-05T22:44:28.643+0000] {processor.py:829} INFO - Processing file /home/airflow/.local/lib/python3.8/site-packages/airflow/example_dags/example_datasets.py for tasks to queue
[2025-03-05T22:44:28.645+0000] {logging_mixin.py:154} INFO - [2025-03-05T22:44:28.645+0000] {dagbag.py:536} INFO - Filling up the DagBag from /home/airflow/.local/lib/python3.8/site-packages/airflow/example_dags/example_datasets.py
[2025-03-05T22:44:28.650+0000] {processor.py:839} INFO - DAG(s) dict_keys(['dataset_consumes_1_never_scheduled', 'dataset_produces_2', 'dataset_consumes_1', 'dataset_produces_1', 'dataset_consumes_1_and_2', 'dataset_consumes_unknown_never_scheduled']) retrieved from /home/airflow/.local/lib/python3.8/site-packages/airflow/example_dags/example_datasets.py
[2025-03-05T22:44:28.667+0000] {logging_mixin.py:154} INFO - [2025-03-05T22:44:28.667+0000] {dag.py:2941} INFO - Sync 6 DAGs
[2025-03-05T22:44:28.676+0000] {logging_mixin.py:154} INFO - [2025-03-05T22:44:28.676+0000] {dag.py:3722} INFO - Setting next_dagrun for dataset_consumes_1 to None, run_after=None
[2025-03-05T22:44:28.678+0000] {logging_mixin.py:154} INFO - [2025-03-05T22:44:28.678+0000] {dag.py:3722} INFO - Setting next_dagrun for dataset_consumes_1_and_2 to None, run_after=None
[2025-03-05T22:44:28.679+0000] {logging_mixin.py:154} INFO - [2025-03-05T22:44:28.679+0000] {dag.py:3722} INFO - Setting next_dagrun for dataset_consumes_1_never_scheduled to None, run_after=None
[2025-03-05T22:44:28.679+0000] {logging_mixin.py:154} INFO - [2025-03-05T22:44:28.679+0000] {dag.py:3722} INFO - Setting next_dagrun for dataset_consumes_unknown_never_scheduled to None, run_after=None
[2025-03-05T22:44:28.681+0000] {logging_mixin.py:154} INFO - [2025-03-05T22:44:28.681+0000] {dag.py:3722} INFO - Setting next_dagrun for dataset_produces_1 to 2025-03-04T00:00:00+00:00, run_after=2025-03-05T00:00:00+00:00
[2025-03-05T22:44:28.682+0000] {logging_mixin.py:154} INFO - [2025-03-05T22:44:28.682+0000] {dag.py:3722} INFO - Setting next_dagrun for dataset_produces_2 to None, run_after=None
[2025-03-05T22:44:28.701+0000] {processor.py:179} INFO - Processing /home/airflow/.local/lib/python3.8/site-packages/airflow/example_dags/example_datasets.py took 0.061 seconds
[2025-03-05T22:44:59.230+0000] {processor.py:157} INFO - Started process (PID=6490) to work on /home/airflow/.local/lib/python3.8/site-packages/airflow/example_dags/example_datasets.py
[2025-03-05T22:44:59.231+0000] {processor.py:829} INFO - Processing file /home/airflow/.local/lib/python3.8/site-packages/airflow/example_dags/example_datasets.py for tasks to queue
[2025-03-05T22:44:59.232+0000] {logging_mixin.py:154} INFO - [2025-03-05T22:44:59.232+0000] {dagbag.py:536} INFO - Filling up the DagBag from /home/airflow/.local/lib/python3.8/site-packages/airflow/example_dags/example_datasets.py
[2025-03-05T22:44:59.238+0000] {processor.py:839} INFO - DAG(s) dict_keys(['dataset_consumes_1', 'dataset_consumes_1_and_2', 'dataset_consumes_1_never_scheduled', 'dataset_produces_2', 'dataset_consumes_unknown_never_scheduled', 'dataset_produces_1']) retrieved from /home/airflow/.local/lib/python3.8/site-packages/airflow/example_dags/example_datasets.py
[2025-03-05T22:44:59.255+0000] {logging_mixin.py:154} INFO - [2025-03-05T22:44:59.255+0000] {dag.py:2941} INFO - Sync 6 DAGs
[2025-03-05T22:44:59.263+0000] {logging_mixin.py:154} INFO - [2025-03-05T22:44:59.263+0000] {dag.py:3722} INFO - Setting next_dagrun for dataset_consumes_1 to None, run_after=None
[2025-03-05T22:44:59.265+0000] {logging_mixin.py:154} INFO - [2025-03-05T22:44:59.265+0000] {dag.py:3722} INFO - Setting next_dagrun for dataset_consumes_1_and_2 to None, run_after=None
[2025-03-05T22:44:59.268+0000] {logging_mixin.py:154} INFO - [2025-03-05T22:44:59.268+0000] {dag.py:3722} INFO - Setting next_dagrun for dataset_consumes_1_never_scheduled to None, run_after=None
[2025-03-05T22:44:59.268+0000] {logging_mixin.py:154} INFO - [2025-03-05T22:44:59.268+0000] {dag.py:3722} INFO - Setting next_dagrun for dataset_consumes_unknown_never_scheduled to None, run_after=None
[2025-03-05T22:44:59.269+0000] {logging_mixin.py:154} INFO - [2025-03-05T22:44:59.269+0000] {dag.py:3722} INFO - Setting next_dagrun for dataset_produces_1 to 2025-03-04T00:00:00+00:00, run_after=2025-03-05T00:00:00+00:00
[2025-03-05T22:44:59.270+0000] {logging_mixin.py:154} INFO - [2025-03-05T22:44:59.270+0000] {dag.py:3722} INFO - Setting next_dagrun for dataset_produces_2 to None, run_after=None
[2025-03-05T22:44:59.281+0000] {processor.py:179} INFO - Processing /home/airflow/.local/lib/python3.8/site-packages/airflow/example_dags/example_datasets.py took 0.053 seconds
[2025-03-05T22:45:29.819+0000] {processor.py:157} INFO - Started process (PID=6546) to work on /home/airflow/.local/lib/python3.8/site-packages/airflow/example_dags/example_datasets.py
[2025-03-05T22:45:29.820+0000] {processor.py:829} INFO - Processing file /home/airflow/.local/lib/python3.8/site-packages/airflow/example_dags/example_datasets.py for tasks to queue
[2025-03-05T22:45:29.822+0000] {logging_mixin.py:154} INFO - [2025-03-05T22:45:29.822+0000] {dagbag.py:536} INFO - Filling up the DagBag from /home/airflow/.local/lib/python3.8/site-packages/airflow/example_dags/example_datasets.py
[2025-03-05T22:45:29.826+0000] {processor.py:839} INFO - DAG(s) dict_keys(['dataset_consumes_1', 'dataset_produces_2', 'dataset_consumes_1_and_2', 'dataset_consumes_unknown_never_scheduled', 'dataset_produces_1', 'dataset_consumes_1_never_scheduled']) retrieved from /home/airflow/.local/lib/python3.8/site-packages/airflow/example_dags/example_datasets.py
[2025-03-05T22:45:29.842+0000] {logging_mixin.py:154} INFO - [2025-03-05T22:45:29.842+0000] {dag.py:2941} INFO - Sync 6 DAGs
[2025-03-05T22:45:29.851+0000] {logging_mixin.py:154} INFO - [2025-03-05T22:45:29.851+0000] {dag.py:3722} INFO - Setting next_dagrun for dataset_consumes_1 to None, run_after=None
[2025-03-05T22:45:29.853+0000] {logging_mixin.py:154} INFO - [2025-03-05T22:45:29.853+0000] {dag.py:3722} INFO - Setting next_dagrun for dataset_consumes_1_and_2 to None, run_after=None
[2025-03-05T22:45:29.854+0000] {logging_mixin.py:154} INFO - [2025-03-05T22:45:29.854+0000] {dag.py:3722} INFO - Setting next_dagrun for dataset_consumes_1_never_scheduled to None, run_after=None
[2025-03-05T22:45:29.855+0000] {logging_mixin.py:154} INFO - [2025-03-05T22:45:29.855+0000] {dag.py:3722} INFO - Setting next_dagrun for dataset_consumes_unknown_never_scheduled to None, run_after=None
[2025-03-05T22:45:29.856+0000] {logging_mixin.py:154} INFO - [2025-03-05T22:45:29.856+0000] {dag.py:3722} INFO - Setting next_dagrun for dataset_produces_1 to 2025-03-04T00:00:00+00:00, run_after=2025-03-05T00:00:00+00:00
[2025-03-05T22:45:29.857+0000] {logging_mixin.py:154} INFO - [2025-03-05T22:45:29.857+0000] {dag.py:3722} INFO - Setting next_dagrun for dataset_produces_2 to None, run_after=None
[2025-03-05T22:45:29.875+0000] {processor.py:179} INFO - Processing /home/airflow/.local/lib/python3.8/site-packages/airflow/example_dags/example_datasets.py took 0.057 seconds
[2025-03-05T22:46:00.451+0000] {processor.py:157} INFO - Started process (PID=6602) to work on /home/airflow/.local/lib/python3.8/site-packages/airflow/example_dags/example_datasets.py
[2025-03-05T22:46:00.452+0000] {processor.py:829} INFO - Processing file /home/airflow/.local/lib/python3.8/site-packages/airflow/example_dags/example_datasets.py for tasks to queue
[2025-03-05T22:46:00.453+0000] {logging_mixin.py:154} INFO - [2025-03-05T22:46:00.453+0000] {dagbag.py:536} INFO - Filling up the DagBag from /home/airflow/.local/lib/python3.8/site-packages/airflow/example_dags/example_datasets.py
[2025-03-05T22:46:00.458+0000] {processor.py:839} INFO - DAG(s) dict_keys(['dataset_consumes_1', 'dataset_consumes_unknown_never_scheduled', 'dataset_produces_2', 'dataset_produces_1', 'dataset_consumes_1_and_2', 'dataset_consumes_1_never_scheduled']) retrieved from /home/airflow/.local/lib/python3.8/site-packages/airflow/example_dags/example_datasets.py
[2025-03-05T22:46:00.471+0000] {logging_mixin.py:154} INFO - [2025-03-05T22:46:00.471+0000] {dag.py:2941} INFO - Sync 6 DAGs
[2025-03-05T22:46:00.481+0000] {logging_mixin.py:154} INFO - [2025-03-05T22:46:00.481+0000] {dag.py:3722} INFO - Setting next_dagrun for dataset_consumes_1 to None, run_after=None
[2025-03-05T22:46:00.484+0000] {logging_mixin.py:154} INFO - [2025-03-05T22:46:00.484+0000] {dag.py:3722} INFO - Setting next_dagrun for dataset_consumes_1_and_2 to None, run_after=None
[2025-03-05T22:46:00.484+0000] {logging_mixin.py:154} INFO - [2025-03-05T22:46:00.484+0000] {dag.py:3722} INFO - Setting next_dagrun for dataset_consumes_1_never_scheduled to None, run_after=None
[2025-03-05T22:46:00.484+0000] {logging_mixin.py:154} INFO - [2025-03-05T22:46:00.484+0000] {dag.py:3722} INFO - Setting next_dagrun for dataset_consumes_unknown_never_scheduled to None, run_after=None
[2025-03-05T22:46:00.485+0000] {logging_mixin.py:154} INFO - [2025-03-05T22:46:00.485+0000] {dag.py:3722} INFO - Setting next_dagrun for dataset_produces_1 to 2025-03-04T00:00:00+00:00, run_after=2025-03-05T00:00:00+00:00
[2025-03-05T22:46:00.487+0000] {logging_mixin.py:154} INFO - [2025-03-05T22:46:00.487+0000] {dag.py:3722} INFO - Setting next_dagrun for dataset_produces_2 to None, run_after=None
[2025-03-05T22:46:00.500+0000] {processor.py:179} INFO - Processing /home/airflow/.local/lib/python3.8/site-packages/airflow/example_dags/example_datasets.py took 0.050 seconds
[2025-03-05T22:46:30.994+0000] {processor.py:157} INFO - Started process (PID=6658) to work on /home/airflow/.local/lib/python3.8/site-packages/airflow/example_dags/example_datasets.py
[2025-03-05T22:46:30.994+0000] {processor.py:829} INFO - Processing file /home/airflow/.local/lib/python3.8/site-packages/airflow/example_dags/example_datasets.py for tasks to queue
[2025-03-05T22:46:30.995+0000] {logging_mixin.py:154} INFO - [2025-03-05T22:46:30.995+0000] {dagbag.py:536} INFO - Filling up the DagBag from /home/airflow/.local/lib/python3.8/site-packages/airflow/example_dags/example_datasets.py
[2025-03-05T22:46:31.001+0000] {processor.py:839} INFO - DAG(s) dict_keys(['dataset_consumes_1', 'dataset_produces_1', 'dataset_consumes_unknown_never_scheduled', 'dataset_consumes_1_and_2', 'dataset_consumes_1_never_scheduled', 'dataset_produces_2']) retrieved from /home/airflow/.local/lib/python3.8/site-packages/airflow/example_dags/example_datasets.py
[2025-03-05T22:46:31.014+0000] {logging_mixin.py:154} INFO - [2025-03-05T22:46:31.014+0000] {dag.py:2941} INFO - Sync 6 DAGs
[2025-03-05T22:46:31.027+0000] {logging_mixin.py:154} INFO - [2025-03-05T22:46:31.027+0000] {dag.py:3722} INFO - Setting next_dagrun for dataset_consumes_1 to None, run_after=None
[2025-03-05T22:46:31.028+0000] {logging_mixin.py:154} INFO - [2025-03-05T22:46:31.028+0000] {dag.py:3722} INFO - Setting next_dagrun for dataset_consumes_1_and_2 to None, run_after=None
[2025-03-05T22:46:31.029+0000] {logging_mixin.py:154} INFO - [2025-03-05T22:46:31.029+0000] {dag.py:3722} INFO - Setting next_dagrun for dataset_consumes_1_never_scheduled to None, run_after=None
[2025-03-05T22:46:31.030+0000] {logging_mixin.py:154} INFO - [2025-03-05T22:46:31.030+0000] {dag.py:3722} INFO - Setting next_dagrun for dataset_consumes_unknown_never_scheduled to None, run_after=None
[2025-03-05T22:46:31.031+0000] {logging_mixin.py:154} INFO - [2025-03-05T22:46:31.031+0000] {dag.py:3722} INFO - Setting next_dagrun for dataset_produces_1 to 2025-03-04T00:00:00+00:00, run_after=2025-03-05T00:00:00+00:00
[2025-03-05T22:46:31.032+0000] {logging_mixin.py:154} INFO - [2025-03-05T22:46:31.032+0000] {dag.py:3722} INFO - Setting next_dagrun for dataset_produces_2 to None, run_after=None
[2025-03-05T22:46:31.047+0000] {processor.py:179} INFO - Processing /home/airflow/.local/lib/python3.8/site-packages/airflow/example_dags/example_datasets.py took 0.055 seconds
[2025-03-05T22:47:01.589+0000] {processor.py:157} INFO - Started process (PID=6714) to work on /home/airflow/.local/lib/python3.8/site-packages/airflow/example_dags/example_datasets.py
[2025-03-05T22:47:01.589+0000] {processor.py:829} INFO - Processing file /home/airflow/.local/lib/python3.8/site-packages/airflow/example_dags/example_datasets.py for tasks to queue
[2025-03-05T22:47:01.591+0000] {logging_mixin.py:154} INFO - [2025-03-05T22:47:01.591+0000] {dagbag.py:536} INFO - Filling up the DagBag from /home/airflow/.local/lib/python3.8/site-packages/airflow/example_dags/example_datasets.py
[2025-03-05T22:47:01.596+0000] {processor.py:839} INFO - DAG(s) dict_keys(['dataset_produces_1', 'dataset_produces_2', 'dataset_consumes_unknown_never_scheduled', 'dataset_consumes_1_and_2', 'dataset_consumes_1_never_scheduled', 'dataset_consumes_1']) retrieved from /home/airflow/.local/lib/python3.8/site-packages/airflow/example_dags/example_datasets.py
[2025-03-05T22:47:01.610+0000] {logging_mixin.py:154} INFO - [2025-03-05T22:47:01.610+0000] {dag.py:2941} INFO - Sync 6 DAGs
[2025-03-05T22:47:01.622+0000] {logging_mixin.py:154} INFO - [2025-03-05T22:47:01.622+0000] {dag.py:3722} INFO - Setting next_dagrun for dataset_consumes_1 to None, run_after=None
[2025-03-05T22:47:01.624+0000] {logging_mixin.py:154} INFO - [2025-03-05T22:47:01.624+0000] {dag.py:3722} INFO - Setting next_dagrun for dataset_consumes_1_and_2 to None, run_after=None
[2025-03-05T22:47:01.625+0000] {logging_mixin.py:154} INFO - [2025-03-05T22:47:01.625+0000] {dag.py:3722} INFO - Setting next_dagrun for dataset_consumes_1_never_scheduled to None, run_after=None
[2025-03-05T22:47:01.626+0000] {logging_mixin.py:154} INFO - [2025-03-05T22:47:01.626+0000] {dag.py:3722} INFO - Setting next_dagrun for dataset_consumes_unknown_never_scheduled to None, run_after=None
[2025-03-05T22:47:01.627+0000] {logging_mixin.py:154} INFO - [2025-03-05T22:47:01.627+0000] {dag.py:3722} INFO - Setting next_dagrun for dataset_produces_1 to 2025-03-04T00:00:00+00:00, run_after=2025-03-05T00:00:00+00:00
[2025-03-05T22:47:01.629+0000] {logging_mixin.py:154} INFO - [2025-03-05T22:47:01.629+0000] {dag.py:3722} INFO - Setting next_dagrun for dataset_produces_2 to None, run_after=None
[2025-03-05T22:47:01.641+0000] {processor.py:179} INFO - Processing /home/airflow/.local/lib/python3.8/site-packages/airflow/example_dags/example_datasets.py took 0.054 seconds
[2025-03-05T22:47:32.157+0000] {processor.py:157} INFO - Started process (PID=6770) to work on /home/airflow/.local/lib/python3.8/site-packages/airflow/example_dags/example_datasets.py
[2025-03-05T22:47:32.159+0000] {processor.py:829} INFO - Processing file /home/airflow/.local/lib/python3.8/site-packages/airflow/example_dags/example_datasets.py for tasks to queue
[2025-03-05T22:47:32.160+0000] {logging_mixin.py:154} INFO - [2025-03-05T22:47:32.159+0000] {dagbag.py:536} INFO - Filling up the DagBag from /home/airflow/.local/lib/python3.8/site-packages/airflow/example_dags/example_datasets.py
[2025-03-05T22:47:32.166+0000] {processor.py:839} INFO - DAG(s) dict_keys(['dataset_consumes_1', 'dataset_consumes_unknown_never_scheduled', 'dataset_consumes_1_and_2', 'dataset_consumes_1_never_scheduled', 'dataset_produces_2', 'dataset_produces_1']) retrieved from /home/airflow/.local/lib/python3.8/site-packages/airflow/example_dags/example_datasets.py
[2025-03-05T22:47:32.182+0000] {logging_mixin.py:154} INFO - [2025-03-05T22:47:32.182+0000] {dag.py:2941} INFO - Sync 6 DAGs
[2025-03-05T22:47:32.191+0000] {logging_mixin.py:154} INFO - [2025-03-05T22:47:32.191+0000] {dag.py:3722} INFO - Setting next_dagrun for dataset_consumes_1 to None, run_after=None
[2025-03-05T22:47:32.194+0000] {logging_mixin.py:154} INFO - [2025-03-05T22:47:32.194+0000] {dag.py:3722} INFO - Setting next_dagrun for dataset_consumes_1_and_2 to None, run_after=None
[2025-03-05T22:47:32.194+0000] {logging_mixin.py:154} INFO - [2025-03-05T22:47:32.194+0000] {dag.py:3722} INFO - Setting next_dagrun for dataset_consumes_1_never_scheduled to None, run_after=None
[2025-03-05T22:47:32.194+0000] {logging_mixin.py:154} INFO - [2025-03-05T22:47:32.194+0000] {dag.py:3722} INFO - Setting next_dagrun for dataset_consumes_unknown_never_scheduled to None, run_after=None
[2025-03-05T22:47:32.196+0000] {logging_mixin.py:154} INFO - [2025-03-05T22:47:32.196+0000] {dag.py:3722} INFO - Setting next_dagrun for dataset_produces_1 to 2025-03-04T00:00:00+00:00, run_after=2025-03-05T00:00:00+00:00
[2025-03-05T22:47:32.196+0000] {logging_mixin.py:154} INFO - [2025-03-05T22:47:32.196+0000] {dag.py:3722} INFO - Setting next_dagrun for dataset_produces_2 to None, run_after=None
[2025-03-05T22:47:32.206+0000] {processor.py:179} INFO - Processing /home/airflow/.local/lib/python3.8/site-packages/airflow/example_dags/example_datasets.py took 0.050 seconds
[2025-03-05T22:48:02.702+0000] {processor.py:157} INFO - Started process (PID=6826) to work on /home/airflow/.local/lib/python3.8/site-packages/airflow/example_dags/example_datasets.py
[2025-03-05T22:48:02.702+0000] {processor.py:829} INFO - Processing file /home/airflow/.local/lib/python3.8/site-packages/airflow/example_dags/example_datasets.py for tasks to queue
[2025-03-05T22:48:02.703+0000] {logging_mixin.py:154} INFO - [2025-03-05T22:48:02.703+0000] {dagbag.py:536} INFO - Filling up the DagBag from /home/airflow/.local/lib/python3.8/site-packages/airflow/example_dags/example_datasets.py
[2025-03-05T22:48:02.708+0000] {processor.py:839} INFO - DAG(s) dict_keys(['dataset_consumes_1', 'dataset_produces_1', 'dataset_consumes_1_never_scheduled', 'dataset_consumes_1_and_2', 'dataset_produces_2', 'dataset_consumes_unknown_never_scheduled']) retrieved from /home/airflow/.local/lib/python3.8/site-packages/airflow/example_dags/example_datasets.py
[2025-03-05T22:48:02.720+0000] {logging_mixin.py:154} INFO - [2025-03-05T22:48:02.720+0000] {dag.py:2941} INFO - Sync 6 DAGs
[2025-03-05T22:48:02.728+0000] {logging_mixin.py:154} INFO - [2025-03-05T22:48:02.728+0000] {dag.py:3722} INFO - Setting next_dagrun for dataset_consumes_1 to None, run_after=None
[2025-03-05T22:48:02.729+0000] {logging_mixin.py:154} INFO - [2025-03-05T22:48:02.729+0000] {dag.py:3722} INFO - Setting next_dagrun for dataset_consumes_1_and_2 to None, run_after=None
[2025-03-05T22:48:02.729+0000] {logging_mixin.py:154} INFO - [2025-03-05T22:48:02.729+0000] {dag.py:3722} INFO - Setting next_dagrun for dataset_consumes_1_never_scheduled to None, run_after=None
[2025-03-05T22:48:02.730+0000] {logging_mixin.py:154} INFO - [2025-03-05T22:48:02.730+0000] {dag.py:3722} INFO - Setting next_dagrun for dataset_consumes_unknown_never_scheduled to None, run_after=None
[2025-03-05T22:48:02.731+0000] {logging_mixin.py:154} INFO - [2025-03-05T22:48:02.731+0000] {dag.py:3722} INFO - Setting next_dagrun for dataset_produces_1 to 2025-03-04T00:00:00+00:00, run_after=2025-03-05T00:00:00+00:00
[2025-03-05T22:48:02.731+0000] {logging_mixin.py:154} INFO - [2025-03-05T22:48:02.731+0000] {dag.py:3722} INFO - Setting next_dagrun for dataset_produces_2 to None, run_after=None
[2025-03-05T22:48:02.741+0000] {processor.py:179} INFO - Processing /home/airflow/.local/lib/python3.8/site-packages/airflow/example_dags/example_datasets.py took 0.041 seconds
[2025-03-05T22:48:33.229+0000] {processor.py:157} INFO - Started process (PID=6882) to work on /home/airflow/.local/lib/python3.8/site-packages/airflow/example_dags/example_datasets.py
[2025-03-05T22:48:33.229+0000] {processor.py:829} INFO - Processing file /home/airflow/.local/lib/python3.8/site-packages/airflow/example_dags/example_datasets.py for tasks to queue
[2025-03-05T22:48:33.230+0000] {logging_mixin.py:154} INFO - [2025-03-05T22:48:33.230+0000] {dagbag.py:536} INFO - Filling up the DagBag from /home/airflow/.local/lib/python3.8/site-packages/airflow/example_dags/example_datasets.py
[2025-03-05T22:48:33.235+0000] {processor.py:839} INFO - DAG(s) dict_keys(['dataset_consumes_1_never_scheduled', 'dataset_consumes_unknown_never_scheduled', 'dataset_consumes_1_and_2', 'dataset_produces_2', 'dataset_consumes_1', 'dataset_produces_1']) retrieved from /home/airflow/.local/lib/python3.8/site-packages/airflow/example_dags/example_datasets.py
[2025-03-05T22:48:33.251+0000] {logging_mixin.py:154} INFO - [2025-03-05T22:48:33.251+0000] {dag.py:2941} INFO - Sync 6 DAGs
[2025-03-05T22:48:33.260+0000] {logging_mixin.py:154} INFO - [2025-03-05T22:48:33.260+0000] {dag.py:3722} INFO - Setting next_dagrun for dataset_consumes_1 to None, run_after=None
[2025-03-05T22:48:33.261+0000] {logging_mixin.py:154} INFO - [2025-03-05T22:48:33.261+0000] {dag.py:3722} INFO - Setting next_dagrun for dataset_consumes_1_and_2 to None, run_after=None
[2025-03-05T22:48:33.262+0000] {logging_mixin.py:154} INFO - [2025-03-05T22:48:33.262+0000] {dag.py:3722} INFO - Setting next_dagrun for dataset_consumes_1_never_scheduled to None, run_after=None
[2025-03-05T22:48:33.263+0000] {logging_mixin.py:154} INFO - [2025-03-05T22:48:33.263+0000] {dag.py:3722} INFO - Setting next_dagrun for dataset_consumes_unknown_never_scheduled to None, run_after=None
[2025-03-05T22:48:33.264+0000] {logging_mixin.py:154} INFO - [2025-03-05T22:48:33.264+0000] {dag.py:3722} INFO - Setting next_dagrun for dataset_produces_1 to 2025-03-04T00:00:00+00:00, run_after=2025-03-05T00:00:00+00:00
[2025-03-05T22:48:33.265+0000] {logging_mixin.py:154} INFO - [2025-03-05T22:48:33.265+0000] {dag.py:3722} INFO - Setting next_dagrun for dataset_produces_2 to None, run_after=None
[2025-03-05T22:48:33.277+0000] {processor.py:179} INFO - Processing /home/airflow/.local/lib/python3.8/site-packages/airflow/example_dags/example_datasets.py took 0.050 seconds
[2025-03-05T22:49:03.736+0000] {processor.py:157} INFO - Started process (PID=6939) to work on /home/airflow/.local/lib/python3.8/site-packages/airflow/example_dags/example_datasets.py
[2025-03-05T22:49:03.736+0000] {processor.py:829} INFO - Processing file /home/airflow/.local/lib/python3.8/site-packages/airflow/example_dags/example_datasets.py for tasks to queue
[2025-03-05T22:49:03.737+0000] {logging_mixin.py:154} INFO - [2025-03-05T22:49:03.737+0000] {dagbag.py:536} INFO - Filling up the DagBag from /home/airflow/.local/lib/python3.8/site-packages/airflow/example_dags/example_datasets.py
[2025-03-05T22:49:03.743+0000] {processor.py:839} INFO - DAG(s) dict_keys(['dataset_consumes_unknown_never_scheduled', 'dataset_produces_1', 'dataset_consumes_1_and_2', 'dataset_consumes_1_never_scheduled', 'dataset_consumes_1', 'dataset_produces_2']) retrieved from /home/airflow/.local/lib/python3.8/site-packages/airflow/example_dags/example_datasets.py
[2025-03-05T22:49:03.760+0000] {logging_mixin.py:154} INFO - [2025-03-05T22:49:03.760+0000] {dag.py:2941} INFO - Sync 6 DAGs
[2025-03-05T22:49:03.769+0000] {logging_mixin.py:154} INFO - [2025-03-05T22:49:03.769+0000] {dag.py:3722} INFO - Setting next_dagrun for dataset_consumes_1 to None, run_after=None
[2025-03-05T22:49:03.771+0000] {logging_mixin.py:154} INFO - [2025-03-05T22:49:03.771+0000] {dag.py:3722} INFO - Setting next_dagrun for dataset_consumes_1_and_2 to None, run_after=None
[2025-03-05T22:49:03.772+0000] {logging_mixin.py:154} INFO - [2025-03-05T22:49:03.772+0000] {dag.py:3722} INFO - Setting next_dagrun for dataset_consumes_1_never_scheduled to None, run_after=None
[2025-03-05T22:49:03.773+0000] {logging_mixin.py:154} INFO - [2025-03-05T22:49:03.773+0000] {dag.py:3722} INFO - Setting next_dagrun for dataset_consumes_unknown_never_scheduled to None, run_after=None
[2025-03-05T22:49:03.774+0000] {logging_mixin.py:154} INFO - [2025-03-05T22:49:03.774+0000] {dag.py:3722} INFO - Setting next_dagrun for dataset_produces_1 to 2025-03-04T00:00:00+00:00, run_after=2025-03-05T00:00:00+00:00
[2025-03-05T22:49:03.776+0000] {logging_mixin.py:154} INFO - [2025-03-05T22:49:03.776+0000] {dag.py:3722} INFO - Setting next_dagrun for dataset_produces_2 to None, run_after=None
[2025-03-05T22:49:03.789+0000] {processor.py:179} INFO - Processing /home/airflow/.local/lib/python3.8/site-packages/airflow/example_dags/example_datasets.py took 0.055 seconds
[2025-03-05T22:49:34.244+0000] {processor.py:157} INFO - Started process (PID=6994) to work on /home/airflow/.local/lib/python3.8/site-packages/airflow/example_dags/example_datasets.py
[2025-03-05T22:49:34.245+0000] {processor.py:829} INFO - Processing file /home/airflow/.local/lib/python3.8/site-packages/airflow/example_dags/example_datasets.py for tasks to queue
[2025-03-05T22:49:34.247+0000] {logging_mixin.py:154} INFO - [2025-03-05T22:49:34.247+0000] {dagbag.py:536} INFO - Filling up the DagBag from /home/airflow/.local/lib/python3.8/site-packages/airflow/example_dags/example_datasets.py
[2025-03-05T22:49:34.252+0000] {processor.py:839} INFO - DAG(s) dict_keys(['dataset_produces_1', 'dataset_consumes_1_never_scheduled', 'dataset_consumes_1', 'dataset_consumes_unknown_never_scheduled', 'dataset_consumes_1_and_2', 'dataset_produces_2']) retrieved from /home/airflow/.local/lib/python3.8/site-packages/airflow/example_dags/example_datasets.py
[2025-03-05T22:49:34.269+0000] {logging_mixin.py:154} INFO - [2025-03-05T22:49:34.269+0000] {dag.py:2941} INFO - Sync 6 DAGs
[2025-03-05T22:49:34.279+0000] {logging_mixin.py:154} INFO - [2025-03-05T22:49:34.279+0000] {dag.py:3722} INFO - Setting next_dagrun for dataset_consumes_1 to None, run_after=None
[2025-03-05T22:49:34.280+0000] {logging_mixin.py:154} INFO - [2025-03-05T22:49:34.280+0000] {dag.py:3722} INFO - Setting next_dagrun for dataset_consumes_1_and_2 to None, run_after=None
[2025-03-05T22:49:34.281+0000] {logging_mixin.py:154} INFO - [2025-03-05T22:49:34.281+0000] {dag.py:3722} INFO - Setting next_dagrun for dataset_consumes_1_never_scheduled to None, run_after=None
[2025-03-05T22:49:34.281+0000] {logging_mixin.py:154} INFO - [2025-03-05T22:49:34.281+0000] {dag.py:3722} INFO - Setting next_dagrun for dataset_consumes_unknown_never_scheduled to None, run_after=None
[2025-03-05T22:49:34.282+0000] {logging_mixin.py:154} INFO - [2025-03-05T22:49:34.282+0000] {dag.py:3722} INFO - Setting next_dagrun for dataset_produces_1 to 2025-03-04T00:00:00+00:00, run_after=2025-03-05T00:00:00+00:00
[2025-03-05T22:49:34.282+0000] {logging_mixin.py:154} INFO - [2025-03-05T22:49:34.282+0000] {dag.py:3722} INFO - Setting next_dagrun for dataset_produces_2 to None, run_after=None
[2025-03-05T22:49:34.293+0000] {processor.py:179} INFO - Processing /home/airflow/.local/lib/python3.8/site-packages/airflow/example_dags/example_datasets.py took 0.051 seconds
[2025-03-05T22:50:04.736+0000] {processor.py:157} INFO - Started process (PID=7050) to work on /home/airflow/.local/lib/python3.8/site-packages/airflow/example_dags/example_datasets.py
[2025-03-05T22:50:04.737+0000] {processor.py:829} INFO - Processing file /home/airflow/.local/lib/python3.8/site-packages/airflow/example_dags/example_datasets.py for tasks to queue
[2025-03-05T22:50:04.738+0000] {logging_mixin.py:154} INFO - [2025-03-05T22:50:04.738+0000] {dagbag.py:536} INFO - Filling up the DagBag from /home/airflow/.local/lib/python3.8/site-packages/airflow/example_dags/example_datasets.py
[2025-03-05T22:50:04.745+0000] {processor.py:839} INFO - DAG(s) dict_keys(['dataset_produces_1', 'dataset_produces_2', 'dataset_consumes_1', 'dataset_consumes_1_and_2', 'dataset_consumes_1_never_scheduled', 'dataset_consumes_unknown_never_scheduled']) retrieved from /home/airflow/.local/lib/python3.8/site-packages/airflow/example_dags/example_datasets.py
[2025-03-05T22:50:04.759+0000] {logging_mixin.py:154} INFO - [2025-03-05T22:50:04.759+0000] {dag.py:2941} INFO - Sync 6 DAGs
[2025-03-05T22:50:04.769+0000] {logging_mixin.py:154} INFO - [2025-03-05T22:50:04.769+0000] {dag.py:3722} INFO - Setting next_dagrun for dataset_consumes_1 to None, run_after=None
[2025-03-05T22:50:04.771+0000] {logging_mixin.py:154} INFO - [2025-03-05T22:50:04.771+0000] {dag.py:3722} INFO - Setting next_dagrun for dataset_consumes_1_and_2 to None, run_after=None
[2025-03-05T22:50:04.771+0000] {logging_mixin.py:154} INFO - [2025-03-05T22:50:04.771+0000] {dag.py:3722} INFO - Setting next_dagrun for dataset_consumes_1_never_scheduled to None, run_after=None
[2025-03-05T22:50:04.772+0000] {logging_mixin.py:154} INFO - [2025-03-05T22:50:04.772+0000] {dag.py:3722} INFO - Setting next_dagrun for dataset_consumes_unknown_never_scheduled to None, run_after=None
[2025-03-05T22:50:04.773+0000] {logging_mixin.py:154} INFO - [2025-03-05T22:50:04.773+0000] {dag.py:3722} INFO - Setting next_dagrun for dataset_produces_1 to 2025-03-04T00:00:00+00:00, run_after=2025-03-05T00:00:00+00:00
[2025-03-05T22:50:04.773+0000] {logging_mixin.py:154} INFO - [2025-03-05T22:50:04.773+0000] {dag.py:3722} INFO - Setting next_dagrun for dataset_produces_2 to None, run_after=None
[2025-03-05T22:50:04.784+0000] {processor.py:179} INFO - Processing /home/airflow/.local/lib/python3.8/site-packages/airflow/example_dags/example_datasets.py took 0.050 seconds
[2025-03-05T22:50:35.348+0000] {processor.py:157} INFO - Started process (PID=7106) to work on /home/airflow/.local/lib/python3.8/site-packages/airflow/example_dags/example_datasets.py
[2025-03-05T22:50:35.349+0000] {processor.py:829} INFO - Processing file /home/airflow/.local/lib/python3.8/site-packages/airflow/example_dags/example_datasets.py for tasks to queue
[2025-03-05T22:50:35.350+0000] {logging_mixin.py:154} INFO - [2025-03-05T22:50:35.350+0000] {dagbag.py:536} INFO - Filling up the DagBag from /home/airflow/.local/lib/python3.8/site-packages/airflow/example_dags/example_datasets.py
[2025-03-05T22:50:35.355+0000] {processor.py:839} INFO - DAG(s) dict_keys(['dataset_consumes_1_never_scheduled', 'dataset_consumes_unknown_never_scheduled', 'dataset_produces_1', 'dataset_consumes_1', 'dataset_produces_2', 'dataset_consumes_1_and_2']) retrieved from /home/airflow/.local/lib/python3.8/site-packages/airflow/example_dags/example_datasets.py
[2025-03-05T22:50:35.369+0000] {logging_mixin.py:154} INFO - [2025-03-05T22:50:35.369+0000] {dag.py:2941} INFO - Sync 6 DAGs
[2025-03-05T22:50:35.381+0000] {logging_mixin.py:154} INFO - [2025-03-05T22:50:35.381+0000] {dag.py:3722} INFO - Setting next_dagrun for dataset_consumes_1 to None, run_after=None
[2025-03-05T22:50:35.383+0000] {logging_mixin.py:154} INFO - [2025-03-05T22:50:35.383+0000] {dag.py:3722} INFO - Setting next_dagrun for dataset_consumes_1_and_2 to None, run_after=None
[2025-03-05T22:50:35.384+0000] {logging_mixin.py:154} INFO - [2025-03-05T22:50:35.384+0000] {dag.py:3722} INFO - Setting next_dagrun for dataset_consumes_1_never_scheduled to None, run_after=None
[2025-03-05T22:50:35.385+0000] {logging_mixin.py:154} INFO - [2025-03-05T22:50:35.385+0000] {dag.py:3722} INFO - Setting next_dagrun for dataset_consumes_unknown_never_scheduled to None, run_after=None
[2025-03-05T22:50:35.386+0000] {logging_mixin.py:154} INFO - [2025-03-05T22:50:35.386+0000] {dag.py:3722} INFO - Setting next_dagrun for dataset_produces_1 to 2025-03-04T00:00:00+00:00, run_after=2025-03-05T00:00:00+00:00
[2025-03-05T22:50:35.387+0000] {logging_mixin.py:154} INFO - [2025-03-05T22:50:35.387+0000] {dag.py:3722} INFO - Setting next_dagrun for dataset_produces_2 to None, run_after=None
[2025-03-05T22:50:35.399+0000] {processor.py:179} INFO - Processing /home/airflow/.local/lib/python3.8/site-packages/airflow/example_dags/example_datasets.py took 0.053 seconds
[2025-03-05T22:51:06.003+0000] {processor.py:157} INFO - Started process (PID=7162) to work on /home/airflow/.local/lib/python3.8/site-packages/airflow/example_dags/example_datasets.py
[2025-03-05T22:51:06.004+0000] {processor.py:829} INFO - Processing file /home/airflow/.local/lib/python3.8/site-packages/airflow/example_dags/example_datasets.py for tasks to queue
[2025-03-05T22:51:06.005+0000] {logging_mixin.py:154} INFO - [2025-03-05T22:51:06.005+0000] {dagbag.py:536} INFO - Filling up the DagBag from /home/airflow/.local/lib/python3.8/site-packages/airflow/example_dags/example_datasets.py
[2025-03-05T22:51:06.010+0000] {processor.py:839} INFO - DAG(s) dict_keys(['dataset_consumes_unknown_never_scheduled', 'dataset_produces_2', 'dataset_consumes_1_and_2', 'dataset_produces_1', 'dataset_consumes_1', 'dataset_consumes_1_never_scheduled']) retrieved from /home/airflow/.local/lib/python3.8/site-packages/airflow/example_dags/example_datasets.py
[2025-03-05T22:51:06.026+0000] {logging_mixin.py:154} INFO - [2025-03-05T22:51:06.026+0000] {dag.py:2941} INFO - Sync 6 DAGs
[2025-03-05T22:51:06.036+0000] {logging_mixin.py:154} INFO - [2025-03-05T22:51:06.036+0000] {dag.py:3722} INFO - Setting next_dagrun for dataset_consumes_1 to None, run_after=None
[2025-03-05T22:51:06.038+0000] {logging_mixin.py:154} INFO - [2025-03-05T22:51:06.038+0000] {dag.py:3722} INFO - Setting next_dagrun for dataset_consumes_1_and_2 to None, run_after=None
[2025-03-05T22:51:06.039+0000] {logging_mixin.py:154} INFO - [2025-03-05T22:51:06.039+0000] {dag.py:3722} INFO - Setting next_dagrun for dataset_consumes_1_never_scheduled to None, run_after=None
[2025-03-05T22:51:06.039+0000] {logging_mixin.py:154} INFO - [2025-03-05T22:51:06.039+0000] {dag.py:3722} INFO - Setting next_dagrun for dataset_consumes_unknown_never_scheduled to None, run_after=None
[2025-03-05T22:51:06.040+0000] {logging_mixin.py:154} INFO - [2025-03-05T22:51:06.040+0000] {dag.py:3722} INFO - Setting next_dagrun for dataset_produces_1 to 2025-03-04T00:00:00+00:00, run_after=2025-03-05T00:00:00+00:00
[2025-03-05T22:51:06.041+0000] {logging_mixin.py:154} INFO - [2025-03-05T22:51:06.041+0000] {dag.py:3722} INFO - Setting next_dagrun for dataset_produces_2 to None, run_after=None
[2025-03-05T22:51:06.054+0000] {processor.py:179} INFO - Processing /home/airflow/.local/lib/python3.8/site-packages/airflow/example_dags/example_datasets.py took 0.053 seconds
[2025-03-05T22:51:36.546+0000] {processor.py:157} INFO - Started process (PID=7218) to work on /home/airflow/.local/lib/python3.8/site-packages/airflow/example_dags/example_datasets.py
[2025-03-05T22:51:36.547+0000] {processor.py:829} INFO - Processing file /home/airflow/.local/lib/python3.8/site-packages/airflow/example_dags/example_datasets.py for tasks to queue
[2025-03-05T22:51:36.548+0000] {logging_mixin.py:154} INFO - [2025-03-05T22:51:36.548+0000] {dagbag.py:536} INFO - Filling up the DagBag from /home/airflow/.local/lib/python3.8/site-packages/airflow/example_dags/example_datasets.py
[2025-03-05T22:51:36.554+0000] {processor.py:839} INFO - DAG(s) dict_keys(['dataset_consumes_1_and_2', 'dataset_consumes_unknown_never_scheduled', 'dataset_consumes_1', 'dataset_produces_1', 'dataset_consumes_1_never_scheduled', 'dataset_produces_2']) retrieved from /home/airflow/.local/lib/python3.8/site-packages/airflow/example_dags/example_datasets.py
[2025-03-05T22:51:36.569+0000] {logging_mixin.py:154} INFO - [2025-03-05T22:51:36.569+0000] {dag.py:2941} INFO - Sync 6 DAGs
[2025-03-05T22:51:36.578+0000] {logging_mixin.py:154} INFO - [2025-03-05T22:51:36.578+0000] {dag.py:3722} INFO - Setting next_dagrun for dataset_consumes_1 to None, run_after=None
[2025-03-05T22:51:36.580+0000] {logging_mixin.py:154} INFO - [2025-03-05T22:51:36.580+0000] {dag.py:3722} INFO - Setting next_dagrun for dataset_consumes_1_and_2 to None, run_after=None
[2025-03-05T22:51:36.581+0000] {logging_mixin.py:154} INFO - [2025-03-05T22:51:36.581+0000] {dag.py:3722} INFO - Setting next_dagrun for dataset_consumes_1_never_scheduled to None, run_after=None
[2025-03-05T22:51:36.581+0000] {logging_mixin.py:154} INFO - [2025-03-05T22:51:36.581+0000] {dag.py:3722} INFO - Setting next_dagrun for dataset_consumes_unknown_never_scheduled to None, run_after=None
[2025-03-05T22:51:36.583+0000] {logging_mixin.py:154} INFO - [2025-03-05T22:51:36.583+0000] {dag.py:3722} INFO - Setting next_dagrun for dataset_produces_1 to 2025-03-04T00:00:00+00:00, run_after=2025-03-05T00:00:00+00:00
[2025-03-05T22:51:36.583+0000] {logging_mixin.py:154} INFO - [2025-03-05T22:51:36.583+0000] {dag.py:3722} INFO - Setting next_dagrun for dataset_produces_2 to None, run_after=None
[2025-03-05T22:51:36.596+0000] {processor.py:179} INFO - Processing /home/airflow/.local/lib/python3.8/site-packages/airflow/example_dags/example_datasets.py took 0.051 seconds
[2025-03-05T22:52:07.076+0000] {processor.py:157} INFO - Started process (PID=7274) to work on /home/airflow/.local/lib/python3.8/site-packages/airflow/example_dags/example_datasets.py
[2025-03-05T22:52:07.077+0000] {processor.py:829} INFO - Processing file /home/airflow/.local/lib/python3.8/site-packages/airflow/example_dags/example_datasets.py for tasks to queue
[2025-03-05T22:52:07.079+0000] {logging_mixin.py:154} INFO - [2025-03-05T22:52:07.079+0000] {dagbag.py:536} INFO - Filling up the DagBag from /home/airflow/.local/lib/python3.8/site-packages/airflow/example_dags/example_datasets.py
[2025-03-05T22:52:07.084+0000] {processor.py:839} INFO - DAG(s) dict_keys(['dataset_produces_1', 'dataset_consumes_1', 'dataset_produces_2', 'dataset_consumes_unknown_never_scheduled', 'dataset_consumes_1_and_2', 'dataset_consumes_1_never_scheduled']) retrieved from /home/airflow/.local/lib/python3.8/site-packages/airflow/example_dags/example_datasets.py
[2025-03-05T22:52:07.098+0000] {logging_mixin.py:154} INFO - [2025-03-05T22:52:07.098+0000] {dag.py:2941} INFO - Sync 6 DAGs
[2025-03-05T22:52:07.107+0000] {logging_mixin.py:154} INFO - [2025-03-05T22:52:07.107+0000] {dag.py:3722} INFO - Setting next_dagrun for dataset_consumes_1 to None, run_after=None
[2025-03-05T22:52:07.109+0000] {logging_mixin.py:154} INFO - [2025-03-05T22:52:07.109+0000] {dag.py:3722} INFO - Setting next_dagrun for dataset_consumes_1_and_2 to None, run_after=None
[2025-03-05T22:52:07.110+0000] {logging_mixin.py:154} INFO - [2025-03-05T22:52:07.110+0000] {dag.py:3722} INFO - Setting next_dagrun for dataset_consumes_1_never_scheduled to None, run_after=None
[2025-03-05T22:52:07.111+0000] {logging_mixin.py:154} INFO - [2025-03-05T22:52:07.111+0000] {dag.py:3722} INFO - Setting next_dagrun for dataset_consumes_unknown_never_scheduled to None, run_after=None
[2025-03-05T22:52:07.112+0000] {logging_mixin.py:154} INFO - [2025-03-05T22:52:07.112+0000] {dag.py:3722} INFO - Setting next_dagrun for dataset_produces_1 to 2025-03-04T00:00:00+00:00, run_after=2025-03-05T00:00:00+00:00
[2025-03-05T22:52:07.112+0000] {logging_mixin.py:154} INFO - [2025-03-05T22:52:07.112+0000] {dag.py:3722} INFO - Setting next_dagrun for dataset_produces_2 to None, run_after=None
[2025-03-05T22:52:07.127+0000] {processor.py:179} INFO - Processing /home/airflow/.local/lib/python3.8/site-packages/airflow/example_dags/example_datasets.py took 0.052 seconds
[2025-03-05T22:52:37.635+0000] {processor.py:157} INFO - Started process (PID=7330) to work on /home/airflow/.local/lib/python3.8/site-packages/airflow/example_dags/example_datasets.py
[2025-03-05T22:52:37.635+0000] {processor.py:829} INFO - Processing file /home/airflow/.local/lib/python3.8/site-packages/airflow/example_dags/example_datasets.py for tasks to queue
[2025-03-05T22:52:37.636+0000] {logging_mixin.py:154} INFO - [2025-03-05T22:52:37.636+0000] {dagbag.py:536} INFO - Filling up the DagBag from /home/airflow/.local/lib/python3.8/site-packages/airflow/example_dags/example_datasets.py
[2025-03-05T22:52:37.641+0000] {processor.py:839} INFO - DAG(s) dict_keys(['dataset_consumes_1', 'dataset_produces_1', 'dataset_consumes_unknown_never_scheduled', 'dataset_consumes_1_and_2', 'dataset_produces_2', 'dataset_consumes_1_never_scheduled']) retrieved from /home/airflow/.local/lib/python3.8/site-packages/airflow/example_dags/example_datasets.py
[2025-03-05T22:52:37.653+0000] {logging_mixin.py:154} INFO - [2025-03-05T22:52:37.653+0000] {dag.py:2941} INFO - Sync 6 DAGs
[2025-03-05T22:52:37.661+0000] {logging_mixin.py:154} INFO - [2025-03-05T22:52:37.661+0000] {dag.py:3722} INFO - Setting next_dagrun for dataset_consumes_1 to None, run_after=None
[2025-03-05T22:52:37.662+0000] {logging_mixin.py:154} INFO - [2025-03-05T22:52:37.662+0000] {dag.py:3722} INFO - Setting next_dagrun for dataset_consumes_1_and_2 to None, run_after=None
[2025-03-05T22:52:37.663+0000] {logging_mixin.py:154} INFO - [2025-03-05T22:52:37.663+0000] {dag.py:3722} INFO - Setting next_dagrun for dataset_consumes_1_never_scheduled to None, run_after=None
[2025-03-05T22:52:37.663+0000] {logging_mixin.py:154} INFO - [2025-03-05T22:52:37.663+0000] {dag.py:3722} INFO - Setting next_dagrun for dataset_consumes_unknown_never_scheduled to None, run_after=None
[2025-03-05T22:52:37.664+0000] {logging_mixin.py:154} INFO - [2025-03-05T22:52:37.664+0000] {dag.py:3722} INFO - Setting next_dagrun for dataset_produces_1 to 2025-03-04T00:00:00+00:00, run_after=2025-03-05T00:00:00+00:00
[2025-03-05T22:52:37.664+0000] {logging_mixin.py:154} INFO - [2025-03-05T22:52:37.664+0000] {dag.py:3722} INFO - Setting next_dagrun for dataset_produces_2 to None, run_after=None
[2025-03-05T22:52:37.674+0000] {processor.py:179} INFO - Processing /home/airflow/.local/lib/python3.8/site-packages/airflow/example_dags/example_datasets.py took 0.040 seconds
[2025-03-05T22:53:08.215+0000] {processor.py:157} INFO - Started process (PID=7386) to work on /home/airflow/.local/lib/python3.8/site-packages/airflow/example_dags/example_datasets.py
[2025-03-05T22:53:08.216+0000] {processor.py:829} INFO - Processing file /home/airflow/.local/lib/python3.8/site-packages/airflow/example_dags/example_datasets.py for tasks to queue
[2025-03-05T22:53:08.217+0000] {logging_mixin.py:154} INFO - [2025-03-05T22:53:08.217+0000] {dagbag.py:536} INFO - Filling up the DagBag from /home/airflow/.local/lib/python3.8/site-packages/airflow/example_dags/example_datasets.py
[2025-03-05T22:53:08.223+0000] {processor.py:839} INFO - DAG(s) dict_keys(['dataset_consumes_unknown_never_scheduled', 'dataset_consumes_1_never_scheduled', 'dataset_consumes_1_and_2', 'dataset_produces_1', 'dataset_produces_2', 'dataset_consumes_1']) retrieved from /home/airflow/.local/lib/python3.8/site-packages/airflow/example_dags/example_datasets.py
[2025-03-05T22:53:08.240+0000] {logging_mixin.py:154} INFO - [2025-03-05T22:53:08.240+0000] {dag.py:2941} INFO - Sync 6 DAGs
[2025-03-05T22:53:08.251+0000] {logging_mixin.py:154} INFO - [2025-03-05T22:53:08.251+0000] {dag.py:3722} INFO - Setting next_dagrun for dataset_consumes_1 to None, run_after=None
[2025-03-05T22:53:08.253+0000] {logging_mixin.py:154} INFO - [2025-03-05T22:53:08.253+0000] {dag.py:3722} INFO - Setting next_dagrun for dataset_consumes_1_and_2 to None, run_after=None
[2025-03-05T22:53:08.254+0000] {logging_mixin.py:154} INFO - [2025-03-05T22:53:08.254+0000] {dag.py:3722} INFO - Setting next_dagrun for dataset_consumes_1_never_scheduled to None, run_after=None
[2025-03-05T22:53:08.254+0000] {logging_mixin.py:154} INFO - [2025-03-05T22:53:08.254+0000] {dag.py:3722} INFO - Setting next_dagrun for dataset_consumes_unknown_never_scheduled to None, run_after=None
[2025-03-05T22:53:08.255+0000] {logging_mixin.py:154} INFO - [2025-03-05T22:53:08.255+0000] {dag.py:3722} INFO - Setting next_dagrun for dataset_produces_1 to 2025-03-04T00:00:00+00:00, run_after=2025-03-05T00:00:00+00:00
[2025-03-05T22:53:08.256+0000] {logging_mixin.py:154} INFO - [2025-03-05T22:53:08.256+0000] {dag.py:3722} INFO - Setting next_dagrun for dataset_produces_2 to None, run_after=None
[2025-03-05T22:53:08.269+0000] {processor.py:179} INFO - Processing /home/airflow/.local/lib/python3.8/site-packages/airflow/example_dags/example_datasets.py took 0.055 seconds
[2025-03-05T22:53:38.779+0000] {processor.py:157} INFO - Started process (PID=7442) to work on /home/airflow/.local/lib/python3.8/site-packages/airflow/example_dags/example_datasets.py
[2025-03-05T22:53:38.780+0000] {processor.py:829} INFO - Processing file /home/airflow/.local/lib/python3.8/site-packages/airflow/example_dags/example_datasets.py for tasks to queue
[2025-03-05T22:53:38.781+0000] {logging_mixin.py:154} INFO - [2025-03-05T22:53:38.781+0000] {dagbag.py:536} INFO - Filling up the DagBag from /home/airflow/.local/lib/python3.8/site-packages/airflow/example_dags/example_datasets.py
[2025-03-05T22:53:38.786+0000] {processor.py:839} INFO - DAG(s) dict_keys(['dataset_consumes_1', 'dataset_produces_1', 'dataset_produces_2', 'dataset_consumes_1_and_2', 'dataset_consumes_1_never_scheduled', 'dataset_consumes_unknown_never_scheduled']) retrieved from /home/airflow/.local/lib/python3.8/site-packages/airflow/example_dags/example_datasets.py
[2025-03-05T22:53:38.799+0000] {logging_mixin.py:154} INFO - [2025-03-05T22:53:38.799+0000] {dag.py:2941} INFO - Sync 6 DAGs
[2025-03-05T22:53:38.808+0000] {logging_mixin.py:154} INFO - [2025-03-05T22:53:38.808+0000] {dag.py:3722} INFO - Setting next_dagrun for dataset_consumes_1 to None, run_after=None
[2025-03-05T22:53:38.812+0000] {logging_mixin.py:154} INFO - [2025-03-05T22:53:38.812+0000] {dag.py:3722} INFO - Setting next_dagrun for dataset_consumes_1_and_2 to None, run_after=None
[2025-03-05T22:53:38.813+0000] {logging_mixin.py:154} INFO - [2025-03-05T22:53:38.813+0000] {dag.py:3722} INFO - Setting next_dagrun for dataset_consumes_1_never_scheduled to None, run_after=None
[2025-03-05T22:53:38.813+0000] {logging_mixin.py:154} INFO - [2025-03-05T22:53:38.813+0000] {dag.py:3722} INFO - Setting next_dagrun for dataset_consumes_unknown_never_scheduled to None, run_after=None
[2025-03-05T22:53:38.815+0000] {logging_mixin.py:154} INFO - [2025-03-05T22:53:38.815+0000] {dag.py:3722} INFO - Setting next_dagrun for dataset_produces_1 to 2025-03-04T00:00:00+00:00, run_after=2025-03-05T00:00:00+00:00
[2025-03-05T22:53:38.816+0000] {logging_mixin.py:154} INFO - [2025-03-05T22:53:38.816+0000] {dag.py:3722} INFO - Setting next_dagrun for dataset_produces_2 to None, run_after=None
[2025-03-05T22:53:38.828+0000] {processor.py:179} INFO - Processing /home/airflow/.local/lib/python3.8/site-packages/airflow/example_dags/example_datasets.py took 0.051 seconds
[2025-03-05T22:54:09.292+0000] {processor.py:157} INFO - Started process (PID=7498) to work on /home/airflow/.local/lib/python3.8/site-packages/airflow/example_dags/example_datasets.py
[2025-03-05T22:54:09.292+0000] {processor.py:829} INFO - Processing file /home/airflow/.local/lib/python3.8/site-packages/airflow/example_dags/example_datasets.py for tasks to queue
[2025-03-05T22:54:09.293+0000] {logging_mixin.py:154} INFO - [2025-03-05T22:54:09.293+0000] {dagbag.py:536} INFO - Filling up the DagBag from /home/airflow/.local/lib/python3.8/site-packages/airflow/example_dags/example_datasets.py
[2025-03-05T22:54:09.298+0000] {processor.py:839} INFO - DAG(s) dict_keys(['dataset_produces_2', 'dataset_produces_1', 'dataset_consumes_1', 'dataset_consumes_unknown_never_scheduled', 'dataset_consumes_1_and_2', 'dataset_consumes_1_never_scheduled']) retrieved from /home/airflow/.local/lib/python3.8/site-packages/airflow/example_dags/example_datasets.py
[2025-03-05T22:54:09.310+0000] {logging_mixin.py:154} INFO - [2025-03-05T22:54:09.310+0000] {dag.py:2941} INFO - Sync 6 DAGs
[2025-03-05T22:54:09.318+0000] {logging_mixin.py:154} INFO - [2025-03-05T22:54:09.318+0000] {dag.py:3722} INFO - Setting next_dagrun for dataset_consumes_1 to None, run_after=None
[2025-03-05T22:54:09.319+0000] {logging_mixin.py:154} INFO - [2025-03-05T22:54:09.319+0000] {dag.py:3722} INFO - Setting next_dagrun for dataset_consumes_1_and_2 to None, run_after=None
[2025-03-05T22:54:09.320+0000] {logging_mixin.py:154} INFO - [2025-03-05T22:54:09.320+0000] {dag.py:3722} INFO - Setting next_dagrun for dataset_consumes_1_never_scheduled to None, run_after=None
[2025-03-05T22:54:09.320+0000] {logging_mixin.py:154} INFO - [2025-03-05T22:54:09.320+0000] {dag.py:3722} INFO - Setting next_dagrun for dataset_consumes_unknown_never_scheduled to None, run_after=None
[2025-03-05T22:54:09.321+0000] {logging_mixin.py:154} INFO - [2025-03-05T22:54:09.321+0000] {dag.py:3722} INFO - Setting next_dagrun for dataset_produces_1 to 2025-03-04T00:00:00+00:00, run_after=2025-03-05T00:00:00+00:00
[2025-03-05T22:54:09.322+0000] {logging_mixin.py:154} INFO - [2025-03-05T22:54:09.322+0000] {dag.py:3722} INFO - Setting next_dagrun for dataset_produces_2 to None, run_after=None
[2025-03-05T22:54:09.332+0000] {processor.py:179} INFO - Processing /home/airflow/.local/lib/python3.8/site-packages/airflow/example_dags/example_datasets.py took 0.042 seconds
[2025-03-05T22:54:39.793+0000] {processor.py:157} INFO - Started process (PID=7553) to work on /home/airflow/.local/lib/python3.8/site-packages/airflow/example_dags/example_datasets.py
[2025-03-05T22:54:39.794+0000] {processor.py:829} INFO - Processing file /home/airflow/.local/lib/python3.8/site-packages/airflow/example_dags/example_datasets.py for tasks to queue
[2025-03-05T22:54:39.795+0000] {logging_mixin.py:154} INFO - [2025-03-05T22:54:39.795+0000] {dagbag.py:536} INFO - Filling up the DagBag from /home/airflow/.local/lib/python3.8/site-packages/airflow/example_dags/example_datasets.py
[2025-03-05T22:54:39.800+0000] {processor.py:839} INFO - DAG(s) dict_keys(['dataset_consumes_1_never_scheduled', 'dataset_consumes_unknown_never_scheduled', 'dataset_produces_2', 'dataset_consumes_1', 'dataset_consumes_1_and_2', 'dataset_produces_1']) retrieved from /home/airflow/.local/lib/python3.8/site-packages/airflow/example_dags/example_datasets.py
[2025-03-05T22:54:39.813+0000] {logging_mixin.py:154} INFO - [2025-03-05T22:54:39.813+0000] {dag.py:2941} INFO - Sync 6 DAGs
[2025-03-05T22:54:39.824+0000] {logging_mixin.py:154} INFO - [2025-03-05T22:54:39.824+0000] {dag.py:3722} INFO - Setting next_dagrun for dataset_consumes_1 to None, run_after=None
[2025-03-05T22:54:39.825+0000] {logging_mixin.py:154} INFO - [2025-03-05T22:54:39.825+0000] {dag.py:3722} INFO - Setting next_dagrun for dataset_consumes_1_and_2 to None, run_after=None
[2025-03-05T22:54:39.825+0000] {logging_mixin.py:154} INFO - [2025-03-05T22:54:39.825+0000] {dag.py:3722} INFO - Setting next_dagrun for dataset_consumes_1_never_scheduled to None, run_after=None
[2025-03-05T22:54:39.826+0000] {logging_mixin.py:154} INFO - [2025-03-05T22:54:39.826+0000] {dag.py:3722} INFO - Setting next_dagrun for dataset_consumes_unknown_never_scheduled to None, run_after=None
[2025-03-05T22:54:39.827+0000] {logging_mixin.py:154} INFO - [2025-03-05T22:54:39.827+0000] {dag.py:3722} INFO - Setting next_dagrun for dataset_produces_1 to 2025-03-04T00:00:00+00:00, run_after=2025-03-05T00:00:00+00:00
[2025-03-05T22:54:39.828+0000] {logging_mixin.py:154} INFO - [2025-03-05T22:54:39.828+0000] {dag.py:3722} INFO - Setting next_dagrun for dataset_produces_2 to None, run_after=None
[2025-03-05T22:54:39.841+0000] {processor.py:179} INFO - Processing /home/airflow/.local/lib/python3.8/site-packages/airflow/example_dags/example_datasets.py took 0.049 seconds
[2025-03-05T22:55:10.384+0000] {processor.py:157} INFO - Started process (PID=7609) to work on /home/airflow/.local/lib/python3.8/site-packages/airflow/example_dags/example_datasets.py
[2025-03-05T22:55:10.385+0000] {processor.py:829} INFO - Processing file /home/airflow/.local/lib/python3.8/site-packages/airflow/example_dags/example_datasets.py for tasks to queue
[2025-03-05T22:55:10.386+0000] {logging_mixin.py:154} INFO - [2025-03-05T22:55:10.386+0000] {dagbag.py:536} INFO - Filling up the DagBag from /home/airflow/.local/lib/python3.8/site-packages/airflow/example_dags/example_datasets.py
[2025-03-05T22:55:10.390+0000] {processor.py:839} INFO - DAG(s) dict_keys(['dataset_produces_2', 'dataset_produces_1', 'dataset_consumes_unknown_never_scheduled', 'dataset_consumes_1_never_scheduled', 'dataset_consumes_1_and_2', 'dataset_consumes_1']) retrieved from /home/airflow/.local/lib/python3.8/site-packages/airflow/example_dags/example_datasets.py
[2025-03-05T22:55:10.410+0000] {logging_mixin.py:154} INFO - [2025-03-05T22:55:10.410+0000] {dag.py:2941} INFO - Sync 6 DAGs
[2025-03-05T22:55:10.419+0000] {logging_mixin.py:154} INFO - [2025-03-05T22:55:10.419+0000] {dag.py:3722} INFO - Setting next_dagrun for dataset_consumes_1 to None, run_after=None
[2025-03-05T22:55:10.421+0000] {logging_mixin.py:154} INFO - [2025-03-05T22:55:10.421+0000] {dag.py:3722} INFO - Setting next_dagrun for dataset_consumes_1_and_2 to None, run_after=None
[2025-03-05T22:55:10.422+0000] {logging_mixin.py:154} INFO - [2025-03-05T22:55:10.422+0000] {dag.py:3722} INFO - Setting next_dagrun for dataset_consumes_1_never_scheduled to None, run_after=None
[2025-03-05T22:55:10.422+0000] {logging_mixin.py:154} INFO - [2025-03-05T22:55:10.422+0000] {dag.py:3722} INFO - Setting next_dagrun for dataset_consumes_unknown_never_scheduled to None, run_after=None
[2025-03-05T22:55:10.424+0000] {logging_mixin.py:154} INFO - [2025-03-05T22:55:10.424+0000] {dag.py:3722} INFO - Setting next_dagrun for dataset_produces_1 to 2025-03-04T00:00:00+00:00, run_after=2025-03-05T00:00:00+00:00
[2025-03-05T22:55:10.425+0000] {logging_mixin.py:154} INFO - [2025-03-05T22:55:10.425+0000] {dag.py:3722} INFO - Setting next_dagrun for dataset_produces_2 to None, run_after=None
[2025-03-05T22:55:10.439+0000] {processor.py:179} INFO - Processing /home/airflow/.local/lib/python3.8/site-packages/airflow/example_dags/example_datasets.py took 0.056 seconds
[2025-03-05T22:55:40.903+0000] {processor.py:157} INFO - Started process (PID=7664) to work on /home/airflow/.local/lib/python3.8/site-packages/airflow/example_dags/example_datasets.py
[2025-03-05T22:55:40.903+0000] {processor.py:829} INFO - Processing file /home/airflow/.local/lib/python3.8/site-packages/airflow/example_dags/example_datasets.py for tasks to queue
[2025-03-05T22:55:40.904+0000] {logging_mixin.py:154} INFO - [2025-03-05T22:55:40.904+0000] {dagbag.py:536} INFO - Filling up the DagBag from /home/airflow/.local/lib/python3.8/site-packages/airflow/example_dags/example_datasets.py
[2025-03-05T22:55:40.910+0000] {processor.py:839} INFO - DAG(s) dict_keys(['dataset_produces_1', 'dataset_consumes_1_and_2', 'dataset_produces_2', 'dataset_consumes_unknown_never_scheduled', 'dataset_consumes_1_never_scheduled', 'dataset_consumes_1']) retrieved from /home/airflow/.local/lib/python3.8/site-packages/airflow/example_dags/example_datasets.py
[2025-03-05T22:55:40.926+0000] {logging_mixin.py:154} INFO - [2025-03-05T22:55:40.926+0000] {dag.py:2941} INFO - Sync 6 DAGs
[2025-03-05T22:55:40.936+0000] {logging_mixin.py:154} INFO - [2025-03-05T22:55:40.936+0000] {dag.py:3722} INFO - Setting next_dagrun for dataset_consumes_1 to None, run_after=None
[2025-03-05T22:55:40.939+0000] {logging_mixin.py:154} INFO - [2025-03-05T22:55:40.939+0000] {dag.py:3722} INFO - Setting next_dagrun for dataset_consumes_1_and_2 to None, run_after=None
[2025-03-05T22:55:40.940+0000] {logging_mixin.py:154} INFO - [2025-03-05T22:55:40.940+0000] {dag.py:3722} INFO - Setting next_dagrun for dataset_consumes_1_never_scheduled to None, run_after=None
[2025-03-05T22:55:40.941+0000] {logging_mixin.py:154} INFO - [2025-03-05T22:55:40.941+0000] {dag.py:3722} INFO - Setting next_dagrun for dataset_consumes_unknown_never_scheduled to None, run_after=None
[2025-03-05T22:55:40.942+0000] {logging_mixin.py:154} INFO - [2025-03-05T22:55:40.942+0000] {dag.py:3722} INFO - Setting next_dagrun for dataset_produces_1 to 2025-03-04T00:00:00+00:00, run_after=2025-03-05T00:00:00+00:00
[2025-03-05T22:55:40.942+0000] {logging_mixin.py:154} INFO - [2025-03-05T22:55:40.942+0000] {dag.py:3722} INFO - Setting next_dagrun for dataset_produces_2 to None, run_after=None
[2025-03-05T22:55:40.956+0000] {processor.py:179} INFO - Processing /home/airflow/.local/lib/python3.8/site-packages/airflow/example_dags/example_datasets.py took 0.055 seconds
[2025-03-05T22:56:11.416+0000] {processor.py:157} INFO - Started process (PID=7720) to work on /home/airflow/.local/lib/python3.8/site-packages/airflow/example_dags/example_datasets.py
[2025-03-05T22:56:11.416+0000] {processor.py:829} INFO - Processing file /home/airflow/.local/lib/python3.8/site-packages/airflow/example_dags/example_datasets.py for tasks to queue
[2025-03-05T22:56:11.417+0000] {logging_mixin.py:154} INFO - [2025-03-05T22:56:11.417+0000] {dagbag.py:536} INFO - Filling up the DagBag from /home/airflow/.local/lib/python3.8/site-packages/airflow/example_dags/example_datasets.py
[2025-03-05T22:56:11.423+0000] {processor.py:839} INFO - DAG(s) dict_keys(['dataset_consumes_1_never_scheduled', 'dataset_produces_1', 'dataset_consumes_1_and_2', 'dataset_consumes_1', 'dataset_consumes_unknown_never_scheduled', 'dataset_produces_2']) retrieved from /home/airflow/.local/lib/python3.8/site-packages/airflow/example_dags/example_datasets.py
[2025-03-05T22:56:11.439+0000] {logging_mixin.py:154} INFO - [2025-03-05T22:56:11.439+0000] {dag.py:2941} INFO - Sync 6 DAGs
[2025-03-05T22:56:11.450+0000] {logging_mixin.py:154} INFO - [2025-03-05T22:56:11.450+0000] {dag.py:3722} INFO - Setting next_dagrun for dataset_consumes_1 to None, run_after=None
[2025-03-05T22:56:11.453+0000] {logging_mixin.py:154} INFO - [2025-03-05T22:56:11.453+0000] {dag.py:3722} INFO - Setting next_dagrun for dataset_consumes_1_and_2 to None, run_after=None
[2025-03-05T22:56:11.454+0000] {logging_mixin.py:154} INFO - [2025-03-05T22:56:11.454+0000] {dag.py:3722} INFO - Setting next_dagrun for dataset_consumes_1_never_scheduled to None, run_after=None
[2025-03-05T22:56:11.454+0000] {logging_mixin.py:154} INFO - [2025-03-05T22:56:11.454+0000] {dag.py:3722} INFO - Setting next_dagrun for dataset_consumes_unknown_never_scheduled to None, run_after=None
[2025-03-05T22:56:11.455+0000] {logging_mixin.py:154} INFO - [2025-03-05T22:56:11.455+0000] {dag.py:3722} INFO - Setting next_dagrun for dataset_produces_1 to 2025-03-04T00:00:00+00:00, run_after=2025-03-05T00:00:00+00:00
[2025-03-05T22:56:11.456+0000] {logging_mixin.py:154} INFO - [2025-03-05T22:56:11.456+0000] {dag.py:3722} INFO - Setting next_dagrun for dataset_produces_2 to None, run_after=None
[2025-03-05T22:56:11.468+0000] {processor.py:179} INFO - Processing /home/airflow/.local/lib/python3.8/site-packages/airflow/example_dags/example_datasets.py took 0.054 seconds
[2025-03-05T22:56:41.973+0000] {processor.py:157} INFO - Started process (PID=7776) to work on /home/airflow/.local/lib/python3.8/site-packages/airflow/example_dags/example_datasets.py
[2025-03-05T22:56:41.974+0000] {processor.py:829} INFO - Processing file /home/airflow/.local/lib/python3.8/site-packages/airflow/example_dags/example_datasets.py for tasks to queue
[2025-03-05T22:56:41.976+0000] {logging_mixin.py:154} INFO - [2025-03-05T22:56:41.976+0000] {dagbag.py:536} INFO - Filling up the DagBag from /home/airflow/.local/lib/python3.8/site-packages/airflow/example_dags/example_datasets.py
[2025-03-05T22:56:41.980+0000] {processor.py:839} INFO - DAG(s) dict_keys(['dataset_consumes_1', 'dataset_consumes_1_never_scheduled', 'dataset_produces_1', 'dataset_consumes_1_and_2', 'dataset_consumes_unknown_never_scheduled', 'dataset_produces_2']) retrieved from /home/airflow/.local/lib/python3.8/site-packages/airflow/example_dags/example_datasets.py
[2025-03-05T22:56:41.995+0000] {logging_mixin.py:154} INFO - [2025-03-05T22:56:41.995+0000] {dag.py:2941} INFO - Sync 6 DAGs
[2025-03-05T22:56:42.005+0000] {logging_mixin.py:154} INFO - [2025-03-05T22:56:42.005+0000] {dag.py:3722} INFO - Setting next_dagrun for dataset_consumes_1 to None, run_after=None
[2025-03-05T22:56:42.007+0000] {logging_mixin.py:154} INFO - [2025-03-05T22:56:42.007+0000] {dag.py:3722} INFO - Setting next_dagrun for dataset_consumes_1_and_2 to None, run_after=None
[2025-03-05T22:56:42.009+0000] {logging_mixin.py:154} INFO - [2025-03-05T22:56:42.009+0000] {dag.py:3722} INFO - Setting next_dagrun for dataset_consumes_1_never_scheduled to None, run_after=None
[2025-03-05T22:56:42.010+0000] {logging_mixin.py:154} INFO - [2025-03-05T22:56:42.010+0000] {dag.py:3722} INFO - Setting next_dagrun for dataset_consumes_unknown_never_scheduled to None, run_after=None
[2025-03-05T22:56:42.011+0000] {logging_mixin.py:154} INFO - [2025-03-05T22:56:42.011+0000] {dag.py:3722} INFO - Setting next_dagrun for dataset_produces_1 to 2025-03-04T00:00:00+00:00, run_after=2025-03-05T00:00:00+00:00
[2025-03-05T22:56:42.012+0000] {logging_mixin.py:154} INFO - [2025-03-05T22:56:42.012+0000] {dag.py:3722} INFO - Setting next_dagrun for dataset_produces_2 to None, run_after=None
[2025-03-05T22:56:42.022+0000] {processor.py:179} INFO - Processing /home/airflow/.local/lib/python3.8/site-packages/airflow/example_dags/example_datasets.py took 0.051 seconds
[2025-03-05T22:57:12.560+0000] {processor.py:157} INFO - Started process (PID=7832) to work on /home/airflow/.local/lib/python3.8/site-packages/airflow/example_dags/example_datasets.py
[2025-03-05T22:57:12.561+0000] {processor.py:829} INFO - Processing file /home/airflow/.local/lib/python3.8/site-packages/airflow/example_dags/example_datasets.py for tasks to queue
[2025-03-05T22:57:12.563+0000] {logging_mixin.py:154} INFO - [2025-03-05T22:57:12.563+0000] {dagbag.py:536} INFO - Filling up the DagBag from /home/airflow/.local/lib/python3.8/site-packages/airflow/example_dags/example_datasets.py
[2025-03-05T22:57:12.570+0000] {processor.py:839} INFO - DAG(s) dict_keys(['dataset_consumes_1', 'dataset_produces_2', 'dataset_produces_1', 'dataset_consumes_unknown_never_scheduled', 'dataset_consumes_1_never_scheduled', 'dataset_consumes_1_and_2']) retrieved from /home/airflow/.local/lib/python3.8/site-packages/airflow/example_dags/example_datasets.py
[2025-03-05T22:57:12.591+0000] {logging_mixin.py:154} INFO - [2025-03-05T22:57:12.591+0000] {dag.py:2941} INFO - Sync 6 DAGs
[2025-03-05T22:57:12.600+0000] {logging_mixin.py:154} INFO - [2025-03-05T22:57:12.600+0000] {dag.py:3722} INFO - Setting next_dagrun for dataset_consumes_1 to None, run_after=None
[2025-03-05T22:57:12.601+0000] {logging_mixin.py:154} INFO - [2025-03-05T22:57:12.601+0000] {dag.py:3722} INFO - Setting next_dagrun for dataset_consumes_1_and_2 to None, run_after=None
[2025-03-05T22:57:12.602+0000] {logging_mixin.py:154} INFO - [2025-03-05T22:57:12.602+0000] {dag.py:3722} INFO - Setting next_dagrun for dataset_consumes_1_never_scheduled to None, run_after=None
[2025-03-05T22:57:12.602+0000] {logging_mixin.py:154} INFO - [2025-03-05T22:57:12.602+0000] {dag.py:3722} INFO - Setting next_dagrun for dataset_consumes_unknown_never_scheduled to None, run_after=None
[2025-03-05T22:57:12.604+0000] {logging_mixin.py:154} INFO - [2025-03-05T22:57:12.604+0000] {dag.py:3722} INFO - Setting next_dagrun for dataset_produces_1 to 2025-03-04T00:00:00+00:00, run_after=2025-03-05T00:00:00+00:00
[2025-03-05T22:57:12.604+0000] {logging_mixin.py:154} INFO - [2025-03-05T22:57:12.604+0000] {dag.py:3722} INFO - Setting next_dagrun for dataset_produces_2 to None, run_after=None
[2025-03-05T22:57:12.615+0000] {processor.py:179} INFO - Processing /home/airflow/.local/lib/python3.8/site-packages/airflow/example_dags/example_datasets.py took 0.057 seconds
[2025-03-05T22:57:43.087+0000] {processor.py:157} INFO - Started process (PID=7888) to work on /home/airflow/.local/lib/python3.8/site-packages/airflow/example_dags/example_datasets.py
[2025-03-05T22:57:43.088+0000] {processor.py:829} INFO - Processing file /home/airflow/.local/lib/python3.8/site-packages/airflow/example_dags/example_datasets.py for tasks to queue
[2025-03-05T22:57:43.089+0000] {logging_mixin.py:154} INFO - [2025-03-05T22:57:43.089+0000] {dagbag.py:536} INFO - Filling up the DagBag from /home/airflow/.local/lib/python3.8/site-packages/airflow/example_dags/example_datasets.py
[2025-03-05T22:57:43.094+0000] {processor.py:839} INFO - DAG(s) dict_keys(['dataset_consumes_1', 'dataset_produces_2', 'dataset_consumes_unknown_never_scheduled', 'dataset_consumes_1_never_scheduled', 'dataset_consumes_1_and_2', 'dataset_produces_1']) retrieved from /home/airflow/.local/lib/python3.8/site-packages/airflow/example_dags/example_datasets.py
[2025-03-05T22:57:43.108+0000] {logging_mixin.py:154} INFO - [2025-03-05T22:57:43.108+0000] {dag.py:2941} INFO - Sync 6 DAGs
[2025-03-05T22:57:43.118+0000] {logging_mixin.py:154} INFO - [2025-03-05T22:57:43.118+0000] {dag.py:3722} INFO - Setting next_dagrun for dataset_consumes_1 to None, run_after=None
[2025-03-05T22:57:43.120+0000] {logging_mixin.py:154} INFO - [2025-03-05T22:57:43.120+0000] {dag.py:3722} INFO - Setting next_dagrun for dataset_consumes_1_and_2 to None, run_after=None
[2025-03-05T22:57:43.121+0000] {logging_mixin.py:154} INFO - [2025-03-05T22:57:43.121+0000] {dag.py:3722} INFO - Setting next_dagrun for dataset_consumes_1_never_scheduled to None, run_after=None
[2025-03-05T22:57:43.122+0000] {logging_mixin.py:154} INFO - [2025-03-05T22:57:43.122+0000] {dag.py:3722} INFO - Setting next_dagrun for dataset_consumes_unknown_never_scheduled to None, run_after=None
[2025-03-05T22:57:43.123+0000] {logging_mixin.py:154} INFO - [2025-03-05T22:57:43.123+0000] {dag.py:3722} INFO - Setting next_dagrun for dataset_produces_1 to 2025-03-04T00:00:00+00:00, run_after=2025-03-05T00:00:00+00:00
[2025-03-05T22:57:43.125+0000] {logging_mixin.py:154} INFO - [2025-03-05T22:57:43.125+0000] {dag.py:3722} INFO - Setting next_dagrun for dataset_produces_2 to None, run_after=None
[2025-03-05T22:57:43.138+0000] {processor.py:179} INFO - Processing /home/airflow/.local/lib/python3.8/site-packages/airflow/example_dags/example_datasets.py took 0.053 seconds
[2025-03-05T22:58:13.637+0000] {processor.py:157} INFO - Started process (PID=7944) to work on /home/airflow/.local/lib/python3.8/site-packages/airflow/example_dags/example_datasets.py
[2025-03-05T22:58:13.637+0000] {processor.py:829} INFO - Processing file /home/airflow/.local/lib/python3.8/site-packages/airflow/example_dags/example_datasets.py for tasks to queue
[2025-03-05T22:58:13.638+0000] {logging_mixin.py:154} INFO - [2025-03-05T22:58:13.638+0000] {dagbag.py:536} INFO - Filling up the DagBag from /home/airflow/.local/lib/python3.8/site-packages/airflow/example_dags/example_datasets.py
[2025-03-05T22:58:13.643+0000] {processor.py:839} INFO - DAG(s) dict_keys(['dataset_consumes_unknown_never_scheduled', 'dataset_consumes_1_and_2', 'dataset_consumes_1_never_scheduled', 'dataset_produces_2', 'dataset_consumes_1', 'dataset_produces_1']) retrieved from /home/airflow/.local/lib/python3.8/site-packages/airflow/example_dags/example_datasets.py
[2025-03-05T22:58:13.655+0000] {logging_mixin.py:154} INFO - [2025-03-05T22:58:13.655+0000] {dag.py:2941} INFO - Sync 6 DAGs
[2025-03-05T22:58:13.663+0000] {logging_mixin.py:154} INFO - [2025-03-05T22:58:13.663+0000] {dag.py:3722} INFO - Setting next_dagrun for dataset_consumes_1 to None, run_after=None
[2025-03-05T22:58:13.664+0000] {logging_mixin.py:154} INFO - [2025-03-05T22:58:13.664+0000] {dag.py:3722} INFO - Setting next_dagrun for dataset_consumes_1_and_2 to None, run_after=None
[2025-03-05T22:58:13.665+0000] {logging_mixin.py:154} INFO - [2025-03-05T22:58:13.664+0000] {dag.py:3722} INFO - Setting next_dagrun for dataset_consumes_1_never_scheduled to None, run_after=None
[2025-03-05T22:58:13.665+0000] {logging_mixin.py:154} INFO - [2025-03-05T22:58:13.665+0000] {dag.py:3722} INFO - Setting next_dagrun for dataset_consumes_unknown_never_scheduled to None, run_after=None
[2025-03-05T22:58:13.666+0000] {logging_mixin.py:154} INFO - [2025-03-05T22:58:13.666+0000] {dag.py:3722} INFO - Setting next_dagrun for dataset_produces_1 to 2025-03-04T00:00:00+00:00, run_after=2025-03-05T00:00:00+00:00
[2025-03-05T22:58:13.666+0000] {logging_mixin.py:154} INFO - [2025-03-05T22:58:13.666+0000] {dag.py:3722} INFO - Setting next_dagrun for dataset_produces_2 to None, run_after=None
[2025-03-05T22:58:13.676+0000] {processor.py:179} INFO - Processing /home/airflow/.local/lib/python3.8/site-packages/airflow/example_dags/example_datasets.py took 0.041 seconds
[2025-03-05T22:58:44.217+0000] {processor.py:157} INFO - Started process (PID=8000) to work on /home/airflow/.local/lib/python3.8/site-packages/airflow/example_dags/example_datasets.py
[2025-03-05T22:58:44.217+0000] {processor.py:829} INFO - Processing file /home/airflow/.local/lib/python3.8/site-packages/airflow/example_dags/example_datasets.py for tasks to queue
[2025-03-05T22:58:44.218+0000] {logging_mixin.py:154} INFO - [2025-03-05T22:58:44.218+0000] {dagbag.py:536} INFO - Filling up the DagBag from /home/airflow/.local/lib/python3.8/site-packages/airflow/example_dags/example_datasets.py
[2025-03-05T22:58:44.223+0000] {processor.py:839} INFO - DAG(s) dict_keys(['dataset_consumes_1', 'dataset_consumes_unknown_never_scheduled', 'dataset_produces_2', 'dataset_produces_1', 'dataset_consumes_1_and_2', 'dataset_consumes_1_never_scheduled']) retrieved from /home/airflow/.local/lib/python3.8/site-packages/airflow/example_dags/example_datasets.py
[2025-03-05T22:58:44.244+0000] {logging_mixin.py:154} INFO - [2025-03-05T22:58:44.244+0000] {dag.py:2941} INFO - Sync 6 DAGs
[2025-03-05T22:58:44.252+0000] {logging_mixin.py:154} INFO - [2025-03-05T22:58:44.252+0000] {dag.py:3722} INFO - Setting next_dagrun for dataset_consumes_1 to None, run_after=None
[2025-03-05T22:58:44.254+0000] {logging_mixin.py:154} INFO - [2025-03-05T22:58:44.254+0000] {dag.py:3722} INFO - Setting next_dagrun for dataset_consumes_1_and_2 to None, run_after=None
[2025-03-05T22:58:44.255+0000] {logging_mixin.py:154} INFO - [2025-03-05T22:58:44.255+0000] {dag.py:3722} INFO - Setting next_dagrun for dataset_consumes_1_never_scheduled to None, run_after=None
[2025-03-05T22:58:44.255+0000] {logging_mixin.py:154} INFO - [2025-03-05T22:58:44.255+0000] {dag.py:3722} INFO - Setting next_dagrun for dataset_consumes_unknown_never_scheduled to None, run_after=None
[2025-03-05T22:58:44.257+0000] {logging_mixin.py:154} INFO - [2025-03-05T22:58:44.257+0000] {dag.py:3722} INFO - Setting next_dagrun for dataset_produces_1 to 2025-03-04T00:00:00+00:00, run_after=2025-03-05T00:00:00+00:00
[2025-03-05T22:58:44.260+0000] {logging_mixin.py:154} INFO - [2025-03-05T22:58:44.260+0000] {dag.py:3722} INFO - Setting next_dagrun for dataset_produces_2 to None, run_after=None
[2025-03-05T22:58:44.273+0000] {processor.py:179} INFO - Processing /home/airflow/.local/lib/python3.8/site-packages/airflow/example_dags/example_datasets.py took 0.058 seconds
[2025-03-05T22:59:14.770+0000] {processor.py:157} INFO - Started process (PID=8056) to work on /home/airflow/.local/lib/python3.8/site-packages/airflow/example_dags/example_datasets.py
[2025-03-05T22:59:14.771+0000] {processor.py:829} INFO - Processing file /home/airflow/.local/lib/python3.8/site-packages/airflow/example_dags/example_datasets.py for tasks to queue
[2025-03-05T22:59:14.772+0000] {logging_mixin.py:154} INFO - [2025-03-05T22:59:14.772+0000] {dagbag.py:536} INFO - Filling up the DagBag from /home/airflow/.local/lib/python3.8/site-packages/airflow/example_dags/example_datasets.py
[2025-03-05T22:59:14.778+0000] {processor.py:839} INFO - DAG(s) dict_keys(['dataset_produces_2', 'dataset_consumes_1_never_scheduled', 'dataset_consumes_1', 'dataset_consumes_unknown_never_scheduled', 'dataset_consumes_1_and_2', 'dataset_produces_1']) retrieved from /home/airflow/.local/lib/python3.8/site-packages/airflow/example_dags/example_datasets.py
[2025-03-05T22:59:14.794+0000] {logging_mixin.py:154} INFO - [2025-03-05T22:59:14.794+0000] {dag.py:2941} INFO - Sync 6 DAGs
[2025-03-05T22:59:14.804+0000] {logging_mixin.py:154} INFO - [2025-03-05T22:59:14.804+0000] {dag.py:3722} INFO - Setting next_dagrun for dataset_consumes_1 to None, run_after=None
[2025-03-05T22:59:14.807+0000] {logging_mixin.py:154} INFO - [2025-03-05T22:59:14.807+0000] {dag.py:3722} INFO - Setting next_dagrun for dataset_consumes_1_and_2 to None, run_after=None
[2025-03-05T22:59:14.809+0000] {logging_mixin.py:154} INFO - [2025-03-05T22:59:14.809+0000] {dag.py:3722} INFO - Setting next_dagrun for dataset_consumes_1_never_scheduled to None, run_after=None
[2025-03-05T22:59:14.809+0000] {logging_mixin.py:154} INFO - [2025-03-05T22:59:14.809+0000] {dag.py:3722} INFO - Setting next_dagrun for dataset_consumes_unknown_never_scheduled to None, run_after=None
[2025-03-05T22:59:14.810+0000] {logging_mixin.py:154} INFO - [2025-03-05T22:59:14.810+0000] {dag.py:3722} INFO - Setting next_dagrun for dataset_produces_1 to 2025-03-04T00:00:00+00:00, run_after=2025-03-05T00:00:00+00:00
[2025-03-05T22:59:14.811+0000] {logging_mixin.py:154} INFO - [2025-03-05T22:59:14.811+0000] {dag.py:3722} INFO - Setting next_dagrun for dataset_produces_2 to None, run_after=None
[2025-03-05T22:59:14.830+0000] {processor.py:179} INFO - Processing /home/airflow/.local/lib/python3.8/site-packages/airflow/example_dags/example_datasets.py took 0.062 seconds
[2025-03-05T22:59:45.304+0000] {processor.py:157} INFO - Started process (PID=8112) to work on /home/airflow/.local/lib/python3.8/site-packages/airflow/example_dags/example_datasets.py
[2025-03-05T22:59:45.305+0000] {processor.py:829} INFO - Processing file /home/airflow/.local/lib/python3.8/site-packages/airflow/example_dags/example_datasets.py for tasks to queue
[2025-03-05T22:59:45.306+0000] {logging_mixin.py:154} INFO - [2025-03-05T22:59:45.306+0000] {dagbag.py:536} INFO - Filling up the DagBag from /home/airflow/.local/lib/python3.8/site-packages/airflow/example_dags/example_datasets.py
[2025-03-05T22:59:45.311+0000] {processor.py:839} INFO - DAG(s) dict_keys(['dataset_consumes_1_and_2', 'dataset_consumes_1_never_scheduled', 'dataset_produces_2', 'dataset_produces_1', 'dataset_consumes_unknown_never_scheduled', 'dataset_consumes_1']) retrieved from /home/airflow/.local/lib/python3.8/site-packages/airflow/example_dags/example_datasets.py
[2025-03-05T22:59:45.327+0000] {logging_mixin.py:154} INFO - [2025-03-05T22:59:45.327+0000] {dag.py:2941} INFO - Sync 6 DAGs
[2025-03-05T22:59:45.337+0000] {logging_mixin.py:154} INFO - [2025-03-05T22:59:45.337+0000] {dag.py:3722} INFO - Setting next_dagrun for dataset_consumes_1 to None, run_after=None
[2025-03-05T22:59:45.338+0000] {logging_mixin.py:154} INFO - [2025-03-05T22:59:45.338+0000] {dag.py:3722} INFO - Setting next_dagrun for dataset_consumes_1_and_2 to None, run_after=None
[2025-03-05T22:59:45.339+0000] {logging_mixin.py:154} INFO - [2025-03-05T22:59:45.339+0000] {dag.py:3722} INFO - Setting next_dagrun for dataset_consumes_1_never_scheduled to None, run_after=None
[2025-03-05T22:59:45.339+0000] {logging_mixin.py:154} INFO - [2025-03-05T22:59:45.339+0000] {dag.py:3722} INFO - Setting next_dagrun for dataset_consumes_unknown_never_scheduled to None, run_after=None
[2025-03-05T22:59:45.340+0000] {logging_mixin.py:154} INFO - [2025-03-05T22:59:45.340+0000] {dag.py:3722} INFO - Setting next_dagrun for dataset_produces_1 to 2025-03-04T00:00:00+00:00, run_after=2025-03-05T00:00:00+00:00
[2025-03-05T22:59:45.341+0000] {logging_mixin.py:154} INFO - [2025-03-05T22:59:45.341+0000] {dag.py:3722} INFO - Setting next_dagrun for dataset_produces_2 to None, run_after=None
[2025-03-05T22:59:45.351+0000] {processor.py:179} INFO - Processing /home/airflow/.local/lib/python3.8/site-packages/airflow/example_dags/example_datasets.py took 0.049 seconds
[2025-03-05T23:00:15.834+0000] {processor.py:157} INFO - Started process (PID=8168) to work on /home/airflow/.local/lib/python3.8/site-packages/airflow/example_dags/example_datasets.py
[2025-03-05T23:00:15.835+0000] {processor.py:829} INFO - Processing file /home/airflow/.local/lib/python3.8/site-packages/airflow/example_dags/example_datasets.py for tasks to queue
[2025-03-05T23:00:15.837+0000] {logging_mixin.py:154} INFO - [2025-03-05T23:00:15.836+0000] {dagbag.py:536} INFO - Filling up the DagBag from /home/airflow/.local/lib/python3.8/site-packages/airflow/example_dags/example_datasets.py
[2025-03-05T23:00:15.842+0000] {processor.py:839} INFO - DAG(s) dict_keys(['dataset_consumes_1', 'dataset_produces_1', 'dataset_consumes_1_never_scheduled', 'dataset_consumes_unknown_never_scheduled', 'dataset_consumes_1_and_2', 'dataset_produces_2']) retrieved from /home/airflow/.local/lib/python3.8/site-packages/airflow/example_dags/example_datasets.py
[2025-03-05T23:00:15.859+0000] {logging_mixin.py:154} INFO - [2025-03-05T23:00:15.859+0000] {dag.py:2941} INFO - Sync 6 DAGs
[2025-03-05T23:00:15.871+0000] {logging_mixin.py:154} INFO - [2025-03-05T23:00:15.871+0000] {dag.py:3722} INFO - Setting next_dagrun for dataset_consumes_1 to None, run_after=None
[2025-03-05T23:00:15.873+0000] {logging_mixin.py:154} INFO - [2025-03-05T23:00:15.873+0000] {dag.py:3722} INFO - Setting next_dagrun for dataset_consumes_1_and_2 to None, run_after=None
[2025-03-05T23:00:15.874+0000] {logging_mixin.py:154} INFO - [2025-03-05T23:00:15.874+0000] {dag.py:3722} INFO - Setting next_dagrun for dataset_consumes_1_never_scheduled to None, run_after=None
[2025-03-05T23:00:15.875+0000] {logging_mixin.py:154} INFO - [2025-03-05T23:00:15.875+0000] {dag.py:3722} INFO - Setting next_dagrun for dataset_consumes_unknown_never_scheduled to None, run_after=None
[2025-03-05T23:00:15.877+0000] {logging_mixin.py:154} INFO - [2025-03-05T23:00:15.877+0000] {dag.py:3722} INFO - Setting next_dagrun for dataset_produces_1 to 2025-03-04T00:00:00+00:00, run_after=2025-03-05T00:00:00+00:00
[2025-03-05T23:00:15.878+0000] {logging_mixin.py:154} INFO - [2025-03-05T23:00:15.878+0000] {dag.py:3722} INFO - Setting next_dagrun for dataset_produces_2 to None, run_after=None
[2025-03-05T23:00:15.896+0000] {processor.py:179} INFO - Processing /home/airflow/.local/lib/python3.8/site-packages/airflow/example_dags/example_datasets.py took 0.065 seconds
[2025-03-05T23:00:46.428+0000] {processor.py:157} INFO - Started process (PID=8224) to work on /home/airflow/.local/lib/python3.8/site-packages/airflow/example_dags/example_datasets.py
[2025-03-05T23:00:46.429+0000] {processor.py:829} INFO - Processing file /home/airflow/.local/lib/python3.8/site-packages/airflow/example_dags/example_datasets.py for tasks to queue
[2025-03-05T23:00:46.430+0000] {logging_mixin.py:154} INFO - [2025-03-05T23:00:46.430+0000] {dagbag.py:536} INFO - Filling up the DagBag from /home/airflow/.local/lib/python3.8/site-packages/airflow/example_dags/example_datasets.py
[2025-03-05T23:00:46.435+0000] {processor.py:839} INFO - DAG(s) dict_keys(['dataset_consumes_1_and_2', 'dataset_consumes_1', 'dataset_produces_1', 'dataset_consumes_unknown_never_scheduled', 'dataset_produces_2', 'dataset_consumes_1_never_scheduled']) retrieved from /home/airflow/.local/lib/python3.8/site-packages/airflow/example_dags/example_datasets.py
[2025-03-05T23:00:46.459+0000] {logging_mixin.py:154} INFO - [2025-03-05T23:00:46.458+0000] {dag.py:2941} INFO - Sync 6 DAGs
[2025-03-05T23:00:46.468+0000] {logging_mixin.py:154} INFO - [2025-03-05T23:00:46.468+0000] {dag.py:3722} INFO - Setting next_dagrun for dataset_consumes_1 to None, run_after=None
[2025-03-05T23:00:46.469+0000] {logging_mixin.py:154} INFO - [2025-03-05T23:00:46.469+0000] {dag.py:3722} INFO - Setting next_dagrun for dataset_consumes_1_and_2 to None, run_after=None
[2025-03-05T23:00:46.470+0000] {logging_mixin.py:154} INFO - [2025-03-05T23:00:46.470+0000] {dag.py:3722} INFO - Setting next_dagrun for dataset_consumes_1_never_scheduled to None, run_after=None
[2025-03-05T23:00:46.471+0000] {logging_mixin.py:154} INFO - [2025-03-05T23:00:46.471+0000] {dag.py:3722} INFO - Setting next_dagrun for dataset_consumes_unknown_never_scheduled to None, run_after=None
[2025-03-05T23:00:46.474+0000] {logging_mixin.py:154} INFO - [2025-03-05T23:00:46.474+0000] {dag.py:3722} INFO - Setting next_dagrun for dataset_produces_1 to 2025-03-04T00:00:00+00:00, run_after=2025-03-05T00:00:00+00:00
[2025-03-05T23:00:46.475+0000] {logging_mixin.py:154} INFO - [2025-03-05T23:00:46.475+0000] {dag.py:3722} INFO - Setting next_dagrun for dataset_produces_2 to None, run_after=None
[2025-03-05T23:00:46.493+0000] {processor.py:179} INFO - Processing /home/airflow/.local/lib/python3.8/site-packages/airflow/example_dags/example_datasets.py took 0.067 seconds
[2025-03-05T23:01:16.969+0000] {processor.py:157} INFO - Started process (PID=8280) to work on /home/airflow/.local/lib/python3.8/site-packages/airflow/example_dags/example_datasets.py
[2025-03-05T23:01:16.970+0000] {processor.py:829} INFO - Processing file /home/airflow/.local/lib/python3.8/site-packages/airflow/example_dags/example_datasets.py for tasks to queue
[2025-03-05T23:01:16.971+0000] {logging_mixin.py:154} INFO - [2025-03-05T23:01:16.971+0000] {dagbag.py:536} INFO - Filling up the DagBag from /home/airflow/.local/lib/python3.8/site-packages/airflow/example_dags/example_datasets.py
[2025-03-05T23:01:16.976+0000] {processor.py:839} INFO - DAG(s) dict_keys(['dataset_produces_2', 'dataset_consumes_unknown_never_scheduled', 'dataset_produces_1', 'dataset_consumes_1', 'dataset_consumes_1_and_2', 'dataset_consumes_1_never_scheduled']) retrieved from /home/airflow/.local/lib/python3.8/site-packages/airflow/example_dags/example_datasets.py
[2025-03-05T23:01:16.990+0000] {logging_mixin.py:154} INFO - [2025-03-05T23:01:16.990+0000] {dag.py:2941} INFO - Sync 6 DAGs
[2025-03-05T23:01:17.000+0000] {logging_mixin.py:154} INFO - [2025-03-05T23:01:17.000+0000] {dag.py:3722} INFO - Setting next_dagrun for dataset_consumes_1 to None, run_after=None
[2025-03-05T23:01:17.002+0000] {logging_mixin.py:154} INFO - [2025-03-05T23:01:17.002+0000] {dag.py:3722} INFO - Setting next_dagrun for dataset_consumes_1_and_2 to None, run_after=None
[2025-03-05T23:01:17.003+0000] {logging_mixin.py:154} INFO - [2025-03-05T23:01:17.003+0000] {dag.py:3722} INFO - Setting next_dagrun for dataset_consumes_1_never_scheduled to None, run_after=None
[2025-03-05T23:01:17.003+0000] {logging_mixin.py:154} INFO - [2025-03-05T23:01:17.003+0000] {dag.py:3722} INFO - Setting next_dagrun for dataset_consumes_unknown_never_scheduled to None, run_after=None
[2025-03-05T23:01:17.005+0000] {logging_mixin.py:154} INFO - [2025-03-05T23:01:17.005+0000] {dag.py:3722} INFO - Setting next_dagrun for dataset_produces_1 to 2025-03-04T00:00:00+00:00, run_after=2025-03-05T00:00:00+00:00
[2025-03-05T23:01:17.006+0000] {logging_mixin.py:154} INFO - [2025-03-05T23:01:17.006+0000] {dag.py:3722} INFO - Setting next_dagrun for dataset_produces_2 to None, run_after=None
[2025-03-05T23:01:17.017+0000] {processor.py:179} INFO - Processing /home/airflow/.local/lib/python3.8/site-packages/airflow/example_dags/example_datasets.py took 0.050 seconds
[2025-03-05T23:01:47.484+0000] {processor.py:157} INFO - Started process (PID=8336) to work on /home/airflow/.local/lib/python3.8/site-packages/airflow/example_dags/example_datasets.py
[2025-03-05T23:01:47.484+0000] {processor.py:829} INFO - Processing file /home/airflow/.local/lib/python3.8/site-packages/airflow/example_dags/example_datasets.py for tasks to queue
[2025-03-05T23:01:47.485+0000] {logging_mixin.py:154} INFO - [2025-03-05T23:01:47.485+0000] {dagbag.py:536} INFO - Filling up the DagBag from /home/airflow/.local/lib/python3.8/site-packages/airflow/example_dags/example_datasets.py
[2025-03-05T23:01:47.489+0000] {processor.py:839} INFO - DAG(s) dict_keys(['dataset_consumes_1', 'dataset_produces_2', 'dataset_consumes_1_never_scheduled', 'dataset_consumes_unknown_never_scheduled', 'dataset_produces_1', 'dataset_consumes_1_and_2']) retrieved from /home/airflow/.local/lib/python3.8/site-packages/airflow/example_dags/example_datasets.py
[2025-03-05T23:01:47.502+0000] {logging_mixin.py:154} INFO - [2025-03-05T23:01:47.502+0000] {dag.py:2941} INFO - Sync 6 DAGs
[2025-03-05T23:01:47.510+0000] {logging_mixin.py:154} INFO - [2025-03-05T23:01:47.510+0000] {dag.py:3722} INFO - Setting next_dagrun for dataset_consumes_1 to None, run_after=None
[2025-03-05T23:01:47.511+0000] {logging_mixin.py:154} INFO - [2025-03-05T23:01:47.511+0000] {dag.py:3722} INFO - Setting next_dagrun for dataset_consumes_1_and_2 to None, run_after=None
[2025-03-05T23:01:47.512+0000] {logging_mixin.py:154} INFO - [2025-03-05T23:01:47.511+0000] {dag.py:3722} INFO - Setting next_dagrun for dataset_consumes_1_never_scheduled to None, run_after=None
[2025-03-05T23:01:47.512+0000] {logging_mixin.py:154} INFO - [2025-03-05T23:01:47.512+0000] {dag.py:3722} INFO - Setting next_dagrun for dataset_consumes_unknown_never_scheduled to None, run_after=None
[2025-03-05T23:01:47.513+0000] {logging_mixin.py:154} INFO - [2025-03-05T23:01:47.513+0000] {dag.py:3722} INFO - Setting next_dagrun for dataset_produces_1 to 2025-03-04T00:00:00+00:00, run_after=2025-03-05T00:00:00+00:00
[2025-03-05T23:01:47.513+0000] {logging_mixin.py:154} INFO - [2025-03-05T23:01:47.513+0000] {dag.py:3722} INFO - Setting next_dagrun for dataset_produces_2 to None, run_after=None
[2025-03-05T23:01:47.523+0000] {processor.py:179} INFO - Processing /home/airflow/.local/lib/python3.8/site-packages/airflow/example_dags/example_datasets.py took 0.040 seconds
[2025-03-05T23:02:18.000+0000] {processor.py:157} INFO - Started process (PID=8392) to work on /home/airflow/.local/lib/python3.8/site-packages/airflow/example_dags/example_datasets.py
[2025-03-05T23:02:18.001+0000] {processor.py:829} INFO - Processing file /home/airflow/.local/lib/python3.8/site-packages/airflow/example_dags/example_datasets.py for tasks to queue
[2025-03-05T23:02:18.003+0000] {logging_mixin.py:154} INFO - [2025-03-05T23:02:18.003+0000] {dagbag.py:536} INFO - Filling up the DagBag from /home/airflow/.local/lib/python3.8/site-packages/airflow/example_dags/example_datasets.py
[2025-03-05T23:02:18.008+0000] {processor.py:839} INFO - DAG(s) dict_keys(['dataset_produces_1', 'dataset_produces_2', 'dataset_consumes_unknown_never_scheduled', 'dataset_consumes_1', 'dataset_consumes_1_and_2', 'dataset_consumes_1_never_scheduled']) retrieved from /home/airflow/.local/lib/python3.8/site-packages/airflow/example_dags/example_datasets.py
[2025-03-05T23:02:18.022+0000] {logging_mixin.py:154} INFO - [2025-03-05T23:02:18.022+0000] {dag.py:2941} INFO - Sync 6 DAGs
[2025-03-05T23:02:18.032+0000] {logging_mixin.py:154} INFO - [2025-03-05T23:02:18.032+0000] {dag.py:3722} INFO - Setting next_dagrun for dataset_consumes_1 to None, run_after=None
[2025-03-05T23:02:18.033+0000] {logging_mixin.py:154} INFO - [2025-03-05T23:02:18.033+0000] {dag.py:3722} INFO - Setting next_dagrun for dataset_consumes_1_and_2 to None, run_after=None
[2025-03-05T23:02:18.033+0000] {logging_mixin.py:154} INFO - [2025-03-05T23:02:18.033+0000] {dag.py:3722} INFO - Setting next_dagrun for dataset_consumes_1_never_scheduled to None, run_after=None
[2025-03-05T23:02:18.035+0000] {logging_mixin.py:154} INFO - [2025-03-05T23:02:18.034+0000] {dag.py:3722} INFO - Setting next_dagrun for dataset_consumes_unknown_never_scheduled to None, run_after=None
[2025-03-05T23:02:18.035+0000] {logging_mixin.py:154} INFO - [2025-03-05T23:02:18.035+0000] {dag.py:3722} INFO - Setting next_dagrun for dataset_produces_1 to 2025-03-04T00:00:00+00:00, run_after=2025-03-05T00:00:00+00:00
[2025-03-05T23:02:18.036+0000] {logging_mixin.py:154} INFO - [2025-03-05T23:02:18.036+0000] {dag.py:3722} INFO - Setting next_dagrun for dataset_produces_2 to None, run_after=None
[2025-03-05T23:02:18.049+0000] {processor.py:179} INFO - Processing /home/airflow/.local/lib/python3.8/site-packages/airflow/example_dags/example_datasets.py took 0.050 seconds
[2025-03-05T23:02:48.591+0000] {processor.py:157} INFO - Started process (PID=8448) to work on /home/airflow/.local/lib/python3.8/site-packages/airflow/example_dags/example_datasets.py
[2025-03-05T23:02:48.591+0000] {processor.py:829} INFO - Processing file /home/airflow/.local/lib/python3.8/site-packages/airflow/example_dags/example_datasets.py for tasks to queue
[2025-03-05T23:02:48.592+0000] {logging_mixin.py:154} INFO - [2025-03-05T23:02:48.592+0000] {dagbag.py:536} INFO - Filling up the DagBag from /home/airflow/.local/lib/python3.8/site-packages/airflow/example_dags/example_datasets.py
[2025-03-05T23:02:48.597+0000] {processor.py:839} INFO - DAG(s) dict_keys(['dataset_consumes_1_never_scheduled', 'dataset_consumes_1_and_2', 'dataset_consumes_1', 'dataset_produces_2', 'dataset_produces_1', 'dataset_consumes_unknown_never_scheduled']) retrieved from /home/airflow/.local/lib/python3.8/site-packages/airflow/example_dags/example_datasets.py
[2025-03-05T23:02:48.615+0000] {logging_mixin.py:154} INFO - [2025-03-05T23:02:48.615+0000] {dag.py:2941} INFO - Sync 6 DAGs
[2025-03-05T23:02:48.623+0000] {logging_mixin.py:154} INFO - [2025-03-05T23:02:48.623+0000] {dag.py:3722} INFO - Setting next_dagrun for dataset_consumes_1 to None, run_after=None
[2025-03-05T23:02:48.625+0000] {logging_mixin.py:154} INFO - [2025-03-05T23:02:48.625+0000] {dag.py:3722} INFO - Setting next_dagrun for dataset_consumes_1_and_2 to None, run_after=None
[2025-03-05T23:02:48.625+0000] {logging_mixin.py:154} INFO - [2025-03-05T23:02:48.625+0000] {dag.py:3722} INFO - Setting next_dagrun for dataset_consumes_1_never_scheduled to None, run_after=None
[2025-03-05T23:02:48.626+0000] {logging_mixin.py:154} INFO - [2025-03-05T23:02:48.625+0000] {dag.py:3722} INFO - Setting next_dagrun for dataset_consumes_unknown_never_scheduled to None, run_after=None
[2025-03-05T23:02:48.627+0000] {logging_mixin.py:154} INFO - [2025-03-05T23:02:48.627+0000] {dag.py:3722} INFO - Setting next_dagrun for dataset_produces_1 to 2025-03-04T00:00:00+00:00, run_after=2025-03-05T00:00:00+00:00
[2025-03-05T23:02:48.627+0000] {logging_mixin.py:154} INFO - [2025-03-05T23:02:48.627+0000] {dag.py:3722} INFO - Setting next_dagrun for dataset_produces_2 to None, run_after=None
[2025-03-05T23:02:48.638+0000] {processor.py:179} INFO - Processing /home/airflow/.local/lib/python3.8/site-packages/airflow/example_dags/example_datasets.py took 0.048 seconds
[2025-03-05T23:03:19.198+0000] {processor.py:157} INFO - Started process (PID=8504) to work on /home/airflow/.local/lib/python3.8/site-packages/airflow/example_dags/example_datasets.py
[2025-03-05T23:03:19.199+0000] {processor.py:829} INFO - Processing file /home/airflow/.local/lib/python3.8/site-packages/airflow/example_dags/example_datasets.py for tasks to queue
[2025-03-05T23:03:19.200+0000] {logging_mixin.py:154} INFO - [2025-03-05T23:03:19.199+0000] {dagbag.py:536} INFO - Filling up the DagBag from /home/airflow/.local/lib/python3.8/site-packages/airflow/example_dags/example_datasets.py
[2025-03-05T23:03:19.205+0000] {processor.py:839} INFO - DAG(s) dict_keys(['dataset_produces_2', 'dataset_consumes_1_never_scheduled', 'dataset_consumes_1_and_2', 'dataset_consumes_1', 'dataset_consumes_unknown_never_scheduled', 'dataset_produces_1']) retrieved from /home/airflow/.local/lib/python3.8/site-packages/airflow/example_dags/example_datasets.py
[2025-03-05T23:03:19.219+0000] {logging_mixin.py:154} INFO - [2025-03-05T23:03:19.219+0000] {dag.py:2941} INFO - Sync 6 DAGs
[2025-03-05T23:03:19.229+0000] {logging_mixin.py:154} INFO - [2025-03-05T23:03:19.229+0000] {dag.py:3722} INFO - Setting next_dagrun for dataset_consumes_1 to None, run_after=None
[2025-03-05T23:03:19.231+0000] {logging_mixin.py:154} INFO - [2025-03-05T23:03:19.231+0000] {dag.py:3722} INFO - Setting next_dagrun for dataset_consumes_1_and_2 to None, run_after=None
[2025-03-05T23:03:19.232+0000] {logging_mixin.py:154} INFO - [2025-03-05T23:03:19.232+0000] {dag.py:3722} INFO - Setting next_dagrun for dataset_consumes_1_never_scheduled to None, run_after=None
[2025-03-05T23:03:19.232+0000] {logging_mixin.py:154} INFO - [2025-03-05T23:03:19.232+0000] {dag.py:3722} INFO - Setting next_dagrun for dataset_consumes_unknown_never_scheduled to None, run_after=None
[2025-03-05T23:03:19.234+0000] {logging_mixin.py:154} INFO - [2025-03-05T23:03:19.234+0000] {dag.py:3722} INFO - Setting next_dagrun for dataset_produces_1 to 2025-03-04T00:00:00+00:00, run_after=2025-03-05T00:00:00+00:00
[2025-03-05T23:03:19.235+0000] {logging_mixin.py:154} INFO - [2025-03-05T23:03:19.235+0000] {dag.py:3722} INFO - Setting next_dagrun for dataset_produces_2 to None, run_after=None
[2025-03-05T23:03:19.247+0000] {processor.py:179} INFO - Processing /home/airflow/.local/lib/python3.8/site-packages/airflow/example_dags/example_datasets.py took 0.050 seconds
[2025-03-05T23:03:49.762+0000] {processor.py:157} INFO - Started process (PID=8560) to work on /home/airflow/.local/lib/python3.8/site-packages/airflow/example_dags/example_datasets.py
[2025-03-05T23:03:49.763+0000] {processor.py:829} INFO - Processing file /home/airflow/.local/lib/python3.8/site-packages/airflow/example_dags/example_datasets.py for tasks to queue
[2025-03-05T23:03:49.765+0000] {logging_mixin.py:154} INFO - [2025-03-05T23:03:49.765+0000] {dagbag.py:536} INFO - Filling up the DagBag from /home/airflow/.local/lib/python3.8/site-packages/airflow/example_dags/example_datasets.py
[2025-03-05T23:03:49.771+0000] {processor.py:839} INFO - DAG(s) dict_keys(['dataset_consumes_1_and_2', 'dataset_consumes_1', 'dataset_produces_2', 'dataset_produces_1', 'dataset_consumes_unknown_never_scheduled', 'dataset_consumes_1_never_scheduled']) retrieved from /home/airflow/.local/lib/python3.8/site-packages/airflow/example_dags/example_datasets.py
[2025-03-05T23:03:49.793+0000] {logging_mixin.py:154} INFO - [2025-03-05T23:03:49.793+0000] {dag.py:2941} INFO - Sync 6 DAGs
[2025-03-05T23:03:49.802+0000] {logging_mixin.py:154} INFO - [2025-03-05T23:03:49.802+0000] {dag.py:3722} INFO - Setting next_dagrun for dataset_consumes_1 to None, run_after=None
[2025-03-05T23:03:49.804+0000] {logging_mixin.py:154} INFO - [2025-03-05T23:03:49.804+0000] {dag.py:3722} INFO - Setting next_dagrun for dataset_consumes_1_and_2 to None, run_after=None
[2025-03-05T23:03:49.806+0000] {logging_mixin.py:154} INFO - [2025-03-05T23:03:49.806+0000] {dag.py:3722} INFO - Setting next_dagrun for dataset_consumes_1_never_scheduled to None, run_after=None
[2025-03-05T23:03:49.807+0000] {logging_mixin.py:154} INFO - [2025-03-05T23:03:49.807+0000] {dag.py:3722} INFO - Setting next_dagrun for dataset_consumes_unknown_never_scheduled to None, run_after=None
[2025-03-05T23:03:49.808+0000] {logging_mixin.py:154} INFO - [2025-03-05T23:03:49.808+0000] {dag.py:3722} INFO - Setting next_dagrun for dataset_produces_1 to 2025-03-04T00:00:00+00:00, run_after=2025-03-05T00:00:00+00:00
[2025-03-05T23:03:49.809+0000] {logging_mixin.py:154} INFO - [2025-03-05T23:03:49.809+0000] {dag.py:3722} INFO - Setting next_dagrun for dataset_produces_2 to None, run_after=None
[2025-03-05T23:03:49.830+0000] {processor.py:179} INFO - Processing /home/airflow/.local/lib/python3.8/site-packages/airflow/example_dags/example_datasets.py took 0.069 seconds
[2025-03-05T23:04:20.368+0000] {processor.py:157} INFO - Started process (PID=8616) to work on /home/airflow/.local/lib/python3.8/site-packages/airflow/example_dags/example_datasets.py
[2025-03-05T23:04:20.368+0000] {processor.py:829} INFO - Processing file /home/airflow/.local/lib/python3.8/site-packages/airflow/example_dags/example_datasets.py for tasks to queue
[2025-03-05T23:04:20.370+0000] {logging_mixin.py:154} INFO - [2025-03-05T23:04:20.370+0000] {dagbag.py:536} INFO - Filling up the DagBag from /home/airflow/.local/lib/python3.8/site-packages/airflow/example_dags/example_datasets.py
[2025-03-05T23:04:20.375+0000] {processor.py:839} INFO - DAG(s) dict_keys(['dataset_produces_2', 'dataset_consumes_1', 'dataset_produces_1', 'dataset_consumes_unknown_never_scheduled', 'dataset_consumes_1_never_scheduled', 'dataset_consumes_1_and_2']) retrieved from /home/airflow/.local/lib/python3.8/site-packages/airflow/example_dags/example_datasets.py
[2025-03-05T23:04:20.397+0000] {logging_mixin.py:154} INFO - [2025-03-05T23:04:20.397+0000] {dag.py:2941} INFO - Sync 6 DAGs
[2025-03-05T23:04:20.408+0000] {logging_mixin.py:154} INFO - [2025-03-05T23:04:20.408+0000] {dag.py:3722} INFO - Setting next_dagrun for dataset_consumes_1 to None, run_after=None
[2025-03-05T23:04:20.410+0000] {logging_mixin.py:154} INFO - [2025-03-05T23:04:20.410+0000] {dag.py:3722} INFO - Setting next_dagrun for dataset_consumes_1_and_2 to None, run_after=None
[2025-03-05T23:04:20.410+0000] {logging_mixin.py:154} INFO - [2025-03-05T23:04:20.410+0000] {dag.py:3722} INFO - Setting next_dagrun for dataset_consumes_1_never_scheduled to None, run_after=None
[2025-03-05T23:04:20.411+0000] {logging_mixin.py:154} INFO - [2025-03-05T23:04:20.411+0000] {dag.py:3722} INFO - Setting next_dagrun for dataset_consumes_unknown_never_scheduled to None, run_after=None
[2025-03-05T23:04:20.412+0000] {logging_mixin.py:154} INFO - [2025-03-05T23:04:20.412+0000] {dag.py:3722} INFO - Setting next_dagrun for dataset_produces_1 to 2025-03-04T00:00:00+00:00, run_after=2025-03-05T00:00:00+00:00
[2025-03-05T23:04:20.413+0000] {logging_mixin.py:154} INFO - [2025-03-05T23:04:20.413+0000] {dag.py:3722} INFO - Setting next_dagrun for dataset_produces_2 to None, run_after=None
[2025-03-05T23:04:20.426+0000] {processor.py:179} INFO - Processing /home/airflow/.local/lib/python3.8/site-packages/airflow/example_dags/example_datasets.py took 0.060 seconds
[2025-03-05T23:04:50.872+0000] {processor.py:157} INFO - Started process (PID=8672) to work on /home/airflow/.local/lib/python3.8/site-packages/airflow/example_dags/example_datasets.py
[2025-03-05T23:04:50.874+0000] {processor.py:829} INFO - Processing file /home/airflow/.local/lib/python3.8/site-packages/airflow/example_dags/example_datasets.py for tasks to queue
[2025-03-05T23:04:50.875+0000] {logging_mixin.py:154} INFO - [2025-03-05T23:04:50.875+0000] {dagbag.py:536} INFO - Filling up the DagBag from /home/airflow/.local/lib/python3.8/site-packages/airflow/example_dags/example_datasets.py
[2025-03-05T23:04:50.880+0000] {processor.py:839} INFO - DAG(s) dict_keys(['dataset_produces_2', 'dataset_consumes_1', 'dataset_produces_1', 'dataset_consumes_unknown_never_scheduled', 'dataset_consumes_1_never_scheduled', 'dataset_consumes_1_and_2']) retrieved from /home/airflow/.local/lib/python3.8/site-packages/airflow/example_dags/example_datasets.py
[2025-03-05T23:04:50.893+0000] {logging_mixin.py:154} INFO - [2025-03-05T23:04:50.893+0000] {dag.py:2941} INFO - Sync 6 DAGs
[2025-03-05T23:04:50.903+0000] {logging_mixin.py:154} INFO - [2025-03-05T23:04:50.903+0000] {dag.py:3722} INFO - Setting next_dagrun for dataset_consumes_1 to None, run_after=None
[2025-03-05T23:04:50.905+0000] {logging_mixin.py:154} INFO - [2025-03-05T23:04:50.905+0000] {dag.py:3722} INFO - Setting next_dagrun for dataset_consumes_1_and_2 to None, run_after=None
[2025-03-05T23:04:50.906+0000] {logging_mixin.py:154} INFO - [2025-03-05T23:04:50.906+0000] {dag.py:3722} INFO - Setting next_dagrun for dataset_consumes_1_never_scheduled to None, run_after=None
[2025-03-05T23:04:50.907+0000] {logging_mixin.py:154} INFO - [2025-03-05T23:04:50.907+0000] {dag.py:3722} INFO - Setting next_dagrun for dataset_consumes_unknown_never_scheduled to None, run_after=None
[2025-03-05T23:04:50.908+0000] {logging_mixin.py:154} INFO - [2025-03-05T23:04:50.908+0000] {dag.py:3722} INFO - Setting next_dagrun for dataset_produces_1 to 2025-03-04T00:00:00+00:00, run_after=2025-03-05T00:00:00+00:00
[2025-03-05T23:04:50.909+0000] {logging_mixin.py:154} INFO - [2025-03-05T23:04:50.909+0000] {dag.py:3722} INFO - Setting next_dagrun for dataset_produces_2 to None, run_after=None
[2025-03-05T23:04:50.921+0000] {processor.py:179} INFO - Processing /home/airflow/.local/lib/python3.8/site-packages/airflow/example_dags/example_datasets.py took 0.050 seconds
[2025-03-05T23:05:21.481+0000] {processor.py:157} INFO - Started process (PID=8728) to work on /home/airflow/.local/lib/python3.8/site-packages/airflow/example_dags/example_datasets.py
[2025-03-05T23:05:21.481+0000] {processor.py:829} INFO - Processing file /home/airflow/.local/lib/python3.8/site-packages/airflow/example_dags/example_datasets.py for tasks to queue
[2025-03-05T23:05:21.483+0000] {logging_mixin.py:154} INFO - [2025-03-05T23:05:21.483+0000] {dagbag.py:536} INFO - Filling up the DagBag from /home/airflow/.local/lib/python3.8/site-packages/airflow/example_dags/example_datasets.py
[2025-03-05T23:05:21.489+0000] {processor.py:839} INFO - DAG(s) dict_keys(['dataset_consumes_1_never_scheduled', 'dataset_produces_2', 'dataset_consumes_1', 'dataset_produces_1', 'dataset_consumes_unknown_never_scheduled', 'dataset_consumes_1_and_2']) retrieved from /home/airflow/.local/lib/python3.8/site-packages/airflow/example_dags/example_datasets.py
[2025-03-05T23:05:21.505+0000] {logging_mixin.py:154} INFO - [2025-03-05T23:05:21.505+0000] {dag.py:2941} INFO - Sync 6 DAGs
[2025-03-05T23:05:21.515+0000] {logging_mixin.py:154} INFO - [2025-03-05T23:05:21.514+0000] {dag.py:3722} INFO - Setting next_dagrun for dataset_consumes_1 to None, run_after=None
[2025-03-05T23:05:21.516+0000] {logging_mixin.py:154} INFO - [2025-03-05T23:05:21.516+0000] {dag.py:3722} INFO - Setting next_dagrun for dataset_consumes_1_and_2 to None, run_after=None
[2025-03-05T23:05:21.517+0000] {logging_mixin.py:154} INFO - [2025-03-05T23:05:21.517+0000] {dag.py:3722} INFO - Setting next_dagrun for dataset_consumes_1_never_scheduled to None, run_after=None
[2025-03-05T23:05:21.520+0000] {logging_mixin.py:154} INFO - [2025-03-05T23:05:21.520+0000] {dag.py:3722} INFO - Setting next_dagrun for dataset_consumes_unknown_never_scheduled to None, run_after=None
[2025-03-05T23:05:21.521+0000] {logging_mixin.py:154} INFO - [2025-03-05T23:05:21.521+0000] {dag.py:3722} INFO - Setting next_dagrun for dataset_produces_1 to 2025-03-04T00:00:00+00:00, run_after=2025-03-05T00:00:00+00:00
[2025-03-05T23:05:21.523+0000] {logging_mixin.py:154} INFO - [2025-03-05T23:05:21.523+0000] {dag.py:3722} INFO - Setting next_dagrun for dataset_produces_2 to None, run_after=None
[2025-03-05T23:05:21.538+0000] {processor.py:179} INFO - Processing /home/airflow/.local/lib/python3.8/site-packages/airflow/example_dags/example_datasets.py took 0.058 seconds
[2025-03-05T23:05:52.076+0000] {processor.py:157} INFO - Started process (PID=8784) to work on /home/airflow/.local/lib/python3.8/site-packages/airflow/example_dags/example_datasets.py
[2025-03-05T23:05:52.077+0000] {processor.py:829} INFO - Processing file /home/airflow/.local/lib/python3.8/site-packages/airflow/example_dags/example_datasets.py for tasks to queue
[2025-03-05T23:05:52.079+0000] {logging_mixin.py:154} INFO - [2025-03-05T23:05:52.079+0000] {dagbag.py:536} INFO - Filling up the DagBag from /home/airflow/.local/lib/python3.8/site-packages/airflow/example_dags/example_datasets.py
[2025-03-05T23:05:52.085+0000] {processor.py:839} INFO - DAG(s) dict_keys(['dataset_consumes_1', 'dataset_consumes_unknown_never_scheduled', 'dataset_consumes_1_never_scheduled', 'dataset_produces_1', 'dataset_produces_2', 'dataset_consumes_1_and_2']) retrieved from /home/airflow/.local/lib/python3.8/site-packages/airflow/example_dags/example_datasets.py
[2025-03-05T23:05:52.099+0000] {logging_mixin.py:154} INFO - [2025-03-05T23:05:52.099+0000] {dag.py:2941} INFO - Sync 6 DAGs
[2025-03-05T23:05:52.111+0000] {logging_mixin.py:154} INFO - [2025-03-05T23:05:52.111+0000] {dag.py:3722} INFO - Setting next_dagrun for dataset_consumes_1 to None, run_after=None
[2025-03-05T23:05:52.113+0000] {logging_mixin.py:154} INFO - [2025-03-05T23:05:52.113+0000] {dag.py:3722} INFO - Setting next_dagrun for dataset_consumes_1_and_2 to None, run_after=None
[2025-03-05T23:05:52.114+0000] {logging_mixin.py:154} INFO - [2025-03-05T23:05:52.114+0000] {dag.py:3722} INFO - Setting next_dagrun for dataset_consumes_1_never_scheduled to None, run_after=None
[2025-03-05T23:05:52.114+0000] {logging_mixin.py:154} INFO - [2025-03-05T23:05:52.114+0000] {dag.py:3722} INFO - Setting next_dagrun for dataset_consumes_unknown_never_scheduled to None, run_after=None
[2025-03-05T23:05:52.116+0000] {logging_mixin.py:154} INFO - [2025-03-05T23:05:52.116+0000] {dag.py:3722} INFO - Setting next_dagrun for dataset_produces_1 to 2025-03-04T00:00:00+00:00, run_after=2025-03-05T00:00:00+00:00
[2025-03-05T23:05:52.116+0000] {logging_mixin.py:154} INFO - [2025-03-05T23:05:52.116+0000] {dag.py:3722} INFO - Setting next_dagrun for dataset_produces_2 to None, run_after=None
[2025-03-05T23:05:52.130+0000] {processor.py:179} INFO - Processing /home/airflow/.local/lib/python3.8/site-packages/airflow/example_dags/example_datasets.py took 0.055 seconds
[2025-03-05T23:06:22.721+0000] {processor.py:157} INFO - Started process (PID=8840) to work on /home/airflow/.local/lib/python3.8/site-packages/airflow/example_dags/example_datasets.py
[2025-03-05T23:06:22.722+0000] {processor.py:829} INFO - Processing file /home/airflow/.local/lib/python3.8/site-packages/airflow/example_dags/example_datasets.py for tasks to queue
[2025-03-05T23:06:22.722+0000] {logging_mixin.py:154} INFO - [2025-03-05T23:06:22.722+0000] {dagbag.py:536} INFO - Filling up the DagBag from /home/airflow/.local/lib/python3.8/site-packages/airflow/example_dags/example_datasets.py
[2025-03-05T23:06:22.727+0000] {processor.py:839} INFO - DAG(s) dict_keys(['dataset_consumes_unknown_never_scheduled', 'dataset_consumes_1_and_2', 'dataset_consumes_1_never_scheduled', 'dataset_produces_2', 'dataset_consumes_1', 'dataset_produces_1']) retrieved from /home/airflow/.local/lib/python3.8/site-packages/airflow/example_dags/example_datasets.py
[2025-03-05T23:06:22.739+0000] {logging_mixin.py:154} INFO - [2025-03-05T23:06:22.739+0000] {dag.py:2941} INFO - Sync 6 DAGs
[2025-03-05T23:06:22.747+0000] {logging_mixin.py:154} INFO - [2025-03-05T23:06:22.747+0000] {dag.py:3722} INFO - Setting next_dagrun for dataset_consumes_1 to None, run_after=None
[2025-03-05T23:06:22.748+0000] {logging_mixin.py:154} INFO - [2025-03-05T23:06:22.748+0000] {dag.py:3722} INFO - Setting next_dagrun for dataset_consumes_1_and_2 to None, run_after=None
[2025-03-05T23:06:22.749+0000] {logging_mixin.py:154} INFO - [2025-03-05T23:06:22.749+0000] {dag.py:3722} INFO - Setting next_dagrun for dataset_consumes_1_never_scheduled to None, run_after=None
[2025-03-05T23:06:22.749+0000] {logging_mixin.py:154} INFO - [2025-03-05T23:06:22.749+0000] {dag.py:3722} INFO - Setting next_dagrun for dataset_consumes_unknown_never_scheduled to None, run_after=None
[2025-03-05T23:06:22.750+0000] {logging_mixin.py:154} INFO - [2025-03-05T23:06:22.750+0000] {dag.py:3722} INFO - Setting next_dagrun for dataset_produces_1 to 2025-03-04T00:00:00+00:00, run_after=2025-03-05T00:00:00+00:00
[2025-03-05T23:06:22.750+0000] {logging_mixin.py:154} INFO - [2025-03-05T23:06:22.750+0000] {dag.py:3722} INFO - Setting next_dagrun for dataset_produces_2 to None, run_after=None
[2025-03-05T23:06:22.761+0000] {processor.py:179} INFO - Processing /home/airflow/.local/lib/python3.8/site-packages/airflow/example_dags/example_datasets.py took 0.041 seconds
[2025-03-05T23:06:53.487+0000] {processor.py:157} INFO - Started process (PID=8896) to work on /home/airflow/.local/lib/python3.8/site-packages/airflow/example_dags/example_datasets.py
[2025-03-05T23:06:53.487+0000] {processor.py:829} INFO - Processing file /home/airflow/.local/lib/python3.8/site-packages/airflow/example_dags/example_datasets.py for tasks to queue
[2025-03-05T23:06:53.488+0000] {logging_mixin.py:154} INFO - [2025-03-05T23:06:53.488+0000] {dagbag.py:536} INFO - Filling up the DagBag from /home/airflow/.local/lib/python3.8/site-packages/airflow/example_dags/example_datasets.py
[2025-03-05T23:06:53.493+0000] {processor.py:839} INFO - DAG(s) dict_keys(['dataset_consumes_unknown_never_scheduled', 'dataset_consumes_1', 'dataset_produces_2', 'dataset_consumes_1_and_2', 'dataset_produces_1', 'dataset_consumes_1_never_scheduled']) retrieved from /home/airflow/.local/lib/python3.8/site-packages/airflow/example_dags/example_datasets.py
[2025-03-05T23:06:53.506+0000] {logging_mixin.py:154} INFO - [2025-03-05T23:06:53.506+0000] {dag.py:2941} INFO - Sync 6 DAGs
[2025-03-05T23:06:53.514+0000] {logging_mixin.py:154} INFO - [2025-03-05T23:06:53.514+0000] {dag.py:3722} INFO - Setting next_dagrun for dataset_consumes_1 to None, run_after=None
[2025-03-05T23:06:53.515+0000] {logging_mixin.py:154} INFO - [2025-03-05T23:06:53.515+0000] {dag.py:3722} INFO - Setting next_dagrun for dataset_consumes_1_and_2 to None, run_after=None
[2025-03-05T23:06:53.515+0000] {logging_mixin.py:154} INFO - [2025-03-05T23:06:53.515+0000] {dag.py:3722} INFO - Setting next_dagrun for dataset_consumes_1_never_scheduled to None, run_after=None
[2025-03-05T23:06:53.516+0000] {logging_mixin.py:154} INFO - [2025-03-05T23:06:53.516+0000] {dag.py:3722} INFO - Setting next_dagrun for dataset_consumes_unknown_never_scheduled to None, run_after=None
[2025-03-05T23:06:53.517+0000] {logging_mixin.py:154} INFO - [2025-03-05T23:06:53.517+0000] {dag.py:3722} INFO - Setting next_dagrun for dataset_produces_1 to 2025-03-04T00:00:00+00:00, run_after=2025-03-05T00:00:00+00:00
[2025-03-05T23:06:53.517+0000] {logging_mixin.py:154} INFO - [2025-03-05T23:06:53.517+0000] {dag.py:3722} INFO - Setting next_dagrun for dataset_produces_2 to None, run_after=None
[2025-03-05T23:06:53.527+0000] {processor.py:179} INFO - Processing /home/airflow/.local/lib/python3.8/site-packages/airflow/example_dags/example_datasets.py took 0.042 seconds
[2025-03-05T23:07:23.992+0000] {processor.py:157} INFO - Started process (PID=8952) to work on /home/airflow/.local/lib/python3.8/site-packages/airflow/example_dags/example_datasets.py
[2025-03-05T23:07:23.992+0000] {processor.py:829} INFO - Processing file /home/airflow/.local/lib/python3.8/site-packages/airflow/example_dags/example_datasets.py for tasks to queue
[2025-03-05T23:07:23.993+0000] {logging_mixin.py:154} INFO - [2025-03-05T23:07:23.993+0000] {dagbag.py:536} INFO - Filling up the DagBag from /home/airflow/.local/lib/python3.8/site-packages/airflow/example_dags/example_datasets.py
[2025-03-05T23:07:23.998+0000] {processor.py:839} INFO - DAG(s) dict_keys(['dataset_produces_1', 'dataset_consumes_1', 'dataset_consumes_unknown_never_scheduled', 'dataset_consumes_1_and_2', 'dataset_consumes_1_never_scheduled', 'dataset_produces_2']) retrieved from /home/airflow/.local/lib/python3.8/site-packages/airflow/example_dags/example_datasets.py
[2025-03-05T23:07:24.013+0000] {logging_mixin.py:154} INFO - [2025-03-05T23:07:24.013+0000] {dag.py:2941} INFO - Sync 6 DAGs
[2025-03-05T23:07:24.022+0000] {logging_mixin.py:154} INFO - [2025-03-05T23:07:24.022+0000] {dag.py:3722} INFO - Setting next_dagrun for dataset_consumes_1 to None, run_after=None
[2025-03-05T23:07:24.023+0000] {logging_mixin.py:154} INFO - [2025-03-05T23:07:24.023+0000] {dag.py:3722} INFO - Setting next_dagrun for dataset_consumes_1_and_2 to None, run_after=None
[2025-03-05T23:07:24.024+0000] {logging_mixin.py:154} INFO - [2025-03-05T23:07:24.024+0000] {dag.py:3722} INFO - Setting next_dagrun for dataset_consumes_1_never_scheduled to None, run_after=None
[2025-03-05T23:07:24.024+0000] {logging_mixin.py:154} INFO - [2025-03-05T23:07:24.024+0000] {dag.py:3722} INFO - Setting next_dagrun for dataset_consumes_unknown_never_scheduled to None, run_after=None
[2025-03-05T23:07:24.025+0000] {logging_mixin.py:154} INFO - [2025-03-05T23:07:24.025+0000] {dag.py:3722} INFO - Setting next_dagrun for dataset_produces_1 to 2025-03-04T00:00:00+00:00, run_after=2025-03-05T00:00:00+00:00
[2025-03-05T23:07:24.026+0000] {logging_mixin.py:154} INFO - [2025-03-05T23:07:24.026+0000] {dag.py:3722} INFO - Setting next_dagrun for dataset_produces_2 to None, run_after=None
[2025-03-05T23:07:24.038+0000] {processor.py:179} INFO - Processing /home/airflow/.local/lib/python3.8/site-packages/airflow/example_dags/example_datasets.py took 0.048 seconds
[2025-03-05T23:39:26.036+0000] {processor.py:157} INFO - Started process (PID=9008) to work on /home/airflow/.local/lib/python3.8/site-packages/airflow/example_dags/example_datasets.py
[2025-03-05T23:39:26.036+0000] {processor.py:829} INFO - Processing file /home/airflow/.local/lib/python3.8/site-packages/airflow/example_dags/example_datasets.py for tasks to queue
[2025-03-05T23:39:26.037+0000] {logging_mixin.py:154} INFO - [2025-03-05T23:39:26.037+0000] {dagbag.py:536} INFO - Filling up the DagBag from /home/airflow/.local/lib/python3.8/site-packages/airflow/example_dags/example_datasets.py
[2025-03-05T23:39:26.042+0000] {processor.py:839} INFO - DAG(s) dict_keys(['dataset_consumes_unknown_never_scheduled', 'dataset_consumes_1', 'dataset_produces_2', 'dataset_consumes_1_never_scheduled', 'dataset_produces_1', 'dataset_consumes_1_and_2']) retrieved from /home/airflow/.local/lib/python3.8/site-packages/airflow/example_dags/example_datasets.py
[2025-03-05T23:39:26.054+0000] {logging_mixin.py:154} INFO - [2025-03-05T23:39:26.054+0000] {dag.py:2941} INFO - Sync 6 DAGs
[2025-03-05T23:39:26.062+0000] {logging_mixin.py:154} INFO - [2025-03-05T23:39:26.062+0000] {dag.py:3722} INFO - Setting next_dagrun for dataset_consumes_1 to None, run_after=None
[2025-03-05T23:39:26.063+0000] {logging_mixin.py:154} INFO - [2025-03-05T23:39:26.063+0000] {dag.py:3722} INFO - Setting next_dagrun for dataset_consumes_1_and_2 to None, run_after=None
[2025-03-05T23:39:26.064+0000] {logging_mixin.py:154} INFO - [2025-03-05T23:39:26.064+0000] {dag.py:3722} INFO - Setting next_dagrun for dataset_consumes_1_never_scheduled to None, run_after=None
[2025-03-05T23:39:26.064+0000] {logging_mixin.py:154} INFO - [2025-03-05T23:39:26.064+0000] {dag.py:3722} INFO - Setting next_dagrun for dataset_consumes_unknown_never_scheduled to None, run_after=None
[2025-03-05T23:39:26.065+0000] {logging_mixin.py:154} INFO - [2025-03-05T23:39:26.065+0000] {dag.py:3722} INFO - Setting next_dagrun for dataset_produces_1 to 2025-03-04T00:00:00+00:00, run_after=2025-03-05T00:00:00+00:00
[2025-03-05T23:39:26.065+0000] {logging_mixin.py:154} INFO - [2025-03-05T23:39:26.065+0000] {dag.py:3722} INFO - Setting next_dagrun for dataset_produces_2 to None, run_after=None
[2025-03-05T23:39:26.075+0000] {processor.py:179} INFO - Processing /home/airflow/.local/lib/python3.8/site-packages/airflow/example_dags/example_datasets.py took 0.040 seconds
