[2025-03-06T13:00:35.681+0000] {processor.py:157} INFO - Started process (PID=17202) to work on /opt/airflow/dags/green_data_ingestion_azure_dag.py
[2025-03-06T13:00:35.682+0000] {processor.py:829} INFO - Processing file /opt/airflow/dags/green_data_ingestion_azure_dag.py for tasks to queue
[2025-03-06T13:00:35.682+0000] {logging_mixin.py:154} INFO - [2025-03-06T13:00:35.682+0000] {dagbag.py:536} INFO - Filling up the DagBag from /opt/airflow/dags/green_data_ingestion_azure_dag.py
[2025-03-06T13:00:35.686+0000] {logging_mixin.py:154} INFO - [2025-03-06T13:00:35.686+0000] {dagbag.py:346} ERROR - Failed to import: /opt/airflow/dags/green_data_ingestion_azure_dag.py
Traceback (most recent call last):
  File "/home/airflow/.local/lib/python3.8/site-packages/airflow/models/dagbag.py", line 342, in parse
    loader.exec_module(new_module)
  File "<frozen importlib._bootstrap_external>", line 843, in exec_module
  File "<frozen importlib._bootstrap>", line 219, in _call_with_frames_removed
  File "/opt/airflow/dags/green_data_ingestion_azure_dag.py", line 11, in <module>
    from airflow.providers.microsoft.azure.operators.synapse_spark import AzureSynapseSparkOperator
ModuleNotFoundError: No module named 'airflow.providers.microsoft.azure.operators.synapse_spark'
[2025-03-06T13:00:35.686+0000] {processor.py:841} WARNING - No viable dags retrieved from /opt/airflow/dags/green_data_ingestion_azure_dag.py
[2025-03-06T13:00:35.694+0000] {processor.py:179} INFO - Processing /opt/airflow/dags/green_data_ingestion_azure_dag.py took 0.014 seconds
[2025-03-06T13:01:06.236+0000] {processor.py:157} INFO - Started process (PID=17258) to work on /opt/airflow/dags/green_data_ingestion_azure_dag.py
[2025-03-06T13:01:06.237+0000] {processor.py:829} INFO - Processing file /opt/airflow/dags/green_data_ingestion_azure_dag.py for tasks to queue
[2025-03-06T13:01:06.238+0000] {logging_mixin.py:154} INFO - [2025-03-06T13:01:06.238+0000] {dagbag.py:536} INFO - Filling up the DagBag from /opt/airflow/dags/green_data_ingestion_azure_dag.py
[2025-03-06T13:01:06.241+0000] {logging_mixin.py:154} INFO - [2025-03-06T13:01:06.241+0000] {dagbag.py:346} ERROR - Failed to import: /opt/airflow/dags/green_data_ingestion_azure_dag.py
Traceback (most recent call last):
  File "/home/airflow/.local/lib/python3.8/site-packages/airflow/models/dagbag.py", line 342, in parse
    loader.exec_module(new_module)
  File "<frozen importlib._bootstrap_external>", line 843, in exec_module
  File "<frozen importlib._bootstrap>", line 219, in _call_with_frames_removed
  File "/opt/airflow/dags/green_data_ingestion_azure_dag.py", line 11, in <module>
    from airflow.providers.microsoft.azure.operators.synapse_spark import AzureSynapseSparkOperator
ModuleNotFoundError: No module named 'airflow.providers.microsoft.azure.operators.synapse_spark'
[2025-03-06T13:01:06.241+0000] {processor.py:841} WARNING - No viable dags retrieved from /opt/airflow/dags/green_data_ingestion_azure_dag.py
[2025-03-06T13:01:06.250+0000] {processor.py:179} INFO - Processing /opt/airflow/dags/green_data_ingestion_azure_dag.py took 0.016 seconds
[2025-03-06T13:01:36.790+0000] {processor.py:157} INFO - Started process (PID=17314) to work on /opt/airflow/dags/green_data_ingestion_azure_dag.py
[2025-03-06T13:01:36.790+0000] {processor.py:829} INFO - Processing file /opt/airflow/dags/green_data_ingestion_azure_dag.py for tasks to queue
[2025-03-06T13:01:36.791+0000] {logging_mixin.py:154} INFO - [2025-03-06T13:01:36.791+0000] {dagbag.py:536} INFO - Filling up the DagBag from /opt/airflow/dags/green_data_ingestion_azure_dag.py
[2025-03-06T13:01:36.794+0000] {logging_mixin.py:154} INFO - [2025-03-06T13:01:36.794+0000] {dagbag.py:346} ERROR - Failed to import: /opt/airflow/dags/green_data_ingestion_azure_dag.py
Traceback (most recent call last):
  File "/home/airflow/.local/lib/python3.8/site-packages/airflow/models/dagbag.py", line 342, in parse
    loader.exec_module(new_module)
  File "<frozen importlib._bootstrap_external>", line 843, in exec_module
  File "<frozen importlib._bootstrap>", line 219, in _call_with_frames_removed
  File "/opt/airflow/dags/green_data_ingestion_azure_dag.py", line 11, in <module>
    from airflow.providers.microsoft.azure.operators.synapse_spark import AzureSynapseSparkOperator
ModuleNotFoundError: No module named 'airflow.providers.microsoft.azure.operators.synapse_spark'
[2025-03-06T13:01:36.794+0000] {processor.py:841} WARNING - No viable dags retrieved from /opt/airflow/dags/green_data_ingestion_azure_dag.py
[2025-03-06T13:01:36.802+0000] {processor.py:179} INFO - Processing /opt/airflow/dags/green_data_ingestion_azure_dag.py took 0.014 seconds
[2025-03-06T13:02:07.273+0000] {processor.py:157} INFO - Started process (PID=17370) to work on /opt/airflow/dags/green_data_ingestion_azure_dag.py
[2025-03-06T13:02:07.274+0000] {processor.py:829} INFO - Processing file /opt/airflow/dags/green_data_ingestion_azure_dag.py for tasks to queue
[2025-03-06T13:02:07.275+0000] {logging_mixin.py:154} INFO - [2025-03-06T13:02:07.275+0000] {dagbag.py:536} INFO - Filling up the DagBag from /opt/airflow/dags/green_data_ingestion_azure_dag.py
[2025-03-06T13:02:07.279+0000] {logging_mixin.py:154} INFO - [2025-03-06T13:02:07.278+0000] {dagbag.py:346} ERROR - Failed to import: /opt/airflow/dags/green_data_ingestion_azure_dag.py
Traceback (most recent call last):
  File "/home/airflow/.local/lib/python3.8/site-packages/airflow/models/dagbag.py", line 342, in parse
    loader.exec_module(new_module)
  File "<frozen importlib._bootstrap_external>", line 843, in exec_module
  File "<frozen importlib._bootstrap>", line 219, in _call_with_frames_removed
  File "/opt/airflow/dags/green_data_ingestion_azure_dag.py", line 11, in <module>
    from airflow.providers.microsoft.azure.operators.synapse_spark import AzureSynapseSparkOperator
ModuleNotFoundError: No module named 'airflow.providers.microsoft.azure.operators.synapse_spark'
[2025-03-06T13:02:07.279+0000] {processor.py:841} WARNING - No viable dags retrieved from /opt/airflow/dags/green_data_ingestion_azure_dag.py
[2025-03-06T13:02:07.287+0000] {processor.py:179} INFO - Processing /opt/airflow/dags/green_data_ingestion_azure_dag.py took 0.016 seconds
[2025-03-06T13:02:37.812+0000] {processor.py:157} INFO - Started process (PID=17426) to work on /opt/airflow/dags/green_data_ingestion_azure_dag.py
[2025-03-06T13:02:37.812+0000] {processor.py:829} INFO - Processing file /opt/airflow/dags/green_data_ingestion_azure_dag.py for tasks to queue
[2025-03-06T13:02:37.813+0000] {logging_mixin.py:154} INFO - [2025-03-06T13:02:37.813+0000] {dagbag.py:536} INFO - Filling up the DagBag from /opt/airflow/dags/green_data_ingestion_azure_dag.py
[2025-03-06T13:02:37.817+0000] {logging_mixin.py:154} INFO - [2025-03-06T13:02:37.816+0000] {dagbag.py:346} ERROR - Failed to import: /opt/airflow/dags/green_data_ingestion_azure_dag.py
Traceback (most recent call last):
  File "/home/airflow/.local/lib/python3.8/site-packages/airflow/models/dagbag.py", line 342, in parse
    loader.exec_module(new_module)
  File "<frozen importlib._bootstrap_external>", line 843, in exec_module
  File "<frozen importlib._bootstrap>", line 219, in _call_with_frames_removed
  File "/opt/airflow/dags/green_data_ingestion_azure_dag.py", line 11, in <module>
    from airflow.providers.microsoft.azure.operators.synapse_spark import AzureSynapseSparkOperator
ModuleNotFoundError: No module named 'airflow.providers.microsoft.azure.operators.synapse_spark'
[2025-03-06T13:02:37.817+0000] {processor.py:841} WARNING - No viable dags retrieved from /opt/airflow/dags/green_data_ingestion_azure_dag.py
[2025-03-06T13:02:37.824+0000] {processor.py:179} INFO - Processing /opt/airflow/dags/green_data_ingestion_azure_dag.py took 0.015 seconds
[2025-03-06T13:03:08.436+0000] {processor.py:157} INFO - Started process (PID=17482) to work on /opt/airflow/dags/green_data_ingestion_azure_dag.py
[2025-03-06T13:03:08.437+0000] {processor.py:829} INFO - Processing file /opt/airflow/dags/green_data_ingestion_azure_dag.py for tasks to queue
[2025-03-06T13:03:08.438+0000] {logging_mixin.py:154} INFO - [2025-03-06T13:03:08.438+0000] {dagbag.py:536} INFO - Filling up the DagBag from /opt/airflow/dags/green_data_ingestion_azure_dag.py
[2025-03-06T13:03:08.445+0000] {logging_mixin.py:154} INFO - [2025-03-06T13:03:08.444+0000] {dagbag.py:346} ERROR - Failed to import: /opt/airflow/dags/green_data_ingestion_azure_dag.py
Traceback (most recent call last):
  File "/home/airflow/.local/lib/python3.8/site-packages/airflow/models/dagbag.py", line 342, in parse
    loader.exec_module(new_module)
  File "<frozen importlib._bootstrap_external>", line 843, in exec_module
  File "<frozen importlib._bootstrap>", line 219, in _call_with_frames_removed
  File "/opt/airflow/dags/green_data_ingestion_azure_dag.py", line 11, in <module>
    from airflow.providers.microsoft.azure.operators.synapse_spark import AzureSynapseSparkOperator
ModuleNotFoundError: No module named 'airflow.providers.microsoft.azure.operators.synapse_spark'
[2025-03-06T13:03:08.445+0000] {processor.py:841} WARNING - No viable dags retrieved from /opt/airflow/dags/green_data_ingestion_azure_dag.py
[2025-03-06T13:03:08.457+0000] {processor.py:179} INFO - Processing /opt/airflow/dags/green_data_ingestion_azure_dag.py took 0.025 seconds
[2025-03-06T13:04:52.484+0000] {processor.py:157} INFO - Started process (PID=17538) to work on /opt/airflow/dags/green_data_ingestion_azure_dag.py
[2025-03-06T13:04:52.485+0000] {processor.py:829} INFO - Processing file /opt/airflow/dags/green_data_ingestion_azure_dag.py for tasks to queue
[2025-03-06T13:04:52.485+0000] {logging_mixin.py:154} INFO - [2025-03-06T13:04:52.485+0000] {dagbag.py:536} INFO - Filling up the DagBag from /opt/airflow/dags/green_data_ingestion_azure_dag.py
[2025-03-06T13:04:52.489+0000] {logging_mixin.py:154} INFO - [2025-03-06T13:04:52.488+0000] {dagbag.py:346} ERROR - Failed to import: /opt/airflow/dags/green_data_ingestion_azure_dag.py
Traceback (most recent call last):
  File "/home/airflow/.local/lib/python3.8/site-packages/airflow/models/dagbag.py", line 342, in parse
    loader.exec_module(new_module)
  File "<frozen importlib._bootstrap_external>", line 843, in exec_module
  File "<frozen importlib._bootstrap>", line 219, in _call_with_frames_removed
  File "/opt/airflow/dags/green_data_ingestion_azure_dag.py", line 11, in <module>
    from airflow.providers.microsoft.azure.operators.synapse_spark import AzureSynapseSparkOperator
ModuleNotFoundError: No module named 'airflow.providers.microsoft.azure.operators.synapse_spark'
[2025-03-06T13:04:52.489+0000] {processor.py:841} WARNING - No viable dags retrieved from /opt/airflow/dags/green_data_ingestion_azure_dag.py
[2025-03-06T13:04:52.503+0000] {processor.py:179} INFO - Processing /opt/airflow/dags/green_data_ingestion_azure_dag.py took 0.022 seconds
[2025-03-06T13:05:23.160+0000] {processor.py:157} INFO - Started process (PID=17594) to work on /opt/airflow/dags/green_data_ingestion_azure_dag.py
[2025-03-06T13:05:23.161+0000] {processor.py:829} INFO - Processing file /opt/airflow/dags/green_data_ingestion_azure_dag.py for tasks to queue
[2025-03-06T13:05:23.162+0000] {logging_mixin.py:154} INFO - [2025-03-06T13:05:23.162+0000] {dagbag.py:536} INFO - Filling up the DagBag from /opt/airflow/dags/green_data_ingestion_azure_dag.py
[2025-03-06T13:05:23.166+0000] {logging_mixin.py:154} INFO - [2025-03-06T13:05:23.166+0000] {dagbag.py:346} ERROR - Failed to import: /opt/airflow/dags/green_data_ingestion_azure_dag.py
Traceback (most recent call last):
  File "/home/airflow/.local/lib/python3.8/site-packages/airflow/models/dagbag.py", line 342, in parse
    loader.exec_module(new_module)
  File "<frozen importlib._bootstrap_external>", line 843, in exec_module
  File "<frozen importlib._bootstrap>", line 219, in _call_with_frames_removed
  File "/opt/airflow/dags/green_data_ingestion_azure_dag.py", line 11, in <module>
    from airflow.providers.microsoft.azure.operators.synapse_spark import AzureSynapseSparkOperator
ModuleNotFoundError: No module named 'airflow.providers.microsoft.azure.operators.synapse_spark'
[2025-03-06T13:05:23.167+0000] {processor.py:841} WARNING - No viable dags retrieved from /opt/airflow/dags/green_data_ingestion_azure_dag.py
[2025-03-06T13:05:23.180+0000] {processor.py:179} INFO - Processing /opt/airflow/dags/green_data_ingestion_azure_dag.py took 0.023 seconds
[2025-03-06T13:05:53.711+0000] {processor.py:157} INFO - Started process (PID=17650) to work on /opt/airflow/dags/green_data_ingestion_azure_dag.py
[2025-03-06T13:05:53.713+0000] {processor.py:829} INFO - Processing file /opt/airflow/dags/green_data_ingestion_azure_dag.py for tasks to queue
[2025-03-06T13:05:53.713+0000] {logging_mixin.py:154} INFO - [2025-03-06T13:05:53.713+0000] {dagbag.py:536} INFO - Filling up the DagBag from /opt/airflow/dags/green_data_ingestion_azure_dag.py
[2025-03-06T13:05:53.717+0000] {logging_mixin.py:154} INFO - [2025-03-06T13:05:53.716+0000] {dagbag.py:346} ERROR - Failed to import: /opt/airflow/dags/green_data_ingestion_azure_dag.py
Traceback (most recent call last):
  File "/home/airflow/.local/lib/python3.8/site-packages/airflow/models/dagbag.py", line 342, in parse
    loader.exec_module(new_module)
  File "<frozen importlib._bootstrap_external>", line 843, in exec_module
  File "<frozen importlib._bootstrap>", line 219, in _call_with_frames_removed
  File "/opt/airflow/dags/green_data_ingestion_azure_dag.py", line 11, in <module>
    from airflow.providers.microsoft.azure.operators.synapse_spark import AzureSynapseSparkOperator
ModuleNotFoundError: No module named 'airflow.providers.microsoft.azure.operators.synapse_spark'
[2025-03-06T13:05:53.717+0000] {processor.py:841} WARNING - No viable dags retrieved from /opt/airflow/dags/green_data_ingestion_azure_dag.py
[2025-03-06T13:05:53.730+0000] {processor.py:179} INFO - Processing /opt/airflow/dags/green_data_ingestion_azure_dag.py took 0.021 seconds
[2025-03-06T13:06:24.238+0000] {processor.py:157} INFO - Started process (PID=17706) to work on /opt/airflow/dags/green_data_ingestion_azure_dag.py
[2025-03-06T13:06:24.238+0000] {processor.py:829} INFO - Processing file /opt/airflow/dags/green_data_ingestion_azure_dag.py for tasks to queue
[2025-03-06T13:06:24.239+0000] {logging_mixin.py:154} INFO - [2025-03-06T13:06:24.239+0000] {dagbag.py:536} INFO - Filling up the DagBag from /opt/airflow/dags/green_data_ingestion_azure_dag.py
[2025-03-06T13:06:24.243+0000] {logging_mixin.py:154} INFO - [2025-03-06T13:06:24.242+0000] {dagbag.py:346} ERROR - Failed to import: /opt/airflow/dags/green_data_ingestion_azure_dag.py
Traceback (most recent call last):
  File "/home/airflow/.local/lib/python3.8/site-packages/airflow/models/dagbag.py", line 342, in parse
    loader.exec_module(new_module)
  File "<frozen importlib._bootstrap_external>", line 843, in exec_module
  File "<frozen importlib._bootstrap>", line 219, in _call_with_frames_removed
  File "/opt/airflow/dags/green_data_ingestion_azure_dag.py", line 11, in <module>
    from airflow.providers.microsoft.azure.operators.synapse_spark import AzureSynapseSparkOperator
ModuleNotFoundError: No module named 'airflow.providers.microsoft.azure.operators.synapse_spark'
[2025-03-06T13:06:24.244+0000] {processor.py:841} WARNING - No viable dags retrieved from /opt/airflow/dags/green_data_ingestion_azure_dag.py
[2025-03-06T13:06:24.258+0000] {processor.py:179} INFO - Processing /opt/airflow/dags/green_data_ingestion_azure_dag.py took 0.023 seconds
[2025-03-06T13:06:54.741+0000] {processor.py:157} INFO - Started process (PID=17762) to work on /opt/airflow/dags/green_data_ingestion_azure_dag.py
[2025-03-06T13:06:54.743+0000] {processor.py:829} INFO - Processing file /opt/airflow/dags/green_data_ingestion_azure_dag.py for tasks to queue
[2025-03-06T13:06:54.743+0000] {logging_mixin.py:154} INFO - [2025-03-06T13:06:54.743+0000] {dagbag.py:536} INFO - Filling up the DagBag from /opt/airflow/dags/green_data_ingestion_azure_dag.py
[2025-03-06T13:06:54.747+0000] {logging_mixin.py:154} INFO - [2025-03-06T13:06:54.746+0000] {dagbag.py:346} ERROR - Failed to import: /opt/airflow/dags/green_data_ingestion_azure_dag.py
Traceback (most recent call last):
  File "/home/airflow/.local/lib/python3.8/site-packages/airflow/models/dagbag.py", line 342, in parse
    loader.exec_module(new_module)
  File "<frozen importlib._bootstrap_external>", line 843, in exec_module
  File "<frozen importlib._bootstrap>", line 219, in _call_with_frames_removed
  File "/opt/airflow/dags/green_data_ingestion_azure_dag.py", line 11, in <module>
    from airflow.providers.microsoft.azure.operators.synapse_spark import AzureSynapseSparkOperator
ModuleNotFoundError: No module named 'airflow.providers.microsoft.azure.operators.synapse_spark'
[2025-03-06T13:06:54.747+0000] {processor.py:841} WARNING - No viable dags retrieved from /opt/airflow/dags/green_data_ingestion_azure_dag.py
[2025-03-06T13:06:54.756+0000] {processor.py:179} INFO - Processing /opt/airflow/dags/green_data_ingestion_azure_dag.py took 0.017 seconds
[2025-03-06T13:07:25.291+0000] {processor.py:157} INFO - Started process (PID=17818) to work on /opt/airflow/dags/green_data_ingestion_azure_dag.py
[2025-03-06T13:07:25.292+0000] {processor.py:829} INFO - Processing file /opt/airflow/dags/green_data_ingestion_azure_dag.py for tasks to queue
[2025-03-06T13:07:25.293+0000] {logging_mixin.py:154} INFO - [2025-03-06T13:07:25.293+0000] {dagbag.py:536} INFO - Filling up the DagBag from /opt/airflow/dags/green_data_ingestion_azure_dag.py
[2025-03-06T13:07:25.297+0000] {logging_mixin.py:154} INFO - [2025-03-06T13:07:25.296+0000] {dagbag.py:346} ERROR - Failed to import: /opt/airflow/dags/green_data_ingestion_azure_dag.py
Traceback (most recent call last):
  File "/home/airflow/.local/lib/python3.8/site-packages/airflow/models/dagbag.py", line 342, in parse
    loader.exec_module(new_module)
  File "<frozen importlib._bootstrap_external>", line 843, in exec_module
  File "<frozen importlib._bootstrap>", line 219, in _call_with_frames_removed
  File "/opt/airflow/dags/green_data_ingestion_azure_dag.py", line 11, in <module>
    from airflow.providers.microsoft.azure.operators.synapse_spark import AzureSynapseSparkOperator
ModuleNotFoundError: No module named 'airflow.providers.microsoft.azure.operators.synapse_spark'
[2025-03-06T13:07:25.297+0000] {processor.py:841} WARNING - No viable dags retrieved from /opt/airflow/dags/green_data_ingestion_azure_dag.py
[2025-03-06T13:07:25.308+0000] {processor.py:179} INFO - Processing /opt/airflow/dags/green_data_ingestion_azure_dag.py took 0.020 seconds
[2025-03-06T13:07:55.810+0000] {processor.py:157} INFO - Started process (PID=17874) to work on /opt/airflow/dags/green_data_ingestion_azure_dag.py
[2025-03-06T13:07:55.811+0000] {processor.py:829} INFO - Processing file /opt/airflow/dags/green_data_ingestion_azure_dag.py for tasks to queue
[2025-03-06T13:07:55.812+0000] {logging_mixin.py:154} INFO - [2025-03-06T13:07:55.812+0000] {dagbag.py:536} INFO - Filling up the DagBag from /opt/airflow/dags/green_data_ingestion_azure_dag.py
[2025-03-06T13:07:55.815+0000] {logging_mixin.py:154} INFO - [2025-03-06T13:07:55.815+0000] {dagbag.py:346} ERROR - Failed to import: /opt/airflow/dags/green_data_ingestion_azure_dag.py
Traceback (most recent call last):
  File "/home/airflow/.local/lib/python3.8/site-packages/airflow/models/dagbag.py", line 342, in parse
    loader.exec_module(new_module)
  File "<frozen importlib._bootstrap_external>", line 843, in exec_module
  File "<frozen importlib._bootstrap>", line 219, in _call_with_frames_removed
  File "/opt/airflow/dags/green_data_ingestion_azure_dag.py", line 11, in <module>
    from airflow.providers.microsoft.azure.operators.synapse_spark import AzureSynapseSparkOperator
ModuleNotFoundError: No module named 'airflow.providers.microsoft.azure.operators.synapse_spark'
[2025-03-06T13:07:55.816+0000] {processor.py:841} WARNING - No viable dags retrieved from /opt/airflow/dags/green_data_ingestion_azure_dag.py
[2025-03-06T13:07:55.829+0000] {processor.py:179} INFO - Processing /opt/airflow/dags/green_data_ingestion_azure_dag.py took 0.023 seconds
[2025-03-06T13:08:26.261+0000] {processor.py:157} INFO - Started process (PID=17930) to work on /opt/airflow/dags/green_data_ingestion_azure_dag.py
[2025-03-06T13:08:26.263+0000] {processor.py:829} INFO - Processing file /opt/airflow/dags/green_data_ingestion_azure_dag.py for tasks to queue
[2025-03-06T13:08:26.264+0000] {logging_mixin.py:154} INFO - [2025-03-06T13:08:26.263+0000] {dagbag.py:536} INFO - Filling up the DagBag from /opt/airflow/dags/green_data_ingestion_azure_dag.py
[2025-03-06T13:08:26.269+0000] {logging_mixin.py:154} INFO - [2025-03-06T13:08:26.267+0000] {dagbag.py:346} ERROR - Failed to import: /opt/airflow/dags/green_data_ingestion_azure_dag.py
Traceback (most recent call last):
  File "/home/airflow/.local/lib/python3.8/site-packages/airflow/models/dagbag.py", line 342, in parse
    loader.exec_module(new_module)
  File "<frozen importlib._bootstrap_external>", line 843, in exec_module
  File "<frozen importlib._bootstrap>", line 219, in _call_with_frames_removed
  File "/opt/airflow/dags/green_data_ingestion_azure_dag.py", line 11, in <module>
    from airflow.providers.microsoft.azure.operators.synapse_spark import AzureSynapseSparkOperator
ModuleNotFoundError: No module named 'airflow.providers.microsoft.azure.operators.synapse_spark'
[2025-03-06T13:08:26.269+0000] {processor.py:841} WARNING - No viable dags retrieved from /opt/airflow/dags/green_data_ingestion_azure_dag.py
[2025-03-06T13:08:26.286+0000] {processor.py:179} INFO - Processing /opt/airflow/dags/green_data_ingestion_azure_dag.py took 0.028 seconds
[2025-03-06T13:08:56.826+0000] {processor.py:157} INFO - Started process (PID=17986) to work on /opt/airflow/dags/green_data_ingestion_azure_dag.py
[2025-03-06T13:08:56.828+0000] {processor.py:829} INFO - Processing file /opt/airflow/dags/green_data_ingestion_azure_dag.py for tasks to queue
[2025-03-06T13:08:56.829+0000] {logging_mixin.py:154} INFO - [2025-03-06T13:08:56.829+0000] {dagbag.py:536} INFO - Filling up the DagBag from /opt/airflow/dags/green_data_ingestion_azure_dag.py
[2025-03-06T13:08:56.835+0000] {logging_mixin.py:154} INFO - [2025-03-06T13:08:56.833+0000] {dagbag.py:346} ERROR - Failed to import: /opt/airflow/dags/green_data_ingestion_azure_dag.py
Traceback (most recent call last):
  File "/home/airflow/.local/lib/python3.8/site-packages/airflow/models/dagbag.py", line 342, in parse
    loader.exec_module(new_module)
  File "<frozen importlib._bootstrap_external>", line 843, in exec_module
  File "<frozen importlib._bootstrap>", line 219, in _call_with_frames_removed
  File "/opt/airflow/dags/green_data_ingestion_azure_dag.py", line 11, in <module>
    from airflow.providers.microsoft.azure.operators.synapse_spark import AzureSynapseSparkOperator
ModuleNotFoundError: No module named 'airflow.providers.microsoft.azure.operators.synapse_spark'
[2025-03-06T13:08:56.836+0000] {processor.py:841} WARNING - No viable dags retrieved from /opt/airflow/dags/green_data_ingestion_azure_dag.py
[2025-03-06T13:08:56.847+0000] {processor.py:179} INFO - Processing /opt/airflow/dags/green_data_ingestion_azure_dag.py took 0.025 seconds
[2025-03-06T13:09:27.334+0000] {processor.py:157} INFO - Started process (PID=18042) to work on /opt/airflow/dags/green_data_ingestion_azure_dag.py
[2025-03-06T13:09:27.336+0000] {processor.py:829} INFO - Processing file /opt/airflow/dags/green_data_ingestion_azure_dag.py for tasks to queue
[2025-03-06T13:09:27.337+0000] {logging_mixin.py:154} INFO - [2025-03-06T13:09:27.336+0000] {dagbag.py:536} INFO - Filling up the DagBag from /opt/airflow/dags/green_data_ingestion_azure_dag.py
[2025-03-06T13:09:27.343+0000] {logging_mixin.py:154} INFO - [2025-03-06T13:09:27.341+0000] {dagbag.py:346} ERROR - Failed to import: /opt/airflow/dags/green_data_ingestion_azure_dag.py
Traceback (most recent call last):
  File "/home/airflow/.local/lib/python3.8/site-packages/airflow/models/dagbag.py", line 342, in parse
    loader.exec_module(new_module)
  File "<frozen importlib._bootstrap_external>", line 843, in exec_module
  File "<frozen importlib._bootstrap>", line 219, in _call_with_frames_removed
  File "/opt/airflow/dags/green_data_ingestion_azure_dag.py", line 11, in <module>
    from airflow.providers.microsoft.azure.operators.synapse_spark import AzureSynapseSparkOperator
ModuleNotFoundError: No module named 'airflow.providers.microsoft.azure.operators.synapse_spark'
[2025-03-06T13:09:27.343+0000] {processor.py:841} WARNING - No viable dags retrieved from /opt/airflow/dags/green_data_ingestion_azure_dag.py
[2025-03-06T13:09:27.356+0000] {processor.py:179} INFO - Processing /opt/airflow/dags/green_data_ingestion_azure_dag.py took 0.026 seconds
[2025-03-06T13:09:57.802+0000] {processor.py:157} INFO - Started process (PID=18098) to work on /opt/airflow/dags/green_data_ingestion_azure_dag.py
[2025-03-06T13:09:57.805+0000] {processor.py:829} INFO - Processing file /opt/airflow/dags/green_data_ingestion_azure_dag.py for tasks to queue
[2025-03-06T13:09:57.806+0000] {logging_mixin.py:154} INFO - [2025-03-06T13:09:57.805+0000] {dagbag.py:536} INFO - Filling up the DagBag from /opt/airflow/dags/green_data_ingestion_azure_dag.py
[2025-03-06T13:09:57.812+0000] {logging_mixin.py:154} INFO - [2025-03-06T13:09:57.811+0000] {dagbag.py:346} ERROR - Failed to import: /opt/airflow/dags/green_data_ingestion_azure_dag.py
Traceback (most recent call last):
  File "/home/airflow/.local/lib/python3.8/site-packages/airflow/models/dagbag.py", line 342, in parse
    loader.exec_module(new_module)
  File "<frozen importlib._bootstrap_external>", line 843, in exec_module
  File "<frozen importlib._bootstrap>", line 219, in _call_with_frames_removed
  File "/opt/airflow/dags/green_data_ingestion_azure_dag.py", line 11, in <module>
    from airflow.providers.microsoft.azure.operators.synapse_spark import AzureSynapseSparkOperator
ModuleNotFoundError: No module named 'airflow.providers.microsoft.azure.operators.synapse_spark'
[2025-03-06T13:09:57.813+0000] {processor.py:841} WARNING - No viable dags retrieved from /opt/airflow/dags/green_data_ingestion_azure_dag.py
[2025-03-06T13:09:57.830+0000] {processor.py:179} INFO - Processing /opt/airflow/dags/green_data_ingestion_azure_dag.py took 0.032 seconds
[2025-03-06T13:10:28.510+0000] {processor.py:157} INFO - Started process (PID=18154) to work on /opt/airflow/dags/green_data_ingestion_azure_dag.py
[2025-03-06T13:10:28.512+0000] {processor.py:829} INFO - Processing file /opt/airflow/dags/green_data_ingestion_azure_dag.py for tasks to queue
[2025-03-06T13:10:28.513+0000] {logging_mixin.py:154} INFO - [2025-03-06T13:10:28.512+0000] {dagbag.py:536} INFO - Filling up the DagBag from /opt/airflow/dags/green_data_ingestion_azure_dag.py
[2025-03-06T13:10:28.519+0000] {logging_mixin.py:154} INFO - [2025-03-06T13:10:28.518+0000] {dagbag.py:346} ERROR - Failed to import: /opt/airflow/dags/green_data_ingestion_azure_dag.py
Traceback (most recent call last):
  File "/home/airflow/.local/lib/python3.8/site-packages/airflow/models/dagbag.py", line 342, in parse
    loader.exec_module(new_module)
  File "<frozen importlib._bootstrap_external>", line 843, in exec_module
  File "<frozen importlib._bootstrap>", line 219, in _call_with_frames_removed
  File "/opt/airflow/dags/green_data_ingestion_azure_dag.py", line 11, in <module>
    from airflow.providers.microsoft.azure.operators.synapse_spark import AzureSynapseSparkOperator
ModuleNotFoundError: No module named 'airflow.providers.microsoft.azure.operators.synapse_spark'
[2025-03-06T13:10:28.520+0000] {processor.py:841} WARNING - No viable dags retrieved from /opt/airflow/dags/green_data_ingestion_azure_dag.py
[2025-03-06T13:10:28.539+0000] {processor.py:179} INFO - Processing /opt/airflow/dags/green_data_ingestion_azure_dag.py took 0.033 seconds
[2025-03-06T13:10:58.989+0000] {processor.py:157} INFO - Started process (PID=18210) to work on /opt/airflow/dags/green_data_ingestion_azure_dag.py
[2025-03-06T13:10:58.990+0000] {processor.py:829} INFO - Processing file /opt/airflow/dags/green_data_ingestion_azure_dag.py for tasks to queue
[2025-03-06T13:10:58.991+0000] {logging_mixin.py:154} INFO - [2025-03-06T13:10:58.991+0000] {dagbag.py:536} INFO - Filling up the DagBag from /opt/airflow/dags/green_data_ingestion_azure_dag.py
[2025-03-06T13:10:58.997+0000] {logging_mixin.py:154} INFO - [2025-03-06T13:10:58.996+0000] {dagbag.py:346} ERROR - Failed to import: /opt/airflow/dags/green_data_ingestion_azure_dag.py
Traceback (most recent call last):
  File "/home/airflow/.local/lib/python3.8/site-packages/airflow/models/dagbag.py", line 342, in parse
    loader.exec_module(new_module)
  File "<frozen importlib._bootstrap_external>", line 843, in exec_module
  File "<frozen importlib._bootstrap>", line 219, in _call_with_frames_removed
  File "/opt/airflow/dags/green_data_ingestion_azure_dag.py", line 11, in <module>
    from airflow.providers.microsoft.azure.operators.synapse_spark import AzureSynapseSparkOperator
ModuleNotFoundError: No module named 'airflow.providers.microsoft.azure.operators.synapse_spark'
[2025-03-06T13:10:58.998+0000] {processor.py:841} WARNING - No viable dags retrieved from /opt/airflow/dags/green_data_ingestion_azure_dag.py
[2025-03-06T13:10:59.010+0000] {processor.py:179} INFO - Processing /opt/airflow/dags/green_data_ingestion_azure_dag.py took 0.024 seconds
[2025-03-06T13:11:29.563+0000] {processor.py:157} INFO - Started process (PID=18266) to work on /opt/airflow/dags/green_data_ingestion_azure_dag.py
[2025-03-06T13:11:29.564+0000] {processor.py:829} INFO - Processing file /opt/airflow/dags/green_data_ingestion_azure_dag.py for tasks to queue
[2025-03-06T13:11:29.565+0000] {logging_mixin.py:154} INFO - [2025-03-06T13:11:29.565+0000] {dagbag.py:536} INFO - Filling up the DagBag from /opt/airflow/dags/green_data_ingestion_azure_dag.py
[2025-03-06T13:11:29.571+0000] {logging_mixin.py:154} INFO - [2025-03-06T13:11:29.570+0000] {dagbag.py:346} ERROR - Failed to import: /opt/airflow/dags/green_data_ingestion_azure_dag.py
Traceback (most recent call last):
  File "/home/airflow/.local/lib/python3.8/site-packages/airflow/models/dagbag.py", line 342, in parse
    loader.exec_module(new_module)
  File "<frozen importlib._bootstrap_external>", line 843, in exec_module
  File "<frozen importlib._bootstrap>", line 219, in _call_with_frames_removed
  File "/opt/airflow/dags/green_data_ingestion_azure_dag.py", line 11, in <module>
    from airflow.providers.microsoft.azure.operators.synapse_spark import AzureSynapseSparkOperator
ModuleNotFoundError: No module named 'airflow.providers.microsoft.azure.operators.synapse_spark'
[2025-03-06T13:11:29.572+0000] {processor.py:841} WARNING - No viable dags retrieved from /opt/airflow/dags/green_data_ingestion_azure_dag.py
[2025-03-06T13:11:29.588+0000] {processor.py:179} INFO - Processing /opt/airflow/dags/green_data_ingestion_azure_dag.py took 0.029 seconds
[2025-03-06T13:12:00.080+0000] {processor.py:157} INFO - Started process (PID=18322) to work on /opt/airflow/dags/green_data_ingestion_azure_dag.py
[2025-03-06T13:12:00.081+0000] {processor.py:829} INFO - Processing file /opt/airflow/dags/green_data_ingestion_azure_dag.py for tasks to queue
[2025-03-06T13:12:00.082+0000] {logging_mixin.py:154} INFO - [2025-03-06T13:12:00.082+0000] {dagbag.py:536} INFO - Filling up the DagBag from /opt/airflow/dags/green_data_ingestion_azure_dag.py
[2025-03-06T13:12:00.087+0000] {logging_mixin.py:154} INFO - [2025-03-06T13:12:00.086+0000] {dagbag.py:346} ERROR - Failed to import: /opt/airflow/dags/green_data_ingestion_azure_dag.py
Traceback (most recent call last):
  File "/home/airflow/.local/lib/python3.8/site-packages/airflow/models/dagbag.py", line 342, in parse
    loader.exec_module(new_module)
  File "<frozen importlib._bootstrap_external>", line 843, in exec_module
  File "<frozen importlib._bootstrap>", line 219, in _call_with_frames_removed
  File "/opt/airflow/dags/green_data_ingestion_azure_dag.py", line 11, in <module>
    from airflow.providers.microsoft.azure.operators.synapse_spark import AzureSynapseSparkOperator
ModuleNotFoundError: No module named 'airflow.providers.microsoft.azure.operators.synapse_spark'
[2025-03-06T13:12:00.088+0000] {processor.py:841} WARNING - No viable dags retrieved from /opt/airflow/dags/green_data_ingestion_azure_dag.py
[2025-03-06T13:12:00.105+0000] {processor.py:179} INFO - Processing /opt/airflow/dags/green_data_ingestion_azure_dag.py took 0.028 seconds
[2025-03-06T13:12:30.594+0000] {processor.py:157} INFO - Started process (PID=18378) to work on /opt/airflow/dags/green_data_ingestion_azure_dag.py
[2025-03-06T13:12:30.596+0000] {processor.py:829} INFO - Processing file /opt/airflow/dags/green_data_ingestion_azure_dag.py for tasks to queue
[2025-03-06T13:12:30.597+0000] {logging_mixin.py:154} INFO - [2025-03-06T13:12:30.597+0000] {dagbag.py:536} INFO - Filling up the DagBag from /opt/airflow/dags/green_data_ingestion_azure_dag.py
[2025-03-06T13:12:30.603+0000] {logging_mixin.py:154} INFO - [2025-03-06T13:12:30.602+0000] {dagbag.py:346} ERROR - Failed to import: /opt/airflow/dags/green_data_ingestion_azure_dag.py
Traceback (most recent call last):
  File "/home/airflow/.local/lib/python3.8/site-packages/airflow/models/dagbag.py", line 342, in parse
    loader.exec_module(new_module)
  File "<frozen importlib._bootstrap_external>", line 843, in exec_module
  File "<frozen importlib._bootstrap>", line 219, in _call_with_frames_removed
  File "/opt/airflow/dags/green_data_ingestion_azure_dag.py", line 11, in <module>
    from airflow.providers.microsoft.azure.operators.synapse_spark import AzureSynapseSparkOperator
ModuleNotFoundError: No module named 'airflow.providers.microsoft.azure.operators.synapse_spark'
[2025-03-06T13:12:30.604+0000] {processor.py:841} WARNING - No viable dags retrieved from /opt/airflow/dags/green_data_ingestion_azure_dag.py
[2025-03-06T13:12:30.615+0000] {processor.py:179} INFO - Processing /opt/airflow/dags/green_data_ingestion_azure_dag.py took 0.026 seconds
[2025-03-06T13:13:01.133+0000] {processor.py:157} INFO - Started process (PID=18434) to work on /opt/airflow/dags/green_data_ingestion_azure_dag.py
[2025-03-06T13:13:01.134+0000] {processor.py:829} INFO - Processing file /opt/airflow/dags/green_data_ingestion_azure_dag.py for tasks to queue
[2025-03-06T13:13:01.135+0000] {logging_mixin.py:154} INFO - [2025-03-06T13:13:01.135+0000] {dagbag.py:536} INFO - Filling up the DagBag from /opt/airflow/dags/green_data_ingestion_azure_dag.py
[2025-03-06T13:13:01.139+0000] {logging_mixin.py:154} INFO - [2025-03-06T13:13:01.139+0000] {dagbag.py:346} ERROR - Failed to import: /opt/airflow/dags/green_data_ingestion_azure_dag.py
Traceback (most recent call last):
  File "/home/airflow/.local/lib/python3.8/site-packages/airflow/models/dagbag.py", line 342, in parse
    loader.exec_module(new_module)
  File "<frozen importlib._bootstrap_external>", line 843, in exec_module
  File "<frozen importlib._bootstrap>", line 219, in _call_with_frames_removed
  File "/opt/airflow/dags/green_data_ingestion_azure_dag.py", line 11, in <module>
    from airflow.providers.microsoft.azure.operators.synapse_spark import AzureSynapseSparkOperator
ModuleNotFoundError: No module named 'airflow.providers.microsoft.azure.operators.synapse_spark'
[2025-03-06T13:13:01.140+0000] {processor.py:841} WARNING - No viable dags retrieved from /opt/airflow/dags/green_data_ingestion_azure_dag.py
[2025-03-06T13:13:01.153+0000] {processor.py:179} INFO - Processing /opt/airflow/dags/green_data_ingestion_azure_dag.py took 0.022 seconds
[2025-03-06T13:13:31.609+0000] {processor.py:157} INFO - Started process (PID=18490) to work on /opt/airflow/dags/green_data_ingestion_azure_dag.py
[2025-03-06T13:13:31.611+0000] {processor.py:829} INFO - Processing file /opt/airflow/dags/green_data_ingestion_azure_dag.py for tasks to queue
[2025-03-06T13:13:31.612+0000] {logging_mixin.py:154} INFO - [2025-03-06T13:13:31.612+0000] {dagbag.py:536} INFO - Filling up the DagBag from /opt/airflow/dags/green_data_ingestion_azure_dag.py
[2025-03-06T13:13:31.618+0000] {logging_mixin.py:154} INFO - [2025-03-06T13:13:31.617+0000] {dagbag.py:346} ERROR - Failed to import: /opt/airflow/dags/green_data_ingestion_azure_dag.py
Traceback (most recent call last):
  File "/home/airflow/.local/lib/python3.8/site-packages/airflow/models/dagbag.py", line 342, in parse
    loader.exec_module(new_module)
  File "<frozen importlib._bootstrap_external>", line 843, in exec_module
  File "<frozen importlib._bootstrap>", line 219, in _call_with_frames_removed
  File "/opt/airflow/dags/green_data_ingestion_azure_dag.py", line 11, in <module>
    from airflow.providers.microsoft.azure.operators.synapse_spark import AzureSynapseSparkOperator
ModuleNotFoundError: No module named 'airflow.providers.microsoft.azure.operators.synapse_spark'
[2025-03-06T13:13:31.619+0000] {processor.py:841} WARNING - No viable dags retrieved from /opt/airflow/dags/green_data_ingestion_azure_dag.py
[2025-03-06T13:13:31.634+0000] {processor.py:179} INFO - Processing /opt/airflow/dags/green_data_ingestion_azure_dag.py took 0.028 seconds
[2025-03-06T13:14:02.207+0000] {processor.py:157} INFO - Started process (PID=18546) to work on /opt/airflow/dags/green_data_ingestion_azure_dag.py
[2025-03-06T13:14:02.208+0000] {processor.py:829} INFO - Processing file /opt/airflow/dags/green_data_ingestion_azure_dag.py for tasks to queue
[2025-03-06T13:14:02.209+0000] {logging_mixin.py:154} INFO - [2025-03-06T13:14:02.209+0000] {dagbag.py:536} INFO - Filling up the DagBag from /opt/airflow/dags/green_data_ingestion_azure_dag.py
[2025-03-06T13:14:02.215+0000] {logging_mixin.py:154} INFO - [2025-03-06T13:14:02.214+0000] {dagbag.py:346} ERROR - Failed to import: /opt/airflow/dags/green_data_ingestion_azure_dag.py
Traceback (most recent call last):
  File "/home/airflow/.local/lib/python3.8/site-packages/airflow/models/dagbag.py", line 342, in parse
    loader.exec_module(new_module)
  File "<frozen importlib._bootstrap_external>", line 843, in exec_module
  File "<frozen importlib._bootstrap>", line 219, in _call_with_frames_removed
  File "/opt/airflow/dags/green_data_ingestion_azure_dag.py", line 11, in <module>
    from airflow.providers.microsoft.azure.operators.synapse_spark import AzureSynapseSparkOperator
ModuleNotFoundError: No module named 'airflow.providers.microsoft.azure.operators.synapse_spark'
[2025-03-06T13:14:02.216+0000] {processor.py:841} WARNING - No viable dags retrieved from /opt/airflow/dags/green_data_ingestion_azure_dag.py
[2025-03-06T13:14:02.228+0000] {processor.py:179} INFO - Processing /opt/airflow/dags/green_data_ingestion_azure_dag.py took 0.025 seconds
[2025-03-06T13:14:32.685+0000] {processor.py:157} INFO - Started process (PID=18602) to work on /opt/airflow/dags/green_data_ingestion_azure_dag.py
[2025-03-06T13:14:32.686+0000] {processor.py:829} INFO - Processing file /opt/airflow/dags/green_data_ingestion_azure_dag.py for tasks to queue
[2025-03-06T13:14:32.687+0000] {logging_mixin.py:154} INFO - [2025-03-06T13:14:32.687+0000] {dagbag.py:536} INFO - Filling up the DagBag from /opt/airflow/dags/green_data_ingestion_azure_dag.py
[2025-03-06T13:14:32.694+0000] {logging_mixin.py:154} INFO - [2025-03-06T13:14:32.693+0000] {dagbag.py:346} ERROR - Failed to import: /opt/airflow/dags/green_data_ingestion_azure_dag.py
Traceback (most recent call last):
  File "/home/airflow/.local/lib/python3.8/site-packages/airflow/models/dagbag.py", line 342, in parse
    loader.exec_module(new_module)
  File "<frozen importlib._bootstrap_external>", line 843, in exec_module
  File "<frozen importlib._bootstrap>", line 219, in _call_with_frames_removed
  File "/opt/airflow/dags/green_data_ingestion_azure_dag.py", line 11, in <module>
    from airflow.providers.microsoft.azure.operators.synapse_spark import AzureSynapseSparkOperator
ModuleNotFoundError: No module named 'airflow.providers.microsoft.azure.operators.synapse_spark'
[2025-03-06T13:14:32.695+0000] {processor.py:841} WARNING - No viable dags retrieved from /opt/airflow/dags/green_data_ingestion_azure_dag.py
[2025-03-06T13:14:32.708+0000] {processor.py:179} INFO - Processing /opt/airflow/dags/green_data_ingestion_azure_dag.py took 0.027 seconds
[2025-03-06T13:15:03.267+0000] {processor.py:157} INFO - Started process (PID=18658) to work on /opt/airflow/dags/green_data_ingestion_azure_dag.py
[2025-03-06T13:15:03.269+0000] {processor.py:829} INFO - Processing file /opt/airflow/dags/green_data_ingestion_azure_dag.py for tasks to queue
[2025-03-06T13:15:03.270+0000] {logging_mixin.py:154} INFO - [2025-03-06T13:15:03.270+0000] {dagbag.py:536} INFO - Filling up the DagBag from /opt/airflow/dags/green_data_ingestion_azure_dag.py
[2025-03-06T13:15:03.276+0000] {logging_mixin.py:154} INFO - [2025-03-06T13:15:03.276+0000] {dagbag.py:346} ERROR - Failed to import: /opt/airflow/dags/green_data_ingestion_azure_dag.py
Traceback (most recent call last):
  File "/home/airflow/.local/lib/python3.8/site-packages/airflow/models/dagbag.py", line 342, in parse
    loader.exec_module(new_module)
  File "<frozen importlib._bootstrap_external>", line 843, in exec_module
  File "<frozen importlib._bootstrap>", line 219, in _call_with_frames_removed
  File "/opt/airflow/dags/green_data_ingestion_azure_dag.py", line 11, in <module>
    from airflow.providers.microsoft.azure.operators.synapse_spark import AzureSynapseSparkOperator
ModuleNotFoundError: No module named 'airflow.providers.microsoft.azure.operators.synapse_spark'
[2025-03-06T13:15:03.277+0000] {processor.py:841} WARNING - No viable dags retrieved from /opt/airflow/dags/green_data_ingestion_azure_dag.py
[2025-03-06T13:15:03.290+0000] {processor.py:179} INFO - Processing /opt/airflow/dags/green_data_ingestion_azure_dag.py took 0.026 seconds
[2025-03-06T13:15:33.748+0000] {processor.py:157} INFO - Started process (PID=18714) to work on /opt/airflow/dags/green_data_ingestion_azure_dag.py
[2025-03-06T13:15:33.749+0000] {processor.py:829} INFO - Processing file /opt/airflow/dags/green_data_ingestion_azure_dag.py for tasks to queue
[2025-03-06T13:15:33.750+0000] {logging_mixin.py:154} INFO - [2025-03-06T13:15:33.750+0000] {dagbag.py:536} INFO - Filling up the DagBag from /opt/airflow/dags/green_data_ingestion_azure_dag.py
[2025-03-06T13:15:33.756+0000] {logging_mixin.py:154} INFO - [2025-03-06T13:15:33.755+0000] {dagbag.py:346} ERROR - Failed to import: /opt/airflow/dags/green_data_ingestion_azure_dag.py
Traceback (most recent call last):
  File "/home/airflow/.local/lib/python3.8/site-packages/airflow/models/dagbag.py", line 342, in parse
    loader.exec_module(new_module)
  File "<frozen importlib._bootstrap_external>", line 843, in exec_module
  File "<frozen importlib._bootstrap>", line 219, in _call_with_frames_removed
  File "/opt/airflow/dags/green_data_ingestion_azure_dag.py", line 11, in <module>
    from airflow.providers.microsoft.azure.operators.synapse_spark import AzureSynapseSparkOperator
ModuleNotFoundError: No module named 'airflow.providers.microsoft.azure.operators.synapse_spark'
[2025-03-06T13:15:33.757+0000] {processor.py:841} WARNING - No viable dags retrieved from /opt/airflow/dags/green_data_ingestion_azure_dag.py
[2025-03-06T13:15:33.770+0000] {processor.py:179} INFO - Processing /opt/airflow/dags/green_data_ingestion_azure_dag.py took 0.026 seconds
[2025-03-06T13:16:04.289+0000] {processor.py:157} INFO - Started process (PID=18770) to work on /opt/airflow/dags/green_data_ingestion_azure_dag.py
[2025-03-06T13:16:04.291+0000] {processor.py:829} INFO - Processing file /opt/airflow/dags/green_data_ingestion_azure_dag.py for tasks to queue
[2025-03-06T13:16:04.292+0000] {logging_mixin.py:154} INFO - [2025-03-06T13:16:04.292+0000] {dagbag.py:536} INFO - Filling up the DagBag from /opt/airflow/dags/green_data_ingestion_azure_dag.py
[2025-03-06T13:16:04.297+0000] {logging_mixin.py:154} INFO - [2025-03-06T13:16:04.296+0000] {dagbag.py:346} ERROR - Failed to import: /opt/airflow/dags/green_data_ingestion_azure_dag.py
Traceback (most recent call last):
  File "/home/airflow/.local/lib/python3.8/site-packages/airflow/models/dagbag.py", line 342, in parse
    loader.exec_module(new_module)
  File "<frozen importlib._bootstrap_external>", line 843, in exec_module
  File "<frozen importlib._bootstrap>", line 219, in _call_with_frames_removed
  File "/opt/airflow/dags/green_data_ingestion_azure_dag.py", line 11, in <module>
    from airflow.providers.microsoft.azure.operators.synapse_spark import AzureSynapseSparkOperator
ModuleNotFoundError: No module named 'airflow.providers.microsoft.azure.operators.synapse_spark'
[2025-03-06T13:16:04.297+0000] {processor.py:841} WARNING - No viable dags retrieved from /opt/airflow/dags/green_data_ingestion_azure_dag.py
[2025-03-06T13:16:04.314+0000] {processor.py:179} INFO - Processing /opt/airflow/dags/green_data_ingestion_azure_dag.py took 0.029 seconds
[2025-03-06T13:16:34.808+0000] {processor.py:157} INFO - Started process (PID=18826) to work on /opt/airflow/dags/green_data_ingestion_azure_dag.py
[2025-03-06T13:16:34.811+0000] {processor.py:829} INFO - Processing file /opt/airflow/dags/green_data_ingestion_azure_dag.py for tasks to queue
[2025-03-06T13:16:34.812+0000] {logging_mixin.py:154} INFO - [2025-03-06T13:16:34.811+0000] {dagbag.py:536} INFO - Filling up the DagBag from /opt/airflow/dags/green_data_ingestion_azure_dag.py
[2025-03-06T13:16:34.816+0000] {logging_mixin.py:154} INFO - [2025-03-06T13:16:34.815+0000] {dagbag.py:346} ERROR - Failed to import: /opt/airflow/dags/green_data_ingestion_azure_dag.py
Traceback (most recent call last):
  File "/home/airflow/.local/lib/python3.8/site-packages/airflow/models/dagbag.py", line 342, in parse
    loader.exec_module(new_module)
  File "<frozen importlib._bootstrap_external>", line 843, in exec_module
  File "<frozen importlib._bootstrap>", line 219, in _call_with_frames_removed
  File "/opt/airflow/dags/green_data_ingestion_azure_dag.py", line 11, in <module>
    from airflow.providers.microsoft.azure.operators.synapse_spark import AzureSynapseSparkOperator
ModuleNotFoundError: No module named 'airflow.providers.microsoft.azure.operators.synapse_spark'
[2025-03-06T13:16:34.817+0000] {processor.py:841} WARNING - No viable dags retrieved from /opt/airflow/dags/green_data_ingestion_azure_dag.py
[2025-03-06T13:16:34.830+0000] {processor.py:179} INFO - Processing /opt/airflow/dags/green_data_ingestion_azure_dag.py took 0.026 seconds
[2025-03-06T13:17:05.362+0000] {processor.py:157} INFO - Started process (PID=18882) to work on /opt/airflow/dags/green_data_ingestion_azure_dag.py
[2025-03-06T13:17:05.364+0000] {processor.py:829} INFO - Processing file /opt/airflow/dags/green_data_ingestion_azure_dag.py for tasks to queue
[2025-03-06T13:17:05.365+0000] {logging_mixin.py:154} INFO - [2025-03-06T13:17:05.365+0000] {dagbag.py:536} INFO - Filling up the DagBag from /opt/airflow/dags/green_data_ingestion_azure_dag.py
[2025-03-06T13:17:05.370+0000] {logging_mixin.py:154} INFO - [2025-03-06T13:17:05.369+0000] {dagbag.py:346} ERROR - Failed to import: /opt/airflow/dags/green_data_ingestion_azure_dag.py
Traceback (most recent call last):
  File "/home/airflow/.local/lib/python3.8/site-packages/airflow/models/dagbag.py", line 342, in parse
    loader.exec_module(new_module)
  File "<frozen importlib._bootstrap_external>", line 843, in exec_module
  File "<frozen importlib._bootstrap>", line 219, in _call_with_frames_removed
  File "/opt/airflow/dags/green_data_ingestion_azure_dag.py", line 11, in <module>
    from airflow.providers.microsoft.azure.operators.synapse_spark import AzureSynapseSparkOperator
ModuleNotFoundError: No module named 'airflow.providers.microsoft.azure.operators.synapse_spark'
[2025-03-06T13:17:05.371+0000] {processor.py:841} WARNING - No viable dags retrieved from /opt/airflow/dags/green_data_ingestion_azure_dag.py
[2025-03-06T13:17:05.387+0000] {processor.py:179} INFO - Processing /opt/airflow/dags/green_data_ingestion_azure_dag.py took 0.029 seconds
[2025-03-06T13:17:36.329+0000] {processor.py:157} INFO - Started process (PID=18938) to work on /opt/airflow/dags/green_data_ingestion_azure_dag.py
[2025-03-06T13:17:36.330+0000] {processor.py:829} INFO - Processing file /opt/airflow/dags/green_data_ingestion_azure_dag.py for tasks to queue
[2025-03-06T13:17:36.331+0000] {logging_mixin.py:154} INFO - [2025-03-06T13:17:36.331+0000] {dagbag.py:536} INFO - Filling up the DagBag from /opt/airflow/dags/green_data_ingestion_azure_dag.py
[2025-03-06T13:17:36.338+0000] {logging_mixin.py:154} INFO - [2025-03-06T13:17:36.336+0000] {dagbag.py:346} ERROR - Failed to import: /opt/airflow/dags/green_data_ingestion_azure_dag.py
Traceback (most recent call last):
  File "/home/airflow/.local/lib/python3.8/site-packages/airflow/models/dagbag.py", line 342, in parse
    loader.exec_module(new_module)
  File "<frozen importlib._bootstrap_external>", line 843, in exec_module
  File "<frozen importlib._bootstrap>", line 219, in _call_with_frames_removed
  File "/opt/airflow/dags/green_data_ingestion_azure_dag.py", line 11, in <module>
    from airflow.providers.microsoft.azure.operators.synapse_spark import AzureSynapseSparkOperator
ModuleNotFoundError: No module named 'airflow.providers.microsoft.azure.operators.synapse_spark'
[2025-03-06T13:17:36.339+0000] {processor.py:841} WARNING - No viable dags retrieved from /opt/airflow/dags/green_data_ingestion_azure_dag.py
[2025-03-06T13:17:36.350+0000] {processor.py:179} INFO - Processing /opt/airflow/dags/green_data_ingestion_azure_dag.py took 0.025 seconds
[2025-03-06T13:18:07.294+0000] {processor.py:157} INFO - Started process (PID=18994) to work on /opt/airflow/dags/green_data_ingestion_azure_dag.py
[2025-03-06T13:18:07.295+0000] {processor.py:829} INFO - Processing file /opt/airflow/dags/green_data_ingestion_azure_dag.py for tasks to queue
[2025-03-06T13:18:07.296+0000] {logging_mixin.py:154} INFO - [2025-03-06T13:18:07.296+0000] {dagbag.py:536} INFO - Filling up the DagBag from /opt/airflow/dags/green_data_ingestion_azure_dag.py
[2025-03-06T13:18:07.302+0000] {logging_mixin.py:154} INFO - [2025-03-06T13:18:07.301+0000] {dagbag.py:346} ERROR - Failed to import: /opt/airflow/dags/green_data_ingestion_azure_dag.py
Traceback (most recent call last):
  File "/home/airflow/.local/lib/python3.8/site-packages/airflow/models/dagbag.py", line 342, in parse
    loader.exec_module(new_module)
  File "<frozen importlib._bootstrap_external>", line 843, in exec_module
  File "<frozen importlib._bootstrap>", line 219, in _call_with_frames_removed
  File "/opt/airflow/dags/green_data_ingestion_azure_dag.py", line 11, in <module>
    from airflow.providers.microsoft.azure.operators.synapse_spark import AzureSynapseSparkOperator
ModuleNotFoundError: No module named 'airflow.providers.microsoft.azure.operators.synapse_spark'
[2025-03-06T13:18:07.303+0000] {processor.py:841} WARNING - No viable dags retrieved from /opt/airflow/dags/green_data_ingestion_azure_dag.py
[2025-03-06T13:18:07.316+0000] {processor.py:179} INFO - Processing /opt/airflow/dags/green_data_ingestion_azure_dag.py took 0.026 seconds
[2025-03-06T13:18:38.284+0000] {processor.py:157} INFO - Started process (PID=19050) to work on /opt/airflow/dags/green_data_ingestion_azure_dag.py
[2025-03-06T13:18:38.285+0000] {processor.py:829} INFO - Processing file /opt/airflow/dags/green_data_ingestion_azure_dag.py for tasks to queue
[2025-03-06T13:18:38.286+0000] {logging_mixin.py:154} INFO - [2025-03-06T13:18:38.286+0000] {dagbag.py:536} INFO - Filling up the DagBag from /opt/airflow/dags/green_data_ingestion_azure_dag.py
[2025-03-06T13:18:38.290+0000] {logging_mixin.py:154} INFO - [2025-03-06T13:18:38.289+0000] {dagbag.py:346} ERROR - Failed to import: /opt/airflow/dags/green_data_ingestion_azure_dag.py
Traceback (most recent call last):
  File "/home/airflow/.local/lib/python3.8/site-packages/airflow/models/dagbag.py", line 342, in parse
    loader.exec_module(new_module)
  File "<frozen importlib._bootstrap_external>", line 843, in exec_module
  File "<frozen importlib._bootstrap>", line 219, in _call_with_frames_removed
  File "/opt/airflow/dags/green_data_ingestion_azure_dag.py", line 11, in <module>
    from airflow.providers.microsoft.azure.operators.synapse_spark import AzureSynapseSparkOperator
ModuleNotFoundError: No module named 'airflow.providers.microsoft.azure.operators.synapse_spark'
[2025-03-06T13:18:38.291+0000] {processor.py:841} WARNING - No viable dags retrieved from /opt/airflow/dags/green_data_ingestion_azure_dag.py
[2025-03-06T13:18:38.303+0000] {processor.py:179} INFO - Processing /opt/airflow/dags/green_data_ingestion_azure_dag.py took 0.022 seconds
[2025-03-06T13:19:08.970+0000] {processor.py:157} INFO - Started process (PID=19106) to work on /opt/airflow/dags/green_data_ingestion_azure_dag.py
[2025-03-06T13:19:08.972+0000] {processor.py:829} INFO - Processing file /opt/airflow/dags/green_data_ingestion_azure_dag.py for tasks to queue
[2025-03-06T13:19:08.973+0000] {logging_mixin.py:154} INFO - [2025-03-06T13:19:08.973+0000] {dagbag.py:536} INFO - Filling up the DagBag from /opt/airflow/dags/green_data_ingestion_azure_dag.py
[2025-03-06T13:19:08.978+0000] {logging_mixin.py:154} INFO - [2025-03-06T13:19:08.977+0000] {dagbag.py:346} ERROR - Failed to import: /opt/airflow/dags/green_data_ingestion_azure_dag.py
Traceback (most recent call last):
  File "/home/airflow/.local/lib/python3.8/site-packages/airflow/models/dagbag.py", line 342, in parse
    loader.exec_module(new_module)
  File "<frozen importlib._bootstrap_external>", line 843, in exec_module
  File "<frozen importlib._bootstrap>", line 219, in _call_with_frames_removed
  File "/opt/airflow/dags/green_data_ingestion_azure_dag.py", line 11, in <module>
    from airflow.providers.microsoft.azure.operators.synapse_spark import AzureSynapseSparkOperator
ModuleNotFoundError: No module named 'airflow.providers.microsoft.azure.operators.synapse_spark'
[2025-03-06T13:19:08.978+0000] {processor.py:841} WARNING - No viable dags retrieved from /opt/airflow/dags/green_data_ingestion_azure_dag.py
[2025-03-06T13:19:08.991+0000] {processor.py:179} INFO - Processing /opt/airflow/dags/green_data_ingestion_azure_dag.py took 0.025 seconds
[2025-03-06T13:19:39.463+0000] {processor.py:157} INFO - Started process (PID=19162) to work on /opt/airflow/dags/green_data_ingestion_azure_dag.py
[2025-03-06T13:19:39.465+0000] {processor.py:829} INFO - Processing file /opt/airflow/dags/green_data_ingestion_azure_dag.py for tasks to queue
[2025-03-06T13:19:39.466+0000] {logging_mixin.py:154} INFO - [2025-03-06T13:19:39.465+0000] {dagbag.py:536} INFO - Filling up the DagBag from /opt/airflow/dags/green_data_ingestion_azure_dag.py
[2025-03-06T13:19:39.472+0000] {logging_mixin.py:154} INFO - [2025-03-06T13:19:39.471+0000] {dagbag.py:346} ERROR - Failed to import: /opt/airflow/dags/green_data_ingestion_azure_dag.py
Traceback (most recent call last):
  File "/home/airflow/.local/lib/python3.8/site-packages/airflow/models/dagbag.py", line 342, in parse
    loader.exec_module(new_module)
  File "<frozen importlib._bootstrap_external>", line 843, in exec_module
  File "<frozen importlib._bootstrap>", line 219, in _call_with_frames_removed
  File "/opt/airflow/dags/green_data_ingestion_azure_dag.py", line 11, in <module>
    from airflow.providers.microsoft.azure.operators.synapse_spark import AzureSynapseSparkOperator
ModuleNotFoundError: No module named 'airflow.providers.microsoft.azure.operators.synapse_spark'
[2025-03-06T13:19:39.473+0000] {processor.py:841} WARNING - No viable dags retrieved from /opt/airflow/dags/green_data_ingestion_azure_dag.py
[2025-03-06T13:19:39.484+0000] {processor.py:179} INFO - Processing /opt/airflow/dags/green_data_ingestion_azure_dag.py took 0.025 seconds
[2025-03-06T13:20:10.096+0000] {processor.py:157} INFO - Started process (PID=19218) to work on /opt/airflow/dags/green_data_ingestion_azure_dag.py
[2025-03-06T13:20:10.097+0000] {processor.py:829} INFO - Processing file /opt/airflow/dags/green_data_ingestion_azure_dag.py for tasks to queue
[2025-03-06T13:20:10.098+0000] {logging_mixin.py:154} INFO - [2025-03-06T13:20:10.098+0000] {dagbag.py:536} INFO - Filling up the DagBag from /opt/airflow/dags/green_data_ingestion_azure_dag.py
[2025-03-06T13:20:10.105+0000] {logging_mixin.py:154} INFO - [2025-03-06T13:20:10.103+0000] {dagbag.py:346} ERROR - Failed to import: /opt/airflow/dags/green_data_ingestion_azure_dag.py
Traceback (most recent call last):
  File "/home/airflow/.local/lib/python3.8/site-packages/airflow/models/dagbag.py", line 342, in parse
    loader.exec_module(new_module)
  File "<frozen importlib._bootstrap_external>", line 843, in exec_module
  File "<frozen importlib._bootstrap>", line 219, in _call_with_frames_removed
  File "/opt/airflow/dags/green_data_ingestion_azure_dag.py", line 11, in <module>
    from airflow.providers.microsoft.azure.operators.synapse_spark import AzureSynapseSparkOperator
ModuleNotFoundError: No module named 'airflow.providers.microsoft.azure.operators.synapse_spark'
[2025-03-06T13:20:10.105+0000] {processor.py:841} WARNING - No viable dags retrieved from /opt/airflow/dags/green_data_ingestion_azure_dag.py
[2025-03-06T13:20:10.120+0000] {processor.py:179} INFO - Processing /opt/airflow/dags/green_data_ingestion_azure_dag.py took 0.028 seconds
[2025-03-06T13:20:40.151+0000] {processor.py:157} INFO - Started process (PID=19274) to work on /opt/airflow/dags/green_data_ingestion_azure_dag.py
[2025-03-06T13:20:40.152+0000] {processor.py:829} INFO - Processing file /opt/airflow/dags/green_data_ingestion_azure_dag.py for tasks to queue
[2025-03-06T13:20:40.153+0000] {logging_mixin.py:154} INFO - [2025-03-06T13:20:40.152+0000] {dagbag.py:536} INFO - Filling up the DagBag from /opt/airflow/dags/green_data_ingestion_azure_dag.py
[2025-03-06T13:20:40.157+0000] {logging_mixin.py:154} INFO - [2025-03-06T13:20:40.156+0000] {dagbag.py:346} ERROR - Failed to import: /opt/airflow/dags/green_data_ingestion_azure_dag.py
Traceback (most recent call last):
  File "/home/airflow/.local/lib/python3.8/site-packages/airflow/models/dagbag.py", line 342, in parse
    loader.exec_module(new_module)
  File "<frozen importlib._bootstrap_external>", line 843, in exec_module
  File "<frozen importlib._bootstrap>", line 219, in _call_with_frames_removed
  File "/opt/airflow/dags/green_data_ingestion_azure_dag.py", line 11, in <module>
    from airflow.providers.microsoft.azure.operators.synapse_spark import AzureSynapseSparkOperator
ModuleNotFoundError: No module named 'airflow.providers.microsoft.azure.operators.synapse_spark'
[2025-03-06T13:20:40.158+0000] {processor.py:841} WARNING - No viable dags retrieved from /opt/airflow/dags/green_data_ingestion_azure_dag.py
[2025-03-06T13:20:40.171+0000] {processor.py:179} INFO - Processing /opt/airflow/dags/green_data_ingestion_azure_dag.py took 0.023 seconds
[2025-03-06T13:21:10.847+0000] {processor.py:157} INFO - Started process (PID=19330) to work on /opt/airflow/dags/green_data_ingestion_azure_dag.py
[2025-03-06T13:21:10.848+0000] {processor.py:829} INFO - Processing file /opt/airflow/dags/green_data_ingestion_azure_dag.py for tasks to queue
[2025-03-06T13:21:10.849+0000] {logging_mixin.py:154} INFO - [2025-03-06T13:21:10.849+0000] {dagbag.py:536} INFO - Filling up the DagBag from /opt/airflow/dags/green_data_ingestion_azure_dag.py
[2025-03-06T13:21:10.853+0000] {logging_mixin.py:154} INFO - [2025-03-06T13:21:10.852+0000] {dagbag.py:346} ERROR - Failed to import: /opt/airflow/dags/green_data_ingestion_azure_dag.py
Traceback (most recent call last):
  File "/home/airflow/.local/lib/python3.8/site-packages/airflow/models/dagbag.py", line 342, in parse
    loader.exec_module(new_module)
  File "<frozen importlib._bootstrap_external>", line 843, in exec_module
  File "<frozen importlib._bootstrap>", line 219, in _call_with_frames_removed
  File "/opt/airflow/dags/green_data_ingestion_azure_dag.py", line 11, in <module>
    from airflow.providers.microsoft.azure.operators.synapse_spark import AzureSynapseSparkOperator
ModuleNotFoundError: No module named 'airflow.providers.microsoft.azure.operators.synapse_spark'
[2025-03-06T13:21:10.854+0000] {processor.py:841} WARNING - No viable dags retrieved from /opt/airflow/dags/green_data_ingestion_azure_dag.py
[2025-03-06T13:21:10.867+0000] {processor.py:179} INFO - Processing /opt/airflow/dags/green_data_ingestion_azure_dag.py took 0.023 seconds
[2025-03-06T13:21:40.963+0000] {processor.py:157} INFO - Started process (PID=19386) to work on /opt/airflow/dags/green_data_ingestion_azure_dag.py
[2025-03-06T13:21:40.964+0000] {processor.py:829} INFO - Processing file /opt/airflow/dags/green_data_ingestion_azure_dag.py for tasks to queue
[2025-03-06T13:21:40.965+0000] {logging_mixin.py:154} INFO - [2025-03-06T13:21:40.964+0000] {dagbag.py:536} INFO - Filling up the DagBag from /opt/airflow/dags/green_data_ingestion_azure_dag.py
[2025-03-06T13:21:40.968+0000] {logging_mixin.py:154} INFO - [2025-03-06T13:21:40.967+0000] {dagbag.py:346} ERROR - Failed to import: /opt/airflow/dags/green_data_ingestion_azure_dag.py
Traceback (most recent call last):
  File "/home/airflow/.local/lib/python3.8/site-packages/airflow/models/dagbag.py", line 342, in parse
    loader.exec_module(new_module)
  File "<frozen importlib._bootstrap_external>", line 843, in exec_module
  File "<frozen importlib._bootstrap>", line 219, in _call_with_frames_removed
  File "/opt/airflow/dags/green_data_ingestion_azure_dag.py", line 11, in <module>
    from airflow.providers.microsoft.azure.operators.synapse_spark import AzureSynapseSparkOperator
ModuleNotFoundError: No module named 'airflow.providers.microsoft.azure.operators.synapse_spark'
[2025-03-06T13:21:40.969+0000] {processor.py:841} WARNING - No viable dags retrieved from /opt/airflow/dags/green_data_ingestion_azure_dag.py
[2025-03-06T13:21:40.980+0000] {processor.py:179} INFO - Processing /opt/airflow/dags/green_data_ingestion_azure_dag.py took 0.020 seconds
[2025-03-06T13:22:11.591+0000] {processor.py:157} INFO - Started process (PID=19442) to work on /opt/airflow/dags/green_data_ingestion_azure_dag.py
[2025-03-06T13:22:11.592+0000] {processor.py:829} INFO - Processing file /opt/airflow/dags/green_data_ingestion_azure_dag.py for tasks to queue
[2025-03-06T13:22:11.592+0000] {logging_mixin.py:154} INFO - [2025-03-06T13:22:11.592+0000] {dagbag.py:536} INFO - Filling up the DagBag from /opt/airflow/dags/green_data_ingestion_azure_dag.py
[2025-03-06T13:22:11.594+0000] {logging_mixin.py:154} INFO - [2025-03-06T13:22:11.594+0000] {dagbag.py:346} ERROR - Failed to import: /opt/airflow/dags/green_data_ingestion_azure_dag.py
Traceback (most recent call last):
  File "/home/airflow/.local/lib/python3.8/site-packages/airflow/models/dagbag.py", line 342, in parse
    loader.exec_module(new_module)
  File "<frozen importlib._bootstrap_external>", line 843, in exec_module
  File "<frozen importlib._bootstrap>", line 219, in _call_with_frames_removed
  File "/opt/airflow/dags/green_data_ingestion_azure_dag.py", line 11, in <module>
    from airflow.providers.microsoft.azure.operators.synapse_spark import AzureSynapseSparkOperator
ModuleNotFoundError: No module named 'airflow.providers.microsoft.azure.operators.synapse_spark'
[2025-03-06T13:22:11.595+0000] {processor.py:841} WARNING - No viable dags retrieved from /opt/airflow/dags/green_data_ingestion_azure_dag.py
[2025-03-06T13:22:11.603+0000] {processor.py:179} INFO - Processing /opt/airflow/dags/green_data_ingestion_azure_dag.py took 0.013 seconds
[2025-03-06T13:22:42.572+0000] {processor.py:157} INFO - Started process (PID=19497) to work on /opt/airflow/dags/green_data_ingestion_azure_dag.py
[2025-03-06T13:22:42.573+0000] {processor.py:829} INFO - Processing file /opt/airflow/dags/green_data_ingestion_azure_dag.py for tasks to queue
[2025-03-06T13:22:42.574+0000] {logging_mixin.py:154} INFO - [2025-03-06T13:22:42.573+0000] {dagbag.py:536} INFO - Filling up the DagBag from /opt/airflow/dags/green_data_ingestion_azure_dag.py
[2025-03-06T13:22:42.577+0000] {logging_mixin.py:154} INFO - [2025-03-06T13:22:42.576+0000] {dagbag.py:346} ERROR - Failed to import: /opt/airflow/dags/green_data_ingestion_azure_dag.py
Traceback (most recent call last):
  File "/home/airflow/.local/lib/python3.8/site-packages/airflow/models/dagbag.py", line 342, in parse
    loader.exec_module(new_module)
  File "<frozen importlib._bootstrap_external>", line 843, in exec_module
  File "<frozen importlib._bootstrap>", line 219, in _call_with_frames_removed
  File "/opt/airflow/dags/green_data_ingestion_azure_dag.py", line 11, in <module>
    from airflow.providers.microsoft.azure.operators.synapse_spark import AzureSynapseSparkOperator
ModuleNotFoundError: No module named 'airflow.providers.microsoft.azure.operators.synapse_spark'
[2025-03-06T13:22:42.577+0000] {processor.py:841} WARNING - No viable dags retrieved from /opt/airflow/dags/green_data_ingestion_azure_dag.py
[2025-03-06T13:22:42.589+0000] {processor.py:179} INFO - Processing /opt/airflow/dags/green_data_ingestion_azure_dag.py took 0.020 seconds
[2025-03-06T13:23:13.107+0000] {processor.py:157} INFO - Started process (PID=19553) to work on /opt/airflow/dags/green_data_ingestion_azure_dag.py
[2025-03-06T13:23:13.108+0000] {processor.py:829} INFO - Processing file /opt/airflow/dags/green_data_ingestion_azure_dag.py for tasks to queue
[2025-03-06T13:23:13.109+0000] {logging_mixin.py:154} INFO - [2025-03-06T13:23:13.109+0000] {dagbag.py:536} INFO - Filling up the DagBag from /opt/airflow/dags/green_data_ingestion_azure_dag.py
[2025-03-06T13:23:13.113+0000] {logging_mixin.py:154} INFO - [2025-03-06T13:23:13.112+0000] {dagbag.py:346} ERROR - Failed to import: /opt/airflow/dags/green_data_ingestion_azure_dag.py
Traceback (most recent call last):
  File "/home/airflow/.local/lib/python3.8/site-packages/airflow/models/dagbag.py", line 342, in parse
    loader.exec_module(new_module)
  File "<frozen importlib._bootstrap_external>", line 843, in exec_module
  File "<frozen importlib._bootstrap>", line 219, in _call_with_frames_removed
  File "/opt/airflow/dags/green_data_ingestion_azure_dag.py", line 11, in <module>
    from airflow.providers.microsoft.azure.operators.synapse_spark import AzureSynapseSparkOperator
ModuleNotFoundError: No module named 'airflow.providers.microsoft.azure.operators.synapse_spark'
[2025-03-06T13:23:13.114+0000] {processor.py:841} WARNING - No viable dags retrieved from /opt/airflow/dags/green_data_ingestion_azure_dag.py
[2025-03-06T13:23:13.128+0000] {processor.py:179} INFO - Processing /opt/airflow/dags/green_data_ingestion_azure_dag.py took 0.024 seconds
[2025-03-06T13:23:43.675+0000] {processor.py:157} INFO - Started process (PID=19608) to work on /opt/airflow/dags/green_data_ingestion_azure_dag.py
[2025-03-06T13:23:43.676+0000] {processor.py:829} INFO - Processing file /opt/airflow/dags/green_data_ingestion_azure_dag.py for tasks to queue
[2025-03-06T13:23:43.677+0000] {logging_mixin.py:154} INFO - [2025-03-06T13:23:43.677+0000] {dagbag.py:536} INFO - Filling up the DagBag from /opt/airflow/dags/green_data_ingestion_azure_dag.py
[2025-03-06T13:23:43.681+0000] {logging_mixin.py:154} INFO - [2025-03-06T13:23:43.680+0000] {dagbag.py:346} ERROR - Failed to import: /opt/airflow/dags/green_data_ingestion_azure_dag.py
Traceback (most recent call last):
  File "/home/airflow/.local/lib/python3.8/site-packages/airflow/models/dagbag.py", line 342, in parse
    loader.exec_module(new_module)
  File "<frozen importlib._bootstrap_external>", line 843, in exec_module
  File "<frozen importlib._bootstrap>", line 219, in _call_with_frames_removed
  File "/opt/airflow/dags/green_data_ingestion_azure_dag.py", line 11, in <module>
    from airflow.providers.microsoft.azure.operators.synapse_spark import AzureSynapseSparkOperator
ModuleNotFoundError: No module named 'airflow.providers.microsoft.azure.operators.synapse_spark'
[2025-03-06T13:23:43.681+0000] {processor.py:841} WARNING - No viable dags retrieved from /opt/airflow/dags/green_data_ingestion_azure_dag.py
[2025-03-06T13:23:43.694+0000] {processor.py:179} INFO - Processing /opt/airflow/dags/green_data_ingestion_azure_dag.py took 0.021 seconds
[2025-03-06T13:24:14.188+0000] {processor.py:157} INFO - Started process (PID=19664) to work on /opt/airflow/dags/green_data_ingestion_azure_dag.py
[2025-03-06T13:24:14.189+0000] {processor.py:829} INFO - Processing file /opt/airflow/dags/green_data_ingestion_azure_dag.py for tasks to queue
[2025-03-06T13:24:14.189+0000] {logging_mixin.py:154} INFO - [2025-03-06T13:24:14.189+0000] {dagbag.py:536} INFO - Filling up the DagBag from /opt/airflow/dags/green_data_ingestion_azure_dag.py
[2025-03-06T13:24:14.192+0000] {logging_mixin.py:154} INFO - [2025-03-06T13:24:14.192+0000] {dagbag.py:346} ERROR - Failed to import: /opt/airflow/dags/green_data_ingestion_azure_dag.py
Traceback (most recent call last):
  File "/home/airflow/.local/lib/python3.8/site-packages/airflow/models/dagbag.py", line 342, in parse
    loader.exec_module(new_module)
  File "<frozen importlib._bootstrap_external>", line 843, in exec_module
  File "<frozen importlib._bootstrap>", line 219, in _call_with_frames_removed
  File "/opt/airflow/dags/green_data_ingestion_azure_dag.py", line 11, in <module>
    from airflow.providers.microsoft.azure.operators.synapse_spark import AzureSynapseSparkOperator
ModuleNotFoundError: No module named 'airflow.providers.microsoft.azure.operators.synapse_spark'
[2025-03-06T13:24:14.192+0000] {processor.py:841} WARNING - No viable dags retrieved from /opt/airflow/dags/green_data_ingestion_azure_dag.py
[2025-03-06T13:24:14.203+0000] {processor.py:179} INFO - Processing /opt/airflow/dags/green_data_ingestion_azure_dag.py took 0.017 seconds
[2025-03-06T13:24:44.743+0000] {processor.py:157} INFO - Started process (PID=19720) to work on /opt/airflow/dags/green_data_ingestion_azure_dag.py
[2025-03-06T13:24:44.744+0000] {processor.py:829} INFO - Processing file /opt/airflow/dags/green_data_ingestion_azure_dag.py for tasks to queue
[2025-03-06T13:24:44.745+0000] {logging_mixin.py:154} INFO - [2025-03-06T13:24:44.744+0000] {dagbag.py:536} INFO - Filling up the DagBag from /opt/airflow/dags/green_data_ingestion_azure_dag.py
[2025-03-06T13:24:44.749+0000] {logging_mixin.py:154} INFO - [2025-03-06T13:24:44.748+0000] {dagbag.py:346} ERROR - Failed to import: /opt/airflow/dags/green_data_ingestion_azure_dag.py
Traceback (most recent call last):
  File "/home/airflow/.local/lib/python3.8/site-packages/airflow/models/dagbag.py", line 342, in parse
    loader.exec_module(new_module)
  File "<frozen importlib._bootstrap_external>", line 843, in exec_module
  File "<frozen importlib._bootstrap>", line 219, in _call_with_frames_removed
  File "/opt/airflow/dags/green_data_ingestion_azure_dag.py", line 11, in <module>
    from airflow.providers.microsoft.azure.operators.synapse_spark import AzureSynapseSparkOperator
ModuleNotFoundError: No module named 'airflow.providers.microsoft.azure.operators.synapse_spark'
[2025-03-06T13:24:44.749+0000] {processor.py:841} WARNING - No viable dags retrieved from /opt/airflow/dags/green_data_ingestion_azure_dag.py
[2025-03-06T13:24:44.763+0000] {processor.py:179} INFO - Processing /opt/airflow/dags/green_data_ingestion_azure_dag.py took 0.023 seconds
[2025-03-06T13:25:15.312+0000] {processor.py:157} INFO - Started process (PID=19776) to work on /opt/airflow/dags/green_data_ingestion_azure_dag.py
[2025-03-06T13:25:15.313+0000] {processor.py:829} INFO - Processing file /opt/airflow/dags/green_data_ingestion_azure_dag.py for tasks to queue
[2025-03-06T13:25:15.314+0000] {logging_mixin.py:154} INFO - [2025-03-06T13:25:15.314+0000] {dagbag.py:536} INFO - Filling up the DagBag from /opt/airflow/dags/green_data_ingestion_azure_dag.py
[2025-03-06T13:25:15.318+0000] {logging_mixin.py:154} INFO - [2025-03-06T13:25:15.317+0000] {dagbag.py:346} ERROR - Failed to import: /opt/airflow/dags/green_data_ingestion_azure_dag.py
Traceback (most recent call last):
  File "/home/airflow/.local/lib/python3.8/site-packages/airflow/models/dagbag.py", line 342, in parse
    loader.exec_module(new_module)
  File "<frozen importlib._bootstrap_external>", line 843, in exec_module
  File "<frozen importlib._bootstrap>", line 219, in _call_with_frames_removed
  File "/opt/airflow/dags/green_data_ingestion_azure_dag.py", line 11, in <module>
    from airflow.providers.microsoft.azure.operators.synapse_spark import AzureSynapseSparkOperator
ModuleNotFoundError: No module named 'airflow.providers.microsoft.azure.operators.synapse_spark'
[2025-03-06T13:25:15.318+0000] {processor.py:841} WARNING - No viable dags retrieved from /opt/airflow/dags/green_data_ingestion_azure_dag.py
[2025-03-06T13:25:15.331+0000] {processor.py:179} INFO - Processing /opt/airflow/dags/green_data_ingestion_azure_dag.py took 0.021 seconds
[2025-03-06T13:25:45.914+0000] {processor.py:157} INFO - Started process (PID=19832) to work on /opt/airflow/dags/green_data_ingestion_azure_dag.py
[2025-03-06T13:25:45.915+0000] {processor.py:829} INFO - Processing file /opt/airflow/dags/green_data_ingestion_azure_dag.py for tasks to queue
[2025-03-06T13:25:45.915+0000] {logging_mixin.py:154} INFO - [2025-03-06T13:25:45.915+0000] {dagbag.py:536} INFO - Filling up the DagBag from /opt/airflow/dags/green_data_ingestion_azure_dag.py
[2025-03-06T13:25:45.919+0000] {logging_mixin.py:154} INFO - [2025-03-06T13:25:45.918+0000] {dagbag.py:346} ERROR - Failed to import: /opt/airflow/dags/green_data_ingestion_azure_dag.py
Traceback (most recent call last):
  File "/home/airflow/.local/lib/python3.8/site-packages/airflow/models/dagbag.py", line 342, in parse
    loader.exec_module(new_module)
  File "<frozen importlib._bootstrap_external>", line 843, in exec_module
  File "<frozen importlib._bootstrap>", line 219, in _call_with_frames_removed
  File "/opt/airflow/dags/green_data_ingestion_azure_dag.py", line 11, in <module>
    from airflow.providers.microsoft.azure.operators.synapse_spark import AzureSynapseSparkOperator
ModuleNotFoundError: No module named 'airflow.providers.microsoft.azure.operators.synapse_spark'
[2025-03-06T13:25:45.919+0000] {processor.py:841} WARNING - No viable dags retrieved from /opt/airflow/dags/green_data_ingestion_azure_dag.py
[2025-03-06T13:25:45.931+0000] {processor.py:179} INFO - Processing /opt/airflow/dags/green_data_ingestion_azure_dag.py took 0.020 seconds
[2025-03-06T13:26:16.453+0000] {processor.py:157} INFO - Started process (PID=19888) to work on /opt/airflow/dags/green_data_ingestion_azure_dag.py
[2025-03-06T13:26:16.454+0000] {processor.py:829} INFO - Processing file /opt/airflow/dags/green_data_ingestion_azure_dag.py for tasks to queue
[2025-03-06T13:26:16.455+0000] {logging_mixin.py:154} INFO - [2025-03-06T13:26:16.455+0000] {dagbag.py:536} INFO - Filling up the DagBag from /opt/airflow/dags/green_data_ingestion_azure_dag.py
[2025-03-06T13:26:16.459+0000] {logging_mixin.py:154} INFO - [2025-03-06T13:26:16.458+0000] {dagbag.py:346} ERROR - Failed to import: /opt/airflow/dags/green_data_ingestion_azure_dag.py
Traceback (most recent call last):
  File "/home/airflow/.local/lib/python3.8/site-packages/airflow/models/dagbag.py", line 342, in parse
    loader.exec_module(new_module)
  File "<frozen importlib._bootstrap_external>", line 843, in exec_module
  File "<frozen importlib._bootstrap>", line 219, in _call_with_frames_removed
  File "/opt/airflow/dags/green_data_ingestion_azure_dag.py", line 11, in <module>
    from airflow.providers.microsoft.azure.operators.synapse_spark import AzureSynapseSparkOperator
ModuleNotFoundError: No module named 'airflow.providers.microsoft.azure.operators.synapse_spark'
[2025-03-06T13:26:16.459+0000] {processor.py:841} WARNING - No viable dags retrieved from /opt/airflow/dags/green_data_ingestion_azure_dag.py
[2025-03-06T13:26:16.472+0000] {processor.py:179} INFO - Processing /opt/airflow/dags/green_data_ingestion_azure_dag.py took 0.021 seconds
[2025-03-06T13:26:46.953+0000] {processor.py:157} INFO - Started process (PID=19944) to work on /opt/airflow/dags/green_data_ingestion_azure_dag.py
[2025-03-06T13:26:46.953+0000] {processor.py:829} INFO - Processing file /opt/airflow/dags/green_data_ingestion_azure_dag.py for tasks to queue
[2025-03-06T13:26:46.954+0000] {logging_mixin.py:154} INFO - [2025-03-06T13:26:46.954+0000] {dagbag.py:536} INFO - Filling up the DagBag from /opt/airflow/dags/green_data_ingestion_azure_dag.py
[2025-03-06T13:26:46.957+0000] {logging_mixin.py:154} INFO - [2025-03-06T13:26:46.957+0000] {dagbag.py:346} ERROR - Failed to import: /opt/airflow/dags/green_data_ingestion_azure_dag.py
Traceback (most recent call last):
  File "/home/airflow/.local/lib/python3.8/site-packages/airflow/models/dagbag.py", line 342, in parse
    loader.exec_module(new_module)
  File "<frozen importlib._bootstrap_external>", line 843, in exec_module
  File "<frozen importlib._bootstrap>", line 219, in _call_with_frames_removed
  File "/opt/airflow/dags/green_data_ingestion_azure_dag.py", line 11, in <module>
    from airflow.providers.microsoft.azure.operators.synapse_spark import AzureSynapseSparkOperator
ModuleNotFoundError: No module named 'airflow.providers.microsoft.azure.operators.synapse_spark'
[2025-03-06T13:26:46.958+0000] {processor.py:841} WARNING - No viable dags retrieved from /opt/airflow/dags/green_data_ingestion_azure_dag.py
[2025-03-06T13:26:46.969+0000] {processor.py:179} INFO - Processing /opt/airflow/dags/green_data_ingestion_azure_dag.py took 0.019 seconds
[2025-03-06T13:27:17.551+0000] {processor.py:157} INFO - Started process (PID=20000) to work on /opt/airflow/dags/green_data_ingestion_azure_dag.py
[2025-03-06T13:27:17.552+0000] {processor.py:829} INFO - Processing file /opt/airflow/dags/green_data_ingestion_azure_dag.py for tasks to queue
[2025-03-06T13:27:17.552+0000] {logging_mixin.py:154} INFO - [2025-03-06T13:27:17.552+0000] {dagbag.py:536} INFO - Filling up the DagBag from /opt/airflow/dags/green_data_ingestion_azure_dag.py
[2025-03-06T13:27:17.556+0000] {logging_mixin.py:154} INFO - [2025-03-06T13:27:17.555+0000] {dagbag.py:346} ERROR - Failed to import: /opt/airflow/dags/green_data_ingestion_azure_dag.py
Traceback (most recent call last):
  File "/home/airflow/.local/lib/python3.8/site-packages/airflow/models/dagbag.py", line 342, in parse
    loader.exec_module(new_module)
  File "<frozen importlib._bootstrap_external>", line 843, in exec_module
  File "<frozen importlib._bootstrap>", line 219, in _call_with_frames_removed
  File "/opt/airflow/dags/green_data_ingestion_azure_dag.py", line 11, in <module>
    from airflow.providers.microsoft.azure.operators.synapse_spark import AzureSynapseSparkOperator
ModuleNotFoundError: No module named 'airflow.providers.microsoft.azure.operators.synapse_spark'
[2025-03-06T13:27:17.556+0000] {processor.py:841} WARNING - No viable dags retrieved from /opt/airflow/dags/green_data_ingestion_azure_dag.py
[2025-03-06T13:27:17.566+0000] {processor.py:179} INFO - Processing /opt/airflow/dags/green_data_ingestion_azure_dag.py took 0.017 seconds
[2025-03-06T13:27:48.104+0000] {processor.py:157} INFO - Started process (PID=20056) to work on /opt/airflow/dags/green_data_ingestion_azure_dag.py
[2025-03-06T13:27:48.105+0000] {processor.py:829} INFO - Processing file /opt/airflow/dags/green_data_ingestion_azure_dag.py for tasks to queue
[2025-03-06T13:27:48.105+0000] {logging_mixin.py:154} INFO - [2025-03-06T13:27:48.105+0000] {dagbag.py:536} INFO - Filling up the DagBag from /opt/airflow/dags/green_data_ingestion_azure_dag.py
[2025-03-06T13:27:48.109+0000] {logging_mixin.py:154} INFO - [2025-03-06T13:27:48.108+0000] {dagbag.py:346} ERROR - Failed to import: /opt/airflow/dags/green_data_ingestion_azure_dag.py
Traceback (most recent call last):
  File "/home/airflow/.local/lib/python3.8/site-packages/airflow/models/dagbag.py", line 342, in parse
    loader.exec_module(new_module)
  File "<frozen importlib._bootstrap_external>", line 843, in exec_module
  File "<frozen importlib._bootstrap>", line 219, in _call_with_frames_removed
  File "/opt/airflow/dags/green_data_ingestion_azure_dag.py", line 11, in <module>
    from airflow.providers.microsoft.azure.operators.synapse_spark import AzureSynapseSparkOperator
ModuleNotFoundError: No module named 'airflow.providers.microsoft.azure.operators.synapse_spark'
[2025-03-06T13:27:48.110+0000] {processor.py:841} WARNING - No viable dags retrieved from /opt/airflow/dags/green_data_ingestion_azure_dag.py
[2025-03-06T13:27:48.122+0000] {processor.py:179} INFO - Processing /opt/airflow/dags/green_data_ingestion_azure_dag.py took 0.021 seconds
[2025-03-06T13:28:18.770+0000] {processor.py:157} INFO - Started process (PID=20112) to work on /opt/airflow/dags/green_data_ingestion_azure_dag.py
[2025-03-06T13:28:18.771+0000] {processor.py:829} INFO - Processing file /opt/airflow/dags/green_data_ingestion_azure_dag.py for tasks to queue
[2025-03-06T13:28:18.771+0000] {logging_mixin.py:154} INFO - [2025-03-06T13:28:18.771+0000] {dagbag.py:536} INFO - Filling up the DagBag from /opt/airflow/dags/green_data_ingestion_azure_dag.py
[2025-03-06T13:28:18.776+0000] {logging_mixin.py:154} INFO - [2025-03-06T13:28:18.775+0000] {dagbag.py:346} ERROR - Failed to import: /opt/airflow/dags/green_data_ingestion_azure_dag.py
Traceback (most recent call last):
  File "/home/airflow/.local/lib/python3.8/site-packages/airflow/models/dagbag.py", line 342, in parse
    loader.exec_module(new_module)
  File "<frozen importlib._bootstrap_external>", line 843, in exec_module
  File "<frozen importlib._bootstrap>", line 219, in _call_with_frames_removed
  File "/opt/airflow/dags/green_data_ingestion_azure_dag.py", line 11, in <module>
    from airflow.providers.microsoft.azure.operators.synapse_spark import AzureSynapseSparkOperator
ModuleNotFoundError: No module named 'airflow.providers.microsoft.azure.operators.synapse_spark'
[2025-03-06T13:28:18.776+0000] {processor.py:841} WARNING - No viable dags retrieved from /opt/airflow/dags/green_data_ingestion_azure_dag.py
[2025-03-06T13:28:18.789+0000] {processor.py:179} INFO - Processing /opt/airflow/dags/green_data_ingestion_azure_dag.py took 0.023 seconds
[2025-03-06T13:28:49.328+0000] {processor.py:157} INFO - Started process (PID=20168) to work on /opt/airflow/dags/green_data_ingestion_azure_dag.py
[2025-03-06T13:28:49.329+0000] {processor.py:829} INFO - Processing file /opt/airflow/dags/green_data_ingestion_azure_dag.py for tasks to queue
[2025-03-06T13:28:49.330+0000] {logging_mixin.py:154} INFO - [2025-03-06T13:28:49.329+0000] {dagbag.py:536} INFO - Filling up the DagBag from /opt/airflow/dags/green_data_ingestion_azure_dag.py
[2025-03-06T13:28:49.334+0000] {logging_mixin.py:154} INFO - [2025-03-06T13:28:49.333+0000] {dagbag.py:346} ERROR - Failed to import: /opt/airflow/dags/green_data_ingestion_azure_dag.py
Traceback (most recent call last):
  File "/home/airflow/.local/lib/python3.8/site-packages/airflow/models/dagbag.py", line 342, in parse
    loader.exec_module(new_module)
  File "<frozen importlib._bootstrap_external>", line 843, in exec_module
  File "<frozen importlib._bootstrap>", line 219, in _call_with_frames_removed
  File "/opt/airflow/dags/green_data_ingestion_azure_dag.py", line 11, in <module>
    from airflow.providers.microsoft.azure.operators.synapse_spark import AzureSynapseSparkOperator
ModuleNotFoundError: No module named 'airflow.providers.microsoft.azure.operators.synapse_spark'
[2025-03-06T13:28:49.334+0000] {processor.py:841} WARNING - No viable dags retrieved from /opt/airflow/dags/green_data_ingestion_azure_dag.py
[2025-03-06T13:28:49.348+0000] {processor.py:179} INFO - Processing /opt/airflow/dags/green_data_ingestion_azure_dag.py took 0.023 seconds
[2025-03-06T13:29:19.854+0000] {processor.py:157} INFO - Started process (PID=20224) to work on /opt/airflow/dags/green_data_ingestion_azure_dag.py
[2025-03-06T13:29:19.854+0000] {processor.py:829} INFO - Processing file /opt/airflow/dags/green_data_ingestion_azure_dag.py for tasks to queue
[2025-03-06T13:29:19.855+0000] {logging_mixin.py:154} INFO - [2025-03-06T13:29:19.855+0000] {dagbag.py:536} INFO - Filling up the DagBag from /opt/airflow/dags/green_data_ingestion_azure_dag.py
[2025-03-06T13:29:19.859+0000] {logging_mixin.py:154} INFO - [2025-03-06T13:29:19.858+0000] {dagbag.py:346} ERROR - Failed to import: /opt/airflow/dags/green_data_ingestion_azure_dag.py
Traceback (most recent call last):
  File "/home/airflow/.local/lib/python3.8/site-packages/airflow/models/dagbag.py", line 342, in parse
    loader.exec_module(new_module)
  File "<frozen importlib._bootstrap_external>", line 843, in exec_module
  File "<frozen importlib._bootstrap>", line 219, in _call_with_frames_removed
  File "/opt/airflow/dags/green_data_ingestion_azure_dag.py", line 11, in <module>
    from airflow.providers.microsoft.azure.operators.synapse_spark import AzureSynapseSparkOperator
ModuleNotFoundError: No module named 'airflow.providers.microsoft.azure.operators.synapse_spark'
[2025-03-06T13:29:19.859+0000] {processor.py:841} WARNING - No viable dags retrieved from /opt/airflow/dags/green_data_ingestion_azure_dag.py
[2025-03-06T13:29:19.871+0000] {processor.py:179} INFO - Processing /opt/airflow/dags/green_data_ingestion_azure_dag.py took 0.021 seconds
[2025-03-06T13:29:50.442+0000] {processor.py:157} INFO - Started process (PID=20280) to work on /opt/airflow/dags/green_data_ingestion_azure_dag.py
[2025-03-06T13:29:50.443+0000] {processor.py:829} INFO - Processing file /opt/airflow/dags/green_data_ingestion_azure_dag.py for tasks to queue
[2025-03-06T13:29:50.443+0000] {logging_mixin.py:154} INFO - [2025-03-06T13:29:50.443+0000] {dagbag.py:536} INFO - Filling up the DagBag from /opt/airflow/dags/green_data_ingestion_azure_dag.py
[2025-03-06T13:29:50.448+0000] {logging_mixin.py:154} INFO - [2025-03-06T13:29:50.447+0000] {dagbag.py:346} ERROR - Failed to import: /opt/airflow/dags/green_data_ingestion_azure_dag.py
Traceback (most recent call last):
  File "/home/airflow/.local/lib/python3.8/site-packages/airflow/models/dagbag.py", line 342, in parse
    loader.exec_module(new_module)
  File "<frozen importlib._bootstrap_external>", line 843, in exec_module
  File "<frozen importlib._bootstrap>", line 219, in _call_with_frames_removed
  File "/opt/airflow/dags/green_data_ingestion_azure_dag.py", line 11, in <module>
    from airflow.providers.microsoft.azure.operators.synapse_spark import AzureSynapseSparkOperator
ModuleNotFoundError: No module named 'airflow.providers.microsoft.azure.operators.synapse_spark'
[2025-03-06T13:29:50.448+0000] {processor.py:841} WARNING - No viable dags retrieved from /opt/airflow/dags/green_data_ingestion_azure_dag.py
[2025-03-06T13:29:50.461+0000] {processor.py:179} INFO - Processing /opt/airflow/dags/green_data_ingestion_azure_dag.py took 0.022 seconds
[2025-03-06T13:30:21.048+0000] {processor.py:157} INFO - Started process (PID=20336) to work on /opt/airflow/dags/green_data_ingestion_azure_dag.py
[2025-03-06T13:30:21.048+0000] {processor.py:829} INFO - Processing file /opt/airflow/dags/green_data_ingestion_azure_dag.py for tasks to queue
[2025-03-06T13:30:21.049+0000] {logging_mixin.py:154} INFO - [2025-03-06T13:30:21.049+0000] {dagbag.py:536} INFO - Filling up the DagBag from /opt/airflow/dags/green_data_ingestion_azure_dag.py
[2025-03-06T13:30:21.053+0000] {logging_mixin.py:154} INFO - [2025-03-06T13:30:21.052+0000] {dagbag.py:346} ERROR - Failed to import: /opt/airflow/dags/green_data_ingestion_azure_dag.py
Traceback (most recent call last):
  File "/home/airflow/.local/lib/python3.8/site-packages/airflow/models/dagbag.py", line 342, in parse
    loader.exec_module(new_module)
  File "<frozen importlib._bootstrap_external>", line 843, in exec_module
  File "<frozen importlib._bootstrap>", line 219, in _call_with_frames_removed
  File "/opt/airflow/dags/green_data_ingestion_azure_dag.py", line 11, in <module>
    from airflow.providers.microsoft.azure.operators.synapse_spark import AzureSynapseSparkOperator
ModuleNotFoundError: No module named 'airflow.providers.microsoft.azure.operators.synapse_spark'
[2025-03-06T13:30:21.054+0000] {processor.py:841} WARNING - No viable dags retrieved from /opt/airflow/dags/green_data_ingestion_azure_dag.py
[2025-03-06T13:30:21.067+0000] {processor.py:179} INFO - Processing /opt/airflow/dags/green_data_ingestion_azure_dag.py took 0.023 seconds
[2025-03-06T13:30:51.651+0000] {processor.py:157} INFO - Started process (PID=20399) to work on /opt/airflow/dags/green_data_ingestion_azure_dag.py
[2025-03-06T13:30:51.652+0000] {processor.py:829} INFO - Processing file /opt/airflow/dags/green_data_ingestion_azure_dag.py for tasks to queue
[2025-03-06T13:30:51.653+0000] {logging_mixin.py:154} INFO - [2025-03-06T13:30:51.653+0000] {dagbag.py:536} INFO - Filling up the DagBag from /opt/airflow/dags/green_data_ingestion_azure_dag.py
[2025-03-06T13:30:51.656+0000] {logging_mixin.py:154} INFO - [2025-03-06T13:30:51.655+0000] {dagbag.py:346} ERROR - Failed to import: /opt/airflow/dags/green_data_ingestion_azure_dag.py
Traceback (most recent call last):
  File "/home/airflow/.local/lib/python3.8/site-packages/airflow/models/dagbag.py", line 342, in parse
    loader.exec_module(new_module)
  File "<frozen importlib._bootstrap_external>", line 843, in exec_module
  File "<frozen importlib._bootstrap>", line 219, in _call_with_frames_removed
  File "/opt/airflow/dags/green_data_ingestion_azure_dag.py", line 11, in <module>
    from airflow.providers.microsoft.azure.operators.synapse_spark import AzureSynapseSparkOperator
ModuleNotFoundError: No module named 'airflow.providers.microsoft.azure.operators.synapse_spark'
[2025-03-06T13:30:51.656+0000] {processor.py:841} WARNING - No viable dags retrieved from /opt/airflow/dags/green_data_ingestion_azure_dag.py
[2025-03-06T13:30:51.667+0000] {processor.py:179} INFO - Processing /opt/airflow/dags/green_data_ingestion_azure_dag.py took 0.018 seconds
[2025-03-06T13:31:22.191+0000] {processor.py:157} INFO - Started process (PID=20455) to work on /opt/airflow/dags/green_data_ingestion_azure_dag.py
[2025-03-06T13:31:22.192+0000] {processor.py:829} INFO - Processing file /opt/airflow/dags/green_data_ingestion_azure_dag.py for tasks to queue
[2025-03-06T13:31:22.193+0000] {logging_mixin.py:154} INFO - [2025-03-06T13:31:22.193+0000] {dagbag.py:536} INFO - Filling up the DagBag from /opt/airflow/dags/green_data_ingestion_azure_dag.py
[2025-03-06T13:31:22.197+0000] {logging_mixin.py:154} INFO - [2025-03-06T13:31:22.196+0000] {dagbag.py:346} ERROR - Failed to import: /opt/airflow/dags/green_data_ingestion_azure_dag.py
Traceback (most recent call last):
  File "/home/airflow/.local/lib/python3.8/site-packages/airflow/models/dagbag.py", line 342, in parse
    loader.exec_module(new_module)
  File "<frozen importlib._bootstrap_external>", line 843, in exec_module
  File "<frozen importlib._bootstrap>", line 219, in _call_with_frames_removed
  File "/opt/airflow/dags/green_data_ingestion_azure_dag.py", line 11, in <module>
    from airflow.providers.microsoft.azure.operators.synapse_spark import AzureSynapseSparkOperator
ModuleNotFoundError: No module named 'airflow.providers.microsoft.azure.operators.synapse_spark'
[2025-03-06T13:31:22.197+0000] {processor.py:841} WARNING - No viable dags retrieved from /opt/airflow/dags/green_data_ingestion_azure_dag.py
[2025-03-06T13:31:22.211+0000] {processor.py:179} INFO - Processing /opt/airflow/dags/green_data_ingestion_azure_dag.py took 0.024 seconds
[2025-03-06T13:31:52.798+0000] {processor.py:157} INFO - Started process (PID=20511) to work on /opt/airflow/dags/green_data_ingestion_azure_dag.py
[2025-03-06T13:31:52.799+0000] {processor.py:829} INFO - Processing file /opt/airflow/dags/green_data_ingestion_azure_dag.py for tasks to queue
[2025-03-06T13:31:52.800+0000] {logging_mixin.py:154} INFO - [2025-03-06T13:31:52.799+0000] {dagbag.py:536} INFO - Filling up the DagBag from /opt/airflow/dags/green_data_ingestion_azure_dag.py
[2025-03-06T13:31:52.803+0000] {logging_mixin.py:154} INFO - [2025-03-06T13:31:52.803+0000] {dagbag.py:346} ERROR - Failed to import: /opt/airflow/dags/green_data_ingestion_azure_dag.py
Traceback (most recent call last):
  File "/home/airflow/.local/lib/python3.8/site-packages/airflow/models/dagbag.py", line 342, in parse
    loader.exec_module(new_module)
  File "<frozen importlib._bootstrap_external>", line 843, in exec_module
  File "<frozen importlib._bootstrap>", line 219, in _call_with_frames_removed
  File "/opt/airflow/dags/green_data_ingestion_azure_dag.py", line 11, in <module>
    from airflow.providers.microsoft.azure.operators.synapse_spark import AzureSynapseSparkOperator
ModuleNotFoundError: No module named 'airflow.providers.microsoft.azure.operators.synapse_spark'
[2025-03-06T13:31:52.804+0000] {processor.py:841} WARNING - No viable dags retrieved from /opt/airflow/dags/green_data_ingestion_azure_dag.py
[2025-03-06T13:31:52.816+0000] {processor.py:179} INFO - Processing /opt/airflow/dags/green_data_ingestion_azure_dag.py took 0.021 seconds
[2025-03-06T13:32:23.375+0000] {processor.py:157} INFO - Started process (PID=20567) to work on /opt/airflow/dags/green_data_ingestion_azure_dag.py
[2025-03-06T13:32:23.376+0000] {processor.py:829} INFO - Processing file /opt/airflow/dags/green_data_ingestion_azure_dag.py for tasks to queue
[2025-03-06T13:32:23.377+0000] {logging_mixin.py:154} INFO - [2025-03-06T13:32:23.376+0000] {dagbag.py:536} INFO - Filling up the DagBag from /opt/airflow/dags/green_data_ingestion_azure_dag.py
[2025-03-06T13:32:23.381+0000] {logging_mixin.py:154} INFO - [2025-03-06T13:32:23.380+0000] {dagbag.py:346} ERROR - Failed to import: /opt/airflow/dags/green_data_ingestion_azure_dag.py
Traceback (most recent call last):
  File "/home/airflow/.local/lib/python3.8/site-packages/airflow/models/dagbag.py", line 342, in parse
    loader.exec_module(new_module)
  File "<frozen importlib._bootstrap_external>", line 843, in exec_module
  File "<frozen importlib._bootstrap>", line 219, in _call_with_frames_removed
  File "/opt/airflow/dags/green_data_ingestion_azure_dag.py", line 11, in <module>
    from airflow.providers.microsoft.azure.operators.synapse_spark import AzureSynapseSparkOperator
ModuleNotFoundError: No module named 'airflow.providers.microsoft.azure.operators.synapse_spark'
[2025-03-06T13:32:23.381+0000] {processor.py:841} WARNING - No viable dags retrieved from /opt/airflow/dags/green_data_ingestion_azure_dag.py
[2025-03-06T13:32:23.396+0000] {processor.py:179} INFO - Processing /opt/airflow/dags/green_data_ingestion_azure_dag.py took 0.024 seconds
[2025-03-06T13:32:54.254+0000] {processor.py:157} INFO - Started process (PID=20623) to work on /opt/airflow/dags/green_data_ingestion_azure_dag.py
[2025-03-06T13:32:54.255+0000] {processor.py:829} INFO - Processing file /opt/airflow/dags/green_data_ingestion_azure_dag.py for tasks to queue
[2025-03-06T13:32:54.255+0000] {logging_mixin.py:154} INFO - [2025-03-06T13:32:54.255+0000] {dagbag.py:536} INFO - Filling up the DagBag from /opt/airflow/dags/green_data_ingestion_azure_dag.py
[2025-03-06T13:32:54.259+0000] {logging_mixin.py:154} INFO - [2025-03-06T13:32:54.258+0000] {dagbag.py:346} ERROR - Failed to import: /opt/airflow/dags/green_data_ingestion_azure_dag.py
Traceback (most recent call last):
  File "/home/airflow/.local/lib/python3.8/site-packages/airflow/models/dagbag.py", line 342, in parse
    loader.exec_module(new_module)
  File "<frozen importlib._bootstrap_external>", line 843, in exec_module
  File "<frozen importlib._bootstrap>", line 219, in _call_with_frames_removed
  File "/opt/airflow/dags/green_data_ingestion_azure_dag.py", line 11, in <module>
    from airflow.providers.microsoft.azure.operators.synapse_spark import AzureSynapseSparkOperator
ModuleNotFoundError: No module named 'airflow.providers.microsoft.azure.operators.synapse_spark'
[2025-03-06T13:32:54.260+0000] {processor.py:841} WARNING - No viable dags retrieved from /opt/airflow/dags/green_data_ingestion_azure_dag.py
[2025-03-06T13:32:54.271+0000] {processor.py:179} INFO - Processing /opt/airflow/dags/green_data_ingestion_azure_dag.py took 0.021 seconds
[2025-03-06T13:33:24.794+0000] {processor.py:157} INFO - Started process (PID=20679) to work on /opt/airflow/dags/green_data_ingestion_azure_dag.py
[2025-03-06T13:33:24.795+0000] {processor.py:829} INFO - Processing file /opt/airflow/dags/green_data_ingestion_azure_dag.py for tasks to queue
[2025-03-06T13:33:24.795+0000] {logging_mixin.py:154} INFO - [2025-03-06T13:33:24.795+0000] {dagbag.py:536} INFO - Filling up the DagBag from /opt/airflow/dags/green_data_ingestion_azure_dag.py
[2025-03-06T13:33:24.800+0000] {logging_mixin.py:154} INFO - [2025-03-06T13:33:24.799+0000] {dagbag.py:346} ERROR - Failed to import: /opt/airflow/dags/green_data_ingestion_azure_dag.py
Traceback (most recent call last):
  File "/home/airflow/.local/lib/python3.8/site-packages/airflow/models/dagbag.py", line 342, in parse
    loader.exec_module(new_module)
  File "<frozen importlib._bootstrap_external>", line 843, in exec_module
  File "<frozen importlib._bootstrap>", line 219, in _call_with_frames_removed
  File "/opt/airflow/dags/green_data_ingestion_azure_dag.py", line 11, in <module>
    from airflow.providers.microsoft.azure.operators.synapse_spark import AzureSynapseSparkOperator
ModuleNotFoundError: No module named 'airflow.providers.microsoft.azure.operators.synapse_spark'
[2025-03-06T13:33:24.800+0000] {processor.py:841} WARNING - No viable dags retrieved from /opt/airflow/dags/green_data_ingestion_azure_dag.py
[2025-03-06T13:33:24.814+0000] {processor.py:179} INFO - Processing /opt/airflow/dags/green_data_ingestion_azure_dag.py took 0.024 seconds
[2025-03-06T13:33:55.339+0000] {processor.py:157} INFO - Started process (PID=20735) to work on /opt/airflow/dags/green_data_ingestion_azure_dag.py
[2025-03-06T13:33:55.340+0000] {processor.py:829} INFO - Processing file /opt/airflow/dags/green_data_ingestion_azure_dag.py for tasks to queue
[2025-03-06T13:33:55.340+0000] {logging_mixin.py:154} INFO - [2025-03-06T13:33:55.340+0000] {dagbag.py:536} INFO - Filling up the DagBag from /opt/airflow/dags/green_data_ingestion_azure_dag.py
[2025-03-06T13:33:55.345+0000] {logging_mixin.py:154} INFO - [2025-03-06T13:33:55.344+0000] {dagbag.py:346} ERROR - Failed to import: /opt/airflow/dags/green_data_ingestion_azure_dag.py
Traceback (most recent call last):
  File "/home/airflow/.local/lib/python3.8/site-packages/airflow/models/dagbag.py", line 342, in parse
    loader.exec_module(new_module)
  File "<frozen importlib._bootstrap_external>", line 843, in exec_module
  File "<frozen importlib._bootstrap>", line 219, in _call_with_frames_removed
  File "/opt/airflow/dags/green_data_ingestion_azure_dag.py", line 11, in <module>
    from airflow.providers.microsoft.azure.operators.synapse_spark import AzureSynapseSparkOperator
ModuleNotFoundError: No module named 'airflow.providers.microsoft.azure.operators.synapse_spark'
[2025-03-06T13:33:55.345+0000] {processor.py:841} WARNING - No viable dags retrieved from /opt/airflow/dags/green_data_ingestion_azure_dag.py
[2025-03-06T13:33:55.359+0000] {processor.py:179} INFO - Processing /opt/airflow/dags/green_data_ingestion_azure_dag.py took 0.023 seconds
[2025-03-06T13:34:25.847+0000] {processor.py:157} INFO - Started process (PID=20791) to work on /opt/airflow/dags/green_data_ingestion_azure_dag.py
[2025-03-06T13:34:25.848+0000] {processor.py:829} INFO - Processing file /opt/airflow/dags/green_data_ingestion_azure_dag.py for tasks to queue
[2025-03-06T13:34:25.849+0000] {logging_mixin.py:154} INFO - [2025-03-06T13:34:25.848+0000] {dagbag.py:536} INFO - Filling up the DagBag from /opt/airflow/dags/green_data_ingestion_azure_dag.py
[2025-03-06T13:34:25.853+0000] {logging_mixin.py:154} INFO - [2025-03-06T13:34:25.852+0000] {dagbag.py:346} ERROR - Failed to import: /opt/airflow/dags/green_data_ingestion_azure_dag.py
Traceback (most recent call last):
  File "/home/airflow/.local/lib/python3.8/site-packages/airflow/models/dagbag.py", line 342, in parse
    loader.exec_module(new_module)
  File "<frozen importlib._bootstrap_external>", line 843, in exec_module
  File "<frozen importlib._bootstrap>", line 219, in _call_with_frames_removed
  File "/opt/airflow/dags/green_data_ingestion_azure_dag.py", line 11, in <module>
    from airflow.providers.microsoft.azure.operators.synapse_spark import AzureSynapseSparkOperator
ModuleNotFoundError: No module named 'airflow.providers.microsoft.azure.operators.synapse_spark'
[2025-03-06T13:34:25.853+0000] {processor.py:841} WARNING - No viable dags retrieved from /opt/airflow/dags/green_data_ingestion_azure_dag.py
[2025-03-06T13:34:25.866+0000] {processor.py:179} INFO - Processing /opt/airflow/dags/green_data_ingestion_azure_dag.py took 0.021 seconds
[2025-03-06T13:34:56.389+0000] {processor.py:157} INFO - Started process (PID=20847) to work on /opt/airflow/dags/green_data_ingestion_azure_dag.py
[2025-03-06T13:34:56.390+0000] {processor.py:829} INFO - Processing file /opt/airflow/dags/green_data_ingestion_azure_dag.py for tasks to queue
[2025-03-06T13:34:56.391+0000] {logging_mixin.py:154} INFO - [2025-03-06T13:34:56.390+0000] {dagbag.py:536} INFO - Filling up the DagBag from /opt/airflow/dags/green_data_ingestion_azure_dag.py
[2025-03-06T13:34:56.395+0000] {logging_mixin.py:154} INFO - [2025-03-06T13:34:56.394+0000] {dagbag.py:346} ERROR - Failed to import: /opt/airflow/dags/green_data_ingestion_azure_dag.py
Traceback (most recent call last):
  File "/home/airflow/.local/lib/python3.8/site-packages/airflow/models/dagbag.py", line 342, in parse
    loader.exec_module(new_module)
  File "<frozen importlib._bootstrap_external>", line 843, in exec_module
  File "<frozen importlib._bootstrap>", line 219, in _call_with_frames_removed
  File "/opt/airflow/dags/green_data_ingestion_azure_dag.py", line 11, in <module>
    from airflow.providers.microsoft.azure.operators.synapse_spark import AzureSynapseSparkOperator
ModuleNotFoundError: No module named 'airflow.providers.microsoft.azure.operators.synapse_spark'
[2025-03-06T13:34:56.396+0000] {processor.py:841} WARNING - No viable dags retrieved from /opt/airflow/dags/green_data_ingestion_azure_dag.py
[2025-03-06T13:34:56.411+0000] {processor.py:179} INFO - Processing /opt/airflow/dags/green_data_ingestion_azure_dag.py took 0.025 seconds
[2025-03-06T13:35:26.874+0000] {processor.py:157} INFO - Started process (PID=20903) to work on /opt/airflow/dags/green_data_ingestion_azure_dag.py
[2025-03-06T13:35:26.875+0000] {processor.py:829} INFO - Processing file /opt/airflow/dags/green_data_ingestion_azure_dag.py for tasks to queue
[2025-03-06T13:35:26.875+0000] {logging_mixin.py:154} INFO - [2025-03-06T13:35:26.875+0000] {dagbag.py:536} INFO - Filling up the DagBag from /opt/airflow/dags/green_data_ingestion_azure_dag.py
[2025-03-06T13:35:26.879+0000] {logging_mixin.py:154} INFO - [2025-03-06T13:35:26.878+0000] {dagbag.py:346} ERROR - Failed to import: /opt/airflow/dags/green_data_ingestion_azure_dag.py
Traceback (most recent call last):
  File "/home/airflow/.local/lib/python3.8/site-packages/airflow/models/dagbag.py", line 342, in parse
    loader.exec_module(new_module)
  File "<frozen importlib._bootstrap_external>", line 843, in exec_module
  File "<frozen importlib._bootstrap>", line 219, in _call_with_frames_removed
  File "/opt/airflow/dags/green_data_ingestion_azure_dag.py", line 11, in <module>
    from airflow.providers.microsoft.azure.operators.synapse_spark import AzureSynapseSparkOperator
ModuleNotFoundError: No module named 'airflow.providers.microsoft.azure.operators.synapse_spark'
[2025-03-06T13:35:26.879+0000] {processor.py:841} WARNING - No viable dags retrieved from /opt/airflow/dags/green_data_ingestion_azure_dag.py
[2025-03-06T13:35:26.891+0000] {processor.py:179} INFO - Processing /opt/airflow/dags/green_data_ingestion_azure_dag.py took 0.020 seconds
[2025-03-06T13:35:57.438+0000] {processor.py:157} INFO - Started process (PID=20959) to work on /opt/airflow/dags/green_data_ingestion_azure_dag.py
[2025-03-06T13:35:57.439+0000] {processor.py:829} INFO - Processing file /opt/airflow/dags/green_data_ingestion_azure_dag.py for tasks to queue
[2025-03-06T13:35:57.440+0000] {logging_mixin.py:154} INFO - [2025-03-06T13:35:57.440+0000] {dagbag.py:536} INFO - Filling up the DagBag from /opt/airflow/dags/green_data_ingestion_azure_dag.py
[2025-03-06T13:35:57.444+0000] {logging_mixin.py:154} INFO - [2025-03-06T13:35:57.443+0000] {dagbag.py:346} ERROR - Failed to import: /opt/airflow/dags/green_data_ingestion_azure_dag.py
Traceback (most recent call last):
  File "/home/airflow/.local/lib/python3.8/site-packages/airflow/models/dagbag.py", line 342, in parse
    loader.exec_module(new_module)
  File "<frozen importlib._bootstrap_external>", line 843, in exec_module
  File "<frozen importlib._bootstrap>", line 219, in _call_with_frames_removed
  File "/opt/airflow/dags/green_data_ingestion_azure_dag.py", line 11, in <module>
    from airflow.providers.microsoft.azure.operators.synapse_spark import AzureSynapseSparkOperator
ModuleNotFoundError: No module named 'airflow.providers.microsoft.azure.operators.synapse_spark'
[2025-03-06T13:35:57.445+0000] {processor.py:841} WARNING - No viable dags retrieved from /opt/airflow/dags/green_data_ingestion_azure_dag.py
[2025-03-06T13:35:57.459+0000] {processor.py:179} INFO - Processing /opt/airflow/dags/green_data_ingestion_azure_dag.py took 0.024 seconds
[2025-03-06T13:36:27.999+0000] {processor.py:157} INFO - Started process (PID=21015) to work on /opt/airflow/dags/green_data_ingestion_azure_dag.py
[2025-03-06T13:36:28.000+0000] {processor.py:829} INFO - Processing file /opt/airflow/dags/green_data_ingestion_azure_dag.py for tasks to queue
[2025-03-06T13:36:28.001+0000] {logging_mixin.py:154} INFO - [2025-03-06T13:36:28.001+0000] {dagbag.py:536} INFO - Filling up the DagBag from /opt/airflow/dags/green_data_ingestion_azure_dag.py
[2025-03-06T13:36:28.005+0000] {logging_mixin.py:154} INFO - [2025-03-06T13:36:28.004+0000] {dagbag.py:346} ERROR - Failed to import: /opt/airflow/dags/green_data_ingestion_azure_dag.py
Traceback (most recent call last):
  File "/home/airflow/.local/lib/python3.8/site-packages/airflow/models/dagbag.py", line 342, in parse
    loader.exec_module(new_module)
  File "<frozen importlib._bootstrap_external>", line 843, in exec_module
  File "<frozen importlib._bootstrap>", line 219, in _call_with_frames_removed
  File "/opt/airflow/dags/green_data_ingestion_azure_dag.py", line 11, in <module>
    from airflow.providers.microsoft.azure.operators.synapse_spark import AzureSynapseSparkOperator
ModuleNotFoundError: No module named 'airflow.providers.microsoft.azure.operators.synapse_spark'
[2025-03-06T13:36:28.006+0000] {processor.py:841} WARNING - No viable dags retrieved from /opt/airflow/dags/green_data_ingestion_azure_dag.py
[2025-03-06T13:36:28.020+0000] {processor.py:179} INFO - Processing /opt/airflow/dags/green_data_ingestion_azure_dag.py took 0.024 seconds
[2025-03-06T13:36:58.510+0000] {processor.py:157} INFO - Started process (PID=21071) to work on /opt/airflow/dags/green_data_ingestion_azure_dag.py
[2025-03-06T13:36:58.511+0000] {processor.py:829} INFO - Processing file /opt/airflow/dags/green_data_ingestion_azure_dag.py for tasks to queue
[2025-03-06T13:36:58.511+0000] {logging_mixin.py:154} INFO - [2025-03-06T13:36:58.511+0000] {dagbag.py:536} INFO - Filling up the DagBag from /opt/airflow/dags/green_data_ingestion_azure_dag.py
[2025-03-06T13:36:58.514+0000] {logging_mixin.py:154} INFO - [2025-03-06T13:36:58.513+0000] {dagbag.py:346} ERROR - Failed to import: /opt/airflow/dags/green_data_ingestion_azure_dag.py
Traceback (most recent call last):
  File "/home/airflow/.local/lib/python3.8/site-packages/airflow/models/dagbag.py", line 342, in parse
    loader.exec_module(new_module)
  File "<frozen importlib._bootstrap_external>", line 843, in exec_module
  File "<frozen importlib._bootstrap>", line 219, in _call_with_frames_removed
  File "/opt/airflow/dags/green_data_ingestion_azure_dag.py", line 11, in <module>
    from airflow.providers.microsoft.azure.operators.synapse_spark import AzureSynapseSparkOperator
ModuleNotFoundError: No module named 'airflow.providers.microsoft.azure.operators.synapse_spark'
[2025-03-06T13:36:58.514+0000] {processor.py:841} WARNING - No viable dags retrieved from /opt/airflow/dags/green_data_ingestion_azure_dag.py
[2025-03-06T13:36:58.526+0000] {processor.py:179} INFO - Processing /opt/airflow/dags/green_data_ingestion_azure_dag.py took 0.020 seconds
[2025-03-06T13:37:29.194+0000] {processor.py:157} INFO - Started process (PID=21127) to work on /opt/airflow/dags/green_data_ingestion_azure_dag.py
[2025-03-06T13:37:29.195+0000] {processor.py:829} INFO - Processing file /opt/airflow/dags/green_data_ingestion_azure_dag.py for tasks to queue
[2025-03-06T13:37:29.196+0000] {logging_mixin.py:154} INFO - [2025-03-06T13:37:29.195+0000] {dagbag.py:536} INFO - Filling up the DagBag from /opt/airflow/dags/green_data_ingestion_azure_dag.py
[2025-03-06T13:37:29.200+0000] {logging_mixin.py:154} INFO - [2025-03-06T13:37:29.199+0000] {dagbag.py:346} ERROR - Failed to import: /opt/airflow/dags/green_data_ingestion_azure_dag.py
Traceback (most recent call last):
  File "/home/airflow/.local/lib/python3.8/site-packages/airflow/models/dagbag.py", line 342, in parse
    loader.exec_module(new_module)
  File "<frozen importlib._bootstrap_external>", line 843, in exec_module
  File "<frozen importlib._bootstrap>", line 219, in _call_with_frames_removed
  File "/opt/airflow/dags/green_data_ingestion_azure_dag.py", line 11, in <module>
    from airflow.providers.microsoft.azure.operators.synapse_spark import AzureSynapseSparkOperator
ModuleNotFoundError: No module named 'airflow.providers.microsoft.azure.operators.synapse_spark'
[2025-03-06T13:37:29.201+0000] {processor.py:841} WARNING - No viable dags retrieved from /opt/airflow/dags/green_data_ingestion_azure_dag.py
[2025-03-06T13:37:29.215+0000] {processor.py:179} INFO - Processing /opt/airflow/dags/green_data_ingestion_azure_dag.py took 0.024 seconds
[2025-03-06T13:37:59.870+0000] {processor.py:157} INFO - Started process (PID=21183) to work on /opt/airflow/dags/green_data_ingestion_azure_dag.py
[2025-03-06T13:37:59.871+0000] {processor.py:829} INFO - Processing file /opt/airflow/dags/green_data_ingestion_azure_dag.py for tasks to queue
[2025-03-06T13:37:59.872+0000] {logging_mixin.py:154} INFO - [2025-03-06T13:37:59.872+0000] {dagbag.py:536} INFO - Filling up the DagBag from /opt/airflow/dags/green_data_ingestion_azure_dag.py
[2025-03-06T13:37:59.876+0000] {logging_mixin.py:154} INFO - [2025-03-06T13:37:59.875+0000] {dagbag.py:346} ERROR - Failed to import: /opt/airflow/dags/green_data_ingestion_azure_dag.py
Traceback (most recent call last):
  File "/home/airflow/.local/lib/python3.8/site-packages/airflow/models/dagbag.py", line 342, in parse
    loader.exec_module(new_module)
  File "<frozen importlib._bootstrap_external>", line 843, in exec_module
  File "<frozen importlib._bootstrap>", line 219, in _call_with_frames_removed
  File "/opt/airflow/dags/green_data_ingestion_azure_dag.py", line 11, in <module>
    from airflow.providers.microsoft.azure.operators.synapse_spark import AzureSynapseSparkOperator
ModuleNotFoundError: No module named 'airflow.providers.microsoft.azure.operators.synapse_spark'
[2025-03-06T13:37:59.877+0000] {processor.py:841} WARNING - No viable dags retrieved from /opt/airflow/dags/green_data_ingestion_azure_dag.py
[2025-03-06T13:37:59.891+0000] {processor.py:179} INFO - Processing /opt/airflow/dags/green_data_ingestion_azure_dag.py took 0.024 seconds
[2025-03-06T13:38:30.363+0000] {processor.py:157} INFO - Started process (PID=21239) to work on /opt/airflow/dags/green_data_ingestion_azure_dag.py
[2025-03-06T13:38:30.364+0000] {processor.py:829} INFO - Processing file /opt/airflow/dags/green_data_ingestion_azure_dag.py for tasks to queue
[2025-03-06T13:38:30.365+0000] {logging_mixin.py:154} INFO - [2025-03-06T13:38:30.365+0000] {dagbag.py:536} INFO - Filling up the DagBag from /opt/airflow/dags/green_data_ingestion_azure_dag.py
[2025-03-06T13:38:30.369+0000] {logging_mixin.py:154} INFO - [2025-03-06T13:38:30.368+0000] {dagbag.py:346} ERROR - Failed to import: /opt/airflow/dags/green_data_ingestion_azure_dag.py
Traceback (most recent call last):
  File "/home/airflow/.local/lib/python3.8/site-packages/airflow/models/dagbag.py", line 342, in parse
    loader.exec_module(new_module)
  File "<frozen importlib._bootstrap_external>", line 843, in exec_module
  File "<frozen importlib._bootstrap>", line 219, in _call_with_frames_removed
  File "/opt/airflow/dags/green_data_ingestion_azure_dag.py", line 11, in <module>
    from airflow.providers.microsoft.azure.operators.synapse_spark import AzureSynapseSparkOperator
ModuleNotFoundError: No module named 'airflow.providers.microsoft.azure.operators.synapse_spark'
[2025-03-06T13:38:30.369+0000] {processor.py:841} WARNING - No viable dags retrieved from /opt/airflow/dags/green_data_ingestion_azure_dag.py
[2025-03-06T13:38:30.383+0000] {processor.py:179} INFO - Processing /opt/airflow/dags/green_data_ingestion_azure_dag.py took 0.023 seconds
[2025-03-06T13:39:00.830+0000] {processor.py:157} INFO - Started process (PID=21295) to work on /opt/airflow/dags/green_data_ingestion_azure_dag.py
[2025-03-06T13:39:00.831+0000] {processor.py:829} INFO - Processing file /opt/airflow/dags/green_data_ingestion_azure_dag.py for tasks to queue
[2025-03-06T13:39:00.832+0000] {logging_mixin.py:154} INFO - [2025-03-06T13:39:00.832+0000] {dagbag.py:536} INFO - Filling up the DagBag from /opt/airflow/dags/green_data_ingestion_azure_dag.py
[2025-03-06T13:39:00.836+0000] {logging_mixin.py:154} INFO - [2025-03-06T13:39:00.835+0000] {dagbag.py:346} ERROR - Failed to import: /opt/airflow/dags/green_data_ingestion_azure_dag.py
Traceback (most recent call last):
  File "/home/airflow/.local/lib/python3.8/site-packages/airflow/models/dagbag.py", line 342, in parse
    loader.exec_module(new_module)
  File "<frozen importlib._bootstrap_external>", line 843, in exec_module
  File "<frozen importlib._bootstrap>", line 219, in _call_with_frames_removed
  File "/opt/airflow/dags/green_data_ingestion_azure_dag.py", line 11, in <module>
    from airflow.providers.microsoft.azure.operators.synapse_spark import AzureSynapseSparkOperator
ModuleNotFoundError: No module named 'airflow.providers.microsoft.azure.operators.synapse_spark'
[2025-03-06T13:39:00.837+0000] {processor.py:841} WARNING - No viable dags retrieved from /opt/airflow/dags/green_data_ingestion_azure_dag.py
[2025-03-06T13:39:00.851+0000] {processor.py:179} INFO - Processing /opt/airflow/dags/green_data_ingestion_azure_dag.py took 0.024 seconds
[2025-03-06T13:39:31.376+0000] {processor.py:157} INFO - Started process (PID=21351) to work on /opt/airflow/dags/green_data_ingestion_azure_dag.py
[2025-03-06T13:39:31.377+0000] {processor.py:829} INFO - Processing file /opt/airflow/dags/green_data_ingestion_azure_dag.py for tasks to queue
[2025-03-06T13:39:31.378+0000] {logging_mixin.py:154} INFO - [2025-03-06T13:39:31.378+0000] {dagbag.py:536} INFO - Filling up the DagBag from /opt/airflow/dags/green_data_ingestion_azure_dag.py
[2025-03-06T13:39:31.382+0000] {logging_mixin.py:154} INFO - [2025-03-06T13:39:31.381+0000] {dagbag.py:346} ERROR - Failed to import: /opt/airflow/dags/green_data_ingestion_azure_dag.py
Traceback (most recent call last):
  File "/home/airflow/.local/lib/python3.8/site-packages/airflow/models/dagbag.py", line 342, in parse
    loader.exec_module(new_module)
  File "<frozen importlib._bootstrap_external>", line 843, in exec_module
  File "<frozen importlib._bootstrap>", line 219, in _call_with_frames_removed
  File "/opt/airflow/dags/green_data_ingestion_azure_dag.py", line 11, in <module>
    from airflow.providers.microsoft.azure.operators.synapse_spark import AzureSynapseSparkOperator
ModuleNotFoundError: No module named 'airflow.providers.microsoft.azure.operators.synapse_spark'
[2025-03-06T13:39:31.382+0000] {processor.py:841} WARNING - No viable dags retrieved from /opt/airflow/dags/green_data_ingestion_azure_dag.py
[2025-03-06T13:39:31.396+0000] {processor.py:179} INFO - Processing /opt/airflow/dags/green_data_ingestion_azure_dag.py took 0.022 seconds
[2025-03-06T13:40:01.875+0000] {processor.py:157} INFO - Started process (PID=21407) to work on /opt/airflow/dags/green_data_ingestion_azure_dag.py
[2025-03-06T13:40:01.876+0000] {processor.py:829} INFO - Processing file /opt/airflow/dags/green_data_ingestion_azure_dag.py for tasks to queue
[2025-03-06T13:40:01.877+0000] {logging_mixin.py:154} INFO - [2025-03-06T13:40:01.877+0000] {dagbag.py:536} INFO - Filling up the DagBag from /opt/airflow/dags/green_data_ingestion_azure_dag.py
[2025-03-06T13:40:01.882+0000] {logging_mixin.py:154} INFO - [2025-03-06T13:40:01.881+0000] {dagbag.py:346} ERROR - Failed to import: /opt/airflow/dags/green_data_ingestion_azure_dag.py
Traceback (most recent call last):
  File "/home/airflow/.local/lib/python3.8/site-packages/airflow/models/dagbag.py", line 342, in parse
    loader.exec_module(new_module)
  File "<frozen importlib._bootstrap_external>", line 843, in exec_module
  File "<frozen importlib._bootstrap>", line 219, in _call_with_frames_removed
  File "/opt/airflow/dags/green_data_ingestion_azure_dag.py", line 11, in <module>
    from airflow.providers.microsoft.azure.operators.synapse_spark import AzureSynapseSparkOperator
ModuleNotFoundError: No module named 'airflow.providers.microsoft.azure.operators.synapse_spark'
[2025-03-06T13:40:01.882+0000] {processor.py:841} WARNING - No viable dags retrieved from /opt/airflow/dags/green_data_ingestion_azure_dag.py
[2025-03-06T13:40:01.895+0000] {processor.py:179} INFO - Processing /opt/airflow/dags/green_data_ingestion_azure_dag.py took 0.023 seconds
[2025-03-06T13:40:32.373+0000] {processor.py:157} INFO - Started process (PID=21463) to work on /opt/airflow/dags/green_data_ingestion_azure_dag.py
[2025-03-06T13:40:32.374+0000] {processor.py:829} INFO - Processing file /opt/airflow/dags/green_data_ingestion_azure_dag.py for tasks to queue
[2025-03-06T13:40:32.375+0000] {logging_mixin.py:154} INFO - [2025-03-06T13:40:32.375+0000] {dagbag.py:536} INFO - Filling up the DagBag from /opt/airflow/dags/green_data_ingestion_azure_dag.py
[2025-03-06T13:40:32.379+0000] {logging_mixin.py:154} INFO - [2025-03-06T13:40:32.378+0000] {dagbag.py:346} ERROR - Failed to import: /opt/airflow/dags/green_data_ingestion_azure_dag.py
Traceback (most recent call last):
  File "/home/airflow/.local/lib/python3.8/site-packages/airflow/models/dagbag.py", line 342, in parse
    loader.exec_module(new_module)
  File "<frozen importlib._bootstrap_external>", line 843, in exec_module
  File "<frozen importlib._bootstrap>", line 219, in _call_with_frames_removed
  File "/opt/airflow/dags/green_data_ingestion_azure_dag.py", line 11, in <module>
    from airflow.providers.microsoft.azure.operators.synapse_spark import AzureSynapseSparkOperator
ModuleNotFoundError: No module named 'airflow.providers.microsoft.azure.operators.synapse_spark'
[2025-03-06T13:40:32.380+0000] {processor.py:841} WARNING - No viable dags retrieved from /opt/airflow/dags/green_data_ingestion_azure_dag.py
[2025-03-06T13:40:32.393+0000] {processor.py:179} INFO - Processing /opt/airflow/dags/green_data_ingestion_azure_dag.py took 0.023 seconds
[2025-03-06T13:41:02.871+0000] {processor.py:157} INFO - Started process (PID=21519) to work on /opt/airflow/dags/green_data_ingestion_azure_dag.py
[2025-03-06T13:41:02.872+0000] {processor.py:829} INFO - Processing file /opt/airflow/dags/green_data_ingestion_azure_dag.py for tasks to queue
[2025-03-06T13:41:02.873+0000] {logging_mixin.py:154} INFO - [2025-03-06T13:41:02.872+0000] {dagbag.py:536} INFO - Filling up the DagBag from /opt/airflow/dags/green_data_ingestion_azure_dag.py
[2025-03-06T13:41:02.877+0000] {logging_mixin.py:154} INFO - [2025-03-06T13:41:02.876+0000] {dagbag.py:346} ERROR - Failed to import: /opt/airflow/dags/green_data_ingestion_azure_dag.py
Traceback (most recent call last):
  File "/home/airflow/.local/lib/python3.8/site-packages/airflow/models/dagbag.py", line 342, in parse
    loader.exec_module(new_module)
  File "<frozen importlib._bootstrap_external>", line 843, in exec_module
  File "<frozen importlib._bootstrap>", line 219, in _call_with_frames_removed
  File "/opt/airflow/dags/green_data_ingestion_azure_dag.py", line 11, in <module>
    from airflow.providers.microsoft.azure.operators.synapse_spark import AzureSynapseSparkOperator
ModuleNotFoundError: No module named 'airflow.providers.microsoft.azure.operators.synapse_spark'
[2025-03-06T13:41:02.877+0000] {processor.py:841} WARNING - No viable dags retrieved from /opt/airflow/dags/green_data_ingestion_azure_dag.py
[2025-03-06T13:41:02.891+0000] {processor.py:179} INFO - Processing /opt/airflow/dags/green_data_ingestion_azure_dag.py took 0.024 seconds
[2025-03-06T13:41:33.403+0000] {processor.py:157} INFO - Started process (PID=21575) to work on /opt/airflow/dags/green_data_ingestion_azure_dag.py
[2025-03-06T13:41:33.404+0000] {processor.py:829} INFO - Processing file /opt/airflow/dags/green_data_ingestion_azure_dag.py for tasks to queue
[2025-03-06T13:41:33.404+0000] {logging_mixin.py:154} INFO - [2025-03-06T13:41:33.404+0000] {dagbag.py:536} INFO - Filling up the DagBag from /opt/airflow/dags/green_data_ingestion_azure_dag.py
[2025-03-06T13:41:33.409+0000] {logging_mixin.py:154} INFO - [2025-03-06T13:41:33.408+0000] {dagbag.py:346} ERROR - Failed to import: /opt/airflow/dags/green_data_ingestion_azure_dag.py
Traceback (most recent call last):
  File "/home/airflow/.local/lib/python3.8/site-packages/airflow/models/dagbag.py", line 342, in parse
    loader.exec_module(new_module)
  File "<frozen importlib._bootstrap_external>", line 843, in exec_module
  File "<frozen importlib._bootstrap>", line 219, in _call_with_frames_removed
  File "/opt/airflow/dags/green_data_ingestion_azure_dag.py", line 11, in <module>
    from airflow.providers.microsoft.azure.operators.synapse_spark import AzureSynapseSparkOperator
ModuleNotFoundError: No module named 'airflow.providers.microsoft.azure.operators.synapse_spark'
[2025-03-06T13:41:33.409+0000] {processor.py:841} WARNING - No viable dags retrieved from /opt/airflow/dags/green_data_ingestion_azure_dag.py
[2025-03-06T13:41:33.423+0000] {processor.py:179} INFO - Processing /opt/airflow/dags/green_data_ingestion_azure_dag.py took 0.023 seconds
[2025-03-06T13:42:03.955+0000] {processor.py:157} INFO - Started process (PID=21631) to work on /opt/airflow/dags/green_data_ingestion_azure_dag.py
[2025-03-06T13:42:03.956+0000] {processor.py:829} INFO - Processing file /opt/airflow/dags/green_data_ingestion_azure_dag.py for tasks to queue
[2025-03-06T13:42:03.957+0000] {logging_mixin.py:154} INFO - [2025-03-06T13:42:03.957+0000] {dagbag.py:536} INFO - Filling up the DagBag from /opt/airflow/dags/green_data_ingestion_azure_dag.py
[2025-03-06T13:42:03.961+0000] {logging_mixin.py:154} INFO - [2025-03-06T13:42:03.960+0000] {dagbag.py:346} ERROR - Failed to import: /opt/airflow/dags/green_data_ingestion_azure_dag.py
Traceback (most recent call last):
  File "/home/airflow/.local/lib/python3.8/site-packages/airflow/models/dagbag.py", line 342, in parse
    loader.exec_module(new_module)
  File "<frozen importlib._bootstrap_external>", line 843, in exec_module
  File "<frozen importlib._bootstrap>", line 219, in _call_with_frames_removed
  File "/opt/airflow/dags/green_data_ingestion_azure_dag.py", line 11, in <module>
    from airflow.providers.microsoft.azure.operators.synapse_spark import AzureSynapseSparkOperator
ModuleNotFoundError: No module named 'airflow.providers.microsoft.azure.operators.synapse_spark'
[2025-03-06T13:42:03.961+0000] {processor.py:841} WARNING - No viable dags retrieved from /opt/airflow/dags/green_data_ingestion_azure_dag.py
[2025-03-06T13:42:03.974+0000] {processor.py:179} INFO - Processing /opt/airflow/dags/green_data_ingestion_azure_dag.py took 0.021 seconds
[2025-03-06T13:45:58.386+0000] {processor.py:157} INFO - Started process (PID=21680) to work on /opt/airflow/dags/green_data_ingestion_azure_dag.py
[2025-03-06T13:45:58.386+0000] {processor.py:829} INFO - Processing file /opt/airflow/dags/green_data_ingestion_azure_dag.py for tasks to queue
[2025-03-06T13:45:58.387+0000] {logging_mixin.py:154} INFO - [2025-03-06T13:45:58.387+0000] {dagbag.py:536} INFO - Filling up the DagBag from /opt/airflow/dags/green_data_ingestion_azure_dag.py
[2025-03-06T13:45:58.392+0000] {logging_mixin.py:154} INFO - [2025-03-06T13:45:58.390+0000] {dagbag.py:346} ERROR - Failed to import: /opt/airflow/dags/green_data_ingestion_azure_dag.py
Traceback (most recent call last):
  File "/home/airflow/.local/lib/python3.8/site-packages/airflow/models/dagbag.py", line 342, in parse
    loader.exec_module(new_module)
  File "<frozen importlib._bootstrap_external>", line 843, in exec_module
  File "<frozen importlib._bootstrap>", line 219, in _call_with_frames_removed
  File "/opt/airflow/dags/green_data_ingestion_azure_dag.py", line 11, in <module>
    from airflow.providers.microsoft.azure.operators.synapse_spark import AzureSynapseSparkOperator
ModuleNotFoundError: No module named 'airflow.providers.microsoft.azure.operators.synapse_spark'
[2025-03-06T13:45:58.392+0000] {processor.py:841} WARNING - No viable dags retrieved from /opt/airflow/dags/green_data_ingestion_azure_dag.py
[2025-03-06T13:45:58.404+0000] {processor.py:179} INFO - Processing /opt/airflow/dags/green_data_ingestion_azure_dag.py took 0.020 seconds
[2025-03-06T13:50:52.745+0000] {processor.py:157} INFO - Started process (PID=21736) to work on /opt/airflow/dags/green_data_ingestion_azure_dag.py
[2025-03-06T13:50:52.746+0000] {processor.py:829} INFO - Processing file /opt/airflow/dags/green_data_ingestion_azure_dag.py for tasks to queue
[2025-03-06T13:50:52.747+0000] {logging_mixin.py:154} INFO - [2025-03-06T13:50:52.747+0000] {dagbag.py:536} INFO - Filling up the DagBag from /opt/airflow/dags/green_data_ingestion_azure_dag.py
[2025-03-06T13:50:52.751+0000] {logging_mixin.py:154} INFO - [2025-03-06T13:50:52.750+0000] {dagbag.py:346} ERROR - Failed to import: /opt/airflow/dags/green_data_ingestion_azure_dag.py
Traceback (most recent call last):
  File "/home/airflow/.local/lib/python3.8/site-packages/airflow/models/dagbag.py", line 342, in parse
    loader.exec_module(new_module)
  File "<frozen importlib._bootstrap_external>", line 843, in exec_module
  File "<frozen importlib._bootstrap>", line 219, in _call_with_frames_removed
  File "/opt/airflow/dags/green_data_ingestion_azure_dag.py", line 11, in <module>
    from airflow.providers.microsoft.azure.operators.synapse_spark import AzureSynapseSparkOperator
ModuleNotFoundError: No module named 'airflow.providers.microsoft.azure.operators.synapse_spark'
[2025-03-06T13:50:52.751+0000] {processor.py:841} WARNING - No viable dags retrieved from /opt/airflow/dags/green_data_ingestion_azure_dag.py
[2025-03-06T13:50:52.765+0000] {processor.py:179} INFO - Processing /opt/airflow/dags/green_data_ingestion_azure_dag.py took 0.022 seconds
[2025-03-06T13:51:23.709+0000] {processor.py:157} INFO - Started process (PID=21798) to work on /opt/airflow/dags/green_data_ingestion_azure_dag.py
[2025-03-06T13:51:23.710+0000] {processor.py:829} INFO - Processing file /opt/airflow/dags/green_data_ingestion_azure_dag.py for tasks to queue
[2025-03-06T13:51:23.711+0000] {logging_mixin.py:154} INFO - [2025-03-06T13:51:23.711+0000] {dagbag.py:536} INFO - Filling up the DagBag from /opt/airflow/dags/green_data_ingestion_azure_dag.py
[2025-03-06T13:51:23.714+0000] {logging_mixin.py:154} INFO - [2025-03-06T13:51:23.713+0000] {dagbag.py:346} ERROR - Failed to import: /opt/airflow/dags/green_data_ingestion_azure_dag.py
Traceback (most recent call last):
  File "/home/airflow/.local/lib/python3.8/site-packages/airflow/models/dagbag.py", line 342, in parse
    loader.exec_module(new_module)
  File "<frozen importlib._bootstrap_external>", line 843, in exec_module
  File "<frozen importlib._bootstrap>", line 219, in _call_with_frames_removed
  File "/opt/airflow/dags/green_data_ingestion_azure_dag.py", line 11, in <module>
    from airflow.providers.microsoft.azure.operators.synapse_spark import AzureSynapseSparkOperator
ModuleNotFoundError: No module named 'airflow.providers.microsoft.azure.operators.synapse_spark'
[2025-03-06T13:51:23.715+0000] {processor.py:841} WARNING - No viable dags retrieved from /opt/airflow/dags/green_data_ingestion_azure_dag.py
[2025-03-06T13:51:23.728+0000] {processor.py:179} INFO - Processing /opt/airflow/dags/green_data_ingestion_azure_dag.py took 0.021 seconds
[2025-03-06T13:51:54.278+0000] {processor.py:157} INFO - Started process (PID=21854) to work on /opt/airflow/dags/green_data_ingestion_azure_dag.py
[2025-03-06T13:51:54.279+0000] {processor.py:829} INFO - Processing file /opt/airflow/dags/green_data_ingestion_azure_dag.py for tasks to queue
[2025-03-06T13:51:54.280+0000] {logging_mixin.py:154} INFO - [2025-03-06T13:51:54.280+0000] {dagbag.py:536} INFO - Filling up the DagBag from /opt/airflow/dags/green_data_ingestion_azure_dag.py
[2025-03-06T13:51:54.283+0000] {logging_mixin.py:154} INFO - [2025-03-06T13:51:54.283+0000] {dagbag.py:346} ERROR - Failed to import: /opt/airflow/dags/green_data_ingestion_azure_dag.py
Traceback (most recent call last):
  File "/home/airflow/.local/lib/python3.8/site-packages/airflow/models/dagbag.py", line 342, in parse
    loader.exec_module(new_module)
  File "<frozen importlib._bootstrap_external>", line 843, in exec_module
  File "<frozen importlib._bootstrap>", line 219, in _call_with_frames_removed
  File "/opt/airflow/dags/green_data_ingestion_azure_dag.py", line 11, in <module>
    from airflow.providers.microsoft.azure.operators.synapse_spark import AzureSynapseSparkOperator
ModuleNotFoundError: No module named 'airflow.providers.microsoft.azure.operators.synapse_spark'
[2025-03-06T13:51:54.284+0000] {processor.py:841} WARNING - No viable dags retrieved from /opt/airflow/dags/green_data_ingestion_azure_dag.py
[2025-03-06T13:51:54.299+0000] {processor.py:179} INFO - Processing /opt/airflow/dags/green_data_ingestion_azure_dag.py took 0.023 seconds
[2025-03-06T13:52:24.803+0000] {processor.py:157} INFO - Started process (PID=21910) to work on /opt/airflow/dags/green_data_ingestion_azure_dag.py
[2025-03-06T13:52:24.805+0000] {processor.py:829} INFO - Processing file /opt/airflow/dags/green_data_ingestion_azure_dag.py for tasks to queue
[2025-03-06T13:52:24.806+0000] {logging_mixin.py:154} INFO - [2025-03-06T13:52:24.806+0000] {dagbag.py:536} INFO - Filling up the DagBag from /opt/airflow/dags/green_data_ingestion_azure_dag.py
[2025-03-06T13:52:24.812+0000] {logging_mixin.py:154} INFO - [2025-03-06T13:52:24.811+0000] {dagbag.py:346} ERROR - Failed to import: /opt/airflow/dags/green_data_ingestion_azure_dag.py
Traceback (most recent call last):
  File "/home/airflow/.local/lib/python3.8/site-packages/airflow/models/dagbag.py", line 342, in parse
    loader.exec_module(new_module)
  File "<frozen importlib._bootstrap_external>", line 843, in exec_module
  File "<frozen importlib._bootstrap>", line 219, in _call_with_frames_removed
  File "/opt/airflow/dags/green_data_ingestion_azure_dag.py", line 11, in <module>
    from airflow.providers.microsoft.azure.operators.synapse_spark import AzureSynapseSparkOperator
ModuleNotFoundError: No module named 'airflow.providers.microsoft.azure.operators.synapse_spark'
[2025-03-06T13:52:24.813+0000] {processor.py:841} WARNING - No viable dags retrieved from /opt/airflow/dags/green_data_ingestion_azure_dag.py
[2025-03-06T13:52:24.828+0000] {processor.py:179} INFO - Processing /opt/airflow/dags/green_data_ingestion_azure_dag.py took 0.029 seconds
[2025-03-06T13:52:55.323+0000] {processor.py:157} INFO - Started process (PID=21966) to work on /opt/airflow/dags/green_data_ingestion_azure_dag.py
[2025-03-06T13:52:55.324+0000] {processor.py:829} INFO - Processing file /opt/airflow/dags/green_data_ingestion_azure_dag.py for tasks to queue
[2025-03-06T13:52:55.326+0000] {logging_mixin.py:154} INFO - [2025-03-06T13:52:55.325+0000] {dagbag.py:536} INFO - Filling up the DagBag from /opt/airflow/dags/green_data_ingestion_azure_dag.py
[2025-03-06T13:52:55.331+0000] {logging_mixin.py:154} INFO - [2025-03-06T13:52:55.330+0000] {dagbag.py:346} ERROR - Failed to import: /opt/airflow/dags/green_data_ingestion_azure_dag.py
Traceback (most recent call last):
  File "/home/airflow/.local/lib/python3.8/site-packages/airflow/models/dagbag.py", line 342, in parse
    loader.exec_module(new_module)
  File "<frozen importlib._bootstrap_external>", line 843, in exec_module
  File "<frozen importlib._bootstrap>", line 219, in _call_with_frames_removed
  File "/opt/airflow/dags/green_data_ingestion_azure_dag.py", line 11, in <module>
    from airflow.providers.microsoft.azure.operators.synapse_spark import AzureSynapseSparkOperator
ModuleNotFoundError: No module named 'airflow.providers.microsoft.azure.operators.synapse_spark'
[2025-03-06T13:52:55.331+0000] {processor.py:841} WARNING - No viable dags retrieved from /opt/airflow/dags/green_data_ingestion_azure_dag.py
[2025-03-06T13:52:55.346+0000] {processor.py:179} INFO - Processing /opt/airflow/dags/green_data_ingestion_azure_dag.py took 0.025 seconds
[2025-03-06T13:53:25.911+0000] {processor.py:157} INFO - Started process (PID=22022) to work on /opt/airflow/dags/green_data_ingestion_azure_dag.py
[2025-03-06T13:53:25.913+0000] {processor.py:829} INFO - Processing file /opt/airflow/dags/green_data_ingestion_azure_dag.py for tasks to queue
[2025-03-06T13:53:25.914+0000] {logging_mixin.py:154} INFO - [2025-03-06T13:53:25.914+0000] {dagbag.py:536} INFO - Filling up the DagBag from /opt/airflow/dags/green_data_ingestion_azure_dag.py
[2025-03-06T13:53:25.919+0000] {logging_mixin.py:154} INFO - [2025-03-06T13:53:25.918+0000] {dagbag.py:346} ERROR - Failed to import: /opt/airflow/dags/green_data_ingestion_azure_dag.py
Traceback (most recent call last):
  File "/home/airflow/.local/lib/python3.8/site-packages/airflow/models/dagbag.py", line 342, in parse
    loader.exec_module(new_module)
  File "<frozen importlib._bootstrap_external>", line 843, in exec_module
  File "<frozen importlib._bootstrap>", line 219, in _call_with_frames_removed
  File "/opt/airflow/dags/green_data_ingestion_azure_dag.py", line 11, in <module>
    from airflow.providers.microsoft.azure.operators.synapse_spark import AzureSynapseSparkOperator
ModuleNotFoundError: No module named 'airflow.providers.microsoft.azure.operators.synapse_spark'
[2025-03-06T13:53:25.920+0000] {processor.py:841} WARNING - No viable dags retrieved from /opt/airflow/dags/green_data_ingestion_azure_dag.py
[2025-03-06T13:53:25.932+0000] {processor.py:179} INFO - Processing /opt/airflow/dags/green_data_ingestion_azure_dag.py took 0.025 seconds
[2025-03-06T13:53:56.514+0000] {processor.py:157} INFO - Started process (PID=22078) to work on /opt/airflow/dags/green_data_ingestion_azure_dag.py
[2025-03-06T13:53:56.517+0000] {processor.py:829} INFO - Processing file /opt/airflow/dags/green_data_ingestion_azure_dag.py for tasks to queue
[2025-03-06T13:53:56.518+0000] {logging_mixin.py:154} INFO - [2025-03-06T13:53:56.518+0000] {dagbag.py:536} INFO - Filling up the DagBag from /opt/airflow/dags/green_data_ingestion_azure_dag.py
[2025-03-06T13:53:56.525+0000] {logging_mixin.py:154} INFO - [2025-03-06T13:53:56.524+0000] {dagbag.py:346} ERROR - Failed to import: /opt/airflow/dags/green_data_ingestion_azure_dag.py
Traceback (most recent call last):
  File "/home/airflow/.local/lib/python3.8/site-packages/airflow/models/dagbag.py", line 342, in parse
    loader.exec_module(new_module)
  File "<frozen importlib._bootstrap_external>", line 843, in exec_module
  File "<frozen importlib._bootstrap>", line 219, in _call_with_frames_removed
  File "/opt/airflow/dags/green_data_ingestion_azure_dag.py", line 11, in <module>
    from airflow.providers.microsoft.azure.operators.synapse_spark import AzureSynapseSparkOperator
ModuleNotFoundError: No module named 'airflow.providers.microsoft.azure.operators.synapse_spark'
[2025-03-06T13:53:56.526+0000] {processor.py:841} WARNING - No viable dags retrieved from /opt/airflow/dags/green_data_ingestion_azure_dag.py
[2025-03-06T13:53:56.542+0000] {processor.py:179} INFO - Processing /opt/airflow/dags/green_data_ingestion_azure_dag.py took 0.031 seconds
[2025-03-06T13:54:26.983+0000] {processor.py:157} INFO - Started process (PID=22133) to work on /opt/airflow/dags/green_data_ingestion_azure_dag.py
[2025-03-06T13:54:26.984+0000] {processor.py:829} INFO - Processing file /opt/airflow/dags/green_data_ingestion_azure_dag.py for tasks to queue
[2025-03-06T13:54:26.985+0000] {logging_mixin.py:154} INFO - [2025-03-06T13:54:26.984+0000] {dagbag.py:536} INFO - Filling up the DagBag from /opt/airflow/dags/green_data_ingestion_azure_dag.py
[2025-03-06T13:54:26.990+0000] {logging_mixin.py:154} INFO - [2025-03-06T13:54:26.988+0000] {dagbag.py:346} ERROR - Failed to import: /opt/airflow/dags/green_data_ingestion_azure_dag.py
Traceback (most recent call last):
  File "/home/airflow/.local/lib/python3.8/site-packages/airflow/models/dagbag.py", line 342, in parse
    loader.exec_module(new_module)
  File "<frozen importlib._bootstrap_external>", line 843, in exec_module
  File "<frozen importlib._bootstrap>", line 219, in _call_with_frames_removed
  File "/opt/airflow/dags/green_data_ingestion_azure_dag.py", line 11, in <module>
    from airflow.providers.microsoft.azure.operators.synapse_spark import AzureSynapseSparkOperator
ModuleNotFoundError: No module named 'airflow.providers.microsoft.azure.operators.synapse_spark'
[2025-03-06T13:54:26.990+0000] {processor.py:841} WARNING - No viable dags retrieved from /opt/airflow/dags/green_data_ingestion_azure_dag.py
[2025-03-06T13:54:27.005+0000] {processor.py:179} INFO - Processing /opt/airflow/dags/green_data_ingestion_azure_dag.py took 0.025 seconds
[2025-03-06T13:54:57.531+0000] {processor.py:157} INFO - Started process (PID=22189) to work on /opt/airflow/dags/green_data_ingestion_azure_dag.py
[2025-03-06T13:54:57.532+0000] {processor.py:829} INFO - Processing file /opt/airflow/dags/green_data_ingestion_azure_dag.py for tasks to queue
[2025-03-06T13:54:57.533+0000] {logging_mixin.py:154} INFO - [2025-03-06T13:54:57.533+0000] {dagbag.py:536} INFO - Filling up the DagBag from /opt/airflow/dags/green_data_ingestion_azure_dag.py
[2025-03-06T13:54:57.538+0000] {logging_mixin.py:154} INFO - [2025-03-06T13:54:57.537+0000] {dagbag.py:346} ERROR - Failed to import: /opt/airflow/dags/green_data_ingestion_azure_dag.py
Traceback (most recent call last):
  File "/home/airflow/.local/lib/python3.8/site-packages/airflow/models/dagbag.py", line 342, in parse
    loader.exec_module(new_module)
  File "<frozen importlib._bootstrap_external>", line 843, in exec_module
  File "<frozen importlib._bootstrap>", line 219, in _call_with_frames_removed
  File "/opt/airflow/dags/green_data_ingestion_azure_dag.py", line 11, in <module>
    from airflow.providers.microsoft.azure.operators.synapse_spark import AzureSynapseSparkOperator
ModuleNotFoundError: No module named 'airflow.providers.microsoft.azure.operators.synapse_spark'
[2025-03-06T13:54:57.539+0000] {processor.py:841} WARNING - No viable dags retrieved from /opt/airflow/dags/green_data_ingestion_azure_dag.py
[2025-03-06T13:54:57.552+0000] {processor.py:179} INFO - Processing /opt/airflow/dags/green_data_ingestion_azure_dag.py took 0.025 seconds
[2025-03-06T13:55:28.089+0000] {processor.py:157} INFO - Started process (PID=22245) to work on /opt/airflow/dags/green_data_ingestion_azure_dag.py
[2025-03-06T13:55:28.092+0000] {processor.py:829} INFO - Processing file /opt/airflow/dags/green_data_ingestion_azure_dag.py for tasks to queue
[2025-03-06T13:55:28.093+0000] {logging_mixin.py:154} INFO - [2025-03-06T13:55:28.092+0000] {dagbag.py:536} INFO - Filling up the DagBag from /opt/airflow/dags/green_data_ingestion_azure_dag.py
[2025-03-06T13:55:28.099+0000] {logging_mixin.py:154} INFO - [2025-03-06T13:55:28.098+0000] {dagbag.py:346} ERROR - Failed to import: /opt/airflow/dags/green_data_ingestion_azure_dag.py
Traceback (most recent call last):
  File "/home/airflow/.local/lib/python3.8/site-packages/airflow/models/dagbag.py", line 342, in parse
    loader.exec_module(new_module)
  File "<frozen importlib._bootstrap_external>", line 843, in exec_module
  File "<frozen importlib._bootstrap>", line 219, in _call_with_frames_removed
  File "/opt/airflow/dags/green_data_ingestion_azure_dag.py", line 11, in <module>
    from airflow.providers.microsoft.azure.operators.synapse_spark import AzureSynapseSparkOperator
ModuleNotFoundError: No module named 'airflow.providers.microsoft.azure.operators.synapse_spark'
[2025-03-06T13:55:28.100+0000] {processor.py:841} WARNING - No viable dags retrieved from /opt/airflow/dags/green_data_ingestion_azure_dag.py
[2025-03-06T13:55:28.116+0000] {processor.py:179} INFO - Processing /opt/airflow/dags/green_data_ingestion_azure_dag.py took 0.031 seconds
[2025-03-06T13:55:58.639+0000] {processor.py:157} INFO - Started process (PID=22301) to work on /opt/airflow/dags/green_data_ingestion_azure_dag.py
[2025-03-06T13:55:58.640+0000] {processor.py:829} INFO - Processing file /opt/airflow/dags/green_data_ingestion_azure_dag.py for tasks to queue
[2025-03-06T13:55:58.641+0000] {logging_mixin.py:154} INFO - [2025-03-06T13:55:58.641+0000] {dagbag.py:536} INFO - Filling up the DagBag from /opt/airflow/dags/green_data_ingestion_azure_dag.py
[2025-03-06T13:55:58.645+0000] {logging_mixin.py:154} INFO - [2025-03-06T13:55:58.644+0000] {dagbag.py:346} ERROR - Failed to import: /opt/airflow/dags/green_data_ingestion_azure_dag.py
Traceback (most recent call last):
  File "/home/airflow/.local/lib/python3.8/site-packages/airflow/models/dagbag.py", line 342, in parse
    loader.exec_module(new_module)
  File "<frozen importlib._bootstrap_external>", line 843, in exec_module
  File "<frozen importlib._bootstrap>", line 219, in _call_with_frames_removed
  File "/opt/airflow/dags/green_data_ingestion_azure_dag.py", line 11, in <module>
    from airflow.providers.microsoft.azure.operators.synapse_spark import AzureSynapseSparkOperator
ModuleNotFoundError: No module named 'airflow.providers.microsoft.azure.operators.synapse_spark'
[2025-03-06T13:55:58.646+0000] {processor.py:841} WARNING - No viable dags retrieved from /opt/airflow/dags/green_data_ingestion_azure_dag.py
[2025-03-06T13:55:58.661+0000] {processor.py:179} INFO - Processing /opt/airflow/dags/green_data_ingestion_azure_dag.py took 0.025 seconds
[2025-03-06T13:56:29.108+0000] {processor.py:157} INFO - Started process (PID=22357) to work on /opt/airflow/dags/green_data_ingestion_azure_dag.py
[2025-03-06T13:56:29.109+0000] {processor.py:829} INFO - Processing file /opt/airflow/dags/green_data_ingestion_azure_dag.py for tasks to queue
[2025-03-06T13:56:29.110+0000] {logging_mixin.py:154} INFO - [2025-03-06T13:56:29.110+0000] {dagbag.py:536} INFO - Filling up the DagBag from /opt/airflow/dags/green_data_ingestion_azure_dag.py
[2025-03-06T13:56:29.116+0000] {logging_mixin.py:154} INFO - [2025-03-06T13:56:29.115+0000] {dagbag.py:346} ERROR - Failed to import: /opt/airflow/dags/green_data_ingestion_azure_dag.py
Traceback (most recent call last):
  File "/home/airflow/.local/lib/python3.8/site-packages/airflow/models/dagbag.py", line 342, in parse
    loader.exec_module(new_module)
  File "<frozen importlib._bootstrap_external>", line 843, in exec_module
  File "<frozen importlib._bootstrap>", line 219, in _call_with_frames_removed
  File "/opt/airflow/dags/green_data_ingestion_azure_dag.py", line 11, in <module>
    from airflow.providers.microsoft.azure.operators.synapse_spark import AzureSynapseSparkOperator
ModuleNotFoundError: No module named 'airflow.providers.microsoft.azure.operators.synapse_spark'
[2025-03-06T13:56:29.117+0000] {processor.py:841} WARNING - No viable dags retrieved from /opt/airflow/dags/green_data_ingestion_azure_dag.py
[2025-03-06T13:56:29.130+0000] {processor.py:179} INFO - Processing /opt/airflow/dags/green_data_ingestion_azure_dag.py took 0.026 seconds
[2025-03-06T13:56:59.591+0000] {processor.py:157} INFO - Started process (PID=22413) to work on /opt/airflow/dags/green_data_ingestion_azure_dag.py
[2025-03-06T13:56:59.594+0000] {processor.py:829} INFO - Processing file /opt/airflow/dags/green_data_ingestion_azure_dag.py for tasks to queue
[2025-03-06T13:56:59.595+0000] {logging_mixin.py:154} INFO - [2025-03-06T13:56:59.594+0000] {dagbag.py:536} INFO - Filling up the DagBag from /opt/airflow/dags/green_data_ingestion_azure_dag.py
[2025-03-06T13:56:59.600+0000] {logging_mixin.py:154} INFO - [2025-03-06T13:56:59.599+0000] {dagbag.py:346} ERROR - Failed to import: /opt/airflow/dags/green_data_ingestion_azure_dag.py
Traceback (most recent call last):
  File "/home/airflow/.local/lib/python3.8/site-packages/airflow/models/dagbag.py", line 342, in parse
    loader.exec_module(new_module)
  File "<frozen importlib._bootstrap_external>", line 843, in exec_module
  File "<frozen importlib._bootstrap>", line 219, in _call_with_frames_removed
  File "/opt/airflow/dags/green_data_ingestion_azure_dag.py", line 11, in <module>
    from airflow.providers.microsoft.azure.operators.synapse_spark import AzureSynapseSparkOperator
ModuleNotFoundError: No module named 'airflow.providers.microsoft.azure.operators.synapse_spark'
[2025-03-06T13:56:59.601+0000] {processor.py:841} WARNING - No viable dags retrieved from /opt/airflow/dags/green_data_ingestion_azure_dag.py
[2025-03-06T13:56:59.614+0000] {processor.py:179} INFO - Processing /opt/airflow/dags/green_data_ingestion_azure_dag.py took 0.027 seconds
[2025-03-06T13:57:30.071+0000] {processor.py:157} INFO - Started process (PID=22469) to work on /opt/airflow/dags/green_data_ingestion_azure_dag.py
[2025-03-06T13:57:30.074+0000] {processor.py:829} INFO - Processing file /opt/airflow/dags/green_data_ingestion_azure_dag.py for tasks to queue
[2025-03-06T13:57:30.075+0000] {logging_mixin.py:154} INFO - [2025-03-06T13:57:30.074+0000] {dagbag.py:536} INFO - Filling up the DagBag from /opt/airflow/dags/green_data_ingestion_azure_dag.py
[2025-03-06T13:57:30.080+0000] {logging_mixin.py:154} INFO - [2025-03-06T13:57:30.079+0000] {dagbag.py:346} ERROR - Failed to import: /opt/airflow/dags/green_data_ingestion_azure_dag.py
Traceback (most recent call last):
  File "/home/airflow/.local/lib/python3.8/site-packages/airflow/models/dagbag.py", line 342, in parse
    loader.exec_module(new_module)
  File "<frozen importlib._bootstrap_external>", line 843, in exec_module
  File "<frozen importlib._bootstrap>", line 219, in _call_with_frames_removed
  File "/opt/airflow/dags/green_data_ingestion_azure_dag.py", line 11, in <module>
    from airflow.providers.microsoft.azure.operators.synapse_spark import AzureSynapseSparkOperator
ModuleNotFoundError: No module named 'airflow.providers.microsoft.azure.operators.synapse_spark'
[2025-03-06T13:57:30.081+0000] {processor.py:841} WARNING - No viable dags retrieved from /opt/airflow/dags/green_data_ingestion_azure_dag.py
[2025-03-06T13:57:30.093+0000] {processor.py:179} INFO - Processing /opt/airflow/dags/green_data_ingestion_azure_dag.py took 0.026 seconds
[2025-03-06T13:58:00.701+0000] {processor.py:157} INFO - Started process (PID=22525) to work on /opt/airflow/dags/green_data_ingestion_azure_dag.py
[2025-03-06T13:58:00.702+0000] {processor.py:829} INFO - Processing file /opt/airflow/dags/green_data_ingestion_azure_dag.py for tasks to queue
[2025-03-06T13:58:00.703+0000] {logging_mixin.py:154} INFO - [2025-03-06T13:58:00.703+0000] {dagbag.py:536} INFO - Filling up the DagBag from /opt/airflow/dags/green_data_ingestion_azure_dag.py
[2025-03-06T13:58:00.710+0000] {logging_mixin.py:154} INFO - [2025-03-06T13:58:00.708+0000] {dagbag.py:346} ERROR - Failed to import: /opt/airflow/dags/green_data_ingestion_azure_dag.py
Traceback (most recent call last):
  File "/home/airflow/.local/lib/python3.8/site-packages/airflow/models/dagbag.py", line 342, in parse
    loader.exec_module(new_module)
  File "<frozen importlib._bootstrap_external>", line 843, in exec_module
  File "<frozen importlib._bootstrap>", line 219, in _call_with_frames_removed
  File "/opt/airflow/dags/green_data_ingestion_azure_dag.py", line 11, in <module>
    from airflow.providers.microsoft.azure.operators.synapse_spark import AzureSynapseSparkOperator
ModuleNotFoundError: No module named 'airflow.providers.microsoft.azure.operators.synapse_spark'
[2025-03-06T13:58:00.710+0000] {processor.py:841} WARNING - No viable dags retrieved from /opt/airflow/dags/green_data_ingestion_azure_dag.py
[2025-03-06T13:58:00.727+0000] {processor.py:179} INFO - Processing /opt/airflow/dags/green_data_ingestion_azure_dag.py took 0.030 seconds
[2025-03-06T13:58:31.171+0000] {processor.py:157} INFO - Started process (PID=22581) to work on /opt/airflow/dags/green_data_ingestion_azure_dag.py
[2025-03-06T13:58:31.172+0000] {processor.py:829} INFO - Processing file /opt/airflow/dags/green_data_ingestion_azure_dag.py for tasks to queue
[2025-03-06T13:58:31.173+0000] {logging_mixin.py:154} INFO - [2025-03-06T13:58:31.173+0000] {dagbag.py:536} INFO - Filling up the DagBag from /opt/airflow/dags/green_data_ingestion_azure_dag.py
[2025-03-06T13:58:31.179+0000] {logging_mixin.py:154} INFO - [2025-03-06T13:58:31.178+0000] {dagbag.py:346} ERROR - Failed to import: /opt/airflow/dags/green_data_ingestion_azure_dag.py
Traceback (most recent call last):
  File "/home/airflow/.local/lib/python3.8/site-packages/airflow/models/dagbag.py", line 342, in parse
    loader.exec_module(new_module)
  File "<frozen importlib._bootstrap_external>", line 843, in exec_module
  File "<frozen importlib._bootstrap>", line 219, in _call_with_frames_removed
  File "/opt/airflow/dags/green_data_ingestion_azure_dag.py", line 11, in <module>
    from airflow.providers.microsoft.azure.operators.synapse_spark import AzureSynapseSparkOperator
ModuleNotFoundError: No module named 'airflow.providers.microsoft.azure.operators.synapse_spark'
[2025-03-06T13:58:31.180+0000] {processor.py:841} WARNING - No viable dags retrieved from /opt/airflow/dags/green_data_ingestion_azure_dag.py
[2025-03-06T13:58:31.195+0000] {processor.py:179} INFO - Processing /opt/airflow/dags/green_data_ingestion_azure_dag.py took 0.028 seconds
[2025-03-06T13:59:01.728+0000] {processor.py:157} INFO - Started process (PID=22637) to work on /opt/airflow/dags/green_data_ingestion_azure_dag.py
[2025-03-06T13:59:01.731+0000] {processor.py:829} INFO - Processing file /opt/airflow/dags/green_data_ingestion_azure_dag.py for tasks to queue
[2025-03-06T13:59:01.732+0000] {logging_mixin.py:154} INFO - [2025-03-06T13:59:01.731+0000] {dagbag.py:536} INFO - Filling up the DagBag from /opt/airflow/dags/green_data_ingestion_azure_dag.py
[2025-03-06T13:59:01.737+0000] {logging_mixin.py:154} INFO - [2025-03-06T13:59:01.736+0000] {dagbag.py:346} ERROR - Failed to import: /opt/airflow/dags/green_data_ingestion_azure_dag.py
Traceback (most recent call last):
  File "/home/airflow/.local/lib/python3.8/site-packages/airflow/models/dagbag.py", line 342, in parse
    loader.exec_module(new_module)
  File "<frozen importlib._bootstrap_external>", line 843, in exec_module
  File "<frozen importlib._bootstrap>", line 219, in _call_with_frames_removed
  File "/opt/airflow/dags/green_data_ingestion_azure_dag.py", line 11, in <module>
    from airflow.providers.microsoft.azure.operators.synapse_spark import AzureSynapseSparkOperator
ModuleNotFoundError: No module named 'airflow.providers.microsoft.azure.operators.synapse_spark'
[2025-03-06T13:59:01.737+0000] {processor.py:841} WARNING - No viable dags retrieved from /opt/airflow/dags/green_data_ingestion_azure_dag.py
[2025-03-06T13:59:01.752+0000] {processor.py:179} INFO - Processing /opt/airflow/dags/green_data_ingestion_azure_dag.py took 0.027 seconds
[2025-03-06T13:59:32.278+0000] {processor.py:157} INFO - Started process (PID=22693) to work on /opt/airflow/dags/green_data_ingestion_azure_dag.py
[2025-03-06T13:59:32.279+0000] {processor.py:829} INFO - Processing file /opt/airflow/dags/green_data_ingestion_azure_dag.py for tasks to queue
[2025-03-06T13:59:32.280+0000] {logging_mixin.py:154} INFO - [2025-03-06T13:59:32.280+0000] {dagbag.py:536} INFO - Filling up the DagBag from /opt/airflow/dags/green_data_ingestion_azure_dag.py
[2025-03-06T13:59:32.284+0000] {logging_mixin.py:154} INFO - [2025-03-06T13:59:32.284+0000] {dagbag.py:346} ERROR - Failed to import: /opt/airflow/dags/green_data_ingestion_azure_dag.py
Traceback (most recent call last):
  File "/home/airflow/.local/lib/python3.8/site-packages/airflow/models/dagbag.py", line 342, in parse
    loader.exec_module(new_module)
  File "<frozen importlib._bootstrap_external>", line 843, in exec_module
  File "<frozen importlib._bootstrap>", line 219, in _call_with_frames_removed
  File "/opt/airflow/dags/green_data_ingestion_azure_dag.py", line 11, in <module>
    from airflow.providers.microsoft.azure.operators.synapse_spark import AzureSynapseSparkOperator
ModuleNotFoundError: No module named 'airflow.providers.microsoft.azure.operators.synapse_spark'
[2025-03-06T13:59:32.285+0000] {processor.py:841} WARNING - No viable dags retrieved from /opt/airflow/dags/green_data_ingestion_azure_dag.py
[2025-03-06T13:59:32.298+0000] {processor.py:179} INFO - Processing /opt/airflow/dags/green_data_ingestion_azure_dag.py took 0.024 seconds
[2025-03-06T14:00:02.770+0000] {processor.py:157} INFO - Started process (PID=22749) to work on /opt/airflow/dags/green_data_ingestion_azure_dag.py
[2025-03-06T14:00:02.771+0000] {processor.py:829} INFO - Processing file /opt/airflow/dags/green_data_ingestion_azure_dag.py for tasks to queue
[2025-03-06T14:00:02.772+0000] {logging_mixin.py:154} INFO - [2025-03-06T14:00:02.772+0000] {dagbag.py:536} INFO - Filling up the DagBag from /opt/airflow/dags/green_data_ingestion_azure_dag.py
[2025-03-06T14:00:02.776+0000] {logging_mixin.py:154} INFO - [2025-03-06T14:00:02.775+0000] {dagbag.py:346} ERROR - Failed to import: /opt/airflow/dags/green_data_ingestion_azure_dag.py
Traceback (most recent call last):
  File "/home/airflow/.local/lib/python3.8/site-packages/airflow/models/dagbag.py", line 342, in parse
    loader.exec_module(new_module)
  File "<frozen importlib._bootstrap_external>", line 843, in exec_module
  File "<frozen importlib._bootstrap>", line 219, in _call_with_frames_removed
  File "/opt/airflow/dags/green_data_ingestion_azure_dag.py", line 11, in <module>
    from airflow.providers.microsoft.azure.operators.synapse_spark import AzureSynapseSparkOperator
ModuleNotFoundError: No module named 'airflow.providers.microsoft.azure.operators.synapse_spark'
[2025-03-06T14:00:02.777+0000] {processor.py:841} WARNING - No viable dags retrieved from /opt/airflow/dags/green_data_ingestion_azure_dag.py
[2025-03-06T14:00:02.789+0000] {processor.py:179} INFO - Processing /opt/airflow/dags/green_data_ingestion_azure_dag.py took 0.022 seconds
[2025-03-06T14:00:33.197+0000] {processor.py:157} INFO - Started process (PID=22805) to work on /opt/airflow/dags/green_data_ingestion_azure_dag.py
[2025-03-06T14:00:33.198+0000] {processor.py:829} INFO - Processing file /opt/airflow/dags/green_data_ingestion_azure_dag.py for tasks to queue
[2025-03-06T14:00:33.199+0000] {logging_mixin.py:154} INFO - [2025-03-06T14:00:33.198+0000] {dagbag.py:536} INFO - Filling up the DagBag from /opt/airflow/dags/green_data_ingestion_azure_dag.py
[2025-03-06T14:00:33.202+0000] {logging_mixin.py:154} INFO - [2025-03-06T14:00:33.202+0000] {dagbag.py:346} ERROR - Failed to import: /opt/airflow/dags/green_data_ingestion_azure_dag.py
Traceback (most recent call last):
  File "/home/airflow/.local/lib/python3.8/site-packages/airflow/models/dagbag.py", line 342, in parse
    loader.exec_module(new_module)
  File "<frozen importlib._bootstrap_external>", line 843, in exec_module
  File "<frozen importlib._bootstrap>", line 219, in _call_with_frames_removed
  File "/opt/airflow/dags/green_data_ingestion_azure_dag.py", line 11, in <module>
    from airflow.providers.microsoft.azure.operators.synapse_spark import AzureSynapseSparkOperator
ModuleNotFoundError: No module named 'airflow.providers.microsoft.azure.operators.synapse_spark'
[2025-03-06T14:00:33.203+0000] {processor.py:841} WARNING - No viable dags retrieved from /opt/airflow/dags/green_data_ingestion_azure_dag.py
[2025-03-06T14:00:33.213+0000] {processor.py:179} INFO - Processing /opt/airflow/dags/green_data_ingestion_azure_dag.py took 0.018 seconds
[2025-03-06T14:01:03.623+0000] {processor.py:157} INFO - Started process (PID=22861) to work on /opt/airflow/dags/green_data_ingestion_azure_dag.py
[2025-03-06T14:01:03.624+0000] {processor.py:829} INFO - Processing file /opt/airflow/dags/green_data_ingestion_azure_dag.py for tasks to queue
[2025-03-06T14:01:03.625+0000] {logging_mixin.py:154} INFO - [2025-03-06T14:01:03.625+0000] {dagbag.py:536} INFO - Filling up the DagBag from /opt/airflow/dags/green_data_ingestion_azure_dag.py
[2025-03-06T14:01:03.629+0000] {logging_mixin.py:154} INFO - [2025-03-06T14:01:03.628+0000] {dagbag.py:346} ERROR - Failed to import: /opt/airflow/dags/green_data_ingestion_azure_dag.py
Traceback (most recent call last):
  File "/home/airflow/.local/lib/python3.8/site-packages/airflow/models/dagbag.py", line 342, in parse
    loader.exec_module(new_module)
  File "<frozen importlib._bootstrap_external>", line 843, in exec_module
  File "<frozen importlib._bootstrap>", line 219, in _call_with_frames_removed
  File "/opt/airflow/dags/green_data_ingestion_azure_dag.py", line 11, in <module>
    from airflow.providers.microsoft.azure.operators.synapse_spark import AzureSynapseSparkOperator
ModuleNotFoundError: No module named 'airflow.providers.microsoft.azure.operators.synapse_spark'
[2025-03-06T14:01:03.629+0000] {processor.py:841} WARNING - No viable dags retrieved from /opt/airflow/dags/green_data_ingestion_azure_dag.py
[2025-03-06T14:01:03.639+0000] {processor.py:179} INFO - Processing /opt/airflow/dags/green_data_ingestion_azure_dag.py took 0.019 seconds
[2025-03-06T14:01:34.087+0000] {processor.py:157} INFO - Started process (PID=22917) to work on /opt/airflow/dags/green_data_ingestion_azure_dag.py
[2025-03-06T14:01:34.089+0000] {processor.py:829} INFO - Processing file /opt/airflow/dags/green_data_ingestion_azure_dag.py for tasks to queue
[2025-03-06T14:01:34.089+0000] {logging_mixin.py:154} INFO - [2025-03-06T14:01:34.089+0000] {dagbag.py:536} INFO - Filling up the DagBag from /opt/airflow/dags/green_data_ingestion_azure_dag.py
[2025-03-06T14:01:34.094+0000] {logging_mixin.py:154} INFO - [2025-03-06T14:01:34.093+0000] {dagbag.py:346} ERROR - Failed to import: /opt/airflow/dags/green_data_ingestion_azure_dag.py
Traceback (most recent call last):
  File "/home/airflow/.local/lib/python3.8/site-packages/airflow/models/dagbag.py", line 342, in parse
    loader.exec_module(new_module)
  File "<frozen importlib._bootstrap_external>", line 843, in exec_module
  File "<frozen importlib._bootstrap>", line 219, in _call_with_frames_removed
  File "/opt/airflow/dags/green_data_ingestion_azure_dag.py", line 11, in <module>
    from airflow.providers.microsoft.azure.operators.synapse_spark import AzureSynapseSparkOperator
ModuleNotFoundError: No module named 'airflow.providers.microsoft.azure.operators.synapse_spark'
[2025-03-06T14:01:34.094+0000] {processor.py:841} WARNING - No viable dags retrieved from /opt/airflow/dags/green_data_ingestion_azure_dag.py
[2025-03-06T14:01:34.108+0000] {processor.py:179} INFO - Processing /opt/airflow/dags/green_data_ingestion_azure_dag.py took 0.024 seconds
[2025-03-06T14:02:04.537+0000] {processor.py:157} INFO - Started process (PID=22973) to work on /opt/airflow/dags/green_data_ingestion_azure_dag.py
[2025-03-06T14:02:04.539+0000] {processor.py:829} INFO - Processing file /opt/airflow/dags/green_data_ingestion_azure_dag.py for tasks to queue
[2025-03-06T14:02:04.539+0000] {logging_mixin.py:154} INFO - [2025-03-06T14:02:04.539+0000] {dagbag.py:536} INFO - Filling up the DagBag from /opt/airflow/dags/green_data_ingestion_azure_dag.py
[2025-03-06T14:02:04.543+0000] {logging_mixin.py:154} INFO - [2025-03-06T14:02:04.542+0000] {dagbag.py:346} ERROR - Failed to import: /opt/airflow/dags/green_data_ingestion_azure_dag.py
Traceback (most recent call last):
  File "/home/airflow/.local/lib/python3.8/site-packages/airflow/models/dagbag.py", line 342, in parse
    loader.exec_module(new_module)
  File "<frozen importlib._bootstrap_external>", line 843, in exec_module
  File "<frozen importlib._bootstrap>", line 219, in _call_with_frames_removed
  File "/opt/airflow/dags/green_data_ingestion_azure_dag.py", line 11, in <module>
    from airflow.providers.microsoft.azure.operators.synapse_spark import AzureSynapseSparkOperator
ModuleNotFoundError: No module named 'airflow.providers.microsoft.azure.operators.synapse_spark'
[2025-03-06T14:02:04.543+0000] {processor.py:841} WARNING - No viable dags retrieved from /opt/airflow/dags/green_data_ingestion_azure_dag.py
[2025-03-06T14:02:04.556+0000] {processor.py:179} INFO - Processing /opt/airflow/dags/green_data_ingestion_azure_dag.py took 0.021 seconds
[2025-03-06T14:02:35.069+0000] {processor.py:157} INFO - Started process (PID=23029) to work on /opt/airflow/dags/green_data_ingestion_azure_dag.py
[2025-03-06T14:02:35.071+0000] {processor.py:829} INFO - Processing file /opt/airflow/dags/green_data_ingestion_azure_dag.py for tasks to queue
[2025-03-06T14:02:35.071+0000] {logging_mixin.py:154} INFO - [2025-03-06T14:02:35.071+0000] {dagbag.py:536} INFO - Filling up the DagBag from /opt/airflow/dags/green_data_ingestion_azure_dag.py
[2025-03-06T14:02:35.075+0000] {logging_mixin.py:154} INFO - [2025-03-06T14:02:35.074+0000] {dagbag.py:346} ERROR - Failed to import: /opt/airflow/dags/green_data_ingestion_azure_dag.py
Traceback (most recent call last):
  File "/home/airflow/.local/lib/python3.8/site-packages/airflow/models/dagbag.py", line 342, in parse
    loader.exec_module(new_module)
  File "<frozen importlib._bootstrap_external>", line 843, in exec_module
  File "<frozen importlib._bootstrap>", line 219, in _call_with_frames_removed
  File "/opt/airflow/dags/green_data_ingestion_azure_dag.py", line 11, in <module>
    from airflow.providers.microsoft.azure.operators.synapse_spark import AzureSynapseSparkOperator
ModuleNotFoundError: No module named 'airflow.providers.microsoft.azure.operators.synapse_spark'
[2025-03-06T14:02:35.075+0000] {processor.py:841} WARNING - No viable dags retrieved from /opt/airflow/dags/green_data_ingestion_azure_dag.py
[2025-03-06T14:02:35.087+0000] {processor.py:179} INFO - Processing /opt/airflow/dags/green_data_ingestion_azure_dag.py took 0.021 seconds
[2025-03-06T14:03:05.586+0000] {processor.py:157} INFO - Started process (PID=23085) to work on /opt/airflow/dags/green_data_ingestion_azure_dag.py
[2025-03-06T14:03:05.588+0000] {processor.py:829} INFO - Processing file /opt/airflow/dags/green_data_ingestion_azure_dag.py for tasks to queue
[2025-03-06T14:03:05.589+0000] {logging_mixin.py:154} INFO - [2025-03-06T14:03:05.588+0000] {dagbag.py:536} INFO - Filling up the DagBag from /opt/airflow/dags/green_data_ingestion_azure_dag.py
[2025-03-06T14:03:05.592+0000] {logging_mixin.py:154} INFO - [2025-03-06T14:03:05.591+0000] {dagbag.py:346} ERROR - Failed to import: /opt/airflow/dags/green_data_ingestion_azure_dag.py
Traceback (most recent call last):
  File "/home/airflow/.local/lib/python3.8/site-packages/airflow/models/dagbag.py", line 342, in parse
    loader.exec_module(new_module)
  File "<frozen importlib._bootstrap_external>", line 843, in exec_module
  File "<frozen importlib._bootstrap>", line 219, in _call_with_frames_removed
  File "/opt/airflow/dags/green_data_ingestion_azure_dag.py", line 11, in <module>
    from airflow.providers.microsoft.azure.operators.synapse_spark import AzureSynapseSparkOperator
ModuleNotFoundError: No module named 'airflow.providers.microsoft.azure.operators.synapse_spark'
[2025-03-06T14:03:05.593+0000] {processor.py:841} WARNING - No viable dags retrieved from /opt/airflow/dags/green_data_ingestion_azure_dag.py
[2025-03-06T14:03:05.605+0000] {processor.py:179} INFO - Processing /opt/airflow/dags/green_data_ingestion_azure_dag.py took 0.021 seconds
[2025-03-06T14:03:36.100+0000] {processor.py:157} INFO - Started process (PID=23141) to work on /opt/airflow/dags/green_data_ingestion_azure_dag.py
[2025-03-06T14:03:36.102+0000] {processor.py:829} INFO - Processing file /opt/airflow/dags/green_data_ingestion_azure_dag.py for tasks to queue
[2025-03-06T14:03:36.103+0000] {logging_mixin.py:154} INFO - [2025-03-06T14:03:36.103+0000] {dagbag.py:536} INFO - Filling up the DagBag from /opt/airflow/dags/green_data_ingestion_azure_dag.py
[2025-03-06T14:03:36.107+0000] {logging_mixin.py:154} INFO - [2025-03-06T14:03:36.106+0000] {dagbag.py:346} ERROR - Failed to import: /opt/airflow/dags/green_data_ingestion_azure_dag.py
Traceback (most recent call last):
  File "/home/airflow/.local/lib/python3.8/site-packages/airflow/models/dagbag.py", line 342, in parse
    loader.exec_module(new_module)
  File "<frozen importlib._bootstrap_external>", line 843, in exec_module
  File "<frozen importlib._bootstrap>", line 219, in _call_with_frames_removed
  File "/opt/airflow/dags/green_data_ingestion_azure_dag.py", line 11, in <module>
    from airflow.providers.microsoft.azure.operators.synapse_spark import AzureSynapseSparkOperator
ModuleNotFoundError: No module named 'airflow.providers.microsoft.azure.operators.synapse_spark'
[2025-03-06T14:03:36.107+0000] {processor.py:841} WARNING - No viable dags retrieved from /opt/airflow/dags/green_data_ingestion_azure_dag.py
[2025-03-06T14:03:36.117+0000] {processor.py:179} INFO - Processing /opt/airflow/dags/green_data_ingestion_azure_dag.py took 0.020 seconds
[2025-03-06T14:04:06.598+0000] {processor.py:157} INFO - Started process (PID=23197) to work on /opt/airflow/dags/green_data_ingestion_azure_dag.py
[2025-03-06T14:04:06.600+0000] {processor.py:829} INFO - Processing file /opt/airflow/dags/green_data_ingestion_azure_dag.py for tasks to queue
[2025-03-06T14:04:06.600+0000] {logging_mixin.py:154} INFO - [2025-03-06T14:04:06.600+0000] {dagbag.py:536} INFO - Filling up the DagBag from /opt/airflow/dags/green_data_ingestion_azure_dag.py
[2025-03-06T14:04:06.604+0000] {logging_mixin.py:154} INFO - [2025-03-06T14:04:06.603+0000] {dagbag.py:346} ERROR - Failed to import: /opt/airflow/dags/green_data_ingestion_azure_dag.py
Traceback (most recent call last):
  File "/home/airflow/.local/lib/python3.8/site-packages/airflow/models/dagbag.py", line 342, in parse
    loader.exec_module(new_module)
  File "<frozen importlib._bootstrap_external>", line 843, in exec_module
  File "<frozen importlib._bootstrap>", line 219, in _call_with_frames_removed
  File "/opt/airflow/dags/green_data_ingestion_azure_dag.py", line 11, in <module>
    from airflow.providers.microsoft.azure.operators.synapse_spark import AzureSynapseSparkOperator
ModuleNotFoundError: No module named 'airflow.providers.microsoft.azure.operators.synapse_spark'
[2025-03-06T14:04:06.604+0000] {processor.py:841} WARNING - No viable dags retrieved from /opt/airflow/dags/green_data_ingestion_azure_dag.py
[2025-03-06T14:04:06.617+0000] {processor.py:179} INFO - Processing /opt/airflow/dags/green_data_ingestion_azure_dag.py took 0.022 seconds
[2025-03-06T14:04:37.013+0000] {processor.py:157} INFO - Started process (PID=23253) to work on /opt/airflow/dags/green_data_ingestion_azure_dag.py
[2025-03-06T14:04:37.015+0000] {processor.py:829} INFO - Processing file /opt/airflow/dags/green_data_ingestion_azure_dag.py for tasks to queue
[2025-03-06T14:04:37.016+0000] {logging_mixin.py:154} INFO - [2025-03-06T14:04:37.016+0000] {dagbag.py:536} INFO - Filling up the DagBag from /opt/airflow/dags/green_data_ingestion_azure_dag.py
[2025-03-06T14:04:37.020+0000] {logging_mixin.py:154} INFO - [2025-03-06T14:04:37.019+0000] {dagbag.py:346} ERROR - Failed to import: /opt/airflow/dags/green_data_ingestion_azure_dag.py
Traceback (most recent call last):
  File "/home/airflow/.local/lib/python3.8/site-packages/airflow/models/dagbag.py", line 342, in parse
    loader.exec_module(new_module)
  File "<frozen importlib._bootstrap_external>", line 843, in exec_module
  File "<frozen importlib._bootstrap>", line 219, in _call_with_frames_removed
  File "/opt/airflow/dags/green_data_ingestion_azure_dag.py", line 11, in <module>
    from airflow.providers.microsoft.azure.operators.synapse_spark import AzureSynapseSparkOperator
ModuleNotFoundError: No module named 'airflow.providers.microsoft.azure.operators.synapse_spark'
[2025-03-06T14:04:37.021+0000] {processor.py:841} WARNING - No viable dags retrieved from /opt/airflow/dags/green_data_ingestion_azure_dag.py
[2025-03-06T14:04:37.032+0000] {processor.py:179} INFO - Processing /opt/airflow/dags/green_data_ingestion_azure_dag.py took 0.022 seconds
[2025-03-06T14:05:07.630+0000] {processor.py:157} INFO - Started process (PID=23309) to work on /opt/airflow/dags/green_data_ingestion_azure_dag.py
[2025-03-06T14:05:07.631+0000] {processor.py:829} INFO - Processing file /opt/airflow/dags/green_data_ingestion_azure_dag.py for tasks to queue
[2025-03-06T14:05:07.632+0000] {logging_mixin.py:154} INFO - [2025-03-06T14:05:07.632+0000] {dagbag.py:536} INFO - Filling up the DagBag from /opt/airflow/dags/green_data_ingestion_azure_dag.py
[2025-03-06T14:05:07.638+0000] {logging_mixin.py:154} INFO - [2025-03-06T14:05:07.637+0000] {dagbag.py:346} ERROR - Failed to import: /opt/airflow/dags/green_data_ingestion_azure_dag.py
Traceback (most recent call last):
  File "/home/airflow/.local/lib/python3.8/site-packages/airflow/models/dagbag.py", line 342, in parse
    loader.exec_module(new_module)
  File "<frozen importlib._bootstrap_external>", line 843, in exec_module
  File "<frozen importlib._bootstrap>", line 219, in _call_with_frames_removed
  File "/opt/airflow/dags/green_data_ingestion_azure_dag.py", line 11, in <module>
    from airflow.providers.microsoft.azure.operators.synapse_spark import AzureSynapseSparkOperator
ModuleNotFoundError: No module named 'airflow.providers.microsoft.azure.operators.synapse_spark'
[2025-03-06T14:05:07.638+0000] {processor.py:841} WARNING - No viable dags retrieved from /opt/airflow/dags/green_data_ingestion_azure_dag.py
[2025-03-06T14:05:07.655+0000] {processor.py:179} INFO - Processing /opt/airflow/dags/green_data_ingestion_azure_dag.py took 0.030 seconds
[2025-03-06T14:05:38.074+0000] {processor.py:157} INFO - Started process (PID=23365) to work on /opt/airflow/dags/green_data_ingestion_azure_dag.py
[2025-03-06T14:05:38.077+0000] {processor.py:829} INFO - Processing file /opt/airflow/dags/green_data_ingestion_azure_dag.py for tasks to queue
[2025-03-06T14:05:38.078+0000] {logging_mixin.py:154} INFO - [2025-03-06T14:05:38.078+0000] {dagbag.py:536} INFO - Filling up the DagBag from /opt/airflow/dags/green_data_ingestion_azure_dag.py
[2025-03-06T14:05:38.083+0000] {logging_mixin.py:154} INFO - [2025-03-06T14:05:38.081+0000] {dagbag.py:346} ERROR - Failed to import: /opt/airflow/dags/green_data_ingestion_azure_dag.py
Traceback (most recent call last):
  File "/home/airflow/.local/lib/python3.8/site-packages/airflow/models/dagbag.py", line 342, in parse
    loader.exec_module(new_module)
  File "<frozen importlib._bootstrap_external>", line 843, in exec_module
  File "<frozen importlib._bootstrap>", line 219, in _call_with_frames_removed
  File "/opt/airflow/dags/green_data_ingestion_azure_dag.py", line 11, in <module>
    from airflow.providers.microsoft.azure.operators.synapse_spark import AzureSynapseSparkOperator
ModuleNotFoundError: No module named 'airflow.providers.microsoft.azure.operators.synapse_spark'
[2025-03-06T14:05:38.083+0000] {processor.py:841} WARNING - No viable dags retrieved from /opt/airflow/dags/green_data_ingestion_azure_dag.py
[2025-03-06T14:05:38.096+0000] {processor.py:179} INFO - Processing /opt/airflow/dags/green_data_ingestion_azure_dag.py took 0.025 seconds
[2025-03-06T14:06:08.718+0000] {processor.py:157} INFO - Started process (PID=23421) to work on /opt/airflow/dags/green_data_ingestion_azure_dag.py
[2025-03-06T14:06:08.720+0000] {processor.py:829} INFO - Processing file /opt/airflow/dags/green_data_ingestion_azure_dag.py for tasks to queue
[2025-03-06T14:06:08.721+0000] {logging_mixin.py:154} INFO - [2025-03-06T14:06:08.721+0000] {dagbag.py:536} INFO - Filling up the DagBag from /opt/airflow/dags/green_data_ingestion_azure_dag.py
[2025-03-06T14:06:08.726+0000] {logging_mixin.py:154} INFO - [2025-03-06T14:06:08.724+0000] {dagbag.py:346} ERROR - Failed to import: /opt/airflow/dags/green_data_ingestion_azure_dag.py
Traceback (most recent call last):
  File "/home/airflow/.local/lib/python3.8/site-packages/airflow/models/dagbag.py", line 342, in parse
    loader.exec_module(new_module)
  File "<frozen importlib._bootstrap_external>", line 843, in exec_module
  File "<frozen importlib._bootstrap>", line 219, in _call_with_frames_removed
  File "/opt/airflow/dags/green_data_ingestion_azure_dag.py", line 11, in <module>
    from airflow.providers.microsoft.azure.operators.synapse_spark import AzureSynapseSparkOperator
ModuleNotFoundError: No module named 'airflow.providers.microsoft.azure.operators.synapse_spark'
[2025-03-06T14:06:08.727+0000] {processor.py:841} WARNING - No viable dags retrieved from /opt/airflow/dags/green_data_ingestion_azure_dag.py
[2025-03-06T14:06:08.740+0000] {processor.py:179} INFO - Processing /opt/airflow/dags/green_data_ingestion_azure_dag.py took 0.026 seconds
[2025-03-06T14:06:39.223+0000] {processor.py:157} INFO - Started process (PID=23477) to work on /opt/airflow/dags/green_data_ingestion_azure_dag.py
[2025-03-06T14:06:39.225+0000] {processor.py:829} INFO - Processing file /opt/airflow/dags/green_data_ingestion_azure_dag.py for tasks to queue
[2025-03-06T14:06:39.226+0000] {logging_mixin.py:154} INFO - [2025-03-06T14:06:39.226+0000] {dagbag.py:536} INFO - Filling up the DagBag from /opt/airflow/dags/green_data_ingestion_azure_dag.py
[2025-03-06T14:06:39.233+0000] {logging_mixin.py:154} INFO - [2025-03-06T14:06:39.231+0000] {dagbag.py:346} ERROR - Failed to import: /opt/airflow/dags/green_data_ingestion_azure_dag.py
Traceback (most recent call last):
  File "/home/airflow/.local/lib/python3.8/site-packages/airflow/models/dagbag.py", line 342, in parse
    loader.exec_module(new_module)
  File "<frozen importlib._bootstrap_external>", line 843, in exec_module
  File "<frozen importlib._bootstrap>", line 219, in _call_with_frames_removed
  File "/opt/airflow/dags/green_data_ingestion_azure_dag.py", line 11, in <module>
    from airflow.providers.microsoft.azure.operators.synapse_spark import AzureSynapseSparkOperator
ModuleNotFoundError: No module named 'airflow.providers.microsoft.azure.operators.synapse_spark'
[2025-03-06T14:06:39.233+0000] {processor.py:841} WARNING - No viable dags retrieved from /opt/airflow/dags/green_data_ingestion_azure_dag.py
[2025-03-06T14:06:39.246+0000] {processor.py:179} INFO - Processing /opt/airflow/dags/green_data_ingestion_azure_dag.py took 0.027 seconds
[2025-03-06T14:07:09.695+0000] {processor.py:157} INFO - Started process (PID=23533) to work on /opt/airflow/dags/green_data_ingestion_azure_dag.py
[2025-03-06T14:07:09.696+0000] {processor.py:829} INFO - Processing file /opt/airflow/dags/green_data_ingestion_azure_dag.py for tasks to queue
[2025-03-06T14:07:09.697+0000] {logging_mixin.py:154} INFO - [2025-03-06T14:07:09.697+0000] {dagbag.py:536} INFO - Filling up the DagBag from /opt/airflow/dags/green_data_ingestion_azure_dag.py
[2025-03-06T14:07:09.704+0000] {logging_mixin.py:154} INFO - [2025-03-06T14:07:09.702+0000] {dagbag.py:346} ERROR - Failed to import: /opt/airflow/dags/green_data_ingestion_azure_dag.py
Traceback (most recent call last):
  File "/home/airflow/.local/lib/python3.8/site-packages/airflow/models/dagbag.py", line 342, in parse
    loader.exec_module(new_module)
  File "<frozen importlib._bootstrap_external>", line 843, in exec_module
  File "<frozen importlib._bootstrap>", line 219, in _call_with_frames_removed
  File "/opt/airflow/dags/green_data_ingestion_azure_dag.py", line 11, in <module>
    from airflow.providers.microsoft.azure.operators.synapse_spark import AzureSynapseSparkOperator
ModuleNotFoundError: No module named 'airflow.providers.microsoft.azure.operators.synapse_spark'
[2025-03-06T14:07:09.704+0000] {processor.py:841} WARNING - No viable dags retrieved from /opt/airflow/dags/green_data_ingestion_azure_dag.py
[2025-03-06T14:07:09.719+0000] {processor.py:179} INFO - Processing /opt/airflow/dags/green_data_ingestion_azure_dag.py took 0.028 seconds
[2025-03-06T14:07:40.154+0000] {processor.py:157} INFO - Started process (PID=23589) to work on /opt/airflow/dags/green_data_ingestion_azure_dag.py
[2025-03-06T14:07:40.156+0000] {processor.py:829} INFO - Processing file /opt/airflow/dags/green_data_ingestion_azure_dag.py for tasks to queue
[2025-03-06T14:07:40.157+0000] {logging_mixin.py:154} INFO - [2025-03-06T14:07:40.157+0000] {dagbag.py:536} INFO - Filling up the DagBag from /opt/airflow/dags/green_data_ingestion_azure_dag.py
[2025-03-06T14:07:40.163+0000] {logging_mixin.py:154} INFO - [2025-03-06T14:07:40.162+0000] {dagbag.py:346} ERROR - Failed to import: /opt/airflow/dags/green_data_ingestion_azure_dag.py
Traceback (most recent call last):
  File "/home/airflow/.local/lib/python3.8/site-packages/airflow/models/dagbag.py", line 342, in parse
    loader.exec_module(new_module)
  File "<frozen importlib._bootstrap_external>", line 843, in exec_module
  File "<frozen importlib._bootstrap>", line 219, in _call_with_frames_removed
  File "/opt/airflow/dags/green_data_ingestion_azure_dag.py", line 11, in <module>
    from airflow.providers.microsoft.azure.operators.synapse_spark import AzureSynapseSparkOperator
ModuleNotFoundError: No module named 'airflow.providers.microsoft.azure.operators.synapse_spark'
[2025-03-06T14:07:40.163+0000] {processor.py:841} WARNING - No viable dags retrieved from /opt/airflow/dags/green_data_ingestion_azure_dag.py
[2025-03-06T14:07:40.179+0000] {processor.py:179} INFO - Processing /opt/airflow/dags/green_data_ingestion_azure_dag.py took 0.029 seconds
[2025-03-06T14:08:10.571+0000] {processor.py:157} INFO - Started process (PID=23645) to work on /opt/airflow/dags/green_data_ingestion_azure_dag.py
[2025-03-06T14:08:10.573+0000] {processor.py:829} INFO - Processing file /opt/airflow/dags/green_data_ingestion_azure_dag.py for tasks to queue
[2025-03-06T14:08:10.573+0000] {logging_mixin.py:154} INFO - [2025-03-06T14:08:10.573+0000] {dagbag.py:536} INFO - Filling up the DagBag from /opt/airflow/dags/green_data_ingestion_azure_dag.py
[2025-03-06T14:08:10.578+0000] {logging_mixin.py:154} INFO - [2025-03-06T14:08:10.577+0000] {dagbag.py:346} ERROR - Failed to import: /opt/airflow/dags/green_data_ingestion_azure_dag.py
Traceback (most recent call last):
  File "/home/airflow/.local/lib/python3.8/site-packages/airflow/models/dagbag.py", line 342, in parse
    loader.exec_module(new_module)
  File "<frozen importlib._bootstrap_external>", line 843, in exec_module
  File "<frozen importlib._bootstrap>", line 219, in _call_with_frames_removed
  File "/opt/airflow/dags/green_data_ingestion_azure_dag.py", line 11, in <module>
    from airflow.providers.microsoft.azure.operators.synapse_spark import AzureSynapseSparkOperator
ModuleNotFoundError: No module named 'airflow.providers.microsoft.azure.operators.synapse_spark'
[2025-03-06T14:08:10.579+0000] {processor.py:841} WARNING - No viable dags retrieved from /opt/airflow/dags/green_data_ingestion_azure_dag.py
[2025-03-06T14:08:10.592+0000] {processor.py:179} INFO - Processing /opt/airflow/dags/green_data_ingestion_azure_dag.py took 0.023 seconds
[2025-03-06T14:08:41.056+0000] {processor.py:157} INFO - Started process (PID=23701) to work on /opt/airflow/dags/green_data_ingestion_azure_dag.py
[2025-03-06T14:08:41.057+0000] {processor.py:829} INFO - Processing file /opt/airflow/dags/green_data_ingestion_azure_dag.py for tasks to queue
[2025-03-06T14:08:41.058+0000] {logging_mixin.py:154} INFO - [2025-03-06T14:08:41.058+0000] {dagbag.py:536} INFO - Filling up the DagBag from /opt/airflow/dags/green_data_ingestion_azure_dag.py
[2025-03-06T14:08:41.063+0000] {logging_mixin.py:154} INFO - [2025-03-06T14:08:41.061+0000] {dagbag.py:346} ERROR - Failed to import: /opt/airflow/dags/green_data_ingestion_azure_dag.py
Traceback (most recent call last):
  File "/home/airflow/.local/lib/python3.8/site-packages/airflow/models/dagbag.py", line 342, in parse
    loader.exec_module(new_module)
  File "<frozen importlib._bootstrap_external>", line 843, in exec_module
  File "<frozen importlib._bootstrap>", line 219, in _call_with_frames_removed
  File "/opt/airflow/dags/green_data_ingestion_azure_dag.py", line 11, in <module>
    from airflow.providers.microsoft.azure.operators.synapse_spark import AzureSynapseSparkOperator
ModuleNotFoundError: No module named 'airflow.providers.microsoft.azure.operators.synapse_spark'
[2025-03-06T14:08:41.063+0000] {processor.py:841} WARNING - No viable dags retrieved from /opt/airflow/dags/green_data_ingestion_azure_dag.py
[2025-03-06T14:08:41.083+0000] {processor.py:179} INFO - Processing /opt/airflow/dags/green_data_ingestion_azure_dag.py took 0.031 seconds
[2025-03-06T14:09:11.576+0000] {processor.py:157} INFO - Started process (PID=23757) to work on /opt/airflow/dags/green_data_ingestion_azure_dag.py
[2025-03-06T14:09:11.578+0000] {processor.py:829} INFO - Processing file /opt/airflow/dags/green_data_ingestion_azure_dag.py for tasks to queue
[2025-03-06T14:09:11.579+0000] {logging_mixin.py:154} INFO - [2025-03-06T14:09:11.579+0000] {dagbag.py:536} INFO - Filling up the DagBag from /opt/airflow/dags/green_data_ingestion_azure_dag.py
[2025-03-06T14:09:11.585+0000] {logging_mixin.py:154} INFO - [2025-03-06T14:09:11.584+0000] {dagbag.py:346} ERROR - Failed to import: /opt/airflow/dags/green_data_ingestion_azure_dag.py
Traceback (most recent call last):
  File "/home/airflow/.local/lib/python3.8/site-packages/airflow/models/dagbag.py", line 342, in parse
    loader.exec_module(new_module)
  File "<frozen importlib._bootstrap_external>", line 843, in exec_module
  File "<frozen importlib._bootstrap>", line 219, in _call_with_frames_removed
  File "/opt/airflow/dags/green_data_ingestion_azure_dag.py", line 11, in <module>
    from airflow.providers.microsoft.azure.operators.synapse_spark import AzureSynapseSparkOperator
ModuleNotFoundError: No module named 'airflow.providers.microsoft.azure.operators.synapse_spark'
[2025-03-06T14:09:11.585+0000] {processor.py:841} WARNING - No viable dags retrieved from /opt/airflow/dags/green_data_ingestion_azure_dag.py
[2025-03-06T14:09:11.600+0000] {processor.py:179} INFO - Processing /opt/airflow/dags/green_data_ingestion_azure_dag.py took 0.028 seconds
[2025-03-06T14:09:42.125+0000] {processor.py:157} INFO - Started process (PID=23813) to work on /opt/airflow/dags/green_data_ingestion_azure_dag.py
[2025-03-06T14:09:42.128+0000] {processor.py:829} INFO - Processing file /opt/airflow/dags/green_data_ingestion_azure_dag.py for tasks to queue
[2025-03-06T14:09:42.129+0000] {logging_mixin.py:154} INFO - [2025-03-06T14:09:42.128+0000] {dagbag.py:536} INFO - Filling up the DagBag from /opt/airflow/dags/green_data_ingestion_azure_dag.py
[2025-03-06T14:09:42.135+0000] {logging_mixin.py:154} INFO - [2025-03-06T14:09:42.134+0000] {dagbag.py:346} ERROR - Failed to import: /opt/airflow/dags/green_data_ingestion_azure_dag.py
Traceback (most recent call last):
  File "/home/airflow/.local/lib/python3.8/site-packages/airflow/models/dagbag.py", line 342, in parse
    loader.exec_module(new_module)
  File "<frozen importlib._bootstrap_external>", line 843, in exec_module
  File "<frozen importlib._bootstrap>", line 219, in _call_with_frames_removed
  File "/opt/airflow/dags/green_data_ingestion_azure_dag.py", line 11, in <module>
    from airflow.providers.microsoft.azure.operators.synapse_spark import AzureSynapseSparkOperator
ModuleNotFoundError: No module named 'airflow.providers.microsoft.azure.operators.synapse_spark'
[2025-03-06T14:09:42.136+0000] {processor.py:841} WARNING - No viable dags retrieved from /opt/airflow/dags/green_data_ingestion_azure_dag.py
[2025-03-06T14:09:42.148+0000] {processor.py:179} INFO - Processing /opt/airflow/dags/green_data_ingestion_azure_dag.py took 0.027 seconds
[2025-03-06T14:10:12.677+0000] {processor.py:157} INFO - Started process (PID=23869) to work on /opt/airflow/dags/green_data_ingestion_azure_dag.py
[2025-03-06T14:10:12.680+0000] {processor.py:829} INFO - Processing file /opt/airflow/dags/green_data_ingestion_azure_dag.py for tasks to queue
[2025-03-06T14:10:12.681+0000] {logging_mixin.py:154} INFO - [2025-03-06T14:10:12.681+0000] {dagbag.py:536} INFO - Filling up the DagBag from /opt/airflow/dags/green_data_ingestion_azure_dag.py
[2025-03-06T14:10:12.687+0000] {logging_mixin.py:154} INFO - [2025-03-06T14:10:12.686+0000] {dagbag.py:346} ERROR - Failed to import: /opt/airflow/dags/green_data_ingestion_azure_dag.py
Traceback (most recent call last):
  File "/home/airflow/.local/lib/python3.8/site-packages/airflow/models/dagbag.py", line 342, in parse
    loader.exec_module(new_module)
  File "<frozen importlib._bootstrap_external>", line 843, in exec_module
  File "<frozen importlib._bootstrap>", line 219, in _call_with_frames_removed
  File "/opt/airflow/dags/green_data_ingestion_azure_dag.py", line 11, in <module>
    from airflow.providers.microsoft.azure.operators.synapse_spark import AzureSynapseSparkOperator
ModuleNotFoundError: No module named 'airflow.providers.microsoft.azure.operators.synapse_spark'
[2025-03-06T14:10:12.688+0000] {processor.py:841} WARNING - No viable dags retrieved from /opt/airflow/dags/green_data_ingestion_azure_dag.py
[2025-03-06T14:10:12.702+0000] {processor.py:179} INFO - Processing /opt/airflow/dags/green_data_ingestion_azure_dag.py took 0.029 seconds
[2025-03-06T14:10:43.272+0000] {processor.py:157} INFO - Started process (PID=23925) to work on /opt/airflow/dags/green_data_ingestion_azure_dag.py
[2025-03-06T14:10:43.274+0000] {processor.py:829} INFO - Processing file /opt/airflow/dags/green_data_ingestion_azure_dag.py for tasks to queue
[2025-03-06T14:10:43.274+0000] {logging_mixin.py:154} INFO - [2025-03-06T14:10:43.274+0000] {dagbag.py:536} INFO - Filling up the DagBag from /opt/airflow/dags/green_data_ingestion_azure_dag.py
[2025-03-06T14:10:43.278+0000] {logging_mixin.py:154} INFO - [2025-03-06T14:10:43.277+0000] {dagbag.py:346} ERROR - Failed to import: /opt/airflow/dags/green_data_ingestion_azure_dag.py
Traceback (most recent call last):
  File "/home/airflow/.local/lib/python3.8/site-packages/airflow/models/dagbag.py", line 342, in parse
    loader.exec_module(new_module)
  File "<frozen importlib._bootstrap_external>", line 843, in exec_module
  File "<frozen importlib._bootstrap>", line 219, in _call_with_frames_removed
  File "/opt/airflow/dags/green_data_ingestion_azure_dag.py", line 11, in <module>
    from airflow.providers.microsoft.azure.operators.synapse_spark import AzureSynapseSparkOperator
ModuleNotFoundError: No module named 'airflow.providers.microsoft.azure.operators.synapse_spark'
[2025-03-06T14:10:43.278+0000] {processor.py:841} WARNING - No viable dags retrieved from /opt/airflow/dags/green_data_ingestion_azure_dag.py
[2025-03-06T14:10:43.294+0000] {processor.py:179} INFO - Processing /opt/airflow/dags/green_data_ingestion_azure_dag.py took 0.023 seconds
[2025-03-06T14:11:13.782+0000] {processor.py:157} INFO - Started process (PID=23981) to work on /opt/airflow/dags/green_data_ingestion_azure_dag.py
[2025-03-06T14:11:13.784+0000] {processor.py:829} INFO - Processing file /opt/airflow/dags/green_data_ingestion_azure_dag.py for tasks to queue
[2025-03-06T14:11:13.785+0000] {logging_mixin.py:154} INFO - [2025-03-06T14:11:13.785+0000] {dagbag.py:536} INFO - Filling up the DagBag from /opt/airflow/dags/green_data_ingestion_azure_dag.py
[2025-03-06T14:11:13.792+0000] {logging_mixin.py:154} INFO - [2025-03-06T14:11:13.790+0000] {dagbag.py:346} ERROR - Failed to import: /opt/airflow/dags/green_data_ingestion_azure_dag.py
Traceback (most recent call last):
  File "/home/airflow/.local/lib/python3.8/site-packages/airflow/models/dagbag.py", line 342, in parse
    loader.exec_module(new_module)
  File "<frozen importlib._bootstrap_external>", line 843, in exec_module
  File "<frozen importlib._bootstrap>", line 219, in _call_with_frames_removed
  File "/opt/airflow/dags/green_data_ingestion_azure_dag.py", line 11, in <module>
    from airflow.providers.microsoft.azure.operators.synapse_spark import AzureSynapseSparkOperator
ModuleNotFoundError: No module named 'airflow.providers.microsoft.azure.operators.synapse_spark'
[2025-03-06T14:11:13.793+0000] {processor.py:841} WARNING - No viable dags retrieved from /opt/airflow/dags/green_data_ingestion_azure_dag.py
[2025-03-06T14:11:13.806+0000] {processor.py:179} INFO - Processing /opt/airflow/dags/green_data_ingestion_azure_dag.py took 0.028 seconds
[2025-03-06T14:11:44.354+0000] {processor.py:157} INFO - Started process (PID=24037) to work on /opt/airflow/dags/green_data_ingestion_azure_dag.py
[2025-03-06T14:11:44.356+0000] {processor.py:829} INFO - Processing file /opt/airflow/dags/green_data_ingestion_azure_dag.py for tasks to queue
[2025-03-06T14:11:44.357+0000] {logging_mixin.py:154} INFO - [2025-03-06T14:11:44.357+0000] {dagbag.py:536} INFO - Filling up the DagBag from /opt/airflow/dags/green_data_ingestion_azure_dag.py
[2025-03-06T14:11:44.362+0000] {logging_mixin.py:154} INFO - [2025-03-06T14:11:44.360+0000] {dagbag.py:346} ERROR - Failed to import: /opt/airflow/dags/green_data_ingestion_azure_dag.py
Traceback (most recent call last):
  File "/home/airflow/.local/lib/python3.8/site-packages/airflow/models/dagbag.py", line 342, in parse
    loader.exec_module(new_module)
  File "<frozen importlib._bootstrap_external>", line 843, in exec_module
  File "<frozen importlib._bootstrap>", line 219, in _call_with_frames_removed
  File "/opt/airflow/dags/green_data_ingestion_azure_dag.py", line 11, in <module>
    from airflow.providers.microsoft.azure.operators.synapse_spark import AzureSynapseSparkOperator
ModuleNotFoundError: No module named 'airflow.providers.microsoft.azure.operators.synapse_spark'
[2025-03-06T14:11:44.362+0000] {processor.py:841} WARNING - No viable dags retrieved from /opt/airflow/dags/green_data_ingestion_azure_dag.py
[2025-03-06T14:11:44.377+0000] {processor.py:179} INFO - Processing /opt/airflow/dags/green_data_ingestion_azure_dag.py took 0.027 seconds
[2025-03-06T14:12:14.885+0000] {processor.py:157} INFO - Started process (PID=24093) to work on /opt/airflow/dags/green_data_ingestion_azure_dag.py
[2025-03-06T14:12:14.886+0000] {processor.py:829} INFO - Processing file /opt/airflow/dags/green_data_ingestion_azure_dag.py for tasks to queue
[2025-03-06T14:12:14.888+0000] {logging_mixin.py:154} INFO - [2025-03-06T14:12:14.888+0000] {dagbag.py:536} INFO - Filling up the DagBag from /opt/airflow/dags/green_data_ingestion_azure_dag.py
[2025-03-06T14:12:14.893+0000] {logging_mixin.py:154} INFO - [2025-03-06T14:12:14.892+0000] {dagbag.py:346} ERROR - Failed to import: /opt/airflow/dags/green_data_ingestion_azure_dag.py
Traceback (most recent call last):
  File "/home/airflow/.local/lib/python3.8/site-packages/airflow/models/dagbag.py", line 342, in parse
    loader.exec_module(new_module)
  File "<frozen importlib._bootstrap_external>", line 843, in exec_module
  File "<frozen importlib._bootstrap>", line 219, in _call_with_frames_removed
  File "/opt/airflow/dags/green_data_ingestion_azure_dag.py", line 11, in <module>
    from airflow.providers.microsoft.azure.operators.synapse_spark import AzureSynapseSparkOperator
ModuleNotFoundError: No module named 'airflow.providers.microsoft.azure.operators.synapse_spark'
[2025-03-06T14:12:14.894+0000] {processor.py:841} WARNING - No viable dags retrieved from /opt/airflow/dags/green_data_ingestion_azure_dag.py
[2025-03-06T14:12:14.908+0000] {processor.py:179} INFO - Processing /opt/airflow/dags/green_data_ingestion_azure_dag.py took 0.027 seconds
[2025-03-06T14:12:45.392+0000] {processor.py:157} INFO - Started process (PID=24149) to work on /opt/airflow/dags/green_data_ingestion_azure_dag.py
[2025-03-06T14:12:45.394+0000] {processor.py:829} INFO - Processing file /opt/airflow/dags/green_data_ingestion_azure_dag.py for tasks to queue
[2025-03-06T14:12:45.395+0000] {logging_mixin.py:154} INFO - [2025-03-06T14:12:45.395+0000] {dagbag.py:536} INFO - Filling up the DagBag from /opt/airflow/dags/green_data_ingestion_azure_dag.py
[2025-03-06T14:12:45.402+0000] {logging_mixin.py:154} INFO - [2025-03-06T14:12:45.400+0000] {dagbag.py:346} ERROR - Failed to import: /opt/airflow/dags/green_data_ingestion_azure_dag.py
Traceback (most recent call last):
  File "/home/airflow/.local/lib/python3.8/site-packages/airflow/models/dagbag.py", line 342, in parse
    loader.exec_module(new_module)
  File "<frozen importlib._bootstrap_external>", line 843, in exec_module
  File "<frozen importlib._bootstrap>", line 219, in _call_with_frames_removed
  File "/opt/airflow/dags/green_data_ingestion_azure_dag.py", line 11, in <module>
    from airflow.providers.microsoft.azure.operators.synapse_spark import AzureSynapseSparkOperator
ModuleNotFoundError: No module named 'airflow.providers.microsoft.azure.operators.synapse_spark'
[2025-03-06T14:12:45.402+0000] {processor.py:841} WARNING - No viable dags retrieved from /opt/airflow/dags/green_data_ingestion_azure_dag.py
[2025-03-06T14:12:45.416+0000] {processor.py:179} INFO - Processing /opt/airflow/dags/green_data_ingestion_azure_dag.py took 0.028 seconds
[2025-03-06T14:13:15.961+0000] {processor.py:157} INFO - Started process (PID=24205) to work on /opt/airflow/dags/green_data_ingestion_azure_dag.py
[2025-03-06T14:13:15.962+0000] {processor.py:829} INFO - Processing file /opt/airflow/dags/green_data_ingestion_azure_dag.py for tasks to queue
[2025-03-06T14:13:15.963+0000] {logging_mixin.py:154} INFO - [2025-03-06T14:13:15.963+0000] {dagbag.py:536} INFO - Filling up the DagBag from /opt/airflow/dags/green_data_ingestion_azure_dag.py
[2025-03-06T14:13:15.970+0000] {logging_mixin.py:154} INFO - [2025-03-06T14:13:15.968+0000] {dagbag.py:346} ERROR - Failed to import: /opt/airflow/dags/green_data_ingestion_azure_dag.py
Traceback (most recent call last):
  File "/home/airflow/.local/lib/python3.8/site-packages/airflow/models/dagbag.py", line 342, in parse
    loader.exec_module(new_module)
  File "<frozen importlib._bootstrap_external>", line 843, in exec_module
  File "<frozen importlib._bootstrap>", line 219, in _call_with_frames_removed
  File "/opt/airflow/dags/green_data_ingestion_azure_dag.py", line 11, in <module>
    from airflow.providers.microsoft.azure.operators.synapse_spark import AzureSynapseSparkOperator
ModuleNotFoundError: No module named 'airflow.providers.microsoft.azure.operators.synapse_spark'
[2025-03-06T14:13:15.970+0000] {processor.py:841} WARNING - No viable dags retrieved from /opt/airflow/dags/green_data_ingestion_azure_dag.py
[2025-03-06T14:13:15.983+0000] {processor.py:179} INFO - Processing /opt/airflow/dags/green_data_ingestion_azure_dag.py took 0.026 seconds
[2025-03-06T14:13:46.513+0000] {processor.py:157} INFO - Started process (PID=24261) to work on /opt/airflow/dags/green_data_ingestion_azure_dag.py
[2025-03-06T14:13:46.515+0000] {processor.py:829} INFO - Processing file /opt/airflow/dags/green_data_ingestion_azure_dag.py for tasks to queue
[2025-03-06T14:13:46.516+0000] {logging_mixin.py:154} INFO - [2025-03-06T14:13:46.516+0000] {dagbag.py:536} INFO - Filling up the DagBag from /opt/airflow/dags/green_data_ingestion_azure_dag.py
[2025-03-06T14:13:46.523+0000] {logging_mixin.py:154} INFO - [2025-03-06T14:13:46.521+0000] {dagbag.py:346} ERROR - Failed to import: /opt/airflow/dags/green_data_ingestion_azure_dag.py
Traceback (most recent call last):
  File "/home/airflow/.local/lib/python3.8/site-packages/airflow/models/dagbag.py", line 342, in parse
    loader.exec_module(new_module)
  File "<frozen importlib._bootstrap_external>", line 843, in exec_module
  File "<frozen importlib._bootstrap>", line 219, in _call_with_frames_removed
  File "/opt/airflow/dags/green_data_ingestion_azure_dag.py", line 11, in <module>
    from airflow.providers.microsoft.azure.operators.synapse_spark import AzureSynapseSparkOperator
ModuleNotFoundError: No module named 'airflow.providers.microsoft.azure.operators.synapse_spark'
[2025-03-06T14:13:46.524+0000] {processor.py:841} WARNING - No viable dags retrieved from /opt/airflow/dags/green_data_ingestion_azure_dag.py
[2025-03-06T14:13:46.538+0000] {processor.py:179} INFO - Processing /opt/airflow/dags/green_data_ingestion_azure_dag.py took 0.029 seconds
[2025-03-06T14:14:16.892+0000] {processor.py:157} INFO - Started process (PID=24317) to work on /opt/airflow/dags/green_data_ingestion_azure_dag.py
[2025-03-06T14:14:16.893+0000] {processor.py:829} INFO - Processing file /opt/airflow/dags/green_data_ingestion_azure_dag.py for tasks to queue
[2025-03-06T14:14:16.894+0000] {logging_mixin.py:154} INFO - [2025-03-06T14:14:16.894+0000] {dagbag.py:536} INFO - Filling up the DagBag from /opt/airflow/dags/green_data_ingestion_azure_dag.py
[2025-03-06T14:14:16.900+0000] {logging_mixin.py:154} INFO - [2025-03-06T14:14:16.898+0000] {dagbag.py:346} ERROR - Failed to import: /opt/airflow/dags/green_data_ingestion_azure_dag.py
Traceback (most recent call last):
  File "/home/airflow/.local/lib/python3.8/site-packages/airflow/models/dagbag.py", line 342, in parse
    loader.exec_module(new_module)
  File "<frozen importlib._bootstrap_external>", line 843, in exec_module
  File "<frozen importlib._bootstrap>", line 219, in _call_with_frames_removed
  File "/opt/airflow/dags/green_data_ingestion_azure_dag.py", line 11, in <module>
    from airflow.providers.microsoft.azure.operators.synapse_spark import AzureSynapseSparkOperator
ModuleNotFoundError: No module named 'airflow.providers.microsoft.azure.operators.synapse_spark'
[2025-03-06T14:14:16.901+0000] {processor.py:841} WARNING - No viable dags retrieved from /opt/airflow/dags/green_data_ingestion_azure_dag.py
[2025-03-06T14:14:16.912+0000] {processor.py:179} INFO - Processing /opt/airflow/dags/green_data_ingestion_azure_dag.py took 0.023 seconds
[2025-03-06T14:14:47.434+0000] {processor.py:157} INFO - Started process (PID=24373) to work on /opt/airflow/dags/green_data_ingestion_azure_dag.py
[2025-03-06T14:14:47.435+0000] {processor.py:829} INFO - Processing file /opt/airflow/dags/green_data_ingestion_azure_dag.py for tasks to queue
[2025-03-06T14:14:47.436+0000] {logging_mixin.py:154} INFO - [2025-03-06T14:14:47.436+0000] {dagbag.py:536} INFO - Filling up the DagBag from /opt/airflow/dags/green_data_ingestion_azure_dag.py
[2025-03-06T14:14:47.442+0000] {logging_mixin.py:154} INFO - [2025-03-06T14:14:47.440+0000] {dagbag.py:346} ERROR - Failed to import: /opt/airflow/dags/green_data_ingestion_azure_dag.py
Traceback (most recent call last):
  File "/home/airflow/.local/lib/python3.8/site-packages/airflow/models/dagbag.py", line 342, in parse
    loader.exec_module(new_module)
  File "<frozen importlib._bootstrap_external>", line 843, in exec_module
  File "<frozen importlib._bootstrap>", line 219, in _call_with_frames_removed
  File "/opt/airflow/dags/green_data_ingestion_azure_dag.py", line 11, in <module>
    from airflow.providers.microsoft.azure.operators.synapse_spark import AzureSynapseSparkOperator
ModuleNotFoundError: No module named 'airflow.providers.microsoft.azure.operators.synapse_spark'
[2025-03-06T14:14:47.442+0000] {processor.py:841} WARNING - No viable dags retrieved from /opt/airflow/dags/green_data_ingestion_azure_dag.py
[2025-03-06T14:14:47.458+0000] {processor.py:179} INFO - Processing /opt/airflow/dags/green_data_ingestion_azure_dag.py took 0.028 seconds
[2025-03-06T14:15:17.964+0000] {processor.py:157} INFO - Started process (PID=24429) to work on /opt/airflow/dags/green_data_ingestion_azure_dag.py
[2025-03-06T14:15:17.966+0000] {processor.py:829} INFO - Processing file /opt/airflow/dags/green_data_ingestion_azure_dag.py for tasks to queue
[2025-03-06T14:15:17.967+0000] {logging_mixin.py:154} INFO - [2025-03-06T14:15:17.967+0000] {dagbag.py:536} INFO - Filling up the DagBag from /opt/airflow/dags/green_data_ingestion_azure_dag.py
[2025-03-06T14:15:17.974+0000] {logging_mixin.py:154} INFO - [2025-03-06T14:15:17.972+0000] {dagbag.py:346} ERROR - Failed to import: /opt/airflow/dags/green_data_ingestion_azure_dag.py
Traceback (most recent call last):
  File "/home/airflow/.local/lib/python3.8/site-packages/airflow/models/dagbag.py", line 342, in parse
    loader.exec_module(new_module)
  File "<frozen importlib._bootstrap_external>", line 843, in exec_module
  File "<frozen importlib._bootstrap>", line 219, in _call_with_frames_removed
  File "/opt/airflow/dags/green_data_ingestion_azure_dag.py", line 11, in <module>
    from airflow.providers.microsoft.azure.operators.synapse_spark import AzureSynapseSparkOperator
ModuleNotFoundError: No module named 'airflow.providers.microsoft.azure.operators.synapse_spark'
[2025-03-06T14:15:17.974+0000] {processor.py:841} WARNING - No viable dags retrieved from /opt/airflow/dags/green_data_ingestion_azure_dag.py
[2025-03-06T14:15:17.988+0000] {processor.py:179} INFO - Processing /opt/airflow/dags/green_data_ingestion_azure_dag.py took 0.028 seconds
[2025-03-06T14:15:48.437+0000] {processor.py:157} INFO - Started process (PID=24485) to work on /opt/airflow/dags/green_data_ingestion_azure_dag.py
[2025-03-06T14:15:48.438+0000] {processor.py:829} INFO - Processing file /opt/airflow/dags/green_data_ingestion_azure_dag.py for tasks to queue
[2025-03-06T14:15:48.439+0000] {logging_mixin.py:154} INFO - [2025-03-06T14:15:48.439+0000] {dagbag.py:536} INFO - Filling up the DagBag from /opt/airflow/dags/green_data_ingestion_azure_dag.py
[2025-03-06T14:15:48.444+0000] {logging_mixin.py:154} INFO - [2025-03-06T14:15:48.443+0000] {dagbag.py:346} ERROR - Failed to import: /opt/airflow/dags/green_data_ingestion_azure_dag.py
Traceback (most recent call last):
  File "/home/airflow/.local/lib/python3.8/site-packages/airflow/models/dagbag.py", line 342, in parse
    loader.exec_module(new_module)
  File "<frozen importlib._bootstrap_external>", line 843, in exec_module
  File "<frozen importlib._bootstrap>", line 219, in _call_with_frames_removed
  File "/opt/airflow/dags/green_data_ingestion_azure_dag.py", line 11, in <module>
    from airflow.providers.microsoft.azure.operators.synapse_spark import AzureSynapseSparkOperator
ModuleNotFoundError: No module named 'airflow.providers.microsoft.azure.operators.synapse_spark'
[2025-03-06T14:15:48.444+0000] {processor.py:841} WARNING - No viable dags retrieved from /opt/airflow/dags/green_data_ingestion_azure_dag.py
[2025-03-06T14:15:48.457+0000] {processor.py:179} INFO - Processing /opt/airflow/dags/green_data_ingestion_azure_dag.py took 0.024 seconds
[2025-03-06T14:16:18.981+0000] {processor.py:157} INFO - Started process (PID=24541) to work on /opt/airflow/dags/green_data_ingestion_azure_dag.py
[2025-03-06T14:16:18.983+0000] {processor.py:829} INFO - Processing file /opt/airflow/dags/green_data_ingestion_azure_dag.py for tasks to queue
[2025-03-06T14:16:18.985+0000] {logging_mixin.py:154} INFO - [2025-03-06T14:16:18.985+0000] {dagbag.py:536} INFO - Filling up the DagBag from /opt/airflow/dags/green_data_ingestion_azure_dag.py
[2025-03-06T14:16:18.991+0000] {logging_mixin.py:154} INFO - [2025-03-06T14:16:18.989+0000] {dagbag.py:346} ERROR - Failed to import: /opt/airflow/dags/green_data_ingestion_azure_dag.py
Traceback (most recent call last):
  File "/home/airflow/.local/lib/python3.8/site-packages/airflow/models/dagbag.py", line 342, in parse
    loader.exec_module(new_module)
  File "<frozen importlib._bootstrap_external>", line 843, in exec_module
  File "<frozen importlib._bootstrap>", line 219, in _call_with_frames_removed
  File "/opt/airflow/dags/green_data_ingestion_azure_dag.py", line 11, in <module>
    from airflow.providers.microsoft.azure.operators.synapse_spark import AzureSynapseSparkOperator
ModuleNotFoundError: No module named 'airflow.providers.microsoft.azure.operators.synapse_spark'
[2025-03-06T14:16:18.991+0000] {processor.py:841} WARNING - No viable dags retrieved from /opt/airflow/dags/green_data_ingestion_azure_dag.py
[2025-03-06T14:16:19.006+0000] {processor.py:179} INFO - Processing /opt/airflow/dags/green_data_ingestion_azure_dag.py took 0.029 seconds
[2025-03-06T14:16:49.438+0000] {processor.py:157} INFO - Started process (PID=24597) to work on /opt/airflow/dags/green_data_ingestion_azure_dag.py
[2025-03-06T14:16:49.439+0000] {processor.py:829} INFO - Processing file /opt/airflow/dags/green_data_ingestion_azure_dag.py for tasks to queue
[2025-03-06T14:16:49.440+0000] {logging_mixin.py:154} INFO - [2025-03-06T14:16:49.440+0000] {dagbag.py:536} INFO - Filling up the DagBag from /opt/airflow/dags/green_data_ingestion_azure_dag.py
[2025-03-06T14:16:49.446+0000] {logging_mixin.py:154} INFO - [2025-03-06T14:16:49.444+0000] {dagbag.py:346} ERROR - Failed to import: /opt/airflow/dags/green_data_ingestion_azure_dag.py
Traceback (most recent call last):
  File "/home/airflow/.local/lib/python3.8/site-packages/airflow/models/dagbag.py", line 342, in parse
    loader.exec_module(new_module)
  File "<frozen importlib._bootstrap_external>", line 843, in exec_module
  File "<frozen importlib._bootstrap>", line 219, in _call_with_frames_removed
  File "/opt/airflow/dags/green_data_ingestion_azure_dag.py", line 11, in <module>
    from airflow.providers.microsoft.azure.operators.synapse_spark import AzureSynapseSparkOperator
ModuleNotFoundError: No module named 'airflow.providers.microsoft.azure.operators.synapse_spark'
[2025-03-06T14:16:49.447+0000] {processor.py:841} WARNING - No viable dags retrieved from /opt/airflow/dags/green_data_ingestion_azure_dag.py
[2025-03-06T14:16:49.462+0000] {processor.py:179} INFO - Processing /opt/airflow/dags/green_data_ingestion_azure_dag.py took 0.028 seconds
[2025-03-06T14:17:19.941+0000] {processor.py:157} INFO - Started process (PID=24653) to work on /opt/airflow/dags/green_data_ingestion_azure_dag.py
[2025-03-06T14:17:19.943+0000] {processor.py:829} INFO - Processing file /opt/airflow/dags/green_data_ingestion_azure_dag.py for tasks to queue
[2025-03-06T14:17:19.945+0000] {logging_mixin.py:154} INFO - [2025-03-06T14:17:19.944+0000] {dagbag.py:536} INFO - Filling up the DagBag from /opt/airflow/dags/green_data_ingestion_azure_dag.py
[2025-03-06T14:17:19.951+0000] {logging_mixin.py:154} INFO - [2025-03-06T14:17:19.950+0000] {dagbag.py:346} ERROR - Failed to import: /opt/airflow/dags/green_data_ingestion_azure_dag.py
Traceback (most recent call last):
  File "/home/airflow/.local/lib/python3.8/site-packages/airflow/models/dagbag.py", line 342, in parse
    loader.exec_module(new_module)
  File "<frozen importlib._bootstrap_external>", line 843, in exec_module
  File "<frozen importlib._bootstrap>", line 219, in _call_with_frames_removed
  File "/opt/airflow/dags/green_data_ingestion_azure_dag.py", line 11, in <module>
    from airflow.providers.microsoft.azure.operators.synapse_spark import AzureSynapseSparkOperator
ModuleNotFoundError: No module named 'airflow.providers.microsoft.azure.operators.synapse_spark'
[2025-03-06T14:17:19.951+0000] {processor.py:841} WARNING - No viable dags retrieved from /opt/airflow/dags/green_data_ingestion_azure_dag.py
[2025-03-06T14:17:19.967+0000] {processor.py:179} INFO - Processing /opt/airflow/dags/green_data_ingestion_azure_dag.py took 0.030 seconds
[2025-03-06T14:17:50.484+0000] {processor.py:157} INFO - Started process (PID=24709) to work on /opt/airflow/dags/green_data_ingestion_azure_dag.py
[2025-03-06T14:17:50.487+0000] {processor.py:829} INFO - Processing file /opt/airflow/dags/green_data_ingestion_azure_dag.py for tasks to queue
[2025-03-06T14:17:50.488+0000] {logging_mixin.py:154} INFO - [2025-03-06T14:17:50.487+0000] {dagbag.py:536} INFO - Filling up the DagBag from /opt/airflow/dags/green_data_ingestion_azure_dag.py
[2025-03-06T14:17:50.494+0000] {logging_mixin.py:154} INFO - [2025-03-06T14:17:50.493+0000] {dagbag.py:346} ERROR - Failed to import: /opt/airflow/dags/green_data_ingestion_azure_dag.py
Traceback (most recent call last):
  File "/home/airflow/.local/lib/python3.8/site-packages/airflow/models/dagbag.py", line 342, in parse
    loader.exec_module(new_module)
  File "<frozen importlib._bootstrap_external>", line 843, in exec_module
  File "<frozen importlib._bootstrap>", line 219, in _call_with_frames_removed
  File "/opt/airflow/dags/green_data_ingestion_azure_dag.py", line 11, in <module>
    from airflow.providers.microsoft.azure.operators.synapse_spark import AzureSynapseSparkOperator
ModuleNotFoundError: No module named 'airflow.providers.microsoft.azure.operators.synapse_spark'
[2025-03-06T14:17:50.494+0000] {processor.py:841} WARNING - No viable dags retrieved from /opt/airflow/dags/green_data_ingestion_azure_dag.py
[2025-03-06T14:17:50.506+0000] {processor.py:179} INFO - Processing /opt/airflow/dags/green_data_ingestion_azure_dag.py took 0.027 seconds
[2025-03-06T14:18:20.904+0000] {processor.py:157} INFO - Started process (PID=24765) to work on /opt/airflow/dags/green_data_ingestion_azure_dag.py
[2025-03-06T14:18:20.906+0000] {processor.py:829} INFO - Processing file /opt/airflow/dags/green_data_ingestion_azure_dag.py for tasks to queue
[2025-03-06T14:18:20.907+0000] {logging_mixin.py:154} INFO - [2025-03-06T14:18:20.907+0000] {dagbag.py:536} INFO - Filling up the DagBag from /opt/airflow/dags/green_data_ingestion_azure_dag.py
[2025-03-06T14:18:20.912+0000] {logging_mixin.py:154} INFO - [2025-03-06T14:18:20.911+0000] {dagbag.py:346} ERROR - Failed to import: /opt/airflow/dags/green_data_ingestion_azure_dag.py
Traceback (most recent call last):
  File "/home/airflow/.local/lib/python3.8/site-packages/airflow/models/dagbag.py", line 342, in parse
    loader.exec_module(new_module)
  File "<frozen importlib._bootstrap_external>", line 843, in exec_module
  File "<frozen importlib._bootstrap>", line 219, in _call_with_frames_removed
  File "/opt/airflow/dags/green_data_ingestion_azure_dag.py", line 11, in <module>
    from airflow.providers.microsoft.azure.operators.synapse_spark import AzureSynapseSparkOperator
ModuleNotFoundError: No module named 'airflow.providers.microsoft.azure.operators.synapse_spark'
[2025-03-06T14:18:20.912+0000] {processor.py:841} WARNING - No viable dags retrieved from /opt/airflow/dags/green_data_ingestion_azure_dag.py
[2025-03-06T14:18:20.924+0000] {processor.py:179} INFO - Processing /opt/airflow/dags/green_data_ingestion_azure_dag.py took 0.023 seconds
[2025-03-06T14:18:51.480+0000] {processor.py:157} INFO - Started process (PID=24821) to work on /opt/airflow/dags/green_data_ingestion_azure_dag.py
[2025-03-06T14:18:51.481+0000] {processor.py:829} INFO - Processing file /opt/airflow/dags/green_data_ingestion_azure_dag.py for tasks to queue
[2025-03-06T14:18:51.483+0000] {logging_mixin.py:154} INFO - [2025-03-06T14:18:51.483+0000] {dagbag.py:536} INFO - Filling up the DagBag from /opt/airflow/dags/green_data_ingestion_azure_dag.py
[2025-03-06T14:18:51.489+0000] {logging_mixin.py:154} INFO - [2025-03-06T14:18:51.487+0000] {dagbag.py:346} ERROR - Failed to import: /opt/airflow/dags/green_data_ingestion_azure_dag.py
Traceback (most recent call last):
  File "/home/airflow/.local/lib/python3.8/site-packages/airflow/models/dagbag.py", line 342, in parse
    loader.exec_module(new_module)
  File "<frozen importlib._bootstrap_external>", line 843, in exec_module
  File "<frozen importlib._bootstrap>", line 219, in _call_with_frames_removed
  File "/opt/airflow/dags/green_data_ingestion_azure_dag.py", line 11, in <module>
    from airflow.providers.microsoft.azure.operators.synapse_spark import AzureSynapseSparkOperator
ModuleNotFoundError: No module named 'airflow.providers.microsoft.azure.operators.synapse_spark'
[2025-03-06T14:18:51.489+0000] {processor.py:841} WARNING - No viable dags retrieved from /opt/airflow/dags/green_data_ingestion_azure_dag.py
[2025-03-06T14:18:51.503+0000] {processor.py:179} INFO - Processing /opt/airflow/dags/green_data_ingestion_azure_dag.py took 0.027 seconds
[2025-03-06T14:19:21.965+0000] {processor.py:157} INFO - Started process (PID=24877) to work on /opt/airflow/dags/green_data_ingestion_azure_dag.py
[2025-03-06T14:19:21.967+0000] {processor.py:829} INFO - Processing file /opt/airflow/dags/green_data_ingestion_azure_dag.py for tasks to queue
[2025-03-06T14:19:21.967+0000] {logging_mixin.py:154} INFO - [2025-03-06T14:19:21.967+0000] {dagbag.py:536} INFO - Filling up the DagBag from /opt/airflow/dags/green_data_ingestion_azure_dag.py
[2025-03-06T14:19:21.973+0000] {logging_mixin.py:154} INFO - [2025-03-06T14:19:21.972+0000] {dagbag.py:346} ERROR - Failed to import: /opt/airflow/dags/green_data_ingestion_azure_dag.py
Traceback (most recent call last):
  File "/home/airflow/.local/lib/python3.8/site-packages/airflow/models/dagbag.py", line 342, in parse
    loader.exec_module(new_module)
  File "<frozen importlib._bootstrap_external>", line 843, in exec_module
  File "<frozen importlib._bootstrap>", line 219, in _call_with_frames_removed
  File "/opt/airflow/dags/green_data_ingestion_azure_dag.py", line 11, in <module>
    from airflow.providers.microsoft.azure.operators.synapse_spark import AzureSynapseSparkOperator
ModuleNotFoundError: No module named 'airflow.providers.microsoft.azure.operators.synapse_spark'
[2025-03-06T14:19:21.973+0000] {processor.py:841} WARNING - No viable dags retrieved from /opt/airflow/dags/green_data_ingestion_azure_dag.py
[2025-03-06T14:19:21.986+0000] {processor.py:179} INFO - Processing /opt/airflow/dags/green_data_ingestion_azure_dag.py took 0.024 seconds
[2025-03-06T14:19:52.477+0000] {processor.py:157} INFO - Started process (PID=24933) to work on /opt/airflow/dags/green_data_ingestion_azure_dag.py
[2025-03-06T14:19:52.479+0000] {processor.py:829} INFO - Processing file /opt/airflow/dags/green_data_ingestion_azure_dag.py for tasks to queue
[2025-03-06T14:19:52.479+0000] {logging_mixin.py:154} INFO - [2025-03-06T14:19:52.479+0000] {dagbag.py:536} INFO - Filling up the DagBag from /opt/airflow/dags/green_data_ingestion_azure_dag.py
[2025-03-06T14:19:52.484+0000] {logging_mixin.py:154} INFO - [2025-03-06T14:19:52.483+0000] {dagbag.py:346} ERROR - Failed to import: /opt/airflow/dags/green_data_ingestion_azure_dag.py
Traceback (most recent call last):
  File "/home/airflow/.local/lib/python3.8/site-packages/airflow/models/dagbag.py", line 342, in parse
    loader.exec_module(new_module)
  File "<frozen importlib._bootstrap_external>", line 843, in exec_module
  File "<frozen importlib._bootstrap>", line 219, in _call_with_frames_removed
  File "/opt/airflow/dags/green_data_ingestion_azure_dag.py", line 11, in <module>
    from airflow.providers.microsoft.azure.operators.synapse_spark import AzureSynapseSparkOperator
ModuleNotFoundError: No module named 'airflow.providers.microsoft.azure.operators.synapse_spark'
[2025-03-06T14:19:52.485+0000] {processor.py:841} WARNING - No viable dags retrieved from /opt/airflow/dags/green_data_ingestion_azure_dag.py
[2025-03-06T14:19:52.497+0000] {processor.py:179} INFO - Processing /opt/airflow/dags/green_data_ingestion_azure_dag.py took 0.022 seconds
[2025-03-06T14:20:22.919+0000] {processor.py:157} INFO - Started process (PID=24989) to work on /opt/airflow/dags/green_data_ingestion_azure_dag.py
[2025-03-06T14:20:22.920+0000] {processor.py:829} INFO - Processing file /opt/airflow/dags/green_data_ingestion_azure_dag.py for tasks to queue
[2025-03-06T14:20:22.921+0000] {logging_mixin.py:154} INFO - [2025-03-06T14:20:22.921+0000] {dagbag.py:536} INFO - Filling up the DagBag from /opt/airflow/dags/green_data_ingestion_azure_dag.py
[2025-03-06T14:20:22.926+0000] {logging_mixin.py:154} INFO - [2025-03-06T14:20:22.925+0000] {dagbag.py:346} ERROR - Failed to import: /opt/airflow/dags/green_data_ingestion_azure_dag.py
Traceback (most recent call last):
  File "/home/airflow/.local/lib/python3.8/site-packages/airflow/models/dagbag.py", line 342, in parse
    loader.exec_module(new_module)
  File "<frozen importlib._bootstrap_external>", line 843, in exec_module
  File "<frozen importlib._bootstrap>", line 219, in _call_with_frames_removed
  File "/opt/airflow/dags/green_data_ingestion_azure_dag.py", line 11, in <module>
    from airflow.providers.microsoft.azure.operators.synapse_spark import AzureSynapseSparkOperator
ModuleNotFoundError: No module named 'airflow.providers.microsoft.azure.operators.synapse_spark'
[2025-03-06T14:20:22.927+0000] {processor.py:841} WARNING - No viable dags retrieved from /opt/airflow/dags/green_data_ingestion_azure_dag.py
[2025-03-06T14:20:22.941+0000] {processor.py:179} INFO - Processing /opt/airflow/dags/green_data_ingestion_azure_dag.py took 0.026 seconds
[2025-03-06T14:20:53.435+0000] {processor.py:157} INFO - Started process (PID=25044) to work on /opt/airflow/dags/green_data_ingestion_azure_dag.py
[2025-03-06T14:20:53.435+0000] {processor.py:829} INFO - Processing file /opt/airflow/dags/green_data_ingestion_azure_dag.py for tasks to queue
[2025-03-06T14:20:53.437+0000] {logging_mixin.py:154} INFO - [2025-03-06T14:20:53.437+0000] {dagbag.py:536} INFO - Filling up the DagBag from /opt/airflow/dags/green_data_ingestion_azure_dag.py
[2025-03-06T14:20:53.444+0000] {logging_mixin.py:154} INFO - [2025-03-06T14:20:53.443+0000] {dagbag.py:346} ERROR - Failed to import: /opt/airflow/dags/green_data_ingestion_azure_dag.py
Traceback (most recent call last):
  File "/home/airflow/.local/lib/python3.8/site-packages/airflow/models/dagbag.py", line 342, in parse
    loader.exec_module(new_module)
  File "<frozen importlib._bootstrap_external>", line 843, in exec_module
  File "<frozen importlib._bootstrap>", line 219, in _call_with_frames_removed
  File "/opt/airflow/dags/green_data_ingestion_azure_dag.py", line 11, in <module>
    from airflow.providers.microsoft.azure.operators.synapse_spark import AzureSynapseSparkOperator
ModuleNotFoundError: No module named 'airflow.providers.microsoft.azure.operators.synapse_spark'
[2025-03-06T14:20:53.444+0000] {processor.py:841} WARNING - No viable dags retrieved from /opt/airflow/dags/green_data_ingestion_azure_dag.py
[2025-03-06T14:20:53.462+0000] {processor.py:179} INFO - Processing /opt/airflow/dags/green_data_ingestion_azure_dag.py took 0.029 seconds
[2025-03-06T14:21:24.057+0000] {processor.py:157} INFO - Started process (PID=25100) to work on /opt/airflow/dags/green_data_ingestion_azure_dag.py
[2025-03-06T14:21:24.059+0000] {processor.py:829} INFO - Processing file /opt/airflow/dags/green_data_ingestion_azure_dag.py for tasks to queue
[2025-03-06T14:21:24.061+0000] {logging_mixin.py:154} INFO - [2025-03-06T14:21:24.060+0000] {dagbag.py:536} INFO - Filling up the DagBag from /opt/airflow/dags/green_data_ingestion_azure_dag.py
[2025-03-06T14:21:24.067+0000] {logging_mixin.py:154} INFO - [2025-03-06T14:21:24.066+0000] {dagbag.py:346} ERROR - Failed to import: /opt/airflow/dags/green_data_ingestion_azure_dag.py
Traceback (most recent call last):
  File "/home/airflow/.local/lib/python3.8/site-packages/airflow/models/dagbag.py", line 342, in parse
    loader.exec_module(new_module)
  File "<frozen importlib._bootstrap_external>", line 843, in exec_module
  File "<frozen importlib._bootstrap>", line 219, in _call_with_frames_removed
  File "/opt/airflow/dags/green_data_ingestion_azure_dag.py", line 11, in <module>
    from airflow.providers.microsoft.azure.operators.synapse_spark import AzureSynapseSparkOperator
ModuleNotFoundError: No module named 'airflow.providers.microsoft.azure.operators.synapse_spark'
[2025-03-06T14:21:24.068+0000] {processor.py:841} WARNING - No viable dags retrieved from /opt/airflow/dags/green_data_ingestion_azure_dag.py
[2025-03-06T14:21:24.082+0000] {processor.py:179} INFO - Processing /opt/airflow/dags/green_data_ingestion_azure_dag.py took 0.030 seconds
[2025-03-06T14:21:54.554+0000] {processor.py:157} INFO - Started process (PID=25156) to work on /opt/airflow/dags/green_data_ingestion_azure_dag.py
[2025-03-06T14:21:54.556+0000] {processor.py:829} INFO - Processing file /opt/airflow/dags/green_data_ingestion_azure_dag.py for tasks to queue
[2025-03-06T14:21:54.557+0000] {logging_mixin.py:154} INFO - [2025-03-06T14:21:54.557+0000] {dagbag.py:536} INFO - Filling up the DagBag from /opt/airflow/dags/green_data_ingestion_azure_dag.py
[2025-03-06T14:21:54.562+0000] {logging_mixin.py:154} INFO - [2025-03-06T14:21:54.561+0000] {dagbag.py:346} ERROR - Failed to import: /opt/airflow/dags/green_data_ingestion_azure_dag.py
Traceback (most recent call last):
  File "/home/airflow/.local/lib/python3.8/site-packages/airflow/models/dagbag.py", line 342, in parse
    loader.exec_module(new_module)
  File "<frozen importlib._bootstrap_external>", line 843, in exec_module
  File "<frozen importlib._bootstrap>", line 219, in _call_with_frames_removed
  File "/opt/airflow/dags/green_data_ingestion_azure_dag.py", line 11, in <module>
    from airflow.providers.microsoft.azure.operators.synapse_spark import AzureSynapseSparkOperator
ModuleNotFoundError: No module named 'airflow.providers.microsoft.azure.operators.synapse_spark'
[2025-03-06T14:21:54.562+0000] {processor.py:841} WARNING - No viable dags retrieved from /opt/airflow/dags/green_data_ingestion_azure_dag.py
[2025-03-06T14:21:54.576+0000] {processor.py:179} INFO - Processing /opt/airflow/dags/green_data_ingestion_azure_dag.py took 0.025 seconds
[2025-03-06T14:22:25.013+0000] {processor.py:157} INFO - Started process (PID=25212) to work on /opt/airflow/dags/green_data_ingestion_azure_dag.py
[2025-03-06T14:22:25.015+0000] {processor.py:829} INFO - Processing file /opt/airflow/dags/green_data_ingestion_azure_dag.py for tasks to queue
[2025-03-06T14:22:25.017+0000] {logging_mixin.py:154} INFO - [2025-03-06T14:22:25.016+0000] {dagbag.py:536} INFO - Filling up the DagBag from /opt/airflow/dags/green_data_ingestion_azure_dag.py
[2025-03-06T14:22:25.023+0000] {logging_mixin.py:154} INFO - [2025-03-06T14:22:25.022+0000] {dagbag.py:346} ERROR - Failed to import: /opt/airflow/dags/green_data_ingestion_azure_dag.py
Traceback (most recent call last):
  File "/home/airflow/.local/lib/python3.8/site-packages/airflow/models/dagbag.py", line 342, in parse
    loader.exec_module(new_module)
  File "<frozen importlib._bootstrap_external>", line 843, in exec_module
  File "<frozen importlib._bootstrap>", line 219, in _call_with_frames_removed
  File "/opt/airflow/dags/green_data_ingestion_azure_dag.py", line 11, in <module>
    from airflow.providers.microsoft.azure.operators.synapse_spark import AzureSynapseSparkOperator
ModuleNotFoundError: No module named 'airflow.providers.microsoft.azure.operators.synapse_spark'
[2025-03-06T14:22:25.024+0000] {processor.py:841} WARNING - No viable dags retrieved from /opt/airflow/dags/green_data_ingestion_azure_dag.py
[2025-03-06T14:22:25.039+0000] {processor.py:179} INFO - Processing /opt/airflow/dags/green_data_ingestion_azure_dag.py took 0.029 seconds
[2025-03-06T14:22:55.484+0000] {processor.py:157} INFO - Started process (PID=25268) to work on /opt/airflow/dags/green_data_ingestion_azure_dag.py
[2025-03-06T14:22:55.486+0000] {processor.py:829} INFO - Processing file /opt/airflow/dags/green_data_ingestion_azure_dag.py for tasks to queue
[2025-03-06T14:22:55.487+0000] {logging_mixin.py:154} INFO - [2025-03-06T14:22:55.487+0000] {dagbag.py:536} INFO - Filling up the DagBag from /opt/airflow/dags/green_data_ingestion_azure_dag.py
[2025-03-06T14:22:55.492+0000] {logging_mixin.py:154} INFO - [2025-03-06T14:22:55.491+0000] {dagbag.py:346} ERROR - Failed to import: /opt/airflow/dags/green_data_ingestion_azure_dag.py
Traceback (most recent call last):
  File "/home/airflow/.local/lib/python3.8/site-packages/airflow/models/dagbag.py", line 342, in parse
    loader.exec_module(new_module)
  File "<frozen importlib._bootstrap_external>", line 843, in exec_module
  File "<frozen importlib._bootstrap>", line 219, in _call_with_frames_removed
  File "/opt/airflow/dags/green_data_ingestion_azure_dag.py", line 11, in <module>
    from airflow.providers.microsoft.azure.operators.synapse_spark import AzureSynapseSparkOperator
ModuleNotFoundError: No module named 'airflow.providers.microsoft.azure.operators.synapse_spark'
[2025-03-06T14:22:55.493+0000] {processor.py:841} WARNING - No viable dags retrieved from /opt/airflow/dags/green_data_ingestion_azure_dag.py
[2025-03-06T14:22:55.507+0000] {processor.py:179} INFO - Processing /opt/airflow/dags/green_data_ingestion_azure_dag.py took 0.027 seconds
[2025-03-06T14:23:25.993+0000] {processor.py:157} INFO - Started process (PID=25324) to work on /opt/airflow/dags/green_data_ingestion_azure_dag.py
[2025-03-06T14:23:25.995+0000] {processor.py:829} INFO - Processing file /opt/airflow/dags/green_data_ingestion_azure_dag.py for tasks to queue
[2025-03-06T14:23:25.995+0000] {logging_mixin.py:154} INFO - [2025-03-06T14:23:25.995+0000] {dagbag.py:536} INFO - Filling up the DagBag from /opt/airflow/dags/green_data_ingestion_azure_dag.py
[2025-03-06T14:23:26.001+0000] {logging_mixin.py:154} INFO - [2025-03-06T14:23:26.000+0000] {dagbag.py:346} ERROR - Failed to import: /opt/airflow/dags/green_data_ingestion_azure_dag.py
Traceback (most recent call last):
  File "/home/airflow/.local/lib/python3.8/site-packages/airflow/models/dagbag.py", line 342, in parse
    loader.exec_module(new_module)
  File "<frozen importlib._bootstrap_external>", line 843, in exec_module
  File "<frozen importlib._bootstrap>", line 219, in _call_with_frames_removed
  File "/opt/airflow/dags/green_data_ingestion_azure_dag.py", line 11, in <module>
    from airflow.providers.microsoft.azure.operators.synapse_spark import AzureSynapseSparkOperator
ModuleNotFoundError: No module named 'airflow.providers.microsoft.azure.operators.synapse_spark'
[2025-03-06T14:23:26.002+0000] {processor.py:841} WARNING - No viable dags retrieved from /opt/airflow/dags/green_data_ingestion_azure_dag.py
[2025-03-06T14:23:26.014+0000] {processor.py:179} INFO - Processing /opt/airflow/dags/green_data_ingestion_azure_dag.py took 0.024 seconds
[2025-03-06T14:23:56.490+0000] {processor.py:157} INFO - Started process (PID=25380) to work on /opt/airflow/dags/green_data_ingestion_azure_dag.py
[2025-03-06T14:23:56.493+0000] {processor.py:829} INFO - Processing file /opt/airflow/dags/green_data_ingestion_azure_dag.py for tasks to queue
[2025-03-06T14:23:56.494+0000] {logging_mixin.py:154} INFO - [2025-03-06T14:23:56.493+0000] {dagbag.py:536} INFO - Filling up the DagBag from /opt/airflow/dags/green_data_ingestion_azure_dag.py
[2025-03-06T14:23:56.501+0000] {logging_mixin.py:154} INFO - [2025-03-06T14:23:56.499+0000] {dagbag.py:346} ERROR - Failed to import: /opt/airflow/dags/green_data_ingestion_azure_dag.py
Traceback (most recent call last):
  File "/home/airflow/.local/lib/python3.8/site-packages/airflow/models/dagbag.py", line 342, in parse
    loader.exec_module(new_module)
  File "<frozen importlib._bootstrap_external>", line 843, in exec_module
  File "<frozen importlib._bootstrap>", line 219, in _call_with_frames_removed
  File "/opt/airflow/dags/green_data_ingestion_azure_dag.py", line 11, in <module>
    from airflow.providers.microsoft.azure.operators.synapse_spark import AzureSynapseSparkOperator
ModuleNotFoundError: No module named 'airflow.providers.microsoft.azure.operators.synapse_spark'
[2025-03-06T14:23:56.501+0000] {processor.py:841} WARNING - No viable dags retrieved from /opt/airflow/dags/green_data_ingestion_azure_dag.py
[2025-03-06T14:23:56.516+0000] {processor.py:179} INFO - Processing /opt/airflow/dags/green_data_ingestion_azure_dag.py took 0.030 seconds
[2025-03-06T14:24:27.016+0000] {processor.py:157} INFO - Started process (PID=25437) to work on /opt/airflow/dags/green_data_ingestion_azure_dag.py
[2025-03-06T14:24:27.017+0000] {processor.py:829} INFO - Processing file /opt/airflow/dags/green_data_ingestion_azure_dag.py for tasks to queue
[2025-03-06T14:24:27.018+0000] {logging_mixin.py:154} INFO - [2025-03-06T14:24:27.018+0000] {dagbag.py:536} INFO - Filling up the DagBag from /opt/airflow/dags/green_data_ingestion_azure_dag.py
[2025-03-06T14:24:27.024+0000] {logging_mixin.py:154} INFO - [2025-03-06T14:24:27.021+0000] {dagbag.py:346} ERROR - Failed to import: /opt/airflow/dags/green_data_ingestion_azure_dag.py
Traceback (most recent call last):
  File "/home/airflow/.local/lib/python3.8/site-packages/airflow/models/dagbag.py", line 342, in parse
    loader.exec_module(new_module)
  File "<frozen importlib._bootstrap_external>", line 843, in exec_module
  File "<frozen importlib._bootstrap>", line 219, in _call_with_frames_removed
  File "/opt/airflow/dags/green_data_ingestion_azure_dag.py", line 11, in <module>
    from airflow.providers.microsoft.azure.operators.synapse_spark import AzureSynapseSparkOperator
ModuleNotFoundError: No module named 'airflow.providers.microsoft.azure.operators.synapse_spark'
[2025-03-06T14:24:27.025+0000] {processor.py:841} WARNING - No viable dags retrieved from /opt/airflow/dags/green_data_ingestion_azure_dag.py
[2025-03-06T14:24:27.040+0000] {processor.py:179} INFO - Processing /opt/airflow/dags/green_data_ingestion_azure_dag.py took 0.025 seconds
[2025-03-06T14:24:57.564+0000] {processor.py:157} INFO - Started process (PID=25499) to work on /opt/airflow/dags/green_data_ingestion_azure_dag.py
[2025-03-06T14:24:57.566+0000] {processor.py:829} INFO - Processing file /opt/airflow/dags/green_data_ingestion_azure_dag.py for tasks to queue
[2025-03-06T14:24:57.567+0000] {logging_mixin.py:154} INFO - [2025-03-06T14:24:57.567+0000] {dagbag.py:536} INFO - Filling up the DagBag from /opt/airflow/dags/green_data_ingestion_azure_dag.py
[2025-03-06T14:24:57.573+0000] {logging_mixin.py:154} INFO - [2025-03-06T14:24:57.572+0000] {dagbag.py:346} ERROR - Failed to import: /opt/airflow/dags/green_data_ingestion_azure_dag.py
Traceback (most recent call last):
  File "/home/airflow/.local/lib/python3.8/site-packages/airflow/models/dagbag.py", line 342, in parse
    loader.exec_module(new_module)
  File "<frozen importlib._bootstrap_external>", line 843, in exec_module
  File "<frozen importlib._bootstrap>", line 219, in _call_with_frames_removed
  File "/opt/airflow/dags/green_data_ingestion_azure_dag.py", line 11, in <module>
    from airflow.providers.microsoft.azure.operators.synapse_spark import AzureSynapseSparkOperator
ModuleNotFoundError: No module named 'airflow.providers.microsoft.azure.operators.synapse_spark'
[2025-03-06T14:24:57.573+0000] {processor.py:841} WARNING - No viable dags retrieved from /opt/airflow/dags/green_data_ingestion_azure_dag.py
[2025-03-06T14:24:57.591+0000] {processor.py:179} INFO - Processing /opt/airflow/dags/green_data_ingestion_azure_dag.py took 0.030 seconds
[2025-03-06T14:25:28.141+0000] {processor.py:157} INFO - Started process (PID=25555) to work on /opt/airflow/dags/green_data_ingestion_azure_dag.py
[2025-03-06T14:25:28.144+0000] {processor.py:829} INFO - Processing file /opt/airflow/dags/green_data_ingestion_azure_dag.py for tasks to queue
[2025-03-06T14:25:28.145+0000] {logging_mixin.py:154} INFO - [2025-03-06T14:25:28.145+0000] {dagbag.py:536} INFO - Filling up the DagBag from /opt/airflow/dags/green_data_ingestion_azure_dag.py
[2025-03-06T14:25:28.151+0000] {logging_mixin.py:154} INFO - [2025-03-06T14:25:28.150+0000] {dagbag.py:346} ERROR - Failed to import: /opt/airflow/dags/green_data_ingestion_azure_dag.py
Traceback (most recent call last):
  File "/home/airflow/.local/lib/python3.8/site-packages/airflow/models/dagbag.py", line 342, in parse
    loader.exec_module(new_module)
  File "<frozen importlib._bootstrap_external>", line 843, in exec_module
  File "<frozen importlib._bootstrap>", line 219, in _call_with_frames_removed
  File "/opt/airflow/dags/green_data_ingestion_azure_dag.py", line 11, in <module>
    from airflow.providers.microsoft.azure.operators.synapse_spark import AzureSynapseSparkOperator
ModuleNotFoundError: No module named 'airflow.providers.microsoft.azure.operators.synapse_spark'
[2025-03-06T14:25:28.152+0000] {processor.py:841} WARNING - No viable dags retrieved from /opt/airflow/dags/green_data_ingestion_azure_dag.py
[2025-03-06T14:25:28.169+0000] {processor.py:179} INFO - Processing /opt/airflow/dags/green_data_ingestion_azure_dag.py took 0.032 seconds
[2025-03-06T14:25:58.675+0000] {processor.py:157} INFO - Started process (PID=25610) to work on /opt/airflow/dags/green_data_ingestion_azure_dag.py
[2025-03-06T14:25:58.678+0000] {processor.py:829} INFO - Processing file /opt/airflow/dags/green_data_ingestion_azure_dag.py for tasks to queue
[2025-03-06T14:25:58.679+0000] {logging_mixin.py:154} INFO - [2025-03-06T14:25:58.679+0000] {dagbag.py:536} INFO - Filling up the DagBag from /opt/airflow/dags/green_data_ingestion_azure_dag.py
[2025-03-06T14:25:58.686+0000] {logging_mixin.py:154} INFO - [2025-03-06T14:25:58.684+0000] {dagbag.py:346} ERROR - Failed to import: /opt/airflow/dags/green_data_ingestion_azure_dag.py
Traceback (most recent call last):
  File "/home/airflow/.local/lib/python3.8/site-packages/airflow/models/dagbag.py", line 342, in parse
    loader.exec_module(new_module)
  File "<frozen importlib._bootstrap_external>", line 843, in exec_module
  File "<frozen importlib._bootstrap>", line 219, in _call_with_frames_removed
  File "/opt/airflow/dags/green_data_ingestion_azure_dag.py", line 11, in <module>
    from airflow.providers.microsoft.azure.operators.synapse_spark import AzureSynapseSparkOperator
ModuleNotFoundError: No module named 'airflow.providers.microsoft.azure.operators.synapse_spark'
[2025-03-06T14:25:58.686+0000] {processor.py:841} WARNING - No viable dags retrieved from /opt/airflow/dags/green_data_ingestion_azure_dag.py
[2025-03-06T14:25:58.699+0000] {processor.py:179} INFO - Processing /opt/airflow/dags/green_data_ingestion_azure_dag.py took 0.028 seconds
[2025-03-06T14:26:29.309+0000] {processor.py:157} INFO - Started process (PID=25665) to work on /opt/airflow/dags/green_data_ingestion_azure_dag.py
[2025-03-06T14:26:29.311+0000] {processor.py:829} INFO - Processing file /opt/airflow/dags/green_data_ingestion_azure_dag.py for tasks to queue
[2025-03-06T14:26:29.312+0000] {logging_mixin.py:154} INFO - [2025-03-06T14:26:29.311+0000] {dagbag.py:536} INFO - Filling up the DagBag from /opt/airflow/dags/green_data_ingestion_azure_dag.py
[2025-03-06T14:26:29.318+0000] {logging_mixin.py:154} INFO - [2025-03-06T14:26:29.316+0000] {dagbag.py:346} ERROR - Failed to import: /opt/airflow/dags/green_data_ingestion_azure_dag.py
Traceback (most recent call last):
  File "/home/airflow/.local/lib/python3.8/site-packages/airflow/models/dagbag.py", line 342, in parse
    loader.exec_module(new_module)
  File "<frozen importlib._bootstrap_external>", line 843, in exec_module
  File "<frozen importlib._bootstrap>", line 219, in _call_with_frames_removed
  File "/opt/airflow/dags/green_data_ingestion_azure_dag.py", line 11, in <module>
    from airflow.providers.microsoft.azure.operators.synapse_spark import AzureSynapseSparkOperator
ModuleNotFoundError: No module named 'airflow.providers.microsoft.azure.operators.synapse_spark'
[2025-03-06T14:26:29.318+0000] {processor.py:841} WARNING - No viable dags retrieved from /opt/airflow/dags/green_data_ingestion_azure_dag.py
[2025-03-06T14:26:29.332+0000] {processor.py:179} INFO - Processing /opt/airflow/dags/green_data_ingestion_azure_dag.py took 0.026 seconds
[2025-03-06T14:26:59.850+0000] {processor.py:157} INFO - Started process (PID=25721) to work on /opt/airflow/dags/green_data_ingestion_azure_dag.py
[2025-03-06T14:26:59.853+0000] {processor.py:829} INFO - Processing file /opt/airflow/dags/green_data_ingestion_azure_dag.py for tasks to queue
[2025-03-06T14:26:59.854+0000] {logging_mixin.py:154} INFO - [2025-03-06T14:26:59.853+0000] {dagbag.py:536} INFO - Filling up the DagBag from /opt/airflow/dags/green_data_ingestion_azure_dag.py
[2025-03-06T14:26:59.859+0000] {logging_mixin.py:154} INFO - [2025-03-06T14:26:59.857+0000] {dagbag.py:346} ERROR - Failed to import: /opt/airflow/dags/green_data_ingestion_azure_dag.py
Traceback (most recent call last):
  File "/home/airflow/.local/lib/python3.8/site-packages/airflow/models/dagbag.py", line 342, in parse
    loader.exec_module(new_module)
  File "<frozen importlib._bootstrap_external>", line 843, in exec_module
  File "<frozen importlib._bootstrap>", line 219, in _call_with_frames_removed
  File "/opt/airflow/dags/green_data_ingestion_azure_dag.py", line 11, in <module>
    from airflow.providers.microsoft.azure.operators.synapse_spark import AzureSynapseSparkOperator
ModuleNotFoundError: No module named 'airflow.providers.microsoft.azure.operators.synapse_spark'
[2025-03-06T14:26:59.859+0000] {processor.py:841} WARNING - No viable dags retrieved from /opt/airflow/dags/green_data_ingestion_azure_dag.py
[2025-03-06T14:26:59.877+0000] {processor.py:179} INFO - Processing /opt/airflow/dags/green_data_ingestion_azure_dag.py took 0.031 seconds
[2025-03-06T14:27:30.460+0000] {processor.py:157} INFO - Started process (PID=25777) to work on /opt/airflow/dags/green_data_ingestion_azure_dag.py
[2025-03-06T14:27:30.461+0000] {processor.py:829} INFO - Processing file /opt/airflow/dags/green_data_ingestion_azure_dag.py for tasks to queue
[2025-03-06T14:27:30.462+0000] {logging_mixin.py:154} INFO - [2025-03-06T14:27:30.462+0000] {dagbag.py:536} INFO - Filling up the DagBag from /opt/airflow/dags/green_data_ingestion_azure_dag.py
[2025-03-06T14:27:30.469+0000] {logging_mixin.py:154} INFO - [2025-03-06T14:27:30.467+0000] {dagbag.py:346} ERROR - Failed to import: /opt/airflow/dags/green_data_ingestion_azure_dag.py
Traceback (most recent call last):
  File "/home/airflow/.local/lib/python3.8/site-packages/airflow/models/dagbag.py", line 342, in parse
    loader.exec_module(new_module)
  File "<frozen importlib._bootstrap_external>", line 843, in exec_module
  File "<frozen importlib._bootstrap>", line 219, in _call_with_frames_removed
  File "/opt/airflow/dags/green_data_ingestion_azure_dag.py", line 11, in <module>
    from airflow.providers.microsoft.azure.operators.synapse_spark import AzureSynapseSparkOperator
ModuleNotFoundError: No module named 'airflow.providers.microsoft.azure.operators.synapse_spark'
[2025-03-06T14:27:30.470+0000] {processor.py:841} WARNING - No viable dags retrieved from /opt/airflow/dags/green_data_ingestion_azure_dag.py
[2025-03-06T14:27:30.483+0000] {processor.py:179} INFO - Processing /opt/airflow/dags/green_data_ingestion_azure_dag.py took 0.027 seconds
[2025-03-06T14:28:00.989+0000] {processor.py:157} INFO - Started process (PID=25833) to work on /opt/airflow/dags/green_data_ingestion_azure_dag.py
[2025-03-06T14:28:00.990+0000] {processor.py:829} INFO - Processing file /opt/airflow/dags/green_data_ingestion_azure_dag.py for tasks to queue
[2025-03-06T14:28:00.990+0000] {logging_mixin.py:154} INFO - [2025-03-06T14:28:00.990+0000] {dagbag.py:536} INFO - Filling up the DagBag from /opt/airflow/dags/green_data_ingestion_azure_dag.py
[2025-03-06T14:28:00.995+0000] {logging_mixin.py:154} INFO - [2025-03-06T14:28:00.994+0000] {dagbag.py:346} ERROR - Failed to import: /opt/airflow/dags/green_data_ingestion_azure_dag.py
Traceback (most recent call last):
  File "/home/airflow/.local/lib/python3.8/site-packages/airflow/models/dagbag.py", line 342, in parse
    loader.exec_module(new_module)
  File "<frozen importlib._bootstrap_external>", line 843, in exec_module
  File "<frozen importlib._bootstrap>", line 219, in _call_with_frames_removed
  File "/opt/airflow/dags/green_data_ingestion_azure_dag.py", line 11, in <module>
    from airflow.providers.microsoft.azure.operators.synapse_spark import AzureSynapseSparkOperator
ModuleNotFoundError: No module named 'airflow.providers.microsoft.azure.operators.synapse_spark'
[2025-03-06T14:28:00.995+0000] {processor.py:841} WARNING - No viable dags retrieved from /opt/airflow/dags/green_data_ingestion_azure_dag.py
[2025-03-06T14:28:01.010+0000] {processor.py:179} INFO - Processing /opt/airflow/dags/green_data_ingestion_azure_dag.py took 0.024 seconds
[2025-03-06T14:28:31.517+0000] {processor.py:157} INFO - Started process (PID=25889) to work on /opt/airflow/dags/green_data_ingestion_azure_dag.py
[2025-03-06T14:28:31.521+0000] {processor.py:829} INFO - Processing file /opt/airflow/dags/green_data_ingestion_azure_dag.py for tasks to queue
[2025-03-06T14:28:31.521+0000] {logging_mixin.py:154} INFO - [2025-03-06T14:28:31.521+0000] {dagbag.py:536} INFO - Filling up the DagBag from /opt/airflow/dags/green_data_ingestion_azure_dag.py
[2025-03-06T14:28:31.527+0000] {logging_mixin.py:154} INFO - [2025-03-06T14:28:31.526+0000] {dagbag.py:346} ERROR - Failed to import: /opt/airflow/dags/green_data_ingestion_azure_dag.py
Traceback (most recent call last):
  File "/home/airflow/.local/lib/python3.8/site-packages/airflow/models/dagbag.py", line 342, in parse
    loader.exec_module(new_module)
  File "<frozen importlib._bootstrap_external>", line 843, in exec_module
  File "<frozen importlib._bootstrap>", line 219, in _call_with_frames_removed
  File "/opt/airflow/dags/green_data_ingestion_azure_dag.py", line 11, in <module>
    from airflow.providers.microsoft.azure.operators.synapse_spark import AzureSynapseSparkOperator
ModuleNotFoundError: No module named 'airflow.providers.microsoft.azure.operators.synapse_spark'
[2025-03-06T14:28:31.527+0000] {processor.py:841} WARNING - No viable dags retrieved from /opt/airflow/dags/green_data_ingestion_azure_dag.py
[2025-03-06T14:28:31.543+0000] {processor.py:179} INFO - Processing /opt/airflow/dags/green_data_ingestion_azure_dag.py took 0.030 seconds
[2025-03-06T14:29:02.059+0000] {processor.py:157} INFO - Started process (PID=25945) to work on /opt/airflow/dags/green_data_ingestion_azure_dag.py
[2025-03-06T14:29:02.061+0000] {processor.py:829} INFO - Processing file /opt/airflow/dags/green_data_ingestion_azure_dag.py for tasks to queue
[2025-03-06T14:29:02.062+0000] {logging_mixin.py:154} INFO - [2025-03-06T14:29:02.062+0000] {dagbag.py:536} INFO - Filling up the DagBag from /opt/airflow/dags/green_data_ingestion_azure_dag.py
[2025-03-06T14:29:02.067+0000] {logging_mixin.py:154} INFO - [2025-03-06T14:29:02.066+0000] {dagbag.py:346} ERROR - Failed to import: /opt/airflow/dags/green_data_ingestion_azure_dag.py
Traceback (most recent call last):
  File "/home/airflow/.local/lib/python3.8/site-packages/airflow/models/dagbag.py", line 342, in parse
    loader.exec_module(new_module)
  File "<frozen importlib._bootstrap_external>", line 843, in exec_module
  File "<frozen importlib._bootstrap>", line 219, in _call_with_frames_removed
  File "/opt/airflow/dags/green_data_ingestion_azure_dag.py", line 11, in <module>
    from airflow.providers.microsoft.azure.operators.synapse_spark import AzureSynapseSparkOperator
ModuleNotFoundError: No module named 'airflow.providers.microsoft.azure.operators.synapse_spark'
[2025-03-06T14:29:02.068+0000] {processor.py:841} WARNING - No viable dags retrieved from /opt/airflow/dags/green_data_ingestion_azure_dag.py
[2025-03-06T14:29:02.083+0000] {processor.py:179} INFO - Processing /opt/airflow/dags/green_data_ingestion_azure_dag.py took 0.028 seconds
[2025-03-06T14:29:32.512+0000] {processor.py:157} INFO - Started process (PID=26001) to work on /opt/airflow/dags/green_data_ingestion_azure_dag.py
[2025-03-06T14:29:32.515+0000] {processor.py:829} INFO - Processing file /opt/airflow/dags/green_data_ingestion_azure_dag.py for tasks to queue
[2025-03-06T14:29:32.516+0000] {logging_mixin.py:154} INFO - [2025-03-06T14:29:32.515+0000] {dagbag.py:536} INFO - Filling up the DagBag from /opt/airflow/dags/green_data_ingestion_azure_dag.py
[2025-03-06T14:29:32.521+0000] {logging_mixin.py:154} INFO - [2025-03-06T14:29:32.520+0000] {dagbag.py:346} ERROR - Failed to import: /opt/airflow/dags/green_data_ingestion_azure_dag.py
Traceback (most recent call last):
  File "/home/airflow/.local/lib/python3.8/site-packages/airflow/models/dagbag.py", line 342, in parse
    loader.exec_module(new_module)
  File "<frozen importlib._bootstrap_external>", line 843, in exec_module
  File "<frozen importlib._bootstrap>", line 219, in _call_with_frames_removed
  File "/opt/airflow/dags/green_data_ingestion_azure_dag.py", line 11, in <module>
    from airflow.providers.microsoft.azure.operators.synapse_spark import AzureSynapseSparkOperator
ModuleNotFoundError: No module named 'airflow.providers.microsoft.azure.operators.synapse_spark'
[2025-03-06T14:29:32.522+0000] {processor.py:841} WARNING - No viable dags retrieved from /opt/airflow/dags/green_data_ingestion_azure_dag.py
[2025-03-06T14:29:32.537+0000] {processor.py:179} INFO - Processing /opt/airflow/dags/green_data_ingestion_azure_dag.py took 0.029 seconds
[2025-03-06T14:30:02.939+0000] {processor.py:157} INFO - Started process (PID=26057) to work on /opt/airflow/dags/green_data_ingestion_azure_dag.py
[2025-03-06T14:30:02.941+0000] {processor.py:829} INFO - Processing file /opt/airflow/dags/green_data_ingestion_azure_dag.py for tasks to queue
[2025-03-06T14:30:02.941+0000] {logging_mixin.py:154} INFO - [2025-03-06T14:30:02.941+0000] {dagbag.py:536} INFO - Filling up the DagBag from /opt/airflow/dags/green_data_ingestion_azure_dag.py
[2025-03-06T14:30:02.946+0000] {logging_mixin.py:154} INFO - [2025-03-06T14:30:02.945+0000] {dagbag.py:346} ERROR - Failed to import: /opt/airflow/dags/green_data_ingestion_azure_dag.py
Traceback (most recent call last):
  File "/home/airflow/.local/lib/python3.8/site-packages/airflow/models/dagbag.py", line 342, in parse
    loader.exec_module(new_module)
  File "<frozen importlib._bootstrap_external>", line 843, in exec_module
  File "<frozen importlib._bootstrap>", line 219, in _call_with_frames_removed
  File "/opt/airflow/dags/green_data_ingestion_azure_dag.py", line 11, in <module>
    from airflow.providers.microsoft.azure.operators.synapse_spark import AzureSynapseSparkOperator
ModuleNotFoundError: No module named 'airflow.providers.microsoft.azure.operators.synapse_spark'
[2025-03-06T14:30:02.947+0000] {processor.py:841} WARNING - No viable dags retrieved from /opt/airflow/dags/green_data_ingestion_azure_dag.py
[2025-03-06T14:30:02.962+0000] {processor.py:179} INFO - Processing /opt/airflow/dags/green_data_ingestion_azure_dag.py took 0.027 seconds
[2025-03-06T14:30:33.424+0000] {processor.py:157} INFO - Started process (PID=26113) to work on /opt/airflow/dags/green_data_ingestion_azure_dag.py
[2025-03-06T14:30:33.426+0000] {processor.py:829} INFO - Processing file /opt/airflow/dags/green_data_ingestion_azure_dag.py for tasks to queue
[2025-03-06T14:30:33.427+0000] {logging_mixin.py:154} INFO - [2025-03-06T14:30:33.427+0000] {dagbag.py:536} INFO - Filling up the DagBag from /opt/airflow/dags/green_data_ingestion_azure_dag.py
[2025-03-06T14:30:33.433+0000] {logging_mixin.py:154} INFO - [2025-03-06T14:30:33.432+0000] {dagbag.py:346} ERROR - Failed to import: /opt/airflow/dags/green_data_ingestion_azure_dag.py
Traceback (most recent call last):
  File "/home/airflow/.local/lib/python3.8/site-packages/airflow/models/dagbag.py", line 342, in parse
    loader.exec_module(new_module)
  File "<frozen importlib._bootstrap_external>", line 843, in exec_module
  File "<frozen importlib._bootstrap>", line 219, in _call_with_frames_removed
  File "/opt/airflow/dags/green_data_ingestion_azure_dag.py", line 11, in <module>
    from airflow.providers.microsoft.azure.operators.synapse_spark import AzureSynapseSparkOperator
ModuleNotFoundError: No module named 'airflow.providers.microsoft.azure.operators.synapse_spark'
[2025-03-06T14:30:33.434+0000] {processor.py:841} WARNING - No viable dags retrieved from /opt/airflow/dags/green_data_ingestion_azure_dag.py
[2025-03-06T14:30:33.450+0000] {processor.py:179} INFO - Processing /opt/airflow/dags/green_data_ingestion_azure_dag.py took 0.030 seconds
[2025-03-06T14:31:03.890+0000] {processor.py:157} INFO - Started process (PID=26169) to work on /opt/airflow/dags/green_data_ingestion_azure_dag.py
[2025-03-06T14:31:03.893+0000] {processor.py:829} INFO - Processing file /opt/airflow/dags/green_data_ingestion_azure_dag.py for tasks to queue
[2025-03-06T14:31:03.893+0000] {logging_mixin.py:154} INFO - [2025-03-06T14:31:03.893+0000] {dagbag.py:536} INFO - Filling up the DagBag from /opt/airflow/dags/green_data_ingestion_azure_dag.py
[2025-03-06T14:31:03.898+0000] {logging_mixin.py:154} INFO - [2025-03-06T14:31:03.897+0000] {dagbag.py:346} ERROR - Failed to import: /opt/airflow/dags/green_data_ingestion_azure_dag.py
Traceback (most recent call last):
  File "/home/airflow/.local/lib/python3.8/site-packages/airflow/models/dagbag.py", line 342, in parse
    loader.exec_module(new_module)
  File "<frozen importlib._bootstrap_external>", line 843, in exec_module
  File "<frozen importlib._bootstrap>", line 219, in _call_with_frames_removed
  File "/opt/airflow/dags/green_data_ingestion_azure_dag.py", line 11, in <module>
    from airflow.providers.microsoft.azure.operators.synapse_spark import AzureSynapseSparkOperator
ModuleNotFoundError: No module named 'airflow.providers.microsoft.azure.operators.synapse_spark'
[2025-03-06T14:31:03.899+0000] {processor.py:841} WARNING - No viable dags retrieved from /opt/airflow/dags/green_data_ingestion_azure_dag.py
[2025-03-06T14:31:03.916+0000] {processor.py:179} INFO - Processing /opt/airflow/dags/green_data_ingestion_azure_dag.py took 0.029 seconds
[2025-03-06T14:31:34.358+0000] {processor.py:157} INFO - Started process (PID=26225) to work on /opt/airflow/dags/green_data_ingestion_azure_dag.py
[2025-03-06T14:31:34.359+0000] {processor.py:829} INFO - Processing file /opt/airflow/dags/green_data_ingestion_azure_dag.py for tasks to queue
[2025-03-06T14:31:34.360+0000] {logging_mixin.py:154} INFO - [2025-03-06T14:31:34.360+0000] {dagbag.py:536} INFO - Filling up the DagBag from /opt/airflow/dags/green_data_ingestion_azure_dag.py
[2025-03-06T14:31:34.366+0000] {logging_mixin.py:154} INFO - [2025-03-06T14:31:34.365+0000] {dagbag.py:346} ERROR - Failed to import: /opt/airflow/dags/green_data_ingestion_azure_dag.py
Traceback (most recent call last):
  File "/home/airflow/.local/lib/python3.8/site-packages/airflow/models/dagbag.py", line 342, in parse
    loader.exec_module(new_module)
  File "<frozen importlib._bootstrap_external>", line 843, in exec_module
  File "<frozen importlib._bootstrap>", line 219, in _call_with_frames_removed
  File "/opt/airflow/dags/green_data_ingestion_azure_dag.py", line 11, in <module>
    from airflow.providers.microsoft.azure.operators.synapse_spark import AzureSynapseSparkOperator
ModuleNotFoundError: No module named 'airflow.providers.microsoft.azure.operators.synapse_spark'
[2025-03-06T14:31:34.367+0000] {processor.py:841} WARNING - No viable dags retrieved from /opt/airflow/dags/green_data_ingestion_azure_dag.py
[2025-03-06T14:31:34.381+0000] {processor.py:179} INFO - Processing /opt/airflow/dags/green_data_ingestion_azure_dag.py took 0.027 seconds
[2025-03-06T14:32:04.869+0000] {processor.py:157} INFO - Started process (PID=26281) to work on /opt/airflow/dags/green_data_ingestion_azure_dag.py
[2025-03-06T14:32:04.870+0000] {processor.py:829} INFO - Processing file /opt/airflow/dags/green_data_ingestion_azure_dag.py for tasks to queue
[2025-03-06T14:32:04.871+0000] {logging_mixin.py:154} INFO - [2025-03-06T14:32:04.871+0000] {dagbag.py:536} INFO - Filling up the DagBag from /opt/airflow/dags/green_data_ingestion_azure_dag.py
[2025-03-06T14:32:04.875+0000] {logging_mixin.py:154} INFO - [2025-03-06T14:32:04.875+0000] {dagbag.py:346} ERROR - Failed to import: /opt/airflow/dags/green_data_ingestion_azure_dag.py
Traceback (most recent call last):
  File "/home/airflow/.local/lib/python3.8/site-packages/airflow/models/dagbag.py", line 342, in parse
    loader.exec_module(new_module)
  File "<frozen importlib._bootstrap_external>", line 843, in exec_module
  File "<frozen importlib._bootstrap>", line 219, in _call_with_frames_removed
  File "/opt/airflow/dags/green_data_ingestion_azure_dag.py", line 11, in <module>
    from airflow.providers.microsoft.azure.operators.synapse_spark import AzureSynapseSparkOperator
ModuleNotFoundError: No module named 'airflow.providers.microsoft.azure.operators.synapse_spark'
[2025-03-06T14:32:04.876+0000] {processor.py:841} WARNING - No viable dags retrieved from /opt/airflow/dags/green_data_ingestion_azure_dag.py
[2025-03-06T14:32:04.893+0000] {processor.py:179} INFO - Processing /opt/airflow/dags/green_data_ingestion_azure_dag.py took 0.027 seconds
[2025-03-06T14:32:35.337+0000] {processor.py:157} INFO - Started process (PID=26337) to work on /opt/airflow/dags/green_data_ingestion_azure_dag.py
[2025-03-06T14:32:35.338+0000] {processor.py:829} INFO - Processing file /opt/airflow/dags/green_data_ingestion_azure_dag.py for tasks to queue
[2025-03-06T14:32:35.340+0000] {logging_mixin.py:154} INFO - [2025-03-06T14:32:35.339+0000] {dagbag.py:536} INFO - Filling up the DagBag from /opt/airflow/dags/green_data_ingestion_azure_dag.py
[2025-03-06T14:32:35.344+0000] {logging_mixin.py:154} INFO - [2025-03-06T14:32:35.344+0000] {dagbag.py:346} ERROR - Failed to import: /opt/airflow/dags/green_data_ingestion_azure_dag.py
Traceback (most recent call last):
  File "/home/airflow/.local/lib/python3.8/site-packages/airflow/models/dagbag.py", line 342, in parse
    loader.exec_module(new_module)
  File "<frozen importlib._bootstrap_external>", line 843, in exec_module
  File "<frozen importlib._bootstrap>", line 219, in _call_with_frames_removed
  File "/opt/airflow/dags/green_data_ingestion_azure_dag.py", line 11, in <module>
    from airflow.providers.microsoft.azure.operators.synapse_spark import AzureSynapseSparkOperator
ModuleNotFoundError: No module named 'airflow.providers.microsoft.azure.operators.synapse_spark'
[2025-03-06T14:32:35.345+0000] {processor.py:841} WARNING - No viable dags retrieved from /opt/airflow/dags/green_data_ingestion_azure_dag.py
[2025-03-06T14:32:35.358+0000] {processor.py:179} INFO - Processing /opt/airflow/dags/green_data_ingestion_azure_dag.py took 0.025 seconds
[2025-03-06T14:33:05.834+0000] {processor.py:157} INFO - Started process (PID=26393) to work on /opt/airflow/dags/green_data_ingestion_azure_dag.py
[2025-03-06T14:33:05.836+0000] {processor.py:829} INFO - Processing file /opt/airflow/dags/green_data_ingestion_azure_dag.py for tasks to queue
[2025-03-06T14:33:05.837+0000] {logging_mixin.py:154} INFO - [2025-03-06T14:33:05.837+0000] {dagbag.py:536} INFO - Filling up the DagBag from /opt/airflow/dags/green_data_ingestion_azure_dag.py
[2025-03-06T14:33:05.844+0000] {logging_mixin.py:154} INFO - [2025-03-06T14:33:05.842+0000] {dagbag.py:346} ERROR - Failed to import: /opt/airflow/dags/green_data_ingestion_azure_dag.py
Traceback (most recent call last):
  File "/home/airflow/.local/lib/python3.8/site-packages/airflow/models/dagbag.py", line 342, in parse
    loader.exec_module(new_module)
  File "<frozen importlib._bootstrap_external>", line 843, in exec_module
  File "<frozen importlib._bootstrap>", line 219, in _call_with_frames_removed
  File "/opt/airflow/dags/green_data_ingestion_azure_dag.py", line 11, in <module>
    from airflow.providers.microsoft.azure.operators.synapse_spark import AzureSynapseSparkOperator
ModuleNotFoundError: No module named 'airflow.providers.microsoft.azure.operators.synapse_spark'
[2025-03-06T14:33:05.844+0000] {processor.py:841} WARNING - No viable dags retrieved from /opt/airflow/dags/green_data_ingestion_azure_dag.py
[2025-03-06T14:33:05.857+0000] {processor.py:179} INFO - Processing /opt/airflow/dags/green_data_ingestion_azure_dag.py took 0.026 seconds
[2025-03-06T14:33:36.347+0000] {processor.py:157} INFO - Started process (PID=26449) to work on /opt/airflow/dags/green_data_ingestion_azure_dag.py
[2025-03-06T14:33:36.349+0000] {processor.py:829} INFO - Processing file /opt/airflow/dags/green_data_ingestion_azure_dag.py for tasks to queue
[2025-03-06T14:33:36.350+0000] {logging_mixin.py:154} INFO - [2025-03-06T14:33:36.350+0000] {dagbag.py:536} INFO - Filling up the DagBag from /opt/airflow/dags/green_data_ingestion_azure_dag.py
[2025-03-06T14:33:36.355+0000] {logging_mixin.py:154} INFO - [2025-03-06T14:33:36.354+0000] {dagbag.py:346} ERROR - Failed to import: /opt/airflow/dags/green_data_ingestion_azure_dag.py
Traceback (most recent call last):
  File "/home/airflow/.local/lib/python3.8/site-packages/airflow/models/dagbag.py", line 342, in parse
    loader.exec_module(new_module)
  File "<frozen importlib._bootstrap_external>", line 843, in exec_module
  File "<frozen importlib._bootstrap>", line 219, in _call_with_frames_removed
  File "/opt/airflow/dags/green_data_ingestion_azure_dag.py", line 11, in <module>
    from airflow.providers.microsoft.azure.operators.synapse_spark import AzureSynapseSparkOperator
ModuleNotFoundError: No module named 'airflow.providers.microsoft.azure.operators.synapse_spark'
[2025-03-06T14:33:36.355+0000] {processor.py:841} WARNING - No viable dags retrieved from /opt/airflow/dags/green_data_ingestion_azure_dag.py
[2025-03-06T14:33:36.370+0000] {processor.py:179} INFO - Processing /opt/airflow/dags/green_data_ingestion_azure_dag.py took 0.027 seconds
[2025-03-06T14:34:06.927+0000] {processor.py:157} INFO - Started process (PID=26505) to work on /opt/airflow/dags/green_data_ingestion_azure_dag.py
[2025-03-06T14:34:06.929+0000] {processor.py:829} INFO - Processing file /opt/airflow/dags/green_data_ingestion_azure_dag.py for tasks to queue
[2025-03-06T14:34:06.930+0000] {logging_mixin.py:154} INFO - [2025-03-06T14:34:06.930+0000] {dagbag.py:536} INFO - Filling up the DagBag from /opt/airflow/dags/green_data_ingestion_azure_dag.py
[2025-03-06T14:34:06.935+0000] {logging_mixin.py:154} INFO - [2025-03-06T14:34:06.934+0000] {dagbag.py:346} ERROR - Failed to import: /opt/airflow/dags/green_data_ingestion_azure_dag.py
Traceback (most recent call last):
  File "/home/airflow/.local/lib/python3.8/site-packages/airflow/models/dagbag.py", line 342, in parse
    loader.exec_module(new_module)
  File "<frozen importlib._bootstrap_external>", line 843, in exec_module
  File "<frozen importlib._bootstrap>", line 219, in _call_with_frames_removed
  File "/opt/airflow/dags/green_data_ingestion_azure_dag.py", line 11, in <module>
    from airflow.providers.microsoft.azure.operators.synapse_spark import AzureSynapseSparkOperator
ModuleNotFoundError: No module named 'airflow.providers.microsoft.azure.operators.synapse_spark'
[2025-03-06T14:34:06.936+0000] {processor.py:841} WARNING - No viable dags retrieved from /opt/airflow/dags/green_data_ingestion_azure_dag.py
[2025-03-06T14:34:06.948+0000] {processor.py:179} INFO - Processing /opt/airflow/dags/green_data_ingestion_azure_dag.py took 0.024 seconds
[2025-03-06T14:34:37.422+0000] {processor.py:157} INFO - Started process (PID=26561) to work on /opt/airflow/dags/green_data_ingestion_azure_dag.py
[2025-03-06T14:34:37.424+0000] {processor.py:829} INFO - Processing file /opt/airflow/dags/green_data_ingestion_azure_dag.py for tasks to queue
[2025-03-06T14:34:37.425+0000] {logging_mixin.py:154} INFO - [2025-03-06T14:34:37.425+0000] {dagbag.py:536} INFO - Filling up the DagBag from /opt/airflow/dags/green_data_ingestion_azure_dag.py
[2025-03-06T14:34:37.431+0000] {logging_mixin.py:154} INFO - [2025-03-06T14:34:37.429+0000] {dagbag.py:346} ERROR - Failed to import: /opt/airflow/dags/green_data_ingestion_azure_dag.py
Traceback (most recent call last):
  File "/home/airflow/.local/lib/python3.8/site-packages/airflow/models/dagbag.py", line 342, in parse
    loader.exec_module(new_module)
  File "<frozen importlib._bootstrap_external>", line 843, in exec_module
  File "<frozen importlib._bootstrap>", line 219, in _call_with_frames_removed
  File "/opt/airflow/dags/green_data_ingestion_azure_dag.py", line 11, in <module>
    from airflow.providers.microsoft.azure.operators.synapse_spark import AzureSynapseSparkOperator
ModuleNotFoundError: No module named 'airflow.providers.microsoft.azure.operators.synapse_spark'
[2025-03-06T14:34:37.432+0000] {processor.py:841} WARNING - No viable dags retrieved from /opt/airflow/dags/green_data_ingestion_azure_dag.py
[2025-03-06T14:34:37.449+0000] {processor.py:179} INFO - Processing /opt/airflow/dags/green_data_ingestion_azure_dag.py took 0.030 seconds
[2025-03-06T14:35:07.958+0000] {processor.py:157} INFO - Started process (PID=26617) to work on /opt/airflow/dags/green_data_ingestion_azure_dag.py
[2025-03-06T14:35:07.959+0000] {processor.py:829} INFO - Processing file /opt/airflow/dags/green_data_ingestion_azure_dag.py for tasks to queue
[2025-03-06T14:35:07.962+0000] {logging_mixin.py:154} INFO - [2025-03-06T14:35:07.961+0000] {dagbag.py:536} INFO - Filling up the DagBag from /opt/airflow/dags/green_data_ingestion_azure_dag.py
[2025-03-06T14:35:07.967+0000] {logging_mixin.py:154} INFO - [2025-03-06T14:35:07.966+0000] {dagbag.py:346} ERROR - Failed to import: /opt/airflow/dags/green_data_ingestion_azure_dag.py
Traceback (most recent call last):
  File "/home/airflow/.local/lib/python3.8/site-packages/airflow/models/dagbag.py", line 342, in parse
    loader.exec_module(new_module)
  File "<frozen importlib._bootstrap_external>", line 843, in exec_module
  File "<frozen importlib._bootstrap>", line 219, in _call_with_frames_removed
  File "/opt/airflow/dags/green_data_ingestion_azure_dag.py", line 11, in <module>
    from airflow.providers.microsoft.azure.operators.synapse_spark import AzureSynapseSparkOperator
ModuleNotFoundError: No module named 'airflow.providers.microsoft.azure.operators.synapse_spark'
[2025-03-06T14:35:07.968+0000] {processor.py:841} WARNING - No viable dags retrieved from /opt/airflow/dags/green_data_ingestion_azure_dag.py
[2025-03-06T14:35:07.981+0000] {processor.py:179} INFO - Processing /opt/airflow/dags/green_data_ingestion_azure_dag.py took 0.027 seconds
[2025-03-06T14:35:38.496+0000] {processor.py:157} INFO - Started process (PID=26673) to work on /opt/airflow/dags/green_data_ingestion_azure_dag.py
[2025-03-06T14:35:38.497+0000] {processor.py:829} INFO - Processing file /opt/airflow/dags/green_data_ingestion_azure_dag.py for tasks to queue
[2025-03-06T14:35:38.498+0000] {logging_mixin.py:154} INFO - [2025-03-06T14:35:38.497+0000] {dagbag.py:536} INFO - Filling up the DagBag from /opt/airflow/dags/green_data_ingestion_azure_dag.py
[2025-03-06T14:35:38.502+0000] {logging_mixin.py:154} INFO - [2025-03-06T14:35:38.501+0000] {dagbag.py:346} ERROR - Failed to import: /opt/airflow/dags/green_data_ingestion_azure_dag.py
Traceback (most recent call last):
  File "/home/airflow/.local/lib/python3.8/site-packages/airflow/models/dagbag.py", line 342, in parse
    loader.exec_module(new_module)
  File "<frozen importlib._bootstrap_external>", line 843, in exec_module
  File "<frozen importlib._bootstrap>", line 219, in _call_with_frames_removed
  File "/opt/airflow/dags/green_data_ingestion_azure_dag.py", line 11, in <module>
    from airflow.providers.microsoft.azure.operators.synapse_spark import AzureSynapseSparkOperator
ModuleNotFoundError: No module named 'airflow.providers.microsoft.azure.operators.synapse_spark'
[2025-03-06T14:35:38.503+0000] {processor.py:841} WARNING - No viable dags retrieved from /opt/airflow/dags/green_data_ingestion_azure_dag.py
[2025-03-06T14:35:38.519+0000] {processor.py:179} INFO - Processing /opt/airflow/dags/green_data_ingestion_azure_dag.py took 0.027 seconds
[2025-03-06T14:36:09.080+0000] {processor.py:157} INFO - Started process (PID=26729) to work on /opt/airflow/dags/green_data_ingestion_azure_dag.py
[2025-03-06T14:36:09.082+0000] {processor.py:829} INFO - Processing file /opt/airflow/dags/green_data_ingestion_azure_dag.py for tasks to queue
[2025-03-06T14:36:09.084+0000] {logging_mixin.py:154} INFO - [2025-03-06T14:36:09.084+0000] {dagbag.py:536} INFO - Filling up the DagBag from /opt/airflow/dags/green_data_ingestion_azure_dag.py
[2025-03-06T14:36:09.090+0000] {logging_mixin.py:154} INFO - [2025-03-06T14:36:09.088+0000] {dagbag.py:346} ERROR - Failed to import: /opt/airflow/dags/green_data_ingestion_azure_dag.py
Traceback (most recent call last):
  File "/home/airflow/.local/lib/python3.8/site-packages/airflow/models/dagbag.py", line 342, in parse
    loader.exec_module(new_module)
  File "<frozen importlib._bootstrap_external>", line 843, in exec_module
  File "<frozen importlib._bootstrap>", line 219, in _call_with_frames_removed
  File "/opt/airflow/dags/green_data_ingestion_azure_dag.py", line 11, in <module>
    from airflow.providers.microsoft.azure.operators.synapse_spark import AzureSynapseSparkOperator
ModuleNotFoundError: No module named 'airflow.providers.microsoft.azure.operators.synapse_spark'
[2025-03-06T14:36:09.091+0000] {processor.py:841} WARNING - No viable dags retrieved from /opt/airflow/dags/green_data_ingestion_azure_dag.py
[2025-03-06T14:36:09.103+0000] {processor.py:179} INFO - Processing /opt/airflow/dags/green_data_ingestion_azure_dag.py took 0.027 seconds
[2025-03-06T14:36:39.597+0000] {processor.py:157} INFO - Started process (PID=26785) to work on /opt/airflow/dags/green_data_ingestion_azure_dag.py
[2025-03-06T14:36:39.598+0000] {processor.py:829} INFO - Processing file /opt/airflow/dags/green_data_ingestion_azure_dag.py for tasks to queue
[2025-03-06T14:36:39.600+0000] {logging_mixin.py:154} INFO - [2025-03-06T14:36:39.599+0000] {dagbag.py:536} INFO - Filling up the DagBag from /opt/airflow/dags/green_data_ingestion_azure_dag.py
[2025-03-06T14:36:39.606+0000] {logging_mixin.py:154} INFO - [2025-03-06T14:36:39.605+0000] {dagbag.py:346} ERROR - Failed to import: /opt/airflow/dags/green_data_ingestion_azure_dag.py
Traceback (most recent call last):
  File "/home/airflow/.local/lib/python3.8/site-packages/airflow/models/dagbag.py", line 342, in parse
    loader.exec_module(new_module)
  File "<frozen importlib._bootstrap_external>", line 843, in exec_module
  File "<frozen importlib._bootstrap>", line 219, in _call_with_frames_removed
  File "/opt/airflow/dags/green_data_ingestion_azure_dag.py", line 11, in <module>
    from airflow.providers.microsoft.azure.operators.synapse_spark import AzureSynapseSparkOperator
ModuleNotFoundError: No module named 'airflow.providers.microsoft.azure.operators.synapse_spark'
[2025-03-06T14:36:39.607+0000] {processor.py:841} WARNING - No viable dags retrieved from /opt/airflow/dags/green_data_ingestion_azure_dag.py
[2025-03-06T14:36:39.621+0000] {processor.py:179} INFO - Processing /opt/airflow/dags/green_data_ingestion_azure_dag.py took 0.027 seconds
[2025-03-06T14:37:10.228+0000] {processor.py:157} INFO - Started process (PID=26841) to work on /opt/airflow/dags/green_data_ingestion_azure_dag.py
[2025-03-06T14:37:10.230+0000] {processor.py:829} INFO - Processing file /opt/airflow/dags/green_data_ingestion_azure_dag.py for tasks to queue
[2025-03-06T14:37:10.231+0000] {logging_mixin.py:154} INFO - [2025-03-06T14:37:10.231+0000] {dagbag.py:536} INFO - Filling up the DagBag from /opt/airflow/dags/green_data_ingestion_azure_dag.py
[2025-03-06T14:37:10.235+0000] {logging_mixin.py:154} INFO - [2025-03-06T14:37:10.235+0000] {dagbag.py:346} ERROR - Failed to import: /opt/airflow/dags/green_data_ingestion_azure_dag.py
Traceback (most recent call last):
  File "/home/airflow/.local/lib/python3.8/site-packages/airflow/models/dagbag.py", line 342, in parse
    loader.exec_module(new_module)
  File "<frozen importlib._bootstrap_external>", line 843, in exec_module
  File "<frozen importlib._bootstrap>", line 219, in _call_with_frames_removed
  File "/opt/airflow/dags/green_data_ingestion_azure_dag.py", line 11, in <module>
    from airflow.providers.microsoft.azure.operators.synapse_spark import AzureSynapseSparkOperator
ModuleNotFoundError: No module named 'airflow.providers.microsoft.azure.operators.synapse_spark'
[2025-03-06T14:37:10.236+0000] {processor.py:841} WARNING - No viable dags retrieved from /opt/airflow/dags/green_data_ingestion_azure_dag.py
[2025-03-06T14:37:10.248+0000] {processor.py:179} INFO - Processing /opt/airflow/dags/green_data_ingestion_azure_dag.py took 0.023 seconds
[2025-03-06T14:37:40.736+0000] {processor.py:157} INFO - Started process (PID=26897) to work on /opt/airflow/dags/green_data_ingestion_azure_dag.py
[2025-03-06T14:37:40.739+0000] {processor.py:829} INFO - Processing file /opt/airflow/dags/green_data_ingestion_azure_dag.py for tasks to queue
[2025-03-06T14:37:40.740+0000] {logging_mixin.py:154} INFO - [2025-03-06T14:37:40.740+0000] {dagbag.py:536} INFO - Filling up the DagBag from /opt/airflow/dags/green_data_ingestion_azure_dag.py
[2025-03-06T14:37:40.746+0000] {logging_mixin.py:154} INFO - [2025-03-06T14:37:40.745+0000] {dagbag.py:346} ERROR - Failed to import: /opt/airflow/dags/green_data_ingestion_azure_dag.py
Traceback (most recent call last):
  File "/home/airflow/.local/lib/python3.8/site-packages/airflow/models/dagbag.py", line 342, in parse
    loader.exec_module(new_module)
  File "<frozen importlib._bootstrap_external>", line 843, in exec_module
  File "<frozen importlib._bootstrap>", line 219, in _call_with_frames_removed
  File "/opt/airflow/dags/green_data_ingestion_azure_dag.py", line 11, in <module>
    from airflow.providers.microsoft.azure.operators.synapse_spark import AzureSynapseSparkOperator
ModuleNotFoundError: No module named 'airflow.providers.microsoft.azure.operators.synapse_spark'
[2025-03-06T14:37:40.747+0000] {processor.py:841} WARNING - No viable dags retrieved from /opt/airflow/dags/green_data_ingestion_azure_dag.py
[2025-03-06T14:37:40.760+0000] {processor.py:179} INFO - Processing /opt/airflow/dags/green_data_ingestion_azure_dag.py took 0.028 seconds
[2025-03-06T14:38:11.286+0000] {processor.py:157} INFO - Started process (PID=26953) to work on /opt/airflow/dags/green_data_ingestion_azure_dag.py
[2025-03-06T14:38:11.287+0000] {processor.py:829} INFO - Processing file /opt/airflow/dags/green_data_ingestion_azure_dag.py for tasks to queue
[2025-03-06T14:38:11.287+0000] {logging_mixin.py:154} INFO - [2025-03-06T14:38:11.287+0000] {dagbag.py:536} INFO - Filling up the DagBag from /opt/airflow/dags/green_data_ingestion_azure_dag.py
[2025-03-06T14:38:11.292+0000] {logging_mixin.py:154} INFO - [2025-03-06T14:38:11.291+0000] {dagbag.py:346} ERROR - Failed to import: /opt/airflow/dags/green_data_ingestion_azure_dag.py
Traceback (most recent call last):
  File "/home/airflow/.local/lib/python3.8/site-packages/airflow/models/dagbag.py", line 342, in parse
    loader.exec_module(new_module)
  File "<frozen importlib._bootstrap_external>", line 843, in exec_module
  File "<frozen importlib._bootstrap>", line 219, in _call_with_frames_removed
  File "/opt/airflow/dags/green_data_ingestion_azure_dag.py", line 11, in <module>
    from airflow.providers.microsoft.azure.operators.synapse_spark import AzureSynapseSparkOperator
ModuleNotFoundError: No module named 'airflow.providers.microsoft.azure.operators.synapse_spark'
[2025-03-06T14:38:11.293+0000] {processor.py:841} WARNING - No viable dags retrieved from /opt/airflow/dags/green_data_ingestion_azure_dag.py
[2025-03-06T14:38:11.306+0000] {processor.py:179} INFO - Processing /opt/airflow/dags/green_data_ingestion_azure_dag.py took 0.023 seconds
[2025-03-06T14:38:41.764+0000] {processor.py:157} INFO - Started process (PID=27009) to work on /opt/airflow/dags/green_data_ingestion_azure_dag.py
[2025-03-06T14:38:41.766+0000] {processor.py:829} INFO - Processing file /opt/airflow/dags/green_data_ingestion_azure_dag.py for tasks to queue
[2025-03-06T14:38:41.767+0000] {logging_mixin.py:154} INFO - [2025-03-06T14:38:41.767+0000] {dagbag.py:536} INFO - Filling up the DagBag from /opt/airflow/dags/green_data_ingestion_azure_dag.py
[2025-03-06T14:38:41.774+0000] {logging_mixin.py:154} INFO - [2025-03-06T14:38:41.772+0000] {dagbag.py:346} ERROR - Failed to import: /opt/airflow/dags/green_data_ingestion_azure_dag.py
Traceback (most recent call last):
  File "/home/airflow/.local/lib/python3.8/site-packages/airflow/models/dagbag.py", line 342, in parse
    loader.exec_module(new_module)
  File "<frozen importlib._bootstrap_external>", line 843, in exec_module
  File "<frozen importlib._bootstrap>", line 219, in _call_with_frames_removed
  File "/opt/airflow/dags/green_data_ingestion_azure_dag.py", line 11, in <module>
    from airflow.providers.microsoft.azure.operators.synapse_spark import AzureSynapseSparkOperator
ModuleNotFoundError: No module named 'airflow.providers.microsoft.azure.operators.synapse_spark'
[2025-03-06T14:38:41.774+0000] {processor.py:841} WARNING - No viable dags retrieved from /opt/airflow/dags/green_data_ingestion_azure_dag.py
[2025-03-06T14:38:41.791+0000] {processor.py:179} INFO - Processing /opt/airflow/dags/green_data_ingestion_azure_dag.py took 0.031 seconds
[2025-03-06T14:39:12.357+0000] {processor.py:157} INFO - Started process (PID=27065) to work on /opt/airflow/dags/green_data_ingestion_azure_dag.py
[2025-03-06T14:39:12.359+0000] {processor.py:829} INFO - Processing file /opt/airflow/dags/green_data_ingestion_azure_dag.py for tasks to queue
[2025-03-06T14:39:12.359+0000] {logging_mixin.py:154} INFO - [2025-03-06T14:39:12.359+0000] {dagbag.py:536} INFO - Filling up the DagBag from /opt/airflow/dags/green_data_ingestion_azure_dag.py
[2025-03-06T14:39:12.363+0000] {logging_mixin.py:154} INFO - [2025-03-06T14:39:12.362+0000] {dagbag.py:346} ERROR - Failed to import: /opt/airflow/dags/green_data_ingestion_azure_dag.py
Traceback (most recent call last):
  File "/home/airflow/.local/lib/python3.8/site-packages/airflow/models/dagbag.py", line 342, in parse
    loader.exec_module(new_module)
  File "<frozen importlib._bootstrap_external>", line 843, in exec_module
  File "<frozen importlib._bootstrap>", line 219, in _call_with_frames_removed
  File "/opt/airflow/dags/green_data_ingestion_azure_dag.py", line 11, in <module>
    from airflow.providers.microsoft.azure.operators.synapse_spark import AzureSynapseSparkOperator
ModuleNotFoundError: No module named 'airflow.providers.microsoft.azure.operators.synapse_spark'
[2025-03-06T14:39:12.364+0000] {processor.py:841} WARNING - No viable dags retrieved from /opt/airflow/dags/green_data_ingestion_azure_dag.py
[2025-03-06T14:39:12.375+0000] {processor.py:179} INFO - Processing /opt/airflow/dags/green_data_ingestion_azure_dag.py took 0.020 seconds
[2025-03-06T14:39:42.816+0000] {processor.py:157} INFO - Started process (PID=27121) to work on /opt/airflow/dags/green_data_ingestion_azure_dag.py
[2025-03-06T14:39:42.818+0000] {processor.py:829} INFO - Processing file /opt/airflow/dags/green_data_ingestion_azure_dag.py for tasks to queue
[2025-03-06T14:39:42.819+0000] {logging_mixin.py:154} INFO - [2025-03-06T14:39:42.819+0000] {dagbag.py:536} INFO - Filling up the DagBag from /opt/airflow/dags/green_data_ingestion_azure_dag.py
[2025-03-06T14:39:42.824+0000] {logging_mixin.py:154} INFO - [2025-03-06T14:39:42.823+0000] {dagbag.py:346} ERROR - Failed to import: /opt/airflow/dags/green_data_ingestion_azure_dag.py
Traceback (most recent call last):
  File "/home/airflow/.local/lib/python3.8/site-packages/airflow/models/dagbag.py", line 342, in parse
    loader.exec_module(new_module)
  File "<frozen importlib._bootstrap_external>", line 843, in exec_module
  File "<frozen importlib._bootstrap>", line 219, in _call_with_frames_removed
  File "/opt/airflow/dags/green_data_ingestion_azure_dag.py", line 11, in <module>
    from airflow.providers.microsoft.azure.operators.synapse_spark import AzureSynapseSparkOperator
ModuleNotFoundError: No module named 'airflow.providers.microsoft.azure.operators.synapse_spark'
[2025-03-06T14:39:42.824+0000] {processor.py:841} WARNING - No viable dags retrieved from /opt/airflow/dags/green_data_ingestion_azure_dag.py
[2025-03-06T14:39:42.840+0000] {processor.py:179} INFO - Processing /opt/airflow/dags/green_data_ingestion_azure_dag.py took 0.027 seconds
[2025-03-06T14:40:13.249+0000] {processor.py:157} INFO - Started process (PID=27177) to work on /opt/airflow/dags/green_data_ingestion_azure_dag.py
[2025-03-06T14:40:13.250+0000] {processor.py:829} INFO - Processing file /opt/airflow/dags/green_data_ingestion_azure_dag.py for tasks to queue
[2025-03-06T14:40:13.251+0000] {logging_mixin.py:154} INFO - [2025-03-06T14:40:13.251+0000] {dagbag.py:536} INFO - Filling up the DagBag from /opt/airflow/dags/green_data_ingestion_azure_dag.py
[2025-03-06T14:40:13.255+0000] {logging_mixin.py:154} INFO - [2025-03-06T14:40:13.254+0000] {dagbag.py:346} ERROR - Failed to import: /opt/airflow/dags/green_data_ingestion_azure_dag.py
Traceback (most recent call last):
  File "/home/airflow/.local/lib/python3.8/site-packages/airflow/models/dagbag.py", line 342, in parse
    loader.exec_module(new_module)
  File "<frozen importlib._bootstrap_external>", line 843, in exec_module
  File "<frozen importlib._bootstrap>", line 219, in _call_with_frames_removed
  File "/opt/airflow/dags/green_data_ingestion_azure_dag.py", line 11, in <module>
    from airflow.providers.microsoft.azure.operators.synapse_spark import AzureSynapseSparkOperator
ModuleNotFoundError: No module named 'airflow.providers.microsoft.azure.operators.synapse_spark'
[2025-03-06T14:40:13.255+0000] {processor.py:841} WARNING - No viable dags retrieved from /opt/airflow/dags/green_data_ingestion_azure_dag.py
[2025-03-06T14:40:13.269+0000] {processor.py:179} INFO - Processing /opt/airflow/dags/green_data_ingestion_azure_dag.py took 0.022 seconds
[2025-03-06T14:40:43.738+0000] {processor.py:157} INFO - Started process (PID=27233) to work on /opt/airflow/dags/green_data_ingestion_azure_dag.py
[2025-03-06T14:40:43.740+0000] {processor.py:829} INFO - Processing file /opt/airflow/dags/green_data_ingestion_azure_dag.py for tasks to queue
[2025-03-06T14:40:43.741+0000] {logging_mixin.py:154} INFO - [2025-03-06T14:40:43.741+0000] {dagbag.py:536} INFO - Filling up the DagBag from /opt/airflow/dags/green_data_ingestion_azure_dag.py
[2025-03-06T14:40:43.747+0000] {logging_mixin.py:154} INFO - [2025-03-06T14:40:43.746+0000] {dagbag.py:346} ERROR - Failed to import: /opt/airflow/dags/green_data_ingestion_azure_dag.py
Traceback (most recent call last):
  File "/home/airflow/.local/lib/python3.8/site-packages/airflow/models/dagbag.py", line 342, in parse
    loader.exec_module(new_module)
  File "<frozen importlib._bootstrap_external>", line 843, in exec_module
  File "<frozen importlib._bootstrap>", line 219, in _call_with_frames_removed
  File "/opt/airflow/dags/green_data_ingestion_azure_dag.py", line 11, in <module>
    from airflow.providers.microsoft.azure.operators.synapse_spark import AzureSynapseSparkOperator
ModuleNotFoundError: No module named 'airflow.providers.microsoft.azure.operators.synapse_spark'
[2025-03-06T14:40:43.748+0000] {processor.py:841} WARNING - No viable dags retrieved from /opt/airflow/dags/green_data_ingestion_azure_dag.py
[2025-03-06T14:40:43.760+0000] {processor.py:179} INFO - Processing /opt/airflow/dags/green_data_ingestion_azure_dag.py took 0.025 seconds
[2025-03-06T14:41:14.340+0000] {processor.py:157} INFO - Started process (PID=27289) to work on /opt/airflow/dags/green_data_ingestion_azure_dag.py
[2025-03-06T14:41:14.341+0000] {processor.py:829} INFO - Processing file /opt/airflow/dags/green_data_ingestion_azure_dag.py for tasks to queue
[2025-03-06T14:41:14.342+0000] {logging_mixin.py:154} INFO - [2025-03-06T14:41:14.341+0000] {dagbag.py:536} INFO - Filling up the DagBag from /opt/airflow/dags/green_data_ingestion_azure_dag.py
[2025-03-06T14:41:14.347+0000] {logging_mixin.py:154} INFO - [2025-03-06T14:41:14.346+0000] {dagbag.py:346} ERROR - Failed to import: /opt/airflow/dags/green_data_ingestion_azure_dag.py
Traceback (most recent call last):
  File "/home/airflow/.local/lib/python3.8/site-packages/airflow/models/dagbag.py", line 342, in parse
    loader.exec_module(new_module)
  File "<frozen importlib._bootstrap_external>", line 843, in exec_module
  File "<frozen importlib._bootstrap>", line 219, in _call_with_frames_removed
  File "/opt/airflow/dags/green_data_ingestion_azure_dag.py", line 11, in <module>
    from airflow.providers.microsoft.azure.operators.synapse_spark import AzureSynapseSparkOperator
ModuleNotFoundError: No module named 'airflow.providers.microsoft.azure.operators.synapse_spark'
[2025-03-06T14:41:14.348+0000] {processor.py:841} WARNING - No viable dags retrieved from /opt/airflow/dags/green_data_ingestion_azure_dag.py
[2025-03-06T14:41:14.364+0000] {processor.py:179} INFO - Processing /opt/airflow/dags/green_data_ingestion_azure_dag.py took 0.028 seconds
[2025-03-06T14:41:44.825+0000] {processor.py:157} INFO - Started process (PID=27345) to work on /opt/airflow/dags/green_data_ingestion_azure_dag.py
[2025-03-06T14:41:44.827+0000] {processor.py:829} INFO - Processing file /opt/airflow/dags/green_data_ingestion_azure_dag.py for tasks to queue
[2025-03-06T14:41:44.828+0000] {logging_mixin.py:154} INFO - [2025-03-06T14:41:44.827+0000] {dagbag.py:536} INFO - Filling up the DagBag from /opt/airflow/dags/green_data_ingestion_azure_dag.py
[2025-03-06T14:41:44.834+0000] {logging_mixin.py:154} INFO - [2025-03-06T14:41:44.832+0000] {dagbag.py:346} ERROR - Failed to import: /opt/airflow/dags/green_data_ingestion_azure_dag.py
Traceback (most recent call last):
  File "/home/airflow/.local/lib/python3.8/site-packages/airflow/models/dagbag.py", line 342, in parse
    loader.exec_module(new_module)
  File "<frozen importlib._bootstrap_external>", line 843, in exec_module
  File "<frozen importlib._bootstrap>", line 219, in _call_with_frames_removed
  File "/opt/airflow/dags/green_data_ingestion_azure_dag.py", line 11, in <module>
    from airflow.providers.microsoft.azure.operators.synapse_spark import AzureSynapseSparkOperator
ModuleNotFoundError: No module named 'airflow.providers.microsoft.azure.operators.synapse_spark'
[2025-03-06T14:41:44.834+0000] {processor.py:841} WARNING - No viable dags retrieved from /opt/airflow/dags/green_data_ingestion_azure_dag.py
[2025-03-06T14:41:44.849+0000] {processor.py:179} INFO - Processing /opt/airflow/dags/green_data_ingestion_azure_dag.py took 0.028 seconds
[2025-03-06T14:42:15.253+0000] {processor.py:157} INFO - Started process (PID=27401) to work on /opt/airflow/dags/green_data_ingestion_azure_dag.py
[2025-03-06T14:42:15.255+0000] {processor.py:829} INFO - Processing file /opt/airflow/dags/green_data_ingestion_azure_dag.py for tasks to queue
[2025-03-06T14:42:15.256+0000] {logging_mixin.py:154} INFO - [2025-03-06T14:42:15.256+0000] {dagbag.py:536} INFO - Filling up the DagBag from /opt/airflow/dags/green_data_ingestion_azure_dag.py
[2025-03-06T14:42:15.263+0000] {logging_mixin.py:154} INFO - [2025-03-06T14:42:15.261+0000] {dagbag.py:346} ERROR - Failed to import: /opt/airflow/dags/green_data_ingestion_azure_dag.py
Traceback (most recent call last):
  File "/home/airflow/.local/lib/python3.8/site-packages/airflow/models/dagbag.py", line 342, in parse
    loader.exec_module(new_module)
  File "<frozen importlib._bootstrap_external>", line 843, in exec_module
  File "<frozen importlib._bootstrap>", line 219, in _call_with_frames_removed
  File "/opt/airflow/dags/green_data_ingestion_azure_dag.py", line 11, in <module>
    from airflow.providers.microsoft.azure.operators.synapse_spark import AzureSynapseSparkOperator
ModuleNotFoundError: No module named 'airflow.providers.microsoft.azure.operators.synapse_spark'
[2025-03-06T14:42:15.263+0000] {processor.py:841} WARNING - No viable dags retrieved from /opt/airflow/dags/green_data_ingestion_azure_dag.py
[2025-03-06T14:42:15.275+0000] {processor.py:179} INFO - Processing /opt/airflow/dags/green_data_ingestion_azure_dag.py took 0.026 seconds
[2025-03-06T14:42:45.772+0000] {processor.py:157} INFO - Started process (PID=27457) to work on /opt/airflow/dags/green_data_ingestion_azure_dag.py
[2025-03-06T14:42:45.773+0000] {processor.py:829} INFO - Processing file /opt/airflow/dags/green_data_ingestion_azure_dag.py for tasks to queue
[2025-03-06T14:42:45.774+0000] {logging_mixin.py:154} INFO - [2025-03-06T14:42:45.774+0000] {dagbag.py:536} INFO - Filling up the DagBag from /opt/airflow/dags/green_data_ingestion_azure_dag.py
[2025-03-06T14:42:45.782+0000] {logging_mixin.py:154} INFO - [2025-03-06T14:42:45.780+0000] {dagbag.py:346} ERROR - Failed to import: /opt/airflow/dags/green_data_ingestion_azure_dag.py
Traceback (most recent call last):
  File "/home/airflow/.local/lib/python3.8/site-packages/airflow/models/dagbag.py", line 342, in parse
    loader.exec_module(new_module)
  File "<frozen importlib._bootstrap_external>", line 843, in exec_module
  File "<frozen importlib._bootstrap>", line 219, in _call_with_frames_removed
  File "/opt/airflow/dags/green_data_ingestion_azure_dag.py", line 11, in <module>
    from airflow.providers.microsoft.azure.operators.synapse_spark import AzureSynapseSparkOperator
ModuleNotFoundError: No module named 'airflow.providers.microsoft.azure.operators.synapse_spark'
[2025-03-06T14:42:45.782+0000] {processor.py:841} WARNING - No viable dags retrieved from /opt/airflow/dags/green_data_ingestion_azure_dag.py
[2025-03-06T14:42:45.794+0000] {processor.py:179} INFO - Processing /opt/airflow/dags/green_data_ingestion_azure_dag.py took 0.026 seconds
[2025-03-06T14:43:16.287+0000] {processor.py:157} INFO - Started process (PID=27513) to work on /opt/airflow/dags/green_data_ingestion_azure_dag.py
[2025-03-06T14:43:16.288+0000] {processor.py:829} INFO - Processing file /opt/airflow/dags/green_data_ingestion_azure_dag.py for tasks to queue
[2025-03-06T14:43:16.289+0000] {logging_mixin.py:154} INFO - [2025-03-06T14:43:16.289+0000] {dagbag.py:536} INFO - Filling up the DagBag from /opt/airflow/dags/green_data_ingestion_azure_dag.py
[2025-03-06T14:43:16.296+0000] {logging_mixin.py:154} INFO - [2025-03-06T14:43:16.294+0000] {dagbag.py:346} ERROR - Failed to import: /opt/airflow/dags/green_data_ingestion_azure_dag.py
Traceback (most recent call last):
  File "/home/airflow/.local/lib/python3.8/site-packages/airflow/models/dagbag.py", line 342, in parse
    loader.exec_module(new_module)
  File "<frozen importlib._bootstrap_external>", line 843, in exec_module
  File "<frozen importlib._bootstrap>", line 219, in _call_with_frames_removed
  File "/opt/airflow/dags/green_data_ingestion_azure_dag.py", line 11, in <module>
    from airflow.providers.microsoft.azure.operators.synapse_spark import AzureSynapseSparkOperator
ModuleNotFoundError: No module named 'airflow.providers.microsoft.azure.operators.synapse_spark'
[2025-03-06T14:43:16.297+0000] {processor.py:841} WARNING - No viable dags retrieved from /opt/airflow/dags/green_data_ingestion_azure_dag.py
[2025-03-06T14:43:16.311+0000] {processor.py:179} INFO - Processing /opt/airflow/dags/green_data_ingestion_azure_dag.py took 0.028 seconds
[2025-03-06T14:43:46.806+0000] {processor.py:157} INFO - Started process (PID=27569) to work on /opt/airflow/dags/green_data_ingestion_azure_dag.py
[2025-03-06T14:43:46.807+0000] {processor.py:829} INFO - Processing file /opt/airflow/dags/green_data_ingestion_azure_dag.py for tasks to queue
[2025-03-06T14:43:46.808+0000] {logging_mixin.py:154} INFO - [2025-03-06T14:43:46.808+0000] {dagbag.py:536} INFO - Filling up the DagBag from /opt/airflow/dags/green_data_ingestion_azure_dag.py
[2025-03-06T14:43:46.813+0000] {logging_mixin.py:154} INFO - [2025-03-06T14:43:46.811+0000] {dagbag.py:346} ERROR - Failed to import: /opt/airflow/dags/green_data_ingestion_azure_dag.py
Traceback (most recent call last):
  File "/home/airflow/.local/lib/python3.8/site-packages/airflow/models/dagbag.py", line 342, in parse
    loader.exec_module(new_module)
  File "<frozen importlib._bootstrap_external>", line 843, in exec_module
  File "<frozen importlib._bootstrap>", line 219, in _call_with_frames_removed
  File "/opt/airflow/dags/green_data_ingestion_azure_dag.py", line 11, in <module>
    from airflow.providers.microsoft.azure.operators.synapse_spark import AzureSynapseSparkOperator
ModuleNotFoundError: No module named 'airflow.providers.microsoft.azure.operators.synapse_spark'
[2025-03-06T14:43:46.813+0000] {processor.py:841} WARNING - No viable dags retrieved from /opt/airflow/dags/green_data_ingestion_azure_dag.py
[2025-03-06T14:43:46.825+0000] {processor.py:179} INFO - Processing /opt/airflow/dags/green_data_ingestion_azure_dag.py took 0.022 seconds
[2025-03-06T14:44:17.275+0000] {processor.py:157} INFO - Started process (PID=27625) to work on /opt/airflow/dags/green_data_ingestion_azure_dag.py
[2025-03-06T14:44:17.276+0000] {processor.py:829} INFO - Processing file /opt/airflow/dags/green_data_ingestion_azure_dag.py for tasks to queue
[2025-03-06T14:44:17.277+0000] {logging_mixin.py:154} INFO - [2025-03-06T14:44:17.277+0000] {dagbag.py:536} INFO - Filling up the DagBag from /opt/airflow/dags/green_data_ingestion_azure_dag.py
[2025-03-06T14:44:17.283+0000] {logging_mixin.py:154} INFO - [2025-03-06T14:44:17.282+0000] {dagbag.py:346} ERROR - Failed to import: /opt/airflow/dags/green_data_ingestion_azure_dag.py
Traceback (most recent call last):
  File "/home/airflow/.local/lib/python3.8/site-packages/airflow/models/dagbag.py", line 342, in parse
    loader.exec_module(new_module)
  File "<frozen importlib._bootstrap_external>", line 843, in exec_module
  File "<frozen importlib._bootstrap>", line 219, in _call_with_frames_removed
  File "/opt/airflow/dags/green_data_ingestion_azure_dag.py", line 11, in <module>
    from airflow.providers.microsoft.azure.operators.synapse_spark import AzureSynapseSparkOperator
ModuleNotFoundError: No module named 'airflow.providers.microsoft.azure.operators.synapse_spark'
[2025-03-06T14:44:17.284+0000] {processor.py:841} WARNING - No viable dags retrieved from /opt/airflow/dags/green_data_ingestion_azure_dag.py
[2025-03-06T14:44:17.298+0000] {processor.py:179} INFO - Processing /opt/airflow/dags/green_data_ingestion_azure_dag.py took 0.027 seconds
[2025-03-06T14:44:47.710+0000] {processor.py:157} INFO - Started process (PID=27681) to work on /opt/airflow/dags/green_data_ingestion_azure_dag.py
[2025-03-06T14:44:47.712+0000] {processor.py:829} INFO - Processing file /opt/airflow/dags/green_data_ingestion_azure_dag.py for tasks to queue
[2025-03-06T14:44:47.713+0000] {logging_mixin.py:154} INFO - [2025-03-06T14:44:47.713+0000] {dagbag.py:536} INFO - Filling up the DagBag from /opt/airflow/dags/green_data_ingestion_azure_dag.py
[2025-03-06T14:44:47.721+0000] {logging_mixin.py:154} INFO - [2025-03-06T14:44:47.719+0000] {dagbag.py:346} ERROR - Failed to import: /opt/airflow/dags/green_data_ingestion_azure_dag.py
Traceback (most recent call last):
  File "/home/airflow/.local/lib/python3.8/site-packages/airflow/models/dagbag.py", line 342, in parse
    loader.exec_module(new_module)
  File "<frozen importlib._bootstrap_external>", line 843, in exec_module
  File "<frozen importlib._bootstrap>", line 219, in _call_with_frames_removed
  File "/opt/airflow/dags/green_data_ingestion_azure_dag.py", line 11, in <module>
    from airflow.providers.microsoft.azure.operators.synapse_spark import AzureSynapseSparkOperator
ModuleNotFoundError: No module named 'airflow.providers.microsoft.azure.operators.synapse_spark'
[2025-03-06T14:44:47.722+0000] {processor.py:841} WARNING - No viable dags retrieved from /opt/airflow/dags/green_data_ingestion_azure_dag.py
[2025-03-06T14:44:47.735+0000] {processor.py:179} INFO - Processing /opt/airflow/dags/green_data_ingestion_azure_dag.py took 0.029 seconds
[2025-03-06T14:45:18.179+0000] {processor.py:157} INFO - Started process (PID=27737) to work on /opt/airflow/dags/green_data_ingestion_azure_dag.py
[2025-03-06T14:45:18.181+0000] {processor.py:829} INFO - Processing file /opt/airflow/dags/green_data_ingestion_azure_dag.py for tasks to queue
[2025-03-06T14:45:18.182+0000] {logging_mixin.py:154} INFO - [2025-03-06T14:45:18.182+0000] {dagbag.py:536} INFO - Filling up the DagBag from /opt/airflow/dags/green_data_ingestion_azure_dag.py
[2025-03-06T14:45:18.189+0000] {logging_mixin.py:154} INFO - [2025-03-06T14:45:18.188+0000] {dagbag.py:346} ERROR - Failed to import: /opt/airflow/dags/green_data_ingestion_azure_dag.py
Traceback (most recent call last):
  File "/home/airflow/.local/lib/python3.8/site-packages/airflow/models/dagbag.py", line 342, in parse
    loader.exec_module(new_module)
  File "<frozen importlib._bootstrap_external>", line 843, in exec_module
  File "<frozen importlib._bootstrap>", line 219, in _call_with_frames_removed
  File "/opt/airflow/dags/green_data_ingestion_azure_dag.py", line 11, in <module>
    from airflow.providers.microsoft.azure.operators.synapse_spark import AzureSynapseSparkOperator
ModuleNotFoundError: No module named 'airflow.providers.microsoft.azure.operators.synapse_spark'
[2025-03-06T14:45:18.189+0000] {processor.py:841} WARNING - No viable dags retrieved from /opt/airflow/dags/green_data_ingestion_azure_dag.py
[2025-03-06T14:45:18.206+0000] {processor.py:179} INFO - Processing /opt/airflow/dags/green_data_ingestion_azure_dag.py took 0.030 seconds
[2025-03-06T14:45:48.703+0000] {processor.py:157} INFO - Started process (PID=27793) to work on /opt/airflow/dags/green_data_ingestion_azure_dag.py
[2025-03-06T14:45:48.705+0000] {processor.py:829} INFO - Processing file /opt/airflow/dags/green_data_ingestion_azure_dag.py for tasks to queue
[2025-03-06T14:45:48.706+0000] {logging_mixin.py:154} INFO - [2025-03-06T14:45:48.706+0000] {dagbag.py:536} INFO - Filling up the DagBag from /opt/airflow/dags/green_data_ingestion_azure_dag.py
[2025-03-06T14:45:48.713+0000] {logging_mixin.py:154} INFO - [2025-03-06T14:45:48.711+0000] {dagbag.py:346} ERROR - Failed to import: /opt/airflow/dags/green_data_ingestion_azure_dag.py
Traceback (most recent call last):
  File "/home/airflow/.local/lib/python3.8/site-packages/airflow/models/dagbag.py", line 342, in parse
    loader.exec_module(new_module)
  File "<frozen importlib._bootstrap_external>", line 843, in exec_module
  File "<frozen importlib._bootstrap>", line 219, in _call_with_frames_removed
  File "/opt/airflow/dags/green_data_ingestion_azure_dag.py", line 11, in <module>
    from airflow.providers.microsoft.azure.operators.synapse_spark import AzureSynapseSparkOperator
ModuleNotFoundError: No module named 'airflow.providers.microsoft.azure.operators.synapse_spark'
[2025-03-06T14:45:48.713+0000] {processor.py:841} WARNING - No viable dags retrieved from /opt/airflow/dags/green_data_ingestion_azure_dag.py
[2025-03-06T14:45:48.728+0000] {processor.py:179} INFO - Processing /opt/airflow/dags/green_data_ingestion_azure_dag.py took 0.029 seconds
[2025-03-06T14:46:19.269+0000] {processor.py:157} INFO - Started process (PID=27848) to work on /opt/airflow/dags/green_data_ingestion_azure_dag.py
[2025-03-06T14:46:19.271+0000] {processor.py:829} INFO - Processing file /opt/airflow/dags/green_data_ingestion_azure_dag.py for tasks to queue
[2025-03-06T14:46:19.271+0000] {logging_mixin.py:154} INFO - [2025-03-06T14:46:19.271+0000] {dagbag.py:536} INFO - Filling up the DagBag from /opt/airflow/dags/green_data_ingestion_azure_dag.py
[2025-03-06T14:46:19.276+0000] {logging_mixin.py:154} INFO - [2025-03-06T14:46:19.274+0000] {dagbag.py:346} ERROR - Failed to import: /opt/airflow/dags/green_data_ingestion_azure_dag.py
Traceback (most recent call last):
  File "/home/airflow/.local/lib/python3.8/site-packages/airflow/models/dagbag.py", line 342, in parse
    loader.exec_module(new_module)
  File "<frozen importlib._bootstrap_external>", line 843, in exec_module
  File "<frozen importlib._bootstrap>", line 219, in _call_with_frames_removed
  File "/opt/airflow/dags/green_data_ingestion_azure_dag.py", line 11, in <module>
    from airflow.providers.microsoft.azure.operators.synapse_spark import AzureSynapseSparkOperator
ModuleNotFoundError: No module named 'airflow.providers.microsoft.azure.operators.synapse_spark'
[2025-03-06T14:46:19.276+0000] {processor.py:841} WARNING - No viable dags retrieved from /opt/airflow/dags/green_data_ingestion_azure_dag.py
[2025-03-06T14:46:19.289+0000] {processor.py:179} INFO - Processing /opt/airflow/dags/green_data_ingestion_azure_dag.py took 0.022 seconds
[2025-03-06T14:46:49.809+0000] {processor.py:157} INFO - Started process (PID=27904) to work on /opt/airflow/dags/green_data_ingestion_azure_dag.py
[2025-03-06T14:46:49.812+0000] {processor.py:829} INFO - Processing file /opt/airflow/dags/green_data_ingestion_azure_dag.py for tasks to queue
[2025-03-06T14:46:49.813+0000] {logging_mixin.py:154} INFO - [2025-03-06T14:46:49.813+0000] {dagbag.py:536} INFO - Filling up the DagBag from /opt/airflow/dags/green_data_ingestion_azure_dag.py
[2025-03-06T14:46:49.819+0000] {logging_mixin.py:154} INFO - [2025-03-06T14:46:49.818+0000] {dagbag.py:346} ERROR - Failed to import: /opt/airflow/dags/green_data_ingestion_azure_dag.py
Traceback (most recent call last):
  File "/home/airflow/.local/lib/python3.8/site-packages/airflow/models/dagbag.py", line 342, in parse
    loader.exec_module(new_module)
  File "<frozen importlib._bootstrap_external>", line 843, in exec_module
  File "<frozen importlib._bootstrap>", line 219, in _call_with_frames_removed
  File "/opt/airflow/dags/green_data_ingestion_azure_dag.py", line 11, in <module>
    from airflow.providers.microsoft.azure.operators.synapse_spark import AzureSynapseSparkOperator
ModuleNotFoundError: No module named 'airflow.providers.microsoft.azure.operators.synapse_spark'
[2025-03-06T14:46:49.820+0000] {processor.py:841} WARNING - No viable dags retrieved from /opt/airflow/dags/green_data_ingestion_azure_dag.py
[2025-03-06T14:46:49.834+0000] {processor.py:179} INFO - Processing /opt/airflow/dags/green_data_ingestion_azure_dag.py took 0.029 seconds
[2025-03-06T14:47:20.292+0000] {processor.py:157} INFO - Started process (PID=27960) to work on /opt/airflow/dags/green_data_ingestion_azure_dag.py
[2025-03-06T14:47:20.293+0000] {processor.py:829} INFO - Processing file /opt/airflow/dags/green_data_ingestion_azure_dag.py for tasks to queue
[2025-03-06T14:47:20.294+0000] {logging_mixin.py:154} INFO - [2025-03-06T14:47:20.293+0000] {dagbag.py:536} INFO - Filling up the DagBag from /opt/airflow/dags/green_data_ingestion_azure_dag.py
[2025-03-06T14:47:20.300+0000] {logging_mixin.py:154} INFO - [2025-03-06T14:47:20.298+0000] {dagbag.py:346} ERROR - Failed to import: /opt/airflow/dags/green_data_ingestion_azure_dag.py
Traceback (most recent call last):
  File "/home/airflow/.local/lib/python3.8/site-packages/airflow/models/dagbag.py", line 342, in parse
    loader.exec_module(new_module)
  File "<frozen importlib._bootstrap_external>", line 843, in exec_module
  File "<frozen importlib._bootstrap>", line 219, in _call_with_frames_removed
  File "/opt/airflow/dags/green_data_ingestion_azure_dag.py", line 11, in <module>
    from airflow.providers.microsoft.azure.operators.synapse_spark import AzureSynapseSparkOperator
ModuleNotFoundError: No module named 'airflow.providers.microsoft.azure.operators.synapse_spark'
[2025-03-06T14:47:20.301+0000] {processor.py:841} WARNING - No viable dags retrieved from /opt/airflow/dags/green_data_ingestion_azure_dag.py
[2025-03-06T14:47:20.313+0000] {processor.py:179} INFO - Processing /opt/airflow/dags/green_data_ingestion_azure_dag.py took 0.024 seconds
[2025-03-06T14:47:50.822+0000] {processor.py:157} INFO - Started process (PID=28016) to work on /opt/airflow/dags/green_data_ingestion_azure_dag.py
[2025-03-06T14:47:50.823+0000] {processor.py:829} INFO - Processing file /opt/airflow/dags/green_data_ingestion_azure_dag.py for tasks to queue
[2025-03-06T14:47:50.823+0000] {logging_mixin.py:154} INFO - [2025-03-06T14:47:50.823+0000] {dagbag.py:536} INFO - Filling up the DagBag from /opt/airflow/dags/green_data_ingestion_azure_dag.py
[2025-03-06T14:47:50.827+0000] {logging_mixin.py:154} INFO - [2025-03-06T14:47:50.826+0000] {dagbag.py:346} ERROR - Failed to import: /opt/airflow/dags/green_data_ingestion_azure_dag.py
Traceback (most recent call last):
  File "/home/airflow/.local/lib/python3.8/site-packages/airflow/models/dagbag.py", line 342, in parse
    loader.exec_module(new_module)
  File "<frozen importlib._bootstrap_external>", line 843, in exec_module
  File "<frozen importlib._bootstrap>", line 219, in _call_with_frames_removed
  File "/opt/airflow/dags/green_data_ingestion_azure_dag.py", line 11, in <module>
    from airflow.providers.microsoft.azure.operators.synapse_spark import AzureSynapseSparkOperator
ModuleNotFoundError: No module named 'airflow.providers.microsoft.azure.operators.synapse_spark'
[2025-03-06T14:47:50.827+0000] {processor.py:841} WARNING - No viable dags retrieved from /opt/airflow/dags/green_data_ingestion_azure_dag.py
[2025-03-06T14:47:50.835+0000] {processor.py:179} INFO - Processing /opt/airflow/dags/green_data_ingestion_azure_dag.py took 0.015 seconds
[2025-03-06T14:48:21.271+0000] {processor.py:157} INFO - Started process (PID=28072) to work on /opt/airflow/dags/green_data_ingestion_azure_dag.py
[2025-03-06T14:48:21.272+0000] {processor.py:829} INFO - Processing file /opt/airflow/dags/green_data_ingestion_azure_dag.py for tasks to queue
[2025-03-06T14:48:21.272+0000] {logging_mixin.py:154} INFO - [2025-03-06T14:48:21.272+0000] {dagbag.py:536} INFO - Filling up the DagBag from /opt/airflow/dags/green_data_ingestion_azure_dag.py
[2025-03-06T14:48:21.276+0000] {logging_mixin.py:154} INFO - [2025-03-06T14:48:21.276+0000] {dagbag.py:346} ERROR - Failed to import: /opt/airflow/dags/green_data_ingestion_azure_dag.py
Traceback (most recent call last):
  File "/home/airflow/.local/lib/python3.8/site-packages/airflow/models/dagbag.py", line 342, in parse
    loader.exec_module(new_module)
  File "<frozen importlib._bootstrap_external>", line 843, in exec_module
  File "<frozen importlib._bootstrap>", line 219, in _call_with_frames_removed
  File "/opt/airflow/dags/green_data_ingestion_azure_dag.py", line 11, in <module>
    from airflow.providers.microsoft.azure.operators.synapse_spark import AzureSynapseSparkOperator
ModuleNotFoundError: No module named 'airflow.providers.microsoft.azure.operators.synapse_spark'
[2025-03-06T14:48:21.277+0000] {processor.py:841} WARNING - No viable dags retrieved from /opt/airflow/dags/green_data_ingestion_azure_dag.py
[2025-03-06T14:48:21.288+0000] {processor.py:179} INFO - Processing /opt/airflow/dags/green_data_ingestion_azure_dag.py took 0.019 seconds
[2025-03-06T14:48:51.825+0000] {processor.py:157} INFO - Started process (PID=28128) to work on /opt/airflow/dags/green_data_ingestion_azure_dag.py
[2025-03-06T14:48:51.826+0000] {processor.py:829} INFO - Processing file /opt/airflow/dags/green_data_ingestion_azure_dag.py for tasks to queue
[2025-03-06T14:48:51.827+0000] {logging_mixin.py:154} INFO - [2025-03-06T14:48:51.826+0000] {dagbag.py:536} INFO - Filling up the DagBag from /opt/airflow/dags/green_data_ingestion_azure_dag.py
[2025-03-06T14:48:51.830+0000] {logging_mixin.py:154} INFO - [2025-03-06T14:48:51.830+0000] {dagbag.py:346} ERROR - Failed to import: /opt/airflow/dags/green_data_ingestion_azure_dag.py
Traceback (most recent call last):
  File "/home/airflow/.local/lib/python3.8/site-packages/airflow/models/dagbag.py", line 342, in parse
    loader.exec_module(new_module)
  File "<frozen importlib._bootstrap_external>", line 843, in exec_module
  File "<frozen importlib._bootstrap>", line 219, in _call_with_frames_removed
  File "/opt/airflow/dags/green_data_ingestion_azure_dag.py", line 11, in <module>
    from airflow.providers.microsoft.azure.operators.synapse_spark import AzureSynapseSparkOperator
ModuleNotFoundError: No module named 'airflow.providers.microsoft.azure.operators.synapse_spark'
[2025-03-06T14:48:51.831+0000] {processor.py:841} WARNING - No viable dags retrieved from /opt/airflow/dags/green_data_ingestion_azure_dag.py
[2025-03-06T14:48:51.844+0000] {processor.py:179} INFO - Processing /opt/airflow/dags/green_data_ingestion_azure_dag.py took 0.020 seconds
[2025-03-06T14:49:22.380+0000] {processor.py:157} INFO - Started process (PID=28184) to work on /opt/airflow/dags/green_data_ingestion_azure_dag.py
[2025-03-06T14:49:22.380+0000] {processor.py:829} INFO - Processing file /opt/airflow/dags/green_data_ingestion_azure_dag.py for tasks to queue
[2025-03-06T14:49:22.391+0000] {logging_mixin.py:154} INFO - [2025-03-06T14:49:22.390+0000] {dagbag.py:536} INFO - Filling up the DagBag from /opt/airflow/dags/green_data_ingestion_azure_dag.py
[2025-03-06T14:49:22.399+0000] {logging_mixin.py:154} INFO - [2025-03-06T14:49:22.398+0000] {dagbag.py:346} ERROR - Failed to import: /opt/airflow/dags/green_data_ingestion_azure_dag.py
Traceback (most recent call last):
  File "/home/airflow/.local/lib/python3.8/site-packages/airflow/models/dagbag.py", line 342, in parse
    loader.exec_module(new_module)
  File "<frozen importlib._bootstrap_external>", line 843, in exec_module
  File "<frozen importlib._bootstrap>", line 219, in _call_with_frames_removed
  File "/opt/airflow/dags/green_data_ingestion_azure_dag.py", line 11, in <module>
    from airflow.providers.microsoft.azure.operators.synapse_spark import AzureSynapseSparkOperator
ModuleNotFoundError: No module named 'airflow.providers.microsoft.azure.operators.synapse_spark'
[2025-03-06T14:49:22.399+0000] {processor.py:841} WARNING - No viable dags retrieved from /opt/airflow/dags/green_data_ingestion_azure_dag.py
[2025-03-06T14:49:22.417+0000] {processor.py:179} INFO - Processing /opt/airflow/dags/green_data_ingestion_azure_dag.py took 0.041 seconds
[2025-03-06T14:49:53.108+0000] {processor.py:157} INFO - Started process (PID=28240) to work on /opt/airflow/dags/green_data_ingestion_azure_dag.py
[2025-03-06T14:49:53.110+0000] {processor.py:829} INFO - Processing file /opt/airflow/dags/green_data_ingestion_azure_dag.py for tasks to queue
[2025-03-06T14:49:53.111+0000] {logging_mixin.py:154} INFO - [2025-03-06T14:49:53.111+0000] {dagbag.py:536} INFO - Filling up the DagBag from /opt/airflow/dags/green_data_ingestion_azure_dag.py
[2025-03-06T14:49:53.115+0000] {logging_mixin.py:154} INFO - [2025-03-06T14:49:53.114+0000] {dagbag.py:346} ERROR - Failed to import: /opt/airflow/dags/green_data_ingestion_azure_dag.py
Traceback (most recent call last):
  File "/home/airflow/.local/lib/python3.8/site-packages/airflow/models/dagbag.py", line 342, in parse
    loader.exec_module(new_module)
  File "<frozen importlib._bootstrap_external>", line 843, in exec_module
  File "<frozen importlib._bootstrap>", line 219, in _call_with_frames_removed
  File "/opt/airflow/dags/green_data_ingestion_azure_dag.py", line 11, in <module>
    from airflow.providers.microsoft.azure.operators.synapse_spark import AzureSynapseSparkOperator
ModuleNotFoundError: No module named 'airflow.providers.microsoft.azure.operators.synapse_spark'
[2025-03-06T14:49:53.116+0000] {processor.py:841} WARNING - No viable dags retrieved from /opt/airflow/dags/green_data_ingestion_azure_dag.py
[2025-03-06T14:49:53.130+0000] {processor.py:179} INFO - Processing /opt/airflow/dags/green_data_ingestion_azure_dag.py took 0.026 seconds
