[2025-03-06T00:48:13.798+0000] {processor.py:157} INFO - Started process (PID=9045) to work on /home/airflow/.local/lib/python3.8/site-packages/airflow/example_dags/example_latest_only.py
[2025-03-06T00:48:13.798+0000] {processor.py:829} INFO - Processing file /home/airflow/.local/lib/python3.8/site-packages/airflow/example_dags/example_latest_only.py for tasks to queue
[2025-03-06T00:48:13.800+0000] {logging_mixin.py:154} INFO - [2025-03-06T00:48:13.800+0000] {dagbag.py:536} INFO - Filling up the DagBag from /home/airflow/.local/lib/python3.8/site-packages/airflow/example_dags/example_latest_only.py
[2025-03-06T00:48:13.802+0000] {processor.py:839} INFO - DAG(s) dict_keys(['latest_only']) retrieved from /home/airflow/.local/lib/python3.8/site-packages/airflow/example_dags/example_latest_only.py
[2025-03-06T00:48:13.810+0000] {logging_mixin.py:154} INFO - [2025-03-06T00:48:13.810+0000] {dag.py:2941} INFO - Sync 1 DAGs
[2025-03-06T00:48:13.821+0000] {logging_mixin.py:154} INFO - [2025-03-06T00:48:13.821+0000] {dag.py:3722} INFO - Setting next_dagrun for latest_only to 2025-03-05T20:48:13.820913+00:00, run_after=2025-03-06T00:48:13.820913+00:00
[2025-03-06T00:48:13.830+0000] {processor.py:179} INFO - Processing /home/airflow/.local/lib/python3.8/site-packages/airflow/example_dags/example_latest_only.py took 0.034 seconds
[2025-03-06T01:59:33.255+0000] {processor.py:157} INFO - Started process (PID=9101) to work on /home/airflow/.local/lib/python3.8/site-packages/airflow/example_dags/example_latest_only.py
[2025-03-06T01:59:33.256+0000] {processor.py:829} INFO - Processing file /home/airflow/.local/lib/python3.8/site-packages/airflow/example_dags/example_latest_only.py for tasks to queue
[2025-03-06T01:59:33.259+0000] {logging_mixin.py:154} INFO - [2025-03-06T01:59:33.259+0000] {dagbag.py:536} INFO - Filling up the DagBag from /home/airflow/.local/lib/python3.8/site-packages/airflow/example_dags/example_latest_only.py
[2025-03-06T01:59:33.263+0000] {processor.py:839} INFO - DAG(s) dict_keys(['latest_only']) retrieved from /home/airflow/.local/lib/python3.8/site-packages/airflow/example_dags/example_latest_only.py
[2025-03-06T01:59:33.277+0000] {logging_mixin.py:154} INFO - [2025-03-06T01:59:33.277+0000] {dag.py:2941} INFO - Sync 1 DAGs
[2025-03-06T01:59:33.289+0000] {logging_mixin.py:154} INFO - [2025-03-06T01:59:33.289+0000] {dag.py:3722} INFO - Setting next_dagrun for latest_only to 2025-03-05T21:59:33.289288+00:00, run_after=2025-03-06T01:59:33.289288+00:00
[2025-03-06T01:59:33.299+0000] {processor.py:179} INFO - Processing /home/airflow/.local/lib/python3.8/site-packages/airflow/example_dags/example_latest_only.py took 0.046 seconds
[2025-03-06T03:10:29.236+0000] {processor.py:157} INFO - Started process (PID=9157) to work on /home/airflow/.local/lib/python3.8/site-packages/airflow/example_dags/example_latest_only.py
[2025-03-06T03:10:29.236+0000] {processor.py:829} INFO - Processing file /home/airflow/.local/lib/python3.8/site-packages/airflow/example_dags/example_latest_only.py for tasks to queue
[2025-03-06T03:10:29.238+0000] {logging_mixin.py:154} INFO - [2025-03-06T03:10:29.238+0000] {dagbag.py:536} INFO - Filling up the DagBag from /home/airflow/.local/lib/python3.8/site-packages/airflow/example_dags/example_latest_only.py
[2025-03-06T03:10:29.240+0000] {processor.py:839} INFO - DAG(s) dict_keys(['latest_only']) retrieved from /home/airflow/.local/lib/python3.8/site-packages/airflow/example_dags/example_latest_only.py
[2025-03-06T03:10:29.253+0000] {logging_mixin.py:154} INFO - [2025-03-06T03:10:29.253+0000] {dag.py:2941} INFO - Sync 1 DAGs
[2025-03-06T03:10:29.265+0000] {logging_mixin.py:154} INFO - [2025-03-06T03:10:29.264+0000] {dag.py:3722} INFO - Setting next_dagrun for latest_only to 2025-03-05T23:10:29.264795+00:00, run_after=2025-03-06T03:10:29.264795+00:00
[2025-03-06T03:10:29.278+0000] {processor.py:179} INFO - Processing /home/airflow/.local/lib/python3.8/site-packages/airflow/example_dags/example_latest_only.py took 0.044 seconds
[2025-03-06T04:28:46.532+0000] {processor.py:157} INFO - Started process (PID=9213) to work on /home/airflow/.local/lib/python3.8/site-packages/airflow/example_dags/example_latest_only.py
[2025-03-06T04:28:46.533+0000] {processor.py:829} INFO - Processing file /home/airflow/.local/lib/python3.8/site-packages/airflow/example_dags/example_latest_only.py for tasks to queue
[2025-03-06T04:28:46.536+0000] {logging_mixin.py:154} INFO - [2025-03-06T04:28:46.536+0000] {dagbag.py:536} INFO - Filling up the DagBag from /home/airflow/.local/lib/python3.8/site-packages/airflow/example_dags/example_latest_only.py
[2025-03-06T04:28:46.539+0000] {processor.py:839} INFO - DAG(s) dict_keys(['latest_only']) retrieved from /home/airflow/.local/lib/python3.8/site-packages/airflow/example_dags/example_latest_only.py
[2025-03-06T04:28:46.550+0000] {logging_mixin.py:154} INFO - [2025-03-06T04:28:46.550+0000] {dag.py:2941} INFO - Sync 1 DAGs
[2025-03-06T04:28:46.558+0000] {logging_mixin.py:154} INFO - [2025-03-06T04:28:46.558+0000] {dag.py:3722} INFO - Setting next_dagrun for latest_only to 2025-03-06T00:28:46.558686+00:00, run_after=2025-03-06T04:28:46.558686+00:00
[2025-03-06T04:28:46.565+0000] {processor.py:179} INFO - Processing /home/airflow/.local/lib/python3.8/site-packages/airflow/example_dags/example_latest_only.py took 0.034 seconds
[2025-03-06T05:30:08.467+0000] {processor.py:157} INFO - Started process (PID=9269) to work on /home/airflow/.local/lib/python3.8/site-packages/airflow/example_dags/example_latest_only.py
[2025-03-06T05:30:08.468+0000] {processor.py:829} INFO - Processing file /home/airflow/.local/lib/python3.8/site-packages/airflow/example_dags/example_latest_only.py for tasks to queue
[2025-03-06T05:30:08.470+0000] {logging_mixin.py:154} INFO - [2025-03-06T05:30:08.470+0000] {dagbag.py:536} INFO - Filling up the DagBag from /home/airflow/.local/lib/python3.8/site-packages/airflow/example_dags/example_latest_only.py
[2025-03-06T05:30:08.473+0000] {processor.py:839} INFO - DAG(s) dict_keys(['latest_only']) retrieved from /home/airflow/.local/lib/python3.8/site-packages/airflow/example_dags/example_latest_only.py
[2025-03-06T05:30:08.489+0000] {logging_mixin.py:154} INFO - [2025-03-06T05:30:08.489+0000] {dag.py:2941} INFO - Sync 1 DAGs
[2025-03-06T05:30:08.502+0000] {logging_mixin.py:154} INFO - [2025-03-06T05:30:08.502+0000] {dag.py:3722} INFO - Setting next_dagrun for latest_only to 2025-03-06T01:30:08.502176+00:00, run_after=2025-03-06T05:30:08.502176+00:00
[2025-03-06T05:30:08.516+0000] {processor.py:179} INFO - Processing /home/airflow/.local/lib/python3.8/site-packages/airflow/example_dags/example_latest_only.py took 0.051 seconds
[2025-03-06T06:48:02.442+0000] {processor.py:157} INFO - Started process (PID=9325) to work on /home/airflow/.local/lib/python3.8/site-packages/airflow/example_dags/example_latest_only.py
[2025-03-06T06:48:02.442+0000] {processor.py:829} INFO - Processing file /home/airflow/.local/lib/python3.8/site-packages/airflow/example_dags/example_latest_only.py for tasks to queue
[2025-03-06T06:48:02.445+0000] {logging_mixin.py:154} INFO - [2025-03-06T06:48:02.445+0000] {dagbag.py:536} INFO - Filling up the DagBag from /home/airflow/.local/lib/python3.8/site-packages/airflow/example_dags/example_latest_only.py
[2025-03-06T06:48:02.449+0000] {processor.py:839} INFO - DAG(s) dict_keys(['latest_only']) retrieved from /home/airflow/.local/lib/python3.8/site-packages/airflow/example_dags/example_latest_only.py
[2025-03-06T06:48:02.462+0000] {logging_mixin.py:154} INFO - [2025-03-06T06:48:02.462+0000] {dag.py:2941} INFO - Sync 1 DAGs
[2025-03-06T06:48:02.474+0000] {logging_mixin.py:154} INFO - [2025-03-06T06:48:02.474+0000] {dag.py:3722} INFO - Setting next_dagrun for latest_only to 2025-03-06T02:48:02.474583+00:00, run_after=2025-03-06T06:48:02.474583+00:00
[2025-03-06T06:48:02.486+0000] {processor.py:179} INFO - Processing /home/airflow/.local/lib/python3.8/site-packages/airflow/example_dags/example_latest_only.py took 0.046 seconds
[2025-03-06T08:02:30.221+0000] {processor.py:157} INFO - Started process (PID=9380) to work on /home/airflow/.local/lib/python3.8/site-packages/airflow/example_dags/example_latest_only.py
[2025-03-06T08:02:30.222+0000] {processor.py:829} INFO - Processing file /home/airflow/.local/lib/python3.8/site-packages/airflow/example_dags/example_latest_only.py for tasks to queue
[2025-03-06T08:02:30.223+0000] {logging_mixin.py:154} INFO - [2025-03-06T08:02:30.223+0000] {dagbag.py:536} INFO - Filling up the DagBag from /home/airflow/.local/lib/python3.8/site-packages/airflow/example_dags/example_latest_only.py
[2025-03-06T08:02:30.226+0000] {processor.py:839} INFO - DAG(s) dict_keys(['latest_only']) retrieved from /home/airflow/.local/lib/python3.8/site-packages/airflow/example_dags/example_latest_only.py
[2025-03-06T08:02:30.235+0000] {logging_mixin.py:154} INFO - [2025-03-06T08:02:30.235+0000] {dag.py:2941} INFO - Sync 1 DAGs
[2025-03-06T08:02:30.243+0000] {logging_mixin.py:154} INFO - [2025-03-06T08:02:30.243+0000] {dag.py:3722} INFO - Setting next_dagrun for latest_only to 2025-03-06T04:02:30.243186+00:00, run_after=2025-03-06T08:02:30.243186+00:00
[2025-03-06T08:02:30.252+0000] {processor.py:179} INFO - Processing /home/airflow/.local/lib/python3.8/site-packages/airflow/example_dags/example_latest_only.py took 0.033 seconds
[2025-03-06T09:16:30.383+0000] {processor.py:157} INFO - Started process (PID=9436) to work on /home/airflow/.local/lib/python3.8/site-packages/airflow/example_dags/example_latest_only.py
[2025-03-06T09:16:30.383+0000] {processor.py:829} INFO - Processing file /home/airflow/.local/lib/python3.8/site-packages/airflow/example_dags/example_latest_only.py for tasks to queue
[2025-03-06T09:16:30.385+0000] {logging_mixin.py:154} INFO - [2025-03-06T09:16:30.385+0000] {dagbag.py:536} INFO - Filling up the DagBag from /home/airflow/.local/lib/python3.8/site-packages/airflow/example_dags/example_latest_only.py
[2025-03-06T09:16:30.388+0000] {processor.py:839} INFO - DAG(s) dict_keys(['latest_only']) retrieved from /home/airflow/.local/lib/python3.8/site-packages/airflow/example_dags/example_latest_only.py
[2025-03-06T09:16:30.400+0000] {logging_mixin.py:154} INFO - [2025-03-06T09:16:30.400+0000] {dag.py:2941} INFO - Sync 1 DAGs
[2025-03-06T09:16:30.412+0000] {logging_mixin.py:154} INFO - [2025-03-06T09:16:30.412+0000] {dag.py:3722} INFO - Setting next_dagrun for latest_only to 2025-03-06T05:16:30.412612+00:00, run_after=2025-03-06T09:16:30.412612+00:00
[2025-03-06T09:16:30.422+0000] {processor.py:179} INFO - Processing /home/airflow/.local/lib/python3.8/site-packages/airflow/example_dags/example_latest_only.py took 0.041 seconds
[2025-03-06T10:34:03.191+0000] {processor.py:157} INFO - Started process (PID=9492) to work on /home/airflow/.local/lib/python3.8/site-packages/airflow/example_dags/example_latest_only.py
[2025-03-06T10:34:03.193+0000] {processor.py:829} INFO - Processing file /home/airflow/.local/lib/python3.8/site-packages/airflow/example_dags/example_latest_only.py for tasks to queue
[2025-03-06T10:34:03.195+0000] {logging_mixin.py:154} INFO - [2025-03-06T10:34:03.195+0000] {dagbag.py:536} INFO - Filling up the DagBag from /home/airflow/.local/lib/python3.8/site-packages/airflow/example_dags/example_latest_only.py
[2025-03-06T10:34:03.197+0000] {processor.py:839} INFO - DAG(s) dict_keys(['latest_only']) retrieved from /home/airflow/.local/lib/python3.8/site-packages/airflow/example_dags/example_latest_only.py
[2025-03-06T10:34:03.208+0000] {logging_mixin.py:154} INFO - [2025-03-06T10:34:03.207+0000] {dag.py:2941} INFO - Sync 1 DAGs
[2025-03-06T10:34:03.217+0000] {logging_mixin.py:154} INFO - [2025-03-06T10:34:03.217+0000] {dag.py:3722} INFO - Setting next_dagrun for latest_only to 2025-03-06T06:34:03.217446+00:00, run_after=2025-03-06T10:34:03.217446+00:00
[2025-03-06T10:34:03.224+0000] {processor.py:179} INFO - Processing /home/airflow/.local/lib/python3.8/site-packages/airflow/example_dags/example_latest_only.py took 0.034 seconds
[2025-03-06T11:03:42.792+0000] {processor.py:157} INFO - Started process (PID=9548) to work on /home/airflow/.local/lib/python3.8/site-packages/airflow/example_dags/example_latest_only.py
[2025-03-06T11:03:42.795+0000] {processor.py:829} INFO - Processing file /home/airflow/.local/lib/python3.8/site-packages/airflow/example_dags/example_latest_only.py for tasks to queue
[2025-03-06T11:03:42.797+0000] {logging_mixin.py:154} INFO - [2025-03-06T11:03:42.797+0000] {dagbag.py:536} INFO - Filling up the DagBag from /home/airflow/.local/lib/python3.8/site-packages/airflow/example_dags/example_latest_only.py
[2025-03-06T11:03:42.800+0000] {processor.py:839} INFO - DAG(s) dict_keys(['latest_only']) retrieved from /home/airflow/.local/lib/python3.8/site-packages/airflow/example_dags/example_latest_only.py
[2025-03-06T11:03:42.813+0000] {logging_mixin.py:154} INFO - [2025-03-06T11:03:42.812+0000] {dag.py:2941} INFO - Sync 1 DAGs
[2025-03-06T11:03:42.827+0000] {logging_mixin.py:154} INFO - [2025-03-06T11:03:42.827+0000] {dag.py:3722} INFO - Setting next_dagrun for latest_only to 2025-03-06T07:03:42.827396+00:00, run_after=2025-03-06T11:03:42.827396+00:00
[2025-03-06T11:03:42.838+0000] {processor.py:179} INFO - Processing /home/airflow/.local/lib/python3.8/site-packages/airflow/example_dags/example_latest_only.py took 0.048 seconds
[2025-03-06T11:04:13.980+0000] {processor.py:157} INFO - Started process (PID=9604) to work on /home/airflow/.local/lib/python3.8/site-packages/airflow/example_dags/example_latest_only.py
[2025-03-06T11:04:13.983+0000] {processor.py:829} INFO - Processing file /home/airflow/.local/lib/python3.8/site-packages/airflow/example_dags/example_latest_only.py for tasks to queue
[2025-03-06T11:04:13.984+0000] {logging_mixin.py:154} INFO - [2025-03-06T11:04:13.984+0000] {dagbag.py:536} INFO - Filling up the DagBag from /home/airflow/.local/lib/python3.8/site-packages/airflow/example_dags/example_latest_only.py
[2025-03-06T11:04:13.987+0000] {processor.py:839} INFO - DAG(s) dict_keys(['latest_only']) retrieved from /home/airflow/.local/lib/python3.8/site-packages/airflow/example_dags/example_latest_only.py
[2025-03-06T11:04:13.998+0000] {logging_mixin.py:154} INFO - [2025-03-06T11:04:13.998+0000] {dag.py:2941} INFO - Sync 1 DAGs
[2025-03-06T11:04:14.101+0000] {logging_mixin.py:154} INFO - [2025-03-06T11:04:14.100+0000] {dag.py:3722} INFO - Setting next_dagrun for latest_only to 2025-03-06T07:04:14.100902+00:00, run_after=2025-03-06T11:04:14.100902+00:00
[2025-03-06T11:04:14.109+0000] {processor.py:179} INFO - Processing /home/airflow/.local/lib/python3.8/site-packages/airflow/example_dags/example_latest_only.py took 0.130 seconds
[2025-03-06T11:04:44.206+0000] {processor.py:157} INFO - Started process (PID=9660) to work on /home/airflow/.local/lib/python3.8/site-packages/airflow/example_dags/example_latest_only.py
[2025-03-06T11:04:44.206+0000] {processor.py:829} INFO - Processing file /home/airflow/.local/lib/python3.8/site-packages/airflow/example_dags/example_latest_only.py for tasks to queue
[2025-03-06T11:04:44.207+0000] {logging_mixin.py:154} INFO - [2025-03-06T11:04:44.207+0000] {dagbag.py:536} INFO - Filling up the DagBag from /home/airflow/.local/lib/python3.8/site-packages/airflow/example_dags/example_latest_only.py
[2025-03-06T11:04:44.209+0000] {processor.py:839} INFO - DAG(s) dict_keys(['latest_only']) retrieved from /home/airflow/.local/lib/python3.8/site-packages/airflow/example_dags/example_latest_only.py
[2025-03-06T11:04:44.220+0000] {logging_mixin.py:154} INFO - [2025-03-06T11:04:44.219+0000] {dag.py:2941} INFO - Sync 1 DAGs
[2025-03-06T11:04:44.230+0000] {logging_mixin.py:154} INFO - [2025-03-06T11:04:44.230+0000] {dag.py:3722} INFO - Setting next_dagrun for latest_only to 2025-03-06T07:04:44.230072+00:00, run_after=2025-03-06T11:04:44.230072+00:00
[2025-03-06T11:04:44.331+0000] {processor.py:179} INFO - Processing /home/airflow/.local/lib/python3.8/site-packages/airflow/example_dags/example_latest_only.py took 0.127 seconds
[2025-03-06T11:05:14.557+0000] {processor.py:157} INFO - Started process (PID=9716) to work on /home/airflow/.local/lib/python3.8/site-packages/airflow/example_dags/example_latest_only.py
[2025-03-06T11:05:14.558+0000] {processor.py:829} INFO - Processing file /home/airflow/.local/lib/python3.8/site-packages/airflow/example_dags/example_latest_only.py for tasks to queue
[2025-03-06T11:05:14.561+0000] {logging_mixin.py:154} INFO - [2025-03-06T11:05:14.561+0000] {dagbag.py:536} INFO - Filling up the DagBag from /home/airflow/.local/lib/python3.8/site-packages/airflow/example_dags/example_latest_only.py
[2025-03-06T11:05:14.563+0000] {processor.py:839} INFO - DAG(s) dict_keys(['latest_only']) retrieved from /home/airflow/.local/lib/python3.8/site-packages/airflow/example_dags/example_latest_only.py
[2025-03-06T11:05:14.574+0000] {logging_mixin.py:154} INFO - [2025-03-06T11:05:14.574+0000] {dag.py:2941} INFO - Sync 1 DAGs
[2025-03-06T11:05:14.584+0000] {logging_mixin.py:154} INFO - [2025-03-06T11:05:14.584+0000] {dag.py:3722} INFO - Setting next_dagrun for latest_only to 2025-03-06T07:05:14.584338+00:00, run_after=2025-03-06T11:05:14.584338+00:00
[2025-03-06T11:05:14.590+0000] {processor.py:179} INFO - Processing /home/airflow/.local/lib/python3.8/site-packages/airflow/example_dags/example_latest_only.py took 0.034 seconds
[2025-03-06T11:05:44.790+0000] {processor.py:157} INFO - Started process (PID=9772) to work on /home/airflow/.local/lib/python3.8/site-packages/airflow/example_dags/example_latest_only.py
[2025-03-06T11:05:44.791+0000] {processor.py:829} INFO - Processing file /home/airflow/.local/lib/python3.8/site-packages/airflow/example_dags/example_latest_only.py for tasks to queue
[2025-03-06T11:05:44.792+0000] {logging_mixin.py:154} INFO - [2025-03-06T11:05:44.792+0000] {dagbag.py:536} INFO - Filling up the DagBag from /home/airflow/.local/lib/python3.8/site-packages/airflow/example_dags/example_latest_only.py
[2025-03-06T11:05:44.794+0000] {processor.py:839} INFO - DAG(s) dict_keys(['latest_only']) retrieved from /home/airflow/.local/lib/python3.8/site-packages/airflow/example_dags/example_latest_only.py
[2025-03-06T11:05:44.806+0000] {logging_mixin.py:154} INFO - [2025-03-06T11:05:44.806+0000] {dag.py:2941} INFO - Sync 1 DAGs
[2025-03-06T11:05:44.815+0000] {logging_mixin.py:154} INFO - [2025-03-06T11:05:44.815+0000] {dag.py:3722} INFO - Setting next_dagrun for latest_only to 2025-03-06T07:05:44.815719+00:00, run_after=2025-03-06T11:05:44.815719+00:00
[2025-03-06T11:05:44.826+0000] {processor.py:179} INFO - Processing /home/airflow/.local/lib/python3.8/site-packages/airflow/example_dags/example_latest_only.py took 0.036 seconds
[2025-03-06T11:06:15.774+0000] {processor.py:157} INFO - Started process (PID=9828) to work on /home/airflow/.local/lib/python3.8/site-packages/airflow/example_dags/example_latest_only.py
[2025-03-06T11:06:15.774+0000] {processor.py:829} INFO - Processing file /home/airflow/.local/lib/python3.8/site-packages/airflow/example_dags/example_latest_only.py for tasks to queue
[2025-03-06T11:06:15.775+0000] {logging_mixin.py:154} INFO - [2025-03-06T11:06:15.775+0000] {dagbag.py:536} INFO - Filling up the DagBag from /home/airflow/.local/lib/python3.8/site-packages/airflow/example_dags/example_latest_only.py
[2025-03-06T11:06:15.777+0000] {processor.py:839} INFO - DAG(s) dict_keys(['latest_only']) retrieved from /home/airflow/.local/lib/python3.8/site-packages/airflow/example_dags/example_latest_only.py
[2025-03-06T11:06:15.788+0000] {logging_mixin.py:154} INFO - [2025-03-06T11:06:15.787+0000] {dag.py:2941} INFO - Sync 1 DAGs
[2025-03-06T11:06:15.796+0000] {logging_mixin.py:154} INFO - [2025-03-06T11:06:15.796+0000] {dag.py:3722} INFO - Setting next_dagrun for latest_only to 2025-03-06T07:06:15.796365+00:00, run_after=2025-03-06T11:06:15.796365+00:00
[2025-03-06T11:06:15.806+0000] {processor.py:179} INFO - Processing /home/airflow/.local/lib/python3.8/site-packages/airflow/example_dags/example_latest_only.py took 0.033 seconds
[2025-03-06T11:06:47.209+0000] {processor.py:157} INFO - Started process (PID=9884) to work on /home/airflow/.local/lib/python3.8/site-packages/airflow/example_dags/example_latest_only.py
[2025-03-06T11:06:47.210+0000] {processor.py:829} INFO - Processing file /home/airflow/.local/lib/python3.8/site-packages/airflow/example_dags/example_latest_only.py for tasks to queue
[2025-03-06T11:06:47.212+0000] {logging_mixin.py:154} INFO - [2025-03-06T11:06:47.212+0000] {dagbag.py:536} INFO - Filling up the DagBag from /home/airflow/.local/lib/python3.8/site-packages/airflow/example_dags/example_latest_only.py
[2025-03-06T11:06:47.215+0000] {processor.py:839} INFO - DAG(s) dict_keys(['latest_only']) retrieved from /home/airflow/.local/lib/python3.8/site-packages/airflow/example_dags/example_latest_only.py
[2025-03-06T11:06:47.224+0000] {logging_mixin.py:154} INFO - [2025-03-06T11:06:47.224+0000] {dag.py:2941} INFO - Sync 1 DAGs
[2025-03-06T11:06:47.346+0000] {logging_mixin.py:154} INFO - [2025-03-06T11:06:47.346+0000] {dag.py:3722} INFO - Setting next_dagrun for latest_only to 2025-03-06T07:06:47.345962+00:00, run_after=2025-03-06T11:06:47.345962+00:00
[2025-03-06T11:06:47.356+0000] {processor.py:179} INFO - Processing /home/airflow/.local/lib/python3.8/site-packages/airflow/example_dags/example_latest_only.py took 0.149 seconds
[2025-03-06T11:07:17.591+0000] {processor.py:157} INFO - Started process (PID=9940) to work on /home/airflow/.local/lib/python3.8/site-packages/airflow/example_dags/example_latest_only.py
[2025-03-06T11:07:17.591+0000] {processor.py:829} INFO - Processing file /home/airflow/.local/lib/python3.8/site-packages/airflow/example_dags/example_latest_only.py for tasks to queue
[2025-03-06T11:07:17.592+0000] {logging_mixin.py:154} INFO - [2025-03-06T11:07:17.592+0000] {dagbag.py:536} INFO - Filling up the DagBag from /home/airflow/.local/lib/python3.8/site-packages/airflow/example_dags/example_latest_only.py
[2025-03-06T11:07:17.594+0000] {processor.py:839} INFO - DAG(s) dict_keys(['latest_only']) retrieved from /home/airflow/.local/lib/python3.8/site-packages/airflow/example_dags/example_latest_only.py
[2025-03-06T11:07:17.605+0000] {logging_mixin.py:154} INFO - [2025-03-06T11:07:17.605+0000] {dag.py:2941} INFO - Sync 1 DAGs
[2025-03-06T11:07:17.615+0000] {logging_mixin.py:154} INFO - [2025-03-06T11:07:17.615+0000] {dag.py:3722} INFO - Setting next_dagrun for latest_only to 2025-03-06T07:07:17.614987+00:00, run_after=2025-03-06T11:07:17.614987+00:00
[2025-03-06T11:07:17.718+0000] {processor.py:179} INFO - Processing /home/airflow/.local/lib/python3.8/site-packages/airflow/example_dags/example_latest_only.py took 0.129 seconds
[2025-03-06T11:07:48.584+0000] {processor.py:157} INFO - Started process (PID=9996) to work on /home/airflow/.local/lib/python3.8/site-packages/airflow/example_dags/example_latest_only.py
[2025-03-06T11:07:48.586+0000] {processor.py:829} INFO - Processing file /home/airflow/.local/lib/python3.8/site-packages/airflow/example_dags/example_latest_only.py for tasks to queue
[2025-03-06T11:07:48.591+0000] {logging_mixin.py:154} INFO - [2025-03-06T11:07:48.590+0000] {dagbag.py:536} INFO - Filling up the DagBag from /home/airflow/.local/lib/python3.8/site-packages/airflow/example_dags/example_latest_only.py
[2025-03-06T11:07:48.595+0000] {processor.py:839} INFO - DAG(s) dict_keys(['latest_only']) retrieved from /home/airflow/.local/lib/python3.8/site-packages/airflow/example_dags/example_latest_only.py
[2025-03-06T11:07:48.612+0000] {logging_mixin.py:154} INFO - [2025-03-06T11:07:48.612+0000] {dag.py:2941} INFO - Sync 1 DAGs
[2025-03-06T11:07:48.624+0000] {logging_mixin.py:154} INFO - [2025-03-06T11:07:48.624+0000] {dag.py:3722} INFO - Setting next_dagrun for latest_only to 2025-03-06T07:07:48.624027+00:00, run_after=2025-03-06T11:07:48.624027+00:00
[2025-03-06T11:07:48.638+0000] {processor.py:179} INFO - Processing /home/airflow/.local/lib/python3.8/site-packages/airflow/example_dags/example_latest_only.py took 0.058 seconds
[2025-03-06T11:08:19.149+0000] {processor.py:157} INFO - Started process (PID=10052) to work on /home/airflow/.local/lib/python3.8/site-packages/airflow/example_dags/example_latest_only.py
[2025-03-06T11:08:19.150+0000] {processor.py:829} INFO - Processing file /home/airflow/.local/lib/python3.8/site-packages/airflow/example_dags/example_latest_only.py for tasks to queue
[2025-03-06T11:08:19.153+0000] {logging_mixin.py:154} INFO - [2025-03-06T11:08:19.153+0000] {dagbag.py:536} INFO - Filling up the DagBag from /home/airflow/.local/lib/python3.8/site-packages/airflow/example_dags/example_latest_only.py
[2025-03-06T11:08:19.156+0000] {processor.py:839} INFO - DAG(s) dict_keys(['latest_only']) retrieved from /home/airflow/.local/lib/python3.8/site-packages/airflow/example_dags/example_latest_only.py
[2025-03-06T11:08:19.170+0000] {logging_mixin.py:154} INFO - [2025-03-06T11:08:19.170+0000] {dag.py:2941} INFO - Sync 1 DAGs
[2025-03-06T11:08:19.181+0000] {logging_mixin.py:154} INFO - [2025-03-06T11:08:19.181+0000] {dag.py:3722} INFO - Setting next_dagrun for latest_only to 2025-03-06T07:08:19.180924+00:00, run_after=2025-03-06T11:08:19.180924+00:00
[2025-03-06T11:08:19.191+0000] {processor.py:179} INFO - Processing /home/airflow/.local/lib/python3.8/site-packages/airflow/example_dags/example_latest_only.py took 0.045 seconds
[2025-03-06T11:08:49.822+0000] {processor.py:157} INFO - Started process (PID=10108) to work on /home/airflow/.local/lib/python3.8/site-packages/airflow/example_dags/example_latest_only.py
[2025-03-06T11:08:49.824+0000] {processor.py:829} INFO - Processing file /home/airflow/.local/lib/python3.8/site-packages/airflow/example_dags/example_latest_only.py for tasks to queue
[2025-03-06T11:08:49.825+0000] {logging_mixin.py:154} INFO - [2025-03-06T11:08:49.825+0000] {dagbag.py:536} INFO - Filling up the DagBag from /home/airflow/.local/lib/python3.8/site-packages/airflow/example_dags/example_latest_only.py
[2025-03-06T11:08:49.827+0000] {processor.py:839} INFO - DAG(s) dict_keys(['latest_only']) retrieved from /home/airflow/.local/lib/python3.8/site-packages/airflow/example_dags/example_latest_only.py
[2025-03-06T11:08:49.921+0000] {logging_mixin.py:154} INFO - [2025-03-06T11:08:49.921+0000] {dag.py:2941} INFO - Sync 1 DAGs
[2025-03-06T11:08:49.931+0000] {logging_mixin.py:154} INFO - [2025-03-06T11:08:49.931+0000] {dag.py:3722} INFO - Setting next_dagrun for latest_only to 2025-03-06T07:08:49.931615+00:00, run_after=2025-03-06T11:08:49.931615+00:00
[2025-03-06T11:08:49.940+0000] {processor.py:179} INFO - Processing /home/airflow/.local/lib/python3.8/site-packages/airflow/example_dags/example_latest_only.py took 0.119 seconds
[2025-03-06T11:09:20.779+0000] {processor.py:157} INFO - Started process (PID=10164) to work on /home/airflow/.local/lib/python3.8/site-packages/airflow/example_dags/example_latest_only.py
[2025-03-06T11:09:20.781+0000] {processor.py:829} INFO - Processing file /home/airflow/.local/lib/python3.8/site-packages/airflow/example_dags/example_latest_only.py for tasks to queue
[2025-03-06T11:09:20.782+0000] {logging_mixin.py:154} INFO - [2025-03-06T11:09:20.782+0000] {dagbag.py:536} INFO - Filling up the DagBag from /home/airflow/.local/lib/python3.8/site-packages/airflow/example_dags/example_latest_only.py
[2025-03-06T11:09:20.785+0000] {processor.py:839} INFO - DAG(s) dict_keys(['latest_only']) retrieved from /home/airflow/.local/lib/python3.8/site-packages/airflow/example_dags/example_latest_only.py
[2025-03-06T11:09:20.793+0000] {logging_mixin.py:154} INFO - [2025-03-06T11:09:20.793+0000] {dag.py:2941} INFO - Sync 1 DAGs
[2025-03-06T11:09:20.905+0000] {logging_mixin.py:154} INFO - [2025-03-06T11:09:20.905+0000] {dag.py:3722} INFO - Setting next_dagrun for latest_only to 2025-03-06T07:09:20.905128+00:00, run_after=2025-03-06T11:09:20.905128+00:00
[2025-03-06T11:09:20.917+0000] {processor.py:179} INFO - Processing /home/airflow/.local/lib/python3.8/site-packages/airflow/example_dags/example_latest_only.py took 0.139 seconds
[2025-03-06T11:09:51.077+0000] {processor.py:157} INFO - Started process (PID=10220) to work on /home/airflow/.local/lib/python3.8/site-packages/airflow/example_dags/example_latest_only.py
[2025-03-06T11:09:51.077+0000] {processor.py:829} INFO - Processing file /home/airflow/.local/lib/python3.8/site-packages/airflow/example_dags/example_latest_only.py for tasks to queue
[2025-03-06T11:09:51.079+0000] {logging_mixin.py:154} INFO - [2025-03-06T11:09:51.079+0000] {dagbag.py:536} INFO - Filling up the DagBag from /home/airflow/.local/lib/python3.8/site-packages/airflow/example_dags/example_latest_only.py
[2025-03-06T11:09:51.083+0000] {processor.py:839} INFO - DAG(s) dict_keys(['latest_only']) retrieved from /home/airflow/.local/lib/python3.8/site-packages/airflow/example_dags/example_latest_only.py
[2025-03-06T11:09:51.094+0000] {logging_mixin.py:154} INFO - [2025-03-06T11:09:51.094+0000] {dag.py:2941} INFO - Sync 1 DAGs
[2025-03-06T11:09:51.104+0000] {logging_mixin.py:154} INFO - [2025-03-06T11:09:51.104+0000] {dag.py:3722} INFO - Setting next_dagrun for latest_only to 2025-03-06T07:09:51.104502+00:00, run_after=2025-03-06T11:09:51.104502+00:00
[2025-03-06T11:09:51.111+0000] {processor.py:179} INFO - Processing /home/airflow/.local/lib/python3.8/site-packages/airflow/example_dags/example_latest_only.py took 0.036 seconds
[2025-03-06T11:10:21.637+0000] {processor.py:157} INFO - Started process (PID=10276) to work on /home/airflow/.local/lib/python3.8/site-packages/airflow/example_dags/example_latest_only.py
[2025-03-06T11:10:21.637+0000] {processor.py:829} INFO - Processing file /home/airflow/.local/lib/python3.8/site-packages/airflow/example_dags/example_latest_only.py for tasks to queue
[2025-03-06T11:10:21.639+0000] {logging_mixin.py:154} INFO - [2025-03-06T11:10:21.639+0000] {dagbag.py:536} INFO - Filling up the DagBag from /home/airflow/.local/lib/python3.8/site-packages/airflow/example_dags/example_latest_only.py
[2025-03-06T11:10:21.642+0000] {processor.py:839} INFO - DAG(s) dict_keys(['latest_only']) retrieved from /home/airflow/.local/lib/python3.8/site-packages/airflow/example_dags/example_latest_only.py
[2025-03-06T11:10:21.651+0000] {logging_mixin.py:154} INFO - [2025-03-06T11:10:21.651+0000] {dag.py:2941} INFO - Sync 1 DAGs
[2025-03-06T11:10:21.660+0000] {logging_mixin.py:154} INFO - [2025-03-06T11:10:21.660+0000] {dag.py:3722} INFO - Setting next_dagrun for latest_only to 2025-03-06T07:10:21.660451+00:00, run_after=2025-03-06T11:10:21.660451+00:00
[2025-03-06T11:10:21.668+0000] {processor.py:179} INFO - Processing /home/airflow/.local/lib/python3.8/site-packages/airflow/example_dags/example_latest_only.py took 0.033 seconds
[2025-03-06T11:10:52.411+0000] {processor.py:157} INFO - Started process (PID=10332) to work on /home/airflow/.local/lib/python3.8/site-packages/airflow/example_dags/example_latest_only.py
[2025-03-06T11:10:52.412+0000] {processor.py:829} INFO - Processing file /home/airflow/.local/lib/python3.8/site-packages/airflow/example_dags/example_latest_only.py for tasks to queue
[2025-03-06T11:10:52.414+0000] {logging_mixin.py:154} INFO - [2025-03-06T11:10:52.414+0000] {dagbag.py:536} INFO - Filling up the DagBag from /home/airflow/.local/lib/python3.8/site-packages/airflow/example_dags/example_latest_only.py
[2025-03-06T11:10:52.416+0000] {processor.py:839} INFO - DAG(s) dict_keys(['latest_only']) retrieved from /home/airflow/.local/lib/python3.8/site-packages/airflow/example_dags/example_latest_only.py
[2025-03-06T11:10:52.426+0000] {logging_mixin.py:154} INFO - [2025-03-06T11:10:52.426+0000] {dag.py:2941} INFO - Sync 1 DAGs
[2025-03-06T11:10:52.435+0000] {logging_mixin.py:154} INFO - [2025-03-06T11:10:52.435+0000] {dag.py:3722} INFO - Setting next_dagrun for latest_only to 2025-03-06T07:10:52.435539+00:00, run_after=2025-03-06T11:10:52.435539+00:00
[2025-03-06T11:10:52.444+0000] {processor.py:179} INFO - Processing /home/airflow/.local/lib/python3.8/site-packages/airflow/example_dags/example_latest_only.py took 0.035 seconds
[2025-03-06T11:11:23.017+0000] {processor.py:157} INFO - Started process (PID=10388) to work on /home/airflow/.local/lib/python3.8/site-packages/airflow/example_dags/example_latest_only.py
[2025-03-06T11:11:23.017+0000] {processor.py:829} INFO - Processing file /home/airflow/.local/lib/python3.8/site-packages/airflow/example_dags/example_latest_only.py for tasks to queue
[2025-03-06T11:11:23.020+0000] {logging_mixin.py:154} INFO - [2025-03-06T11:11:23.020+0000] {dagbag.py:536} INFO - Filling up the DagBag from /home/airflow/.local/lib/python3.8/site-packages/airflow/example_dags/example_latest_only.py
[2025-03-06T11:11:23.023+0000] {processor.py:839} INFO - DAG(s) dict_keys(['latest_only']) retrieved from /home/airflow/.local/lib/python3.8/site-packages/airflow/example_dags/example_latest_only.py
[2025-03-06T11:11:23.033+0000] {logging_mixin.py:154} INFO - [2025-03-06T11:11:23.033+0000] {dag.py:2941} INFO - Sync 1 DAGs
[2025-03-06T11:11:23.044+0000] {logging_mixin.py:154} INFO - [2025-03-06T11:11:23.044+0000] {dag.py:3722} INFO - Setting next_dagrun for latest_only to 2025-03-06T07:11:23.044360+00:00, run_after=2025-03-06T11:11:23.044360+00:00
[2025-03-06T11:11:23.056+0000] {processor.py:179} INFO - Processing /home/airflow/.local/lib/python3.8/site-packages/airflow/example_dags/example_latest_only.py took 0.041 seconds
[2025-03-06T11:11:53.522+0000] {processor.py:157} INFO - Started process (PID=10444) to work on /home/airflow/.local/lib/python3.8/site-packages/airflow/example_dags/example_latest_only.py
[2025-03-06T11:11:53.522+0000] {processor.py:829} INFO - Processing file /home/airflow/.local/lib/python3.8/site-packages/airflow/example_dags/example_latest_only.py for tasks to queue
[2025-03-06T11:11:53.524+0000] {logging_mixin.py:154} INFO - [2025-03-06T11:11:53.523+0000] {dagbag.py:536} INFO - Filling up the DagBag from /home/airflow/.local/lib/python3.8/site-packages/airflow/example_dags/example_latest_only.py
[2025-03-06T11:11:53.526+0000] {processor.py:839} INFO - DAG(s) dict_keys(['latest_only']) retrieved from /home/airflow/.local/lib/python3.8/site-packages/airflow/example_dags/example_latest_only.py
[2025-03-06T11:11:53.535+0000] {logging_mixin.py:154} INFO - [2025-03-06T11:11:53.535+0000] {dag.py:2941} INFO - Sync 1 DAGs
[2025-03-06T11:11:53.545+0000] {logging_mixin.py:154} INFO - [2025-03-06T11:11:53.545+0000] {dag.py:3722} INFO - Setting next_dagrun for latest_only to 2025-03-06T07:11:53.545288+00:00, run_after=2025-03-06T11:11:53.545288+00:00
[2025-03-06T11:11:53.553+0000] {processor.py:179} INFO - Processing /home/airflow/.local/lib/python3.8/site-packages/airflow/example_dags/example_latest_only.py took 0.033 seconds
[2025-03-06T11:12:24.042+0000] {processor.py:157} INFO - Started process (PID=10500) to work on /home/airflow/.local/lib/python3.8/site-packages/airflow/example_dags/example_latest_only.py
[2025-03-06T11:12:24.043+0000] {processor.py:829} INFO - Processing file /home/airflow/.local/lib/python3.8/site-packages/airflow/example_dags/example_latest_only.py for tasks to queue
[2025-03-06T11:12:24.045+0000] {logging_mixin.py:154} INFO - [2025-03-06T11:12:24.045+0000] {dagbag.py:536} INFO - Filling up the DagBag from /home/airflow/.local/lib/python3.8/site-packages/airflow/example_dags/example_latest_only.py
[2025-03-06T11:12:24.047+0000] {processor.py:839} INFO - DAG(s) dict_keys(['latest_only']) retrieved from /home/airflow/.local/lib/python3.8/site-packages/airflow/example_dags/example_latest_only.py
[2025-03-06T11:12:24.057+0000] {logging_mixin.py:154} INFO - [2025-03-06T11:12:24.057+0000] {dag.py:2941} INFO - Sync 1 DAGs
[2025-03-06T11:12:24.067+0000] {logging_mixin.py:154} INFO - [2025-03-06T11:12:24.067+0000] {dag.py:3722} INFO - Setting next_dagrun for latest_only to 2025-03-06T07:12:24.067152+00:00, run_after=2025-03-06T11:12:24.067152+00:00
[2025-03-06T11:12:24.075+0000] {processor.py:179} INFO - Processing /home/airflow/.local/lib/python3.8/site-packages/airflow/example_dags/example_latest_only.py took 0.034 seconds
[2025-03-06T11:12:54.631+0000] {processor.py:157} INFO - Started process (PID=10556) to work on /home/airflow/.local/lib/python3.8/site-packages/airflow/example_dags/example_latest_only.py
[2025-03-06T11:12:54.631+0000] {processor.py:829} INFO - Processing file /home/airflow/.local/lib/python3.8/site-packages/airflow/example_dags/example_latest_only.py for tasks to queue
[2025-03-06T11:12:54.632+0000] {logging_mixin.py:154} INFO - [2025-03-06T11:12:54.632+0000] {dagbag.py:536} INFO - Filling up the DagBag from /home/airflow/.local/lib/python3.8/site-packages/airflow/example_dags/example_latest_only.py
[2025-03-06T11:12:54.635+0000] {processor.py:839} INFO - DAG(s) dict_keys(['latest_only']) retrieved from /home/airflow/.local/lib/python3.8/site-packages/airflow/example_dags/example_latest_only.py
[2025-03-06T11:12:54.645+0000] {logging_mixin.py:154} INFO - [2025-03-06T11:12:54.645+0000] {dag.py:2941} INFO - Sync 1 DAGs
[2025-03-06T11:12:54.653+0000] {logging_mixin.py:154} INFO - [2025-03-06T11:12:54.653+0000] {dag.py:3722} INFO - Setting next_dagrun for latest_only to 2025-03-06T07:12:54.653598+00:00, run_after=2025-03-06T11:12:54.653598+00:00
[2025-03-06T11:12:54.662+0000] {processor.py:179} INFO - Processing /home/airflow/.local/lib/python3.8/site-packages/airflow/example_dags/example_latest_only.py took 0.033 seconds
[2025-03-06T11:13:25.182+0000] {processor.py:157} INFO - Started process (PID=10612) to work on /home/airflow/.local/lib/python3.8/site-packages/airflow/example_dags/example_latest_only.py
[2025-03-06T11:13:25.182+0000] {processor.py:829} INFO - Processing file /home/airflow/.local/lib/python3.8/site-packages/airflow/example_dags/example_latest_only.py for tasks to queue
[2025-03-06T11:13:25.183+0000] {logging_mixin.py:154} INFO - [2025-03-06T11:13:25.183+0000] {dagbag.py:536} INFO - Filling up the DagBag from /home/airflow/.local/lib/python3.8/site-packages/airflow/example_dags/example_latest_only.py
[2025-03-06T11:13:25.185+0000] {processor.py:839} INFO - DAG(s) dict_keys(['latest_only']) retrieved from /home/airflow/.local/lib/python3.8/site-packages/airflow/example_dags/example_latest_only.py
[2025-03-06T11:13:25.194+0000] {logging_mixin.py:154} INFO - [2025-03-06T11:13:25.193+0000] {dag.py:2941} INFO - Sync 1 DAGs
[2025-03-06T11:13:25.201+0000] {logging_mixin.py:154} INFO - [2025-03-06T11:13:25.201+0000] {dag.py:3722} INFO - Setting next_dagrun for latest_only to 2025-03-06T07:13:25.201206+00:00, run_after=2025-03-06T11:13:25.201206+00:00
[2025-03-06T11:13:25.207+0000] {processor.py:179} INFO - Processing /home/airflow/.local/lib/python3.8/site-packages/airflow/example_dags/example_latest_only.py took 0.026 seconds
[2025-03-06T11:13:55.818+0000] {processor.py:157} INFO - Started process (PID=10668) to work on /home/airflow/.local/lib/python3.8/site-packages/airflow/example_dags/example_latest_only.py
[2025-03-06T11:13:55.819+0000] {processor.py:829} INFO - Processing file /home/airflow/.local/lib/python3.8/site-packages/airflow/example_dags/example_latest_only.py for tasks to queue
[2025-03-06T11:13:55.820+0000] {logging_mixin.py:154} INFO - [2025-03-06T11:13:55.820+0000] {dagbag.py:536} INFO - Filling up the DagBag from /home/airflow/.local/lib/python3.8/site-packages/airflow/example_dags/example_latest_only.py
[2025-03-06T11:13:55.822+0000] {processor.py:839} INFO - DAG(s) dict_keys(['latest_only']) retrieved from /home/airflow/.local/lib/python3.8/site-packages/airflow/example_dags/example_latest_only.py
[2025-03-06T11:13:55.831+0000] {logging_mixin.py:154} INFO - [2025-03-06T11:13:55.831+0000] {dag.py:2941} INFO - Sync 1 DAGs
[2025-03-06T11:13:55.840+0000] {logging_mixin.py:154} INFO - [2025-03-06T11:13:55.840+0000] {dag.py:3722} INFO - Setting next_dagrun for latest_only to 2025-03-06T07:13:55.840084+00:00, run_after=2025-03-06T11:13:55.840084+00:00
[2025-03-06T11:13:55.849+0000] {processor.py:179} INFO - Processing /home/airflow/.local/lib/python3.8/site-packages/airflow/example_dags/example_latest_only.py took 0.033 seconds
[2025-03-06T11:14:26.382+0000] {processor.py:157} INFO - Started process (PID=10724) to work on /home/airflow/.local/lib/python3.8/site-packages/airflow/example_dags/example_latest_only.py
[2025-03-06T11:14:26.383+0000] {processor.py:829} INFO - Processing file /home/airflow/.local/lib/python3.8/site-packages/airflow/example_dags/example_latest_only.py for tasks to queue
[2025-03-06T11:14:26.385+0000] {logging_mixin.py:154} INFO - [2025-03-06T11:14:26.385+0000] {dagbag.py:536} INFO - Filling up the DagBag from /home/airflow/.local/lib/python3.8/site-packages/airflow/example_dags/example_latest_only.py
[2025-03-06T11:14:26.388+0000] {processor.py:839} INFO - DAG(s) dict_keys(['latest_only']) retrieved from /home/airflow/.local/lib/python3.8/site-packages/airflow/example_dags/example_latest_only.py
[2025-03-06T11:14:26.401+0000] {logging_mixin.py:154} INFO - [2025-03-06T11:14:26.401+0000] {dag.py:2941} INFO - Sync 1 DAGs
[2025-03-06T11:14:26.412+0000] {logging_mixin.py:154} INFO - [2025-03-06T11:14:26.412+0000] {dag.py:3722} INFO - Setting next_dagrun for latest_only to 2025-03-06T07:14:26.412080+00:00, run_after=2025-03-06T11:14:26.412080+00:00
[2025-03-06T11:14:26.419+0000] {processor.py:179} INFO - Processing /home/airflow/.local/lib/python3.8/site-packages/airflow/example_dags/example_latest_only.py took 0.039 seconds
[2025-03-06T11:14:56.943+0000] {processor.py:157} INFO - Started process (PID=10780) to work on /home/airflow/.local/lib/python3.8/site-packages/airflow/example_dags/example_latest_only.py
[2025-03-06T11:14:56.944+0000] {processor.py:829} INFO - Processing file /home/airflow/.local/lib/python3.8/site-packages/airflow/example_dags/example_latest_only.py for tasks to queue
[2025-03-06T11:14:56.945+0000] {logging_mixin.py:154} INFO - [2025-03-06T11:14:56.945+0000] {dagbag.py:536} INFO - Filling up the DagBag from /home/airflow/.local/lib/python3.8/site-packages/airflow/example_dags/example_latest_only.py
[2025-03-06T11:14:56.947+0000] {processor.py:839} INFO - DAG(s) dict_keys(['latest_only']) retrieved from /home/airflow/.local/lib/python3.8/site-packages/airflow/example_dags/example_latest_only.py
[2025-03-06T11:14:56.958+0000] {logging_mixin.py:154} INFO - [2025-03-06T11:14:56.958+0000] {dag.py:2941} INFO - Sync 1 DAGs
[2025-03-06T11:14:56.966+0000] {logging_mixin.py:154} INFO - [2025-03-06T11:14:56.966+0000] {dag.py:3722} INFO - Setting next_dagrun for latest_only to 2025-03-06T07:14:56.966656+00:00, run_after=2025-03-06T11:14:56.966656+00:00
[2025-03-06T11:14:56.976+0000] {processor.py:179} INFO - Processing /home/airflow/.local/lib/python3.8/site-packages/airflow/example_dags/example_latest_only.py took 0.034 seconds
[2025-03-06T11:15:27.547+0000] {processor.py:157} INFO - Started process (PID=10836) to work on /home/airflow/.local/lib/python3.8/site-packages/airflow/example_dags/example_latest_only.py
[2025-03-06T11:15:27.547+0000] {processor.py:829} INFO - Processing file /home/airflow/.local/lib/python3.8/site-packages/airflow/example_dags/example_latest_only.py for tasks to queue
[2025-03-06T11:15:27.549+0000] {logging_mixin.py:154} INFO - [2025-03-06T11:15:27.549+0000] {dagbag.py:536} INFO - Filling up the DagBag from /home/airflow/.local/lib/python3.8/site-packages/airflow/example_dags/example_latest_only.py
[2025-03-06T11:15:27.552+0000] {processor.py:839} INFO - DAG(s) dict_keys(['latest_only']) retrieved from /home/airflow/.local/lib/python3.8/site-packages/airflow/example_dags/example_latest_only.py
[2025-03-06T11:15:27.562+0000] {logging_mixin.py:154} INFO - [2025-03-06T11:15:27.561+0000] {dag.py:2941} INFO - Sync 1 DAGs
[2025-03-06T11:15:27.574+0000] {logging_mixin.py:154} INFO - [2025-03-06T11:15:27.574+0000] {dag.py:3722} INFO - Setting next_dagrun for latest_only to 2025-03-06T07:15:27.574444+00:00, run_after=2025-03-06T11:15:27.574444+00:00
[2025-03-06T11:15:27.583+0000] {processor.py:179} INFO - Processing /home/airflow/.local/lib/python3.8/site-packages/airflow/example_dags/example_latest_only.py took 0.038 seconds
[2025-03-06T11:15:58.200+0000] {processor.py:157} INFO - Started process (PID=10892) to work on /home/airflow/.local/lib/python3.8/site-packages/airflow/example_dags/example_latest_only.py
[2025-03-06T11:15:58.200+0000] {processor.py:829} INFO - Processing file /home/airflow/.local/lib/python3.8/site-packages/airflow/example_dags/example_latest_only.py for tasks to queue
[2025-03-06T11:15:58.201+0000] {logging_mixin.py:154} INFO - [2025-03-06T11:15:58.201+0000] {dagbag.py:536} INFO - Filling up the DagBag from /home/airflow/.local/lib/python3.8/site-packages/airflow/example_dags/example_latest_only.py
[2025-03-06T11:15:58.203+0000] {processor.py:839} INFO - DAG(s) dict_keys(['latest_only']) retrieved from /home/airflow/.local/lib/python3.8/site-packages/airflow/example_dags/example_latest_only.py
[2025-03-06T11:15:58.214+0000] {logging_mixin.py:154} INFO - [2025-03-06T11:15:58.214+0000] {dag.py:2941} INFO - Sync 1 DAGs
[2025-03-06T11:15:58.223+0000] {logging_mixin.py:154} INFO - [2025-03-06T11:15:58.223+0000] {dag.py:3722} INFO - Setting next_dagrun for latest_only to 2025-03-06T07:15:58.223479+00:00, run_after=2025-03-06T11:15:58.223479+00:00
[2025-03-06T11:15:58.233+0000] {processor.py:179} INFO - Processing /home/airflow/.local/lib/python3.8/site-packages/airflow/example_dags/example_latest_only.py took 0.035 seconds
[2025-03-06T11:16:28.727+0000] {processor.py:157} INFO - Started process (PID=10948) to work on /home/airflow/.local/lib/python3.8/site-packages/airflow/example_dags/example_latest_only.py
[2025-03-06T11:16:28.728+0000] {processor.py:829} INFO - Processing file /home/airflow/.local/lib/python3.8/site-packages/airflow/example_dags/example_latest_only.py for tasks to queue
[2025-03-06T11:16:28.730+0000] {logging_mixin.py:154} INFO - [2025-03-06T11:16:28.730+0000] {dagbag.py:536} INFO - Filling up the DagBag from /home/airflow/.local/lib/python3.8/site-packages/airflow/example_dags/example_latest_only.py
[2025-03-06T11:16:28.733+0000] {processor.py:839} INFO - DAG(s) dict_keys(['latest_only']) retrieved from /home/airflow/.local/lib/python3.8/site-packages/airflow/example_dags/example_latest_only.py
[2025-03-06T11:16:28.742+0000] {logging_mixin.py:154} INFO - [2025-03-06T11:16:28.742+0000] {dag.py:2941} INFO - Sync 1 DAGs
[2025-03-06T11:16:28.751+0000] {logging_mixin.py:154} INFO - [2025-03-06T11:16:28.751+0000] {dag.py:3722} INFO - Setting next_dagrun for latest_only to 2025-03-06T07:16:28.751001+00:00, run_after=2025-03-06T11:16:28.751001+00:00
[2025-03-06T11:16:28.760+0000] {processor.py:179} INFO - Processing /home/airflow/.local/lib/python3.8/site-packages/airflow/example_dags/example_latest_only.py took 0.034 seconds
[2025-03-06T11:16:59.327+0000] {processor.py:157} INFO - Started process (PID=11004) to work on /home/airflow/.local/lib/python3.8/site-packages/airflow/example_dags/example_latest_only.py
[2025-03-06T11:16:59.327+0000] {processor.py:829} INFO - Processing file /home/airflow/.local/lib/python3.8/site-packages/airflow/example_dags/example_latest_only.py for tasks to queue
[2025-03-06T11:16:59.329+0000] {logging_mixin.py:154} INFO - [2025-03-06T11:16:59.329+0000] {dagbag.py:536} INFO - Filling up the DagBag from /home/airflow/.local/lib/python3.8/site-packages/airflow/example_dags/example_latest_only.py
[2025-03-06T11:16:59.334+0000] {processor.py:839} INFO - DAG(s) dict_keys(['latest_only']) retrieved from /home/airflow/.local/lib/python3.8/site-packages/airflow/example_dags/example_latest_only.py
[2025-03-06T11:16:59.344+0000] {logging_mixin.py:154} INFO - [2025-03-06T11:16:59.344+0000] {dag.py:2941} INFO - Sync 1 DAGs
[2025-03-06T11:16:59.353+0000] {logging_mixin.py:154} INFO - [2025-03-06T11:16:59.353+0000] {dag.py:3722} INFO - Setting next_dagrun for latest_only to 2025-03-06T07:16:59.353635+00:00, run_after=2025-03-06T11:16:59.353635+00:00
[2025-03-06T11:16:59.361+0000] {processor.py:179} INFO - Processing /home/airflow/.local/lib/python3.8/site-packages/airflow/example_dags/example_latest_only.py took 0.036 seconds
[2025-03-06T11:17:29.901+0000] {processor.py:157} INFO - Started process (PID=11060) to work on /home/airflow/.local/lib/python3.8/site-packages/airflow/example_dags/example_latest_only.py
[2025-03-06T11:17:29.902+0000] {processor.py:829} INFO - Processing file /home/airflow/.local/lib/python3.8/site-packages/airflow/example_dags/example_latest_only.py for tasks to queue
[2025-03-06T11:17:29.904+0000] {logging_mixin.py:154} INFO - [2025-03-06T11:17:29.903+0000] {dagbag.py:536} INFO - Filling up the DagBag from /home/airflow/.local/lib/python3.8/site-packages/airflow/example_dags/example_latest_only.py
[2025-03-06T11:17:29.906+0000] {processor.py:839} INFO - DAG(s) dict_keys(['latest_only']) retrieved from /home/airflow/.local/lib/python3.8/site-packages/airflow/example_dags/example_latest_only.py
[2025-03-06T11:17:29.917+0000] {logging_mixin.py:154} INFO - [2025-03-06T11:17:29.917+0000] {dag.py:2941} INFO - Sync 1 DAGs
[2025-03-06T11:17:29.925+0000] {logging_mixin.py:154} INFO - [2025-03-06T11:17:29.925+0000] {dag.py:3722} INFO - Setting next_dagrun for latest_only to 2025-03-06T07:17:29.925226+00:00, run_after=2025-03-06T11:17:29.925226+00:00
[2025-03-06T11:17:29.933+0000] {processor.py:179} INFO - Processing /home/airflow/.local/lib/python3.8/site-packages/airflow/example_dags/example_latest_only.py took 0.033 seconds
[2025-03-06T11:18:00.508+0000] {processor.py:157} INFO - Started process (PID=11116) to work on /home/airflow/.local/lib/python3.8/site-packages/airflow/example_dags/example_latest_only.py
[2025-03-06T11:18:00.509+0000] {processor.py:829} INFO - Processing file /home/airflow/.local/lib/python3.8/site-packages/airflow/example_dags/example_latest_only.py for tasks to queue
[2025-03-06T11:18:00.510+0000] {logging_mixin.py:154} INFO - [2025-03-06T11:18:00.510+0000] {dagbag.py:536} INFO - Filling up the DagBag from /home/airflow/.local/lib/python3.8/site-packages/airflow/example_dags/example_latest_only.py
[2025-03-06T11:18:00.512+0000] {processor.py:839} INFO - DAG(s) dict_keys(['latest_only']) retrieved from /home/airflow/.local/lib/python3.8/site-packages/airflow/example_dags/example_latest_only.py
[2025-03-06T11:18:00.522+0000] {logging_mixin.py:154} INFO - [2025-03-06T11:18:00.522+0000] {dag.py:2941} INFO - Sync 1 DAGs
[2025-03-06T11:18:00.531+0000] {logging_mixin.py:154} INFO - [2025-03-06T11:18:00.531+0000] {dag.py:3722} INFO - Setting next_dagrun for latest_only to 2025-03-06T07:18:00.531564+00:00, run_after=2025-03-06T11:18:00.531564+00:00
[2025-03-06T11:18:00.539+0000] {processor.py:179} INFO - Processing /home/airflow/.local/lib/python3.8/site-packages/airflow/example_dags/example_latest_only.py took 0.033 seconds
[2025-03-06T11:18:31.066+0000] {processor.py:157} INFO - Started process (PID=11172) to work on /home/airflow/.local/lib/python3.8/site-packages/airflow/example_dags/example_latest_only.py
[2025-03-06T11:18:31.067+0000] {processor.py:829} INFO - Processing file /home/airflow/.local/lib/python3.8/site-packages/airflow/example_dags/example_latest_only.py for tasks to queue
[2025-03-06T11:18:31.068+0000] {logging_mixin.py:154} INFO - [2025-03-06T11:18:31.068+0000] {dagbag.py:536} INFO - Filling up the DagBag from /home/airflow/.local/lib/python3.8/site-packages/airflow/example_dags/example_latest_only.py
[2025-03-06T11:18:31.071+0000] {processor.py:839} INFO - DAG(s) dict_keys(['latest_only']) retrieved from /home/airflow/.local/lib/python3.8/site-packages/airflow/example_dags/example_latest_only.py
[2025-03-06T11:18:31.080+0000] {logging_mixin.py:154} INFO - [2025-03-06T11:18:31.080+0000] {dag.py:2941} INFO - Sync 1 DAGs
[2025-03-06T11:18:31.089+0000] {logging_mixin.py:154} INFO - [2025-03-06T11:18:31.089+0000] {dag.py:3722} INFO - Setting next_dagrun for latest_only to 2025-03-06T07:18:31.089382+00:00, run_after=2025-03-06T11:18:31.089382+00:00
[2025-03-06T11:18:31.095+0000] {processor.py:179} INFO - Processing /home/airflow/.local/lib/python3.8/site-packages/airflow/example_dags/example_latest_only.py took 0.031 seconds
[2025-03-06T11:19:01.722+0000] {processor.py:157} INFO - Started process (PID=11228) to work on /home/airflow/.local/lib/python3.8/site-packages/airflow/example_dags/example_latest_only.py
[2025-03-06T11:19:01.723+0000] {processor.py:829} INFO - Processing file /home/airflow/.local/lib/python3.8/site-packages/airflow/example_dags/example_latest_only.py for tasks to queue
[2025-03-06T11:19:01.724+0000] {logging_mixin.py:154} INFO - [2025-03-06T11:19:01.724+0000] {dagbag.py:536} INFO - Filling up the DagBag from /home/airflow/.local/lib/python3.8/site-packages/airflow/example_dags/example_latest_only.py
[2025-03-06T11:19:01.726+0000] {processor.py:839} INFO - DAG(s) dict_keys(['latest_only']) retrieved from /home/airflow/.local/lib/python3.8/site-packages/airflow/example_dags/example_latest_only.py
[2025-03-06T11:19:01.736+0000] {logging_mixin.py:154} INFO - [2025-03-06T11:19:01.736+0000] {dag.py:2941} INFO - Sync 1 DAGs
[2025-03-06T11:19:01.745+0000] {logging_mixin.py:154} INFO - [2025-03-06T11:19:01.745+0000] {dag.py:3722} INFO - Setting next_dagrun for latest_only to 2025-03-06T07:19:01.744920+00:00, run_after=2025-03-06T11:19:01.744920+00:00
[2025-03-06T11:19:01.757+0000] {processor.py:179} INFO - Processing /home/airflow/.local/lib/python3.8/site-packages/airflow/example_dags/example_latest_only.py took 0.037 seconds
[2025-03-06T11:19:32.249+0000] {processor.py:157} INFO - Started process (PID=11284) to work on /home/airflow/.local/lib/python3.8/site-packages/airflow/example_dags/example_latest_only.py
[2025-03-06T11:19:32.252+0000] {processor.py:829} INFO - Processing file /home/airflow/.local/lib/python3.8/site-packages/airflow/example_dags/example_latest_only.py for tasks to queue
[2025-03-06T11:19:32.253+0000] {logging_mixin.py:154} INFO - [2025-03-06T11:19:32.253+0000] {dagbag.py:536} INFO - Filling up the DagBag from /home/airflow/.local/lib/python3.8/site-packages/airflow/example_dags/example_latest_only.py
[2025-03-06T11:19:32.255+0000] {processor.py:839} INFO - DAG(s) dict_keys(['latest_only']) retrieved from /home/airflow/.local/lib/python3.8/site-packages/airflow/example_dags/example_latest_only.py
[2025-03-06T11:19:32.265+0000] {logging_mixin.py:154} INFO - [2025-03-06T11:19:32.265+0000] {dag.py:2941} INFO - Sync 1 DAGs
[2025-03-06T11:19:32.273+0000] {logging_mixin.py:154} INFO - [2025-03-06T11:19:32.273+0000] {dag.py:3722} INFO - Setting next_dagrun for latest_only to 2025-03-06T07:19:32.273287+00:00, run_after=2025-03-06T11:19:32.273287+00:00
[2025-03-06T11:19:32.283+0000] {processor.py:179} INFO - Processing /home/airflow/.local/lib/python3.8/site-packages/airflow/example_dags/example_latest_only.py took 0.035 seconds
[2025-03-06T11:20:02.822+0000] {processor.py:157} INFO - Started process (PID=11347) to work on /home/airflow/.local/lib/python3.8/site-packages/airflow/example_dags/example_latest_only.py
[2025-03-06T11:20:02.824+0000] {processor.py:829} INFO - Processing file /home/airflow/.local/lib/python3.8/site-packages/airflow/example_dags/example_latest_only.py for tasks to queue
[2025-03-06T11:20:02.825+0000] {logging_mixin.py:154} INFO - [2025-03-06T11:20:02.825+0000] {dagbag.py:536} INFO - Filling up the DagBag from /home/airflow/.local/lib/python3.8/site-packages/airflow/example_dags/example_latest_only.py
[2025-03-06T11:20:02.827+0000] {processor.py:839} INFO - DAG(s) dict_keys(['latest_only']) retrieved from /home/airflow/.local/lib/python3.8/site-packages/airflow/example_dags/example_latest_only.py
[2025-03-06T11:20:02.836+0000] {logging_mixin.py:154} INFO - [2025-03-06T11:20:02.836+0000] {dag.py:2941} INFO - Sync 1 DAGs
[2025-03-06T11:20:02.845+0000] {logging_mixin.py:154} INFO - [2025-03-06T11:20:02.845+0000] {dag.py:3722} INFO - Setting next_dagrun for latest_only to 2025-03-06T07:20:02.845140+00:00, run_after=2025-03-06T11:20:02.845140+00:00
[2025-03-06T11:20:02.855+0000] {processor.py:179} INFO - Processing /home/airflow/.local/lib/python3.8/site-packages/airflow/example_dags/example_latest_only.py took 0.035 seconds
[2025-03-06T11:20:33.347+0000] {processor.py:157} INFO - Started process (PID=11403) to work on /home/airflow/.local/lib/python3.8/site-packages/airflow/example_dags/example_latest_only.py
[2025-03-06T11:20:33.347+0000] {processor.py:829} INFO - Processing file /home/airflow/.local/lib/python3.8/site-packages/airflow/example_dags/example_latest_only.py for tasks to queue
[2025-03-06T11:20:33.350+0000] {logging_mixin.py:154} INFO - [2025-03-06T11:20:33.349+0000] {dagbag.py:536} INFO - Filling up the DagBag from /home/airflow/.local/lib/python3.8/site-packages/airflow/example_dags/example_latest_only.py
[2025-03-06T11:20:33.353+0000] {processor.py:839} INFO - DAG(s) dict_keys(['latest_only']) retrieved from /home/airflow/.local/lib/python3.8/site-packages/airflow/example_dags/example_latest_only.py
[2025-03-06T11:20:33.363+0000] {logging_mixin.py:154} INFO - [2025-03-06T11:20:33.363+0000] {dag.py:2941} INFO - Sync 1 DAGs
[2025-03-06T11:20:33.371+0000] {logging_mixin.py:154} INFO - [2025-03-06T11:20:33.371+0000] {dag.py:3722} INFO - Setting next_dagrun for latest_only to 2025-03-06T07:20:33.371579+00:00, run_after=2025-03-06T11:20:33.371579+00:00
[2025-03-06T11:20:33.382+0000] {processor.py:179} INFO - Processing /home/airflow/.local/lib/python3.8/site-packages/airflow/example_dags/example_latest_only.py took 0.036 seconds
[2025-03-06T11:21:03.933+0000] {processor.py:157} INFO - Started process (PID=11459) to work on /home/airflow/.local/lib/python3.8/site-packages/airflow/example_dags/example_latest_only.py
[2025-03-06T11:21:03.934+0000] {processor.py:829} INFO - Processing file /home/airflow/.local/lib/python3.8/site-packages/airflow/example_dags/example_latest_only.py for tasks to queue
[2025-03-06T11:21:03.935+0000] {logging_mixin.py:154} INFO - [2025-03-06T11:21:03.935+0000] {dagbag.py:536} INFO - Filling up the DagBag from /home/airflow/.local/lib/python3.8/site-packages/airflow/example_dags/example_latest_only.py
[2025-03-06T11:21:03.937+0000] {processor.py:839} INFO - DAG(s) dict_keys(['latest_only']) retrieved from /home/airflow/.local/lib/python3.8/site-packages/airflow/example_dags/example_latest_only.py
[2025-03-06T11:21:03.950+0000] {logging_mixin.py:154} INFO - [2025-03-06T11:21:03.950+0000] {dag.py:2941} INFO - Sync 1 DAGs
[2025-03-06T11:21:03.959+0000] {logging_mixin.py:154} INFO - [2025-03-06T11:21:03.959+0000] {dag.py:3722} INFO - Setting next_dagrun for latest_only to 2025-03-06T07:21:03.959239+00:00, run_after=2025-03-06T11:21:03.959239+00:00
[2025-03-06T11:21:03.969+0000] {processor.py:179} INFO - Processing /home/airflow/.local/lib/python3.8/site-packages/airflow/example_dags/example_latest_only.py took 0.037 seconds
[2025-03-06T11:26:14.388+0000] {processor.py:157} INFO - Started process (PID=11508) to work on /home/airflow/.local/lib/python3.8/site-packages/airflow/example_dags/example_latest_only.py
[2025-03-06T11:26:14.388+0000] {processor.py:829} INFO - Processing file /home/airflow/.local/lib/python3.8/site-packages/airflow/example_dags/example_latest_only.py for tasks to queue
[2025-03-06T11:26:14.391+0000] {logging_mixin.py:154} INFO - [2025-03-06T11:26:14.391+0000] {dagbag.py:536} INFO - Filling up the DagBag from /home/airflow/.local/lib/python3.8/site-packages/airflow/example_dags/example_latest_only.py
[2025-03-06T11:26:14.394+0000] {processor.py:839} INFO - DAG(s) dict_keys(['latest_only']) retrieved from /home/airflow/.local/lib/python3.8/site-packages/airflow/example_dags/example_latest_only.py
[2025-03-06T11:26:14.408+0000] {logging_mixin.py:154} INFO - [2025-03-06T11:26:14.407+0000] {dag.py:2941} INFO - Sync 1 DAGs
[2025-03-06T11:26:14.425+0000] {logging_mixin.py:154} INFO - [2025-03-06T11:26:14.425+0000] {dag.py:3722} INFO - Setting next_dagrun for latest_only to 2025-03-06T07:26:14.425208+00:00, run_after=2025-03-06T11:26:14.425208+00:00
[2025-03-06T11:26:14.449+0000] {processor.py:179} INFO - Processing /home/airflow/.local/lib/python3.8/site-packages/airflow/example_dags/example_latest_only.py took 0.063 seconds
[2025-03-06T11:26:45.402+0000] {processor.py:157} INFO - Started process (PID=11564) to work on /home/airflow/.local/lib/python3.8/site-packages/airflow/example_dags/example_latest_only.py
[2025-03-06T11:26:45.403+0000] {processor.py:829} INFO - Processing file /home/airflow/.local/lib/python3.8/site-packages/airflow/example_dags/example_latest_only.py for tasks to queue
[2025-03-06T11:26:45.405+0000] {logging_mixin.py:154} INFO - [2025-03-06T11:26:45.405+0000] {dagbag.py:536} INFO - Filling up the DagBag from /home/airflow/.local/lib/python3.8/site-packages/airflow/example_dags/example_latest_only.py
[2025-03-06T11:26:45.407+0000] {processor.py:839} INFO - DAG(s) dict_keys(['latest_only']) retrieved from /home/airflow/.local/lib/python3.8/site-packages/airflow/example_dags/example_latest_only.py
[2025-03-06T11:26:45.416+0000] {logging_mixin.py:154} INFO - [2025-03-06T11:26:45.416+0000] {dag.py:2941} INFO - Sync 1 DAGs
[2025-03-06T11:26:45.425+0000] {logging_mixin.py:154} INFO - [2025-03-06T11:26:45.425+0000] {dag.py:3722} INFO - Setting next_dagrun for latest_only to 2025-03-06T07:26:45.425432+00:00, run_after=2025-03-06T11:26:45.425432+00:00
[2025-03-06T11:26:45.434+0000] {processor.py:179} INFO - Processing /home/airflow/.local/lib/python3.8/site-packages/airflow/example_dags/example_latest_only.py took 0.033 seconds
[2025-03-06T11:27:15.893+0000] {processor.py:157} INFO - Started process (PID=11620) to work on /home/airflow/.local/lib/python3.8/site-packages/airflow/example_dags/example_latest_only.py
[2025-03-06T11:27:15.895+0000] {processor.py:829} INFO - Processing file /home/airflow/.local/lib/python3.8/site-packages/airflow/example_dags/example_latest_only.py for tasks to queue
[2025-03-06T11:27:15.896+0000] {logging_mixin.py:154} INFO - [2025-03-06T11:27:15.896+0000] {dagbag.py:536} INFO - Filling up the DagBag from /home/airflow/.local/lib/python3.8/site-packages/airflow/example_dags/example_latest_only.py
[2025-03-06T11:27:15.899+0000] {processor.py:839} INFO - DAG(s) dict_keys(['latest_only']) retrieved from /home/airflow/.local/lib/python3.8/site-packages/airflow/example_dags/example_latest_only.py
[2025-03-06T11:27:15.908+0000] {logging_mixin.py:154} INFO - [2025-03-06T11:27:15.908+0000] {dag.py:2941} INFO - Sync 1 DAGs
[2025-03-06T11:27:15.919+0000] {logging_mixin.py:154} INFO - [2025-03-06T11:27:15.918+0000] {dag.py:3722} INFO - Setting next_dagrun for latest_only to 2025-03-06T07:27:15.918876+00:00, run_after=2025-03-06T11:27:15.918876+00:00
[2025-03-06T11:27:15.927+0000] {processor.py:179} INFO - Processing /home/airflow/.local/lib/python3.8/site-packages/airflow/example_dags/example_latest_only.py took 0.036 seconds
[2025-03-06T11:27:46.431+0000] {processor.py:157} INFO - Started process (PID=11676) to work on /home/airflow/.local/lib/python3.8/site-packages/airflow/example_dags/example_latest_only.py
[2025-03-06T11:27:46.432+0000] {processor.py:829} INFO - Processing file /home/airflow/.local/lib/python3.8/site-packages/airflow/example_dags/example_latest_only.py for tasks to queue
[2025-03-06T11:27:46.434+0000] {logging_mixin.py:154} INFO - [2025-03-06T11:27:46.434+0000] {dagbag.py:536} INFO - Filling up the DagBag from /home/airflow/.local/lib/python3.8/site-packages/airflow/example_dags/example_latest_only.py
[2025-03-06T11:27:46.437+0000] {processor.py:839} INFO - DAG(s) dict_keys(['latest_only']) retrieved from /home/airflow/.local/lib/python3.8/site-packages/airflow/example_dags/example_latest_only.py
[2025-03-06T11:27:46.445+0000] {logging_mixin.py:154} INFO - [2025-03-06T11:27:46.445+0000] {dag.py:2941} INFO - Sync 1 DAGs
[2025-03-06T11:27:46.454+0000] {logging_mixin.py:154} INFO - [2025-03-06T11:27:46.454+0000] {dag.py:3722} INFO - Setting next_dagrun for latest_only to 2025-03-06T07:27:46.454020+00:00, run_after=2025-03-06T11:27:46.454020+00:00
[2025-03-06T11:27:46.462+0000] {processor.py:179} INFO - Processing /home/airflow/.local/lib/python3.8/site-packages/airflow/example_dags/example_latest_only.py took 0.033 seconds
[2025-03-06T11:28:16.917+0000] {processor.py:157} INFO - Started process (PID=11732) to work on /home/airflow/.local/lib/python3.8/site-packages/airflow/example_dags/example_latest_only.py
[2025-03-06T11:28:16.917+0000] {processor.py:829} INFO - Processing file /home/airflow/.local/lib/python3.8/site-packages/airflow/example_dags/example_latest_only.py for tasks to queue
[2025-03-06T11:28:16.919+0000] {logging_mixin.py:154} INFO - [2025-03-06T11:28:16.919+0000] {dagbag.py:536} INFO - Filling up the DagBag from /home/airflow/.local/lib/python3.8/site-packages/airflow/example_dags/example_latest_only.py
[2025-03-06T11:28:16.922+0000] {processor.py:839} INFO - DAG(s) dict_keys(['latest_only']) retrieved from /home/airflow/.local/lib/python3.8/site-packages/airflow/example_dags/example_latest_only.py
[2025-03-06T11:28:16.931+0000] {logging_mixin.py:154} INFO - [2025-03-06T11:28:16.931+0000] {dag.py:2941} INFO - Sync 1 DAGs
[2025-03-06T11:28:16.942+0000] {logging_mixin.py:154} INFO - [2025-03-06T11:28:16.942+0000] {dag.py:3722} INFO - Setting next_dagrun for latest_only to 2025-03-06T07:28:16.942485+00:00, run_after=2025-03-06T11:28:16.942485+00:00
[2025-03-06T11:28:16.952+0000] {processor.py:179} INFO - Processing /home/airflow/.local/lib/python3.8/site-packages/airflow/example_dags/example_latest_only.py took 0.037 seconds
[2025-03-06T11:28:47.492+0000] {processor.py:157} INFO - Started process (PID=11788) to work on /home/airflow/.local/lib/python3.8/site-packages/airflow/example_dags/example_latest_only.py
[2025-03-06T11:28:47.493+0000] {processor.py:829} INFO - Processing file /home/airflow/.local/lib/python3.8/site-packages/airflow/example_dags/example_latest_only.py for tasks to queue
[2025-03-06T11:28:47.494+0000] {logging_mixin.py:154} INFO - [2025-03-06T11:28:47.494+0000] {dagbag.py:536} INFO - Filling up the DagBag from /home/airflow/.local/lib/python3.8/site-packages/airflow/example_dags/example_latest_only.py
[2025-03-06T11:28:47.496+0000] {processor.py:839} INFO - DAG(s) dict_keys(['latest_only']) retrieved from /home/airflow/.local/lib/python3.8/site-packages/airflow/example_dags/example_latest_only.py
[2025-03-06T11:28:47.508+0000] {logging_mixin.py:154} INFO - [2025-03-06T11:28:47.508+0000] {dag.py:2941} INFO - Sync 1 DAGs
[2025-03-06T11:28:47.516+0000] {logging_mixin.py:154} INFO - [2025-03-06T11:28:47.516+0000] {dag.py:3722} INFO - Setting next_dagrun for latest_only to 2025-03-06T07:28:47.516517+00:00, run_after=2025-03-06T11:28:47.516517+00:00
[2025-03-06T11:28:47.523+0000] {processor.py:179} INFO - Processing /home/airflow/.local/lib/python3.8/site-packages/airflow/example_dags/example_latest_only.py took 0.033 seconds
[2025-03-06T11:29:17.990+0000] {processor.py:157} INFO - Started process (PID=11844) to work on /home/airflow/.local/lib/python3.8/site-packages/airflow/example_dags/example_latest_only.py
[2025-03-06T11:29:17.990+0000] {processor.py:829} INFO - Processing file /home/airflow/.local/lib/python3.8/site-packages/airflow/example_dags/example_latest_only.py for tasks to queue
[2025-03-06T11:29:17.992+0000] {logging_mixin.py:154} INFO - [2025-03-06T11:29:17.992+0000] {dagbag.py:536} INFO - Filling up the DagBag from /home/airflow/.local/lib/python3.8/site-packages/airflow/example_dags/example_latest_only.py
[2025-03-06T11:29:17.994+0000] {processor.py:839} INFO - DAG(s) dict_keys(['latest_only']) retrieved from /home/airflow/.local/lib/python3.8/site-packages/airflow/example_dags/example_latest_only.py
[2025-03-06T11:29:18.003+0000] {logging_mixin.py:154} INFO - [2025-03-06T11:29:18.003+0000] {dag.py:2941} INFO - Sync 1 DAGs
[2025-03-06T11:29:18.012+0000] {logging_mixin.py:154} INFO - [2025-03-06T11:29:18.012+0000] {dag.py:3722} INFO - Setting next_dagrun for latest_only to 2025-03-06T07:29:18.012430+00:00, run_after=2025-03-06T11:29:18.012430+00:00
[2025-03-06T11:29:18.022+0000] {processor.py:179} INFO - Processing /home/airflow/.local/lib/python3.8/site-packages/airflow/example_dags/example_latest_only.py took 0.034 seconds
[2025-03-06T11:29:48.497+0000] {processor.py:157} INFO - Started process (PID=11900) to work on /home/airflow/.local/lib/python3.8/site-packages/airflow/example_dags/example_latest_only.py
[2025-03-06T11:29:48.498+0000] {processor.py:829} INFO - Processing file /home/airflow/.local/lib/python3.8/site-packages/airflow/example_dags/example_latest_only.py for tasks to queue
[2025-03-06T11:29:48.500+0000] {logging_mixin.py:154} INFO - [2025-03-06T11:29:48.500+0000] {dagbag.py:536} INFO - Filling up the DagBag from /home/airflow/.local/lib/python3.8/site-packages/airflow/example_dags/example_latest_only.py
[2025-03-06T11:29:48.502+0000] {processor.py:839} INFO - DAG(s) dict_keys(['latest_only']) retrieved from /home/airflow/.local/lib/python3.8/site-packages/airflow/example_dags/example_latest_only.py
[2025-03-06T11:29:48.516+0000] {logging_mixin.py:154} INFO - [2025-03-06T11:29:48.516+0000] {dag.py:2941} INFO - Sync 1 DAGs
[2025-03-06T11:29:48.528+0000] {logging_mixin.py:154} INFO - [2025-03-06T11:29:48.528+0000] {dag.py:3722} INFO - Setting next_dagrun for latest_only to 2025-03-06T07:29:48.528196+00:00, run_after=2025-03-06T11:29:48.528196+00:00
[2025-03-06T11:29:48.537+0000] {processor.py:179} INFO - Processing /home/airflow/.local/lib/python3.8/site-packages/airflow/example_dags/example_latest_only.py took 0.042 seconds
[2025-03-06T11:30:19.127+0000] {processor.py:157} INFO - Started process (PID=11956) to work on /home/airflow/.local/lib/python3.8/site-packages/airflow/example_dags/example_latest_only.py
[2025-03-06T11:30:19.127+0000] {processor.py:829} INFO - Processing file /home/airflow/.local/lib/python3.8/site-packages/airflow/example_dags/example_latest_only.py for tasks to queue
[2025-03-06T11:30:19.129+0000] {logging_mixin.py:154} INFO - [2025-03-06T11:30:19.128+0000] {dagbag.py:536} INFO - Filling up the DagBag from /home/airflow/.local/lib/python3.8/site-packages/airflow/example_dags/example_latest_only.py
[2025-03-06T11:30:19.131+0000] {processor.py:839} INFO - DAG(s) dict_keys(['latest_only']) retrieved from /home/airflow/.local/lib/python3.8/site-packages/airflow/example_dags/example_latest_only.py
[2025-03-06T11:30:19.142+0000] {logging_mixin.py:154} INFO - [2025-03-06T11:30:19.142+0000] {dag.py:2941} INFO - Sync 1 DAGs
[2025-03-06T11:30:19.153+0000] {logging_mixin.py:154} INFO - [2025-03-06T11:30:19.153+0000] {dag.py:3722} INFO - Setting next_dagrun for latest_only to 2025-03-06T07:30:19.153765+00:00, run_after=2025-03-06T11:30:19.153765+00:00
[2025-03-06T11:30:19.163+0000] {processor.py:179} INFO - Processing /home/airflow/.local/lib/python3.8/site-packages/airflow/example_dags/example_latest_only.py took 0.037 seconds
[2025-03-06T11:30:49.693+0000] {processor.py:157} INFO - Started process (PID=12012) to work on /home/airflow/.local/lib/python3.8/site-packages/airflow/example_dags/example_latest_only.py
[2025-03-06T11:30:49.694+0000] {processor.py:829} INFO - Processing file /home/airflow/.local/lib/python3.8/site-packages/airflow/example_dags/example_latest_only.py for tasks to queue
[2025-03-06T11:30:49.695+0000] {logging_mixin.py:154} INFO - [2025-03-06T11:30:49.695+0000] {dagbag.py:536} INFO - Filling up the DagBag from /home/airflow/.local/lib/python3.8/site-packages/airflow/example_dags/example_latest_only.py
[2025-03-06T11:30:49.697+0000] {processor.py:839} INFO - DAG(s) dict_keys(['latest_only']) retrieved from /home/airflow/.local/lib/python3.8/site-packages/airflow/example_dags/example_latest_only.py
[2025-03-06T11:30:49.705+0000] {logging_mixin.py:154} INFO - [2025-03-06T11:30:49.705+0000] {dag.py:2941} INFO - Sync 1 DAGs
[2025-03-06T11:30:49.717+0000] {logging_mixin.py:154} INFO - [2025-03-06T11:30:49.717+0000] {dag.py:3722} INFO - Setting next_dagrun for latest_only to 2025-03-06T07:30:49.717163+00:00, run_after=2025-03-06T11:30:49.717163+00:00
[2025-03-06T11:30:49.725+0000] {processor.py:179} INFO - Processing /home/airflow/.local/lib/python3.8/site-packages/airflow/example_dags/example_latest_only.py took 0.033 seconds
[2025-03-06T11:31:20.271+0000] {processor.py:157} INFO - Started process (PID=12068) to work on /home/airflow/.local/lib/python3.8/site-packages/airflow/example_dags/example_latest_only.py
[2025-03-06T11:31:20.271+0000] {processor.py:829} INFO - Processing file /home/airflow/.local/lib/python3.8/site-packages/airflow/example_dags/example_latest_only.py for tasks to queue
[2025-03-06T11:31:20.272+0000] {logging_mixin.py:154} INFO - [2025-03-06T11:31:20.272+0000] {dagbag.py:536} INFO - Filling up the DagBag from /home/airflow/.local/lib/python3.8/site-packages/airflow/example_dags/example_latest_only.py
[2025-03-06T11:31:20.274+0000] {processor.py:839} INFO - DAG(s) dict_keys(['latest_only']) retrieved from /home/airflow/.local/lib/python3.8/site-packages/airflow/example_dags/example_latest_only.py
[2025-03-06T11:31:20.286+0000] {logging_mixin.py:154} INFO - [2025-03-06T11:31:20.286+0000] {dag.py:2941} INFO - Sync 1 DAGs
[2025-03-06T11:31:20.296+0000] {logging_mixin.py:154} INFO - [2025-03-06T11:31:20.296+0000] {dag.py:3722} INFO - Setting next_dagrun for latest_only to 2025-03-06T07:31:20.296549+00:00, run_after=2025-03-06T11:31:20.296549+00:00
[2025-03-06T11:31:20.306+0000] {processor.py:179} INFO - Processing /home/airflow/.local/lib/python3.8/site-packages/airflow/example_dags/example_latest_only.py took 0.037 seconds
[2025-03-06T11:31:50.845+0000] {processor.py:157} INFO - Started process (PID=12124) to work on /home/airflow/.local/lib/python3.8/site-packages/airflow/example_dags/example_latest_only.py
[2025-03-06T11:31:50.846+0000] {processor.py:829} INFO - Processing file /home/airflow/.local/lib/python3.8/site-packages/airflow/example_dags/example_latest_only.py for tasks to queue
[2025-03-06T11:31:50.848+0000] {logging_mixin.py:154} INFO - [2025-03-06T11:31:50.848+0000] {dagbag.py:536} INFO - Filling up the DagBag from /home/airflow/.local/lib/python3.8/site-packages/airflow/example_dags/example_latest_only.py
[2025-03-06T11:31:50.851+0000] {processor.py:839} INFO - DAG(s) dict_keys(['latest_only']) retrieved from /home/airflow/.local/lib/python3.8/site-packages/airflow/example_dags/example_latest_only.py
[2025-03-06T11:31:50.865+0000] {logging_mixin.py:154} INFO - [2025-03-06T11:31:50.864+0000] {dag.py:2941} INFO - Sync 1 DAGs
[2025-03-06T11:31:50.873+0000] {logging_mixin.py:154} INFO - [2025-03-06T11:31:50.873+0000] {dag.py:3722} INFO - Setting next_dagrun for latest_only to 2025-03-06T07:31:50.873370+00:00, run_after=2025-03-06T11:31:50.873370+00:00
[2025-03-06T11:31:50.879+0000] {processor.py:179} INFO - Processing /home/airflow/.local/lib/python3.8/site-packages/airflow/example_dags/example_latest_only.py took 0.035 seconds
[2025-03-06T11:32:21.382+0000] {processor.py:157} INFO - Started process (PID=12180) to work on /home/airflow/.local/lib/python3.8/site-packages/airflow/example_dags/example_latest_only.py
[2025-03-06T11:32:21.382+0000] {processor.py:829} INFO - Processing file /home/airflow/.local/lib/python3.8/site-packages/airflow/example_dags/example_latest_only.py for tasks to queue
[2025-03-06T11:32:21.384+0000] {logging_mixin.py:154} INFO - [2025-03-06T11:32:21.383+0000] {dagbag.py:536} INFO - Filling up the DagBag from /home/airflow/.local/lib/python3.8/site-packages/airflow/example_dags/example_latest_only.py
[2025-03-06T11:32:21.386+0000] {processor.py:839} INFO - DAG(s) dict_keys(['latest_only']) retrieved from /home/airflow/.local/lib/python3.8/site-packages/airflow/example_dags/example_latest_only.py
[2025-03-06T11:32:21.393+0000] {logging_mixin.py:154} INFO - [2025-03-06T11:32:21.393+0000] {dag.py:2941} INFO - Sync 1 DAGs
[2025-03-06T11:32:21.403+0000] {logging_mixin.py:154} INFO - [2025-03-06T11:32:21.403+0000] {dag.py:3722} INFO - Setting next_dagrun for latest_only to 2025-03-06T07:32:21.402723+00:00, run_after=2025-03-06T11:32:21.402723+00:00
[2025-03-06T11:32:21.412+0000] {processor.py:179} INFO - Processing /home/airflow/.local/lib/python3.8/site-packages/airflow/example_dags/example_latest_only.py took 0.032 seconds
[2025-03-06T11:32:51.948+0000] {processor.py:157} INFO - Started process (PID=12236) to work on /home/airflow/.local/lib/python3.8/site-packages/airflow/example_dags/example_latest_only.py
[2025-03-06T11:32:51.951+0000] {processor.py:829} INFO - Processing file /home/airflow/.local/lib/python3.8/site-packages/airflow/example_dags/example_latest_only.py for tasks to queue
[2025-03-06T11:32:51.952+0000] {logging_mixin.py:154} INFO - [2025-03-06T11:32:51.952+0000] {dagbag.py:536} INFO - Filling up the DagBag from /home/airflow/.local/lib/python3.8/site-packages/airflow/example_dags/example_latest_only.py
[2025-03-06T11:32:51.954+0000] {processor.py:839} INFO - DAG(s) dict_keys(['latest_only']) retrieved from /home/airflow/.local/lib/python3.8/site-packages/airflow/example_dags/example_latest_only.py
[2025-03-06T11:32:51.963+0000] {logging_mixin.py:154} INFO - [2025-03-06T11:32:51.963+0000] {dag.py:2941} INFO - Sync 1 DAGs
[2025-03-06T11:32:51.972+0000] {logging_mixin.py:154} INFO - [2025-03-06T11:32:51.972+0000] {dag.py:3722} INFO - Setting next_dagrun for latest_only to 2025-03-06T07:32:51.972715+00:00, run_after=2025-03-06T11:32:51.972715+00:00
[2025-03-06T11:32:51.984+0000] {processor.py:179} INFO - Processing /home/airflow/.local/lib/python3.8/site-packages/airflow/example_dags/example_latest_only.py took 0.037 seconds
[2025-03-06T11:33:22.457+0000] {processor.py:157} INFO - Started process (PID=12292) to work on /home/airflow/.local/lib/python3.8/site-packages/airflow/example_dags/example_latest_only.py
[2025-03-06T11:33:22.458+0000] {processor.py:829} INFO - Processing file /home/airflow/.local/lib/python3.8/site-packages/airflow/example_dags/example_latest_only.py for tasks to queue
[2025-03-06T11:33:22.460+0000] {logging_mixin.py:154} INFO - [2025-03-06T11:33:22.460+0000] {dagbag.py:536} INFO - Filling up the DagBag from /home/airflow/.local/lib/python3.8/site-packages/airflow/example_dags/example_latest_only.py
[2025-03-06T11:33:22.462+0000] {processor.py:839} INFO - DAG(s) dict_keys(['latest_only']) retrieved from /home/airflow/.local/lib/python3.8/site-packages/airflow/example_dags/example_latest_only.py
[2025-03-06T11:33:22.472+0000] {logging_mixin.py:154} INFO - [2025-03-06T11:33:22.472+0000] {dag.py:2941} INFO - Sync 1 DAGs
[2025-03-06T11:33:22.480+0000] {logging_mixin.py:154} INFO - [2025-03-06T11:33:22.480+0000] {dag.py:3722} INFO - Setting next_dagrun for latest_only to 2025-03-06T07:33:22.480435+00:00, run_after=2025-03-06T11:33:22.480435+00:00
[2025-03-06T11:33:22.489+0000] {processor.py:179} INFO - Processing /home/airflow/.local/lib/python3.8/site-packages/airflow/example_dags/example_latest_only.py took 0.034 seconds
[2025-03-06T11:33:53.038+0000] {processor.py:157} INFO - Started process (PID=12348) to work on /home/airflow/.local/lib/python3.8/site-packages/airflow/example_dags/example_latest_only.py
[2025-03-06T11:33:53.038+0000] {processor.py:829} INFO - Processing file /home/airflow/.local/lib/python3.8/site-packages/airflow/example_dags/example_latest_only.py for tasks to queue
[2025-03-06T11:33:53.040+0000] {logging_mixin.py:154} INFO - [2025-03-06T11:33:53.040+0000] {dagbag.py:536} INFO - Filling up the DagBag from /home/airflow/.local/lib/python3.8/site-packages/airflow/example_dags/example_latest_only.py
[2025-03-06T11:33:53.042+0000] {processor.py:839} INFO - DAG(s) dict_keys(['latest_only']) retrieved from /home/airflow/.local/lib/python3.8/site-packages/airflow/example_dags/example_latest_only.py
[2025-03-06T11:33:53.054+0000] {logging_mixin.py:154} INFO - [2025-03-06T11:33:53.053+0000] {dag.py:2941} INFO - Sync 1 DAGs
[2025-03-06T11:33:53.065+0000] {logging_mixin.py:154} INFO - [2025-03-06T11:33:53.065+0000] {dag.py:3722} INFO - Setting next_dagrun for latest_only to 2025-03-06T07:33:53.065426+00:00, run_after=2025-03-06T11:33:53.065426+00:00
[2025-03-06T11:33:53.076+0000] {processor.py:179} INFO - Processing /home/airflow/.local/lib/python3.8/site-packages/airflow/example_dags/example_latest_only.py took 0.040 seconds
[2025-03-06T11:34:23.601+0000] {processor.py:157} INFO - Started process (PID=12404) to work on /home/airflow/.local/lib/python3.8/site-packages/airflow/example_dags/example_latest_only.py
[2025-03-06T11:34:23.601+0000] {processor.py:829} INFO - Processing file /home/airflow/.local/lib/python3.8/site-packages/airflow/example_dags/example_latest_only.py for tasks to queue
[2025-03-06T11:34:23.602+0000] {logging_mixin.py:154} INFO - [2025-03-06T11:34:23.602+0000] {dagbag.py:536} INFO - Filling up the DagBag from /home/airflow/.local/lib/python3.8/site-packages/airflow/example_dags/example_latest_only.py
[2025-03-06T11:34:23.605+0000] {processor.py:839} INFO - DAG(s) dict_keys(['latest_only']) retrieved from /home/airflow/.local/lib/python3.8/site-packages/airflow/example_dags/example_latest_only.py
[2025-03-06T11:34:23.616+0000] {logging_mixin.py:154} INFO - [2025-03-06T11:34:23.616+0000] {dag.py:2941} INFO - Sync 1 DAGs
[2025-03-06T11:34:23.627+0000] {logging_mixin.py:154} INFO - [2025-03-06T11:34:23.627+0000] {dag.py:3722} INFO - Setting next_dagrun for latest_only to 2025-03-06T07:34:23.626956+00:00, run_after=2025-03-06T11:34:23.626956+00:00
[2025-03-06T11:34:23.633+0000] {processor.py:179} INFO - Processing /home/airflow/.local/lib/python3.8/site-packages/airflow/example_dags/example_latest_only.py took 0.034 seconds
[2025-03-06T11:34:54.158+0000] {processor.py:157} INFO - Started process (PID=12459) to work on /home/airflow/.local/lib/python3.8/site-packages/airflow/example_dags/example_latest_only.py
[2025-03-06T11:34:54.159+0000] {processor.py:829} INFO - Processing file /home/airflow/.local/lib/python3.8/site-packages/airflow/example_dags/example_latest_only.py for tasks to queue
[2025-03-06T11:34:54.160+0000] {logging_mixin.py:154} INFO - [2025-03-06T11:34:54.160+0000] {dagbag.py:536} INFO - Filling up the DagBag from /home/airflow/.local/lib/python3.8/site-packages/airflow/example_dags/example_latest_only.py
[2025-03-06T11:34:54.162+0000] {processor.py:839} INFO - DAG(s) dict_keys(['latest_only']) retrieved from /home/airflow/.local/lib/python3.8/site-packages/airflow/example_dags/example_latest_only.py
[2025-03-06T11:34:54.172+0000] {logging_mixin.py:154} INFO - [2025-03-06T11:34:54.171+0000] {dag.py:2941} INFO - Sync 1 DAGs
[2025-03-06T11:34:54.181+0000] {logging_mixin.py:154} INFO - [2025-03-06T11:34:54.181+0000] {dag.py:3722} INFO - Setting next_dagrun for latest_only to 2025-03-06T07:34:54.181071+00:00, run_after=2025-03-06T11:34:54.181071+00:00
[2025-03-06T11:34:54.190+0000] {processor.py:179} INFO - Processing /home/airflow/.local/lib/python3.8/site-packages/airflow/example_dags/example_latest_only.py took 0.033 seconds
[2025-03-06T11:35:24.772+0000] {processor.py:157} INFO - Started process (PID=12515) to work on /home/airflow/.local/lib/python3.8/site-packages/airflow/example_dags/example_latest_only.py
[2025-03-06T11:35:24.772+0000] {processor.py:829} INFO - Processing file /home/airflow/.local/lib/python3.8/site-packages/airflow/example_dags/example_latest_only.py for tasks to queue
[2025-03-06T11:35:24.774+0000] {logging_mixin.py:154} INFO - [2025-03-06T11:35:24.774+0000] {dagbag.py:536} INFO - Filling up the DagBag from /home/airflow/.local/lib/python3.8/site-packages/airflow/example_dags/example_latest_only.py
[2025-03-06T11:35:24.777+0000] {processor.py:839} INFO - DAG(s) dict_keys(['latest_only']) retrieved from /home/airflow/.local/lib/python3.8/site-packages/airflow/example_dags/example_latest_only.py
[2025-03-06T11:35:24.790+0000] {logging_mixin.py:154} INFO - [2025-03-06T11:35:24.790+0000] {dag.py:2941} INFO - Sync 1 DAGs
[2025-03-06T11:35:24.799+0000] {logging_mixin.py:154} INFO - [2025-03-06T11:35:24.799+0000] {dag.py:3722} INFO - Setting next_dagrun for latest_only to 2025-03-06T07:35:24.799480+00:00, run_after=2025-03-06T11:35:24.799480+00:00
[2025-03-06T11:35:24.807+0000] {processor.py:179} INFO - Processing /home/airflow/.local/lib/python3.8/site-packages/airflow/example_dags/example_latest_only.py took 0.037 seconds
[2025-03-06T11:35:55.349+0000] {processor.py:157} INFO - Started process (PID=12571) to work on /home/airflow/.local/lib/python3.8/site-packages/airflow/example_dags/example_latest_only.py
[2025-03-06T11:35:55.350+0000] {processor.py:829} INFO - Processing file /home/airflow/.local/lib/python3.8/site-packages/airflow/example_dags/example_latest_only.py for tasks to queue
[2025-03-06T11:35:55.351+0000] {logging_mixin.py:154} INFO - [2025-03-06T11:35:55.351+0000] {dagbag.py:536} INFO - Filling up the DagBag from /home/airflow/.local/lib/python3.8/site-packages/airflow/example_dags/example_latest_only.py
[2025-03-06T11:35:55.353+0000] {processor.py:839} INFO - DAG(s) dict_keys(['latest_only']) retrieved from /home/airflow/.local/lib/python3.8/site-packages/airflow/example_dags/example_latest_only.py
[2025-03-06T11:35:55.361+0000] {logging_mixin.py:154} INFO - [2025-03-06T11:35:55.361+0000] {dag.py:2941} INFO - Sync 1 DAGs
[2025-03-06T11:35:55.369+0000] {logging_mixin.py:154} INFO - [2025-03-06T11:35:55.369+0000] {dag.py:3722} INFO - Setting next_dagrun for latest_only to 2025-03-06T07:35:55.369675+00:00, run_after=2025-03-06T11:35:55.369675+00:00
[2025-03-06T11:35:55.378+0000] {processor.py:179} INFO - Processing /home/airflow/.local/lib/python3.8/site-packages/airflow/example_dags/example_latest_only.py took 0.031 seconds
[2025-03-06T11:36:25.940+0000] {processor.py:157} INFO - Started process (PID=12627) to work on /home/airflow/.local/lib/python3.8/site-packages/airflow/example_dags/example_latest_only.py
[2025-03-06T11:36:25.941+0000] {processor.py:829} INFO - Processing file /home/airflow/.local/lib/python3.8/site-packages/airflow/example_dags/example_latest_only.py for tasks to queue
[2025-03-06T11:36:25.942+0000] {logging_mixin.py:154} INFO - [2025-03-06T11:36:25.942+0000] {dagbag.py:536} INFO - Filling up the DagBag from /home/airflow/.local/lib/python3.8/site-packages/airflow/example_dags/example_latest_only.py
[2025-03-06T11:36:25.944+0000] {processor.py:839} INFO - DAG(s) dict_keys(['latest_only']) retrieved from /home/airflow/.local/lib/python3.8/site-packages/airflow/example_dags/example_latest_only.py
[2025-03-06T11:36:25.954+0000] {logging_mixin.py:154} INFO - [2025-03-06T11:36:25.954+0000] {dag.py:2941} INFO - Sync 1 DAGs
[2025-03-06T11:36:25.963+0000] {logging_mixin.py:154} INFO - [2025-03-06T11:36:25.963+0000] {dag.py:3722} INFO - Setting next_dagrun for latest_only to 2025-03-06T07:36:25.963467+00:00, run_after=2025-03-06T11:36:25.963467+00:00
[2025-03-06T11:36:25.970+0000] {processor.py:179} INFO - Processing /home/airflow/.local/lib/python3.8/site-packages/airflow/example_dags/example_latest_only.py took 0.031 seconds
[2025-03-06T11:36:56.505+0000] {processor.py:157} INFO - Started process (PID=12683) to work on /home/airflow/.local/lib/python3.8/site-packages/airflow/example_dags/example_latest_only.py
[2025-03-06T11:36:56.505+0000] {processor.py:829} INFO - Processing file /home/airflow/.local/lib/python3.8/site-packages/airflow/example_dags/example_latest_only.py for tasks to queue
[2025-03-06T11:36:56.507+0000] {logging_mixin.py:154} INFO - [2025-03-06T11:36:56.507+0000] {dagbag.py:536} INFO - Filling up the DagBag from /home/airflow/.local/lib/python3.8/site-packages/airflow/example_dags/example_latest_only.py
[2025-03-06T11:36:56.510+0000] {processor.py:839} INFO - DAG(s) dict_keys(['latest_only']) retrieved from /home/airflow/.local/lib/python3.8/site-packages/airflow/example_dags/example_latest_only.py
[2025-03-06T11:36:56.520+0000] {logging_mixin.py:154} INFO - [2025-03-06T11:36:56.520+0000] {dag.py:2941} INFO - Sync 1 DAGs
[2025-03-06T11:36:56.533+0000] {logging_mixin.py:154} INFO - [2025-03-06T11:36:56.532+0000] {dag.py:3722} INFO - Setting next_dagrun for latest_only to 2025-03-06T07:36:56.532803+00:00, run_after=2025-03-06T11:36:56.532803+00:00
[2025-03-06T11:36:56.546+0000] {processor.py:179} INFO - Processing /home/airflow/.local/lib/python3.8/site-packages/airflow/example_dags/example_latest_only.py took 0.042 seconds
[2025-03-06T11:37:27.043+0000] {processor.py:157} INFO - Started process (PID=12739) to work on /home/airflow/.local/lib/python3.8/site-packages/airflow/example_dags/example_latest_only.py
[2025-03-06T11:37:27.044+0000] {processor.py:829} INFO - Processing file /home/airflow/.local/lib/python3.8/site-packages/airflow/example_dags/example_latest_only.py for tasks to queue
[2025-03-06T11:37:27.046+0000] {logging_mixin.py:154} INFO - [2025-03-06T11:37:27.045+0000] {dagbag.py:536} INFO - Filling up the DagBag from /home/airflow/.local/lib/python3.8/site-packages/airflow/example_dags/example_latest_only.py
[2025-03-06T11:37:27.048+0000] {processor.py:839} INFO - DAG(s) dict_keys(['latest_only']) retrieved from /home/airflow/.local/lib/python3.8/site-packages/airflow/example_dags/example_latest_only.py
[2025-03-06T11:37:27.057+0000] {logging_mixin.py:154} INFO - [2025-03-06T11:37:27.057+0000] {dag.py:2941} INFO - Sync 1 DAGs
[2025-03-06T11:37:27.066+0000] {logging_mixin.py:154} INFO - [2025-03-06T11:37:27.066+0000] {dag.py:3722} INFO - Setting next_dagrun for latest_only to 2025-03-06T07:37:27.066838+00:00, run_after=2025-03-06T11:37:27.066838+00:00
[2025-03-06T11:37:27.073+0000] {processor.py:179} INFO - Processing /home/airflow/.local/lib/python3.8/site-packages/airflow/example_dags/example_latest_only.py took 0.032 seconds
[2025-03-06T11:37:57.571+0000] {processor.py:157} INFO - Started process (PID=12795) to work on /home/airflow/.local/lib/python3.8/site-packages/airflow/example_dags/example_latest_only.py
[2025-03-06T11:37:57.571+0000] {processor.py:829} INFO - Processing file /home/airflow/.local/lib/python3.8/site-packages/airflow/example_dags/example_latest_only.py for tasks to queue
[2025-03-06T11:37:57.572+0000] {logging_mixin.py:154} INFO - [2025-03-06T11:37:57.572+0000] {dagbag.py:536} INFO - Filling up the DagBag from /home/airflow/.local/lib/python3.8/site-packages/airflow/example_dags/example_latest_only.py
[2025-03-06T11:37:57.574+0000] {processor.py:839} INFO - DAG(s) dict_keys(['latest_only']) retrieved from /home/airflow/.local/lib/python3.8/site-packages/airflow/example_dags/example_latest_only.py
[2025-03-06T11:37:57.586+0000] {logging_mixin.py:154} INFO - [2025-03-06T11:37:57.586+0000] {dag.py:2941} INFO - Sync 1 DAGs
[2025-03-06T11:37:57.594+0000] {logging_mixin.py:154} INFO - [2025-03-06T11:37:57.593+0000] {dag.py:3722} INFO - Setting next_dagrun for latest_only to 2025-03-06T07:37:57.593867+00:00, run_after=2025-03-06T11:37:57.593867+00:00
[2025-03-06T11:37:57.602+0000] {processor.py:179} INFO - Processing /home/airflow/.local/lib/python3.8/site-packages/airflow/example_dags/example_latest_only.py took 0.033 seconds
[2025-03-06T11:38:28.120+0000] {processor.py:157} INFO - Started process (PID=12850) to work on /home/airflow/.local/lib/python3.8/site-packages/airflow/example_dags/example_latest_only.py
[2025-03-06T11:38:28.121+0000] {processor.py:829} INFO - Processing file /home/airflow/.local/lib/python3.8/site-packages/airflow/example_dags/example_latest_only.py for tasks to queue
[2025-03-06T11:38:28.122+0000] {logging_mixin.py:154} INFO - [2025-03-06T11:38:28.122+0000] {dagbag.py:536} INFO - Filling up the DagBag from /home/airflow/.local/lib/python3.8/site-packages/airflow/example_dags/example_latest_only.py
[2025-03-06T11:38:28.124+0000] {processor.py:839} INFO - DAG(s) dict_keys(['latest_only']) retrieved from /home/airflow/.local/lib/python3.8/site-packages/airflow/example_dags/example_latest_only.py
[2025-03-06T11:38:28.132+0000] {logging_mixin.py:154} INFO - [2025-03-06T11:38:28.132+0000] {dag.py:2941} INFO - Sync 1 DAGs
[2025-03-06T11:38:28.141+0000] {logging_mixin.py:154} INFO - [2025-03-06T11:38:28.141+0000] {dag.py:3722} INFO - Setting next_dagrun for latest_only to 2025-03-06T07:38:28.141185+00:00, run_after=2025-03-06T11:38:28.141185+00:00
[2025-03-06T11:38:28.148+0000] {processor.py:179} INFO - Processing /home/airflow/.local/lib/python3.8/site-packages/airflow/example_dags/example_latest_only.py took 0.029 seconds
[2025-03-06T11:38:58.702+0000] {processor.py:157} INFO - Started process (PID=12906) to work on /home/airflow/.local/lib/python3.8/site-packages/airflow/example_dags/example_latest_only.py
[2025-03-06T11:38:58.703+0000] {processor.py:829} INFO - Processing file /home/airflow/.local/lib/python3.8/site-packages/airflow/example_dags/example_latest_only.py for tasks to queue
[2025-03-06T11:38:58.704+0000] {logging_mixin.py:154} INFO - [2025-03-06T11:38:58.704+0000] {dagbag.py:536} INFO - Filling up the DagBag from /home/airflow/.local/lib/python3.8/site-packages/airflow/example_dags/example_latest_only.py
[2025-03-06T11:38:58.707+0000] {processor.py:839} INFO - DAG(s) dict_keys(['latest_only']) retrieved from /home/airflow/.local/lib/python3.8/site-packages/airflow/example_dags/example_latest_only.py
[2025-03-06T11:38:58.718+0000] {logging_mixin.py:154} INFO - [2025-03-06T11:38:58.718+0000] {dag.py:2941} INFO - Sync 1 DAGs
[2025-03-06T11:38:58.728+0000] {logging_mixin.py:154} INFO - [2025-03-06T11:38:58.728+0000] {dag.py:3722} INFO - Setting next_dagrun for latest_only to 2025-03-06T07:38:58.728067+00:00, run_after=2025-03-06T11:38:58.728067+00:00
[2025-03-06T11:38:58.736+0000] {processor.py:179} INFO - Processing /home/airflow/.local/lib/python3.8/site-packages/airflow/example_dags/example_latest_only.py took 0.037 seconds
[2025-03-06T11:39:29.369+0000] {processor.py:157} INFO - Started process (PID=12962) to work on /home/airflow/.local/lib/python3.8/site-packages/airflow/example_dags/example_latest_only.py
[2025-03-06T11:39:29.369+0000] {processor.py:829} INFO - Processing file /home/airflow/.local/lib/python3.8/site-packages/airflow/example_dags/example_latest_only.py for tasks to queue
[2025-03-06T11:39:29.371+0000] {logging_mixin.py:154} INFO - [2025-03-06T11:39:29.371+0000] {dagbag.py:536} INFO - Filling up the DagBag from /home/airflow/.local/lib/python3.8/site-packages/airflow/example_dags/example_latest_only.py
[2025-03-06T11:39:29.373+0000] {processor.py:839} INFO - DAG(s) dict_keys(['latest_only']) retrieved from /home/airflow/.local/lib/python3.8/site-packages/airflow/example_dags/example_latest_only.py
[2025-03-06T11:39:29.383+0000] {logging_mixin.py:154} INFO - [2025-03-06T11:39:29.383+0000] {dag.py:2941} INFO - Sync 1 DAGs
[2025-03-06T11:39:29.392+0000] {logging_mixin.py:154} INFO - [2025-03-06T11:39:29.392+0000] {dag.py:3722} INFO - Setting next_dagrun for latest_only to 2025-03-06T07:39:29.392528+00:00, run_after=2025-03-06T11:39:29.392528+00:00
[2025-03-06T11:39:29.404+0000] {processor.py:179} INFO - Processing /home/airflow/.local/lib/python3.8/site-packages/airflow/example_dags/example_latest_only.py took 0.036 seconds
[2025-03-06T11:39:59.991+0000] {processor.py:157} INFO - Started process (PID=13018) to work on /home/airflow/.local/lib/python3.8/site-packages/airflow/example_dags/example_latest_only.py
[2025-03-06T11:39:59.992+0000] {processor.py:829} INFO - Processing file /home/airflow/.local/lib/python3.8/site-packages/airflow/example_dags/example_latest_only.py for tasks to queue
[2025-03-06T11:39:59.994+0000] {logging_mixin.py:154} INFO - [2025-03-06T11:39:59.994+0000] {dagbag.py:536} INFO - Filling up the DagBag from /home/airflow/.local/lib/python3.8/site-packages/airflow/example_dags/example_latest_only.py
[2025-03-06T11:39:59.998+0000] {processor.py:839} INFO - DAG(s) dict_keys(['latest_only']) retrieved from /home/airflow/.local/lib/python3.8/site-packages/airflow/example_dags/example_latest_only.py
[2025-03-06T11:40:00.010+0000] {logging_mixin.py:154} INFO - [2025-03-06T11:40:00.010+0000] {dag.py:2941} INFO - Sync 1 DAGs
[2025-03-06T11:40:00.019+0000] {logging_mixin.py:154} INFO - [2025-03-06T11:40:00.019+0000] {dag.py:3722} INFO - Setting next_dagrun for latest_only to 2025-03-06T07:40:00.019258+00:00, run_after=2025-03-06T11:40:00.019258+00:00
[2025-03-06T11:40:00.029+0000] {processor.py:179} INFO - Processing /home/airflow/.local/lib/python3.8/site-packages/airflow/example_dags/example_latest_only.py took 0.039 seconds
[2025-03-06T11:40:30.623+0000] {processor.py:157} INFO - Started process (PID=13074) to work on /home/airflow/.local/lib/python3.8/site-packages/airflow/example_dags/example_latest_only.py
[2025-03-06T11:40:30.623+0000] {processor.py:829} INFO - Processing file /home/airflow/.local/lib/python3.8/site-packages/airflow/example_dags/example_latest_only.py for tasks to queue
[2025-03-06T11:40:30.625+0000] {logging_mixin.py:154} INFO - [2025-03-06T11:40:30.625+0000] {dagbag.py:536} INFO - Filling up the DagBag from /home/airflow/.local/lib/python3.8/site-packages/airflow/example_dags/example_latest_only.py
[2025-03-06T11:40:30.628+0000] {processor.py:839} INFO - DAG(s) dict_keys(['latest_only']) retrieved from /home/airflow/.local/lib/python3.8/site-packages/airflow/example_dags/example_latest_only.py
[2025-03-06T11:40:30.639+0000] {logging_mixin.py:154} INFO - [2025-03-06T11:40:30.639+0000] {dag.py:2941} INFO - Sync 1 DAGs
[2025-03-06T11:40:30.647+0000] {logging_mixin.py:154} INFO - [2025-03-06T11:40:30.647+0000] {dag.py:3722} INFO - Setting next_dagrun for latest_only to 2025-03-06T07:40:30.647386+00:00, run_after=2025-03-06T11:40:30.647386+00:00
[2025-03-06T11:40:30.656+0000] {processor.py:179} INFO - Processing /home/airflow/.local/lib/python3.8/site-packages/airflow/example_dags/example_latest_only.py took 0.035 seconds
[2025-03-06T11:41:01.258+0000] {processor.py:157} INFO - Started process (PID=13130) to work on /home/airflow/.local/lib/python3.8/site-packages/airflow/example_dags/example_latest_only.py
[2025-03-06T11:41:01.258+0000] {processor.py:829} INFO - Processing file /home/airflow/.local/lib/python3.8/site-packages/airflow/example_dags/example_latest_only.py for tasks to queue
[2025-03-06T11:41:01.261+0000] {logging_mixin.py:154} INFO - [2025-03-06T11:41:01.261+0000] {dagbag.py:536} INFO - Filling up the DagBag from /home/airflow/.local/lib/python3.8/site-packages/airflow/example_dags/example_latest_only.py
[2025-03-06T11:41:01.263+0000] {processor.py:839} INFO - DAG(s) dict_keys(['latest_only']) retrieved from /home/airflow/.local/lib/python3.8/site-packages/airflow/example_dags/example_latest_only.py
[2025-03-06T11:41:01.276+0000] {logging_mixin.py:154} INFO - [2025-03-06T11:41:01.275+0000] {dag.py:2941} INFO - Sync 1 DAGs
[2025-03-06T11:41:01.285+0000] {logging_mixin.py:154} INFO - [2025-03-06T11:41:01.285+0000] {dag.py:3722} INFO - Setting next_dagrun for latest_only to 2025-03-06T07:41:01.284928+00:00, run_after=2025-03-06T11:41:01.284928+00:00
[2025-03-06T11:41:01.298+0000] {processor.py:179} INFO - Processing /home/airflow/.local/lib/python3.8/site-packages/airflow/example_dags/example_latest_only.py took 0.042 seconds
[2025-03-06T11:41:31.905+0000] {processor.py:157} INFO - Started process (PID=13186) to work on /home/airflow/.local/lib/python3.8/site-packages/airflow/example_dags/example_latest_only.py
[2025-03-06T11:41:31.906+0000] {processor.py:829} INFO - Processing file /home/airflow/.local/lib/python3.8/site-packages/airflow/example_dags/example_latest_only.py for tasks to queue
[2025-03-06T11:41:31.908+0000] {logging_mixin.py:154} INFO - [2025-03-06T11:41:31.908+0000] {dagbag.py:536} INFO - Filling up the DagBag from /home/airflow/.local/lib/python3.8/site-packages/airflow/example_dags/example_latest_only.py
[2025-03-06T11:41:31.912+0000] {processor.py:839} INFO - DAG(s) dict_keys(['latest_only']) retrieved from /home/airflow/.local/lib/python3.8/site-packages/airflow/example_dags/example_latest_only.py
[2025-03-06T11:41:31.922+0000] {logging_mixin.py:154} INFO - [2025-03-06T11:41:31.921+0000] {dag.py:2941} INFO - Sync 1 DAGs
[2025-03-06T11:41:31.931+0000] {logging_mixin.py:154} INFO - [2025-03-06T11:41:31.930+0000] {dag.py:3722} INFO - Setting next_dagrun for latest_only to 2025-03-06T07:41:31.930849+00:00, run_after=2025-03-06T11:41:31.930849+00:00
[2025-03-06T11:41:31.940+0000] {processor.py:179} INFO - Processing /home/airflow/.local/lib/python3.8/site-packages/airflow/example_dags/example_latest_only.py took 0.036 seconds
[2025-03-06T11:42:02.393+0000] {processor.py:157} INFO - Started process (PID=13242) to work on /home/airflow/.local/lib/python3.8/site-packages/airflow/example_dags/example_latest_only.py
[2025-03-06T11:42:02.394+0000] {processor.py:829} INFO - Processing file /home/airflow/.local/lib/python3.8/site-packages/airflow/example_dags/example_latest_only.py for tasks to queue
[2025-03-06T11:42:02.395+0000] {logging_mixin.py:154} INFO - [2025-03-06T11:42:02.395+0000] {dagbag.py:536} INFO - Filling up the DagBag from /home/airflow/.local/lib/python3.8/site-packages/airflow/example_dags/example_latest_only.py
[2025-03-06T11:42:02.397+0000] {processor.py:839} INFO - DAG(s) dict_keys(['latest_only']) retrieved from /home/airflow/.local/lib/python3.8/site-packages/airflow/example_dags/example_latest_only.py
[2025-03-06T11:42:02.406+0000] {logging_mixin.py:154} INFO - [2025-03-06T11:42:02.406+0000] {dag.py:2941} INFO - Sync 1 DAGs
[2025-03-06T11:42:02.415+0000] {logging_mixin.py:154} INFO - [2025-03-06T11:42:02.415+0000] {dag.py:3722} INFO - Setting next_dagrun for latest_only to 2025-03-06T07:42:02.415700+00:00, run_after=2025-03-06T11:42:02.415700+00:00
[2025-03-06T11:42:02.426+0000] {processor.py:179} INFO - Processing /home/airflow/.local/lib/python3.8/site-packages/airflow/example_dags/example_latest_only.py took 0.035 seconds
[2025-03-06T11:42:33.031+0000] {processor.py:157} INFO - Started process (PID=13298) to work on /home/airflow/.local/lib/python3.8/site-packages/airflow/example_dags/example_latest_only.py
[2025-03-06T11:42:33.033+0000] {processor.py:829} INFO - Processing file /home/airflow/.local/lib/python3.8/site-packages/airflow/example_dags/example_latest_only.py for tasks to queue
[2025-03-06T11:42:33.034+0000] {logging_mixin.py:154} INFO - [2025-03-06T11:42:33.034+0000] {dagbag.py:536} INFO - Filling up the DagBag from /home/airflow/.local/lib/python3.8/site-packages/airflow/example_dags/example_latest_only.py
[2025-03-06T11:42:33.036+0000] {processor.py:839} INFO - DAG(s) dict_keys(['latest_only']) retrieved from /home/airflow/.local/lib/python3.8/site-packages/airflow/example_dags/example_latest_only.py
[2025-03-06T11:42:33.047+0000] {logging_mixin.py:154} INFO - [2025-03-06T11:42:33.046+0000] {dag.py:2941} INFO - Sync 1 DAGs
[2025-03-06T11:42:33.055+0000] {logging_mixin.py:154} INFO - [2025-03-06T11:42:33.055+0000] {dag.py:3722} INFO - Setting next_dagrun for latest_only to 2025-03-06T07:42:33.055734+00:00, run_after=2025-03-06T11:42:33.055734+00:00
[2025-03-06T11:42:33.064+0000] {processor.py:179} INFO - Processing /home/airflow/.local/lib/python3.8/site-packages/airflow/example_dags/example_latest_only.py took 0.035 seconds
[2025-03-06T11:43:03.512+0000] {processor.py:157} INFO - Started process (PID=13354) to work on /home/airflow/.local/lib/python3.8/site-packages/airflow/example_dags/example_latest_only.py
[2025-03-06T11:43:03.512+0000] {processor.py:829} INFO - Processing file /home/airflow/.local/lib/python3.8/site-packages/airflow/example_dags/example_latest_only.py for tasks to queue
[2025-03-06T11:43:03.514+0000] {logging_mixin.py:154} INFO - [2025-03-06T11:43:03.514+0000] {dagbag.py:536} INFO - Filling up the DagBag from /home/airflow/.local/lib/python3.8/site-packages/airflow/example_dags/example_latest_only.py
[2025-03-06T11:43:03.517+0000] {processor.py:839} INFO - DAG(s) dict_keys(['latest_only']) retrieved from /home/airflow/.local/lib/python3.8/site-packages/airflow/example_dags/example_latest_only.py
[2025-03-06T11:43:03.529+0000] {logging_mixin.py:154} INFO - [2025-03-06T11:43:03.528+0000] {dag.py:2941} INFO - Sync 1 DAGs
[2025-03-06T11:43:03.537+0000] {logging_mixin.py:154} INFO - [2025-03-06T11:43:03.537+0000] {dag.py:3722} INFO - Setting next_dagrun for latest_only to 2025-03-06T07:43:03.537104+00:00, run_after=2025-03-06T11:43:03.537104+00:00
[2025-03-06T11:43:03.543+0000] {processor.py:179} INFO - Processing /home/airflow/.local/lib/python3.8/site-packages/airflow/example_dags/example_latest_only.py took 0.033 seconds
[2025-03-06T11:43:34.123+0000] {processor.py:157} INFO - Started process (PID=13410) to work on /home/airflow/.local/lib/python3.8/site-packages/airflow/example_dags/example_latest_only.py
[2025-03-06T11:43:34.123+0000] {processor.py:829} INFO - Processing file /home/airflow/.local/lib/python3.8/site-packages/airflow/example_dags/example_latest_only.py for tasks to queue
[2025-03-06T11:43:34.125+0000] {logging_mixin.py:154} INFO - [2025-03-06T11:43:34.125+0000] {dagbag.py:536} INFO - Filling up the DagBag from /home/airflow/.local/lib/python3.8/site-packages/airflow/example_dags/example_latest_only.py
[2025-03-06T11:43:34.128+0000] {processor.py:839} INFO - DAG(s) dict_keys(['latest_only']) retrieved from /home/airflow/.local/lib/python3.8/site-packages/airflow/example_dags/example_latest_only.py
[2025-03-06T11:43:34.138+0000] {logging_mixin.py:154} INFO - [2025-03-06T11:43:34.138+0000] {dag.py:2941} INFO - Sync 1 DAGs
[2025-03-06T11:43:34.147+0000] {logging_mixin.py:154} INFO - [2025-03-06T11:43:34.147+0000] {dag.py:3722} INFO - Setting next_dagrun for latest_only to 2025-03-06T07:43:34.147383+00:00, run_after=2025-03-06T11:43:34.147383+00:00
[2025-03-06T11:43:34.155+0000] {processor.py:179} INFO - Processing /home/airflow/.local/lib/python3.8/site-packages/airflow/example_dags/example_latest_only.py took 0.034 seconds
[2025-03-06T11:44:04.630+0000] {processor.py:157} INFO - Started process (PID=13466) to work on /home/airflow/.local/lib/python3.8/site-packages/airflow/example_dags/example_latest_only.py
[2025-03-06T11:44:04.631+0000] {processor.py:829} INFO - Processing file /home/airflow/.local/lib/python3.8/site-packages/airflow/example_dags/example_latest_only.py for tasks to queue
[2025-03-06T11:44:04.632+0000] {logging_mixin.py:154} INFO - [2025-03-06T11:44:04.632+0000] {dagbag.py:536} INFO - Filling up the DagBag from /home/airflow/.local/lib/python3.8/site-packages/airflow/example_dags/example_latest_only.py
[2025-03-06T11:44:04.634+0000] {processor.py:839} INFO - DAG(s) dict_keys(['latest_only']) retrieved from /home/airflow/.local/lib/python3.8/site-packages/airflow/example_dags/example_latest_only.py
[2025-03-06T11:44:04.643+0000] {logging_mixin.py:154} INFO - [2025-03-06T11:44:04.642+0000] {dag.py:2941} INFO - Sync 1 DAGs
[2025-03-06T11:44:04.650+0000] {logging_mixin.py:154} INFO - [2025-03-06T11:44:04.650+0000] {dag.py:3722} INFO - Setting next_dagrun for latest_only to 2025-03-06T07:44:04.650763+00:00, run_after=2025-03-06T11:44:04.650763+00:00
[2025-03-06T11:44:04.659+0000] {processor.py:179} INFO - Processing /home/airflow/.local/lib/python3.8/site-packages/airflow/example_dags/example_latest_only.py took 0.030 seconds
[2025-03-06T11:44:35.182+0000] {processor.py:157} INFO - Started process (PID=13522) to work on /home/airflow/.local/lib/python3.8/site-packages/airflow/example_dags/example_latest_only.py
[2025-03-06T11:44:35.183+0000] {processor.py:829} INFO - Processing file /home/airflow/.local/lib/python3.8/site-packages/airflow/example_dags/example_latest_only.py for tasks to queue
[2025-03-06T11:44:35.184+0000] {logging_mixin.py:154} INFO - [2025-03-06T11:44:35.184+0000] {dagbag.py:536} INFO - Filling up the DagBag from /home/airflow/.local/lib/python3.8/site-packages/airflow/example_dags/example_latest_only.py
[2025-03-06T11:44:35.186+0000] {processor.py:839} INFO - DAG(s) dict_keys(['latest_only']) retrieved from /home/airflow/.local/lib/python3.8/site-packages/airflow/example_dags/example_latest_only.py
[2025-03-06T11:44:35.196+0000] {logging_mixin.py:154} INFO - [2025-03-06T11:44:35.195+0000] {dag.py:2941} INFO - Sync 1 DAGs
[2025-03-06T11:44:35.205+0000] {logging_mixin.py:154} INFO - [2025-03-06T11:44:35.205+0000] {dag.py:3722} INFO - Setting next_dagrun for latest_only to 2025-03-06T07:44:35.205366+00:00, run_after=2025-03-06T11:44:35.205366+00:00
[2025-03-06T11:44:35.215+0000] {processor.py:179} INFO - Processing /home/airflow/.local/lib/python3.8/site-packages/airflow/example_dags/example_latest_only.py took 0.033 seconds
[2025-03-06T11:45:05.750+0000] {processor.py:157} INFO - Started process (PID=13578) to work on /home/airflow/.local/lib/python3.8/site-packages/airflow/example_dags/example_latest_only.py
[2025-03-06T11:45:05.750+0000] {processor.py:829} INFO - Processing file /home/airflow/.local/lib/python3.8/site-packages/airflow/example_dags/example_latest_only.py for tasks to queue
[2025-03-06T11:45:05.752+0000] {logging_mixin.py:154} INFO - [2025-03-06T11:45:05.751+0000] {dagbag.py:536} INFO - Filling up the DagBag from /home/airflow/.local/lib/python3.8/site-packages/airflow/example_dags/example_latest_only.py
[2025-03-06T11:45:05.754+0000] {processor.py:839} INFO - DAG(s) dict_keys(['latest_only']) retrieved from /home/airflow/.local/lib/python3.8/site-packages/airflow/example_dags/example_latest_only.py
[2025-03-06T11:45:05.764+0000] {logging_mixin.py:154} INFO - [2025-03-06T11:45:05.764+0000] {dag.py:2941} INFO - Sync 1 DAGs
[2025-03-06T11:45:05.774+0000] {logging_mixin.py:154} INFO - [2025-03-06T11:45:05.774+0000] {dag.py:3722} INFO - Setting next_dagrun for latest_only to 2025-03-06T07:45:05.774185+00:00, run_after=2025-03-06T11:45:05.774185+00:00
[2025-03-06T11:45:05.784+0000] {processor.py:179} INFO - Processing /home/airflow/.local/lib/python3.8/site-packages/airflow/example_dags/example_latest_only.py took 0.036 seconds
[2025-03-06T11:45:36.263+0000] {processor.py:157} INFO - Started process (PID=13634) to work on /home/airflow/.local/lib/python3.8/site-packages/airflow/example_dags/example_latest_only.py
[2025-03-06T11:45:36.265+0000] {processor.py:829} INFO - Processing file /home/airflow/.local/lib/python3.8/site-packages/airflow/example_dags/example_latest_only.py for tasks to queue
[2025-03-06T11:45:36.267+0000] {logging_mixin.py:154} INFO - [2025-03-06T11:45:36.267+0000] {dagbag.py:536} INFO - Filling up the DagBag from /home/airflow/.local/lib/python3.8/site-packages/airflow/example_dags/example_latest_only.py
[2025-03-06T11:45:36.271+0000] {processor.py:839} INFO - DAG(s) dict_keys(['latest_only']) retrieved from /home/airflow/.local/lib/python3.8/site-packages/airflow/example_dags/example_latest_only.py
[2025-03-06T11:45:36.281+0000] {logging_mixin.py:154} INFO - [2025-03-06T11:45:36.281+0000] {dag.py:2941} INFO - Sync 1 DAGs
[2025-03-06T11:45:36.289+0000] {logging_mixin.py:154} INFO - [2025-03-06T11:45:36.289+0000] {dag.py:3722} INFO - Setting next_dagrun for latest_only to 2025-03-06T07:45:36.289407+00:00, run_after=2025-03-06T11:45:36.289407+00:00
[2025-03-06T11:45:36.296+0000] {processor.py:179} INFO - Processing /home/airflow/.local/lib/python3.8/site-packages/airflow/example_dags/example_latest_only.py took 0.034 seconds
[2025-03-06T11:46:06.855+0000] {processor.py:157} INFO - Started process (PID=13690) to work on /home/airflow/.local/lib/python3.8/site-packages/airflow/example_dags/example_latest_only.py
[2025-03-06T11:46:06.856+0000] {processor.py:829} INFO - Processing file /home/airflow/.local/lib/python3.8/site-packages/airflow/example_dags/example_latest_only.py for tasks to queue
[2025-03-06T11:46:06.857+0000] {logging_mixin.py:154} INFO - [2025-03-06T11:46:06.857+0000] {dagbag.py:536} INFO - Filling up the DagBag from /home/airflow/.local/lib/python3.8/site-packages/airflow/example_dags/example_latest_only.py
[2025-03-06T11:46:06.859+0000] {processor.py:839} INFO - DAG(s) dict_keys(['latest_only']) retrieved from /home/airflow/.local/lib/python3.8/site-packages/airflow/example_dags/example_latest_only.py
[2025-03-06T11:46:06.873+0000] {logging_mixin.py:154} INFO - [2025-03-06T11:46:06.873+0000] {dag.py:2941} INFO - Sync 1 DAGs
[2025-03-06T11:46:06.882+0000] {logging_mixin.py:154} INFO - [2025-03-06T11:46:06.882+0000] {dag.py:3722} INFO - Setting next_dagrun for latest_only to 2025-03-06T07:46:06.882050+00:00, run_after=2025-03-06T11:46:06.882050+00:00
[2025-03-06T11:46:06.892+0000] {processor.py:179} INFO - Processing /home/airflow/.local/lib/python3.8/site-packages/airflow/example_dags/example_latest_only.py took 0.038 seconds
[2025-03-06T11:46:37.460+0000] {processor.py:157} INFO - Started process (PID=13753) to work on /home/airflow/.local/lib/python3.8/site-packages/airflow/example_dags/example_latest_only.py
[2025-03-06T11:46:37.460+0000] {processor.py:829} INFO - Processing file /home/airflow/.local/lib/python3.8/site-packages/airflow/example_dags/example_latest_only.py for tasks to queue
[2025-03-06T11:46:37.462+0000] {logging_mixin.py:154} INFO - [2025-03-06T11:46:37.462+0000] {dagbag.py:536} INFO - Filling up the DagBag from /home/airflow/.local/lib/python3.8/site-packages/airflow/example_dags/example_latest_only.py
[2025-03-06T11:46:37.465+0000] {processor.py:839} INFO - DAG(s) dict_keys(['latest_only']) retrieved from /home/airflow/.local/lib/python3.8/site-packages/airflow/example_dags/example_latest_only.py
[2025-03-06T11:46:37.479+0000] {logging_mixin.py:154} INFO - [2025-03-06T11:46:37.479+0000] {dag.py:2941} INFO - Sync 1 DAGs
[2025-03-06T11:46:37.490+0000] {logging_mixin.py:154} INFO - [2025-03-06T11:46:37.490+0000] {dag.py:3722} INFO - Setting next_dagrun for latest_only to 2025-03-06T07:46:37.489909+00:00, run_after=2025-03-06T11:46:37.489909+00:00
[2025-03-06T11:46:37.499+0000] {processor.py:179} INFO - Processing /home/airflow/.local/lib/python3.8/site-packages/airflow/example_dags/example_latest_only.py took 0.041 seconds
[2025-03-06T11:47:08.003+0000] {processor.py:157} INFO - Started process (PID=13809) to work on /home/airflow/.local/lib/python3.8/site-packages/airflow/example_dags/example_latest_only.py
[2025-03-06T11:47:08.003+0000] {processor.py:829} INFO - Processing file /home/airflow/.local/lib/python3.8/site-packages/airflow/example_dags/example_latest_only.py for tasks to queue
[2025-03-06T11:47:08.004+0000] {logging_mixin.py:154} INFO - [2025-03-06T11:47:08.004+0000] {dagbag.py:536} INFO - Filling up the DagBag from /home/airflow/.local/lib/python3.8/site-packages/airflow/example_dags/example_latest_only.py
[2025-03-06T11:47:08.007+0000] {processor.py:839} INFO - DAG(s) dict_keys(['latest_only']) retrieved from /home/airflow/.local/lib/python3.8/site-packages/airflow/example_dags/example_latest_only.py
[2025-03-06T11:47:08.018+0000] {logging_mixin.py:154} INFO - [2025-03-06T11:47:08.018+0000] {dag.py:2941} INFO - Sync 1 DAGs
[2025-03-06T11:47:08.027+0000] {logging_mixin.py:154} INFO - [2025-03-06T11:47:08.027+0000] {dag.py:3722} INFO - Setting next_dagrun for latest_only to 2025-03-06T07:47:08.027345+00:00, run_after=2025-03-06T11:47:08.027345+00:00
[2025-03-06T11:47:08.037+0000] {processor.py:179} INFO - Processing /home/airflow/.local/lib/python3.8/site-packages/airflow/example_dags/example_latest_only.py took 0.035 seconds
[2025-03-06T11:47:38.547+0000] {processor.py:157} INFO - Started process (PID=13865) to work on /home/airflow/.local/lib/python3.8/site-packages/airflow/example_dags/example_latest_only.py
[2025-03-06T11:47:38.547+0000] {processor.py:829} INFO - Processing file /home/airflow/.local/lib/python3.8/site-packages/airflow/example_dags/example_latest_only.py for tasks to queue
[2025-03-06T11:47:38.549+0000] {logging_mixin.py:154} INFO - [2025-03-06T11:47:38.549+0000] {dagbag.py:536} INFO - Filling up the DagBag from /home/airflow/.local/lib/python3.8/site-packages/airflow/example_dags/example_latest_only.py
[2025-03-06T11:47:38.552+0000] {processor.py:839} INFO - DAG(s) dict_keys(['latest_only']) retrieved from /home/airflow/.local/lib/python3.8/site-packages/airflow/example_dags/example_latest_only.py
[2025-03-06T11:47:38.562+0000] {logging_mixin.py:154} INFO - [2025-03-06T11:47:38.562+0000] {dag.py:2941} INFO - Sync 1 DAGs
[2025-03-06T11:47:38.571+0000] {logging_mixin.py:154} INFO - [2025-03-06T11:47:38.571+0000] {dag.py:3722} INFO - Setting next_dagrun for latest_only to 2025-03-06T07:47:38.571688+00:00, run_after=2025-03-06T11:47:38.571688+00:00
[2025-03-06T11:47:38.583+0000] {processor.py:179} INFO - Processing /home/airflow/.local/lib/python3.8/site-packages/airflow/example_dags/example_latest_only.py took 0.037 seconds
[2025-03-06T11:48:09.040+0000] {processor.py:157} INFO - Started process (PID=13921) to work on /home/airflow/.local/lib/python3.8/site-packages/airflow/example_dags/example_latest_only.py
[2025-03-06T11:48:09.041+0000] {processor.py:829} INFO - Processing file /home/airflow/.local/lib/python3.8/site-packages/airflow/example_dags/example_latest_only.py for tasks to queue
[2025-03-06T11:48:09.043+0000] {logging_mixin.py:154} INFO - [2025-03-06T11:48:09.043+0000] {dagbag.py:536} INFO - Filling up the DagBag from /home/airflow/.local/lib/python3.8/site-packages/airflow/example_dags/example_latest_only.py
[2025-03-06T11:48:09.045+0000] {processor.py:839} INFO - DAG(s) dict_keys(['latest_only']) retrieved from /home/airflow/.local/lib/python3.8/site-packages/airflow/example_dags/example_latest_only.py
[2025-03-06T11:48:09.054+0000] {logging_mixin.py:154} INFO - [2025-03-06T11:48:09.054+0000] {dag.py:2941} INFO - Sync 1 DAGs
[2025-03-06T11:48:09.064+0000] {logging_mixin.py:154} INFO - [2025-03-06T11:48:09.064+0000] {dag.py:3722} INFO - Setting next_dagrun for latest_only to 2025-03-06T07:48:09.064059+00:00, run_after=2025-03-06T11:48:09.064059+00:00
[2025-03-06T11:48:09.074+0000] {processor.py:179} INFO - Processing /home/airflow/.local/lib/python3.8/site-packages/airflow/example_dags/example_latest_only.py took 0.035 seconds
[2025-03-06T11:48:39.563+0000] {processor.py:157} INFO - Started process (PID=13977) to work on /home/airflow/.local/lib/python3.8/site-packages/airflow/example_dags/example_latest_only.py
[2025-03-06T11:48:39.564+0000] {processor.py:829} INFO - Processing file /home/airflow/.local/lib/python3.8/site-packages/airflow/example_dags/example_latest_only.py for tasks to queue
[2025-03-06T11:48:39.565+0000] {logging_mixin.py:154} INFO - [2025-03-06T11:48:39.565+0000] {dagbag.py:536} INFO - Filling up the DagBag from /home/airflow/.local/lib/python3.8/site-packages/airflow/example_dags/example_latest_only.py
[2025-03-06T11:48:39.567+0000] {processor.py:839} INFO - DAG(s) dict_keys(['latest_only']) retrieved from /home/airflow/.local/lib/python3.8/site-packages/airflow/example_dags/example_latest_only.py
[2025-03-06T11:48:39.579+0000] {logging_mixin.py:154} INFO - [2025-03-06T11:48:39.579+0000] {dag.py:2941} INFO - Sync 1 DAGs
[2025-03-06T11:48:39.588+0000] {logging_mixin.py:154} INFO - [2025-03-06T11:48:39.588+0000] {dag.py:3722} INFO - Setting next_dagrun for latest_only to 2025-03-06T07:48:39.588455+00:00, run_after=2025-03-06T11:48:39.588455+00:00
[2025-03-06T11:48:39.598+0000] {processor.py:179} INFO - Processing /home/airflow/.local/lib/python3.8/site-packages/airflow/example_dags/example_latest_only.py took 0.036 seconds
[2025-03-06T11:49:10.046+0000] {processor.py:157} INFO - Started process (PID=14033) to work on /home/airflow/.local/lib/python3.8/site-packages/airflow/example_dags/example_latest_only.py
[2025-03-06T11:49:10.047+0000] {processor.py:829} INFO - Processing file /home/airflow/.local/lib/python3.8/site-packages/airflow/example_dags/example_latest_only.py for tasks to queue
[2025-03-06T11:49:10.048+0000] {logging_mixin.py:154} INFO - [2025-03-06T11:49:10.048+0000] {dagbag.py:536} INFO - Filling up the DagBag from /home/airflow/.local/lib/python3.8/site-packages/airflow/example_dags/example_latest_only.py
[2025-03-06T11:49:10.050+0000] {processor.py:839} INFO - DAG(s) dict_keys(['latest_only']) retrieved from /home/airflow/.local/lib/python3.8/site-packages/airflow/example_dags/example_latest_only.py
[2025-03-06T11:49:10.058+0000] {logging_mixin.py:154} INFO - [2025-03-06T11:49:10.058+0000] {dag.py:2941} INFO - Sync 1 DAGs
[2025-03-06T11:49:10.065+0000] {logging_mixin.py:154} INFO - [2025-03-06T11:49:10.065+0000] {dag.py:3722} INFO - Setting next_dagrun for latest_only to 2025-03-06T07:49:10.065642+00:00, run_after=2025-03-06T11:49:10.065642+00:00
[2025-03-06T11:49:10.071+0000] {processor.py:179} INFO - Processing /home/airflow/.local/lib/python3.8/site-packages/airflow/example_dags/example_latest_only.py took 0.026 seconds
[2025-03-06T11:49:40.573+0000] {processor.py:157} INFO - Started process (PID=14089) to work on /home/airflow/.local/lib/python3.8/site-packages/airflow/example_dags/example_latest_only.py
[2025-03-06T11:49:40.573+0000] {processor.py:829} INFO - Processing file /home/airflow/.local/lib/python3.8/site-packages/airflow/example_dags/example_latest_only.py for tasks to queue
[2025-03-06T11:49:40.576+0000] {logging_mixin.py:154} INFO - [2025-03-06T11:49:40.576+0000] {dagbag.py:536} INFO - Filling up the DagBag from /home/airflow/.local/lib/python3.8/site-packages/airflow/example_dags/example_latest_only.py
[2025-03-06T11:49:40.578+0000] {processor.py:839} INFO - DAG(s) dict_keys(['latest_only']) retrieved from /home/airflow/.local/lib/python3.8/site-packages/airflow/example_dags/example_latest_only.py
[2025-03-06T11:49:40.591+0000] {logging_mixin.py:154} INFO - [2025-03-06T11:49:40.590+0000] {dag.py:2941} INFO - Sync 1 DAGs
[2025-03-06T11:49:40.599+0000] {logging_mixin.py:154} INFO - [2025-03-06T11:49:40.599+0000] {dag.py:3722} INFO - Setting next_dagrun for latest_only to 2025-03-06T07:49:40.599661+00:00, run_after=2025-03-06T11:49:40.599661+00:00
[2025-03-06T11:49:40.606+0000] {processor.py:179} INFO - Processing /home/airflow/.local/lib/python3.8/site-packages/airflow/example_dags/example_latest_only.py took 0.034 seconds
[2025-03-06T11:50:11.110+0000] {processor.py:157} INFO - Started process (PID=14144) to work on /home/airflow/.local/lib/python3.8/site-packages/airflow/example_dags/example_latest_only.py
[2025-03-06T11:50:11.111+0000] {processor.py:829} INFO - Processing file /home/airflow/.local/lib/python3.8/site-packages/airflow/example_dags/example_latest_only.py for tasks to queue
[2025-03-06T11:50:11.112+0000] {logging_mixin.py:154} INFO - [2025-03-06T11:50:11.112+0000] {dagbag.py:536} INFO - Filling up the DagBag from /home/airflow/.local/lib/python3.8/site-packages/airflow/example_dags/example_latest_only.py
[2025-03-06T11:50:11.116+0000] {processor.py:839} INFO - DAG(s) dict_keys(['latest_only']) retrieved from /home/airflow/.local/lib/python3.8/site-packages/airflow/example_dags/example_latest_only.py
[2025-03-06T11:50:11.128+0000] {logging_mixin.py:154} INFO - [2025-03-06T11:50:11.127+0000] {dag.py:2941} INFO - Sync 1 DAGs
[2025-03-06T11:50:11.136+0000] {logging_mixin.py:154} INFO - [2025-03-06T11:50:11.136+0000] {dag.py:3722} INFO - Setting next_dagrun for latest_only to 2025-03-06T07:50:11.136274+00:00, run_after=2025-03-06T11:50:11.136274+00:00
[2025-03-06T11:50:11.143+0000] {processor.py:179} INFO - Processing /home/airflow/.local/lib/python3.8/site-packages/airflow/example_dags/example_latest_only.py took 0.034 seconds
[2025-03-06T11:50:41.651+0000] {processor.py:157} INFO - Started process (PID=14200) to work on /home/airflow/.local/lib/python3.8/site-packages/airflow/example_dags/example_latest_only.py
[2025-03-06T11:50:41.652+0000] {processor.py:829} INFO - Processing file /home/airflow/.local/lib/python3.8/site-packages/airflow/example_dags/example_latest_only.py for tasks to queue
[2025-03-06T11:50:41.654+0000] {logging_mixin.py:154} INFO - [2025-03-06T11:50:41.654+0000] {dagbag.py:536} INFO - Filling up the DagBag from /home/airflow/.local/lib/python3.8/site-packages/airflow/example_dags/example_latest_only.py
[2025-03-06T11:50:41.657+0000] {processor.py:839} INFO - DAG(s) dict_keys(['latest_only']) retrieved from /home/airflow/.local/lib/python3.8/site-packages/airflow/example_dags/example_latest_only.py
[2025-03-06T11:50:41.671+0000] {logging_mixin.py:154} INFO - [2025-03-06T11:50:41.671+0000] {dag.py:2941} INFO - Sync 1 DAGs
[2025-03-06T11:50:41.681+0000] {logging_mixin.py:154} INFO - [2025-03-06T11:50:41.681+0000] {dag.py:3722} INFO - Setting next_dagrun for latest_only to 2025-03-06T07:50:41.681096+00:00, run_after=2025-03-06T11:50:41.681096+00:00
[2025-03-06T11:50:41.688+0000] {processor.py:179} INFO - Processing /home/airflow/.local/lib/python3.8/site-packages/airflow/example_dags/example_latest_only.py took 0.038 seconds
[2025-03-06T11:51:12.112+0000] {processor.py:157} INFO - Started process (PID=14256) to work on /home/airflow/.local/lib/python3.8/site-packages/airflow/example_dags/example_latest_only.py
[2025-03-06T11:51:12.112+0000] {processor.py:829} INFO - Processing file /home/airflow/.local/lib/python3.8/site-packages/airflow/example_dags/example_latest_only.py for tasks to queue
[2025-03-06T11:51:12.115+0000] {logging_mixin.py:154} INFO - [2025-03-06T11:51:12.115+0000] {dagbag.py:536} INFO - Filling up the DagBag from /home/airflow/.local/lib/python3.8/site-packages/airflow/example_dags/example_latest_only.py
[2025-03-06T11:51:12.117+0000] {processor.py:839} INFO - DAG(s) dict_keys(['latest_only']) retrieved from /home/airflow/.local/lib/python3.8/site-packages/airflow/example_dags/example_latest_only.py
[2025-03-06T11:51:12.128+0000] {logging_mixin.py:154} INFO - [2025-03-06T11:51:12.127+0000] {dag.py:2941} INFO - Sync 1 DAGs
[2025-03-06T11:51:12.136+0000] {logging_mixin.py:154} INFO - [2025-03-06T11:51:12.136+0000] {dag.py:3722} INFO - Setting next_dagrun for latest_only to 2025-03-06T07:51:12.136603+00:00, run_after=2025-03-06T11:51:12.136603+00:00
[2025-03-06T11:51:12.144+0000] {processor.py:179} INFO - Processing /home/airflow/.local/lib/python3.8/site-packages/airflow/example_dags/example_latest_only.py took 0.033 seconds
[2025-03-06T11:51:42.643+0000] {processor.py:157} INFO - Started process (PID=14312) to work on /home/airflow/.local/lib/python3.8/site-packages/airflow/example_dags/example_latest_only.py
[2025-03-06T11:51:42.645+0000] {processor.py:829} INFO - Processing file /home/airflow/.local/lib/python3.8/site-packages/airflow/example_dags/example_latest_only.py for tasks to queue
[2025-03-06T11:51:42.646+0000] {logging_mixin.py:154} INFO - [2025-03-06T11:51:42.646+0000] {dagbag.py:536} INFO - Filling up the DagBag from /home/airflow/.local/lib/python3.8/site-packages/airflow/example_dags/example_latest_only.py
[2025-03-06T11:51:42.650+0000] {processor.py:839} INFO - DAG(s) dict_keys(['latest_only']) retrieved from /home/airflow/.local/lib/python3.8/site-packages/airflow/example_dags/example_latest_only.py
[2025-03-06T11:51:42.660+0000] {logging_mixin.py:154} INFO - [2025-03-06T11:51:42.660+0000] {dag.py:2941} INFO - Sync 1 DAGs
[2025-03-06T11:51:42.670+0000] {logging_mixin.py:154} INFO - [2025-03-06T11:51:42.670+0000] {dag.py:3722} INFO - Setting next_dagrun for latest_only to 2025-03-06T07:51:42.670445+00:00, run_after=2025-03-06T11:51:42.670445+00:00
[2025-03-06T11:51:42.679+0000] {processor.py:179} INFO - Processing /home/airflow/.local/lib/python3.8/site-packages/airflow/example_dags/example_latest_only.py took 0.037 seconds
[2025-03-06T11:52:13.183+0000] {processor.py:157} INFO - Started process (PID=14368) to work on /home/airflow/.local/lib/python3.8/site-packages/airflow/example_dags/example_latest_only.py
[2025-03-06T11:52:13.184+0000] {processor.py:829} INFO - Processing file /home/airflow/.local/lib/python3.8/site-packages/airflow/example_dags/example_latest_only.py for tasks to queue
[2025-03-06T11:52:13.186+0000] {logging_mixin.py:154} INFO - [2025-03-06T11:52:13.186+0000] {dagbag.py:536} INFO - Filling up the DagBag from /home/airflow/.local/lib/python3.8/site-packages/airflow/example_dags/example_latest_only.py
[2025-03-06T11:52:13.190+0000] {processor.py:839} INFO - DAG(s) dict_keys(['latest_only']) retrieved from /home/airflow/.local/lib/python3.8/site-packages/airflow/example_dags/example_latest_only.py
[2025-03-06T11:52:13.201+0000] {logging_mixin.py:154} INFO - [2025-03-06T11:52:13.201+0000] {dag.py:2941} INFO - Sync 1 DAGs
[2025-03-06T11:52:13.210+0000] {logging_mixin.py:154} INFO - [2025-03-06T11:52:13.210+0000] {dag.py:3722} INFO - Setting next_dagrun for latest_only to 2025-03-06T07:52:13.210484+00:00, run_after=2025-03-06T11:52:13.210484+00:00
[2025-03-06T11:52:13.217+0000] {processor.py:179} INFO - Processing /home/airflow/.local/lib/python3.8/site-packages/airflow/example_dags/example_latest_only.py took 0.036 seconds
[2025-03-06T11:52:43.825+0000] {processor.py:157} INFO - Started process (PID=14424) to work on /home/airflow/.local/lib/python3.8/site-packages/airflow/example_dags/example_latest_only.py
[2025-03-06T11:52:43.827+0000] {processor.py:829} INFO - Processing file /home/airflow/.local/lib/python3.8/site-packages/airflow/example_dags/example_latest_only.py for tasks to queue
[2025-03-06T11:52:43.829+0000] {logging_mixin.py:154} INFO - [2025-03-06T11:52:43.828+0000] {dagbag.py:536} INFO - Filling up the DagBag from /home/airflow/.local/lib/python3.8/site-packages/airflow/example_dags/example_latest_only.py
[2025-03-06T11:52:43.831+0000] {processor.py:839} INFO - DAG(s) dict_keys(['latest_only']) retrieved from /home/airflow/.local/lib/python3.8/site-packages/airflow/example_dags/example_latest_only.py
[2025-03-06T11:52:43.842+0000] {logging_mixin.py:154} INFO - [2025-03-06T11:52:43.842+0000] {dag.py:2941} INFO - Sync 1 DAGs
[2025-03-06T11:52:43.850+0000] {logging_mixin.py:154} INFO - [2025-03-06T11:52:43.850+0000] {dag.py:3722} INFO - Setting next_dagrun for latest_only to 2025-03-06T07:52:43.850735+00:00, run_after=2025-03-06T11:52:43.850735+00:00
[2025-03-06T11:52:43.856+0000] {processor.py:179} INFO - Processing /home/airflow/.local/lib/python3.8/site-packages/airflow/example_dags/example_latest_only.py took 0.033 seconds
[2025-03-06T11:53:14.381+0000] {processor.py:157} INFO - Started process (PID=14480) to work on /home/airflow/.local/lib/python3.8/site-packages/airflow/example_dags/example_latest_only.py
[2025-03-06T11:53:14.383+0000] {processor.py:829} INFO - Processing file /home/airflow/.local/lib/python3.8/site-packages/airflow/example_dags/example_latest_only.py for tasks to queue
[2025-03-06T11:53:14.384+0000] {logging_mixin.py:154} INFO - [2025-03-06T11:53:14.384+0000] {dagbag.py:536} INFO - Filling up the DagBag from /home/airflow/.local/lib/python3.8/site-packages/airflow/example_dags/example_latest_only.py
[2025-03-06T11:53:14.386+0000] {processor.py:839} INFO - DAG(s) dict_keys(['latest_only']) retrieved from /home/airflow/.local/lib/python3.8/site-packages/airflow/example_dags/example_latest_only.py
[2025-03-06T11:53:14.394+0000] {logging_mixin.py:154} INFO - [2025-03-06T11:53:14.394+0000] {dag.py:2941} INFO - Sync 1 DAGs
[2025-03-06T11:53:14.402+0000] {logging_mixin.py:154} INFO - [2025-03-06T11:53:14.402+0000] {dag.py:3722} INFO - Setting next_dagrun for latest_only to 2025-03-06T07:53:14.402143+00:00, run_after=2025-03-06T11:53:14.402143+00:00
[2025-03-06T11:53:14.409+0000] {processor.py:179} INFO - Processing /home/airflow/.local/lib/python3.8/site-packages/airflow/example_dags/example_latest_only.py took 0.029 seconds
[2025-03-06T11:53:45.060+0000] {processor.py:157} INFO - Started process (PID=14539) to work on /home/airflow/.local/lib/python3.8/site-packages/airflow/example_dags/example_latest_only.py
[2025-03-06T11:53:45.061+0000] {processor.py:829} INFO - Processing file /home/airflow/.local/lib/python3.8/site-packages/airflow/example_dags/example_latest_only.py for tasks to queue
[2025-03-06T11:53:45.062+0000] {logging_mixin.py:154} INFO - [2025-03-06T11:53:45.062+0000] {dagbag.py:536} INFO - Filling up the DagBag from /home/airflow/.local/lib/python3.8/site-packages/airflow/example_dags/example_latest_only.py
[2025-03-06T11:53:45.065+0000] {processor.py:839} INFO - DAG(s) dict_keys(['latest_only']) retrieved from /home/airflow/.local/lib/python3.8/site-packages/airflow/example_dags/example_latest_only.py
[2025-03-06T11:53:45.073+0000] {logging_mixin.py:154} INFO - [2025-03-06T11:53:45.073+0000] {dag.py:2941} INFO - Sync 1 DAGs
[2025-03-06T11:53:45.083+0000] {logging_mixin.py:154} INFO - [2025-03-06T11:53:45.083+0000] {dag.py:3722} INFO - Setting next_dagrun for latest_only to 2025-03-06T07:53:45.083689+00:00, run_after=2025-03-06T11:53:45.083689+00:00
[2025-03-06T11:53:45.092+0000] {processor.py:179} INFO - Processing /home/airflow/.local/lib/python3.8/site-packages/airflow/example_dags/example_latest_only.py took 0.034 seconds
[2025-03-06T11:54:15.619+0000] {processor.py:157} INFO - Started process (PID=14600) to work on /home/airflow/.local/lib/python3.8/site-packages/airflow/example_dags/example_latest_only.py
[2025-03-06T11:54:15.620+0000] {processor.py:829} INFO - Processing file /home/airflow/.local/lib/python3.8/site-packages/airflow/example_dags/example_latest_only.py for tasks to queue
[2025-03-06T11:54:15.622+0000] {logging_mixin.py:154} INFO - [2025-03-06T11:54:15.622+0000] {dagbag.py:536} INFO - Filling up the DagBag from /home/airflow/.local/lib/python3.8/site-packages/airflow/example_dags/example_latest_only.py
[2025-03-06T11:54:15.624+0000] {processor.py:839} INFO - DAG(s) dict_keys(['latest_only']) retrieved from /home/airflow/.local/lib/python3.8/site-packages/airflow/example_dags/example_latest_only.py
[2025-03-06T11:54:15.633+0000] {logging_mixin.py:154} INFO - [2025-03-06T11:54:15.633+0000] {dag.py:2941} INFO - Sync 1 DAGs
[2025-03-06T11:54:15.642+0000] {logging_mixin.py:154} INFO - [2025-03-06T11:54:15.642+0000] {dag.py:3722} INFO - Setting next_dagrun for latest_only to 2025-03-06T07:54:15.642501+00:00, run_after=2025-03-06T11:54:15.642501+00:00
[2025-03-06T11:54:15.653+0000] {processor.py:179} INFO - Processing /home/airflow/.local/lib/python3.8/site-packages/airflow/example_dags/example_latest_only.py took 0.036 seconds
[2025-03-06T11:54:46.198+0000] {processor.py:157} INFO - Started process (PID=14658) to work on /home/airflow/.local/lib/python3.8/site-packages/airflow/example_dags/example_latest_only.py
[2025-03-06T11:54:46.199+0000] {processor.py:829} INFO - Processing file /home/airflow/.local/lib/python3.8/site-packages/airflow/example_dags/example_latest_only.py for tasks to queue
[2025-03-06T11:54:46.200+0000] {logging_mixin.py:154} INFO - [2025-03-06T11:54:46.200+0000] {dagbag.py:536} INFO - Filling up the DagBag from /home/airflow/.local/lib/python3.8/site-packages/airflow/example_dags/example_latest_only.py
[2025-03-06T11:54:46.202+0000] {processor.py:839} INFO - DAG(s) dict_keys(['latest_only']) retrieved from /home/airflow/.local/lib/python3.8/site-packages/airflow/example_dags/example_latest_only.py
[2025-03-06T11:54:46.211+0000] {logging_mixin.py:154} INFO - [2025-03-06T11:54:46.211+0000] {dag.py:2941} INFO - Sync 1 DAGs
[2025-03-06T11:54:46.219+0000] {logging_mixin.py:154} INFO - [2025-03-06T11:54:46.219+0000] {dag.py:3722} INFO - Setting next_dagrun for latest_only to 2025-03-06T07:54:46.219613+00:00, run_after=2025-03-06T11:54:46.219613+00:00
[2025-03-06T11:54:46.227+0000] {processor.py:179} INFO - Processing /home/airflow/.local/lib/python3.8/site-packages/airflow/example_dags/example_latest_only.py took 0.031 seconds
[2025-03-06T11:55:16.729+0000] {processor.py:157} INFO - Started process (PID=14718) to work on /home/airflow/.local/lib/python3.8/site-packages/airflow/example_dags/example_latest_only.py
[2025-03-06T11:55:16.730+0000] {processor.py:829} INFO - Processing file /home/airflow/.local/lib/python3.8/site-packages/airflow/example_dags/example_latest_only.py for tasks to queue
[2025-03-06T11:55:16.732+0000] {logging_mixin.py:154} INFO - [2025-03-06T11:55:16.732+0000] {dagbag.py:536} INFO - Filling up the DagBag from /home/airflow/.local/lib/python3.8/site-packages/airflow/example_dags/example_latest_only.py
[2025-03-06T11:55:16.734+0000] {processor.py:839} INFO - DAG(s) dict_keys(['latest_only']) retrieved from /home/airflow/.local/lib/python3.8/site-packages/airflow/example_dags/example_latest_only.py
[2025-03-06T11:55:16.744+0000] {logging_mixin.py:154} INFO - [2025-03-06T11:55:16.744+0000] {dag.py:2941} INFO - Sync 1 DAGs
[2025-03-06T11:55:16.752+0000] {logging_mixin.py:154} INFO - [2025-03-06T11:55:16.752+0000] {dag.py:3722} INFO - Setting next_dagrun for latest_only to 2025-03-06T07:55:16.752700+00:00, run_after=2025-03-06T11:55:16.752700+00:00
[2025-03-06T11:55:16.760+0000] {processor.py:179} INFO - Processing /home/airflow/.local/lib/python3.8/site-packages/airflow/example_dags/example_latest_only.py took 0.032 seconds
[2025-03-06T11:55:47.260+0000] {processor.py:157} INFO - Started process (PID=14777) to work on /home/airflow/.local/lib/python3.8/site-packages/airflow/example_dags/example_latest_only.py
[2025-03-06T11:55:47.260+0000] {processor.py:829} INFO - Processing file /home/airflow/.local/lib/python3.8/site-packages/airflow/example_dags/example_latest_only.py for tasks to queue
[2025-03-06T11:55:47.263+0000] {logging_mixin.py:154} INFO - [2025-03-06T11:55:47.262+0000] {dagbag.py:536} INFO - Filling up the DagBag from /home/airflow/.local/lib/python3.8/site-packages/airflow/example_dags/example_latest_only.py
[2025-03-06T11:55:47.265+0000] {processor.py:839} INFO - DAG(s) dict_keys(['latest_only']) retrieved from /home/airflow/.local/lib/python3.8/site-packages/airflow/example_dags/example_latest_only.py
[2025-03-06T11:55:47.275+0000] {logging_mixin.py:154} INFO - [2025-03-06T11:55:47.274+0000] {dag.py:2941} INFO - Sync 1 DAGs
[2025-03-06T11:55:47.283+0000] {logging_mixin.py:154} INFO - [2025-03-06T11:55:47.283+0000] {dag.py:3722} INFO - Setting next_dagrun for latest_only to 2025-03-06T07:55:47.282959+00:00, run_after=2025-03-06T11:55:47.282959+00:00
[2025-03-06T11:55:47.292+0000] {processor.py:179} INFO - Processing /home/airflow/.local/lib/python3.8/site-packages/airflow/example_dags/example_latest_only.py took 0.033 seconds
[2025-03-06T11:56:17.888+0000] {processor.py:157} INFO - Started process (PID=14836) to work on /home/airflow/.local/lib/python3.8/site-packages/airflow/example_dags/example_latest_only.py
[2025-03-06T11:56:17.888+0000] {processor.py:829} INFO - Processing file /home/airflow/.local/lib/python3.8/site-packages/airflow/example_dags/example_latest_only.py for tasks to queue
[2025-03-06T11:56:17.889+0000] {logging_mixin.py:154} INFO - [2025-03-06T11:56:17.889+0000] {dagbag.py:536} INFO - Filling up the DagBag from /home/airflow/.local/lib/python3.8/site-packages/airflow/example_dags/example_latest_only.py
[2025-03-06T11:56:17.891+0000] {processor.py:839} INFO - DAG(s) dict_keys(['latest_only']) retrieved from /home/airflow/.local/lib/python3.8/site-packages/airflow/example_dags/example_latest_only.py
[2025-03-06T11:56:17.902+0000] {logging_mixin.py:154} INFO - [2025-03-06T11:56:17.902+0000] {dag.py:2941} INFO - Sync 1 DAGs
[2025-03-06T11:56:17.911+0000] {logging_mixin.py:154} INFO - [2025-03-06T11:56:17.911+0000] {dag.py:3722} INFO - Setting next_dagrun for latest_only to 2025-03-06T07:56:17.911073+00:00, run_after=2025-03-06T11:56:17.911073+00:00
[2025-03-06T11:56:17.921+0000] {processor.py:179} INFO - Processing /home/airflow/.local/lib/python3.8/site-packages/airflow/example_dags/example_latest_only.py took 0.035 seconds
[2025-03-06T11:56:48.406+0000] {processor.py:157} INFO - Started process (PID=14892) to work on /home/airflow/.local/lib/python3.8/site-packages/airflow/example_dags/example_latest_only.py
[2025-03-06T11:56:48.406+0000] {processor.py:829} INFO - Processing file /home/airflow/.local/lib/python3.8/site-packages/airflow/example_dags/example_latest_only.py for tasks to queue
[2025-03-06T11:56:48.408+0000] {logging_mixin.py:154} INFO - [2025-03-06T11:56:48.408+0000] {dagbag.py:536} INFO - Filling up the DagBag from /home/airflow/.local/lib/python3.8/site-packages/airflow/example_dags/example_latest_only.py
[2025-03-06T11:56:48.410+0000] {processor.py:839} INFO - DAG(s) dict_keys(['latest_only']) retrieved from /home/airflow/.local/lib/python3.8/site-packages/airflow/example_dags/example_latest_only.py
[2025-03-06T11:56:48.418+0000] {logging_mixin.py:154} INFO - [2025-03-06T11:56:48.418+0000] {dag.py:2941} INFO - Sync 1 DAGs
[2025-03-06T11:56:48.426+0000] {logging_mixin.py:154} INFO - [2025-03-06T11:56:48.426+0000] {dag.py:3722} INFO - Setting next_dagrun for latest_only to 2025-03-06T07:56:48.426361+00:00, run_after=2025-03-06T11:56:48.426361+00:00
[2025-03-06T11:56:48.435+0000] {processor.py:179} INFO - Processing /home/airflow/.local/lib/python3.8/site-packages/airflow/example_dags/example_latest_only.py took 0.031 seconds
[2025-03-06T11:57:19.021+0000] {processor.py:157} INFO - Started process (PID=14952) to work on /home/airflow/.local/lib/python3.8/site-packages/airflow/example_dags/example_latest_only.py
[2025-03-06T11:57:19.022+0000] {processor.py:829} INFO - Processing file /home/airflow/.local/lib/python3.8/site-packages/airflow/example_dags/example_latest_only.py for tasks to queue
[2025-03-06T11:57:19.023+0000] {logging_mixin.py:154} INFO - [2025-03-06T11:57:19.023+0000] {dagbag.py:536} INFO - Filling up the DagBag from /home/airflow/.local/lib/python3.8/site-packages/airflow/example_dags/example_latest_only.py
[2025-03-06T11:57:19.025+0000] {processor.py:839} INFO - DAG(s) dict_keys(['latest_only']) retrieved from /home/airflow/.local/lib/python3.8/site-packages/airflow/example_dags/example_latest_only.py
[2025-03-06T11:57:19.033+0000] {logging_mixin.py:154} INFO - [2025-03-06T11:57:19.033+0000] {dag.py:2941} INFO - Sync 1 DAGs
[2025-03-06T11:57:19.042+0000] {logging_mixin.py:154} INFO - [2025-03-06T11:57:19.042+0000] {dag.py:3722} INFO - Setting next_dagrun for latest_only to 2025-03-06T07:57:19.042256+00:00, run_after=2025-03-06T11:57:19.042256+00:00
[2025-03-06T11:57:19.050+0000] {processor.py:179} INFO - Processing /home/airflow/.local/lib/python3.8/site-packages/airflow/example_dags/example_latest_only.py took 0.031 seconds
[2025-03-06T11:57:49.629+0000] {processor.py:157} INFO - Started process (PID=15016) to work on /home/airflow/.local/lib/python3.8/site-packages/airflow/example_dags/example_latest_only.py
[2025-03-06T11:57:49.629+0000] {processor.py:829} INFO - Processing file /home/airflow/.local/lib/python3.8/site-packages/airflow/example_dags/example_latest_only.py for tasks to queue
[2025-03-06T11:57:49.630+0000] {logging_mixin.py:154} INFO - [2025-03-06T11:57:49.630+0000] {dagbag.py:536} INFO - Filling up the DagBag from /home/airflow/.local/lib/python3.8/site-packages/airflow/example_dags/example_latest_only.py
[2025-03-06T11:57:49.632+0000] {processor.py:839} INFO - DAG(s) dict_keys(['latest_only']) retrieved from /home/airflow/.local/lib/python3.8/site-packages/airflow/example_dags/example_latest_only.py
[2025-03-06T11:57:49.644+0000] {logging_mixin.py:154} INFO - [2025-03-06T11:57:49.644+0000] {dag.py:2941} INFO - Sync 1 DAGs
[2025-03-06T11:57:49.653+0000] {logging_mixin.py:154} INFO - [2025-03-06T11:57:49.653+0000] {dag.py:3722} INFO - Setting next_dagrun for latest_only to 2025-03-06T07:57:49.652919+00:00, run_after=2025-03-06T11:57:49.652919+00:00
[2025-03-06T11:57:49.665+0000] {processor.py:179} INFO - Processing /home/airflow/.local/lib/python3.8/site-packages/airflow/example_dags/example_latest_only.py took 0.038 seconds
[2025-03-06T11:58:20.222+0000] {processor.py:157} INFO - Started process (PID=15080) to work on /home/airflow/.local/lib/python3.8/site-packages/airflow/example_dags/example_latest_only.py
[2025-03-06T11:58:20.223+0000] {processor.py:829} INFO - Processing file /home/airflow/.local/lib/python3.8/site-packages/airflow/example_dags/example_latest_only.py for tasks to queue
[2025-03-06T11:58:20.225+0000] {logging_mixin.py:154} INFO - [2025-03-06T11:58:20.225+0000] {dagbag.py:536} INFO - Filling up the DagBag from /home/airflow/.local/lib/python3.8/site-packages/airflow/example_dags/example_latest_only.py
[2025-03-06T11:58:20.228+0000] {processor.py:839} INFO - DAG(s) dict_keys(['latest_only']) retrieved from /home/airflow/.local/lib/python3.8/site-packages/airflow/example_dags/example_latest_only.py
[2025-03-06T11:58:20.238+0000] {logging_mixin.py:154} INFO - [2025-03-06T11:58:20.238+0000] {dag.py:2941} INFO - Sync 1 DAGs
[2025-03-06T11:58:20.247+0000] {logging_mixin.py:154} INFO - [2025-03-06T11:58:20.246+0000] {dag.py:3722} INFO - Setting next_dagrun for latest_only to 2025-03-06T07:58:20.246855+00:00, run_after=2025-03-06T11:58:20.246855+00:00
[2025-03-06T11:58:20.256+0000] {processor.py:179} INFO - Processing /home/airflow/.local/lib/python3.8/site-packages/airflow/example_dags/example_latest_only.py took 0.036 seconds
[2025-03-06T11:58:50.809+0000] {processor.py:157} INFO - Started process (PID=15140) to work on /home/airflow/.local/lib/python3.8/site-packages/airflow/example_dags/example_latest_only.py
[2025-03-06T11:58:50.811+0000] {processor.py:829} INFO - Processing file /home/airflow/.local/lib/python3.8/site-packages/airflow/example_dags/example_latest_only.py for tasks to queue
[2025-03-06T11:58:50.812+0000] {logging_mixin.py:154} INFO - [2025-03-06T11:58:50.812+0000] {dagbag.py:536} INFO - Filling up the DagBag from /home/airflow/.local/lib/python3.8/site-packages/airflow/example_dags/example_latest_only.py
[2025-03-06T11:58:50.814+0000] {processor.py:839} INFO - DAG(s) dict_keys(['latest_only']) retrieved from /home/airflow/.local/lib/python3.8/site-packages/airflow/example_dags/example_latest_only.py
[2025-03-06T11:58:50.822+0000] {logging_mixin.py:154} INFO - [2025-03-06T11:58:50.822+0000] {dag.py:2941} INFO - Sync 1 DAGs
[2025-03-06T11:58:50.830+0000] {logging_mixin.py:154} INFO - [2025-03-06T11:58:50.830+0000] {dag.py:3722} INFO - Setting next_dagrun for latest_only to 2025-03-06T07:58:50.830661+00:00, run_after=2025-03-06T11:58:50.830661+00:00
[2025-03-06T11:58:50.840+0000] {processor.py:179} INFO - Processing /home/airflow/.local/lib/python3.8/site-packages/airflow/example_dags/example_latest_only.py took 0.031 seconds
[2025-03-06T11:59:21.366+0000] {processor.py:157} INFO - Started process (PID=15196) to work on /home/airflow/.local/lib/python3.8/site-packages/airflow/example_dags/example_latest_only.py
[2025-03-06T11:59:21.366+0000] {processor.py:829} INFO - Processing file /home/airflow/.local/lib/python3.8/site-packages/airflow/example_dags/example_latest_only.py for tasks to queue
[2025-03-06T11:59:21.367+0000] {logging_mixin.py:154} INFO - [2025-03-06T11:59:21.367+0000] {dagbag.py:536} INFO - Filling up the DagBag from /home/airflow/.local/lib/python3.8/site-packages/airflow/example_dags/example_latest_only.py
[2025-03-06T11:59:21.370+0000] {processor.py:839} INFO - DAG(s) dict_keys(['latest_only']) retrieved from /home/airflow/.local/lib/python3.8/site-packages/airflow/example_dags/example_latest_only.py
[2025-03-06T11:59:21.380+0000] {logging_mixin.py:154} INFO - [2025-03-06T11:59:21.379+0000] {dag.py:2941} INFO - Sync 1 DAGs
[2025-03-06T11:59:21.390+0000] {logging_mixin.py:154} INFO - [2025-03-06T11:59:21.390+0000] {dag.py:3722} INFO - Setting next_dagrun for latest_only to 2025-03-06T07:59:21.390275+00:00, run_after=2025-03-06T11:59:21.390275+00:00
[2025-03-06T11:59:21.399+0000] {processor.py:179} INFO - Processing /home/airflow/.local/lib/python3.8/site-packages/airflow/example_dags/example_latest_only.py took 0.034 seconds
[2025-03-06T11:59:51.844+0000] {processor.py:157} INFO - Started process (PID=15252) to work on /home/airflow/.local/lib/python3.8/site-packages/airflow/example_dags/example_latest_only.py
[2025-03-06T11:59:51.845+0000] {processor.py:829} INFO - Processing file /home/airflow/.local/lib/python3.8/site-packages/airflow/example_dags/example_latest_only.py for tasks to queue
[2025-03-06T11:59:51.848+0000] {logging_mixin.py:154} INFO - [2025-03-06T11:59:51.848+0000] {dagbag.py:536} INFO - Filling up the DagBag from /home/airflow/.local/lib/python3.8/site-packages/airflow/example_dags/example_latest_only.py
[2025-03-06T11:59:51.851+0000] {processor.py:839} INFO - DAG(s) dict_keys(['latest_only']) retrieved from /home/airflow/.local/lib/python3.8/site-packages/airflow/example_dags/example_latest_only.py
[2025-03-06T11:59:51.860+0000] {logging_mixin.py:154} INFO - [2025-03-06T11:59:51.860+0000] {dag.py:2941} INFO - Sync 1 DAGs
[2025-03-06T11:59:51.869+0000] {logging_mixin.py:154} INFO - [2025-03-06T11:59:51.869+0000] {dag.py:3722} INFO - Setting next_dagrun for latest_only to 2025-03-06T07:59:51.869243+00:00, run_after=2025-03-06T11:59:51.869243+00:00
[2025-03-06T11:59:51.877+0000] {processor.py:179} INFO - Processing /home/airflow/.local/lib/python3.8/site-packages/airflow/example_dags/example_latest_only.py took 0.034 seconds
[2025-03-06T12:00:22.401+0000] {processor.py:157} INFO - Started process (PID=15308) to work on /home/airflow/.local/lib/python3.8/site-packages/airflow/example_dags/example_latest_only.py
[2025-03-06T12:00:22.402+0000] {processor.py:829} INFO - Processing file /home/airflow/.local/lib/python3.8/site-packages/airflow/example_dags/example_latest_only.py for tasks to queue
[2025-03-06T12:00:22.403+0000] {logging_mixin.py:154} INFO - [2025-03-06T12:00:22.403+0000] {dagbag.py:536} INFO - Filling up the DagBag from /home/airflow/.local/lib/python3.8/site-packages/airflow/example_dags/example_latest_only.py
[2025-03-06T12:00:22.405+0000] {processor.py:839} INFO - DAG(s) dict_keys(['latest_only']) retrieved from /home/airflow/.local/lib/python3.8/site-packages/airflow/example_dags/example_latest_only.py
[2025-03-06T12:00:22.415+0000] {logging_mixin.py:154} INFO - [2025-03-06T12:00:22.415+0000] {dag.py:2941} INFO - Sync 1 DAGs
[2025-03-06T12:00:22.424+0000] {logging_mixin.py:154} INFO - [2025-03-06T12:00:22.424+0000] {dag.py:3722} INFO - Setting next_dagrun for latest_only to 2025-03-06T08:00:22.424007+00:00, run_after=2025-03-06T12:00:22.424007+00:00
[2025-03-06T12:00:22.432+0000] {processor.py:179} INFO - Processing /home/airflow/.local/lib/python3.8/site-packages/airflow/example_dags/example_latest_only.py took 0.032 seconds
[2025-03-06T12:00:52.851+0000] {processor.py:157} INFO - Started process (PID=15364) to work on /home/airflow/.local/lib/python3.8/site-packages/airflow/example_dags/example_latest_only.py
[2025-03-06T12:00:52.851+0000] {processor.py:829} INFO - Processing file /home/airflow/.local/lib/python3.8/site-packages/airflow/example_dags/example_latest_only.py for tasks to queue
[2025-03-06T12:00:52.853+0000] {logging_mixin.py:154} INFO - [2025-03-06T12:00:52.853+0000] {dagbag.py:536} INFO - Filling up the DagBag from /home/airflow/.local/lib/python3.8/site-packages/airflow/example_dags/example_latest_only.py
[2025-03-06T12:00:52.855+0000] {processor.py:839} INFO - DAG(s) dict_keys(['latest_only']) retrieved from /home/airflow/.local/lib/python3.8/site-packages/airflow/example_dags/example_latest_only.py
[2025-03-06T12:00:52.868+0000] {logging_mixin.py:154} INFO - [2025-03-06T12:00:52.868+0000] {dag.py:2941} INFO - Sync 1 DAGs
[2025-03-06T12:00:52.877+0000] {logging_mixin.py:154} INFO - [2025-03-06T12:00:52.877+0000] {dag.py:3722} INFO - Setting next_dagrun for latest_only to 2025-03-06T08:00:52.877306+00:00, run_after=2025-03-06T12:00:52.877306+00:00
[2025-03-06T12:00:52.884+0000] {processor.py:179} INFO - Processing /home/airflow/.local/lib/python3.8/site-packages/airflow/example_dags/example_latest_only.py took 0.035 seconds
[2025-03-06T12:01:23.402+0000] {processor.py:157} INFO - Started process (PID=15420) to work on /home/airflow/.local/lib/python3.8/site-packages/airflow/example_dags/example_latest_only.py
[2025-03-06T12:01:23.402+0000] {processor.py:829} INFO - Processing file /home/airflow/.local/lib/python3.8/site-packages/airflow/example_dags/example_latest_only.py for tasks to queue
[2025-03-06T12:01:23.403+0000] {logging_mixin.py:154} INFO - [2025-03-06T12:01:23.403+0000] {dagbag.py:536} INFO - Filling up the DagBag from /home/airflow/.local/lib/python3.8/site-packages/airflow/example_dags/example_latest_only.py
[2025-03-06T12:01:23.405+0000] {processor.py:839} INFO - DAG(s) dict_keys(['latest_only']) retrieved from /home/airflow/.local/lib/python3.8/site-packages/airflow/example_dags/example_latest_only.py
[2025-03-06T12:01:23.414+0000] {logging_mixin.py:154} INFO - [2025-03-06T12:01:23.414+0000] {dag.py:2941} INFO - Sync 1 DAGs
[2025-03-06T12:01:23.422+0000] {logging_mixin.py:154} INFO - [2025-03-06T12:01:23.422+0000] {dag.py:3722} INFO - Setting next_dagrun for latest_only to 2025-03-06T08:01:23.421950+00:00, run_after=2025-03-06T12:01:23.421950+00:00
[2025-03-06T12:01:23.428+0000] {processor.py:179} INFO - Processing /home/airflow/.local/lib/python3.8/site-packages/airflow/example_dags/example_latest_only.py took 0.027 seconds
[2025-03-06T12:20:08.075+0000] {processor.py:157} INFO - Started process (PID=15477) to work on /home/airflow/.local/lib/python3.8/site-packages/airflow/example_dags/example_latest_only.py
[2025-03-06T12:20:08.076+0000] {processor.py:829} INFO - Processing file /home/airflow/.local/lib/python3.8/site-packages/airflow/example_dags/example_latest_only.py for tasks to queue
[2025-03-06T12:20:08.078+0000] {logging_mixin.py:154} INFO - [2025-03-06T12:20:08.078+0000] {dagbag.py:536} INFO - Filling up the DagBag from /home/airflow/.local/lib/python3.8/site-packages/airflow/example_dags/example_latest_only.py
[2025-03-06T12:20:08.081+0000] {processor.py:839} INFO - DAG(s) dict_keys(['latest_only']) retrieved from /home/airflow/.local/lib/python3.8/site-packages/airflow/example_dags/example_latest_only.py
[2025-03-06T12:20:08.097+0000] {logging_mixin.py:154} INFO - [2025-03-06T12:20:08.097+0000] {dag.py:2941} INFO - Sync 1 DAGs
[2025-03-06T12:20:08.109+0000] {logging_mixin.py:154} INFO - [2025-03-06T12:20:08.109+0000] {dag.py:3722} INFO - Setting next_dagrun for latest_only to 2025-03-06T08:20:08.109560+00:00, run_after=2025-03-06T12:20:08.109560+00:00
[2025-03-06T12:20:08.124+0000] {processor.py:179} INFO - Processing /home/airflow/.local/lib/python3.8/site-packages/airflow/example_dags/example_latest_only.py took 0.050 seconds
[2025-03-06T12:45:34.957+0000] {processor.py:157} INFO - Started process (PID=15533) to work on /home/airflow/.local/lib/python3.8/site-packages/airflow/example_dags/example_latest_only.py
[2025-03-06T12:45:34.959+0000] {processor.py:829} INFO - Processing file /home/airflow/.local/lib/python3.8/site-packages/airflow/example_dags/example_latest_only.py for tasks to queue
[2025-03-06T12:45:34.961+0000] {logging_mixin.py:154} INFO - [2025-03-06T12:45:34.961+0000] {dagbag.py:536} INFO - Filling up the DagBag from /home/airflow/.local/lib/python3.8/site-packages/airflow/example_dags/example_latest_only.py
[2025-03-06T12:45:34.964+0000] {processor.py:839} INFO - DAG(s) dict_keys(['latest_only']) retrieved from /home/airflow/.local/lib/python3.8/site-packages/airflow/example_dags/example_latest_only.py
[2025-03-06T12:45:34.977+0000] {logging_mixin.py:154} INFO - [2025-03-06T12:45:34.977+0000] {dag.py:2941} INFO - Sync 1 DAGs
[2025-03-06T12:45:34.994+0000] {logging_mixin.py:154} INFO - [2025-03-06T12:45:34.993+0000] {dag.py:3722} INFO - Setting next_dagrun for latest_only to 2025-03-06T08:45:34.993723+00:00, run_after=2025-03-06T12:45:34.993723+00:00
[2025-03-06T12:45:35.004+0000] {processor.py:179} INFO - Processing /home/airflow/.local/lib/python3.8/site-packages/airflow/example_dags/example_latest_only.py took 0.049 seconds
[2025-03-06T12:46:05.748+0000] {processor.py:157} INFO - Started process (PID=15589) to work on /home/airflow/.local/lib/python3.8/site-packages/airflow/example_dags/example_latest_only.py
[2025-03-06T12:46:05.748+0000] {processor.py:829} INFO - Processing file /home/airflow/.local/lib/python3.8/site-packages/airflow/example_dags/example_latest_only.py for tasks to queue
[2025-03-06T12:46:05.749+0000] {logging_mixin.py:154} INFO - [2025-03-06T12:46:05.749+0000] {dagbag.py:536} INFO - Filling up the DagBag from /home/airflow/.local/lib/python3.8/site-packages/airflow/example_dags/example_latest_only.py
[2025-03-06T12:46:05.751+0000] {processor.py:839} INFO - DAG(s) dict_keys(['latest_only']) retrieved from /home/airflow/.local/lib/python3.8/site-packages/airflow/example_dags/example_latest_only.py
[2025-03-06T12:46:05.760+0000] {logging_mixin.py:154} INFO - [2025-03-06T12:46:05.760+0000] {dag.py:2941} INFO - Sync 1 DAGs
[2025-03-06T12:46:05.768+0000] {logging_mixin.py:154} INFO - [2025-03-06T12:46:05.768+0000] {dag.py:3722} INFO - Setting next_dagrun for latest_only to 2025-03-06T08:46:05.768153+00:00, run_after=2025-03-06T12:46:05.768153+00:00
[2025-03-06T12:46:05.774+0000] {processor.py:179} INFO - Processing /home/airflow/.local/lib/python3.8/site-packages/airflow/example_dags/example_latest_only.py took 0.027 seconds
[2025-03-06T12:46:36.414+0000] {processor.py:157} INFO - Started process (PID=15645) to work on /home/airflow/.local/lib/python3.8/site-packages/airflow/example_dags/example_latest_only.py
[2025-03-06T12:46:36.415+0000] {processor.py:829} INFO - Processing file /home/airflow/.local/lib/python3.8/site-packages/airflow/example_dags/example_latest_only.py for tasks to queue
[2025-03-06T12:46:36.417+0000] {logging_mixin.py:154} INFO - [2025-03-06T12:46:36.416+0000] {dagbag.py:536} INFO - Filling up the DagBag from /home/airflow/.local/lib/python3.8/site-packages/airflow/example_dags/example_latest_only.py
[2025-03-06T12:46:36.418+0000] {processor.py:839} INFO - DAG(s) dict_keys(['latest_only']) retrieved from /home/airflow/.local/lib/python3.8/site-packages/airflow/example_dags/example_latest_only.py
[2025-03-06T12:46:36.430+0000] {logging_mixin.py:154} INFO - [2025-03-06T12:46:36.428+0000] {dag.py:2941} INFO - Sync 1 DAGs
[2025-03-06T12:46:36.438+0000] {logging_mixin.py:154} INFO - [2025-03-06T12:46:36.438+0000] {dag.py:3722} INFO - Setting next_dagrun for latest_only to 2025-03-06T08:46:36.438667+00:00, run_after=2025-03-06T12:46:36.438667+00:00
[2025-03-06T12:46:36.448+0000] {processor.py:179} INFO - Processing /home/airflow/.local/lib/python3.8/site-packages/airflow/example_dags/example_latest_only.py took 0.036 seconds
[2025-03-06T12:47:06.881+0000] {processor.py:157} INFO - Started process (PID=15701) to work on /home/airflow/.local/lib/python3.8/site-packages/airflow/example_dags/example_latest_only.py
[2025-03-06T12:47:06.882+0000] {processor.py:829} INFO - Processing file /home/airflow/.local/lib/python3.8/site-packages/airflow/example_dags/example_latest_only.py for tasks to queue
[2025-03-06T12:47:06.884+0000] {logging_mixin.py:154} INFO - [2025-03-06T12:47:06.884+0000] {dagbag.py:536} INFO - Filling up the DagBag from /home/airflow/.local/lib/python3.8/site-packages/airflow/example_dags/example_latest_only.py
[2025-03-06T12:47:06.887+0000] {processor.py:839} INFO - DAG(s) dict_keys(['latest_only']) retrieved from /home/airflow/.local/lib/python3.8/site-packages/airflow/example_dags/example_latest_only.py
[2025-03-06T12:47:06.897+0000] {logging_mixin.py:154} INFO - [2025-03-06T12:47:06.897+0000] {dag.py:2941} INFO - Sync 1 DAGs
[2025-03-06T12:47:06.905+0000] {logging_mixin.py:154} INFO - [2025-03-06T12:47:06.905+0000] {dag.py:3722} INFO - Setting next_dagrun for latest_only to 2025-03-06T08:47:06.905346+00:00, run_after=2025-03-06T12:47:06.905346+00:00
[2025-03-06T12:47:06.912+0000] {processor.py:179} INFO - Processing /home/airflow/.local/lib/python3.8/site-packages/airflow/example_dags/example_latest_only.py took 0.033 seconds
[2025-03-06T12:47:37.408+0000] {processor.py:157} INFO - Started process (PID=15757) to work on /home/airflow/.local/lib/python3.8/site-packages/airflow/example_dags/example_latest_only.py
[2025-03-06T12:47:37.409+0000] {processor.py:829} INFO - Processing file /home/airflow/.local/lib/python3.8/site-packages/airflow/example_dags/example_latest_only.py for tasks to queue
[2025-03-06T12:47:37.410+0000] {logging_mixin.py:154} INFO - [2025-03-06T12:47:37.410+0000] {dagbag.py:536} INFO - Filling up the DagBag from /home/airflow/.local/lib/python3.8/site-packages/airflow/example_dags/example_latest_only.py
[2025-03-06T12:47:37.413+0000] {processor.py:839} INFO - DAG(s) dict_keys(['latest_only']) retrieved from /home/airflow/.local/lib/python3.8/site-packages/airflow/example_dags/example_latest_only.py
[2025-03-06T12:47:37.424+0000] {logging_mixin.py:154} INFO - [2025-03-06T12:47:37.423+0000] {dag.py:2941} INFO - Sync 1 DAGs
[2025-03-06T12:47:37.436+0000] {logging_mixin.py:154} INFO - [2025-03-06T12:47:37.436+0000] {dag.py:3722} INFO - Setting next_dagrun for latest_only to 2025-03-06T08:47:37.436063+00:00, run_after=2025-03-06T12:47:37.436063+00:00
[2025-03-06T12:47:37.445+0000] {processor.py:179} INFO - Processing /home/airflow/.local/lib/python3.8/site-packages/airflow/example_dags/example_latest_only.py took 0.039 seconds
[2025-03-06T12:48:08.037+0000] {processor.py:157} INFO - Started process (PID=15817) to work on /home/airflow/.local/lib/python3.8/site-packages/airflow/example_dags/example_latest_only.py
[2025-03-06T12:48:08.038+0000] {processor.py:829} INFO - Processing file /home/airflow/.local/lib/python3.8/site-packages/airflow/example_dags/example_latest_only.py for tasks to queue
[2025-03-06T12:48:08.039+0000] {logging_mixin.py:154} INFO - [2025-03-06T12:48:08.039+0000] {dagbag.py:536} INFO - Filling up the DagBag from /home/airflow/.local/lib/python3.8/site-packages/airflow/example_dags/example_latest_only.py
[2025-03-06T12:48:08.041+0000] {processor.py:839} INFO - DAG(s) dict_keys(['latest_only']) retrieved from /home/airflow/.local/lib/python3.8/site-packages/airflow/example_dags/example_latest_only.py
[2025-03-06T12:48:08.050+0000] {logging_mixin.py:154} INFO - [2025-03-06T12:48:08.050+0000] {dag.py:2941} INFO - Sync 1 DAGs
[2025-03-06T12:48:08.059+0000] {logging_mixin.py:154} INFO - [2025-03-06T12:48:08.059+0000] {dag.py:3722} INFO - Setting next_dagrun for latest_only to 2025-03-06T08:48:08.059392+00:00, run_after=2025-03-06T12:48:08.059392+00:00
[2025-03-06T12:48:08.067+0000] {processor.py:179} INFO - Processing /home/airflow/.local/lib/python3.8/site-packages/airflow/example_dags/example_latest_only.py took 0.031 seconds
[2025-03-06T12:48:38.544+0000] {processor.py:157} INFO - Started process (PID=15873) to work on /home/airflow/.local/lib/python3.8/site-packages/airflow/example_dags/example_latest_only.py
[2025-03-06T12:48:38.544+0000] {processor.py:829} INFO - Processing file /home/airflow/.local/lib/python3.8/site-packages/airflow/example_dags/example_latest_only.py for tasks to queue
[2025-03-06T12:48:38.546+0000] {logging_mixin.py:154} INFO - [2025-03-06T12:48:38.545+0000] {dagbag.py:536} INFO - Filling up the DagBag from /home/airflow/.local/lib/python3.8/site-packages/airflow/example_dags/example_latest_only.py
[2025-03-06T12:48:38.548+0000] {processor.py:839} INFO - DAG(s) dict_keys(['latest_only']) retrieved from /home/airflow/.local/lib/python3.8/site-packages/airflow/example_dags/example_latest_only.py
[2025-03-06T12:48:38.556+0000] {logging_mixin.py:154} INFO - [2025-03-06T12:48:38.556+0000] {dag.py:2941} INFO - Sync 1 DAGs
[2025-03-06T12:48:38.566+0000] {logging_mixin.py:154} INFO - [2025-03-06T12:48:38.566+0000] {dag.py:3722} INFO - Setting next_dagrun for latest_only to 2025-03-06T08:48:38.566101+00:00, run_after=2025-03-06T12:48:38.566101+00:00
[2025-03-06T12:48:38.575+0000] {processor.py:179} INFO - Processing /home/airflow/.local/lib/python3.8/site-packages/airflow/example_dags/example_latest_only.py took 0.033 seconds
[2025-03-06T12:49:09.110+0000] {processor.py:157} INFO - Started process (PID=15929) to work on /home/airflow/.local/lib/python3.8/site-packages/airflow/example_dags/example_latest_only.py
[2025-03-06T12:49:09.111+0000] {processor.py:829} INFO - Processing file /home/airflow/.local/lib/python3.8/site-packages/airflow/example_dags/example_latest_only.py for tasks to queue
[2025-03-06T12:49:09.112+0000] {logging_mixin.py:154} INFO - [2025-03-06T12:49:09.112+0000] {dagbag.py:536} INFO - Filling up the DagBag from /home/airflow/.local/lib/python3.8/site-packages/airflow/example_dags/example_latest_only.py
[2025-03-06T12:49:09.114+0000] {processor.py:839} INFO - DAG(s) dict_keys(['latest_only']) retrieved from /home/airflow/.local/lib/python3.8/site-packages/airflow/example_dags/example_latest_only.py
[2025-03-06T12:49:09.122+0000] {logging_mixin.py:154} INFO - [2025-03-06T12:49:09.122+0000] {dag.py:2941} INFO - Sync 1 DAGs
[2025-03-06T12:49:09.131+0000] {logging_mixin.py:154} INFO - [2025-03-06T12:49:09.131+0000] {dag.py:3722} INFO - Setting next_dagrun for latest_only to 2025-03-06T08:49:09.131370+00:00, run_after=2025-03-06T12:49:09.131370+00:00
[2025-03-06T12:49:09.141+0000] {processor.py:179} INFO - Processing /home/airflow/.local/lib/python3.8/site-packages/airflow/example_dags/example_latest_only.py took 0.032 seconds
[2025-03-06T12:49:39.785+0000] {processor.py:157} INFO - Started process (PID=15989) to work on /home/airflow/.local/lib/python3.8/site-packages/airflow/example_dags/example_latest_only.py
[2025-03-06T12:49:39.786+0000] {processor.py:829} INFO - Processing file /home/airflow/.local/lib/python3.8/site-packages/airflow/example_dags/example_latest_only.py for tasks to queue
[2025-03-06T12:49:39.787+0000] {logging_mixin.py:154} INFO - [2025-03-06T12:49:39.787+0000] {dagbag.py:536} INFO - Filling up the DagBag from /home/airflow/.local/lib/python3.8/site-packages/airflow/example_dags/example_latest_only.py
[2025-03-06T12:49:39.789+0000] {processor.py:839} INFO - DAG(s) dict_keys(['latest_only']) retrieved from /home/airflow/.local/lib/python3.8/site-packages/airflow/example_dags/example_latest_only.py
[2025-03-06T12:49:39.797+0000] {logging_mixin.py:154} INFO - [2025-03-06T12:49:39.797+0000] {dag.py:2941} INFO - Sync 1 DAGs
[2025-03-06T12:49:39.805+0000] {logging_mixin.py:154} INFO - [2025-03-06T12:49:39.805+0000] {dag.py:3722} INFO - Setting next_dagrun for latest_only to 2025-03-06T08:49:39.805392+00:00, run_after=2025-03-06T12:49:39.805392+00:00
[2025-03-06T12:49:39.811+0000] {processor.py:179} INFO - Processing /home/airflow/.local/lib/python3.8/site-packages/airflow/example_dags/example_latest_only.py took 0.027 seconds
[2025-03-06T12:50:10.346+0000] {processor.py:157} INFO - Started process (PID=16051) to work on /home/airflow/.local/lib/python3.8/site-packages/airflow/example_dags/example_latest_only.py
[2025-03-06T12:50:10.347+0000] {processor.py:829} INFO - Processing file /home/airflow/.local/lib/python3.8/site-packages/airflow/example_dags/example_latest_only.py for tasks to queue
[2025-03-06T12:50:10.349+0000] {logging_mixin.py:154} INFO - [2025-03-06T12:50:10.349+0000] {dagbag.py:536} INFO - Filling up the DagBag from /home/airflow/.local/lib/python3.8/site-packages/airflow/example_dags/example_latest_only.py
[2025-03-06T12:50:10.353+0000] {processor.py:839} INFO - DAG(s) dict_keys(['latest_only']) retrieved from /home/airflow/.local/lib/python3.8/site-packages/airflow/example_dags/example_latest_only.py
[2025-03-06T12:50:10.364+0000] {logging_mixin.py:154} INFO - [2025-03-06T12:50:10.364+0000] {dag.py:2941} INFO - Sync 1 DAGs
[2025-03-06T12:50:10.372+0000] {logging_mixin.py:154} INFO - [2025-03-06T12:50:10.372+0000] {dag.py:3722} INFO - Setting next_dagrun for latest_only to 2025-03-06T08:50:10.372130+00:00, run_after=2025-03-06T12:50:10.372130+00:00
[2025-03-06T12:50:10.378+0000] {processor.py:179} INFO - Processing /home/airflow/.local/lib/python3.8/site-packages/airflow/example_dags/example_latest_only.py took 0.033 seconds
[2025-03-06T12:50:40.828+0000] {processor.py:157} INFO - Started process (PID=16107) to work on /home/airflow/.local/lib/python3.8/site-packages/airflow/example_dags/example_latest_only.py
[2025-03-06T12:50:40.828+0000] {processor.py:829} INFO - Processing file /home/airflow/.local/lib/python3.8/site-packages/airflow/example_dags/example_latest_only.py for tasks to queue
[2025-03-06T12:50:40.829+0000] {logging_mixin.py:154} INFO - [2025-03-06T12:50:40.829+0000] {dagbag.py:536} INFO - Filling up the DagBag from /home/airflow/.local/lib/python3.8/site-packages/airflow/example_dags/example_latest_only.py
[2025-03-06T12:50:40.832+0000] {processor.py:839} INFO - DAG(s) dict_keys(['latest_only']) retrieved from /home/airflow/.local/lib/python3.8/site-packages/airflow/example_dags/example_latest_only.py
[2025-03-06T12:50:40.843+0000] {logging_mixin.py:154} INFO - [2025-03-06T12:50:40.842+0000] {dag.py:2941} INFO - Sync 1 DAGs
[2025-03-06T12:50:40.850+0000] {logging_mixin.py:154} INFO - [2025-03-06T12:50:40.850+0000] {dag.py:3722} INFO - Setting next_dagrun for latest_only to 2025-03-06T08:50:40.850733+00:00, run_after=2025-03-06T12:50:40.850733+00:00
[2025-03-06T12:50:40.859+0000] {processor.py:179} INFO - Processing /home/airflow/.local/lib/python3.8/site-packages/airflow/example_dags/example_latest_only.py took 0.032 seconds
[2025-03-06T12:51:11.304+0000] {processor.py:157} INFO - Started process (PID=16163) to work on /home/airflow/.local/lib/python3.8/site-packages/airflow/example_dags/example_latest_only.py
[2025-03-06T12:51:11.305+0000] {processor.py:829} INFO - Processing file /home/airflow/.local/lib/python3.8/site-packages/airflow/example_dags/example_latest_only.py for tasks to queue
[2025-03-06T12:51:11.306+0000] {logging_mixin.py:154} INFO - [2025-03-06T12:51:11.306+0000] {dagbag.py:536} INFO - Filling up the DagBag from /home/airflow/.local/lib/python3.8/site-packages/airflow/example_dags/example_latest_only.py
[2025-03-06T12:51:11.308+0000] {processor.py:839} INFO - DAG(s) dict_keys(['latest_only']) retrieved from /home/airflow/.local/lib/python3.8/site-packages/airflow/example_dags/example_latest_only.py
[2025-03-06T12:51:11.318+0000] {logging_mixin.py:154} INFO - [2025-03-06T12:51:11.318+0000] {dag.py:2941} INFO - Sync 1 DAGs
[2025-03-06T12:51:11.328+0000] {logging_mixin.py:154} INFO - [2025-03-06T12:51:11.328+0000] {dag.py:3722} INFO - Setting next_dagrun for latest_only to 2025-03-06T08:51:11.328204+00:00, run_after=2025-03-06T12:51:11.328204+00:00
[2025-03-06T12:51:11.334+0000] {processor.py:179} INFO - Processing /home/airflow/.local/lib/python3.8/site-packages/airflow/example_dags/example_latest_only.py took 0.032 seconds
[2025-03-06T12:51:41.813+0000] {processor.py:157} INFO - Started process (PID=16219) to work on /home/airflow/.local/lib/python3.8/site-packages/airflow/example_dags/example_latest_only.py
[2025-03-06T12:51:41.814+0000] {processor.py:829} INFO - Processing file /home/airflow/.local/lib/python3.8/site-packages/airflow/example_dags/example_latest_only.py for tasks to queue
[2025-03-06T12:51:41.815+0000] {logging_mixin.py:154} INFO - [2025-03-06T12:51:41.815+0000] {dagbag.py:536} INFO - Filling up the DagBag from /home/airflow/.local/lib/python3.8/site-packages/airflow/example_dags/example_latest_only.py
[2025-03-06T12:51:41.817+0000] {processor.py:839} INFO - DAG(s) dict_keys(['latest_only']) retrieved from /home/airflow/.local/lib/python3.8/site-packages/airflow/example_dags/example_latest_only.py
[2025-03-06T12:51:41.826+0000] {logging_mixin.py:154} INFO - [2025-03-06T12:51:41.826+0000] {dag.py:2941} INFO - Sync 1 DAGs
[2025-03-06T12:51:41.836+0000] {logging_mixin.py:154} INFO - [2025-03-06T12:51:41.836+0000] {dag.py:3722} INFO - Setting next_dagrun for latest_only to 2025-03-06T08:51:41.836635+00:00, run_after=2025-03-06T12:51:41.836635+00:00
[2025-03-06T12:51:41.846+0000] {processor.py:179} INFO - Processing /home/airflow/.local/lib/python3.8/site-packages/airflow/example_dags/example_latest_only.py took 0.034 seconds
[2025-03-06T12:52:12.393+0000] {processor.py:157} INFO - Started process (PID=16275) to work on /home/airflow/.local/lib/python3.8/site-packages/airflow/example_dags/example_latest_only.py
[2025-03-06T12:52:12.393+0000] {processor.py:829} INFO - Processing file /home/airflow/.local/lib/python3.8/site-packages/airflow/example_dags/example_latest_only.py for tasks to queue
[2025-03-06T12:52:12.394+0000] {logging_mixin.py:154} INFO - [2025-03-06T12:52:12.394+0000] {dagbag.py:536} INFO - Filling up the DagBag from /home/airflow/.local/lib/python3.8/site-packages/airflow/example_dags/example_latest_only.py
[2025-03-06T12:52:12.396+0000] {processor.py:839} INFO - DAG(s) dict_keys(['latest_only']) retrieved from /home/airflow/.local/lib/python3.8/site-packages/airflow/example_dags/example_latest_only.py
[2025-03-06T12:52:12.408+0000] {logging_mixin.py:154} INFO - [2025-03-06T12:52:12.408+0000] {dag.py:2941} INFO - Sync 1 DAGs
[2025-03-06T12:52:12.417+0000] {logging_mixin.py:154} INFO - [2025-03-06T12:52:12.417+0000] {dag.py:3722} INFO - Setting next_dagrun for latest_only to 2025-03-06T08:52:12.417236+00:00, run_after=2025-03-06T12:52:12.417236+00:00
[2025-03-06T12:52:12.426+0000] {processor.py:179} INFO - Processing /home/airflow/.local/lib/python3.8/site-packages/airflow/example_dags/example_latest_only.py took 0.035 seconds
[2025-03-06T12:52:42.934+0000] {processor.py:157} INFO - Started process (PID=16331) to work on /home/airflow/.local/lib/python3.8/site-packages/airflow/example_dags/example_latest_only.py
[2025-03-06T12:52:42.934+0000] {processor.py:829} INFO - Processing file /home/airflow/.local/lib/python3.8/site-packages/airflow/example_dags/example_latest_only.py for tasks to queue
[2025-03-06T12:52:42.936+0000] {logging_mixin.py:154} INFO - [2025-03-06T12:52:42.935+0000] {dagbag.py:536} INFO - Filling up the DagBag from /home/airflow/.local/lib/python3.8/site-packages/airflow/example_dags/example_latest_only.py
[2025-03-06T12:52:42.939+0000] {processor.py:839} INFO - DAG(s) dict_keys(['latest_only']) retrieved from /home/airflow/.local/lib/python3.8/site-packages/airflow/example_dags/example_latest_only.py
[2025-03-06T12:52:42.951+0000] {logging_mixin.py:154} INFO - [2025-03-06T12:52:42.950+0000] {dag.py:2941} INFO - Sync 1 DAGs
[2025-03-06T12:52:42.961+0000] {logging_mixin.py:154} INFO - [2025-03-06T12:52:42.961+0000] {dag.py:3722} INFO - Setting next_dagrun for latest_only to 2025-03-06T08:52:42.961257+00:00, run_after=2025-03-06T12:52:42.961257+00:00
[2025-03-06T12:52:42.972+0000] {processor.py:179} INFO - Processing /home/airflow/.local/lib/python3.8/site-packages/airflow/example_dags/example_latest_only.py took 0.040 seconds
[2025-03-06T12:53:13.414+0000] {processor.py:157} INFO - Started process (PID=16387) to work on /home/airflow/.local/lib/python3.8/site-packages/airflow/example_dags/example_latest_only.py
[2025-03-06T12:53:13.415+0000] {processor.py:829} INFO - Processing file /home/airflow/.local/lib/python3.8/site-packages/airflow/example_dags/example_latest_only.py for tasks to queue
[2025-03-06T12:53:13.416+0000] {logging_mixin.py:154} INFO - [2025-03-06T12:53:13.416+0000] {dagbag.py:536} INFO - Filling up the DagBag from /home/airflow/.local/lib/python3.8/site-packages/airflow/example_dags/example_latest_only.py
[2025-03-06T12:53:13.418+0000] {processor.py:839} INFO - DAG(s) dict_keys(['latest_only']) retrieved from /home/airflow/.local/lib/python3.8/site-packages/airflow/example_dags/example_latest_only.py
[2025-03-06T12:53:13.426+0000] {logging_mixin.py:154} INFO - [2025-03-06T12:53:13.425+0000] {dag.py:2941} INFO - Sync 1 DAGs
[2025-03-06T12:53:13.434+0000] {logging_mixin.py:154} INFO - [2025-03-06T12:53:13.434+0000] {dag.py:3722} INFO - Setting next_dagrun for latest_only to 2025-03-06T08:53:13.434351+00:00, run_after=2025-03-06T12:53:13.434351+00:00
[2025-03-06T12:53:13.443+0000] {processor.py:179} INFO - Processing /home/airflow/.local/lib/python3.8/site-packages/airflow/example_dags/example_latest_only.py took 0.031 seconds
[2025-03-06T12:53:43.919+0000] {processor.py:157} INFO - Started process (PID=16443) to work on /home/airflow/.local/lib/python3.8/site-packages/airflow/example_dags/example_latest_only.py
[2025-03-06T12:53:43.920+0000] {processor.py:829} INFO - Processing file /home/airflow/.local/lib/python3.8/site-packages/airflow/example_dags/example_latest_only.py for tasks to queue
[2025-03-06T12:53:43.921+0000] {logging_mixin.py:154} INFO - [2025-03-06T12:53:43.921+0000] {dagbag.py:536} INFO - Filling up the DagBag from /home/airflow/.local/lib/python3.8/site-packages/airflow/example_dags/example_latest_only.py
[2025-03-06T12:53:43.924+0000] {processor.py:839} INFO - DAG(s) dict_keys(['latest_only']) retrieved from /home/airflow/.local/lib/python3.8/site-packages/airflow/example_dags/example_latest_only.py
[2025-03-06T12:53:43.934+0000] {logging_mixin.py:154} INFO - [2025-03-06T12:53:43.934+0000] {dag.py:2941} INFO - Sync 1 DAGs
[2025-03-06T12:53:43.943+0000] {logging_mixin.py:154} INFO - [2025-03-06T12:53:43.943+0000] {dag.py:3722} INFO - Setting next_dagrun for latest_only to 2025-03-06T08:53:43.943635+00:00, run_after=2025-03-06T12:53:43.943635+00:00
[2025-03-06T12:53:43.951+0000] {processor.py:179} INFO - Processing /home/airflow/.local/lib/python3.8/site-packages/airflow/example_dags/example_latest_only.py took 0.033 seconds
[2025-03-06T12:54:14.418+0000] {processor.py:157} INFO - Started process (PID=16499) to work on /home/airflow/.local/lib/python3.8/site-packages/airflow/example_dags/example_latest_only.py
[2025-03-06T12:54:14.420+0000] {processor.py:829} INFO - Processing file /home/airflow/.local/lib/python3.8/site-packages/airflow/example_dags/example_latest_only.py for tasks to queue
[2025-03-06T12:54:14.422+0000] {logging_mixin.py:154} INFO - [2025-03-06T12:54:14.422+0000] {dagbag.py:536} INFO - Filling up the DagBag from /home/airflow/.local/lib/python3.8/site-packages/airflow/example_dags/example_latest_only.py
[2025-03-06T12:54:14.425+0000] {processor.py:839} INFO - DAG(s) dict_keys(['latest_only']) retrieved from /home/airflow/.local/lib/python3.8/site-packages/airflow/example_dags/example_latest_only.py
[2025-03-06T12:54:14.437+0000] {logging_mixin.py:154} INFO - [2025-03-06T12:54:14.437+0000] {dag.py:2941} INFO - Sync 1 DAGs
[2025-03-06T12:54:14.447+0000] {logging_mixin.py:154} INFO - [2025-03-06T12:54:14.447+0000] {dag.py:3722} INFO - Setting next_dagrun for latest_only to 2025-03-06T08:54:14.447068+00:00, run_after=2025-03-06T12:54:14.447068+00:00
[2025-03-06T12:54:14.459+0000] {processor.py:179} INFO - Processing /home/airflow/.local/lib/python3.8/site-packages/airflow/example_dags/example_latest_only.py took 0.042 seconds
[2025-03-06T12:54:44.898+0000] {processor.py:157} INFO - Started process (PID=16555) to work on /home/airflow/.local/lib/python3.8/site-packages/airflow/example_dags/example_latest_only.py
[2025-03-06T12:54:44.898+0000] {processor.py:829} INFO - Processing file /home/airflow/.local/lib/python3.8/site-packages/airflow/example_dags/example_latest_only.py for tasks to queue
[2025-03-06T12:54:44.900+0000] {logging_mixin.py:154} INFO - [2025-03-06T12:54:44.900+0000] {dagbag.py:536} INFO - Filling up the DagBag from /home/airflow/.local/lib/python3.8/site-packages/airflow/example_dags/example_latest_only.py
[2025-03-06T12:54:44.902+0000] {processor.py:839} INFO - DAG(s) dict_keys(['latest_only']) retrieved from /home/airflow/.local/lib/python3.8/site-packages/airflow/example_dags/example_latest_only.py
[2025-03-06T12:54:44.914+0000] {logging_mixin.py:154} INFO - [2025-03-06T12:54:44.913+0000] {dag.py:2941} INFO - Sync 1 DAGs
[2025-03-06T12:54:44.924+0000] {logging_mixin.py:154} INFO - [2025-03-06T12:54:44.924+0000] {dag.py:3722} INFO - Setting next_dagrun for latest_only to 2025-03-06T08:54:44.924183+00:00, run_after=2025-03-06T12:54:44.924183+00:00
[2025-03-06T12:54:44.933+0000] {processor.py:179} INFO - Processing /home/airflow/.local/lib/python3.8/site-packages/airflow/example_dags/example_latest_only.py took 0.037 seconds
[2025-03-06T12:55:15.457+0000] {processor.py:157} INFO - Started process (PID=16611) to work on /home/airflow/.local/lib/python3.8/site-packages/airflow/example_dags/example_latest_only.py
[2025-03-06T12:55:15.457+0000] {processor.py:829} INFO - Processing file /home/airflow/.local/lib/python3.8/site-packages/airflow/example_dags/example_latest_only.py for tasks to queue
[2025-03-06T12:55:15.459+0000] {logging_mixin.py:154} INFO - [2025-03-06T12:55:15.459+0000] {dagbag.py:536} INFO - Filling up the DagBag from /home/airflow/.local/lib/python3.8/site-packages/airflow/example_dags/example_latest_only.py
[2025-03-06T12:55:15.461+0000] {processor.py:839} INFO - DAG(s) dict_keys(['latest_only']) retrieved from /home/airflow/.local/lib/python3.8/site-packages/airflow/example_dags/example_latest_only.py
[2025-03-06T12:55:15.471+0000] {logging_mixin.py:154} INFO - [2025-03-06T12:55:15.470+0000] {dag.py:2941} INFO - Sync 1 DAGs
[2025-03-06T12:55:15.479+0000] {logging_mixin.py:154} INFO - [2025-03-06T12:55:15.479+0000] {dag.py:3722} INFO - Setting next_dagrun for latest_only to 2025-03-06T08:55:15.479764+00:00, run_after=2025-03-06T12:55:15.479764+00:00
[2025-03-06T12:55:15.489+0000] {processor.py:179} INFO - Processing /home/airflow/.local/lib/python3.8/site-packages/airflow/example_dags/example_latest_only.py took 0.034 seconds
[2025-03-06T12:55:45.999+0000] {processor.py:157} INFO - Started process (PID=16667) to work on /home/airflow/.local/lib/python3.8/site-packages/airflow/example_dags/example_latest_only.py
[2025-03-06T12:55:46.000+0000] {processor.py:829} INFO - Processing file /home/airflow/.local/lib/python3.8/site-packages/airflow/example_dags/example_latest_only.py for tasks to queue
[2025-03-06T12:55:46.002+0000] {logging_mixin.py:154} INFO - [2025-03-06T12:55:46.001+0000] {dagbag.py:536} INFO - Filling up the DagBag from /home/airflow/.local/lib/python3.8/site-packages/airflow/example_dags/example_latest_only.py
[2025-03-06T12:55:46.004+0000] {processor.py:839} INFO - DAG(s) dict_keys(['latest_only']) retrieved from /home/airflow/.local/lib/python3.8/site-packages/airflow/example_dags/example_latest_only.py
[2025-03-06T12:55:46.014+0000] {logging_mixin.py:154} INFO - [2025-03-06T12:55:46.013+0000] {dag.py:2941} INFO - Sync 1 DAGs
[2025-03-06T12:55:46.023+0000] {logging_mixin.py:154} INFO - [2025-03-06T12:55:46.023+0000] {dag.py:3722} INFO - Setting next_dagrun for latest_only to 2025-03-06T08:55:46.022995+00:00, run_after=2025-03-06T12:55:46.022995+00:00
[2025-03-06T12:55:46.030+0000] {processor.py:179} INFO - Processing /home/airflow/.local/lib/python3.8/site-packages/airflow/example_dags/example_latest_only.py took 0.033 seconds
[2025-03-06T12:56:16.555+0000] {processor.py:157} INFO - Started process (PID=16722) to work on /home/airflow/.local/lib/python3.8/site-packages/airflow/example_dags/example_latest_only.py
[2025-03-06T12:56:16.556+0000] {processor.py:829} INFO - Processing file /home/airflow/.local/lib/python3.8/site-packages/airflow/example_dags/example_latest_only.py for tasks to queue
[2025-03-06T12:56:16.556+0000] {logging_mixin.py:154} INFO - [2025-03-06T12:56:16.556+0000] {dagbag.py:536} INFO - Filling up the DagBag from /home/airflow/.local/lib/python3.8/site-packages/airflow/example_dags/example_latest_only.py
[2025-03-06T12:56:16.559+0000] {processor.py:839} INFO - DAG(s) dict_keys(['latest_only']) retrieved from /home/airflow/.local/lib/python3.8/site-packages/airflow/example_dags/example_latest_only.py
[2025-03-06T12:56:16.567+0000] {logging_mixin.py:154} INFO - [2025-03-06T12:56:16.567+0000] {dag.py:2941} INFO - Sync 1 DAGs
[2025-03-06T12:56:16.574+0000] {logging_mixin.py:154} INFO - [2025-03-06T12:56:16.574+0000] {dag.py:3722} INFO - Setting next_dagrun for latest_only to 2025-03-06T08:56:16.574446+00:00, run_after=2025-03-06T12:56:16.574446+00:00
[2025-03-06T12:56:16.580+0000] {processor.py:179} INFO - Processing /home/airflow/.local/lib/python3.8/site-packages/airflow/example_dags/example_latest_only.py took 0.026 seconds
[2025-03-06T12:56:47.041+0000] {processor.py:157} INFO - Started process (PID=16777) to work on /home/airflow/.local/lib/python3.8/site-packages/airflow/example_dags/example_latest_only.py
[2025-03-06T12:56:47.042+0000] {processor.py:829} INFO - Processing file /home/airflow/.local/lib/python3.8/site-packages/airflow/example_dags/example_latest_only.py for tasks to queue
[2025-03-06T12:56:47.043+0000] {logging_mixin.py:154} INFO - [2025-03-06T12:56:47.043+0000] {dagbag.py:536} INFO - Filling up the DagBag from /home/airflow/.local/lib/python3.8/site-packages/airflow/example_dags/example_latest_only.py
[2025-03-06T12:56:47.047+0000] {processor.py:839} INFO - DAG(s) dict_keys(['latest_only']) retrieved from /home/airflow/.local/lib/python3.8/site-packages/airflow/example_dags/example_latest_only.py
[2025-03-06T12:56:47.057+0000] {logging_mixin.py:154} INFO - [2025-03-06T12:56:47.057+0000] {dag.py:2941} INFO - Sync 1 DAGs
[2025-03-06T12:56:47.067+0000] {logging_mixin.py:154} INFO - [2025-03-06T12:56:47.067+0000] {dag.py:3722} INFO - Setting next_dagrun for latest_only to 2025-03-06T08:56:47.067710+00:00, run_after=2025-03-06T12:56:47.067710+00:00
[2025-03-06T12:56:47.079+0000] {processor.py:179} INFO - Processing /home/airflow/.local/lib/python3.8/site-packages/airflow/example_dags/example_latest_only.py took 0.039 seconds
[2025-03-06T12:57:17.612+0000] {processor.py:157} INFO - Started process (PID=16832) to work on /home/airflow/.local/lib/python3.8/site-packages/airflow/example_dags/example_latest_only.py
[2025-03-06T12:57:17.613+0000] {processor.py:829} INFO - Processing file /home/airflow/.local/lib/python3.8/site-packages/airflow/example_dags/example_latest_only.py for tasks to queue
[2025-03-06T12:57:17.614+0000] {logging_mixin.py:154} INFO - [2025-03-06T12:57:17.614+0000] {dagbag.py:536} INFO - Filling up the DagBag from /home/airflow/.local/lib/python3.8/site-packages/airflow/example_dags/example_latest_only.py
[2025-03-06T12:57:17.617+0000] {processor.py:839} INFO - DAG(s) dict_keys(['latest_only']) retrieved from /home/airflow/.local/lib/python3.8/site-packages/airflow/example_dags/example_latest_only.py
[2025-03-06T12:57:17.628+0000] {logging_mixin.py:154} INFO - [2025-03-06T12:57:17.628+0000] {dag.py:2941} INFO - Sync 1 DAGs
[2025-03-06T12:57:17.636+0000] {logging_mixin.py:154} INFO - [2025-03-06T12:57:17.635+0000] {dag.py:3722} INFO - Setting next_dagrun for latest_only to 2025-03-06T08:57:17.635884+00:00, run_after=2025-03-06T12:57:17.635884+00:00
[2025-03-06T12:57:17.644+0000] {processor.py:179} INFO - Processing /home/airflow/.local/lib/python3.8/site-packages/airflow/example_dags/example_latest_only.py took 0.033 seconds
[2025-03-06T12:57:48.185+0000] {processor.py:157} INFO - Started process (PID=16887) to work on /home/airflow/.local/lib/python3.8/site-packages/airflow/example_dags/example_latest_only.py
[2025-03-06T12:57:48.185+0000] {processor.py:829} INFO - Processing file /home/airflow/.local/lib/python3.8/site-packages/airflow/example_dags/example_latest_only.py for tasks to queue
[2025-03-06T12:57:48.185+0000] {logging_mixin.py:154} INFO - [2025-03-06T12:57:48.185+0000] {dagbag.py:536} INFO - Filling up the DagBag from /home/airflow/.local/lib/python3.8/site-packages/airflow/example_dags/example_latest_only.py
[2025-03-06T12:57:48.188+0000] {processor.py:839} INFO - DAG(s) dict_keys(['latest_only']) retrieved from /home/airflow/.local/lib/python3.8/site-packages/airflow/example_dags/example_latest_only.py
[2025-03-06T12:57:48.199+0000] {logging_mixin.py:154} INFO - [2025-03-06T12:57:48.198+0000] {dag.py:2941} INFO - Sync 1 DAGs
[2025-03-06T12:57:48.208+0000] {logging_mixin.py:154} INFO - [2025-03-06T12:57:48.208+0000] {dag.py:3722} INFO - Setting next_dagrun for latest_only to 2025-03-06T08:57:48.208303+00:00, run_after=2025-03-06T12:57:48.208303+00:00
[2025-03-06T12:57:48.215+0000] {processor.py:179} INFO - Processing /home/airflow/.local/lib/python3.8/site-packages/airflow/example_dags/example_latest_only.py took 0.032 seconds
[2025-03-06T12:58:18.659+0000] {processor.py:157} INFO - Started process (PID=16942) to work on /home/airflow/.local/lib/python3.8/site-packages/airflow/example_dags/example_latest_only.py
[2025-03-06T12:58:18.660+0000] {processor.py:829} INFO - Processing file /home/airflow/.local/lib/python3.8/site-packages/airflow/example_dags/example_latest_only.py for tasks to queue
[2025-03-06T12:58:18.660+0000] {logging_mixin.py:154} INFO - [2025-03-06T12:58:18.660+0000] {dagbag.py:536} INFO - Filling up the DagBag from /home/airflow/.local/lib/python3.8/site-packages/airflow/example_dags/example_latest_only.py
[2025-03-06T12:58:18.663+0000] {processor.py:839} INFO - DAG(s) dict_keys(['latest_only']) retrieved from /home/airflow/.local/lib/python3.8/site-packages/airflow/example_dags/example_latest_only.py
[2025-03-06T12:58:18.671+0000] {logging_mixin.py:154} INFO - [2025-03-06T12:58:18.671+0000] {dag.py:2941} INFO - Sync 1 DAGs
[2025-03-06T12:58:18.681+0000] {logging_mixin.py:154} INFO - [2025-03-06T12:58:18.681+0000] {dag.py:3722} INFO - Setting next_dagrun for latest_only to 2025-03-06T08:58:18.681653+00:00, run_after=2025-03-06T12:58:18.681653+00:00
[2025-03-06T12:58:18.690+0000] {processor.py:179} INFO - Processing /home/airflow/.local/lib/python3.8/site-packages/airflow/example_dags/example_latest_only.py took 0.032 seconds
[2025-03-06T12:58:49.128+0000] {processor.py:157} INFO - Started process (PID=16997) to work on /home/airflow/.local/lib/python3.8/site-packages/airflow/example_dags/example_latest_only.py
[2025-03-06T12:58:49.129+0000] {processor.py:829} INFO - Processing file /home/airflow/.local/lib/python3.8/site-packages/airflow/example_dags/example_latest_only.py for tasks to queue
[2025-03-06T12:58:49.129+0000] {logging_mixin.py:154} INFO - [2025-03-06T12:58:49.129+0000] {dagbag.py:536} INFO - Filling up the DagBag from /home/airflow/.local/lib/python3.8/site-packages/airflow/example_dags/example_latest_only.py
[2025-03-06T12:58:49.132+0000] {processor.py:839} INFO - DAG(s) dict_keys(['latest_only']) retrieved from /home/airflow/.local/lib/python3.8/site-packages/airflow/example_dags/example_latest_only.py
[2025-03-06T12:58:49.141+0000] {logging_mixin.py:154} INFO - [2025-03-06T12:58:49.141+0000] {dag.py:2941} INFO - Sync 1 DAGs
[2025-03-06T12:58:49.150+0000] {logging_mixin.py:154} INFO - [2025-03-06T12:58:49.150+0000] {dag.py:3722} INFO - Setting next_dagrun for latest_only to 2025-03-06T08:58:49.149941+00:00, run_after=2025-03-06T12:58:49.149941+00:00
[2025-03-06T12:58:49.158+0000] {processor.py:179} INFO - Processing /home/airflow/.local/lib/python3.8/site-packages/airflow/example_dags/example_latest_only.py took 0.031 seconds
[2025-03-06T12:59:19.574+0000] {processor.py:157} INFO - Started process (PID=17052) to work on /home/airflow/.local/lib/python3.8/site-packages/airflow/example_dags/example_latest_only.py
[2025-03-06T12:59:19.574+0000] {processor.py:829} INFO - Processing file /home/airflow/.local/lib/python3.8/site-packages/airflow/example_dags/example_latest_only.py for tasks to queue
[2025-03-06T12:59:19.575+0000] {logging_mixin.py:154} INFO - [2025-03-06T12:59:19.574+0000] {dagbag.py:536} INFO - Filling up the DagBag from /home/airflow/.local/lib/python3.8/site-packages/airflow/example_dags/example_latest_only.py
[2025-03-06T12:59:19.577+0000] {processor.py:839} INFO - DAG(s) dict_keys(['latest_only']) retrieved from /home/airflow/.local/lib/python3.8/site-packages/airflow/example_dags/example_latest_only.py
[2025-03-06T12:59:19.588+0000] {logging_mixin.py:154} INFO - [2025-03-06T12:59:19.588+0000] {dag.py:2941} INFO - Sync 1 DAGs
[2025-03-06T12:59:19.597+0000] {logging_mixin.py:154} INFO - [2025-03-06T12:59:19.597+0000] {dag.py:3722} INFO - Setting next_dagrun for latest_only to 2025-03-06T08:59:19.597176+00:00, run_after=2025-03-06T12:59:19.597176+00:00
[2025-03-06T12:59:19.606+0000] {processor.py:179} INFO - Processing /home/airflow/.local/lib/python3.8/site-packages/airflow/example_dags/example_latest_only.py took 0.034 seconds
[2025-03-06T12:59:50.053+0000] {processor.py:157} INFO - Started process (PID=17107) to work on /home/airflow/.local/lib/python3.8/site-packages/airflow/example_dags/example_latest_only.py
[2025-03-06T12:59:50.054+0000] {processor.py:829} INFO - Processing file /home/airflow/.local/lib/python3.8/site-packages/airflow/example_dags/example_latest_only.py for tasks to queue
[2025-03-06T12:59:50.055+0000] {logging_mixin.py:154} INFO - [2025-03-06T12:59:50.055+0000] {dagbag.py:536} INFO - Filling up the DagBag from /home/airflow/.local/lib/python3.8/site-packages/airflow/example_dags/example_latest_only.py
[2025-03-06T12:59:50.058+0000] {processor.py:839} INFO - DAG(s) dict_keys(['latest_only']) retrieved from /home/airflow/.local/lib/python3.8/site-packages/airflow/example_dags/example_latest_only.py
[2025-03-06T12:59:50.067+0000] {logging_mixin.py:154} INFO - [2025-03-06T12:59:50.067+0000] {dag.py:2941} INFO - Sync 1 DAGs
[2025-03-06T12:59:50.076+0000] {logging_mixin.py:154} INFO - [2025-03-06T12:59:50.075+0000] {dag.py:3722} INFO - Setting next_dagrun for latest_only to 2025-03-06T08:59:50.075874+00:00, run_after=2025-03-06T12:59:50.075874+00:00
[2025-03-06T12:59:50.086+0000] {processor.py:179} INFO - Processing /home/airflow/.local/lib/python3.8/site-packages/airflow/example_dags/example_latest_only.py took 0.035 seconds
[2025-03-06T13:00:20.653+0000] {processor.py:157} INFO - Started process (PID=17162) to work on /home/airflow/.local/lib/python3.8/site-packages/airflow/example_dags/example_latest_only.py
[2025-03-06T13:00:20.653+0000] {processor.py:829} INFO - Processing file /home/airflow/.local/lib/python3.8/site-packages/airflow/example_dags/example_latest_only.py for tasks to queue
[2025-03-06T13:00:20.654+0000] {logging_mixin.py:154} INFO - [2025-03-06T13:00:20.654+0000] {dagbag.py:536} INFO - Filling up the DagBag from /home/airflow/.local/lib/python3.8/site-packages/airflow/example_dags/example_latest_only.py
[2025-03-06T13:00:20.656+0000] {processor.py:839} INFO - DAG(s) dict_keys(['latest_only']) retrieved from /home/airflow/.local/lib/python3.8/site-packages/airflow/example_dags/example_latest_only.py
[2025-03-06T13:00:20.664+0000] {logging_mixin.py:154} INFO - [2025-03-06T13:00:20.664+0000] {dag.py:2941} INFO - Sync 1 DAGs
[2025-03-06T13:00:20.672+0000] {logging_mixin.py:154} INFO - [2025-03-06T13:00:20.672+0000] {dag.py:3722} INFO - Setting next_dagrun for latest_only to 2025-03-06T09:00:20.672210+00:00, run_after=2025-03-06T13:00:20.672210+00:00
[2025-03-06T13:00:20.678+0000] {processor.py:179} INFO - Processing /home/airflow/.local/lib/python3.8/site-packages/airflow/example_dags/example_latest_only.py took 0.027 seconds
[2025-03-06T13:00:51.219+0000] {processor.py:157} INFO - Started process (PID=17218) to work on /home/airflow/.local/lib/python3.8/site-packages/airflow/example_dags/example_latest_only.py
[2025-03-06T13:00:51.220+0000] {processor.py:829} INFO - Processing file /home/airflow/.local/lib/python3.8/site-packages/airflow/example_dags/example_latest_only.py for tasks to queue
[2025-03-06T13:00:51.220+0000] {logging_mixin.py:154} INFO - [2025-03-06T13:00:51.220+0000] {dagbag.py:536} INFO - Filling up the DagBag from /home/airflow/.local/lib/python3.8/site-packages/airflow/example_dags/example_latest_only.py
[2025-03-06T13:00:51.223+0000] {processor.py:839} INFO - DAG(s) dict_keys(['latest_only']) retrieved from /home/airflow/.local/lib/python3.8/site-packages/airflow/example_dags/example_latest_only.py
[2025-03-06T13:00:51.237+0000] {logging_mixin.py:154} INFO - [2025-03-06T13:00:51.237+0000] {dag.py:2941} INFO - Sync 1 DAGs
[2025-03-06T13:00:51.245+0000] {logging_mixin.py:154} INFO - [2025-03-06T13:00:51.245+0000] {dag.py:3722} INFO - Setting next_dagrun for latest_only to 2025-03-06T09:00:51.245376+00:00, run_after=2025-03-06T13:00:51.245376+00:00
[2025-03-06T13:00:51.255+0000] {processor.py:179} INFO - Processing /home/airflow/.local/lib/python3.8/site-packages/airflow/example_dags/example_latest_only.py took 0.038 seconds
[2025-03-06T13:01:21.771+0000] {processor.py:157} INFO - Started process (PID=17274) to work on /home/airflow/.local/lib/python3.8/site-packages/airflow/example_dags/example_latest_only.py
[2025-03-06T13:01:21.772+0000] {processor.py:829} INFO - Processing file /home/airflow/.local/lib/python3.8/site-packages/airflow/example_dags/example_latest_only.py for tasks to queue
[2025-03-06T13:01:21.773+0000] {logging_mixin.py:154} INFO - [2025-03-06T13:01:21.773+0000] {dagbag.py:536} INFO - Filling up the DagBag from /home/airflow/.local/lib/python3.8/site-packages/airflow/example_dags/example_latest_only.py
[2025-03-06T13:01:21.776+0000] {processor.py:839} INFO - DAG(s) dict_keys(['latest_only']) retrieved from /home/airflow/.local/lib/python3.8/site-packages/airflow/example_dags/example_latest_only.py
[2025-03-06T13:01:21.793+0000] {logging_mixin.py:154} INFO - [2025-03-06T13:01:21.793+0000] {dag.py:2941} INFO - Sync 1 DAGs
[2025-03-06T13:01:21.804+0000] {logging_mixin.py:154} INFO - [2025-03-06T13:01:21.804+0000] {dag.py:3722} INFO - Setting next_dagrun for latest_only to 2025-03-06T09:01:21.803940+00:00, run_after=2025-03-06T13:01:21.803940+00:00
[2025-03-06T13:01:21.811+0000] {processor.py:179} INFO - Processing /home/airflow/.local/lib/python3.8/site-packages/airflow/example_dags/example_latest_only.py took 0.041 seconds
[2025-03-06T13:01:52.299+0000] {processor.py:157} INFO - Started process (PID=17330) to work on /home/airflow/.local/lib/python3.8/site-packages/airflow/example_dags/example_latest_only.py
[2025-03-06T13:01:52.300+0000] {processor.py:829} INFO - Processing file /home/airflow/.local/lib/python3.8/site-packages/airflow/example_dags/example_latest_only.py for tasks to queue
[2025-03-06T13:01:52.300+0000] {logging_mixin.py:154} INFO - [2025-03-06T13:01:52.300+0000] {dagbag.py:536} INFO - Filling up the DagBag from /home/airflow/.local/lib/python3.8/site-packages/airflow/example_dags/example_latest_only.py
[2025-03-06T13:01:52.303+0000] {processor.py:839} INFO - DAG(s) dict_keys(['latest_only']) retrieved from /home/airflow/.local/lib/python3.8/site-packages/airflow/example_dags/example_latest_only.py
[2025-03-06T13:01:52.315+0000] {logging_mixin.py:154} INFO - [2025-03-06T13:01:52.315+0000] {dag.py:2941} INFO - Sync 1 DAGs
[2025-03-06T13:01:52.323+0000] {logging_mixin.py:154} INFO - [2025-03-06T13:01:52.323+0000] {dag.py:3722} INFO - Setting next_dagrun for latest_only to 2025-03-06T09:01:52.323602+00:00, run_after=2025-03-06T13:01:52.323602+00:00
[2025-03-06T13:01:52.331+0000] {processor.py:179} INFO - Processing /home/airflow/.local/lib/python3.8/site-packages/airflow/example_dags/example_latest_only.py took 0.033 seconds
[2025-03-06T13:02:22.845+0000] {processor.py:157} INFO - Started process (PID=17386) to work on /home/airflow/.local/lib/python3.8/site-packages/airflow/example_dags/example_latest_only.py
[2025-03-06T13:02:22.845+0000] {processor.py:829} INFO - Processing file /home/airflow/.local/lib/python3.8/site-packages/airflow/example_dags/example_latest_only.py for tasks to queue
[2025-03-06T13:02:22.845+0000] {logging_mixin.py:154} INFO - [2025-03-06T13:02:22.845+0000] {dagbag.py:536} INFO - Filling up the DagBag from /home/airflow/.local/lib/python3.8/site-packages/airflow/example_dags/example_latest_only.py
[2025-03-06T13:02:22.848+0000] {processor.py:839} INFO - DAG(s) dict_keys(['latest_only']) retrieved from /home/airflow/.local/lib/python3.8/site-packages/airflow/example_dags/example_latest_only.py
[2025-03-06T13:02:22.858+0000] {logging_mixin.py:154} INFO - [2025-03-06T13:02:22.858+0000] {dag.py:2941} INFO - Sync 1 DAGs
[2025-03-06T13:02:22.870+0000] {logging_mixin.py:154} INFO - [2025-03-06T13:02:22.869+0000] {dag.py:3722} INFO - Setting next_dagrun for latest_only to 2025-03-06T09:02:22.869827+00:00, run_after=2025-03-06T13:02:22.869827+00:00
[2025-03-06T13:02:22.879+0000] {processor.py:179} INFO - Processing /home/airflow/.local/lib/python3.8/site-packages/airflow/example_dags/example_latest_only.py took 0.036 seconds
[2025-03-06T13:02:53.395+0000] {processor.py:157} INFO - Started process (PID=17442) to work on /home/airflow/.local/lib/python3.8/site-packages/airflow/example_dags/example_latest_only.py
[2025-03-06T13:02:53.397+0000] {processor.py:829} INFO - Processing file /home/airflow/.local/lib/python3.8/site-packages/airflow/example_dags/example_latest_only.py for tasks to queue
[2025-03-06T13:02:53.397+0000] {logging_mixin.py:154} INFO - [2025-03-06T13:02:53.397+0000] {dagbag.py:536} INFO - Filling up the DagBag from /home/airflow/.local/lib/python3.8/site-packages/airflow/example_dags/example_latest_only.py
[2025-03-06T13:02:53.400+0000] {processor.py:839} INFO - DAG(s) dict_keys(['latest_only']) retrieved from /home/airflow/.local/lib/python3.8/site-packages/airflow/example_dags/example_latest_only.py
[2025-03-06T13:02:53.412+0000] {logging_mixin.py:154} INFO - [2025-03-06T13:02:53.412+0000] {dag.py:2941} INFO - Sync 1 DAGs
[2025-03-06T13:02:53.422+0000] {logging_mixin.py:154} INFO - [2025-03-06T13:02:53.422+0000] {dag.py:3722} INFO - Setting next_dagrun for latest_only to 2025-03-06T09:02:53.422224+00:00, run_after=2025-03-06T13:02:53.422224+00:00
[2025-03-06T13:02:53.432+0000] {processor.py:179} INFO - Processing /home/airflow/.local/lib/python3.8/site-packages/airflow/example_dags/example_latest_only.py took 0.038 seconds
[2025-03-06T13:03:24.053+0000] {processor.py:157} INFO - Started process (PID=17498) to work on /home/airflow/.local/lib/python3.8/site-packages/airflow/example_dags/example_latest_only.py
[2025-03-06T13:03:24.054+0000] {processor.py:829} INFO - Processing file /home/airflow/.local/lib/python3.8/site-packages/airflow/example_dags/example_latest_only.py for tasks to queue
[2025-03-06T13:03:24.054+0000] {logging_mixin.py:154} INFO - [2025-03-06T13:03:24.054+0000] {dagbag.py:536} INFO - Filling up the DagBag from /home/airflow/.local/lib/python3.8/site-packages/airflow/example_dags/example_latest_only.py
[2025-03-06T13:03:24.057+0000] {processor.py:839} INFO - DAG(s) dict_keys(['latest_only']) retrieved from /home/airflow/.local/lib/python3.8/site-packages/airflow/example_dags/example_latest_only.py
[2025-03-06T13:03:24.067+0000] {logging_mixin.py:154} INFO - [2025-03-06T13:03:24.067+0000] {dag.py:2941} INFO - Sync 1 DAGs
[2025-03-06T13:03:24.075+0000] {logging_mixin.py:154} INFO - [2025-03-06T13:03:24.075+0000] {dag.py:3722} INFO - Setting next_dagrun for latest_only to 2025-03-06T09:03:24.075853+00:00, run_after=2025-03-06T13:03:24.075853+00:00
[2025-03-06T13:03:24.084+0000] {processor.py:179} INFO - Processing /home/airflow/.local/lib/python3.8/site-packages/airflow/example_dags/example_latest_only.py took 0.032 seconds
[2025-03-06T13:04:52.933+0000] {processor.py:157} INFO - Started process (PID=17554) to work on /home/airflow/.local/lib/python3.8/site-packages/airflow/example_dags/example_latest_only.py
[2025-03-06T13:04:52.934+0000] {processor.py:829} INFO - Processing file /home/airflow/.local/lib/python3.8/site-packages/airflow/example_dags/example_latest_only.py for tasks to queue
[2025-03-06T13:04:52.934+0000] {logging_mixin.py:154} INFO - [2025-03-06T13:04:52.934+0000] {dagbag.py:536} INFO - Filling up the DagBag from /home/airflow/.local/lib/python3.8/site-packages/airflow/example_dags/example_latest_only.py
[2025-03-06T13:04:52.938+0000] {processor.py:839} INFO - DAG(s) dict_keys(['latest_only']) retrieved from /home/airflow/.local/lib/python3.8/site-packages/airflow/example_dags/example_latest_only.py
[2025-03-06T13:04:52.948+0000] {logging_mixin.py:154} INFO - [2025-03-06T13:04:52.947+0000] {dag.py:2941} INFO - Sync 1 DAGs
[2025-03-06T13:04:52.958+0000] {logging_mixin.py:154} INFO - [2025-03-06T13:04:52.958+0000] {dag.py:3722} INFO - Setting next_dagrun for latest_only to 2025-03-06T09:04:52.958507+00:00, run_after=2025-03-06T13:04:52.958507+00:00
[2025-03-06T13:04:52.965+0000] {processor.py:179} INFO - Processing /home/airflow/.local/lib/python3.8/site-packages/airflow/example_dags/example_latest_only.py took 0.034 seconds
[2025-03-06T13:05:23.531+0000] {processor.py:157} INFO - Started process (PID=17610) to work on /home/airflow/.local/lib/python3.8/site-packages/airflow/example_dags/example_latest_only.py
[2025-03-06T13:05:23.533+0000] {processor.py:829} INFO - Processing file /home/airflow/.local/lib/python3.8/site-packages/airflow/example_dags/example_latest_only.py for tasks to queue
[2025-03-06T13:05:23.534+0000] {logging_mixin.py:154} INFO - [2025-03-06T13:05:23.533+0000] {dagbag.py:536} INFO - Filling up the DagBag from /home/airflow/.local/lib/python3.8/site-packages/airflow/example_dags/example_latest_only.py
[2025-03-06T13:05:23.537+0000] {processor.py:839} INFO - DAG(s) dict_keys(['latest_only']) retrieved from /home/airflow/.local/lib/python3.8/site-packages/airflow/example_dags/example_latest_only.py
[2025-03-06T13:05:23.546+0000] {logging_mixin.py:154} INFO - [2025-03-06T13:05:23.546+0000] {dag.py:2941} INFO - Sync 1 DAGs
[2025-03-06T13:05:23.557+0000] {logging_mixin.py:154} INFO - [2025-03-06T13:05:23.557+0000] {dag.py:3722} INFO - Setting next_dagrun for latest_only to 2025-03-06T09:05:23.557417+00:00, run_after=2025-03-06T13:05:23.557417+00:00
[2025-03-06T13:05:23.566+0000] {processor.py:179} INFO - Processing /home/airflow/.local/lib/python3.8/site-packages/airflow/example_dags/example_latest_only.py took 0.036 seconds
[2025-03-06T13:05:54.083+0000] {processor.py:157} INFO - Started process (PID=17666) to work on /home/airflow/.local/lib/python3.8/site-packages/airflow/example_dags/example_latest_only.py
[2025-03-06T13:05:54.084+0000] {processor.py:829} INFO - Processing file /home/airflow/.local/lib/python3.8/site-packages/airflow/example_dags/example_latest_only.py for tasks to queue
[2025-03-06T13:05:54.085+0000] {logging_mixin.py:154} INFO - [2025-03-06T13:05:54.085+0000] {dagbag.py:536} INFO - Filling up the DagBag from /home/airflow/.local/lib/python3.8/site-packages/airflow/example_dags/example_latest_only.py
[2025-03-06T13:05:54.088+0000] {processor.py:839} INFO - DAG(s) dict_keys(['latest_only']) retrieved from /home/airflow/.local/lib/python3.8/site-packages/airflow/example_dags/example_latest_only.py
[2025-03-06T13:05:54.097+0000] {logging_mixin.py:154} INFO - [2025-03-06T13:05:54.097+0000] {dag.py:2941} INFO - Sync 1 DAGs
[2025-03-06T13:05:54.107+0000] {logging_mixin.py:154} INFO - [2025-03-06T13:05:54.107+0000] {dag.py:3722} INFO - Setting next_dagrun for latest_only to 2025-03-06T09:05:54.107119+00:00, run_after=2025-03-06T13:05:54.107119+00:00
[2025-03-06T13:05:54.119+0000] {processor.py:179} INFO - Processing /home/airflow/.local/lib/python3.8/site-packages/airflow/example_dags/example_latest_only.py took 0.037 seconds
[2025-03-06T13:06:24.610+0000] {processor.py:157} INFO - Started process (PID=17722) to work on /home/airflow/.local/lib/python3.8/site-packages/airflow/example_dags/example_latest_only.py
[2025-03-06T13:06:24.611+0000] {processor.py:829} INFO - Processing file /home/airflow/.local/lib/python3.8/site-packages/airflow/example_dags/example_latest_only.py for tasks to queue
[2025-03-06T13:06:24.611+0000] {logging_mixin.py:154} INFO - [2025-03-06T13:06:24.611+0000] {dagbag.py:536} INFO - Filling up the DagBag from /home/airflow/.local/lib/python3.8/site-packages/airflow/example_dags/example_latest_only.py
[2025-03-06T13:06:24.615+0000] {processor.py:839} INFO - DAG(s) dict_keys(['latest_only']) retrieved from /home/airflow/.local/lib/python3.8/site-packages/airflow/example_dags/example_latest_only.py
[2025-03-06T13:06:24.628+0000] {logging_mixin.py:154} INFO - [2025-03-06T13:06:24.628+0000] {dag.py:2941} INFO - Sync 1 DAGs
[2025-03-06T13:06:24.637+0000] {logging_mixin.py:154} INFO - [2025-03-06T13:06:24.637+0000] {dag.py:3722} INFO - Setting next_dagrun for latest_only to 2025-03-06T09:06:24.636943+00:00, run_after=2025-03-06T13:06:24.636943+00:00
[2025-03-06T13:06:24.645+0000] {processor.py:179} INFO - Processing /home/airflow/.local/lib/python3.8/site-packages/airflow/example_dags/example_latest_only.py took 0.037 seconds
[2025-03-06T13:06:55.122+0000] {processor.py:157} INFO - Started process (PID=17778) to work on /home/airflow/.local/lib/python3.8/site-packages/airflow/example_dags/example_latest_only.py
[2025-03-06T13:06:55.122+0000] {processor.py:829} INFO - Processing file /home/airflow/.local/lib/python3.8/site-packages/airflow/example_dags/example_latest_only.py for tasks to queue
[2025-03-06T13:06:55.122+0000] {logging_mixin.py:154} INFO - [2025-03-06T13:06:55.122+0000] {dagbag.py:536} INFO - Filling up the DagBag from /home/airflow/.local/lib/python3.8/site-packages/airflow/example_dags/example_latest_only.py
[2025-03-06T13:06:55.125+0000] {processor.py:839} INFO - DAG(s) dict_keys(['latest_only']) retrieved from /home/airflow/.local/lib/python3.8/site-packages/airflow/example_dags/example_latest_only.py
[2025-03-06T13:06:55.133+0000] {logging_mixin.py:154} INFO - [2025-03-06T13:06:55.133+0000] {dag.py:2941} INFO - Sync 1 DAGs
[2025-03-06T13:06:55.140+0000] {logging_mixin.py:154} INFO - [2025-03-06T13:06:55.140+0000] {dag.py:3722} INFO - Setting next_dagrun for latest_only to 2025-03-06T09:06:55.140788+00:00, run_after=2025-03-06T13:06:55.140788+00:00
[2025-03-06T13:06:55.147+0000] {processor.py:179} INFO - Processing /home/airflow/.local/lib/python3.8/site-packages/airflow/example_dags/example_latest_only.py took 0.026 seconds
[2025-03-06T13:07:25.649+0000] {processor.py:157} INFO - Started process (PID=17834) to work on /home/airflow/.local/lib/python3.8/site-packages/airflow/example_dags/example_latest_only.py
[2025-03-06T13:07:25.652+0000] {processor.py:829} INFO - Processing file /home/airflow/.local/lib/python3.8/site-packages/airflow/example_dags/example_latest_only.py for tasks to queue
[2025-03-06T13:07:25.652+0000] {logging_mixin.py:154} INFO - [2025-03-06T13:07:25.652+0000] {dagbag.py:536} INFO - Filling up the DagBag from /home/airflow/.local/lib/python3.8/site-packages/airflow/example_dags/example_latest_only.py
[2025-03-06T13:07:25.655+0000] {processor.py:839} INFO - DAG(s) dict_keys(['latest_only']) retrieved from /home/airflow/.local/lib/python3.8/site-packages/airflow/example_dags/example_latest_only.py
[2025-03-06T13:07:25.664+0000] {logging_mixin.py:154} INFO - [2025-03-06T13:07:25.664+0000] {dag.py:2941} INFO - Sync 1 DAGs
[2025-03-06T13:07:25.672+0000] {logging_mixin.py:154} INFO - [2025-03-06T13:07:25.672+0000] {dag.py:3722} INFO - Setting next_dagrun for latest_only to 2025-03-06T09:07:25.672786+00:00, run_after=2025-03-06T13:07:25.672786+00:00
[2025-03-06T13:07:25.679+0000] {processor.py:179} INFO - Processing /home/airflow/.local/lib/python3.8/site-packages/airflow/example_dags/example_latest_only.py took 0.031 seconds
[2025-03-06T13:07:56.188+0000] {processor.py:157} INFO - Started process (PID=17890) to work on /home/airflow/.local/lib/python3.8/site-packages/airflow/example_dags/example_latest_only.py
[2025-03-06T13:07:56.188+0000] {processor.py:829} INFO - Processing file /home/airflow/.local/lib/python3.8/site-packages/airflow/example_dags/example_latest_only.py for tasks to queue
[2025-03-06T13:07:56.189+0000] {logging_mixin.py:154} INFO - [2025-03-06T13:07:56.189+0000] {dagbag.py:536} INFO - Filling up the DagBag from /home/airflow/.local/lib/python3.8/site-packages/airflow/example_dags/example_latest_only.py
[2025-03-06T13:07:56.192+0000] {processor.py:839} INFO - DAG(s) dict_keys(['latest_only']) retrieved from /home/airflow/.local/lib/python3.8/site-packages/airflow/example_dags/example_latest_only.py
[2025-03-06T13:07:56.200+0000] {logging_mixin.py:154} INFO - [2025-03-06T13:07:56.200+0000] {dag.py:2941} INFO - Sync 1 DAGs
[2025-03-06T13:07:56.209+0000] {logging_mixin.py:154} INFO - [2025-03-06T13:07:56.209+0000] {dag.py:3722} INFO - Setting next_dagrun for latest_only to 2025-03-06T09:07:56.209547+00:00, run_after=2025-03-06T13:07:56.209547+00:00
[2025-03-06T13:07:56.217+0000] {processor.py:179} INFO - Processing /home/airflow/.local/lib/python3.8/site-packages/airflow/example_dags/example_latest_only.py took 0.031 seconds
[2025-03-06T13:08:26.638+0000] {processor.py:157} INFO - Started process (PID=17946) to work on /home/airflow/.local/lib/python3.8/site-packages/airflow/example_dags/example_latest_only.py
[2025-03-06T13:08:26.638+0000] {processor.py:829} INFO - Processing file /home/airflow/.local/lib/python3.8/site-packages/airflow/example_dags/example_latest_only.py for tasks to queue
[2025-03-06T13:08:26.639+0000] {logging_mixin.py:154} INFO - [2025-03-06T13:08:26.638+0000] {dagbag.py:536} INFO - Filling up the DagBag from /home/airflow/.local/lib/python3.8/site-packages/airflow/example_dags/example_latest_only.py
[2025-03-06T13:08:26.641+0000] {processor.py:839} INFO - DAG(s) dict_keys(['latest_only']) retrieved from /home/airflow/.local/lib/python3.8/site-packages/airflow/example_dags/example_latest_only.py
[2025-03-06T13:08:26.650+0000] {logging_mixin.py:154} INFO - [2025-03-06T13:08:26.650+0000] {dag.py:2941} INFO - Sync 1 DAGs
[2025-03-06T13:08:26.659+0000] {logging_mixin.py:154} INFO - [2025-03-06T13:08:26.659+0000] {dag.py:3722} INFO - Setting next_dagrun for latest_only to 2025-03-06T09:08:26.659381+00:00, run_after=2025-03-06T13:08:26.659381+00:00
[2025-03-06T13:08:26.668+0000] {processor.py:179} INFO - Processing /home/airflow/.local/lib/python3.8/site-packages/airflow/example_dags/example_latest_only.py took 0.032 seconds
[2025-03-06T13:08:57.210+0000] {processor.py:157} INFO - Started process (PID=18002) to work on /home/airflow/.local/lib/python3.8/site-packages/airflow/example_dags/example_latest_only.py
[2025-03-06T13:08:57.210+0000] {processor.py:829} INFO - Processing file /home/airflow/.local/lib/python3.8/site-packages/airflow/example_dags/example_latest_only.py for tasks to queue
[2025-03-06T13:08:57.211+0000] {logging_mixin.py:154} INFO - [2025-03-06T13:08:57.211+0000] {dagbag.py:536} INFO - Filling up the DagBag from /home/airflow/.local/lib/python3.8/site-packages/airflow/example_dags/example_latest_only.py
[2025-03-06T13:08:57.214+0000] {processor.py:839} INFO - DAG(s) dict_keys(['latest_only']) retrieved from /home/airflow/.local/lib/python3.8/site-packages/airflow/example_dags/example_latest_only.py
[2025-03-06T13:08:57.222+0000] {logging_mixin.py:154} INFO - [2025-03-06T13:08:57.222+0000] {dag.py:2941} INFO - Sync 1 DAGs
[2025-03-06T13:08:57.231+0000] {logging_mixin.py:154} INFO - [2025-03-06T13:08:57.231+0000] {dag.py:3722} INFO - Setting next_dagrun for latest_only to 2025-03-06T09:08:57.231302+00:00, run_after=2025-03-06T13:08:57.231302+00:00
[2025-03-06T13:08:57.242+0000] {processor.py:179} INFO - Processing /home/airflow/.local/lib/python3.8/site-packages/airflow/example_dags/example_latest_only.py took 0.033 seconds
[2025-03-06T13:09:27.700+0000] {processor.py:157} INFO - Started process (PID=18058) to work on /home/airflow/.local/lib/python3.8/site-packages/airflow/example_dags/example_latest_only.py
[2025-03-06T13:09:27.701+0000] {processor.py:829} INFO - Processing file /home/airflow/.local/lib/python3.8/site-packages/airflow/example_dags/example_latest_only.py for tasks to queue
[2025-03-06T13:09:27.701+0000] {logging_mixin.py:154} INFO - [2025-03-06T13:09:27.701+0000] {dagbag.py:536} INFO - Filling up the DagBag from /home/airflow/.local/lib/python3.8/site-packages/airflow/example_dags/example_latest_only.py
[2025-03-06T13:09:27.704+0000] {processor.py:839} INFO - DAG(s) dict_keys(['latest_only']) retrieved from /home/airflow/.local/lib/python3.8/site-packages/airflow/example_dags/example_latest_only.py
[2025-03-06T13:09:27.714+0000] {logging_mixin.py:154} INFO - [2025-03-06T13:09:27.714+0000] {dag.py:2941} INFO - Sync 1 DAGs
[2025-03-06T13:09:27.721+0000] {logging_mixin.py:154} INFO - [2025-03-06T13:09:27.721+0000] {dag.py:3722} INFO - Setting next_dagrun for latest_only to 2025-03-06T09:09:27.721705+00:00, run_after=2025-03-06T13:09:27.721705+00:00
[2025-03-06T13:09:27.730+0000] {processor.py:179} INFO - Processing /home/airflow/.local/lib/python3.8/site-packages/airflow/example_dags/example_latest_only.py took 0.031 seconds
[2025-03-06T13:09:58.251+0000] {processor.py:157} INFO - Started process (PID=18114) to work on /home/airflow/.local/lib/python3.8/site-packages/airflow/example_dags/example_latest_only.py
[2025-03-06T13:09:58.251+0000] {processor.py:829} INFO - Processing file /home/airflow/.local/lib/python3.8/site-packages/airflow/example_dags/example_latest_only.py for tasks to queue
[2025-03-06T13:09:58.252+0000] {logging_mixin.py:154} INFO - [2025-03-06T13:09:58.252+0000] {dagbag.py:536} INFO - Filling up the DagBag from /home/airflow/.local/lib/python3.8/site-packages/airflow/example_dags/example_latest_only.py
[2025-03-06T13:09:58.257+0000] {processor.py:839} INFO - DAG(s) dict_keys(['latest_only']) retrieved from /home/airflow/.local/lib/python3.8/site-packages/airflow/example_dags/example_latest_only.py
[2025-03-06T13:09:58.268+0000] {logging_mixin.py:154} INFO - [2025-03-06T13:09:58.268+0000] {dag.py:2941} INFO - Sync 1 DAGs
[2025-03-06T13:09:58.278+0000] {logging_mixin.py:154} INFO - [2025-03-06T13:09:58.278+0000] {dag.py:3722} INFO - Setting next_dagrun for latest_only to 2025-03-06T09:09:58.278650+00:00, run_after=2025-03-06T13:09:58.278650+00:00
[2025-03-06T13:09:58.287+0000] {processor.py:179} INFO - Processing /home/airflow/.local/lib/python3.8/site-packages/airflow/example_dags/example_latest_only.py took 0.038 seconds
[2025-03-06T13:10:28.891+0000] {processor.py:157} INFO - Started process (PID=18170) to work on /home/airflow/.local/lib/python3.8/site-packages/airflow/example_dags/example_latest_only.py
[2025-03-06T13:10:28.891+0000] {processor.py:829} INFO - Processing file /home/airflow/.local/lib/python3.8/site-packages/airflow/example_dags/example_latest_only.py for tasks to queue
[2025-03-06T13:10:28.891+0000] {logging_mixin.py:154} INFO - [2025-03-06T13:10:28.891+0000] {dagbag.py:536} INFO - Filling up the DagBag from /home/airflow/.local/lib/python3.8/site-packages/airflow/example_dags/example_latest_only.py
[2025-03-06T13:10:28.894+0000] {processor.py:839} INFO - DAG(s) dict_keys(['latest_only']) retrieved from /home/airflow/.local/lib/python3.8/site-packages/airflow/example_dags/example_latest_only.py
[2025-03-06T13:10:28.905+0000] {logging_mixin.py:154} INFO - [2025-03-06T13:10:28.904+0000] {dag.py:2941} INFO - Sync 1 DAGs
[2025-03-06T13:10:28.914+0000] {logging_mixin.py:154} INFO - [2025-03-06T13:10:28.914+0000] {dag.py:3722} INFO - Setting next_dagrun for latest_only to 2025-03-06T09:10:28.914667+00:00, run_after=2025-03-06T13:10:28.914667+00:00
[2025-03-06T13:10:28.925+0000] {processor.py:179} INFO - Processing /home/airflow/.local/lib/python3.8/site-packages/airflow/example_dags/example_latest_only.py took 0.036 seconds
[2025-03-06T13:10:59.351+0000] {processor.py:157} INFO - Started process (PID=18226) to work on /home/airflow/.local/lib/python3.8/site-packages/airflow/example_dags/example_latest_only.py
[2025-03-06T13:10:59.352+0000] {processor.py:829} INFO - Processing file /home/airflow/.local/lib/python3.8/site-packages/airflow/example_dags/example_latest_only.py for tasks to queue
[2025-03-06T13:10:59.352+0000] {logging_mixin.py:154} INFO - [2025-03-06T13:10:59.352+0000] {dagbag.py:536} INFO - Filling up the DagBag from /home/airflow/.local/lib/python3.8/site-packages/airflow/example_dags/example_latest_only.py
[2025-03-06T13:10:59.356+0000] {processor.py:839} INFO - DAG(s) dict_keys(['latest_only']) retrieved from /home/airflow/.local/lib/python3.8/site-packages/airflow/example_dags/example_latest_only.py
[2025-03-06T13:10:59.366+0000] {logging_mixin.py:154} INFO - [2025-03-06T13:10:59.366+0000] {dag.py:2941} INFO - Sync 1 DAGs
[2025-03-06T13:10:59.374+0000] {logging_mixin.py:154} INFO - [2025-03-06T13:10:59.374+0000] {dag.py:3722} INFO - Setting next_dagrun for latest_only to 2025-03-06T09:10:59.374511+00:00, run_after=2025-03-06T13:10:59.374511+00:00
[2025-03-06T13:10:59.389+0000] {processor.py:179} INFO - Processing /home/airflow/.local/lib/python3.8/site-packages/airflow/example_dags/example_latest_only.py took 0.040 seconds
[2025-03-06T13:11:29.935+0000] {processor.py:157} INFO - Started process (PID=18282) to work on /home/airflow/.local/lib/python3.8/site-packages/airflow/example_dags/example_latest_only.py
[2025-03-06T13:11:29.935+0000] {processor.py:829} INFO - Processing file /home/airflow/.local/lib/python3.8/site-packages/airflow/example_dags/example_latest_only.py for tasks to queue
[2025-03-06T13:11:29.936+0000] {logging_mixin.py:154} INFO - [2025-03-06T13:11:29.936+0000] {dagbag.py:536} INFO - Filling up the DagBag from /home/airflow/.local/lib/python3.8/site-packages/airflow/example_dags/example_latest_only.py
[2025-03-06T13:11:29.939+0000] {processor.py:839} INFO - DAG(s) dict_keys(['latest_only']) retrieved from /home/airflow/.local/lib/python3.8/site-packages/airflow/example_dags/example_latest_only.py
[2025-03-06T13:11:29.952+0000] {logging_mixin.py:154} INFO - [2025-03-06T13:11:29.952+0000] {dag.py:2941} INFO - Sync 1 DAGs
[2025-03-06T13:11:29.960+0000] {logging_mixin.py:154} INFO - [2025-03-06T13:11:29.960+0000] {dag.py:3722} INFO - Setting next_dagrun for latest_only to 2025-03-06T09:11:29.960066+00:00, run_after=2025-03-06T13:11:29.960066+00:00
[2025-03-06T13:11:29.969+0000] {processor.py:179} INFO - Processing /home/airflow/.local/lib/python3.8/site-packages/airflow/example_dags/example_latest_only.py took 0.035 seconds
[2025-03-06T13:12:00.431+0000] {processor.py:157} INFO - Started process (PID=18338) to work on /home/airflow/.local/lib/python3.8/site-packages/airflow/example_dags/example_latest_only.py
[2025-03-06T13:12:00.432+0000] {processor.py:829} INFO - Processing file /home/airflow/.local/lib/python3.8/site-packages/airflow/example_dags/example_latest_only.py for tasks to queue
[2025-03-06T13:12:00.433+0000] {logging_mixin.py:154} INFO - [2025-03-06T13:12:00.433+0000] {dagbag.py:536} INFO - Filling up the DagBag from /home/airflow/.local/lib/python3.8/site-packages/airflow/example_dags/example_latest_only.py
[2025-03-06T13:12:00.436+0000] {processor.py:839} INFO - DAG(s) dict_keys(['latest_only']) retrieved from /home/airflow/.local/lib/python3.8/site-packages/airflow/example_dags/example_latest_only.py
[2025-03-06T13:12:00.447+0000] {logging_mixin.py:154} INFO - [2025-03-06T13:12:00.447+0000] {dag.py:2941} INFO - Sync 1 DAGs
[2025-03-06T13:12:00.456+0000] {logging_mixin.py:154} INFO - [2025-03-06T13:12:00.456+0000] {dag.py:3722} INFO - Setting next_dagrun for latest_only to 2025-03-06T09:12:00.456691+00:00, run_after=2025-03-06T13:12:00.456691+00:00
[2025-03-06T13:12:00.464+0000] {processor.py:179} INFO - Processing /home/airflow/.local/lib/python3.8/site-packages/airflow/example_dags/example_latest_only.py took 0.035 seconds
[2025-03-06T13:12:30.966+0000] {processor.py:157} INFO - Started process (PID=18394) to work on /home/airflow/.local/lib/python3.8/site-packages/airflow/example_dags/example_latest_only.py
[2025-03-06T13:12:30.967+0000] {processor.py:829} INFO - Processing file /home/airflow/.local/lib/python3.8/site-packages/airflow/example_dags/example_latest_only.py for tasks to queue
[2025-03-06T13:12:30.968+0000] {logging_mixin.py:154} INFO - [2025-03-06T13:12:30.968+0000] {dagbag.py:536} INFO - Filling up the DagBag from /home/airflow/.local/lib/python3.8/site-packages/airflow/example_dags/example_latest_only.py
[2025-03-06T13:12:30.971+0000] {processor.py:839} INFO - DAG(s) dict_keys(['latest_only']) retrieved from /home/airflow/.local/lib/python3.8/site-packages/airflow/example_dags/example_latest_only.py
[2025-03-06T13:12:30.978+0000] {logging_mixin.py:154} INFO - [2025-03-06T13:12:30.978+0000] {dag.py:2941} INFO - Sync 1 DAGs
[2025-03-06T13:12:30.986+0000] {logging_mixin.py:154} INFO - [2025-03-06T13:12:30.986+0000] {dag.py:3722} INFO - Setting next_dagrun for latest_only to 2025-03-06T09:12:30.986862+00:00, run_after=2025-03-06T13:12:30.986862+00:00
[2025-03-06T13:12:30.994+0000] {processor.py:179} INFO - Processing /home/airflow/.local/lib/python3.8/site-packages/airflow/example_dags/example_latest_only.py took 0.028 seconds
[2025-03-06T13:13:01.484+0000] {processor.py:157} INFO - Started process (PID=18450) to work on /home/airflow/.local/lib/python3.8/site-packages/airflow/example_dags/example_latest_only.py
[2025-03-06T13:13:01.485+0000] {processor.py:829} INFO - Processing file /home/airflow/.local/lib/python3.8/site-packages/airflow/example_dags/example_latest_only.py for tasks to queue
[2025-03-06T13:13:01.486+0000] {logging_mixin.py:154} INFO - [2025-03-06T13:13:01.486+0000] {dagbag.py:536} INFO - Filling up the DagBag from /home/airflow/.local/lib/python3.8/site-packages/airflow/example_dags/example_latest_only.py
[2025-03-06T13:13:01.491+0000] {processor.py:839} INFO - DAG(s) dict_keys(['latest_only']) retrieved from /home/airflow/.local/lib/python3.8/site-packages/airflow/example_dags/example_latest_only.py
[2025-03-06T13:13:01.502+0000] {logging_mixin.py:154} INFO - [2025-03-06T13:13:01.501+0000] {dag.py:2941} INFO - Sync 1 DAGs
[2025-03-06T13:13:01.509+0000] {logging_mixin.py:154} INFO - [2025-03-06T13:13:01.509+0000] {dag.py:3722} INFO - Setting next_dagrun for latest_only to 2025-03-06T09:13:01.509727+00:00, run_after=2025-03-06T13:13:01.509727+00:00
[2025-03-06T13:13:01.516+0000] {processor.py:179} INFO - Processing /home/airflow/.local/lib/python3.8/site-packages/airflow/example_dags/example_latest_only.py took 0.034 seconds
[2025-03-06T13:13:31.978+0000] {processor.py:157} INFO - Started process (PID=18506) to work on /home/airflow/.local/lib/python3.8/site-packages/airflow/example_dags/example_latest_only.py
[2025-03-06T13:13:31.979+0000] {processor.py:829} INFO - Processing file /home/airflow/.local/lib/python3.8/site-packages/airflow/example_dags/example_latest_only.py for tasks to queue
[2025-03-06T13:13:31.979+0000] {logging_mixin.py:154} INFO - [2025-03-06T13:13:31.979+0000] {dagbag.py:536} INFO - Filling up the DagBag from /home/airflow/.local/lib/python3.8/site-packages/airflow/example_dags/example_latest_only.py
[2025-03-06T13:13:31.982+0000] {processor.py:839} INFO - DAG(s) dict_keys(['latest_only']) retrieved from /home/airflow/.local/lib/python3.8/site-packages/airflow/example_dags/example_latest_only.py
[2025-03-06T13:13:31.993+0000] {logging_mixin.py:154} INFO - [2025-03-06T13:13:31.993+0000] {dag.py:2941} INFO - Sync 1 DAGs
[2025-03-06T13:13:32.002+0000] {logging_mixin.py:154} INFO - [2025-03-06T13:13:32.002+0000] {dag.py:3722} INFO - Setting next_dagrun for latest_only to 2025-03-06T09:13:32.002168+00:00, run_after=2025-03-06T13:13:32.002168+00:00
[2025-03-06T13:13:32.012+0000] {processor.py:179} INFO - Processing /home/airflow/.local/lib/python3.8/site-packages/airflow/example_dags/example_latest_only.py took 0.035 seconds
[2025-03-06T13:14:02.553+0000] {processor.py:157} INFO - Started process (PID=18562) to work on /home/airflow/.local/lib/python3.8/site-packages/airflow/example_dags/example_latest_only.py
[2025-03-06T13:14:02.554+0000] {processor.py:829} INFO - Processing file /home/airflow/.local/lib/python3.8/site-packages/airflow/example_dags/example_latest_only.py for tasks to queue
[2025-03-06T13:14:02.555+0000] {logging_mixin.py:154} INFO - [2025-03-06T13:14:02.555+0000] {dagbag.py:536} INFO - Filling up the DagBag from /home/airflow/.local/lib/python3.8/site-packages/airflow/example_dags/example_latest_only.py
[2025-03-06T13:14:02.559+0000] {processor.py:839} INFO - DAG(s) dict_keys(['latest_only']) retrieved from /home/airflow/.local/lib/python3.8/site-packages/airflow/example_dags/example_latest_only.py
[2025-03-06T13:14:02.567+0000] {logging_mixin.py:154} INFO - [2025-03-06T13:14:02.567+0000] {dag.py:2941} INFO - Sync 1 DAGs
[2025-03-06T13:14:02.576+0000] {logging_mixin.py:154} INFO - [2025-03-06T13:14:02.576+0000] {dag.py:3722} INFO - Setting next_dagrun for latest_only to 2025-03-06T09:14:02.575936+00:00, run_after=2025-03-06T13:14:02.575936+00:00
[2025-03-06T13:14:02.583+0000] {processor.py:179} INFO - Processing /home/airflow/.local/lib/python3.8/site-packages/airflow/example_dags/example_latest_only.py took 0.032 seconds
[2025-03-06T13:14:33.085+0000] {processor.py:157} INFO - Started process (PID=18618) to work on /home/airflow/.local/lib/python3.8/site-packages/airflow/example_dags/example_latest_only.py
[2025-03-06T13:14:33.086+0000] {processor.py:829} INFO - Processing file /home/airflow/.local/lib/python3.8/site-packages/airflow/example_dags/example_latest_only.py for tasks to queue
[2025-03-06T13:14:33.087+0000] {logging_mixin.py:154} INFO - [2025-03-06T13:14:33.087+0000] {dagbag.py:536} INFO - Filling up the DagBag from /home/airflow/.local/lib/python3.8/site-packages/airflow/example_dags/example_latest_only.py
[2025-03-06T13:14:33.091+0000] {processor.py:839} INFO - DAG(s) dict_keys(['latest_only']) retrieved from /home/airflow/.local/lib/python3.8/site-packages/airflow/example_dags/example_latest_only.py
[2025-03-06T13:14:33.100+0000] {logging_mixin.py:154} INFO - [2025-03-06T13:14:33.100+0000] {dag.py:2941} INFO - Sync 1 DAGs
[2025-03-06T13:14:33.109+0000] {logging_mixin.py:154} INFO - [2025-03-06T13:14:33.109+0000] {dag.py:3722} INFO - Setting next_dagrun for latest_only to 2025-03-06T09:14:33.109631+00:00, run_after=2025-03-06T13:14:33.109631+00:00
[2025-03-06T13:14:33.119+0000] {processor.py:179} INFO - Processing /home/airflow/.local/lib/python3.8/site-packages/airflow/example_dags/example_latest_only.py took 0.036 seconds
[2025-03-06T13:15:03.616+0000] {processor.py:157} INFO - Started process (PID=18674) to work on /home/airflow/.local/lib/python3.8/site-packages/airflow/example_dags/example_latest_only.py
[2025-03-06T13:15:03.617+0000] {processor.py:829} INFO - Processing file /home/airflow/.local/lib/python3.8/site-packages/airflow/example_dags/example_latest_only.py for tasks to queue
[2025-03-06T13:15:03.617+0000] {logging_mixin.py:154} INFO - [2025-03-06T13:15:03.617+0000] {dagbag.py:536} INFO - Filling up the DagBag from /home/airflow/.local/lib/python3.8/site-packages/airflow/example_dags/example_latest_only.py
[2025-03-06T13:15:03.621+0000] {processor.py:839} INFO - DAG(s) dict_keys(['latest_only']) retrieved from /home/airflow/.local/lib/python3.8/site-packages/airflow/example_dags/example_latest_only.py
[2025-03-06T13:15:03.631+0000] {logging_mixin.py:154} INFO - [2025-03-06T13:15:03.630+0000] {dag.py:2941} INFO - Sync 1 DAGs
[2025-03-06T13:15:03.639+0000] {logging_mixin.py:154} INFO - [2025-03-06T13:15:03.639+0000] {dag.py:3722} INFO - Setting next_dagrun for latest_only to 2025-03-06T09:15:03.639045+00:00, run_after=2025-03-06T13:15:03.639045+00:00
[2025-03-06T13:15:03.648+0000] {processor.py:179} INFO - Processing /home/airflow/.local/lib/python3.8/site-packages/airflow/example_dags/example_latest_only.py took 0.033 seconds
[2025-03-06T13:15:34.082+0000] {processor.py:157} INFO - Started process (PID=18730) to work on /home/airflow/.local/lib/python3.8/site-packages/airflow/example_dags/example_latest_only.py
[2025-03-06T13:15:34.083+0000] {processor.py:829} INFO - Processing file /home/airflow/.local/lib/python3.8/site-packages/airflow/example_dags/example_latest_only.py for tasks to queue
[2025-03-06T13:15:34.083+0000] {logging_mixin.py:154} INFO - [2025-03-06T13:15:34.083+0000] {dagbag.py:536} INFO - Filling up the DagBag from /home/airflow/.local/lib/python3.8/site-packages/airflow/example_dags/example_latest_only.py
[2025-03-06T13:15:34.086+0000] {processor.py:839} INFO - DAG(s) dict_keys(['latest_only']) retrieved from /home/airflow/.local/lib/python3.8/site-packages/airflow/example_dags/example_latest_only.py
[2025-03-06T13:15:34.094+0000] {logging_mixin.py:154} INFO - [2025-03-06T13:15:34.094+0000] {dag.py:2941} INFO - Sync 1 DAGs
[2025-03-06T13:15:34.102+0000] {logging_mixin.py:154} INFO - [2025-03-06T13:15:34.102+0000] {dag.py:3722} INFO - Setting next_dagrun for latest_only to 2025-03-06T09:15:34.102560+00:00, run_after=2025-03-06T13:15:34.102560+00:00
[2025-03-06T13:15:34.110+0000] {processor.py:179} INFO - Processing /home/airflow/.local/lib/python3.8/site-packages/airflow/example_dags/example_latest_only.py took 0.029 seconds
[2025-03-06T13:16:04.628+0000] {processor.py:157} INFO - Started process (PID=18786) to work on /home/airflow/.local/lib/python3.8/site-packages/airflow/example_dags/example_latest_only.py
[2025-03-06T13:16:04.629+0000] {processor.py:829} INFO - Processing file /home/airflow/.local/lib/python3.8/site-packages/airflow/example_dags/example_latest_only.py for tasks to queue
[2025-03-06T13:16:04.629+0000] {logging_mixin.py:154} INFO - [2025-03-06T13:16:04.629+0000] {dagbag.py:536} INFO - Filling up the DagBag from /home/airflow/.local/lib/python3.8/site-packages/airflow/example_dags/example_latest_only.py
[2025-03-06T13:16:04.632+0000] {processor.py:839} INFO - DAG(s) dict_keys(['latest_only']) retrieved from /home/airflow/.local/lib/python3.8/site-packages/airflow/example_dags/example_latest_only.py
[2025-03-06T13:16:04.640+0000] {logging_mixin.py:154} INFO - [2025-03-06T13:16:04.640+0000] {dag.py:2941} INFO - Sync 1 DAGs
[2025-03-06T13:16:04.649+0000] {logging_mixin.py:154} INFO - [2025-03-06T13:16:04.649+0000] {dag.py:3722} INFO - Setting next_dagrun for latest_only to 2025-03-06T09:16:04.649187+00:00, run_after=2025-03-06T13:16:04.649187+00:00
[2025-03-06T13:16:04.657+0000] {processor.py:179} INFO - Processing /home/airflow/.local/lib/python3.8/site-packages/airflow/example_dags/example_latest_only.py took 0.030 seconds
[2025-03-06T13:16:35.209+0000] {processor.py:157} INFO - Started process (PID=18842) to work on /home/airflow/.local/lib/python3.8/site-packages/airflow/example_dags/example_latest_only.py
[2025-03-06T13:16:35.209+0000] {processor.py:829} INFO - Processing file /home/airflow/.local/lib/python3.8/site-packages/airflow/example_dags/example_latest_only.py for tasks to queue
[2025-03-06T13:16:35.211+0000] {logging_mixin.py:154} INFO - [2025-03-06T13:16:35.210+0000] {dagbag.py:536} INFO - Filling up the DagBag from /home/airflow/.local/lib/python3.8/site-packages/airflow/example_dags/example_latest_only.py
[2025-03-06T13:16:35.215+0000] {processor.py:839} INFO - DAG(s) dict_keys(['latest_only']) retrieved from /home/airflow/.local/lib/python3.8/site-packages/airflow/example_dags/example_latest_only.py
[2025-03-06T13:16:35.227+0000] {logging_mixin.py:154} INFO - [2025-03-06T13:16:35.227+0000] {dag.py:2941} INFO - Sync 1 DAGs
[2025-03-06T13:16:35.236+0000] {logging_mixin.py:154} INFO - [2025-03-06T13:16:35.236+0000] {dag.py:3722} INFO - Setting next_dagrun for latest_only to 2025-03-06T09:16:35.236257+00:00, run_after=2025-03-06T13:16:35.236257+00:00
[2025-03-06T13:16:35.244+0000] {processor.py:179} INFO - Processing /home/airflow/.local/lib/python3.8/site-packages/airflow/example_dags/example_latest_only.py took 0.036 seconds
[2025-03-06T13:17:06.138+0000] {processor.py:157} INFO - Started process (PID=18898) to work on /home/airflow/.local/lib/python3.8/site-packages/airflow/example_dags/example_latest_only.py
[2025-03-06T13:17:06.139+0000] {processor.py:829} INFO - Processing file /home/airflow/.local/lib/python3.8/site-packages/airflow/example_dags/example_latest_only.py for tasks to queue
[2025-03-06T13:17:06.139+0000] {logging_mixin.py:154} INFO - [2025-03-06T13:17:06.139+0000] {dagbag.py:536} INFO - Filling up the DagBag from /home/airflow/.local/lib/python3.8/site-packages/airflow/example_dags/example_latest_only.py
[2025-03-06T13:17:06.142+0000] {processor.py:839} INFO - DAG(s) dict_keys(['latest_only']) retrieved from /home/airflow/.local/lib/python3.8/site-packages/airflow/example_dags/example_latest_only.py
[2025-03-06T13:17:06.151+0000] {logging_mixin.py:154} INFO - [2025-03-06T13:17:06.151+0000] {dag.py:2941} INFO - Sync 1 DAGs
[2025-03-06T13:17:06.161+0000] {logging_mixin.py:154} INFO - [2025-03-06T13:17:06.161+0000] {dag.py:3722} INFO - Setting next_dagrun for latest_only to 2025-03-06T09:17:06.161604+00:00, run_after=2025-03-06T13:17:06.161604+00:00
[2025-03-06T13:17:06.259+0000] {processor.py:179} INFO - Processing /home/airflow/.local/lib/python3.8/site-packages/airflow/example_dags/example_latest_only.py took 0.123 seconds
[2025-03-06T13:17:36.828+0000] {processor.py:157} INFO - Started process (PID=18954) to work on /home/airflow/.local/lib/python3.8/site-packages/airflow/example_dags/example_latest_only.py
[2025-03-06T13:17:36.828+0000] {processor.py:829} INFO - Processing file /home/airflow/.local/lib/python3.8/site-packages/airflow/example_dags/example_latest_only.py for tasks to queue
[2025-03-06T13:17:36.829+0000] {logging_mixin.py:154} INFO - [2025-03-06T13:17:36.829+0000] {dagbag.py:536} INFO - Filling up the DagBag from /home/airflow/.local/lib/python3.8/site-packages/airflow/example_dags/example_latest_only.py
[2025-03-06T13:17:36.833+0000] {processor.py:839} INFO - DAG(s) dict_keys(['latest_only']) retrieved from /home/airflow/.local/lib/python3.8/site-packages/airflow/example_dags/example_latest_only.py
[2025-03-06T13:17:36.843+0000] {logging_mixin.py:154} INFO - [2025-03-06T13:17:36.843+0000] {dag.py:2941} INFO - Sync 1 DAGs
[2025-03-06T13:17:36.851+0000] {logging_mixin.py:154} INFO - [2025-03-06T13:17:36.851+0000] {dag.py:3722} INFO - Setting next_dagrun for latest_only to 2025-03-06T09:17:36.851381+00:00, run_after=2025-03-06T13:17:36.851381+00:00
[2025-03-06T13:17:36.858+0000] {processor.py:179} INFO - Processing /home/airflow/.local/lib/python3.8/site-packages/airflow/example_dags/example_latest_only.py took 0.031 seconds
[2025-03-06T13:18:07.684+0000] {processor.py:157} INFO - Started process (PID=19010) to work on /home/airflow/.local/lib/python3.8/site-packages/airflow/example_dags/example_latest_only.py
[2025-03-06T13:18:07.684+0000] {processor.py:829} INFO - Processing file /home/airflow/.local/lib/python3.8/site-packages/airflow/example_dags/example_latest_only.py for tasks to queue
[2025-03-06T13:18:07.684+0000] {logging_mixin.py:154} INFO - [2025-03-06T13:18:07.684+0000] {dagbag.py:536} INFO - Filling up the DagBag from /home/airflow/.local/lib/python3.8/site-packages/airflow/example_dags/example_latest_only.py
[2025-03-06T13:18:07.687+0000] {processor.py:839} INFO - DAG(s) dict_keys(['latest_only']) retrieved from /home/airflow/.local/lib/python3.8/site-packages/airflow/example_dags/example_latest_only.py
[2025-03-06T13:18:07.697+0000] {logging_mixin.py:154} INFO - [2025-03-06T13:18:07.697+0000] {dag.py:2941} INFO - Sync 1 DAGs
[2025-03-06T13:18:07.706+0000] {logging_mixin.py:154} INFO - [2025-03-06T13:18:07.706+0000] {dag.py:3722} INFO - Setting next_dagrun for latest_only to 2025-03-06T09:18:07.706025+00:00, run_after=2025-03-06T13:18:07.706025+00:00
[2025-03-06T13:18:07.715+0000] {processor.py:179} INFO - Processing /home/airflow/.local/lib/python3.8/site-packages/airflow/example_dags/example_latest_only.py took 0.033 seconds
[2025-03-06T13:18:38.621+0000] {processor.py:157} INFO - Started process (PID=19066) to work on /home/airflow/.local/lib/python3.8/site-packages/airflow/example_dags/example_latest_only.py
[2025-03-06T13:18:38.621+0000] {processor.py:829} INFO - Processing file /home/airflow/.local/lib/python3.8/site-packages/airflow/example_dags/example_latest_only.py for tasks to queue
[2025-03-06T13:18:38.621+0000] {logging_mixin.py:154} INFO - [2025-03-06T13:18:38.621+0000] {dagbag.py:536} INFO - Filling up the DagBag from /home/airflow/.local/lib/python3.8/site-packages/airflow/example_dags/example_latest_only.py
[2025-03-06T13:18:38.624+0000] {processor.py:839} INFO - DAG(s) dict_keys(['latest_only']) retrieved from /home/airflow/.local/lib/python3.8/site-packages/airflow/example_dags/example_latest_only.py
[2025-03-06T13:18:38.632+0000] {logging_mixin.py:154} INFO - [2025-03-06T13:18:38.632+0000] {dag.py:2941} INFO - Sync 1 DAGs
[2025-03-06T13:18:38.643+0000] {logging_mixin.py:154} INFO - [2025-03-06T13:18:38.643+0000] {dag.py:3722} INFO - Setting next_dagrun for latest_only to 2025-03-06T09:18:38.643132+00:00, run_after=2025-03-06T13:18:38.643132+00:00
[2025-03-06T13:18:38.651+0000] {processor.py:179} INFO - Processing /home/airflow/.local/lib/python3.8/site-packages/airflow/example_dags/example_latest_only.py took 0.031 seconds
[2025-03-06T13:19:09.315+0000] {processor.py:157} INFO - Started process (PID=19122) to work on /home/airflow/.local/lib/python3.8/site-packages/airflow/example_dags/example_latest_only.py
[2025-03-06T13:19:09.316+0000] {processor.py:829} INFO - Processing file /home/airflow/.local/lib/python3.8/site-packages/airflow/example_dags/example_latest_only.py for tasks to queue
[2025-03-06T13:19:09.316+0000] {logging_mixin.py:154} INFO - [2025-03-06T13:19:09.316+0000] {dagbag.py:536} INFO - Filling up the DagBag from /home/airflow/.local/lib/python3.8/site-packages/airflow/example_dags/example_latest_only.py
[2025-03-06T13:19:09.319+0000] {processor.py:839} INFO - DAG(s) dict_keys(['latest_only']) retrieved from /home/airflow/.local/lib/python3.8/site-packages/airflow/example_dags/example_latest_only.py
[2025-03-06T13:19:09.329+0000] {logging_mixin.py:154} INFO - [2025-03-06T13:19:09.328+0000] {dag.py:2941} INFO - Sync 1 DAGs
[2025-03-06T13:19:09.337+0000] {logging_mixin.py:154} INFO - [2025-03-06T13:19:09.337+0000] {dag.py:3722} INFO - Setting next_dagrun for latest_only to 2025-03-06T09:19:09.337070+00:00, run_after=2025-03-06T13:19:09.337070+00:00
[2025-03-06T13:19:09.346+0000] {processor.py:179} INFO - Processing /home/airflow/.local/lib/python3.8/site-packages/airflow/example_dags/example_latest_only.py took 0.033 seconds
[2025-03-06T13:19:40.545+0000] {processor.py:157} INFO - Started process (PID=19178) to work on /home/airflow/.local/lib/python3.8/site-packages/airflow/example_dags/example_latest_only.py
[2025-03-06T13:19:40.546+0000] {processor.py:829} INFO - Processing file /home/airflow/.local/lib/python3.8/site-packages/airflow/example_dags/example_latest_only.py for tasks to queue
[2025-03-06T13:19:40.546+0000] {logging_mixin.py:154} INFO - [2025-03-06T13:19:40.546+0000] {dagbag.py:536} INFO - Filling up the DagBag from /home/airflow/.local/lib/python3.8/site-packages/airflow/example_dags/example_latest_only.py
[2025-03-06T13:19:40.549+0000] {processor.py:839} INFO - DAG(s) dict_keys(['latest_only']) retrieved from /home/airflow/.local/lib/python3.8/site-packages/airflow/example_dags/example_latest_only.py
[2025-03-06T13:19:40.557+0000] {logging_mixin.py:154} INFO - [2025-03-06T13:19:40.557+0000] {dag.py:2941} INFO - Sync 1 DAGs
[2025-03-06T13:19:40.643+0000] {logging_mixin.py:154} INFO - [2025-03-06T13:19:40.643+0000] {dag.py:3722} INFO - Setting next_dagrun for latest_only to 2025-03-06T09:19:40.643349+00:00, run_after=2025-03-06T13:19:40.643349+00:00
[2025-03-06T13:19:40.649+0000] {processor.py:179} INFO - Processing /home/airflow/.local/lib/python3.8/site-packages/airflow/example_dags/example_latest_only.py took 0.105 seconds
[2025-03-06T13:20:10.987+0000] {processor.py:157} INFO - Started process (PID=19234) to work on /home/airflow/.local/lib/python3.8/site-packages/airflow/example_dags/example_latest_only.py
[2025-03-06T13:20:10.988+0000] {processor.py:829} INFO - Processing file /home/airflow/.local/lib/python3.8/site-packages/airflow/example_dags/example_latest_only.py for tasks to queue
[2025-03-06T13:20:10.988+0000] {logging_mixin.py:154} INFO - [2025-03-06T13:20:10.988+0000] {dagbag.py:536} INFO - Filling up the DagBag from /home/airflow/.local/lib/python3.8/site-packages/airflow/example_dags/example_latest_only.py
[2025-03-06T13:20:10.991+0000] {processor.py:839} INFO - DAG(s) dict_keys(['latest_only']) retrieved from /home/airflow/.local/lib/python3.8/site-packages/airflow/example_dags/example_latest_only.py
[2025-03-06T13:20:10.999+0000] {logging_mixin.py:154} INFO - [2025-03-06T13:20:10.999+0000] {dag.py:2941} INFO - Sync 1 DAGs
[2025-03-06T13:20:11.008+0000] {logging_mixin.py:154} INFO - [2025-03-06T13:20:11.008+0000] {dag.py:3722} INFO - Setting next_dagrun for latest_only to 2025-03-06T09:20:11.008127+00:00, run_after=2025-03-06T13:20:11.008127+00:00
[2025-03-06T13:20:11.101+0000] {processor.py:179} INFO - Processing /home/airflow/.local/lib/python3.8/site-packages/airflow/example_dags/example_latest_only.py took 0.116 seconds
[2025-03-06T13:20:41.761+0000] {processor.py:157} INFO - Started process (PID=19290) to work on /home/airflow/.local/lib/python3.8/site-packages/airflow/example_dags/example_latest_only.py
[2025-03-06T13:20:41.762+0000] {processor.py:829} INFO - Processing file /home/airflow/.local/lib/python3.8/site-packages/airflow/example_dags/example_latest_only.py for tasks to queue
[2025-03-06T13:20:41.762+0000] {logging_mixin.py:154} INFO - [2025-03-06T13:20:41.762+0000] {dagbag.py:536} INFO - Filling up the DagBag from /home/airflow/.local/lib/python3.8/site-packages/airflow/example_dags/example_latest_only.py
[2025-03-06T13:20:41.765+0000] {processor.py:839} INFO - DAG(s) dict_keys(['latest_only']) retrieved from /home/airflow/.local/lib/python3.8/site-packages/airflow/example_dags/example_latest_only.py
[2025-03-06T13:20:41.773+0000] {logging_mixin.py:154} INFO - [2025-03-06T13:20:41.773+0000] {dag.py:2941} INFO - Sync 1 DAGs
[2025-03-06T13:20:41.782+0000] {logging_mixin.py:154} INFO - [2025-03-06T13:20:41.781+0000] {dag.py:3722} INFO - Setting next_dagrun for latest_only to 2025-03-06T09:20:41.781831+00:00, run_after=2025-03-06T13:20:41.781831+00:00
[2025-03-06T13:20:41.790+0000] {processor.py:179} INFO - Processing /home/airflow/.local/lib/python3.8/site-packages/airflow/example_dags/example_latest_only.py took 0.030 seconds
[2025-03-06T13:21:12.253+0000] {processor.py:157} INFO - Started process (PID=19346) to work on /home/airflow/.local/lib/python3.8/site-packages/airflow/example_dags/example_latest_only.py
[2025-03-06T13:21:12.253+0000] {processor.py:829} INFO - Processing file /home/airflow/.local/lib/python3.8/site-packages/airflow/example_dags/example_latest_only.py for tasks to queue
[2025-03-06T13:21:12.253+0000] {logging_mixin.py:154} INFO - [2025-03-06T13:21:12.253+0000] {dagbag.py:536} INFO - Filling up the DagBag from /home/airflow/.local/lib/python3.8/site-packages/airflow/example_dags/example_latest_only.py
[2025-03-06T13:21:12.256+0000] {processor.py:839} INFO - DAG(s) dict_keys(['latest_only']) retrieved from /home/airflow/.local/lib/python3.8/site-packages/airflow/example_dags/example_latest_only.py
[2025-03-06T13:21:12.264+0000] {logging_mixin.py:154} INFO - [2025-03-06T13:21:12.264+0000] {dag.py:2941} INFO - Sync 1 DAGs
[2025-03-06T13:21:12.271+0000] {logging_mixin.py:154} INFO - [2025-03-06T13:21:12.271+0000] {dag.py:3722} INFO - Setting next_dagrun for latest_only to 2025-03-06T09:21:12.271618+00:00, run_after=2025-03-06T13:21:12.271618+00:00
[2025-03-06T13:21:12.277+0000] {processor.py:179} INFO - Processing /home/airflow/.local/lib/python3.8/site-packages/airflow/example_dags/example_latest_only.py took 0.025 seconds
[2025-03-06T13:21:43.153+0000] {processor.py:157} INFO - Started process (PID=19402) to work on /home/airflow/.local/lib/python3.8/site-packages/airflow/example_dags/example_latest_only.py
[2025-03-06T13:21:43.153+0000] {processor.py:829} INFO - Processing file /home/airflow/.local/lib/python3.8/site-packages/airflow/example_dags/example_latest_only.py for tasks to queue
[2025-03-06T13:21:43.153+0000] {logging_mixin.py:154} INFO - [2025-03-06T13:21:43.153+0000] {dagbag.py:536} INFO - Filling up the DagBag from /home/airflow/.local/lib/python3.8/site-packages/airflow/example_dags/example_latest_only.py
[2025-03-06T13:21:43.156+0000] {processor.py:839} INFO - DAG(s) dict_keys(['latest_only']) retrieved from /home/airflow/.local/lib/python3.8/site-packages/airflow/example_dags/example_latest_only.py
[2025-03-06T13:21:43.244+0000] {logging_mixin.py:154} INFO - [2025-03-06T13:21:43.244+0000] {dag.py:2941} INFO - Sync 1 DAGs
[2025-03-06T13:21:43.250+0000] {logging_mixin.py:154} INFO - [2025-03-06T13:21:43.250+0000] {dag.py:3722} INFO - Setting next_dagrun for latest_only to 2025-03-06T09:21:43.250719+00:00, run_after=2025-03-06T13:21:43.250719+00:00
[2025-03-06T13:21:43.256+0000] {processor.py:179} INFO - Processing /home/airflow/.local/lib/python3.8/site-packages/airflow/example_dags/example_latest_only.py took 0.105 seconds
[2025-03-06T13:22:13.904+0000] {processor.py:157} INFO - Started process (PID=19458) to work on /home/airflow/.local/lib/python3.8/site-packages/airflow/example_dags/example_latest_only.py
[2025-03-06T13:22:13.907+0000] {processor.py:829} INFO - Processing file /home/airflow/.local/lib/python3.8/site-packages/airflow/example_dags/example_latest_only.py for tasks to queue
[2025-03-06T13:22:13.908+0000] {logging_mixin.py:154} INFO - [2025-03-06T13:22:13.908+0000] {dagbag.py:536} INFO - Filling up the DagBag from /home/airflow/.local/lib/python3.8/site-packages/airflow/example_dags/example_latest_only.py
[2025-03-06T13:22:13.910+0000] {processor.py:839} INFO - DAG(s) dict_keys(['latest_only']) retrieved from /home/airflow/.local/lib/python3.8/site-packages/airflow/example_dags/example_latest_only.py
[2025-03-06T13:22:13.920+0000] {logging_mixin.py:154} INFO - [2025-03-06T13:22:13.920+0000] {dag.py:2941} INFO - Sync 1 DAGs
[2025-03-06T13:22:14.017+0000] {logging_mixin.py:154} INFO - [2025-03-06T13:22:14.017+0000] {dag.py:3722} INFO - Setting next_dagrun for latest_only to 2025-03-06T09:22:14.017431+00:00, run_after=2025-03-06T13:22:14.017431+00:00
[2025-03-06T13:22:14.026+0000] {processor.py:179} INFO - Processing /home/airflow/.local/lib/python3.8/site-packages/airflow/example_dags/example_latest_only.py took 0.123 seconds
[2025-03-06T13:22:44.966+0000] {processor.py:157} INFO - Started process (PID=19513) to work on /home/airflow/.local/lib/python3.8/site-packages/airflow/example_dags/example_latest_only.py
[2025-03-06T13:22:44.969+0000] {processor.py:829} INFO - Processing file /home/airflow/.local/lib/python3.8/site-packages/airflow/example_dags/example_latest_only.py for tasks to queue
[2025-03-06T13:22:44.972+0000] {logging_mixin.py:154} INFO - [2025-03-06T13:22:44.971+0000] {dagbag.py:536} INFO - Filling up the DagBag from /home/airflow/.local/lib/python3.8/site-packages/airflow/example_dags/example_latest_only.py
[2025-03-06T13:22:44.975+0000] {processor.py:839} INFO - DAG(s) dict_keys(['latest_only']) retrieved from /home/airflow/.local/lib/python3.8/site-packages/airflow/example_dags/example_latest_only.py
[2025-03-06T13:22:44.988+0000] {logging_mixin.py:154} INFO - [2025-03-06T13:22:44.988+0000] {dag.py:2941} INFO - Sync 1 DAGs
[2025-03-06T13:22:44.999+0000] {logging_mixin.py:154} INFO - [2025-03-06T13:22:44.999+0000] {dag.py:3722} INFO - Setting next_dagrun for latest_only to 2025-03-06T09:22:44.999511+00:00, run_after=2025-03-06T13:22:44.999511+00:00
[2025-03-06T13:22:45.010+0000] {processor.py:179} INFO - Processing /home/airflow/.local/lib/python3.8/site-packages/airflow/example_dags/example_latest_only.py took 0.046 seconds
[2025-03-06T13:23:15.521+0000] {processor.py:157} INFO - Started process (PID=19569) to work on /home/airflow/.local/lib/python3.8/site-packages/airflow/example_dags/example_latest_only.py
[2025-03-06T13:23:15.527+0000] {processor.py:829} INFO - Processing file /home/airflow/.local/lib/python3.8/site-packages/airflow/example_dags/example_latest_only.py for tasks to queue
[2025-03-06T13:23:15.527+0000] {logging_mixin.py:154} INFO - [2025-03-06T13:23:15.527+0000] {dagbag.py:536} INFO - Filling up the DagBag from /home/airflow/.local/lib/python3.8/site-packages/airflow/example_dags/example_latest_only.py
[2025-03-06T13:23:15.534+0000] {processor.py:839} INFO - DAG(s) dict_keys(['latest_only']) retrieved from /home/airflow/.local/lib/python3.8/site-packages/airflow/example_dags/example_latest_only.py
[2025-03-06T13:23:15.546+0000] {logging_mixin.py:154} INFO - [2025-03-06T13:23:15.546+0000] {dag.py:2941} INFO - Sync 1 DAGs
[2025-03-06T13:23:15.557+0000] {logging_mixin.py:154} INFO - [2025-03-06T13:23:15.557+0000] {dag.py:3722} INFO - Setting next_dagrun for latest_only to 2025-03-06T09:23:15.557035+00:00, run_after=2025-03-06T13:23:15.557035+00:00
[2025-03-06T13:23:15.567+0000] {processor.py:179} INFO - Processing /home/airflow/.local/lib/python3.8/site-packages/airflow/example_dags/example_latest_only.py took 0.048 seconds
[2025-03-06T13:23:46.082+0000] {processor.py:157} INFO - Started process (PID=19624) to work on /home/airflow/.local/lib/python3.8/site-packages/airflow/example_dags/example_latest_only.py
[2025-03-06T13:23:46.082+0000] {processor.py:829} INFO - Processing file /home/airflow/.local/lib/python3.8/site-packages/airflow/example_dags/example_latest_only.py for tasks to queue
[2025-03-06T13:23:46.083+0000] {logging_mixin.py:154} INFO - [2025-03-06T13:23:46.083+0000] {dagbag.py:536} INFO - Filling up the DagBag from /home/airflow/.local/lib/python3.8/site-packages/airflow/example_dags/example_latest_only.py
[2025-03-06T13:23:46.087+0000] {processor.py:839} INFO - DAG(s) dict_keys(['latest_only']) retrieved from /home/airflow/.local/lib/python3.8/site-packages/airflow/example_dags/example_latest_only.py
[2025-03-06T13:23:46.104+0000] {logging_mixin.py:154} INFO - [2025-03-06T13:23:46.104+0000] {dag.py:2941} INFO - Sync 1 DAGs
[2025-03-06T13:23:46.115+0000] {logging_mixin.py:154} INFO - [2025-03-06T13:23:46.114+0000] {dag.py:3722} INFO - Setting next_dagrun for latest_only to 2025-03-06T09:23:46.114848+00:00, run_after=2025-03-06T13:23:46.114848+00:00
[2025-03-06T13:23:46.124+0000] {processor.py:179} INFO - Processing /home/airflow/.local/lib/python3.8/site-packages/airflow/example_dags/example_latest_only.py took 0.045 seconds
[2025-03-06T13:24:16.613+0000] {processor.py:157} INFO - Started process (PID=19680) to work on /home/airflow/.local/lib/python3.8/site-packages/airflow/example_dags/example_latest_only.py
[2025-03-06T13:24:16.613+0000] {processor.py:829} INFO - Processing file /home/airflow/.local/lib/python3.8/site-packages/airflow/example_dags/example_latest_only.py for tasks to queue
[2025-03-06T13:24:16.614+0000] {logging_mixin.py:154} INFO - [2025-03-06T13:24:16.614+0000] {dagbag.py:536} INFO - Filling up the DagBag from /home/airflow/.local/lib/python3.8/site-packages/airflow/example_dags/example_latest_only.py
[2025-03-06T13:24:16.618+0000] {processor.py:839} INFO - DAG(s) dict_keys(['latest_only']) retrieved from /home/airflow/.local/lib/python3.8/site-packages/airflow/example_dags/example_latest_only.py
[2025-03-06T13:24:16.634+0000] {logging_mixin.py:154} INFO - [2025-03-06T13:24:16.633+0000] {dag.py:2941} INFO - Sync 1 DAGs
[2025-03-06T13:24:16.644+0000] {logging_mixin.py:154} INFO - [2025-03-06T13:24:16.644+0000] {dag.py:3722} INFO - Setting next_dagrun for latest_only to 2025-03-06T09:24:16.644679+00:00, run_after=2025-03-06T13:24:16.644679+00:00
[2025-03-06T13:24:16.657+0000] {processor.py:179} INFO - Processing /home/airflow/.local/lib/python3.8/site-packages/airflow/example_dags/example_latest_only.py took 0.047 seconds
[2025-03-06T13:24:47.172+0000] {processor.py:157} INFO - Started process (PID=19736) to work on /home/airflow/.local/lib/python3.8/site-packages/airflow/example_dags/example_latest_only.py
[2025-03-06T13:24:47.176+0000] {processor.py:829} INFO - Processing file /home/airflow/.local/lib/python3.8/site-packages/airflow/example_dags/example_latest_only.py for tasks to queue
[2025-03-06T13:24:47.176+0000] {logging_mixin.py:154} INFO - [2025-03-06T13:24:47.176+0000] {dagbag.py:536} INFO - Filling up the DagBag from /home/airflow/.local/lib/python3.8/site-packages/airflow/example_dags/example_latest_only.py
[2025-03-06T13:24:47.180+0000] {processor.py:839} INFO - DAG(s) dict_keys(['latest_only']) retrieved from /home/airflow/.local/lib/python3.8/site-packages/airflow/example_dags/example_latest_only.py
[2025-03-06T13:24:47.194+0000] {logging_mixin.py:154} INFO - [2025-03-06T13:24:47.194+0000] {dag.py:2941} INFO - Sync 1 DAGs
[2025-03-06T13:24:47.206+0000] {logging_mixin.py:154} INFO - [2025-03-06T13:24:47.206+0000] {dag.py:3722} INFO - Setting next_dagrun for latest_only to 2025-03-06T09:24:47.206601+00:00, run_after=2025-03-06T13:24:47.206601+00:00
[2025-03-06T13:24:47.218+0000] {processor.py:179} INFO - Processing /home/airflow/.local/lib/python3.8/site-packages/airflow/example_dags/example_latest_only.py took 0.048 seconds
[2025-03-06T13:25:17.732+0000] {processor.py:157} INFO - Started process (PID=19792) to work on /home/airflow/.local/lib/python3.8/site-packages/airflow/example_dags/example_latest_only.py
[2025-03-06T13:25:17.732+0000] {processor.py:829} INFO - Processing file /home/airflow/.local/lib/python3.8/site-packages/airflow/example_dags/example_latest_only.py for tasks to queue
[2025-03-06T13:25:17.733+0000] {logging_mixin.py:154} INFO - [2025-03-06T13:25:17.733+0000] {dagbag.py:536} INFO - Filling up the DagBag from /home/airflow/.local/lib/python3.8/site-packages/airflow/example_dags/example_latest_only.py
[2025-03-06T13:25:17.738+0000] {processor.py:839} INFO - DAG(s) dict_keys(['latest_only']) retrieved from /home/airflow/.local/lib/python3.8/site-packages/airflow/example_dags/example_latest_only.py
[2025-03-06T13:25:17.751+0000] {logging_mixin.py:154} INFO - [2025-03-06T13:25:17.751+0000] {dag.py:2941} INFO - Sync 1 DAGs
[2025-03-06T13:25:17.762+0000] {logging_mixin.py:154} INFO - [2025-03-06T13:25:17.762+0000] {dag.py:3722} INFO - Setting next_dagrun for latest_only to 2025-03-06T09:25:17.762763+00:00, run_after=2025-03-06T13:25:17.762763+00:00
[2025-03-06T13:25:17.775+0000] {processor.py:179} INFO - Processing /home/airflow/.local/lib/python3.8/site-packages/airflow/example_dags/example_latest_only.py took 0.046 seconds
[2025-03-06T13:25:48.313+0000] {processor.py:157} INFO - Started process (PID=19848) to work on /home/airflow/.local/lib/python3.8/site-packages/airflow/example_dags/example_latest_only.py
[2025-03-06T13:25:48.314+0000] {processor.py:829} INFO - Processing file /home/airflow/.local/lib/python3.8/site-packages/airflow/example_dags/example_latest_only.py for tasks to queue
[2025-03-06T13:25:48.315+0000] {logging_mixin.py:154} INFO - [2025-03-06T13:25:48.315+0000] {dagbag.py:536} INFO - Filling up the DagBag from /home/airflow/.local/lib/python3.8/site-packages/airflow/example_dags/example_latest_only.py
[2025-03-06T13:25:48.319+0000] {processor.py:839} INFO - DAG(s) dict_keys(['latest_only']) retrieved from /home/airflow/.local/lib/python3.8/site-packages/airflow/example_dags/example_latest_only.py
[2025-03-06T13:25:48.332+0000] {logging_mixin.py:154} INFO - [2025-03-06T13:25:48.331+0000] {dag.py:2941} INFO - Sync 1 DAGs
[2025-03-06T13:25:48.342+0000] {logging_mixin.py:154} INFO - [2025-03-06T13:25:48.342+0000] {dag.py:3722} INFO - Setting next_dagrun for latest_only to 2025-03-06T09:25:48.342713+00:00, run_after=2025-03-06T13:25:48.342713+00:00
[2025-03-06T13:25:48.351+0000] {processor.py:179} INFO - Processing /home/airflow/.local/lib/python3.8/site-packages/airflow/example_dags/example_latest_only.py took 0.040 seconds
[2025-03-06T13:26:18.838+0000] {processor.py:157} INFO - Started process (PID=19904) to work on /home/airflow/.local/lib/python3.8/site-packages/airflow/example_dags/example_latest_only.py
[2025-03-06T13:26:18.839+0000] {processor.py:829} INFO - Processing file /home/airflow/.local/lib/python3.8/site-packages/airflow/example_dags/example_latest_only.py for tasks to queue
[2025-03-06T13:26:18.839+0000] {logging_mixin.py:154} INFO - [2025-03-06T13:26:18.839+0000] {dagbag.py:536} INFO - Filling up the DagBag from /home/airflow/.local/lib/python3.8/site-packages/airflow/example_dags/example_latest_only.py
[2025-03-06T13:26:18.843+0000] {processor.py:839} INFO - DAG(s) dict_keys(['latest_only']) retrieved from /home/airflow/.local/lib/python3.8/site-packages/airflow/example_dags/example_latest_only.py
[2025-03-06T13:26:18.856+0000] {logging_mixin.py:154} INFO - [2025-03-06T13:26:18.856+0000] {dag.py:2941} INFO - Sync 1 DAGs
[2025-03-06T13:26:18.866+0000] {logging_mixin.py:154} INFO - [2025-03-06T13:26:18.866+0000] {dag.py:3722} INFO - Setting next_dagrun for latest_only to 2025-03-06T09:26:18.866473+00:00, run_after=2025-03-06T13:26:18.866473+00:00
[2025-03-06T13:26:18.875+0000] {processor.py:179} INFO - Processing /home/airflow/.local/lib/python3.8/site-packages/airflow/example_dags/example_latest_only.py took 0.039 seconds
[2025-03-06T13:26:49.382+0000] {processor.py:157} INFO - Started process (PID=19960) to work on /home/airflow/.local/lib/python3.8/site-packages/airflow/example_dags/example_latest_only.py
[2025-03-06T13:26:49.383+0000] {processor.py:829} INFO - Processing file /home/airflow/.local/lib/python3.8/site-packages/airflow/example_dags/example_latest_only.py for tasks to queue
[2025-03-06T13:26:49.383+0000] {logging_mixin.py:154} INFO - [2025-03-06T13:26:49.383+0000] {dagbag.py:536} INFO - Filling up the DagBag from /home/airflow/.local/lib/python3.8/site-packages/airflow/example_dags/example_latest_only.py
[2025-03-06T13:26:49.388+0000] {processor.py:839} INFO - DAG(s) dict_keys(['latest_only']) retrieved from /home/airflow/.local/lib/python3.8/site-packages/airflow/example_dags/example_latest_only.py
[2025-03-06T13:26:49.402+0000] {logging_mixin.py:154} INFO - [2025-03-06T13:26:49.401+0000] {dag.py:2941} INFO - Sync 1 DAGs
[2025-03-06T13:26:49.413+0000] {logging_mixin.py:154} INFO - [2025-03-06T13:26:49.413+0000] {dag.py:3722} INFO - Setting next_dagrun for latest_only to 2025-03-06T09:26:49.413150+00:00, run_after=2025-03-06T13:26:49.413150+00:00
[2025-03-06T13:26:49.424+0000] {processor.py:179} INFO - Processing /home/airflow/.local/lib/python3.8/site-packages/airflow/example_dags/example_latest_only.py took 0.045 seconds
[2025-03-06T13:27:19.968+0000] {processor.py:157} INFO - Started process (PID=20016) to work on /home/airflow/.local/lib/python3.8/site-packages/airflow/example_dags/example_latest_only.py
[2025-03-06T13:27:19.969+0000] {processor.py:829} INFO - Processing file /home/airflow/.local/lib/python3.8/site-packages/airflow/example_dags/example_latest_only.py for tasks to queue
[2025-03-06T13:27:19.969+0000] {logging_mixin.py:154} INFO - [2025-03-06T13:27:19.969+0000] {dagbag.py:536} INFO - Filling up the DagBag from /home/airflow/.local/lib/python3.8/site-packages/airflow/example_dags/example_latest_only.py
[2025-03-06T13:27:19.974+0000] {processor.py:839} INFO - DAG(s) dict_keys(['latest_only']) retrieved from /home/airflow/.local/lib/python3.8/site-packages/airflow/example_dags/example_latest_only.py
[2025-03-06T13:27:19.989+0000] {logging_mixin.py:154} INFO - [2025-03-06T13:27:19.989+0000] {dag.py:2941} INFO - Sync 1 DAGs
[2025-03-06T13:27:20.000+0000] {logging_mixin.py:154} INFO - [2025-03-06T13:27:20.000+0000] {dag.py:3722} INFO - Setting next_dagrun for latest_only to 2025-03-06T09:27:20.000713+00:00, run_after=2025-03-06T13:27:20.000713+00:00
[2025-03-06T13:27:20.013+0000] {processor.py:179} INFO - Processing /home/airflow/.local/lib/python3.8/site-packages/airflow/example_dags/example_latest_only.py took 0.047 seconds
[2025-03-06T13:27:50.508+0000] {processor.py:157} INFO - Started process (PID=20072) to work on /home/airflow/.local/lib/python3.8/site-packages/airflow/example_dags/example_latest_only.py
[2025-03-06T13:27:50.509+0000] {processor.py:829} INFO - Processing file /home/airflow/.local/lib/python3.8/site-packages/airflow/example_dags/example_latest_only.py for tasks to queue
[2025-03-06T13:27:50.510+0000] {logging_mixin.py:154} INFO - [2025-03-06T13:27:50.509+0000] {dagbag.py:536} INFO - Filling up the DagBag from /home/airflow/.local/lib/python3.8/site-packages/airflow/example_dags/example_latest_only.py
[2025-03-06T13:27:50.517+0000] {processor.py:839} INFO - DAG(s) dict_keys(['latest_only']) retrieved from /home/airflow/.local/lib/python3.8/site-packages/airflow/example_dags/example_latest_only.py
[2025-03-06T13:27:50.532+0000] {logging_mixin.py:154} INFO - [2025-03-06T13:27:50.531+0000] {dag.py:2941} INFO - Sync 1 DAGs
[2025-03-06T13:27:50.542+0000] {logging_mixin.py:154} INFO - [2025-03-06T13:27:50.542+0000] {dag.py:3722} INFO - Setting next_dagrun for latest_only to 2025-03-06T09:27:50.542330+00:00, run_after=2025-03-06T13:27:50.542330+00:00
[2025-03-06T13:27:50.554+0000] {processor.py:179} INFO - Processing /home/airflow/.local/lib/python3.8/site-packages/airflow/example_dags/example_latest_only.py took 0.048 seconds
[2025-03-06T13:28:21.181+0000] {processor.py:157} INFO - Started process (PID=20135) to work on /home/airflow/.local/lib/python3.8/site-packages/airflow/example_dags/example_latest_only.py
[2025-03-06T13:28:21.184+0000] {processor.py:829} INFO - Processing file /home/airflow/.local/lib/python3.8/site-packages/airflow/example_dags/example_latest_only.py for tasks to queue
[2025-03-06T13:28:21.185+0000] {logging_mixin.py:154} INFO - [2025-03-06T13:28:21.185+0000] {dagbag.py:536} INFO - Filling up the DagBag from /home/airflow/.local/lib/python3.8/site-packages/airflow/example_dags/example_latest_only.py
[2025-03-06T13:28:21.189+0000] {processor.py:839} INFO - DAG(s) dict_keys(['latest_only']) retrieved from /home/airflow/.local/lib/python3.8/site-packages/airflow/example_dags/example_latest_only.py
[2025-03-06T13:28:21.207+0000] {logging_mixin.py:154} INFO - [2025-03-06T13:28:21.206+0000] {dag.py:2941} INFO - Sync 1 DAGs
[2025-03-06T13:28:21.219+0000] {logging_mixin.py:154} INFO - [2025-03-06T13:28:21.219+0000] {dag.py:3722} INFO - Setting next_dagrun for latest_only to 2025-03-06T09:28:21.219729+00:00, run_after=2025-03-06T13:28:21.219729+00:00
[2025-03-06T13:28:21.231+0000] {processor.py:179} INFO - Processing /home/airflow/.local/lib/python3.8/site-packages/airflow/example_dags/example_latest_only.py took 0.052 seconds
[2025-03-06T13:28:51.733+0000] {processor.py:157} INFO - Started process (PID=20191) to work on /home/airflow/.local/lib/python3.8/site-packages/airflow/example_dags/example_latest_only.py
[2025-03-06T13:28:51.735+0000] {processor.py:829} INFO - Processing file /home/airflow/.local/lib/python3.8/site-packages/airflow/example_dags/example_latest_only.py for tasks to queue
[2025-03-06T13:28:51.736+0000] {logging_mixin.py:154} INFO - [2025-03-06T13:28:51.736+0000] {dagbag.py:536} INFO - Filling up the DagBag from /home/airflow/.local/lib/python3.8/site-packages/airflow/example_dags/example_latest_only.py
[2025-03-06T13:28:51.740+0000] {processor.py:839} INFO - DAG(s) dict_keys(['latest_only']) retrieved from /home/airflow/.local/lib/python3.8/site-packages/airflow/example_dags/example_latest_only.py
[2025-03-06T13:28:51.755+0000] {logging_mixin.py:154} INFO - [2025-03-06T13:28:51.755+0000] {dag.py:2941} INFO - Sync 1 DAGs
[2025-03-06T13:28:51.767+0000] {logging_mixin.py:154} INFO - [2025-03-06T13:28:51.767+0000] {dag.py:3722} INFO - Setting next_dagrun for latest_only to 2025-03-06T09:28:51.766981+00:00, run_after=2025-03-06T13:28:51.766981+00:00
[2025-03-06T13:28:51.776+0000] {processor.py:179} INFO - Processing /home/airflow/.local/lib/python3.8/site-packages/airflow/example_dags/example_latest_only.py took 0.045 seconds
[2025-03-06T13:29:22.300+0000] {processor.py:157} INFO - Started process (PID=20247) to work on /home/airflow/.local/lib/python3.8/site-packages/airflow/example_dags/example_latest_only.py
[2025-03-06T13:29:22.301+0000] {processor.py:829} INFO - Processing file /home/airflow/.local/lib/python3.8/site-packages/airflow/example_dags/example_latest_only.py for tasks to queue
[2025-03-06T13:29:22.303+0000] {logging_mixin.py:154} INFO - [2025-03-06T13:29:22.303+0000] {dagbag.py:536} INFO - Filling up the DagBag from /home/airflow/.local/lib/python3.8/site-packages/airflow/example_dags/example_latest_only.py
[2025-03-06T13:29:22.307+0000] {processor.py:839} INFO - DAG(s) dict_keys(['latest_only']) retrieved from /home/airflow/.local/lib/python3.8/site-packages/airflow/example_dags/example_latest_only.py
[2025-03-06T13:29:22.320+0000] {logging_mixin.py:154} INFO - [2025-03-06T13:29:22.320+0000] {dag.py:2941} INFO - Sync 1 DAGs
[2025-03-06T13:29:22.331+0000] {logging_mixin.py:154} INFO - [2025-03-06T13:29:22.331+0000] {dag.py:3722} INFO - Setting next_dagrun for latest_only to 2025-03-06T09:29:22.331391+00:00, run_after=2025-03-06T13:29:22.331391+00:00
[2025-03-06T13:29:22.340+0000] {processor.py:179} INFO - Processing /home/airflow/.local/lib/python3.8/site-packages/airflow/example_dags/example_latest_only.py took 0.043 seconds
[2025-03-06T13:29:52.905+0000] {processor.py:157} INFO - Started process (PID=20303) to work on /home/airflow/.local/lib/python3.8/site-packages/airflow/example_dags/example_latest_only.py
[2025-03-06T13:29:52.906+0000] {processor.py:829} INFO - Processing file /home/airflow/.local/lib/python3.8/site-packages/airflow/example_dags/example_latest_only.py for tasks to queue
[2025-03-06T13:29:52.910+0000] {logging_mixin.py:154} INFO - [2025-03-06T13:29:52.910+0000] {dagbag.py:536} INFO - Filling up the DagBag from /home/airflow/.local/lib/python3.8/site-packages/airflow/example_dags/example_latest_only.py
[2025-03-06T13:29:52.914+0000] {processor.py:839} INFO - DAG(s) dict_keys(['latest_only']) retrieved from /home/airflow/.local/lib/python3.8/site-packages/airflow/example_dags/example_latest_only.py
[2025-03-06T13:29:52.928+0000] {logging_mixin.py:154} INFO - [2025-03-06T13:29:52.928+0000] {dag.py:2941} INFO - Sync 1 DAGs
[2025-03-06T13:29:52.942+0000] {logging_mixin.py:154} INFO - [2025-03-06T13:29:52.942+0000] {dag.py:3722} INFO - Setting next_dagrun for latest_only to 2025-03-06T09:29:52.942214+00:00, run_after=2025-03-06T13:29:52.942214+00:00
[2025-03-06T13:29:52.953+0000] {processor.py:179} INFO - Processing /home/airflow/.local/lib/python3.8/site-packages/airflow/example_dags/example_latest_only.py took 0.051 seconds
[2025-03-06T13:30:23.450+0000] {processor.py:157} INFO - Started process (PID=20359) to work on /home/airflow/.local/lib/python3.8/site-packages/airflow/example_dags/example_latest_only.py
[2025-03-06T13:30:23.453+0000] {processor.py:829} INFO - Processing file /home/airflow/.local/lib/python3.8/site-packages/airflow/example_dags/example_latest_only.py for tasks to queue
[2025-03-06T13:30:23.456+0000] {logging_mixin.py:154} INFO - [2025-03-06T13:30:23.456+0000] {dagbag.py:536} INFO - Filling up the DagBag from /home/airflow/.local/lib/python3.8/site-packages/airflow/example_dags/example_latest_only.py
[2025-03-06T13:30:23.460+0000] {processor.py:839} INFO - DAG(s) dict_keys(['latest_only']) retrieved from /home/airflow/.local/lib/python3.8/site-packages/airflow/example_dags/example_latest_only.py
[2025-03-06T13:30:23.476+0000] {logging_mixin.py:154} INFO - [2025-03-06T13:30:23.476+0000] {dag.py:2941} INFO - Sync 1 DAGs
[2025-03-06T13:30:23.488+0000] {logging_mixin.py:154} INFO - [2025-03-06T13:30:23.488+0000] {dag.py:3722} INFO - Setting next_dagrun for latest_only to 2025-03-06T09:30:23.488135+00:00, run_after=2025-03-06T13:30:23.488135+00:00
[2025-03-06T13:30:23.498+0000] {processor.py:179} INFO - Processing /home/airflow/.local/lib/python3.8/site-packages/airflow/example_dags/example_latest_only.py took 0.050 seconds
[2025-03-06T13:30:54.059+0000] {processor.py:157} INFO - Started process (PID=20415) to work on /home/airflow/.local/lib/python3.8/site-packages/airflow/example_dags/example_latest_only.py
[2025-03-06T13:30:54.060+0000] {processor.py:829} INFO - Processing file /home/airflow/.local/lib/python3.8/site-packages/airflow/example_dags/example_latest_only.py for tasks to queue
[2025-03-06T13:30:54.061+0000] {logging_mixin.py:154} INFO - [2025-03-06T13:30:54.061+0000] {dagbag.py:536} INFO - Filling up the DagBag from /home/airflow/.local/lib/python3.8/site-packages/airflow/example_dags/example_latest_only.py
[2025-03-06T13:30:54.066+0000] {processor.py:839} INFO - DAG(s) dict_keys(['latest_only']) retrieved from /home/airflow/.local/lib/python3.8/site-packages/airflow/example_dags/example_latest_only.py
[2025-03-06T13:30:54.081+0000] {logging_mixin.py:154} INFO - [2025-03-06T13:30:54.080+0000] {dag.py:2941} INFO - Sync 1 DAGs
[2025-03-06T13:30:54.092+0000] {logging_mixin.py:154} INFO - [2025-03-06T13:30:54.092+0000] {dag.py:3722} INFO - Setting next_dagrun for latest_only to 2025-03-06T09:30:54.092744+00:00, run_after=2025-03-06T13:30:54.092744+00:00
[2025-03-06T13:30:54.104+0000] {processor.py:179} INFO - Processing /home/airflow/.local/lib/python3.8/site-packages/airflow/example_dags/example_latest_only.py took 0.048 seconds
[2025-03-06T13:31:24.613+0000] {processor.py:157} INFO - Started process (PID=20471) to work on /home/airflow/.local/lib/python3.8/site-packages/airflow/example_dags/example_latest_only.py
[2025-03-06T13:31:24.615+0000] {processor.py:829} INFO - Processing file /home/airflow/.local/lib/python3.8/site-packages/airflow/example_dags/example_latest_only.py for tasks to queue
[2025-03-06T13:31:24.617+0000] {logging_mixin.py:154} INFO - [2025-03-06T13:31:24.617+0000] {dagbag.py:536} INFO - Filling up the DagBag from /home/airflow/.local/lib/python3.8/site-packages/airflow/example_dags/example_latest_only.py
[2025-03-06T13:31:24.623+0000] {processor.py:839} INFO - DAG(s) dict_keys(['latest_only']) retrieved from /home/airflow/.local/lib/python3.8/site-packages/airflow/example_dags/example_latest_only.py
[2025-03-06T13:31:24.637+0000] {logging_mixin.py:154} INFO - [2025-03-06T13:31:24.637+0000] {dag.py:2941} INFO - Sync 1 DAGs
[2025-03-06T13:31:24.648+0000] {logging_mixin.py:154} INFO - [2025-03-06T13:31:24.648+0000] {dag.py:3722} INFO - Setting next_dagrun for latest_only to 2025-03-06T09:31:24.648611+00:00, run_after=2025-03-06T13:31:24.648611+00:00
[2025-03-06T13:31:24.659+0000] {processor.py:179} INFO - Processing /home/airflow/.local/lib/python3.8/site-packages/airflow/example_dags/example_latest_only.py took 0.049 seconds
[2025-03-06T13:31:55.220+0000] {processor.py:157} INFO - Started process (PID=20527) to work on /home/airflow/.local/lib/python3.8/site-packages/airflow/example_dags/example_latest_only.py
[2025-03-06T13:31:55.220+0000] {processor.py:829} INFO - Processing file /home/airflow/.local/lib/python3.8/site-packages/airflow/example_dags/example_latest_only.py for tasks to queue
[2025-03-06T13:31:55.221+0000] {logging_mixin.py:154} INFO - [2025-03-06T13:31:55.221+0000] {dagbag.py:536} INFO - Filling up the DagBag from /home/airflow/.local/lib/python3.8/site-packages/airflow/example_dags/example_latest_only.py
[2025-03-06T13:31:55.225+0000] {processor.py:839} INFO - DAG(s) dict_keys(['latest_only']) retrieved from /home/airflow/.local/lib/python3.8/site-packages/airflow/example_dags/example_latest_only.py
[2025-03-06T13:31:55.241+0000] {logging_mixin.py:154} INFO - [2025-03-06T13:31:55.240+0000] {dag.py:2941} INFO - Sync 1 DAGs
[2025-03-06T13:31:55.251+0000] {logging_mixin.py:154} INFO - [2025-03-06T13:31:55.251+0000] {dag.py:3722} INFO - Setting next_dagrun for latest_only to 2025-03-06T09:31:55.250929+00:00, run_after=2025-03-06T13:31:55.250929+00:00
[2025-03-06T13:31:55.262+0000] {processor.py:179} INFO - Processing /home/airflow/.local/lib/python3.8/site-packages/airflow/example_dags/example_latest_only.py took 0.045 seconds
[2025-03-06T13:32:25.897+0000] {processor.py:157} INFO - Started process (PID=20583) to work on /home/airflow/.local/lib/python3.8/site-packages/airflow/example_dags/example_latest_only.py
[2025-03-06T13:32:25.898+0000] {processor.py:829} INFO - Processing file /home/airflow/.local/lib/python3.8/site-packages/airflow/example_dags/example_latest_only.py for tasks to queue
[2025-03-06T13:32:25.900+0000] {logging_mixin.py:154} INFO - [2025-03-06T13:32:25.900+0000] {dagbag.py:536} INFO - Filling up the DagBag from /home/airflow/.local/lib/python3.8/site-packages/airflow/example_dags/example_latest_only.py
[2025-03-06T13:32:25.906+0000] {processor.py:839} INFO - DAG(s) dict_keys(['latest_only']) retrieved from /home/airflow/.local/lib/python3.8/site-packages/airflow/example_dags/example_latest_only.py
[2025-03-06T13:32:25.925+0000] {logging_mixin.py:154} INFO - [2025-03-06T13:32:25.924+0000] {dag.py:2941} INFO - Sync 1 DAGs
[2025-03-06T13:32:25.941+0000] {logging_mixin.py:154} INFO - [2025-03-06T13:32:25.940+0000] {dag.py:3722} INFO - Setting next_dagrun for latest_only to 2025-03-06T09:32:25.940694+00:00, run_after=2025-03-06T13:32:25.940694+00:00
[2025-03-06T13:32:25.954+0000] {processor.py:179} INFO - Processing /home/airflow/.local/lib/python3.8/site-packages/airflow/example_dags/example_latest_only.py took 0.060 seconds
[2025-03-06T13:32:56.628+0000] {processor.py:157} INFO - Started process (PID=20639) to work on /home/airflow/.local/lib/python3.8/site-packages/airflow/example_dags/example_latest_only.py
[2025-03-06T13:32:56.629+0000] {processor.py:829} INFO - Processing file /home/airflow/.local/lib/python3.8/site-packages/airflow/example_dags/example_latest_only.py for tasks to queue
[2025-03-06T13:32:56.629+0000] {logging_mixin.py:154} INFO - [2025-03-06T13:32:56.629+0000] {dagbag.py:536} INFO - Filling up the DagBag from /home/airflow/.local/lib/python3.8/site-packages/airflow/example_dags/example_latest_only.py
[2025-03-06T13:32:56.636+0000] {processor.py:839} INFO - DAG(s) dict_keys(['latest_only']) retrieved from /home/airflow/.local/lib/python3.8/site-packages/airflow/example_dags/example_latest_only.py
[2025-03-06T13:32:56.651+0000] {logging_mixin.py:154} INFO - [2025-03-06T13:32:56.651+0000] {dag.py:2941} INFO - Sync 1 DAGs
[2025-03-06T13:32:56.662+0000] {logging_mixin.py:154} INFO - [2025-03-06T13:32:56.662+0000] {dag.py:3722} INFO - Setting next_dagrun for latest_only to 2025-03-06T09:32:56.662745+00:00, run_after=2025-03-06T13:32:56.662745+00:00
[2025-03-06T13:32:56.677+0000] {processor.py:179} INFO - Processing /home/airflow/.local/lib/python3.8/site-packages/airflow/example_dags/example_latest_only.py took 0.056 seconds
[2025-03-06T13:33:27.196+0000] {processor.py:157} INFO - Started process (PID=20695) to work on /home/airflow/.local/lib/python3.8/site-packages/airflow/example_dags/example_latest_only.py
[2025-03-06T13:33:27.199+0000] {processor.py:829} INFO - Processing file /home/airflow/.local/lib/python3.8/site-packages/airflow/example_dags/example_latest_only.py for tasks to queue
[2025-03-06T13:33:27.199+0000] {logging_mixin.py:154} INFO - [2025-03-06T13:33:27.199+0000] {dagbag.py:536} INFO - Filling up the DagBag from /home/airflow/.local/lib/python3.8/site-packages/airflow/example_dags/example_latest_only.py
[2025-03-06T13:33:27.205+0000] {processor.py:839} INFO - DAG(s) dict_keys(['latest_only']) retrieved from /home/airflow/.local/lib/python3.8/site-packages/airflow/example_dags/example_latest_only.py
[2025-03-06T13:33:27.218+0000] {logging_mixin.py:154} INFO - [2025-03-06T13:33:27.218+0000] {dag.py:2941} INFO - Sync 1 DAGs
[2025-03-06T13:33:27.230+0000] {logging_mixin.py:154} INFO - [2025-03-06T13:33:27.230+0000] {dag.py:3722} INFO - Setting next_dagrun for latest_only to 2025-03-06T09:33:27.230405+00:00, run_after=2025-03-06T13:33:27.230405+00:00
[2025-03-06T13:33:27.239+0000] {processor.py:179} INFO - Processing /home/airflow/.local/lib/python3.8/site-packages/airflow/example_dags/example_latest_only.py took 0.046 seconds
[2025-03-06T13:33:57.742+0000] {processor.py:157} INFO - Started process (PID=20751) to work on /home/airflow/.local/lib/python3.8/site-packages/airflow/example_dags/example_latest_only.py
[2025-03-06T13:33:57.743+0000] {processor.py:829} INFO - Processing file /home/airflow/.local/lib/python3.8/site-packages/airflow/example_dags/example_latest_only.py for tasks to queue
[2025-03-06T13:33:57.744+0000] {logging_mixin.py:154} INFO - [2025-03-06T13:33:57.744+0000] {dagbag.py:536} INFO - Filling up the DagBag from /home/airflow/.local/lib/python3.8/site-packages/airflow/example_dags/example_latest_only.py
[2025-03-06T13:33:57.749+0000] {processor.py:839} INFO - DAG(s) dict_keys(['latest_only']) retrieved from /home/airflow/.local/lib/python3.8/site-packages/airflow/example_dags/example_latest_only.py
[2025-03-06T13:33:57.764+0000] {logging_mixin.py:154} INFO - [2025-03-06T13:33:57.764+0000] {dag.py:2941} INFO - Sync 1 DAGs
[2025-03-06T13:33:57.776+0000] {logging_mixin.py:154} INFO - [2025-03-06T13:33:57.775+0000] {dag.py:3722} INFO - Setting next_dagrun for latest_only to 2025-03-06T09:33:57.775857+00:00, run_after=2025-03-06T13:33:57.775857+00:00
[2025-03-06T13:33:57.788+0000] {processor.py:179} INFO - Processing /home/airflow/.local/lib/python3.8/site-packages/airflow/example_dags/example_latest_only.py took 0.050 seconds
[2025-03-06T13:34:28.271+0000] {processor.py:157} INFO - Started process (PID=20807) to work on /home/airflow/.local/lib/python3.8/site-packages/airflow/example_dags/example_latest_only.py
[2025-03-06T13:34:28.273+0000] {processor.py:829} INFO - Processing file /home/airflow/.local/lib/python3.8/site-packages/airflow/example_dags/example_latest_only.py for tasks to queue
[2025-03-06T13:34:28.273+0000] {logging_mixin.py:154} INFO - [2025-03-06T13:34:28.273+0000] {dagbag.py:536} INFO - Filling up the DagBag from /home/airflow/.local/lib/python3.8/site-packages/airflow/example_dags/example_latest_only.py
[2025-03-06T13:34:28.280+0000] {processor.py:839} INFO - DAG(s) dict_keys(['latest_only']) retrieved from /home/airflow/.local/lib/python3.8/site-packages/airflow/example_dags/example_latest_only.py
[2025-03-06T13:34:28.294+0000] {logging_mixin.py:154} INFO - [2025-03-06T13:34:28.294+0000] {dag.py:2941} INFO - Sync 1 DAGs
[2025-03-06T13:34:28.305+0000] {logging_mixin.py:154} INFO - [2025-03-06T13:34:28.305+0000] {dag.py:3722} INFO - Setting next_dagrun for latest_only to 2025-03-06T09:34:28.305354+00:00, run_after=2025-03-06T13:34:28.305354+00:00
[2025-03-06T13:34:28.313+0000] {processor.py:179} INFO - Processing /home/airflow/.local/lib/python3.8/site-packages/airflow/example_dags/example_latest_only.py took 0.045 seconds
[2025-03-06T13:34:58.767+0000] {processor.py:157} INFO - Started process (PID=20863) to work on /home/airflow/.local/lib/python3.8/site-packages/airflow/example_dags/example_latest_only.py
[2025-03-06T13:34:58.768+0000] {processor.py:829} INFO - Processing file /home/airflow/.local/lib/python3.8/site-packages/airflow/example_dags/example_latest_only.py for tasks to queue
[2025-03-06T13:34:58.770+0000] {logging_mixin.py:154} INFO - [2025-03-06T13:34:58.769+0000] {dagbag.py:536} INFO - Filling up the DagBag from /home/airflow/.local/lib/python3.8/site-packages/airflow/example_dags/example_latest_only.py
[2025-03-06T13:34:58.774+0000] {processor.py:839} INFO - DAG(s) dict_keys(['latest_only']) retrieved from /home/airflow/.local/lib/python3.8/site-packages/airflow/example_dags/example_latest_only.py
[2025-03-06T13:34:58.789+0000] {logging_mixin.py:154} INFO - [2025-03-06T13:34:58.788+0000] {dag.py:2941} INFO - Sync 1 DAGs
[2025-03-06T13:34:58.800+0000] {logging_mixin.py:154} INFO - [2025-03-06T13:34:58.800+0000] {dag.py:3722} INFO - Setting next_dagrun for latest_only to 2025-03-06T09:34:58.800379+00:00, run_after=2025-03-06T13:34:58.800379+00:00
[2025-03-06T13:34:58.810+0000] {processor.py:179} INFO - Processing /home/airflow/.local/lib/python3.8/site-packages/airflow/example_dags/example_latest_only.py took 0.046 seconds
[2025-03-06T13:35:29.268+0000] {processor.py:157} INFO - Started process (PID=20919) to work on /home/airflow/.local/lib/python3.8/site-packages/airflow/example_dags/example_latest_only.py
[2025-03-06T13:35:29.269+0000] {processor.py:829} INFO - Processing file /home/airflow/.local/lib/python3.8/site-packages/airflow/example_dags/example_latest_only.py for tasks to queue
[2025-03-06T13:35:29.272+0000] {logging_mixin.py:154} INFO - [2025-03-06T13:35:29.272+0000] {dagbag.py:536} INFO - Filling up the DagBag from /home/airflow/.local/lib/python3.8/site-packages/airflow/example_dags/example_latest_only.py
[2025-03-06T13:35:29.275+0000] {processor.py:839} INFO - DAG(s) dict_keys(['latest_only']) retrieved from /home/airflow/.local/lib/python3.8/site-packages/airflow/example_dags/example_latest_only.py
[2025-03-06T13:35:29.285+0000] {logging_mixin.py:154} INFO - [2025-03-06T13:35:29.285+0000] {dag.py:2941} INFO - Sync 1 DAGs
[2025-03-06T13:35:29.295+0000] {logging_mixin.py:154} INFO - [2025-03-06T13:35:29.294+0000] {dag.py:3722} INFO - Setting next_dagrun for latest_only to 2025-03-06T09:35:29.294856+00:00, run_after=2025-03-06T13:35:29.294856+00:00
[2025-03-06T13:35:29.303+0000] {processor.py:179} INFO - Processing /home/airflow/.local/lib/python3.8/site-packages/airflow/example_dags/example_latest_only.py took 0.037 seconds
[2025-03-06T13:35:59.840+0000] {processor.py:157} INFO - Started process (PID=20975) to work on /home/airflow/.local/lib/python3.8/site-packages/airflow/example_dags/example_latest_only.py
[2025-03-06T13:35:59.842+0000] {processor.py:829} INFO - Processing file /home/airflow/.local/lib/python3.8/site-packages/airflow/example_dags/example_latest_only.py for tasks to queue
[2025-03-06T13:35:59.845+0000] {logging_mixin.py:154} INFO - [2025-03-06T13:35:59.845+0000] {dagbag.py:536} INFO - Filling up the DagBag from /home/airflow/.local/lib/python3.8/site-packages/airflow/example_dags/example_latest_only.py
[2025-03-06T13:35:59.851+0000] {processor.py:839} INFO - DAG(s) dict_keys(['latest_only']) retrieved from /home/airflow/.local/lib/python3.8/site-packages/airflow/example_dags/example_latest_only.py
[2025-03-06T13:35:59.865+0000] {logging_mixin.py:154} INFO - [2025-03-06T13:35:59.865+0000] {dag.py:2941} INFO - Sync 1 DAGs
[2025-03-06T13:35:59.876+0000] {logging_mixin.py:154} INFO - [2025-03-06T13:35:59.876+0000] {dag.py:3722} INFO - Setting next_dagrun for latest_only to 2025-03-06T09:35:59.876000+00:00, run_after=2025-03-06T13:35:59.876000+00:00
[2025-03-06T13:35:59.887+0000] {processor.py:179} INFO - Processing /home/airflow/.local/lib/python3.8/site-packages/airflow/example_dags/example_latest_only.py took 0.050 seconds
[2025-03-06T13:36:30.394+0000] {processor.py:157} INFO - Started process (PID=21031) to work on /home/airflow/.local/lib/python3.8/site-packages/airflow/example_dags/example_latest_only.py
[2025-03-06T13:36:30.395+0000] {processor.py:829} INFO - Processing file /home/airflow/.local/lib/python3.8/site-packages/airflow/example_dags/example_latest_only.py for tasks to queue
[2025-03-06T13:36:30.399+0000] {logging_mixin.py:154} INFO - [2025-03-06T13:36:30.399+0000] {dagbag.py:536} INFO - Filling up the DagBag from /home/airflow/.local/lib/python3.8/site-packages/airflow/example_dags/example_latest_only.py
[2025-03-06T13:36:30.404+0000] {processor.py:839} INFO - DAG(s) dict_keys(['latest_only']) retrieved from /home/airflow/.local/lib/python3.8/site-packages/airflow/example_dags/example_latest_only.py
[2025-03-06T13:36:30.417+0000] {logging_mixin.py:154} INFO - [2025-03-06T13:36:30.416+0000] {dag.py:2941} INFO - Sync 1 DAGs
[2025-03-06T13:36:30.429+0000] {logging_mixin.py:154} INFO - [2025-03-06T13:36:30.429+0000] {dag.py:3722} INFO - Setting next_dagrun for latest_only to 2025-03-06T09:36:30.429274+00:00, run_after=2025-03-06T13:36:30.429274+00:00
[2025-03-06T13:36:30.438+0000] {processor.py:179} INFO - Processing /home/airflow/.local/lib/python3.8/site-packages/airflow/example_dags/example_latest_only.py took 0.046 seconds
[2025-03-06T13:37:01.018+0000] {processor.py:157} INFO - Started process (PID=21087) to work on /home/airflow/.local/lib/python3.8/site-packages/airflow/example_dags/example_latest_only.py
[2025-03-06T13:37:01.019+0000] {processor.py:829} INFO - Processing file /home/airflow/.local/lib/python3.8/site-packages/airflow/example_dags/example_latest_only.py for tasks to queue
[2025-03-06T13:37:01.020+0000] {logging_mixin.py:154} INFO - [2025-03-06T13:37:01.020+0000] {dagbag.py:536} INFO - Filling up the DagBag from /home/airflow/.local/lib/python3.8/site-packages/airflow/example_dags/example_latest_only.py
[2025-03-06T13:37:01.024+0000] {processor.py:839} INFO - DAG(s) dict_keys(['latest_only']) retrieved from /home/airflow/.local/lib/python3.8/site-packages/airflow/example_dags/example_latest_only.py
[2025-03-06T13:37:01.042+0000] {logging_mixin.py:154} INFO - [2025-03-06T13:37:01.041+0000] {dag.py:2941} INFO - Sync 1 DAGs
[2025-03-06T13:37:01.054+0000] {logging_mixin.py:154} INFO - [2025-03-06T13:37:01.054+0000] {dag.py:3722} INFO - Setting next_dagrun for latest_only to 2025-03-06T09:37:01.054268+00:00, run_after=2025-03-06T13:37:01.054268+00:00
[2025-03-06T13:37:01.067+0000] {processor.py:179} INFO - Processing /home/airflow/.local/lib/python3.8/site-packages/airflow/example_dags/example_latest_only.py took 0.051 seconds
[2025-03-06T13:37:31.702+0000] {processor.py:157} INFO - Started process (PID=21143) to work on /home/airflow/.local/lib/python3.8/site-packages/airflow/example_dags/example_latest_only.py
[2025-03-06T13:37:31.703+0000] {processor.py:829} INFO - Processing file /home/airflow/.local/lib/python3.8/site-packages/airflow/example_dags/example_latest_only.py for tasks to queue
[2025-03-06T13:37:31.707+0000] {logging_mixin.py:154} INFO - [2025-03-06T13:37:31.706+0000] {dagbag.py:536} INFO - Filling up the DagBag from /home/airflow/.local/lib/python3.8/site-packages/airflow/example_dags/example_latest_only.py
[2025-03-06T13:37:31.712+0000] {processor.py:839} INFO - DAG(s) dict_keys(['latest_only']) retrieved from /home/airflow/.local/lib/python3.8/site-packages/airflow/example_dags/example_latest_only.py
[2025-03-06T13:37:31.725+0000] {logging_mixin.py:154} INFO - [2025-03-06T13:37:31.725+0000] {dag.py:2941} INFO - Sync 1 DAGs
[2025-03-06T13:37:31.736+0000] {logging_mixin.py:154} INFO - [2025-03-06T13:37:31.736+0000] {dag.py:3722} INFO - Setting next_dagrun for latest_only to 2025-03-06T09:37:31.736747+00:00, run_after=2025-03-06T13:37:31.736747+00:00
[2025-03-06T13:37:31.746+0000] {processor.py:179} INFO - Processing /home/airflow/.local/lib/python3.8/site-packages/airflow/example_dags/example_latest_only.py took 0.048 seconds
[2025-03-06T13:38:02.269+0000] {processor.py:157} INFO - Started process (PID=21199) to work on /home/airflow/.local/lib/python3.8/site-packages/airflow/example_dags/example_latest_only.py
[2025-03-06T13:38:02.271+0000] {processor.py:829} INFO - Processing file /home/airflow/.local/lib/python3.8/site-packages/airflow/example_dags/example_latest_only.py for tasks to queue
[2025-03-06T13:38:02.275+0000] {logging_mixin.py:154} INFO - [2025-03-06T13:38:02.274+0000] {dagbag.py:536} INFO - Filling up the DagBag from /home/airflow/.local/lib/python3.8/site-packages/airflow/example_dags/example_latest_only.py
[2025-03-06T13:38:02.279+0000] {processor.py:839} INFO - DAG(s) dict_keys(['latest_only']) retrieved from /home/airflow/.local/lib/python3.8/site-packages/airflow/example_dags/example_latest_only.py
[2025-03-06T13:38:02.291+0000] {logging_mixin.py:154} INFO - [2025-03-06T13:38:02.291+0000] {dag.py:2941} INFO - Sync 1 DAGs
[2025-03-06T13:38:02.303+0000] {logging_mixin.py:154} INFO - [2025-03-06T13:38:02.303+0000] {dag.py:3722} INFO - Setting next_dagrun for latest_only to 2025-03-06T09:38:02.302966+00:00, run_after=2025-03-06T13:38:02.302966+00:00
[2025-03-06T13:38:02.315+0000] {processor.py:179} INFO - Processing /home/airflow/.local/lib/python3.8/site-packages/airflow/example_dags/example_latest_only.py took 0.049 seconds
[2025-03-06T13:38:32.763+0000] {processor.py:157} INFO - Started process (PID=21255) to work on /home/airflow/.local/lib/python3.8/site-packages/airflow/example_dags/example_latest_only.py
[2025-03-06T13:38:32.764+0000] {processor.py:829} INFO - Processing file /home/airflow/.local/lib/python3.8/site-packages/airflow/example_dags/example_latest_only.py for tasks to queue
[2025-03-06T13:38:32.766+0000] {logging_mixin.py:154} INFO - [2025-03-06T13:38:32.766+0000] {dagbag.py:536} INFO - Filling up the DagBag from /home/airflow/.local/lib/python3.8/site-packages/airflow/example_dags/example_latest_only.py
[2025-03-06T13:38:32.772+0000] {processor.py:839} INFO - DAG(s) dict_keys(['latest_only']) retrieved from /home/airflow/.local/lib/python3.8/site-packages/airflow/example_dags/example_latest_only.py
[2025-03-06T13:38:32.789+0000] {logging_mixin.py:154} INFO - [2025-03-06T13:38:32.788+0000] {dag.py:2941} INFO - Sync 1 DAGs
[2025-03-06T13:38:32.798+0000] {logging_mixin.py:154} INFO - [2025-03-06T13:38:32.798+0000] {dag.py:3722} INFO - Setting next_dagrun for latest_only to 2025-03-06T09:38:32.798015+00:00, run_after=2025-03-06T13:38:32.798015+00:00
[2025-03-06T13:38:32.807+0000] {processor.py:179} INFO - Processing /home/airflow/.local/lib/python3.8/site-packages/airflow/example_dags/example_latest_only.py took 0.049 seconds
[2025-03-06T13:39:03.244+0000] {processor.py:157} INFO - Started process (PID=21311) to work on /home/airflow/.local/lib/python3.8/site-packages/airflow/example_dags/example_latest_only.py
[2025-03-06T13:39:03.247+0000] {processor.py:829} INFO - Processing file /home/airflow/.local/lib/python3.8/site-packages/airflow/example_dags/example_latest_only.py for tasks to queue
[2025-03-06T13:39:03.247+0000] {logging_mixin.py:154} INFO - [2025-03-06T13:39:03.247+0000] {dagbag.py:536} INFO - Filling up the DagBag from /home/airflow/.local/lib/python3.8/site-packages/airflow/example_dags/example_latest_only.py
[2025-03-06T13:39:03.253+0000] {processor.py:839} INFO - DAG(s) dict_keys(['latest_only']) retrieved from /home/airflow/.local/lib/python3.8/site-packages/airflow/example_dags/example_latest_only.py
[2025-03-06T13:39:03.265+0000] {logging_mixin.py:154} INFO - [2025-03-06T13:39:03.265+0000] {dag.py:2941} INFO - Sync 1 DAGs
[2025-03-06T13:39:03.278+0000] {logging_mixin.py:154} INFO - [2025-03-06T13:39:03.278+0000] {dag.py:3722} INFO - Setting next_dagrun for latest_only to 2025-03-06T09:39:03.278042+00:00, run_after=2025-03-06T13:39:03.278042+00:00
[2025-03-06T13:39:03.287+0000] {processor.py:179} INFO - Processing /home/airflow/.local/lib/python3.8/site-packages/airflow/example_dags/example_latest_only.py took 0.046 seconds
[2025-03-06T13:39:33.762+0000] {processor.py:157} INFO - Started process (PID=21367) to work on /home/airflow/.local/lib/python3.8/site-packages/airflow/example_dags/example_latest_only.py
[2025-03-06T13:39:33.764+0000] {processor.py:829} INFO - Processing file /home/airflow/.local/lib/python3.8/site-packages/airflow/example_dags/example_latest_only.py for tasks to queue
[2025-03-06T13:39:33.765+0000] {logging_mixin.py:154} INFO - [2025-03-06T13:39:33.765+0000] {dagbag.py:536} INFO - Filling up the DagBag from /home/airflow/.local/lib/python3.8/site-packages/airflow/example_dags/example_latest_only.py
[2025-03-06T13:39:33.769+0000] {processor.py:839} INFO - DAG(s) dict_keys(['latest_only']) retrieved from /home/airflow/.local/lib/python3.8/site-packages/airflow/example_dags/example_latest_only.py
[2025-03-06T13:39:33.782+0000] {logging_mixin.py:154} INFO - [2025-03-06T13:39:33.782+0000] {dag.py:2941} INFO - Sync 1 DAGs
[2025-03-06T13:39:33.792+0000] {logging_mixin.py:154} INFO - [2025-03-06T13:39:33.792+0000] {dag.py:3722} INFO - Setting next_dagrun for latest_only to 2025-03-06T09:39:33.792236+00:00, run_after=2025-03-06T13:39:33.792236+00:00
[2025-03-06T13:39:33.800+0000] {processor.py:179} INFO - Processing /home/airflow/.local/lib/python3.8/site-packages/airflow/example_dags/example_latest_only.py took 0.039 seconds
[2025-03-06T13:40:04.258+0000] {processor.py:157} INFO - Started process (PID=21423) to work on /home/airflow/.local/lib/python3.8/site-packages/airflow/example_dags/example_latest_only.py
[2025-03-06T13:40:04.259+0000] {processor.py:829} INFO - Processing file /home/airflow/.local/lib/python3.8/site-packages/airflow/example_dags/example_latest_only.py for tasks to queue
[2025-03-06T13:40:04.259+0000] {logging_mixin.py:154} INFO - [2025-03-06T13:40:04.259+0000] {dagbag.py:536} INFO - Filling up the DagBag from /home/airflow/.local/lib/python3.8/site-packages/airflow/example_dags/example_latest_only.py
[2025-03-06T13:40:04.264+0000] {processor.py:839} INFO - DAG(s) dict_keys(['latest_only']) retrieved from /home/airflow/.local/lib/python3.8/site-packages/airflow/example_dags/example_latest_only.py
[2025-03-06T13:40:04.278+0000] {logging_mixin.py:154} INFO - [2025-03-06T13:40:04.278+0000] {dag.py:2941} INFO - Sync 1 DAGs
[2025-03-06T13:40:04.289+0000] {logging_mixin.py:154} INFO - [2025-03-06T13:40:04.289+0000] {dag.py:3722} INFO - Setting next_dagrun for latest_only to 2025-03-06T09:40:04.288991+00:00, run_after=2025-03-06T13:40:04.288991+00:00
[2025-03-06T13:40:04.299+0000] {processor.py:179} INFO - Processing /home/airflow/.local/lib/python3.8/site-packages/airflow/example_dags/example_latest_only.py took 0.043 seconds
[2025-03-06T13:40:34.738+0000] {processor.py:157} INFO - Started process (PID=21479) to work on /home/airflow/.local/lib/python3.8/site-packages/airflow/example_dags/example_latest_only.py
[2025-03-06T13:40:34.740+0000] {processor.py:829} INFO - Processing file /home/airflow/.local/lib/python3.8/site-packages/airflow/example_dags/example_latest_only.py for tasks to queue
[2025-03-06T13:40:34.740+0000] {logging_mixin.py:154} INFO - [2025-03-06T13:40:34.740+0000] {dagbag.py:536} INFO - Filling up the DagBag from /home/airflow/.local/lib/python3.8/site-packages/airflow/example_dags/example_latest_only.py
[2025-03-06T13:40:34.749+0000] {processor.py:839} INFO - DAG(s) dict_keys(['latest_only']) retrieved from /home/airflow/.local/lib/python3.8/site-packages/airflow/example_dags/example_latest_only.py
[2025-03-06T13:40:34.760+0000] {logging_mixin.py:154} INFO - [2025-03-06T13:40:34.760+0000] {dag.py:2941} INFO - Sync 1 DAGs
[2025-03-06T13:40:34.771+0000] {logging_mixin.py:154} INFO - [2025-03-06T13:40:34.771+0000] {dag.py:3722} INFO - Setting next_dagrun for latest_only to 2025-03-06T09:40:34.771253+00:00, run_after=2025-03-06T13:40:34.771253+00:00
[2025-03-06T13:40:34.781+0000] {processor.py:179} INFO - Processing /home/airflow/.local/lib/python3.8/site-packages/airflow/example_dags/example_latest_only.py took 0.045 seconds
[2025-03-06T13:41:05.314+0000] {processor.py:157} INFO - Started process (PID=21535) to work on /home/airflow/.local/lib/python3.8/site-packages/airflow/example_dags/example_latest_only.py
[2025-03-06T13:41:05.315+0000] {processor.py:829} INFO - Processing file /home/airflow/.local/lib/python3.8/site-packages/airflow/example_dags/example_latest_only.py for tasks to queue
[2025-03-06T13:41:05.316+0000] {logging_mixin.py:154} INFO - [2025-03-06T13:41:05.315+0000] {dagbag.py:536} INFO - Filling up the DagBag from /home/airflow/.local/lib/python3.8/site-packages/airflow/example_dags/example_latest_only.py
[2025-03-06T13:41:05.321+0000] {processor.py:839} INFO - DAG(s) dict_keys(['latest_only']) retrieved from /home/airflow/.local/lib/python3.8/site-packages/airflow/example_dags/example_latest_only.py
[2025-03-06T13:41:05.334+0000] {logging_mixin.py:154} INFO - [2025-03-06T13:41:05.334+0000] {dag.py:2941} INFO - Sync 1 DAGs
[2025-03-06T13:41:05.346+0000] {logging_mixin.py:154} INFO - [2025-03-06T13:41:05.346+0000] {dag.py:3722} INFO - Setting next_dagrun for latest_only to 2025-03-06T09:41:05.346762+00:00, run_after=2025-03-06T13:41:05.346762+00:00
[2025-03-06T13:41:05.359+0000] {processor.py:179} INFO - Processing /home/airflow/.local/lib/python3.8/site-packages/airflow/example_dags/example_latest_only.py took 0.048 seconds
[2025-03-06T13:41:35.809+0000] {processor.py:157} INFO - Started process (PID=21591) to work on /home/airflow/.local/lib/python3.8/site-packages/airflow/example_dags/example_latest_only.py
[2025-03-06T13:41:35.813+0000] {processor.py:829} INFO - Processing file /home/airflow/.local/lib/python3.8/site-packages/airflow/example_dags/example_latest_only.py for tasks to queue
[2025-03-06T13:41:35.814+0000] {logging_mixin.py:154} INFO - [2025-03-06T13:41:35.814+0000] {dagbag.py:536} INFO - Filling up the DagBag from /home/airflow/.local/lib/python3.8/site-packages/airflow/example_dags/example_latest_only.py
[2025-03-06T13:41:35.821+0000] {processor.py:839} INFO - DAG(s) dict_keys(['latest_only']) retrieved from /home/airflow/.local/lib/python3.8/site-packages/airflow/example_dags/example_latest_only.py
[2025-03-06T13:41:35.832+0000] {logging_mixin.py:154} INFO - [2025-03-06T13:41:35.832+0000] {dag.py:2941} INFO - Sync 1 DAGs
[2025-03-06T13:41:35.842+0000] {logging_mixin.py:154} INFO - [2025-03-06T13:41:35.842+0000] {dag.py:3722} INFO - Setting next_dagrun for latest_only to 2025-03-06T09:41:35.842774+00:00, run_after=2025-03-06T13:41:35.842774+00:00
[2025-03-06T13:41:35.853+0000] {processor.py:179} INFO - Processing /home/airflow/.local/lib/python3.8/site-packages/airflow/example_dags/example_latest_only.py took 0.048 seconds
[2025-03-06T13:42:06.362+0000] {processor.py:157} INFO - Started process (PID=21647) to work on /home/airflow/.local/lib/python3.8/site-packages/airflow/example_dags/example_latest_only.py
[2025-03-06T13:42:06.367+0000] {processor.py:829} INFO - Processing file /home/airflow/.local/lib/python3.8/site-packages/airflow/example_dags/example_latest_only.py for tasks to queue
[2025-03-06T13:42:06.367+0000] {logging_mixin.py:154} INFO - [2025-03-06T13:42:06.367+0000] {dagbag.py:536} INFO - Filling up the DagBag from /home/airflow/.local/lib/python3.8/site-packages/airflow/example_dags/example_latest_only.py
[2025-03-06T13:42:06.372+0000] {processor.py:839} INFO - DAG(s) dict_keys(['latest_only']) retrieved from /home/airflow/.local/lib/python3.8/site-packages/airflow/example_dags/example_latest_only.py
[2025-03-06T13:42:06.386+0000] {logging_mixin.py:154} INFO - [2025-03-06T13:42:06.385+0000] {dag.py:2941} INFO - Sync 1 DAGs
[2025-03-06T13:42:06.398+0000] {logging_mixin.py:154} INFO - [2025-03-06T13:42:06.398+0000] {dag.py:3722} INFO - Setting next_dagrun for latest_only to 2025-03-06T09:42:06.398244+00:00, run_after=2025-03-06T13:42:06.398244+00:00
[2025-03-06T13:42:06.407+0000] {processor.py:179} INFO - Processing /home/airflow/.local/lib/python3.8/site-packages/airflow/example_dags/example_latest_only.py took 0.048 seconds
[2025-03-06T13:45:58.897+0000] {processor.py:157} INFO - Started process (PID=21703) to work on /home/airflow/.local/lib/python3.8/site-packages/airflow/example_dags/example_latest_only.py
[2025-03-06T13:45:58.898+0000] {processor.py:829} INFO - Processing file /home/airflow/.local/lib/python3.8/site-packages/airflow/example_dags/example_latest_only.py for tasks to queue
[2025-03-06T13:45:58.898+0000] {logging_mixin.py:154} INFO - [2025-03-06T13:45:58.898+0000] {dagbag.py:536} INFO - Filling up the DagBag from /home/airflow/.local/lib/python3.8/site-packages/airflow/example_dags/example_latest_only.py
[2025-03-06T13:45:58.902+0000] {processor.py:839} INFO - DAG(s) dict_keys(['latest_only']) retrieved from /home/airflow/.local/lib/python3.8/site-packages/airflow/example_dags/example_latest_only.py
[2025-03-06T13:45:58.916+0000] {logging_mixin.py:154} INFO - [2025-03-06T13:45:58.916+0000] {dag.py:2941} INFO - Sync 1 DAGs
[2025-03-06T13:45:58.927+0000] {logging_mixin.py:154} INFO - [2025-03-06T13:45:58.927+0000] {dag.py:3722} INFO - Setting next_dagrun for latest_only to 2025-03-06T09:45:58.927281+00:00, run_after=2025-03-06T13:45:58.927281+00:00
[2025-03-06T13:45:58.942+0000] {processor.py:179} INFO - Processing /home/airflow/.local/lib/python3.8/site-packages/airflow/example_dags/example_latest_only.py took 0.047 seconds
[2025-03-06T13:50:53.157+0000] {processor.py:157} INFO - Started process (PID=21752) to work on /home/airflow/.local/lib/python3.8/site-packages/airflow/example_dags/example_latest_only.py
[2025-03-06T13:50:53.158+0000] {processor.py:829} INFO - Processing file /home/airflow/.local/lib/python3.8/site-packages/airflow/example_dags/example_latest_only.py for tasks to queue
[2025-03-06T13:50:53.160+0000] {logging_mixin.py:154} INFO - [2025-03-06T13:50:53.159+0000] {dagbag.py:536} INFO - Filling up the DagBag from /home/airflow/.local/lib/python3.8/site-packages/airflow/example_dags/example_latest_only.py
[2025-03-06T13:50:53.163+0000] {processor.py:839} INFO - DAG(s) dict_keys(['latest_only']) retrieved from /home/airflow/.local/lib/python3.8/site-packages/airflow/example_dags/example_latest_only.py
[2025-03-06T13:50:53.172+0000] {logging_mixin.py:154} INFO - [2025-03-06T13:50:53.172+0000] {dag.py:2941} INFO - Sync 1 DAGs
[2025-03-06T13:50:53.182+0000] {logging_mixin.py:154} INFO - [2025-03-06T13:50:53.182+0000] {dag.py:3722} INFO - Setting next_dagrun for latest_only to 2025-03-06T09:50:53.182383+00:00, run_after=2025-03-06T13:50:53.182383+00:00
[2025-03-06T13:50:53.191+0000] {processor.py:179} INFO - Processing /home/airflow/.local/lib/python3.8/site-packages/airflow/example_dags/example_latest_only.py took 0.039 seconds
[2025-03-06T13:51:24.109+0000] {processor.py:157} INFO - Started process (PID=21814) to work on /home/airflow/.local/lib/python3.8/site-packages/airflow/example_dags/example_latest_only.py
[2025-03-06T13:51:24.110+0000] {processor.py:829} INFO - Processing file /home/airflow/.local/lib/python3.8/site-packages/airflow/example_dags/example_latest_only.py for tasks to queue
[2025-03-06T13:51:24.110+0000] {logging_mixin.py:154} INFO - [2025-03-06T13:51:24.110+0000] {dagbag.py:536} INFO - Filling up the DagBag from /home/airflow/.local/lib/python3.8/site-packages/airflow/example_dags/example_latest_only.py
[2025-03-06T13:51:24.115+0000] {processor.py:839} INFO - DAG(s) dict_keys(['latest_only']) retrieved from /home/airflow/.local/lib/python3.8/site-packages/airflow/example_dags/example_latest_only.py
[2025-03-06T13:51:24.125+0000] {logging_mixin.py:154} INFO - [2025-03-06T13:51:24.124+0000] {dag.py:2941} INFO - Sync 1 DAGs
[2025-03-06T13:51:24.133+0000] {logging_mixin.py:154} INFO - [2025-03-06T13:51:24.133+0000] {dag.py:3722} INFO - Setting next_dagrun for latest_only to 2025-03-06T09:51:24.133062+00:00, run_after=2025-03-06T13:51:24.133062+00:00
[2025-03-06T13:51:24.146+0000] {processor.py:179} INFO - Processing /home/airflow/.local/lib/python3.8/site-packages/airflow/example_dags/example_latest_only.py took 0.038 seconds
[2025-03-06T13:51:54.660+0000] {processor.py:157} INFO - Started process (PID=21870) to work on /home/airflow/.local/lib/python3.8/site-packages/airflow/example_dags/example_latest_only.py
[2025-03-06T13:51:54.661+0000] {processor.py:829} INFO - Processing file /home/airflow/.local/lib/python3.8/site-packages/airflow/example_dags/example_latest_only.py for tasks to queue
[2025-03-06T13:51:54.661+0000] {logging_mixin.py:154} INFO - [2025-03-06T13:51:54.661+0000] {dagbag.py:536} INFO - Filling up the DagBag from /home/airflow/.local/lib/python3.8/site-packages/airflow/example_dags/example_latest_only.py
[2025-03-06T13:51:54.664+0000] {processor.py:839} INFO - DAG(s) dict_keys(['latest_only']) retrieved from /home/airflow/.local/lib/python3.8/site-packages/airflow/example_dags/example_latest_only.py
[2025-03-06T13:51:54.673+0000] {logging_mixin.py:154} INFO - [2025-03-06T13:51:54.673+0000] {dag.py:2941} INFO - Sync 1 DAGs
[2025-03-06T13:51:54.682+0000] {logging_mixin.py:154} INFO - [2025-03-06T13:51:54.681+0000] {dag.py:3722} INFO - Setting next_dagrun for latest_only to 2025-03-06T09:51:54.681910+00:00, run_after=2025-03-06T13:51:54.681910+00:00
[2025-03-06T13:51:54.691+0000] {processor.py:179} INFO - Processing /home/airflow/.local/lib/python3.8/site-packages/airflow/example_dags/example_latest_only.py took 0.032 seconds
[2025-03-06T13:52:25.206+0000] {processor.py:157} INFO - Started process (PID=21926) to work on /home/airflow/.local/lib/python3.8/site-packages/airflow/example_dags/example_latest_only.py
[2025-03-06T13:52:25.206+0000] {processor.py:829} INFO - Processing file /home/airflow/.local/lib/python3.8/site-packages/airflow/example_dags/example_latest_only.py for tasks to queue
[2025-03-06T13:52:25.207+0000] {logging_mixin.py:154} INFO - [2025-03-06T13:52:25.207+0000] {dagbag.py:536} INFO - Filling up the DagBag from /home/airflow/.local/lib/python3.8/site-packages/airflow/example_dags/example_latest_only.py
[2025-03-06T13:52:25.210+0000] {processor.py:839} INFO - DAG(s) dict_keys(['latest_only']) retrieved from /home/airflow/.local/lib/python3.8/site-packages/airflow/example_dags/example_latest_only.py
[2025-03-06T13:52:25.220+0000] {logging_mixin.py:154} INFO - [2025-03-06T13:52:25.220+0000] {dag.py:2941} INFO - Sync 1 DAGs
[2025-03-06T13:52:25.230+0000] {logging_mixin.py:154} INFO - [2025-03-06T13:52:25.230+0000] {dag.py:3722} INFO - Setting next_dagrun for latest_only to 2025-03-06T09:52:25.230714+00:00, run_after=2025-03-06T13:52:25.230714+00:00
[2025-03-06T13:52:25.240+0000] {processor.py:179} INFO - Processing /home/airflow/.local/lib/python3.8/site-packages/airflow/example_dags/example_latest_only.py took 0.036 seconds
[2025-03-06T13:52:55.729+0000] {processor.py:157} INFO - Started process (PID=21982) to work on /home/airflow/.local/lib/python3.8/site-packages/airflow/example_dags/example_latest_only.py
[2025-03-06T13:52:55.731+0000] {processor.py:829} INFO - Processing file /home/airflow/.local/lib/python3.8/site-packages/airflow/example_dags/example_latest_only.py for tasks to queue
[2025-03-06T13:52:55.732+0000] {logging_mixin.py:154} INFO - [2025-03-06T13:52:55.732+0000] {dagbag.py:536} INFO - Filling up the DagBag from /home/airflow/.local/lib/python3.8/site-packages/airflow/example_dags/example_latest_only.py
[2025-03-06T13:52:55.736+0000] {processor.py:839} INFO - DAG(s) dict_keys(['latest_only']) retrieved from /home/airflow/.local/lib/python3.8/site-packages/airflow/example_dags/example_latest_only.py
[2025-03-06T13:52:55.748+0000] {logging_mixin.py:154} INFO - [2025-03-06T13:52:55.748+0000] {dag.py:2941} INFO - Sync 1 DAGs
[2025-03-06T13:52:55.756+0000] {logging_mixin.py:154} INFO - [2025-03-06T13:52:55.756+0000] {dag.py:3722} INFO - Setting next_dagrun for latest_only to 2025-03-06T09:52:55.756708+00:00, run_after=2025-03-06T13:52:55.756708+00:00
[2025-03-06T13:52:55.765+0000] {processor.py:179} INFO - Processing /home/airflow/.local/lib/python3.8/site-packages/airflow/example_dags/example_latest_only.py took 0.037 seconds
[2025-03-06T13:53:26.304+0000] {processor.py:157} INFO - Started process (PID=22038) to work on /home/airflow/.local/lib/python3.8/site-packages/airflow/example_dags/example_latest_only.py
[2025-03-06T13:53:26.305+0000] {processor.py:829} INFO - Processing file /home/airflow/.local/lib/python3.8/site-packages/airflow/example_dags/example_latest_only.py for tasks to queue
[2025-03-06T13:53:26.305+0000] {logging_mixin.py:154} INFO - [2025-03-06T13:53:26.305+0000] {dagbag.py:536} INFO - Filling up the DagBag from /home/airflow/.local/lib/python3.8/site-packages/airflow/example_dags/example_latest_only.py
[2025-03-06T13:53:26.309+0000] {processor.py:839} INFO - DAG(s) dict_keys(['latest_only']) retrieved from /home/airflow/.local/lib/python3.8/site-packages/airflow/example_dags/example_latest_only.py
[2025-03-06T13:53:26.321+0000] {logging_mixin.py:154} INFO - [2025-03-06T13:53:26.321+0000] {dag.py:2941} INFO - Sync 1 DAGs
[2025-03-06T13:53:26.332+0000] {logging_mixin.py:154} INFO - [2025-03-06T13:53:26.332+0000] {dag.py:3722} INFO - Setting next_dagrun for latest_only to 2025-03-06T09:53:26.331961+00:00, run_after=2025-03-06T13:53:26.331961+00:00
[2025-03-06T13:53:26.342+0000] {processor.py:179} INFO - Processing /home/airflow/.local/lib/python3.8/site-packages/airflow/example_dags/example_latest_only.py took 0.040 seconds
[2025-03-06T13:53:56.868+0000] {processor.py:157} INFO - Started process (PID=22094) to work on /home/airflow/.local/lib/python3.8/site-packages/airflow/example_dags/example_latest_only.py
[2025-03-06T13:53:56.869+0000] {processor.py:829} INFO - Processing file /home/airflow/.local/lib/python3.8/site-packages/airflow/example_dags/example_latest_only.py for tasks to queue
[2025-03-06T13:53:56.869+0000] {logging_mixin.py:154} INFO - [2025-03-06T13:53:56.869+0000] {dagbag.py:536} INFO - Filling up the DagBag from /home/airflow/.local/lib/python3.8/site-packages/airflow/example_dags/example_latest_only.py
[2025-03-06T13:53:56.873+0000] {processor.py:839} INFO - DAG(s) dict_keys(['latest_only']) retrieved from /home/airflow/.local/lib/python3.8/site-packages/airflow/example_dags/example_latest_only.py
[2025-03-06T13:53:56.883+0000] {logging_mixin.py:154} INFO - [2025-03-06T13:53:56.883+0000] {dag.py:2941} INFO - Sync 1 DAGs
[2025-03-06T13:53:56.895+0000] {logging_mixin.py:154} INFO - [2025-03-06T13:53:56.895+0000] {dag.py:3722} INFO - Setting next_dagrun for latest_only to 2025-03-06T09:53:56.894902+00:00, run_after=2025-03-06T13:53:56.894902+00:00
[2025-03-06T13:53:56.905+0000] {processor.py:179} INFO - Processing /home/airflow/.local/lib/python3.8/site-packages/airflow/example_dags/example_latest_only.py took 0.038 seconds
[2025-03-06T13:54:27.368+0000] {processor.py:157} INFO - Started process (PID=22149) to work on /home/airflow/.local/lib/python3.8/site-packages/airflow/example_dags/example_latest_only.py
[2025-03-06T13:54:27.368+0000] {processor.py:829} INFO - Processing file /home/airflow/.local/lib/python3.8/site-packages/airflow/example_dags/example_latest_only.py for tasks to queue
[2025-03-06T13:54:27.368+0000] {logging_mixin.py:154} INFO - [2025-03-06T13:54:27.368+0000] {dagbag.py:536} INFO - Filling up the DagBag from /home/airflow/.local/lib/python3.8/site-packages/airflow/example_dags/example_latest_only.py
[2025-03-06T13:54:27.371+0000] {processor.py:839} INFO - DAG(s) dict_keys(['latest_only']) retrieved from /home/airflow/.local/lib/python3.8/site-packages/airflow/example_dags/example_latest_only.py
[2025-03-06T13:54:27.379+0000] {logging_mixin.py:154} INFO - [2025-03-06T13:54:27.379+0000] {dag.py:2941} INFO - Sync 1 DAGs
[2025-03-06T13:54:27.390+0000] {logging_mixin.py:154} INFO - [2025-03-06T13:54:27.390+0000] {dag.py:3722} INFO - Setting next_dagrun for latest_only to 2025-03-06T09:54:27.389979+00:00, run_after=2025-03-06T13:54:27.389979+00:00
[2025-03-06T13:54:27.398+0000] {processor.py:179} INFO - Processing /home/airflow/.local/lib/python3.8/site-packages/airflow/example_dags/example_latest_only.py took 0.032 seconds
[2025-03-06T13:54:57.924+0000] {processor.py:157} INFO - Started process (PID=22205) to work on /home/airflow/.local/lib/python3.8/site-packages/airflow/example_dags/example_latest_only.py
[2025-03-06T13:54:57.924+0000] {processor.py:829} INFO - Processing file /home/airflow/.local/lib/python3.8/site-packages/airflow/example_dags/example_latest_only.py for tasks to queue
[2025-03-06T13:54:57.924+0000] {logging_mixin.py:154} INFO - [2025-03-06T13:54:57.924+0000] {dagbag.py:536} INFO - Filling up the DagBag from /home/airflow/.local/lib/python3.8/site-packages/airflow/example_dags/example_latest_only.py
[2025-03-06T13:54:57.927+0000] {processor.py:839} INFO - DAG(s) dict_keys(['latest_only']) retrieved from /home/airflow/.local/lib/python3.8/site-packages/airflow/example_dags/example_latest_only.py
[2025-03-06T13:54:57.939+0000] {logging_mixin.py:154} INFO - [2025-03-06T13:54:57.938+0000] {dag.py:2941} INFO - Sync 1 DAGs
[2025-03-06T13:54:57.948+0000] {logging_mixin.py:154} INFO - [2025-03-06T13:54:57.948+0000] {dag.py:3722} INFO - Setting next_dagrun for latest_only to 2025-03-06T09:54:57.948750+00:00, run_after=2025-03-06T13:54:57.948750+00:00
[2025-03-06T13:54:57.958+0000] {processor.py:179} INFO - Processing /home/airflow/.local/lib/python3.8/site-packages/airflow/example_dags/example_latest_only.py took 0.036 seconds
[2025-03-06T13:55:28.478+0000] {processor.py:157} INFO - Started process (PID=22261) to work on /home/airflow/.local/lib/python3.8/site-packages/airflow/example_dags/example_latest_only.py
[2025-03-06T13:55:28.479+0000] {processor.py:829} INFO - Processing file /home/airflow/.local/lib/python3.8/site-packages/airflow/example_dags/example_latest_only.py for tasks to queue
[2025-03-06T13:55:28.479+0000] {logging_mixin.py:154} INFO - [2025-03-06T13:55:28.479+0000] {dagbag.py:536} INFO - Filling up the DagBag from /home/airflow/.local/lib/python3.8/site-packages/airflow/example_dags/example_latest_only.py
[2025-03-06T13:55:28.483+0000] {processor.py:839} INFO - DAG(s) dict_keys(['latest_only']) retrieved from /home/airflow/.local/lib/python3.8/site-packages/airflow/example_dags/example_latest_only.py
[2025-03-06T13:55:28.495+0000] {logging_mixin.py:154} INFO - [2025-03-06T13:55:28.494+0000] {dag.py:2941} INFO - Sync 1 DAGs
[2025-03-06T13:55:28.504+0000] {logging_mixin.py:154} INFO - [2025-03-06T13:55:28.503+0000] {dag.py:3722} INFO - Setting next_dagrun for latest_only to 2025-03-06T09:55:28.503919+00:00, run_after=2025-03-06T13:55:28.503919+00:00
[2025-03-06T13:55:28.513+0000] {processor.py:179} INFO - Processing /home/airflow/.local/lib/python3.8/site-packages/airflow/example_dags/example_latest_only.py took 0.037 seconds
[2025-03-06T13:55:59.016+0000] {processor.py:157} INFO - Started process (PID=22317) to work on /home/airflow/.local/lib/python3.8/site-packages/airflow/example_dags/example_latest_only.py
[2025-03-06T13:55:59.017+0000] {processor.py:829} INFO - Processing file /home/airflow/.local/lib/python3.8/site-packages/airflow/example_dags/example_latest_only.py for tasks to queue
[2025-03-06T13:55:59.017+0000] {logging_mixin.py:154} INFO - [2025-03-06T13:55:59.017+0000] {dagbag.py:536} INFO - Filling up the DagBag from /home/airflow/.local/lib/python3.8/site-packages/airflow/example_dags/example_latest_only.py
[2025-03-06T13:55:59.020+0000] {processor.py:839} INFO - DAG(s) dict_keys(['latest_only']) retrieved from /home/airflow/.local/lib/python3.8/site-packages/airflow/example_dags/example_latest_only.py
[2025-03-06T13:55:59.028+0000] {logging_mixin.py:154} INFO - [2025-03-06T13:55:59.027+0000] {dag.py:2941} INFO - Sync 1 DAGs
[2025-03-06T13:55:59.035+0000] {logging_mixin.py:154} INFO - [2025-03-06T13:55:59.035+0000] {dag.py:3722} INFO - Setting next_dagrun for latest_only to 2025-03-06T09:55:59.035234+00:00, run_after=2025-03-06T13:55:59.035234+00:00
[2025-03-06T13:55:59.041+0000] {processor.py:179} INFO - Processing /home/airflow/.local/lib/python3.8/site-packages/airflow/example_dags/example_latest_only.py took 0.026 seconds
[2025-03-06T13:56:29.447+0000] {processor.py:157} INFO - Started process (PID=22373) to work on /home/airflow/.local/lib/python3.8/site-packages/airflow/example_dags/example_latest_only.py
[2025-03-06T13:56:29.447+0000] {processor.py:829} INFO - Processing file /home/airflow/.local/lib/python3.8/site-packages/airflow/example_dags/example_latest_only.py for tasks to queue
[2025-03-06T13:56:29.449+0000] {logging_mixin.py:154} INFO - [2025-03-06T13:56:29.449+0000] {dagbag.py:536} INFO - Filling up the DagBag from /home/airflow/.local/lib/python3.8/site-packages/airflow/example_dags/example_latest_only.py
[2025-03-06T13:56:29.451+0000] {processor.py:839} INFO - DAG(s) dict_keys(['latest_only']) retrieved from /home/airflow/.local/lib/python3.8/site-packages/airflow/example_dags/example_latest_only.py
[2025-03-06T13:56:29.461+0000] {logging_mixin.py:154} INFO - [2025-03-06T13:56:29.461+0000] {dag.py:2941} INFO - Sync 1 DAGs
[2025-03-06T13:56:29.470+0000] {logging_mixin.py:154} INFO - [2025-03-06T13:56:29.469+0000] {dag.py:3722} INFO - Setting next_dagrun for latest_only to 2025-03-06T09:56:29.469397+00:00, run_after=2025-03-06T13:56:29.469397+00:00
[2025-03-06T13:56:29.480+0000] {processor.py:179} INFO - Processing /home/airflow/.local/lib/python3.8/site-packages/airflow/example_dags/example_latest_only.py took 0.034 seconds
[2025-03-06T13:56:59.941+0000] {processor.py:157} INFO - Started process (PID=22429) to work on /home/airflow/.local/lib/python3.8/site-packages/airflow/example_dags/example_latest_only.py
[2025-03-06T13:56:59.942+0000] {processor.py:829} INFO - Processing file /home/airflow/.local/lib/python3.8/site-packages/airflow/example_dags/example_latest_only.py for tasks to queue
[2025-03-06T13:56:59.943+0000] {logging_mixin.py:154} INFO - [2025-03-06T13:56:59.943+0000] {dagbag.py:536} INFO - Filling up the DagBag from /home/airflow/.local/lib/python3.8/site-packages/airflow/example_dags/example_latest_only.py
[2025-03-06T13:56:59.946+0000] {processor.py:839} INFO - DAG(s) dict_keys(['latest_only']) retrieved from /home/airflow/.local/lib/python3.8/site-packages/airflow/example_dags/example_latest_only.py
[2025-03-06T13:56:59.956+0000] {logging_mixin.py:154} INFO - [2025-03-06T13:56:59.956+0000] {dag.py:2941} INFO - Sync 1 DAGs
[2025-03-06T13:56:59.964+0000] {logging_mixin.py:154} INFO - [2025-03-06T13:56:59.964+0000] {dag.py:3722} INFO - Setting next_dagrun for latest_only to 2025-03-06T09:56:59.963925+00:00, run_after=2025-03-06T13:56:59.963925+00:00
[2025-03-06T13:56:59.970+0000] {processor.py:179} INFO - Processing /home/airflow/.local/lib/python3.8/site-packages/airflow/example_dags/example_latest_only.py took 0.030 seconds
[2025-03-06T13:57:30.474+0000] {processor.py:157} INFO - Started process (PID=22485) to work on /home/airflow/.local/lib/python3.8/site-packages/airflow/example_dags/example_latest_only.py
[2025-03-06T13:57:30.475+0000] {processor.py:829} INFO - Processing file /home/airflow/.local/lib/python3.8/site-packages/airflow/example_dags/example_latest_only.py for tasks to queue
[2025-03-06T13:57:30.475+0000] {logging_mixin.py:154} INFO - [2025-03-06T13:57:30.475+0000] {dagbag.py:536} INFO - Filling up the DagBag from /home/airflow/.local/lib/python3.8/site-packages/airflow/example_dags/example_latest_only.py
[2025-03-06T13:57:30.478+0000] {processor.py:839} INFO - DAG(s) dict_keys(['latest_only']) retrieved from /home/airflow/.local/lib/python3.8/site-packages/airflow/example_dags/example_latest_only.py
[2025-03-06T13:57:30.488+0000] {logging_mixin.py:154} INFO - [2025-03-06T13:57:30.488+0000] {dag.py:2941} INFO - Sync 1 DAGs
[2025-03-06T13:57:30.497+0000] {logging_mixin.py:154} INFO - [2025-03-06T13:57:30.497+0000] {dag.py:3722} INFO - Setting next_dagrun for latest_only to 2025-03-06T09:57:30.497577+00:00, run_after=2025-03-06T13:57:30.497577+00:00
[2025-03-06T13:57:30.505+0000] {processor.py:179} INFO - Processing /home/airflow/.local/lib/python3.8/site-packages/airflow/example_dags/example_latest_only.py took 0.031 seconds
[2025-03-06T13:58:01.058+0000] {processor.py:157} INFO - Started process (PID=22541) to work on /home/airflow/.local/lib/python3.8/site-packages/airflow/example_dags/example_latest_only.py
[2025-03-06T13:58:01.059+0000] {processor.py:829} INFO - Processing file /home/airflow/.local/lib/python3.8/site-packages/airflow/example_dags/example_latest_only.py for tasks to queue
[2025-03-06T13:58:01.059+0000] {logging_mixin.py:154} INFO - [2025-03-06T13:58:01.059+0000] {dagbag.py:536} INFO - Filling up the DagBag from /home/airflow/.local/lib/python3.8/site-packages/airflow/example_dags/example_latest_only.py
[2025-03-06T13:58:01.062+0000] {processor.py:839} INFO - DAG(s) dict_keys(['latest_only']) retrieved from /home/airflow/.local/lib/python3.8/site-packages/airflow/example_dags/example_latest_only.py
[2025-03-06T13:58:01.072+0000] {logging_mixin.py:154} INFO - [2025-03-06T13:58:01.072+0000] {dag.py:2941} INFO - Sync 1 DAGs
[2025-03-06T13:58:01.081+0000] {logging_mixin.py:154} INFO - [2025-03-06T13:58:01.081+0000] {dag.py:3722} INFO - Setting next_dagrun for latest_only to 2025-03-06T09:58:01.081426+00:00, run_after=2025-03-06T13:58:01.081426+00:00
[2025-03-06T13:58:01.090+0000] {processor.py:179} INFO - Processing /home/airflow/.local/lib/python3.8/site-packages/airflow/example_dags/example_latest_only.py took 0.033 seconds
[2025-03-06T13:58:31.543+0000] {processor.py:157} INFO - Started process (PID=22597) to work on /home/airflow/.local/lib/python3.8/site-packages/airflow/example_dags/example_latest_only.py
[2025-03-06T13:58:31.543+0000] {processor.py:829} INFO - Processing file /home/airflow/.local/lib/python3.8/site-packages/airflow/example_dags/example_latest_only.py for tasks to queue
[2025-03-06T13:58:31.543+0000] {logging_mixin.py:154} INFO - [2025-03-06T13:58:31.543+0000] {dagbag.py:536} INFO - Filling up the DagBag from /home/airflow/.local/lib/python3.8/site-packages/airflow/example_dags/example_latest_only.py
[2025-03-06T13:58:31.546+0000] {processor.py:839} INFO - DAG(s) dict_keys(['latest_only']) retrieved from /home/airflow/.local/lib/python3.8/site-packages/airflow/example_dags/example_latest_only.py
[2025-03-06T13:58:31.555+0000] {logging_mixin.py:154} INFO - [2025-03-06T13:58:31.555+0000] {dag.py:2941} INFO - Sync 1 DAGs
[2025-03-06T13:58:31.564+0000] {logging_mixin.py:154} INFO - [2025-03-06T13:58:31.564+0000] {dag.py:3722} INFO - Setting next_dagrun for latest_only to 2025-03-06T09:58:31.564223+00:00, run_after=2025-03-06T13:58:31.564223+00:00
[2025-03-06T13:58:31.570+0000] {processor.py:179} INFO - Processing /home/airflow/.local/lib/python3.8/site-packages/airflow/example_dags/example_latest_only.py took 0.029 seconds
[2025-03-06T13:59:02.091+0000] {processor.py:157} INFO - Started process (PID=22653) to work on /home/airflow/.local/lib/python3.8/site-packages/airflow/example_dags/example_latest_only.py
[2025-03-06T13:59:02.094+0000] {processor.py:829} INFO - Processing file /home/airflow/.local/lib/python3.8/site-packages/airflow/example_dags/example_latest_only.py for tasks to queue
[2025-03-06T13:59:02.095+0000] {logging_mixin.py:154} INFO - [2025-03-06T13:59:02.095+0000] {dagbag.py:536} INFO - Filling up the DagBag from /home/airflow/.local/lib/python3.8/site-packages/airflow/example_dags/example_latest_only.py
[2025-03-06T13:59:02.098+0000] {processor.py:839} INFO - DAG(s) dict_keys(['latest_only']) retrieved from /home/airflow/.local/lib/python3.8/site-packages/airflow/example_dags/example_latest_only.py
[2025-03-06T13:59:02.106+0000] {logging_mixin.py:154} INFO - [2025-03-06T13:59:02.106+0000] {dag.py:2941} INFO - Sync 1 DAGs
[2025-03-06T13:59:02.114+0000] {logging_mixin.py:154} INFO - [2025-03-06T13:59:02.114+0000] {dag.py:3722} INFO - Setting next_dagrun for latest_only to 2025-03-06T09:59:02.114584+00:00, run_after=2025-03-06T13:59:02.114584+00:00
[2025-03-06T13:59:02.124+0000] {processor.py:179} INFO - Processing /home/airflow/.local/lib/python3.8/site-packages/airflow/example_dags/example_latest_only.py took 0.034 seconds
[2025-03-06T13:59:32.657+0000] {processor.py:157} INFO - Started process (PID=22709) to work on /home/airflow/.local/lib/python3.8/site-packages/airflow/example_dags/example_latest_only.py
[2025-03-06T13:59:32.658+0000] {processor.py:829} INFO - Processing file /home/airflow/.local/lib/python3.8/site-packages/airflow/example_dags/example_latest_only.py for tasks to queue
[2025-03-06T13:59:32.658+0000] {logging_mixin.py:154} INFO - [2025-03-06T13:59:32.658+0000] {dagbag.py:536} INFO - Filling up the DagBag from /home/airflow/.local/lib/python3.8/site-packages/airflow/example_dags/example_latest_only.py
[2025-03-06T13:59:32.661+0000] {processor.py:839} INFO - DAG(s) dict_keys(['latest_only']) retrieved from /home/airflow/.local/lib/python3.8/site-packages/airflow/example_dags/example_latest_only.py
[2025-03-06T13:59:32.670+0000] {logging_mixin.py:154} INFO - [2025-03-06T13:59:32.670+0000] {dag.py:2941} INFO - Sync 1 DAGs
[2025-03-06T13:59:32.681+0000] {logging_mixin.py:154} INFO - [2025-03-06T13:59:32.681+0000] {dag.py:3722} INFO - Setting next_dagrun for latest_only to 2025-03-06T09:59:32.681165+00:00, run_after=2025-03-06T13:59:32.681165+00:00
[2025-03-06T13:59:32.690+0000] {processor.py:179} INFO - Processing /home/airflow/.local/lib/python3.8/site-packages/airflow/example_dags/example_latest_only.py took 0.034 seconds
[2025-03-06T14:00:03.136+0000] {processor.py:157} INFO - Started process (PID=22765) to work on /home/airflow/.local/lib/python3.8/site-packages/airflow/example_dags/example_latest_only.py
[2025-03-06T14:00:03.136+0000] {processor.py:829} INFO - Processing file /home/airflow/.local/lib/python3.8/site-packages/airflow/example_dags/example_latest_only.py for tasks to queue
[2025-03-06T14:00:03.136+0000] {logging_mixin.py:154} INFO - [2025-03-06T14:00:03.136+0000] {dagbag.py:536} INFO - Filling up the DagBag from /home/airflow/.local/lib/python3.8/site-packages/airflow/example_dags/example_latest_only.py
[2025-03-06T14:00:03.139+0000] {processor.py:839} INFO - DAG(s) dict_keys(['latest_only']) retrieved from /home/airflow/.local/lib/python3.8/site-packages/airflow/example_dags/example_latest_only.py
[2025-03-06T14:00:03.148+0000] {logging_mixin.py:154} INFO - [2025-03-06T14:00:03.148+0000] {dag.py:2941} INFO - Sync 1 DAGs
[2025-03-06T14:00:03.157+0000] {logging_mixin.py:154} INFO - [2025-03-06T14:00:03.157+0000] {dag.py:3722} INFO - Setting next_dagrun for latest_only to 2025-03-06T10:00:03.157130+00:00, run_after=2025-03-06T14:00:03.157130+00:00
[2025-03-06T14:00:03.166+0000] {processor.py:179} INFO - Processing /home/airflow/.local/lib/python3.8/site-packages/airflow/example_dags/example_latest_only.py took 0.032 seconds
[2025-03-06T14:00:33.551+0000] {processor.py:157} INFO - Started process (PID=22821) to work on /home/airflow/.local/lib/python3.8/site-packages/airflow/example_dags/example_latest_only.py
[2025-03-06T14:00:33.553+0000] {processor.py:829} INFO - Processing file /home/airflow/.local/lib/python3.8/site-packages/airflow/example_dags/example_latest_only.py for tasks to queue
[2025-03-06T14:00:33.554+0000] {logging_mixin.py:154} INFO - [2025-03-06T14:00:33.553+0000] {dagbag.py:536} INFO - Filling up the DagBag from /home/airflow/.local/lib/python3.8/site-packages/airflow/example_dags/example_latest_only.py
[2025-03-06T14:00:33.556+0000] {processor.py:839} INFO - DAG(s) dict_keys(['latest_only']) retrieved from /home/airflow/.local/lib/python3.8/site-packages/airflow/example_dags/example_latest_only.py
[2025-03-06T14:00:33.566+0000] {logging_mixin.py:154} INFO - [2025-03-06T14:00:33.566+0000] {dag.py:2941} INFO - Sync 1 DAGs
[2025-03-06T14:00:33.575+0000] {logging_mixin.py:154} INFO - [2025-03-06T14:00:33.574+0000] {dag.py:3722} INFO - Setting next_dagrun for latest_only to 2025-03-06T10:00:33.574901+00:00, run_after=2025-03-06T14:00:33.574901+00:00
[2025-03-06T14:00:33.584+0000] {processor.py:179} INFO - Processing /home/airflow/.local/lib/python3.8/site-packages/airflow/example_dags/example_latest_only.py took 0.034 seconds
[2025-03-06T14:01:03.970+0000] {processor.py:157} INFO - Started process (PID=22877) to work on /home/airflow/.local/lib/python3.8/site-packages/airflow/example_dags/example_latest_only.py
[2025-03-06T14:01:03.970+0000] {processor.py:829} INFO - Processing file /home/airflow/.local/lib/python3.8/site-packages/airflow/example_dags/example_latest_only.py for tasks to queue
[2025-03-06T14:01:03.970+0000] {logging_mixin.py:154} INFO - [2025-03-06T14:01:03.970+0000] {dagbag.py:536} INFO - Filling up the DagBag from /home/airflow/.local/lib/python3.8/site-packages/airflow/example_dags/example_latest_only.py
[2025-03-06T14:01:03.973+0000] {processor.py:839} INFO - DAG(s) dict_keys(['latest_only']) retrieved from /home/airflow/.local/lib/python3.8/site-packages/airflow/example_dags/example_latest_only.py
[2025-03-06T14:01:03.983+0000] {logging_mixin.py:154} INFO - [2025-03-06T14:01:03.983+0000] {dag.py:2941} INFO - Sync 1 DAGs
[2025-03-06T14:01:03.991+0000] {logging_mixin.py:154} INFO - [2025-03-06T14:01:03.991+0000] {dag.py:3722} INFO - Setting next_dagrun for latest_only to 2025-03-06T10:01:03.991762+00:00, run_after=2025-03-06T14:01:03.991762+00:00
[2025-03-06T14:01:04.001+0000] {processor.py:179} INFO - Processing /home/airflow/.local/lib/python3.8/site-packages/airflow/example_dags/example_latest_only.py took 0.033 seconds
[2025-03-06T14:01:34.440+0000] {processor.py:157} INFO - Started process (PID=22933) to work on /home/airflow/.local/lib/python3.8/site-packages/airflow/example_dags/example_latest_only.py
[2025-03-06T14:01:34.441+0000] {processor.py:829} INFO - Processing file /home/airflow/.local/lib/python3.8/site-packages/airflow/example_dags/example_latest_only.py for tasks to queue
[2025-03-06T14:01:34.441+0000] {logging_mixin.py:154} INFO - [2025-03-06T14:01:34.441+0000] {dagbag.py:536} INFO - Filling up the DagBag from /home/airflow/.local/lib/python3.8/site-packages/airflow/example_dags/example_latest_only.py
[2025-03-06T14:01:34.444+0000] {processor.py:839} INFO - DAG(s) dict_keys(['latest_only']) retrieved from /home/airflow/.local/lib/python3.8/site-packages/airflow/example_dags/example_latest_only.py
[2025-03-06T14:01:34.452+0000] {logging_mixin.py:154} INFO - [2025-03-06T14:01:34.452+0000] {dag.py:2941} INFO - Sync 1 DAGs
[2025-03-06T14:01:34.460+0000] {logging_mixin.py:154} INFO - [2025-03-06T14:01:34.460+0000] {dag.py:3722} INFO - Setting next_dagrun for latest_only to 2025-03-06T10:01:34.460592+00:00, run_after=2025-03-06T14:01:34.460592+00:00
[2025-03-06T14:01:34.469+0000] {processor.py:179} INFO - Processing /home/airflow/.local/lib/python3.8/site-packages/airflow/example_dags/example_latest_only.py took 0.030 seconds
[2025-03-06T14:02:04.919+0000] {processor.py:157} INFO - Started process (PID=22989) to work on /home/airflow/.local/lib/python3.8/site-packages/airflow/example_dags/example_latest_only.py
[2025-03-06T14:02:04.919+0000] {processor.py:829} INFO - Processing file /home/airflow/.local/lib/python3.8/site-packages/airflow/example_dags/example_latest_only.py for tasks to queue
[2025-03-06T14:02:04.920+0000] {logging_mixin.py:154} INFO - [2025-03-06T14:02:04.920+0000] {dagbag.py:536} INFO - Filling up the DagBag from /home/airflow/.local/lib/python3.8/site-packages/airflow/example_dags/example_latest_only.py
[2025-03-06T14:02:04.923+0000] {processor.py:839} INFO - DAG(s) dict_keys(['latest_only']) retrieved from /home/airflow/.local/lib/python3.8/site-packages/airflow/example_dags/example_latest_only.py
[2025-03-06T14:02:04.934+0000] {logging_mixin.py:154} INFO - [2025-03-06T14:02:04.934+0000] {dag.py:2941} INFO - Sync 1 DAGs
[2025-03-06T14:02:04.943+0000] {logging_mixin.py:154} INFO - [2025-03-06T14:02:04.943+0000] {dag.py:3722} INFO - Setting next_dagrun for latest_only to 2025-03-06T10:02:04.943762+00:00, run_after=2025-03-06T14:02:04.943762+00:00
[2025-03-06T14:02:04.957+0000] {processor.py:179} INFO - Processing /home/airflow/.local/lib/python3.8/site-packages/airflow/example_dags/example_latest_only.py took 0.039 seconds
[2025-03-06T14:02:35.459+0000] {processor.py:157} INFO - Started process (PID=23045) to work on /home/airflow/.local/lib/python3.8/site-packages/airflow/example_dags/example_latest_only.py
[2025-03-06T14:02:35.459+0000] {processor.py:829} INFO - Processing file /home/airflow/.local/lib/python3.8/site-packages/airflow/example_dags/example_latest_only.py for tasks to queue
[2025-03-06T14:02:35.459+0000] {logging_mixin.py:154} INFO - [2025-03-06T14:02:35.459+0000] {dagbag.py:536} INFO - Filling up the DagBag from /home/airflow/.local/lib/python3.8/site-packages/airflow/example_dags/example_latest_only.py
[2025-03-06T14:02:35.462+0000] {processor.py:839} INFO - DAG(s) dict_keys(['latest_only']) retrieved from /home/airflow/.local/lib/python3.8/site-packages/airflow/example_dags/example_latest_only.py
[2025-03-06T14:02:35.474+0000] {logging_mixin.py:154} INFO - [2025-03-06T14:02:35.474+0000] {dag.py:2941} INFO - Sync 1 DAGs
[2025-03-06T14:02:35.483+0000] {logging_mixin.py:154} INFO - [2025-03-06T14:02:35.483+0000] {dag.py:3722} INFO - Setting next_dagrun for latest_only to 2025-03-06T10:02:35.483463+00:00, run_after=2025-03-06T14:02:35.483463+00:00
[2025-03-06T14:02:35.493+0000] {processor.py:179} INFO - Processing /home/airflow/.local/lib/python3.8/site-packages/airflow/example_dags/example_latest_only.py took 0.036 seconds
[2025-03-06T14:03:05.935+0000] {processor.py:157} INFO - Started process (PID=23101) to work on /home/airflow/.local/lib/python3.8/site-packages/airflow/example_dags/example_latest_only.py
[2025-03-06T14:03:05.938+0000] {processor.py:829} INFO - Processing file /home/airflow/.local/lib/python3.8/site-packages/airflow/example_dags/example_latest_only.py for tasks to queue
[2025-03-06T14:03:05.939+0000] {logging_mixin.py:154} INFO - [2025-03-06T14:03:05.939+0000] {dagbag.py:536} INFO - Filling up the DagBag from /home/airflow/.local/lib/python3.8/site-packages/airflow/example_dags/example_latest_only.py
[2025-03-06T14:03:05.942+0000] {processor.py:839} INFO - DAG(s) dict_keys(['latest_only']) retrieved from /home/airflow/.local/lib/python3.8/site-packages/airflow/example_dags/example_latest_only.py
[2025-03-06T14:03:05.954+0000] {logging_mixin.py:154} INFO - [2025-03-06T14:03:05.953+0000] {dag.py:2941} INFO - Sync 1 DAGs
[2025-03-06T14:03:05.962+0000] {logging_mixin.py:154} INFO - [2025-03-06T14:03:05.962+0000] {dag.py:3722} INFO - Setting next_dagrun for latest_only to 2025-03-06T10:03:05.962570+00:00, run_after=2025-03-06T14:03:05.962570+00:00
[2025-03-06T14:03:05.969+0000] {processor.py:179} INFO - Processing /home/airflow/.local/lib/python3.8/site-packages/airflow/example_dags/example_latest_only.py took 0.035 seconds
[2025-03-06T14:03:36.463+0000] {processor.py:157} INFO - Started process (PID=23157) to work on /home/airflow/.local/lib/python3.8/site-packages/airflow/example_dags/example_latest_only.py
[2025-03-06T14:03:36.465+0000] {processor.py:829} INFO - Processing file /home/airflow/.local/lib/python3.8/site-packages/airflow/example_dags/example_latest_only.py for tasks to queue
[2025-03-06T14:03:36.466+0000] {logging_mixin.py:154} INFO - [2025-03-06T14:03:36.466+0000] {dagbag.py:536} INFO - Filling up the DagBag from /home/airflow/.local/lib/python3.8/site-packages/airflow/example_dags/example_latest_only.py
[2025-03-06T14:03:36.469+0000] {processor.py:839} INFO - DAG(s) dict_keys(['latest_only']) retrieved from /home/airflow/.local/lib/python3.8/site-packages/airflow/example_dags/example_latest_only.py
[2025-03-06T14:03:36.478+0000] {logging_mixin.py:154} INFO - [2025-03-06T14:03:36.477+0000] {dag.py:2941} INFO - Sync 1 DAGs
[2025-03-06T14:03:36.489+0000] {logging_mixin.py:154} INFO - [2025-03-06T14:03:36.489+0000] {dag.py:3722} INFO - Setting next_dagrun for latest_only to 2025-03-06T10:03:36.489234+00:00, run_after=2025-03-06T14:03:36.489234+00:00
[2025-03-06T14:03:36.500+0000] {processor.py:179} INFO - Processing /home/airflow/.local/lib/python3.8/site-packages/airflow/example_dags/example_latest_only.py took 0.038 seconds
[2025-03-06T14:04:06.951+0000] {processor.py:157} INFO - Started process (PID=23213) to work on /home/airflow/.local/lib/python3.8/site-packages/airflow/example_dags/example_latest_only.py
[2025-03-06T14:04:06.951+0000] {processor.py:829} INFO - Processing file /home/airflow/.local/lib/python3.8/site-packages/airflow/example_dags/example_latest_only.py for tasks to queue
[2025-03-06T14:04:06.953+0000] {logging_mixin.py:154} INFO - [2025-03-06T14:04:06.952+0000] {dagbag.py:536} INFO - Filling up the DagBag from /home/airflow/.local/lib/python3.8/site-packages/airflow/example_dags/example_latest_only.py
[2025-03-06T14:04:06.956+0000] {processor.py:839} INFO - DAG(s) dict_keys(['latest_only']) retrieved from /home/airflow/.local/lib/python3.8/site-packages/airflow/example_dags/example_latest_only.py
[2025-03-06T14:04:06.966+0000] {logging_mixin.py:154} INFO - [2025-03-06T14:04:06.965+0000] {dag.py:2941} INFO - Sync 1 DAGs
[2025-03-06T14:04:06.975+0000] {logging_mixin.py:154} INFO - [2025-03-06T14:04:06.975+0000] {dag.py:3722} INFO - Setting next_dagrun for latest_only to 2025-03-06T10:04:06.975412+00:00, run_after=2025-03-06T14:04:06.975412+00:00
[2025-03-06T14:04:06.981+0000] {processor.py:179} INFO - Processing /home/airflow/.local/lib/python3.8/site-packages/airflow/example_dags/example_latest_only.py took 0.032 seconds
[2025-03-06T14:04:37.389+0000] {processor.py:157} INFO - Started process (PID=23269) to work on /home/airflow/.local/lib/python3.8/site-packages/airflow/example_dags/example_latest_only.py
[2025-03-06T14:04:37.390+0000] {processor.py:829} INFO - Processing file /home/airflow/.local/lib/python3.8/site-packages/airflow/example_dags/example_latest_only.py for tasks to queue
[2025-03-06T14:04:37.391+0000] {logging_mixin.py:154} INFO - [2025-03-06T14:04:37.391+0000] {dagbag.py:536} INFO - Filling up the DagBag from /home/airflow/.local/lib/python3.8/site-packages/airflow/example_dags/example_latest_only.py
[2025-03-06T14:04:37.394+0000] {processor.py:839} INFO - DAG(s) dict_keys(['latest_only']) retrieved from /home/airflow/.local/lib/python3.8/site-packages/airflow/example_dags/example_latest_only.py
[2025-03-06T14:04:37.406+0000] {logging_mixin.py:154} INFO - [2025-03-06T14:04:37.405+0000] {dag.py:2941} INFO - Sync 1 DAGs
[2025-03-06T14:04:37.415+0000] {logging_mixin.py:154} INFO - [2025-03-06T14:04:37.415+0000] {dag.py:3722} INFO - Setting next_dagrun for latest_only to 2025-03-06T10:04:37.415715+00:00, run_after=2025-03-06T14:04:37.415715+00:00
[2025-03-06T14:04:37.423+0000] {processor.py:179} INFO - Processing /home/airflow/.local/lib/python3.8/site-packages/airflow/example_dags/example_latest_only.py took 0.036 seconds
[2025-03-06T14:05:07.987+0000] {processor.py:157} INFO - Started process (PID=23325) to work on /home/airflow/.local/lib/python3.8/site-packages/airflow/example_dags/example_latest_only.py
[2025-03-06T14:05:07.989+0000] {processor.py:829} INFO - Processing file /home/airflow/.local/lib/python3.8/site-packages/airflow/example_dags/example_latest_only.py for tasks to queue
[2025-03-06T14:05:07.990+0000] {logging_mixin.py:154} INFO - [2025-03-06T14:05:07.990+0000] {dagbag.py:536} INFO - Filling up the DagBag from /home/airflow/.local/lib/python3.8/site-packages/airflow/example_dags/example_latest_only.py
[2025-03-06T14:05:07.992+0000] {processor.py:839} INFO - DAG(s) dict_keys(['latest_only']) retrieved from /home/airflow/.local/lib/python3.8/site-packages/airflow/example_dags/example_latest_only.py
[2025-03-06T14:05:08.003+0000] {logging_mixin.py:154} INFO - [2025-03-06T14:05:08.002+0000] {dag.py:2941} INFO - Sync 1 DAGs
[2025-03-06T14:05:08.011+0000] {logging_mixin.py:154} INFO - [2025-03-06T14:05:08.011+0000] {dag.py:3722} INFO - Setting next_dagrun for latest_only to 2025-03-06T10:05:08.011709+00:00, run_after=2025-03-06T14:05:08.011709+00:00
[2025-03-06T14:05:08.018+0000] {processor.py:179} INFO - Processing /home/airflow/.local/lib/python3.8/site-packages/airflow/example_dags/example_latest_only.py took 0.032 seconds
[2025-03-06T14:05:38.420+0000] {processor.py:157} INFO - Started process (PID=23381) to work on /home/airflow/.local/lib/python3.8/site-packages/airflow/example_dags/example_latest_only.py
[2025-03-06T14:05:38.420+0000] {processor.py:829} INFO - Processing file /home/airflow/.local/lib/python3.8/site-packages/airflow/example_dags/example_latest_only.py for tasks to queue
[2025-03-06T14:05:38.421+0000] {logging_mixin.py:154} INFO - [2025-03-06T14:05:38.421+0000] {dagbag.py:536} INFO - Filling up the DagBag from /home/airflow/.local/lib/python3.8/site-packages/airflow/example_dags/example_latest_only.py
[2025-03-06T14:05:38.424+0000] {processor.py:839} INFO - DAG(s) dict_keys(['latest_only']) retrieved from /home/airflow/.local/lib/python3.8/site-packages/airflow/example_dags/example_latest_only.py
[2025-03-06T14:05:38.431+0000] {logging_mixin.py:154} INFO - [2025-03-06T14:05:38.431+0000] {dag.py:2941} INFO - Sync 1 DAGs
[2025-03-06T14:05:38.441+0000] {logging_mixin.py:154} INFO - [2025-03-06T14:05:38.441+0000] {dag.py:3722} INFO - Setting next_dagrun for latest_only to 2025-03-06T10:05:38.440955+00:00, run_after=2025-03-06T14:05:38.440955+00:00
[2025-03-06T14:05:38.450+0000] {processor.py:179} INFO - Processing /home/airflow/.local/lib/python3.8/site-packages/airflow/example_dags/example_latest_only.py took 0.032 seconds
[2025-03-06T14:06:09.059+0000] {processor.py:157} INFO - Started process (PID=23437) to work on /home/airflow/.local/lib/python3.8/site-packages/airflow/example_dags/example_latest_only.py
[2025-03-06T14:06:09.061+0000] {processor.py:829} INFO - Processing file /home/airflow/.local/lib/python3.8/site-packages/airflow/example_dags/example_latest_only.py for tasks to queue
[2025-03-06T14:06:09.061+0000] {logging_mixin.py:154} INFO - [2025-03-06T14:06:09.061+0000] {dagbag.py:536} INFO - Filling up the DagBag from /home/airflow/.local/lib/python3.8/site-packages/airflow/example_dags/example_latest_only.py
[2025-03-06T14:06:09.066+0000] {processor.py:839} INFO - DAG(s) dict_keys(['latest_only']) retrieved from /home/airflow/.local/lib/python3.8/site-packages/airflow/example_dags/example_latest_only.py
[2025-03-06T14:06:09.075+0000] {logging_mixin.py:154} INFO - [2025-03-06T14:06:09.075+0000] {dag.py:2941} INFO - Sync 1 DAGs
[2025-03-06T14:06:09.083+0000] {logging_mixin.py:154} INFO - [2025-03-06T14:06:09.083+0000] {dag.py:3722} INFO - Setting next_dagrun for latest_only to 2025-03-06T10:06:09.083596+00:00, run_after=2025-03-06T14:06:09.083596+00:00
[2025-03-06T14:06:09.089+0000] {processor.py:179} INFO - Processing /home/airflow/.local/lib/python3.8/site-packages/airflow/example_dags/example_latest_only.py took 0.031 seconds
[2025-03-06T14:06:39.565+0000] {processor.py:157} INFO - Started process (PID=23493) to work on /home/airflow/.local/lib/python3.8/site-packages/airflow/example_dags/example_latest_only.py
[2025-03-06T14:06:39.566+0000] {processor.py:829} INFO - Processing file /home/airflow/.local/lib/python3.8/site-packages/airflow/example_dags/example_latest_only.py for tasks to queue
[2025-03-06T14:06:39.568+0000] {logging_mixin.py:154} INFO - [2025-03-06T14:06:39.568+0000] {dagbag.py:536} INFO - Filling up the DagBag from /home/airflow/.local/lib/python3.8/site-packages/airflow/example_dags/example_latest_only.py
[2025-03-06T14:06:39.571+0000] {processor.py:839} INFO - DAG(s) dict_keys(['latest_only']) retrieved from /home/airflow/.local/lib/python3.8/site-packages/airflow/example_dags/example_latest_only.py
[2025-03-06T14:06:39.579+0000] {logging_mixin.py:154} INFO - [2025-03-06T14:06:39.579+0000] {dag.py:2941} INFO - Sync 1 DAGs
[2025-03-06T14:06:39.587+0000] {logging_mixin.py:154} INFO - [2025-03-06T14:06:39.587+0000] {dag.py:3722} INFO - Setting next_dagrun for latest_only to 2025-03-06T10:06:39.587569+00:00, run_after=2025-03-06T14:06:39.587569+00:00
[2025-03-06T14:06:39.596+0000] {processor.py:179} INFO - Processing /home/airflow/.local/lib/python3.8/site-packages/airflow/example_dags/example_latest_only.py took 0.033 seconds
[2025-03-06T14:07:10.058+0000] {processor.py:157} INFO - Started process (PID=23549) to work on /home/airflow/.local/lib/python3.8/site-packages/airflow/example_dags/example_latest_only.py
[2025-03-06T14:07:10.058+0000] {processor.py:829} INFO - Processing file /home/airflow/.local/lib/python3.8/site-packages/airflow/example_dags/example_latest_only.py for tasks to queue
[2025-03-06T14:07:10.058+0000] {logging_mixin.py:154} INFO - [2025-03-06T14:07:10.058+0000] {dagbag.py:536} INFO - Filling up the DagBag from /home/airflow/.local/lib/python3.8/site-packages/airflow/example_dags/example_latest_only.py
[2025-03-06T14:07:10.061+0000] {processor.py:839} INFO - DAG(s) dict_keys(['latest_only']) retrieved from /home/airflow/.local/lib/python3.8/site-packages/airflow/example_dags/example_latest_only.py
[2025-03-06T14:07:10.070+0000] {logging_mixin.py:154} INFO - [2025-03-06T14:07:10.070+0000] {dag.py:2941} INFO - Sync 1 DAGs
[2025-03-06T14:07:10.078+0000] {logging_mixin.py:154} INFO - [2025-03-06T14:07:10.078+0000] {dag.py:3722} INFO - Setting next_dagrun for latest_only to 2025-03-06T10:07:10.078487+00:00, run_after=2025-03-06T14:07:10.078487+00:00
[2025-03-06T14:07:10.086+0000] {processor.py:179} INFO - Processing /home/airflow/.local/lib/python3.8/site-packages/airflow/example_dags/example_latest_only.py took 0.030 seconds
[2025-03-06T14:07:40.507+0000] {processor.py:157} INFO - Started process (PID=23605) to work on /home/airflow/.local/lib/python3.8/site-packages/airflow/example_dags/example_latest_only.py
[2025-03-06T14:07:40.507+0000] {processor.py:829} INFO - Processing file /home/airflow/.local/lib/python3.8/site-packages/airflow/example_dags/example_latest_only.py for tasks to queue
[2025-03-06T14:07:40.508+0000] {logging_mixin.py:154} INFO - [2025-03-06T14:07:40.508+0000] {dagbag.py:536} INFO - Filling up the DagBag from /home/airflow/.local/lib/python3.8/site-packages/airflow/example_dags/example_latest_only.py
[2025-03-06T14:07:40.512+0000] {processor.py:839} INFO - DAG(s) dict_keys(['latest_only']) retrieved from /home/airflow/.local/lib/python3.8/site-packages/airflow/example_dags/example_latest_only.py
[2025-03-06T14:07:40.522+0000] {logging_mixin.py:154} INFO - [2025-03-06T14:07:40.521+0000] {dag.py:2941} INFO - Sync 1 DAGs
[2025-03-06T14:07:40.531+0000] {logging_mixin.py:154} INFO - [2025-03-06T14:07:40.531+0000] {dag.py:3722} INFO - Setting next_dagrun for latest_only to 2025-03-06T10:07:40.531008+00:00, run_after=2025-03-06T14:07:40.531008+00:00
[2025-03-06T14:07:40.540+0000] {processor.py:179} INFO - Processing /home/airflow/.local/lib/python3.8/site-packages/airflow/example_dags/example_latest_only.py took 0.035 seconds
[2025-03-06T14:08:10.932+0000] {processor.py:157} INFO - Started process (PID=23661) to work on /home/airflow/.local/lib/python3.8/site-packages/airflow/example_dags/example_latest_only.py
[2025-03-06T14:08:10.932+0000] {processor.py:829} INFO - Processing file /home/airflow/.local/lib/python3.8/site-packages/airflow/example_dags/example_latest_only.py for tasks to queue
[2025-03-06T14:08:10.932+0000] {logging_mixin.py:154} INFO - [2025-03-06T14:08:10.932+0000] {dagbag.py:536} INFO - Filling up the DagBag from /home/airflow/.local/lib/python3.8/site-packages/airflow/example_dags/example_latest_only.py
[2025-03-06T14:08:10.936+0000] {processor.py:839} INFO - DAG(s) dict_keys(['latest_only']) retrieved from /home/airflow/.local/lib/python3.8/site-packages/airflow/example_dags/example_latest_only.py
[2025-03-06T14:08:10.946+0000] {logging_mixin.py:154} INFO - [2025-03-06T14:08:10.946+0000] {dag.py:2941} INFO - Sync 1 DAGs
[2025-03-06T14:08:10.954+0000] {logging_mixin.py:154} INFO - [2025-03-06T14:08:10.954+0000] {dag.py:3722} INFO - Setting next_dagrun for latest_only to 2025-03-06T10:08:10.954641+00:00, run_after=2025-03-06T14:08:10.954641+00:00
[2025-03-06T14:08:10.964+0000] {processor.py:179} INFO - Processing /home/airflow/.local/lib/python3.8/site-packages/airflow/example_dags/example_latest_only.py took 0.034 seconds
[2025-03-06T14:08:41.424+0000] {processor.py:157} INFO - Started process (PID=23717) to work on /home/airflow/.local/lib/python3.8/site-packages/airflow/example_dags/example_latest_only.py
[2025-03-06T14:08:41.424+0000] {processor.py:829} INFO - Processing file /home/airflow/.local/lib/python3.8/site-packages/airflow/example_dags/example_latest_only.py for tasks to queue
[2025-03-06T14:08:41.424+0000] {logging_mixin.py:154} INFO - [2025-03-06T14:08:41.424+0000] {dagbag.py:536} INFO - Filling up the DagBag from /home/airflow/.local/lib/python3.8/site-packages/airflow/example_dags/example_latest_only.py
[2025-03-06T14:08:41.427+0000] {processor.py:839} INFO - DAG(s) dict_keys(['latest_only']) retrieved from /home/airflow/.local/lib/python3.8/site-packages/airflow/example_dags/example_latest_only.py
[2025-03-06T14:08:41.435+0000] {logging_mixin.py:154} INFO - [2025-03-06T14:08:41.435+0000] {dag.py:2941} INFO - Sync 1 DAGs
[2025-03-06T14:08:41.444+0000] {logging_mixin.py:154} INFO - [2025-03-06T14:08:41.444+0000] {dag.py:3722} INFO - Setting next_dagrun for latest_only to 2025-03-06T10:08:41.444067+00:00, run_after=2025-03-06T14:08:41.444067+00:00
[2025-03-06T14:08:41.452+0000] {processor.py:179} INFO - Processing /home/airflow/.local/lib/python3.8/site-packages/airflow/example_dags/example_latest_only.py took 0.030 seconds
[2025-03-06T14:09:11.980+0000] {processor.py:157} INFO - Started process (PID=23773) to work on /home/airflow/.local/lib/python3.8/site-packages/airflow/example_dags/example_latest_only.py
[2025-03-06T14:09:11.980+0000] {processor.py:829} INFO - Processing file /home/airflow/.local/lib/python3.8/site-packages/airflow/example_dags/example_latest_only.py for tasks to queue
[2025-03-06T14:09:11.981+0000] {logging_mixin.py:154} INFO - [2025-03-06T14:09:11.981+0000] {dagbag.py:536} INFO - Filling up the DagBag from /home/airflow/.local/lib/python3.8/site-packages/airflow/example_dags/example_latest_only.py
[2025-03-06T14:09:11.983+0000] {processor.py:839} INFO - DAG(s) dict_keys(['latest_only']) retrieved from /home/airflow/.local/lib/python3.8/site-packages/airflow/example_dags/example_latest_only.py
[2025-03-06T14:09:11.994+0000] {logging_mixin.py:154} INFO - [2025-03-06T14:09:11.993+0000] {dag.py:2941} INFO - Sync 1 DAGs
[2025-03-06T14:09:12.001+0000] {logging_mixin.py:154} INFO - [2025-03-06T14:09:12.001+0000] {dag.py:3722} INFO - Setting next_dagrun for latest_only to 2025-03-06T10:09:12.001569+00:00, run_after=2025-03-06T14:09:12.001569+00:00
[2025-03-06T14:09:12.013+0000] {processor.py:179} INFO - Processing /home/airflow/.local/lib/python3.8/site-packages/airflow/example_dags/example_latest_only.py took 0.034 seconds
[2025-03-06T14:09:42.527+0000] {processor.py:157} INFO - Started process (PID=23829) to work on /home/airflow/.local/lib/python3.8/site-packages/airflow/example_dags/example_latest_only.py
[2025-03-06T14:09:42.529+0000] {processor.py:829} INFO - Processing file /home/airflow/.local/lib/python3.8/site-packages/airflow/example_dags/example_latest_only.py for tasks to queue
[2025-03-06T14:09:42.530+0000] {logging_mixin.py:154} INFO - [2025-03-06T14:09:42.529+0000] {dagbag.py:536} INFO - Filling up the DagBag from /home/airflow/.local/lib/python3.8/site-packages/airflow/example_dags/example_latest_only.py
[2025-03-06T14:09:42.533+0000] {processor.py:839} INFO - DAG(s) dict_keys(['latest_only']) retrieved from /home/airflow/.local/lib/python3.8/site-packages/airflow/example_dags/example_latest_only.py
[2025-03-06T14:09:42.544+0000] {logging_mixin.py:154} INFO - [2025-03-06T14:09:42.543+0000] {dag.py:2941} INFO - Sync 1 DAGs
[2025-03-06T14:09:42.554+0000] {logging_mixin.py:154} INFO - [2025-03-06T14:09:42.554+0000] {dag.py:3722} INFO - Setting next_dagrun for latest_only to 2025-03-06T10:09:42.554563+00:00, run_after=2025-03-06T14:09:42.554563+00:00
[2025-03-06T14:09:42.565+0000] {processor.py:179} INFO - Processing /home/airflow/.local/lib/python3.8/site-packages/airflow/example_dags/example_latest_only.py took 0.040 seconds
[2025-03-06T14:10:13.068+0000] {processor.py:157} INFO - Started process (PID=23885) to work on /home/airflow/.local/lib/python3.8/site-packages/airflow/example_dags/example_latest_only.py
[2025-03-06T14:10:13.068+0000] {processor.py:829} INFO - Processing file /home/airflow/.local/lib/python3.8/site-packages/airflow/example_dags/example_latest_only.py for tasks to queue
[2025-03-06T14:10:13.069+0000] {logging_mixin.py:154} INFO - [2025-03-06T14:10:13.068+0000] {dagbag.py:536} INFO - Filling up the DagBag from /home/airflow/.local/lib/python3.8/site-packages/airflow/example_dags/example_latest_only.py
[2025-03-06T14:10:13.071+0000] {processor.py:839} INFO - DAG(s) dict_keys(['latest_only']) retrieved from /home/airflow/.local/lib/python3.8/site-packages/airflow/example_dags/example_latest_only.py
[2025-03-06T14:10:13.083+0000] {logging_mixin.py:154} INFO - [2025-03-06T14:10:13.082+0000] {dag.py:2941} INFO - Sync 1 DAGs
[2025-03-06T14:10:13.095+0000] {logging_mixin.py:154} INFO - [2025-03-06T14:10:13.095+0000] {dag.py:3722} INFO - Setting next_dagrun for latest_only to 2025-03-06T10:10:13.095390+00:00, run_after=2025-03-06T14:10:13.095390+00:00
[2025-03-06T14:10:13.105+0000] {processor.py:179} INFO - Processing /home/airflow/.local/lib/python3.8/site-packages/airflow/example_dags/example_latest_only.py took 0.038 seconds
[2025-03-06T14:10:43.636+0000] {processor.py:157} INFO - Started process (PID=23941) to work on /home/airflow/.local/lib/python3.8/site-packages/airflow/example_dags/example_latest_only.py
[2025-03-06T14:10:43.637+0000] {processor.py:829} INFO - Processing file /home/airflow/.local/lib/python3.8/site-packages/airflow/example_dags/example_latest_only.py for tasks to queue
[2025-03-06T14:10:43.637+0000] {logging_mixin.py:154} INFO - [2025-03-06T14:10:43.637+0000] {dagbag.py:536} INFO - Filling up the DagBag from /home/airflow/.local/lib/python3.8/site-packages/airflow/example_dags/example_latest_only.py
[2025-03-06T14:10:43.639+0000] {processor.py:839} INFO - DAG(s) dict_keys(['latest_only']) retrieved from /home/airflow/.local/lib/python3.8/site-packages/airflow/example_dags/example_latest_only.py
[2025-03-06T14:10:43.648+0000] {logging_mixin.py:154} INFO - [2025-03-06T14:10:43.647+0000] {dag.py:2941} INFO - Sync 1 DAGs
[2025-03-06T14:10:43.655+0000] {logging_mixin.py:154} INFO - [2025-03-06T14:10:43.655+0000] {dag.py:3722} INFO - Setting next_dagrun for latest_only to 2025-03-06T10:10:43.655517+00:00, run_after=2025-03-06T14:10:43.655517+00:00
[2025-03-06T14:10:43.661+0000] {processor.py:179} INFO - Processing /home/airflow/.local/lib/python3.8/site-packages/airflow/example_dags/example_latest_only.py took 0.026 seconds
[2025-03-06T14:11:14.163+0000] {processor.py:157} INFO - Started process (PID=23997) to work on /home/airflow/.local/lib/python3.8/site-packages/airflow/example_dags/example_latest_only.py
[2025-03-06T14:11:14.163+0000] {processor.py:829} INFO - Processing file /home/airflow/.local/lib/python3.8/site-packages/airflow/example_dags/example_latest_only.py for tasks to queue
[2025-03-06T14:11:14.163+0000] {logging_mixin.py:154} INFO - [2025-03-06T14:11:14.163+0000] {dagbag.py:536} INFO - Filling up the DagBag from /home/airflow/.local/lib/python3.8/site-packages/airflow/example_dags/example_latest_only.py
[2025-03-06T14:11:14.166+0000] {processor.py:839} INFO - DAG(s) dict_keys(['latest_only']) retrieved from /home/airflow/.local/lib/python3.8/site-packages/airflow/example_dags/example_latest_only.py
[2025-03-06T14:11:14.174+0000] {logging_mixin.py:154} INFO - [2025-03-06T14:11:14.174+0000] {dag.py:2941} INFO - Sync 1 DAGs
[2025-03-06T14:11:14.182+0000] {logging_mixin.py:154} INFO - [2025-03-06T14:11:14.182+0000] {dag.py:3722} INFO - Setting next_dagrun for latest_only to 2025-03-06T10:11:14.182578+00:00, run_after=2025-03-06T14:11:14.182578+00:00
[2025-03-06T14:11:14.191+0000] {processor.py:179} INFO - Processing /home/airflow/.local/lib/python3.8/site-packages/airflow/example_dags/example_latest_only.py took 0.030 seconds
[2025-03-06T14:11:44.747+0000] {processor.py:157} INFO - Started process (PID=24053) to work on /home/airflow/.local/lib/python3.8/site-packages/airflow/example_dags/example_latest_only.py
[2025-03-06T14:11:44.748+0000] {processor.py:829} INFO - Processing file /home/airflow/.local/lib/python3.8/site-packages/airflow/example_dags/example_latest_only.py for tasks to queue
[2025-03-06T14:11:44.748+0000] {logging_mixin.py:154} INFO - [2025-03-06T14:11:44.748+0000] {dagbag.py:536} INFO - Filling up the DagBag from /home/airflow/.local/lib/python3.8/site-packages/airflow/example_dags/example_latest_only.py
[2025-03-06T14:11:44.751+0000] {processor.py:839} INFO - DAG(s) dict_keys(['latest_only']) retrieved from /home/airflow/.local/lib/python3.8/site-packages/airflow/example_dags/example_latest_only.py
[2025-03-06T14:11:44.759+0000] {logging_mixin.py:154} INFO - [2025-03-06T14:11:44.759+0000] {dag.py:2941} INFO - Sync 1 DAGs
[2025-03-06T14:11:44.768+0000] {logging_mixin.py:154} INFO - [2025-03-06T14:11:44.768+0000] {dag.py:3722} INFO - Setting next_dagrun for latest_only to 2025-03-06T10:11:44.768569+00:00, run_after=2025-03-06T14:11:44.768569+00:00
[2025-03-06T14:11:44.776+0000] {processor.py:179} INFO - Processing /home/airflow/.local/lib/python3.8/site-packages/airflow/example_dags/example_latest_only.py took 0.031 seconds
[2025-03-06T14:12:15.262+0000] {processor.py:157} INFO - Started process (PID=24109) to work on /home/airflow/.local/lib/python3.8/site-packages/airflow/example_dags/example_latest_only.py
[2025-03-06T14:12:15.262+0000] {processor.py:829} INFO - Processing file /home/airflow/.local/lib/python3.8/site-packages/airflow/example_dags/example_latest_only.py for tasks to queue
[2025-03-06T14:12:15.263+0000] {logging_mixin.py:154} INFO - [2025-03-06T14:12:15.263+0000] {dagbag.py:536} INFO - Filling up the DagBag from /home/airflow/.local/lib/python3.8/site-packages/airflow/example_dags/example_latest_only.py
[2025-03-06T14:12:15.265+0000] {processor.py:839} INFO - DAG(s) dict_keys(['latest_only']) retrieved from /home/airflow/.local/lib/python3.8/site-packages/airflow/example_dags/example_latest_only.py
[2025-03-06T14:12:15.277+0000] {logging_mixin.py:154} INFO - [2025-03-06T14:12:15.277+0000] {dag.py:2941} INFO - Sync 1 DAGs
[2025-03-06T14:12:15.287+0000] {logging_mixin.py:154} INFO - [2025-03-06T14:12:15.286+0000] {dag.py:3722} INFO - Setting next_dagrun for latest_only to 2025-03-06T10:12:15.286869+00:00, run_after=2025-03-06T14:12:15.286869+00:00
[2025-03-06T14:12:15.299+0000] {processor.py:179} INFO - Processing /home/airflow/.local/lib/python3.8/site-packages/airflow/example_dags/example_latest_only.py took 0.038 seconds
[2025-03-06T14:12:45.783+0000] {processor.py:157} INFO - Started process (PID=24165) to work on /home/airflow/.local/lib/python3.8/site-packages/airflow/example_dags/example_latest_only.py
[2025-03-06T14:12:45.785+0000] {processor.py:829} INFO - Processing file /home/airflow/.local/lib/python3.8/site-packages/airflow/example_dags/example_latest_only.py for tasks to queue
[2025-03-06T14:12:45.786+0000] {logging_mixin.py:154} INFO - [2025-03-06T14:12:45.786+0000] {dagbag.py:536} INFO - Filling up the DagBag from /home/airflow/.local/lib/python3.8/site-packages/airflow/example_dags/example_latest_only.py
[2025-03-06T14:12:45.789+0000] {processor.py:839} INFO - DAG(s) dict_keys(['latest_only']) retrieved from /home/airflow/.local/lib/python3.8/site-packages/airflow/example_dags/example_latest_only.py
[2025-03-06T14:12:45.798+0000] {logging_mixin.py:154} INFO - [2025-03-06T14:12:45.798+0000] {dag.py:2941} INFO - Sync 1 DAGs
[2025-03-06T14:12:45.807+0000] {logging_mixin.py:154} INFO - [2025-03-06T14:12:45.807+0000] {dag.py:3722} INFO - Setting next_dagrun for latest_only to 2025-03-06T10:12:45.807198+00:00, run_after=2025-03-06T14:12:45.807198+00:00
[2025-03-06T14:12:45.816+0000] {processor.py:179} INFO - Processing /home/airflow/.local/lib/python3.8/site-packages/airflow/example_dags/example_latest_only.py took 0.035 seconds
[2025-03-06T14:13:16.319+0000] {processor.py:157} INFO - Started process (PID=24221) to work on /home/airflow/.local/lib/python3.8/site-packages/airflow/example_dags/example_latest_only.py
[2025-03-06T14:13:16.319+0000] {processor.py:829} INFO - Processing file /home/airflow/.local/lib/python3.8/site-packages/airflow/example_dags/example_latest_only.py for tasks to queue
[2025-03-06T14:13:16.320+0000] {logging_mixin.py:154} INFO - [2025-03-06T14:13:16.320+0000] {dagbag.py:536} INFO - Filling up the DagBag from /home/airflow/.local/lib/python3.8/site-packages/airflow/example_dags/example_latest_only.py
[2025-03-06T14:13:16.322+0000] {processor.py:839} INFO - DAG(s) dict_keys(['latest_only']) retrieved from /home/airflow/.local/lib/python3.8/site-packages/airflow/example_dags/example_latest_only.py
[2025-03-06T14:13:16.332+0000] {logging_mixin.py:154} INFO - [2025-03-06T14:13:16.332+0000] {dag.py:2941} INFO - Sync 1 DAGs
[2025-03-06T14:13:16.340+0000] {logging_mixin.py:154} INFO - [2025-03-06T14:13:16.340+0000] {dag.py:3722} INFO - Setting next_dagrun for latest_only to 2025-03-06T10:13:16.340638+00:00, run_after=2025-03-06T14:13:16.340638+00:00
[2025-03-06T14:13:16.351+0000] {processor.py:179} INFO - Processing /home/airflow/.local/lib/python3.8/site-packages/airflow/example_dags/example_latest_only.py took 0.033 seconds
[2025-03-06T14:13:46.889+0000] {processor.py:157} INFO - Started process (PID=24277) to work on /home/airflow/.local/lib/python3.8/site-packages/airflow/example_dags/example_latest_only.py
[2025-03-06T14:13:46.890+0000] {processor.py:829} INFO - Processing file /home/airflow/.local/lib/python3.8/site-packages/airflow/example_dags/example_latest_only.py for tasks to queue
[2025-03-06T14:13:46.890+0000] {logging_mixin.py:154} INFO - [2025-03-06T14:13:46.890+0000] {dagbag.py:536} INFO - Filling up the DagBag from /home/airflow/.local/lib/python3.8/site-packages/airflow/example_dags/example_latest_only.py
[2025-03-06T14:13:46.893+0000] {processor.py:839} INFO - DAG(s) dict_keys(['latest_only']) retrieved from /home/airflow/.local/lib/python3.8/site-packages/airflow/example_dags/example_latest_only.py
[2025-03-06T14:13:46.903+0000] {logging_mixin.py:154} INFO - [2025-03-06T14:13:46.903+0000] {dag.py:2941} INFO - Sync 1 DAGs
[2025-03-06T14:13:46.911+0000] {logging_mixin.py:154} INFO - [2025-03-06T14:13:46.911+0000] {dag.py:3722} INFO - Setting next_dagrun for latest_only to 2025-03-06T10:13:46.911246+00:00, run_after=2025-03-06T14:13:46.911246+00:00
[2025-03-06T14:13:46.922+0000] {processor.py:179} INFO - Processing /home/airflow/.local/lib/python3.8/site-packages/airflow/example_dags/example_latest_only.py took 0.034 seconds
[2025-03-06T14:14:17.239+0000] {processor.py:157} INFO - Started process (PID=24333) to work on /home/airflow/.local/lib/python3.8/site-packages/airflow/example_dags/example_latest_only.py
[2025-03-06T14:14:17.240+0000] {processor.py:829} INFO - Processing file /home/airflow/.local/lib/python3.8/site-packages/airflow/example_dags/example_latest_only.py for tasks to queue
[2025-03-06T14:14:17.240+0000] {logging_mixin.py:154} INFO - [2025-03-06T14:14:17.240+0000] {dagbag.py:536} INFO - Filling up the DagBag from /home/airflow/.local/lib/python3.8/site-packages/airflow/example_dags/example_latest_only.py
[2025-03-06T14:14:17.243+0000] {processor.py:839} INFO - DAG(s) dict_keys(['latest_only']) retrieved from /home/airflow/.local/lib/python3.8/site-packages/airflow/example_dags/example_latest_only.py
[2025-03-06T14:14:17.254+0000] {logging_mixin.py:154} INFO - [2025-03-06T14:14:17.254+0000] {dag.py:2941} INFO - Sync 1 DAGs
[2025-03-06T14:14:17.262+0000] {logging_mixin.py:154} INFO - [2025-03-06T14:14:17.262+0000] {dag.py:3722} INFO - Setting next_dagrun for latest_only to 2025-03-06T10:14:17.262776+00:00, run_after=2025-03-06T14:14:17.262776+00:00
[2025-03-06T14:14:17.271+0000] {processor.py:179} INFO - Processing /home/airflow/.local/lib/python3.8/site-packages/airflow/example_dags/example_latest_only.py took 0.034 seconds
[2025-03-06T14:14:47.828+0000] {processor.py:157} INFO - Started process (PID=24389) to work on /home/airflow/.local/lib/python3.8/site-packages/airflow/example_dags/example_latest_only.py
[2025-03-06T14:14:47.828+0000] {processor.py:829} INFO - Processing file /home/airflow/.local/lib/python3.8/site-packages/airflow/example_dags/example_latest_only.py for tasks to queue
[2025-03-06T14:14:47.828+0000] {logging_mixin.py:154} INFO - [2025-03-06T14:14:47.828+0000] {dagbag.py:536} INFO - Filling up the DagBag from /home/airflow/.local/lib/python3.8/site-packages/airflow/example_dags/example_latest_only.py
[2025-03-06T14:14:47.831+0000] {processor.py:839} INFO - DAG(s) dict_keys(['latest_only']) retrieved from /home/airflow/.local/lib/python3.8/site-packages/airflow/example_dags/example_latest_only.py
[2025-03-06T14:14:47.840+0000] {logging_mixin.py:154} INFO - [2025-03-06T14:14:47.840+0000] {dag.py:2941} INFO - Sync 1 DAGs
[2025-03-06T14:14:47.850+0000] {logging_mixin.py:154} INFO - [2025-03-06T14:14:47.850+0000] {dag.py:3722} INFO - Setting next_dagrun for latest_only to 2025-03-06T10:14:47.850050+00:00, run_after=2025-03-06T14:14:47.850050+00:00
[2025-03-06T14:14:47.857+0000] {processor.py:179} INFO - Processing /home/airflow/.local/lib/python3.8/site-packages/airflow/example_dags/example_latest_only.py took 0.031 seconds
[2025-03-06T14:15:18.312+0000] {processor.py:157} INFO - Started process (PID=24445) to work on /home/airflow/.local/lib/python3.8/site-packages/airflow/example_dags/example_latest_only.py
[2025-03-06T14:15:18.313+0000] {processor.py:829} INFO - Processing file /home/airflow/.local/lib/python3.8/site-packages/airflow/example_dags/example_latest_only.py for tasks to queue
[2025-03-06T14:15:18.313+0000] {logging_mixin.py:154} INFO - [2025-03-06T14:15:18.313+0000] {dagbag.py:536} INFO - Filling up the DagBag from /home/airflow/.local/lib/python3.8/site-packages/airflow/example_dags/example_latest_only.py
[2025-03-06T14:15:18.317+0000] {processor.py:839} INFO - DAG(s) dict_keys(['latest_only']) retrieved from /home/airflow/.local/lib/python3.8/site-packages/airflow/example_dags/example_latest_only.py
[2025-03-06T14:15:18.327+0000] {logging_mixin.py:154} INFO - [2025-03-06T14:15:18.327+0000] {dag.py:2941} INFO - Sync 1 DAGs
[2025-03-06T14:15:18.335+0000] {logging_mixin.py:154} INFO - [2025-03-06T14:15:18.334+0000] {dag.py:3722} INFO - Setting next_dagrun for latest_only to 2025-03-06T10:15:18.334865+00:00, run_after=2025-03-06T14:15:18.334865+00:00
[2025-03-06T14:15:18.341+0000] {processor.py:179} INFO - Processing /home/airflow/.local/lib/python3.8/site-packages/airflow/example_dags/example_latest_only.py took 0.031 seconds
[2025-03-06T14:15:48.839+0000] {processor.py:157} INFO - Started process (PID=24501) to work on /home/airflow/.local/lib/python3.8/site-packages/airflow/example_dags/example_latest_only.py
[2025-03-06T14:15:48.839+0000] {processor.py:829} INFO - Processing file /home/airflow/.local/lib/python3.8/site-packages/airflow/example_dags/example_latest_only.py for tasks to queue
[2025-03-06T14:15:48.839+0000] {logging_mixin.py:154} INFO - [2025-03-06T14:15:48.839+0000] {dagbag.py:536} INFO - Filling up the DagBag from /home/airflow/.local/lib/python3.8/site-packages/airflow/example_dags/example_latest_only.py
[2025-03-06T14:15:48.842+0000] {processor.py:839} INFO - DAG(s) dict_keys(['latest_only']) retrieved from /home/airflow/.local/lib/python3.8/site-packages/airflow/example_dags/example_latest_only.py
[2025-03-06T14:15:48.850+0000] {logging_mixin.py:154} INFO - [2025-03-06T14:15:48.850+0000] {dag.py:2941} INFO - Sync 1 DAGs
[2025-03-06T14:15:48.857+0000] {logging_mixin.py:154} INFO - [2025-03-06T14:15:48.857+0000] {dag.py:3722} INFO - Setting next_dagrun for latest_only to 2025-03-06T10:15:48.857834+00:00, run_after=2025-03-06T14:15:48.857834+00:00
[2025-03-06T14:15:48.863+0000] {processor.py:179} INFO - Processing /home/airflow/.local/lib/python3.8/site-packages/airflow/example_dags/example_latest_only.py took 0.026 seconds
[2025-03-06T14:16:19.344+0000] {processor.py:157} INFO - Started process (PID=24557) to work on /home/airflow/.local/lib/python3.8/site-packages/airflow/example_dags/example_latest_only.py
[2025-03-06T14:16:19.345+0000] {processor.py:829} INFO - Processing file /home/airflow/.local/lib/python3.8/site-packages/airflow/example_dags/example_latest_only.py for tasks to queue
[2025-03-06T14:16:19.346+0000] {logging_mixin.py:154} INFO - [2025-03-06T14:16:19.346+0000] {dagbag.py:536} INFO - Filling up the DagBag from /home/airflow/.local/lib/python3.8/site-packages/airflow/example_dags/example_latest_only.py
[2025-03-06T14:16:19.350+0000] {processor.py:839} INFO - DAG(s) dict_keys(['latest_only']) retrieved from /home/airflow/.local/lib/python3.8/site-packages/airflow/example_dags/example_latest_only.py
[2025-03-06T14:16:19.360+0000] {logging_mixin.py:154} INFO - [2025-03-06T14:16:19.360+0000] {dag.py:2941} INFO - Sync 1 DAGs
[2025-03-06T14:16:19.370+0000] {logging_mixin.py:154} INFO - [2025-03-06T14:16:19.370+0000] {dag.py:3722} INFO - Setting next_dagrun for latest_only to 2025-03-06T10:16:19.369968+00:00, run_after=2025-03-06T14:16:19.369968+00:00
[2025-03-06T14:16:19.379+0000] {processor.py:179} INFO - Processing /home/airflow/.local/lib/python3.8/site-packages/airflow/example_dags/example_latest_only.py took 0.037 seconds
[2025-03-06T14:16:49.806+0000] {processor.py:157} INFO - Started process (PID=24613) to work on /home/airflow/.local/lib/python3.8/site-packages/airflow/example_dags/example_latest_only.py
[2025-03-06T14:16:49.806+0000] {processor.py:829} INFO - Processing file /home/airflow/.local/lib/python3.8/site-packages/airflow/example_dags/example_latest_only.py for tasks to queue
[2025-03-06T14:16:49.807+0000] {logging_mixin.py:154} INFO - [2025-03-06T14:16:49.807+0000] {dagbag.py:536} INFO - Filling up the DagBag from /home/airflow/.local/lib/python3.8/site-packages/airflow/example_dags/example_latest_only.py
[2025-03-06T14:16:49.809+0000] {processor.py:839} INFO - DAG(s) dict_keys(['latest_only']) retrieved from /home/airflow/.local/lib/python3.8/site-packages/airflow/example_dags/example_latest_only.py
[2025-03-06T14:16:49.820+0000] {logging_mixin.py:154} INFO - [2025-03-06T14:16:49.820+0000] {dag.py:2941} INFO - Sync 1 DAGs
[2025-03-06T14:16:49.829+0000] {logging_mixin.py:154} INFO - [2025-03-06T14:16:49.829+0000] {dag.py:3722} INFO - Setting next_dagrun for latest_only to 2025-03-06T10:16:49.829337+00:00, run_after=2025-03-06T14:16:49.829337+00:00
[2025-03-06T14:16:49.837+0000] {processor.py:179} INFO - Processing /home/airflow/.local/lib/python3.8/site-packages/airflow/example_dags/example_latest_only.py took 0.033 seconds
[2025-03-06T14:17:20.332+0000] {processor.py:157} INFO - Started process (PID=24669) to work on /home/airflow/.local/lib/python3.8/site-packages/airflow/example_dags/example_latest_only.py
[2025-03-06T14:17:20.332+0000] {processor.py:829} INFO - Processing file /home/airflow/.local/lib/python3.8/site-packages/airflow/example_dags/example_latest_only.py for tasks to queue
[2025-03-06T14:17:20.333+0000] {logging_mixin.py:154} INFO - [2025-03-06T14:17:20.333+0000] {dagbag.py:536} INFO - Filling up the DagBag from /home/airflow/.local/lib/python3.8/site-packages/airflow/example_dags/example_latest_only.py
[2025-03-06T14:17:20.335+0000] {processor.py:839} INFO - DAG(s) dict_keys(['latest_only']) retrieved from /home/airflow/.local/lib/python3.8/site-packages/airflow/example_dags/example_latest_only.py
[2025-03-06T14:17:20.345+0000] {logging_mixin.py:154} INFO - [2025-03-06T14:17:20.345+0000] {dag.py:2941} INFO - Sync 1 DAGs
[2025-03-06T14:17:20.354+0000] {logging_mixin.py:154} INFO - [2025-03-06T14:17:20.354+0000] {dag.py:3722} INFO - Setting next_dagrun for latest_only to 2025-03-06T10:17:20.354216+00:00, run_after=2025-03-06T14:17:20.354216+00:00
[2025-03-06T14:17:20.364+0000] {processor.py:179} INFO - Processing /home/airflow/.local/lib/python3.8/site-packages/airflow/example_dags/example_latest_only.py took 0.033 seconds
[2025-03-06T14:17:50.827+0000] {processor.py:157} INFO - Started process (PID=24725) to work on /home/airflow/.local/lib/python3.8/site-packages/airflow/example_dags/example_latest_only.py
[2025-03-06T14:17:50.828+0000] {processor.py:829} INFO - Processing file /home/airflow/.local/lib/python3.8/site-packages/airflow/example_dags/example_latest_only.py for tasks to queue
[2025-03-06T14:17:50.828+0000] {logging_mixin.py:154} INFO - [2025-03-06T14:17:50.828+0000] {dagbag.py:536} INFO - Filling up the DagBag from /home/airflow/.local/lib/python3.8/site-packages/airflow/example_dags/example_latest_only.py
[2025-03-06T14:17:50.831+0000] {processor.py:839} INFO - DAG(s) dict_keys(['latest_only']) retrieved from /home/airflow/.local/lib/python3.8/site-packages/airflow/example_dags/example_latest_only.py
[2025-03-06T14:17:50.840+0000] {logging_mixin.py:154} INFO - [2025-03-06T14:17:50.840+0000] {dag.py:2941} INFO - Sync 1 DAGs
[2025-03-06T14:17:50.849+0000] {logging_mixin.py:154} INFO - [2025-03-06T14:17:50.849+0000] {dag.py:3722} INFO - Setting next_dagrun for latest_only to 2025-03-06T10:17:50.849423+00:00, run_after=2025-03-06T14:17:50.849423+00:00
[2025-03-06T14:17:50.858+0000] {processor.py:179} INFO - Processing /home/airflow/.local/lib/python3.8/site-packages/airflow/example_dags/example_latest_only.py took 0.032 seconds
[2025-03-06T14:18:21.307+0000] {processor.py:157} INFO - Started process (PID=24781) to work on /home/airflow/.local/lib/python3.8/site-packages/airflow/example_dags/example_latest_only.py
[2025-03-06T14:18:21.309+0000] {processor.py:829} INFO - Processing file /home/airflow/.local/lib/python3.8/site-packages/airflow/example_dags/example_latest_only.py for tasks to queue
[2025-03-06T14:18:21.310+0000] {logging_mixin.py:154} INFO - [2025-03-06T14:18:21.310+0000] {dagbag.py:536} INFO - Filling up the DagBag from /home/airflow/.local/lib/python3.8/site-packages/airflow/example_dags/example_latest_only.py
[2025-03-06T14:18:21.314+0000] {processor.py:839} INFO - DAG(s) dict_keys(['latest_only']) retrieved from /home/airflow/.local/lib/python3.8/site-packages/airflow/example_dags/example_latest_only.py
[2025-03-06T14:18:21.323+0000] {logging_mixin.py:154} INFO - [2025-03-06T14:18:21.323+0000] {dag.py:2941} INFO - Sync 1 DAGs
[2025-03-06T14:18:21.331+0000] {logging_mixin.py:154} INFO - [2025-03-06T14:18:21.331+0000] {dag.py:3722} INFO - Setting next_dagrun for latest_only to 2025-03-06T10:18:21.331636+00:00, run_after=2025-03-06T14:18:21.331636+00:00
[2025-03-06T14:18:21.338+0000] {processor.py:179} INFO - Processing /home/airflow/.local/lib/python3.8/site-packages/airflow/example_dags/example_latest_only.py took 0.032 seconds
[2025-03-06T14:18:51.869+0000] {processor.py:157} INFO - Started process (PID=24837) to work on /home/airflow/.local/lib/python3.8/site-packages/airflow/example_dags/example_latest_only.py
[2025-03-06T14:18:51.870+0000] {processor.py:829} INFO - Processing file /home/airflow/.local/lib/python3.8/site-packages/airflow/example_dags/example_latest_only.py for tasks to queue
[2025-03-06T14:18:51.870+0000] {logging_mixin.py:154} INFO - [2025-03-06T14:18:51.870+0000] {dagbag.py:536} INFO - Filling up the DagBag from /home/airflow/.local/lib/python3.8/site-packages/airflow/example_dags/example_latest_only.py
[2025-03-06T14:18:51.873+0000] {processor.py:839} INFO - DAG(s) dict_keys(['latest_only']) retrieved from /home/airflow/.local/lib/python3.8/site-packages/airflow/example_dags/example_latest_only.py
[2025-03-06T14:18:51.883+0000] {logging_mixin.py:154} INFO - [2025-03-06T14:18:51.882+0000] {dag.py:2941} INFO - Sync 1 DAGs
[2025-03-06T14:18:51.891+0000] {logging_mixin.py:154} INFO - [2025-03-06T14:18:51.891+0000] {dag.py:3722} INFO - Setting next_dagrun for latest_only to 2025-03-06T10:18:51.891417+00:00, run_after=2025-03-06T14:18:51.891417+00:00
[2025-03-06T14:18:51.900+0000] {processor.py:179} INFO - Processing /home/airflow/.local/lib/python3.8/site-packages/airflow/example_dags/example_latest_only.py took 0.032 seconds
[2025-03-06T14:19:22.307+0000] {processor.py:157} INFO - Started process (PID=24893) to work on /home/airflow/.local/lib/python3.8/site-packages/airflow/example_dags/example_latest_only.py
[2025-03-06T14:19:22.308+0000] {processor.py:829} INFO - Processing file /home/airflow/.local/lib/python3.8/site-packages/airflow/example_dags/example_latest_only.py for tasks to queue
[2025-03-06T14:19:22.309+0000] {logging_mixin.py:154} INFO - [2025-03-06T14:19:22.308+0000] {dagbag.py:536} INFO - Filling up the DagBag from /home/airflow/.local/lib/python3.8/site-packages/airflow/example_dags/example_latest_only.py
[2025-03-06T14:19:22.311+0000] {processor.py:839} INFO - DAG(s) dict_keys(['latest_only']) retrieved from /home/airflow/.local/lib/python3.8/site-packages/airflow/example_dags/example_latest_only.py
[2025-03-06T14:19:22.321+0000] {logging_mixin.py:154} INFO - [2025-03-06T14:19:22.320+0000] {dag.py:2941} INFO - Sync 1 DAGs
[2025-03-06T14:19:22.329+0000] {logging_mixin.py:154} INFO - [2025-03-06T14:19:22.329+0000] {dag.py:3722} INFO - Setting next_dagrun for latest_only to 2025-03-06T10:19:22.329728+00:00, run_after=2025-03-06T14:19:22.329728+00:00
[2025-03-06T14:19:22.338+0000] {processor.py:179} INFO - Processing /home/airflow/.local/lib/python3.8/site-packages/airflow/example_dags/example_latest_only.py took 0.033 seconds
[2025-03-06T14:19:52.836+0000] {processor.py:157} INFO - Started process (PID=24949) to work on /home/airflow/.local/lib/python3.8/site-packages/airflow/example_dags/example_latest_only.py
[2025-03-06T14:19:52.837+0000] {processor.py:829} INFO - Processing file /home/airflow/.local/lib/python3.8/site-packages/airflow/example_dags/example_latest_only.py for tasks to queue
[2025-03-06T14:19:52.837+0000] {logging_mixin.py:154} INFO - [2025-03-06T14:19:52.837+0000] {dagbag.py:536} INFO - Filling up the DagBag from /home/airflow/.local/lib/python3.8/site-packages/airflow/example_dags/example_latest_only.py
[2025-03-06T14:19:52.840+0000] {processor.py:839} INFO - DAG(s) dict_keys(['latest_only']) retrieved from /home/airflow/.local/lib/python3.8/site-packages/airflow/example_dags/example_latest_only.py
[2025-03-06T14:19:52.851+0000] {logging_mixin.py:154} INFO - [2025-03-06T14:19:52.851+0000] {dag.py:2941} INFO - Sync 1 DAGs
[2025-03-06T14:19:52.859+0000] {logging_mixin.py:154} INFO - [2025-03-06T14:19:52.859+0000] {dag.py:3722} INFO - Setting next_dagrun for latest_only to 2025-03-06T10:19:52.859802+00:00, run_after=2025-03-06T14:19:52.859802+00:00
[2025-03-06T14:19:52.868+0000] {processor.py:179} INFO - Processing /home/airflow/.local/lib/python3.8/site-packages/airflow/example_dags/example_latest_only.py took 0.033 seconds
[2025-03-06T14:20:23.314+0000] {processor.py:157} INFO - Started process (PID=25005) to work on /home/airflow/.local/lib/python3.8/site-packages/airflow/example_dags/example_latest_only.py
[2025-03-06T14:20:23.314+0000] {processor.py:829} INFO - Processing file /home/airflow/.local/lib/python3.8/site-packages/airflow/example_dags/example_latest_only.py for tasks to queue
[2025-03-06T14:20:23.315+0000] {logging_mixin.py:154} INFO - [2025-03-06T14:20:23.315+0000] {dagbag.py:536} INFO - Filling up the DagBag from /home/airflow/.local/lib/python3.8/site-packages/airflow/example_dags/example_latest_only.py
[2025-03-06T14:20:23.317+0000] {processor.py:839} INFO - DAG(s) dict_keys(['latest_only']) retrieved from /home/airflow/.local/lib/python3.8/site-packages/airflow/example_dags/example_latest_only.py
[2025-03-06T14:20:23.327+0000] {logging_mixin.py:154} INFO - [2025-03-06T14:20:23.326+0000] {dag.py:2941} INFO - Sync 1 DAGs
[2025-03-06T14:20:23.335+0000] {logging_mixin.py:154} INFO - [2025-03-06T14:20:23.335+0000] {dag.py:3722} INFO - Setting next_dagrun for latest_only to 2025-03-06T10:20:23.335413+00:00, run_after=2025-03-06T14:20:23.335413+00:00
[2025-03-06T14:20:23.343+0000] {processor.py:179} INFO - Processing /home/airflow/.local/lib/python3.8/site-packages/airflow/example_dags/example_latest_only.py took 0.031 seconds
[2025-03-06T14:20:53.834+0000] {processor.py:157} INFO - Started process (PID=25060) to work on /home/airflow/.local/lib/python3.8/site-packages/airflow/example_dags/example_latest_only.py
[2025-03-06T14:20:53.834+0000] {processor.py:829} INFO - Processing file /home/airflow/.local/lib/python3.8/site-packages/airflow/example_dags/example_latest_only.py for tasks to queue
[2025-03-06T14:20:53.835+0000] {logging_mixin.py:154} INFO - [2025-03-06T14:20:53.835+0000] {dagbag.py:536} INFO - Filling up the DagBag from /home/airflow/.local/lib/python3.8/site-packages/airflow/example_dags/example_latest_only.py
[2025-03-06T14:20:53.838+0000] {processor.py:839} INFO - DAG(s) dict_keys(['latest_only']) retrieved from /home/airflow/.local/lib/python3.8/site-packages/airflow/example_dags/example_latest_only.py
[2025-03-06T14:20:53.847+0000] {logging_mixin.py:154} INFO - [2025-03-06T14:20:53.846+0000] {dag.py:2941} INFO - Sync 1 DAGs
[2025-03-06T14:20:53.856+0000] {logging_mixin.py:154} INFO - [2025-03-06T14:20:53.856+0000] {dag.py:3722} INFO - Setting next_dagrun for latest_only to 2025-03-06T10:20:53.856231+00:00, run_after=2025-03-06T14:20:53.856231+00:00
[2025-03-06T14:20:53.864+0000] {processor.py:179} INFO - Processing /home/airflow/.local/lib/python3.8/site-packages/airflow/example_dags/example_latest_only.py took 0.031 seconds
[2025-03-06T14:21:24.407+0000] {processor.py:157} INFO - Started process (PID=25116) to work on /home/airflow/.local/lib/python3.8/site-packages/airflow/example_dags/example_latest_only.py
[2025-03-06T14:21:24.408+0000] {processor.py:829} INFO - Processing file /home/airflow/.local/lib/python3.8/site-packages/airflow/example_dags/example_latest_only.py for tasks to queue
[2025-03-06T14:21:24.408+0000] {logging_mixin.py:154} INFO - [2025-03-06T14:21:24.408+0000] {dagbag.py:536} INFO - Filling up the DagBag from /home/airflow/.local/lib/python3.8/site-packages/airflow/example_dags/example_latest_only.py
[2025-03-06T14:21:24.414+0000] {processor.py:839} INFO - DAG(s) dict_keys(['latest_only']) retrieved from /home/airflow/.local/lib/python3.8/site-packages/airflow/example_dags/example_latest_only.py
[2025-03-06T14:21:24.423+0000] {logging_mixin.py:154} INFO - [2025-03-06T14:21:24.423+0000] {dag.py:2941} INFO - Sync 1 DAGs
[2025-03-06T14:21:24.431+0000] {logging_mixin.py:154} INFO - [2025-03-06T14:21:24.431+0000] {dag.py:3722} INFO - Setting next_dagrun for latest_only to 2025-03-06T10:21:24.431667+00:00, run_after=2025-03-06T14:21:24.431667+00:00
[2025-03-06T14:21:24.439+0000] {processor.py:179} INFO - Processing /home/airflow/.local/lib/python3.8/site-packages/airflow/example_dags/example_latest_only.py took 0.034 seconds
[2025-03-06T14:21:54.904+0000] {processor.py:157} INFO - Started process (PID=25172) to work on /home/airflow/.local/lib/python3.8/site-packages/airflow/example_dags/example_latest_only.py
[2025-03-06T14:21:54.905+0000] {processor.py:829} INFO - Processing file /home/airflow/.local/lib/python3.8/site-packages/airflow/example_dags/example_latest_only.py for tasks to queue
[2025-03-06T14:21:54.906+0000] {logging_mixin.py:154} INFO - [2025-03-06T14:21:54.906+0000] {dagbag.py:536} INFO - Filling up the DagBag from /home/airflow/.local/lib/python3.8/site-packages/airflow/example_dags/example_latest_only.py
[2025-03-06T14:21:54.909+0000] {processor.py:839} INFO - DAG(s) dict_keys(['latest_only']) retrieved from /home/airflow/.local/lib/python3.8/site-packages/airflow/example_dags/example_latest_only.py
[2025-03-06T14:21:54.918+0000] {logging_mixin.py:154} INFO - [2025-03-06T14:21:54.917+0000] {dag.py:2941} INFO - Sync 1 DAGs
[2025-03-06T14:21:54.926+0000] {logging_mixin.py:154} INFO - [2025-03-06T14:21:54.926+0000] {dag.py:3722} INFO - Setting next_dagrun for latest_only to 2025-03-06T10:21:54.926414+00:00, run_after=2025-03-06T14:21:54.926414+00:00
[2025-03-06T14:21:54.936+0000] {processor.py:179} INFO - Processing /home/airflow/.local/lib/python3.8/site-packages/airflow/example_dags/example_latest_only.py took 0.033 seconds
[2025-03-06T14:22:25.367+0000] {processor.py:157} INFO - Started process (PID=25228) to work on /home/airflow/.local/lib/python3.8/site-packages/airflow/example_dags/example_latest_only.py
[2025-03-06T14:22:25.367+0000] {processor.py:829} INFO - Processing file /home/airflow/.local/lib/python3.8/site-packages/airflow/example_dags/example_latest_only.py for tasks to queue
[2025-03-06T14:22:25.370+0000] {logging_mixin.py:154} INFO - [2025-03-06T14:22:25.370+0000] {dagbag.py:536} INFO - Filling up the DagBag from /home/airflow/.local/lib/python3.8/site-packages/airflow/example_dags/example_latest_only.py
[2025-03-06T14:22:25.373+0000] {processor.py:839} INFO - DAG(s) dict_keys(['latest_only']) retrieved from /home/airflow/.local/lib/python3.8/site-packages/airflow/example_dags/example_latest_only.py
[2025-03-06T14:22:25.383+0000] {logging_mixin.py:154} INFO - [2025-03-06T14:22:25.383+0000] {dag.py:2941} INFO - Sync 1 DAGs
[2025-03-06T14:22:25.391+0000] {logging_mixin.py:154} INFO - [2025-03-06T14:22:25.391+0000] {dag.py:3722} INFO - Setting next_dagrun for latest_only to 2025-03-06T10:22:25.391814+00:00, run_after=2025-03-06T14:22:25.391814+00:00
[2025-03-06T14:22:25.400+0000] {processor.py:179} INFO - Processing /home/airflow/.local/lib/python3.8/site-packages/airflow/example_dags/example_latest_only.py took 0.035 seconds
[2025-03-06T14:22:55.814+0000] {processor.py:157} INFO - Started process (PID=25284) to work on /home/airflow/.local/lib/python3.8/site-packages/airflow/example_dags/example_latest_only.py
[2025-03-06T14:22:55.815+0000] {processor.py:829} INFO - Processing file /home/airflow/.local/lib/python3.8/site-packages/airflow/example_dags/example_latest_only.py for tasks to queue
[2025-03-06T14:22:55.815+0000] {logging_mixin.py:154} INFO - [2025-03-06T14:22:55.815+0000] {dagbag.py:536} INFO - Filling up the DagBag from /home/airflow/.local/lib/python3.8/site-packages/airflow/example_dags/example_latest_only.py
[2025-03-06T14:22:55.819+0000] {processor.py:839} INFO - DAG(s) dict_keys(['latest_only']) retrieved from /home/airflow/.local/lib/python3.8/site-packages/airflow/example_dags/example_latest_only.py
[2025-03-06T14:22:55.827+0000] {logging_mixin.py:154} INFO - [2025-03-06T14:22:55.827+0000] {dag.py:2941} INFO - Sync 1 DAGs
[2025-03-06T14:22:55.835+0000] {logging_mixin.py:154} INFO - [2025-03-06T14:22:55.835+0000] {dag.py:3722} INFO - Setting next_dagrun for latest_only to 2025-03-06T10:22:55.835489+00:00, run_after=2025-03-06T14:22:55.835489+00:00
[2025-03-06T14:22:55.844+0000] {processor.py:179} INFO - Processing /home/airflow/.local/lib/python3.8/site-packages/airflow/example_dags/example_latest_only.py took 0.031 seconds
[2025-03-06T14:23:26.332+0000] {processor.py:157} INFO - Started process (PID=25340) to work on /home/airflow/.local/lib/python3.8/site-packages/airflow/example_dags/example_latest_only.py
[2025-03-06T14:23:26.333+0000] {processor.py:829} INFO - Processing file /home/airflow/.local/lib/python3.8/site-packages/airflow/example_dags/example_latest_only.py for tasks to queue
[2025-03-06T14:23:26.334+0000] {logging_mixin.py:154} INFO - [2025-03-06T14:23:26.334+0000] {dagbag.py:536} INFO - Filling up the DagBag from /home/airflow/.local/lib/python3.8/site-packages/airflow/example_dags/example_latest_only.py
[2025-03-06T14:23:26.337+0000] {processor.py:839} INFO - DAG(s) dict_keys(['latest_only']) retrieved from /home/airflow/.local/lib/python3.8/site-packages/airflow/example_dags/example_latest_only.py
[2025-03-06T14:23:26.347+0000] {logging_mixin.py:154} INFO - [2025-03-06T14:23:26.347+0000] {dag.py:2941} INFO - Sync 1 DAGs
[2025-03-06T14:23:26.356+0000] {logging_mixin.py:154} INFO - [2025-03-06T14:23:26.356+0000] {dag.py:3722} INFO - Setting next_dagrun for latest_only to 2025-03-06T10:23:26.355955+00:00, run_after=2025-03-06T14:23:26.355955+00:00
[2025-03-06T14:23:26.362+0000] {processor.py:179} INFO - Processing /home/airflow/.local/lib/python3.8/site-packages/airflow/example_dags/example_latest_only.py took 0.031 seconds
[2025-03-06T14:23:56.878+0000] {processor.py:157} INFO - Started process (PID=25396) to work on /home/airflow/.local/lib/python3.8/site-packages/airflow/example_dags/example_latest_only.py
[2025-03-06T14:23:56.880+0000] {processor.py:829} INFO - Processing file /home/airflow/.local/lib/python3.8/site-packages/airflow/example_dags/example_latest_only.py for tasks to queue
[2025-03-06T14:23:56.881+0000] {logging_mixin.py:154} INFO - [2025-03-06T14:23:56.881+0000] {dagbag.py:536} INFO - Filling up the DagBag from /home/airflow/.local/lib/python3.8/site-packages/airflow/example_dags/example_latest_only.py
[2025-03-06T14:23:56.886+0000] {processor.py:839} INFO - DAG(s) dict_keys(['latest_only']) retrieved from /home/airflow/.local/lib/python3.8/site-packages/airflow/example_dags/example_latest_only.py
[2025-03-06T14:23:56.897+0000] {logging_mixin.py:154} INFO - [2025-03-06T14:23:56.897+0000] {dag.py:2941} INFO - Sync 1 DAGs
[2025-03-06T14:23:56.907+0000] {logging_mixin.py:154} INFO - [2025-03-06T14:23:56.907+0000] {dag.py:3722} INFO - Setting next_dagrun for latest_only to 2025-03-06T10:23:56.907107+00:00, run_after=2025-03-06T14:23:56.907107+00:00
[2025-03-06T14:23:56.916+0000] {processor.py:179} INFO - Processing /home/airflow/.local/lib/python3.8/site-packages/airflow/example_dags/example_latest_only.py took 0.039 seconds
[2025-03-06T14:24:27.376+0000] {processor.py:157} INFO - Started process (PID=25459) to work on /home/airflow/.local/lib/python3.8/site-packages/airflow/example_dags/example_latest_only.py
[2025-03-06T14:24:27.377+0000] {processor.py:829} INFO - Processing file /home/airflow/.local/lib/python3.8/site-packages/airflow/example_dags/example_latest_only.py for tasks to queue
[2025-03-06T14:24:27.378+0000] {logging_mixin.py:154} INFO - [2025-03-06T14:24:27.378+0000] {dagbag.py:536} INFO - Filling up the DagBag from /home/airflow/.local/lib/python3.8/site-packages/airflow/example_dags/example_latest_only.py
[2025-03-06T14:24:27.382+0000] {processor.py:839} INFO - DAG(s) dict_keys(['latest_only']) retrieved from /home/airflow/.local/lib/python3.8/site-packages/airflow/example_dags/example_latest_only.py
[2025-03-06T14:24:27.390+0000] {logging_mixin.py:154} INFO - [2025-03-06T14:24:27.390+0000] {dag.py:2941} INFO - Sync 1 DAGs
[2025-03-06T14:24:27.399+0000] {logging_mixin.py:154} INFO - [2025-03-06T14:24:27.399+0000] {dag.py:3722} INFO - Setting next_dagrun for latest_only to 2025-03-06T10:24:27.398997+00:00, run_after=2025-03-06T14:24:27.398997+00:00
[2025-03-06T14:24:27.407+0000] {processor.py:179} INFO - Processing /home/airflow/.local/lib/python3.8/site-packages/airflow/example_dags/example_latest_only.py took 0.032 seconds
[2025-03-06T14:24:57.974+0000] {processor.py:157} INFO - Started process (PID=25515) to work on /home/airflow/.local/lib/python3.8/site-packages/airflow/example_dags/example_latest_only.py
[2025-03-06T14:24:57.974+0000] {processor.py:829} INFO - Processing file /home/airflow/.local/lib/python3.8/site-packages/airflow/example_dags/example_latest_only.py for tasks to queue
[2025-03-06T14:24:57.975+0000] {logging_mixin.py:154} INFO - [2025-03-06T14:24:57.975+0000] {dagbag.py:536} INFO - Filling up the DagBag from /home/airflow/.local/lib/python3.8/site-packages/airflow/example_dags/example_latest_only.py
[2025-03-06T14:24:57.978+0000] {processor.py:839} INFO - DAG(s) dict_keys(['latest_only']) retrieved from /home/airflow/.local/lib/python3.8/site-packages/airflow/example_dags/example_latest_only.py
[2025-03-06T14:24:57.986+0000] {logging_mixin.py:154} INFO - [2025-03-06T14:24:57.985+0000] {dag.py:2941} INFO - Sync 1 DAGs
[2025-03-06T14:24:57.993+0000] {logging_mixin.py:154} INFO - [2025-03-06T14:24:57.993+0000] {dag.py:3722} INFO - Setting next_dagrun for latest_only to 2025-03-06T10:24:57.993585+00:00, run_after=2025-03-06T14:24:57.993585+00:00
[2025-03-06T14:24:57.999+0000] {processor.py:179} INFO - Processing /home/airflow/.local/lib/python3.8/site-packages/airflow/example_dags/example_latest_only.py took 0.027 seconds
[2025-03-06T14:25:28.521+0000] {processor.py:157} INFO - Started process (PID=25571) to work on /home/airflow/.local/lib/python3.8/site-packages/airflow/example_dags/example_latest_only.py
[2025-03-06T14:25:28.521+0000] {processor.py:829} INFO - Processing file /home/airflow/.local/lib/python3.8/site-packages/airflow/example_dags/example_latest_only.py for tasks to queue
[2025-03-06T14:25:28.522+0000] {logging_mixin.py:154} INFO - [2025-03-06T14:25:28.522+0000] {dagbag.py:536} INFO - Filling up the DagBag from /home/airflow/.local/lib/python3.8/site-packages/airflow/example_dags/example_latest_only.py
[2025-03-06T14:25:28.527+0000] {processor.py:839} INFO - DAG(s) dict_keys(['latest_only']) retrieved from /home/airflow/.local/lib/python3.8/site-packages/airflow/example_dags/example_latest_only.py
[2025-03-06T14:25:28.539+0000] {logging_mixin.py:154} INFO - [2025-03-06T14:25:28.538+0000] {dag.py:2941} INFO - Sync 1 DAGs
[2025-03-06T14:25:28.548+0000] {logging_mixin.py:154} INFO - [2025-03-06T14:25:28.548+0000] {dag.py:3722} INFO - Setting next_dagrun for latest_only to 2025-03-06T10:25:28.548110+00:00, run_after=2025-03-06T14:25:28.548110+00:00
[2025-03-06T14:25:28.554+0000] {processor.py:179} INFO - Processing /home/airflow/.local/lib/python3.8/site-packages/airflow/example_dags/example_latest_only.py took 0.034 seconds
[2025-03-06T14:25:59.119+0000] {processor.py:157} INFO - Started process (PID=25626) to work on /home/airflow/.local/lib/python3.8/site-packages/airflow/example_dags/example_latest_only.py
[2025-03-06T14:25:59.120+0000] {processor.py:829} INFO - Processing file /home/airflow/.local/lib/python3.8/site-packages/airflow/example_dags/example_latest_only.py for tasks to queue
[2025-03-06T14:25:59.121+0000] {logging_mixin.py:154} INFO - [2025-03-06T14:25:59.121+0000] {dagbag.py:536} INFO - Filling up the DagBag from /home/airflow/.local/lib/python3.8/site-packages/airflow/example_dags/example_latest_only.py
[2025-03-06T14:25:59.125+0000] {processor.py:839} INFO - DAG(s) dict_keys(['latest_only']) retrieved from /home/airflow/.local/lib/python3.8/site-packages/airflow/example_dags/example_latest_only.py
[2025-03-06T14:25:59.138+0000] {logging_mixin.py:154} INFO - [2025-03-06T14:25:59.138+0000] {dag.py:2941} INFO - Sync 1 DAGs
[2025-03-06T14:25:59.149+0000] {logging_mixin.py:154} INFO - [2025-03-06T14:25:59.149+0000] {dag.py:3722} INFO - Setting next_dagrun for latest_only to 2025-03-06T10:25:59.149592+00:00, run_after=2025-03-06T14:25:59.149592+00:00
[2025-03-06T14:25:59.158+0000] {processor.py:179} INFO - Processing /home/airflow/.local/lib/python3.8/site-packages/airflow/example_dags/example_latest_only.py took 0.041 seconds
[2025-03-06T14:26:29.674+0000] {processor.py:157} INFO - Started process (PID=25681) to work on /home/airflow/.local/lib/python3.8/site-packages/airflow/example_dags/example_latest_only.py
[2025-03-06T14:26:29.675+0000] {processor.py:829} INFO - Processing file /home/airflow/.local/lib/python3.8/site-packages/airflow/example_dags/example_latest_only.py for tasks to queue
[2025-03-06T14:26:29.676+0000] {logging_mixin.py:154} INFO - [2025-03-06T14:26:29.675+0000] {dagbag.py:536} INFO - Filling up the DagBag from /home/airflow/.local/lib/python3.8/site-packages/airflow/example_dags/example_latest_only.py
[2025-03-06T14:26:29.679+0000] {processor.py:839} INFO - DAG(s) dict_keys(['latest_only']) retrieved from /home/airflow/.local/lib/python3.8/site-packages/airflow/example_dags/example_latest_only.py
[2025-03-06T14:26:29.687+0000] {logging_mixin.py:154} INFO - [2025-03-06T14:26:29.687+0000] {dag.py:2941} INFO - Sync 1 DAGs
[2025-03-06T14:26:29.696+0000] {logging_mixin.py:154} INFO - [2025-03-06T14:26:29.696+0000] {dag.py:3722} INFO - Setting next_dagrun for latest_only to 2025-03-06T10:26:29.696342+00:00, run_after=2025-03-06T14:26:29.696342+00:00
[2025-03-06T14:26:29.703+0000] {processor.py:179} INFO - Processing /home/airflow/.local/lib/python3.8/site-packages/airflow/example_dags/example_latest_only.py took 0.031 seconds
[2025-03-06T14:27:00.279+0000] {processor.py:157} INFO - Started process (PID=25737) to work on /home/airflow/.local/lib/python3.8/site-packages/airflow/example_dags/example_latest_only.py
[2025-03-06T14:27:00.280+0000] {processor.py:829} INFO - Processing file /home/airflow/.local/lib/python3.8/site-packages/airflow/example_dags/example_latest_only.py for tasks to queue
[2025-03-06T14:27:00.280+0000] {logging_mixin.py:154} INFO - [2025-03-06T14:27:00.280+0000] {dagbag.py:536} INFO - Filling up the DagBag from /home/airflow/.local/lib/python3.8/site-packages/airflow/example_dags/example_latest_only.py
[2025-03-06T14:27:00.283+0000] {processor.py:839} INFO - DAG(s) dict_keys(['latest_only']) retrieved from /home/airflow/.local/lib/python3.8/site-packages/airflow/example_dags/example_latest_only.py
[2025-03-06T14:27:00.291+0000] {logging_mixin.py:154} INFO - [2025-03-06T14:27:00.290+0000] {dag.py:2941} INFO - Sync 1 DAGs
[2025-03-06T14:27:00.298+0000] {logging_mixin.py:154} INFO - [2025-03-06T14:27:00.298+0000] {dag.py:3722} INFO - Setting next_dagrun for latest_only to 2025-03-06T10:27:00.298523+00:00, run_after=2025-03-06T14:27:00.298523+00:00
[2025-03-06T14:27:00.304+0000] {processor.py:179} INFO - Processing /home/airflow/.local/lib/python3.8/site-packages/airflow/example_dags/example_latest_only.py took 0.026 seconds
[2025-03-06T14:27:30.857+0000] {processor.py:157} INFO - Started process (PID=25793) to work on /home/airflow/.local/lib/python3.8/site-packages/airflow/example_dags/example_latest_only.py
[2025-03-06T14:27:30.858+0000] {processor.py:829} INFO - Processing file /home/airflow/.local/lib/python3.8/site-packages/airflow/example_dags/example_latest_only.py for tasks to queue
[2025-03-06T14:27:30.858+0000] {logging_mixin.py:154} INFO - [2025-03-06T14:27:30.858+0000] {dagbag.py:536} INFO - Filling up the DagBag from /home/airflow/.local/lib/python3.8/site-packages/airflow/example_dags/example_latest_only.py
[2025-03-06T14:27:30.861+0000] {processor.py:839} INFO - DAG(s) dict_keys(['latest_only']) retrieved from /home/airflow/.local/lib/python3.8/site-packages/airflow/example_dags/example_latest_only.py
[2025-03-06T14:27:30.869+0000] {logging_mixin.py:154} INFO - [2025-03-06T14:27:30.868+0000] {dag.py:2941} INFO - Sync 1 DAGs
[2025-03-06T14:27:30.876+0000] {logging_mixin.py:154} INFO - [2025-03-06T14:27:30.876+0000] {dag.py:3722} INFO - Setting next_dagrun for latest_only to 2025-03-06T10:27:30.876294+00:00, run_after=2025-03-06T14:27:30.876294+00:00
[2025-03-06T14:27:30.882+0000] {processor.py:179} INFO - Processing /home/airflow/.local/lib/python3.8/site-packages/airflow/example_dags/example_latest_only.py took 0.026 seconds
[2025-03-06T14:28:01.344+0000] {processor.py:157} INFO - Started process (PID=25849) to work on /home/airflow/.local/lib/python3.8/site-packages/airflow/example_dags/example_latest_only.py
[2025-03-06T14:28:01.345+0000] {processor.py:829} INFO - Processing file /home/airflow/.local/lib/python3.8/site-packages/airflow/example_dags/example_latest_only.py for tasks to queue
[2025-03-06T14:28:01.345+0000] {logging_mixin.py:154} INFO - [2025-03-06T14:28:01.345+0000] {dagbag.py:536} INFO - Filling up the DagBag from /home/airflow/.local/lib/python3.8/site-packages/airflow/example_dags/example_latest_only.py
[2025-03-06T14:28:01.348+0000] {processor.py:839} INFO - DAG(s) dict_keys(['latest_only']) retrieved from /home/airflow/.local/lib/python3.8/site-packages/airflow/example_dags/example_latest_only.py
[2025-03-06T14:28:01.357+0000] {logging_mixin.py:154} INFO - [2025-03-06T14:28:01.357+0000] {dag.py:2941} INFO - Sync 1 DAGs
[2025-03-06T14:28:01.366+0000] {logging_mixin.py:154} INFO - [2025-03-06T14:28:01.366+0000] {dag.py:3722} INFO - Setting next_dagrun for latest_only to 2025-03-06T10:28:01.366056+00:00, run_after=2025-03-06T14:28:01.366056+00:00
[2025-03-06T14:28:01.373+0000] {processor.py:179} INFO - Processing /home/airflow/.local/lib/python3.8/site-packages/airflow/example_dags/example_latest_only.py took 0.030 seconds
[2025-03-06T14:28:31.864+0000] {processor.py:157} INFO - Started process (PID=25905) to work on /home/airflow/.local/lib/python3.8/site-packages/airflow/example_dags/example_latest_only.py
[2025-03-06T14:28:31.864+0000] {processor.py:829} INFO - Processing file /home/airflow/.local/lib/python3.8/site-packages/airflow/example_dags/example_latest_only.py for tasks to queue
[2025-03-06T14:28:31.865+0000] {logging_mixin.py:154} INFO - [2025-03-06T14:28:31.865+0000] {dagbag.py:536} INFO - Filling up the DagBag from /home/airflow/.local/lib/python3.8/site-packages/airflow/example_dags/example_latest_only.py
[2025-03-06T14:28:31.868+0000] {processor.py:839} INFO - DAG(s) dict_keys(['latest_only']) retrieved from /home/airflow/.local/lib/python3.8/site-packages/airflow/example_dags/example_latest_only.py
[2025-03-06T14:28:31.876+0000] {logging_mixin.py:154} INFO - [2025-03-06T14:28:31.875+0000] {dag.py:2941} INFO - Sync 1 DAGs
[2025-03-06T14:28:31.885+0000] {logging_mixin.py:154} INFO - [2025-03-06T14:28:31.885+0000] {dag.py:3722} INFO - Setting next_dagrun for latest_only to 2025-03-06T10:28:31.885484+00:00, run_after=2025-03-06T14:28:31.885484+00:00
[2025-03-06T14:28:31.893+0000] {processor.py:179} INFO - Processing /home/airflow/.local/lib/python3.8/site-packages/airflow/example_dags/example_latest_only.py took 0.031 seconds
[2025-03-06T14:29:02.411+0000] {processor.py:157} INFO - Started process (PID=25961) to work on /home/airflow/.local/lib/python3.8/site-packages/airflow/example_dags/example_latest_only.py
[2025-03-06T14:29:02.412+0000] {processor.py:829} INFO - Processing file /home/airflow/.local/lib/python3.8/site-packages/airflow/example_dags/example_latest_only.py for tasks to queue
[2025-03-06T14:29:02.412+0000] {logging_mixin.py:154} INFO - [2025-03-06T14:29:02.412+0000] {dagbag.py:536} INFO - Filling up the DagBag from /home/airflow/.local/lib/python3.8/site-packages/airflow/example_dags/example_latest_only.py
[2025-03-06T14:29:02.415+0000] {processor.py:839} INFO - DAG(s) dict_keys(['latest_only']) retrieved from /home/airflow/.local/lib/python3.8/site-packages/airflow/example_dags/example_latest_only.py
[2025-03-06T14:29:02.423+0000] {logging_mixin.py:154} INFO - [2025-03-06T14:29:02.423+0000] {dag.py:2941} INFO - Sync 1 DAGs
[2025-03-06T14:29:02.431+0000] {logging_mixin.py:154} INFO - [2025-03-06T14:29:02.431+0000] {dag.py:3722} INFO - Setting next_dagrun for latest_only to 2025-03-06T10:29:02.431722+00:00, run_after=2025-03-06T14:29:02.431722+00:00
[2025-03-06T14:29:02.439+0000] {processor.py:179} INFO - Processing /home/airflow/.local/lib/python3.8/site-packages/airflow/example_dags/example_latest_only.py took 0.030 seconds
[2025-03-06T14:29:32.856+0000] {processor.py:157} INFO - Started process (PID=26017) to work on /home/airflow/.local/lib/python3.8/site-packages/airflow/example_dags/example_latest_only.py
[2025-03-06T14:29:32.857+0000] {processor.py:829} INFO - Processing file /home/airflow/.local/lib/python3.8/site-packages/airflow/example_dags/example_latest_only.py for tasks to queue
[2025-03-06T14:29:32.859+0000] {logging_mixin.py:154} INFO - [2025-03-06T14:29:32.858+0000] {dagbag.py:536} INFO - Filling up the DagBag from /home/airflow/.local/lib/python3.8/site-packages/airflow/example_dags/example_latest_only.py
[2025-03-06T14:29:32.861+0000] {processor.py:839} INFO - DAG(s) dict_keys(['latest_only']) retrieved from /home/airflow/.local/lib/python3.8/site-packages/airflow/example_dags/example_latest_only.py
[2025-03-06T14:29:32.870+0000] {logging_mixin.py:154} INFO - [2025-03-06T14:29:32.870+0000] {dag.py:2941} INFO - Sync 1 DAGs
[2025-03-06T14:29:32.879+0000] {logging_mixin.py:154} INFO - [2025-03-06T14:29:32.878+0000] {dag.py:3722} INFO - Setting next_dagrun for latest_only to 2025-03-06T10:29:32.878839+00:00, run_after=2025-03-06T14:29:32.878839+00:00
[2025-03-06T14:29:32.888+0000] {processor.py:179} INFO - Processing /home/airflow/.local/lib/python3.8/site-packages/airflow/example_dags/example_latest_only.py took 0.034 seconds
[2025-03-06T14:30:03.304+0000] {processor.py:157} INFO - Started process (PID=26073) to work on /home/airflow/.local/lib/python3.8/site-packages/airflow/example_dags/example_latest_only.py
[2025-03-06T14:30:03.305+0000] {processor.py:829} INFO - Processing file /home/airflow/.local/lib/python3.8/site-packages/airflow/example_dags/example_latest_only.py for tasks to queue
[2025-03-06T14:30:03.305+0000] {logging_mixin.py:154} INFO - [2025-03-06T14:30:03.305+0000] {dagbag.py:536} INFO - Filling up the DagBag from /home/airflow/.local/lib/python3.8/site-packages/airflow/example_dags/example_latest_only.py
[2025-03-06T14:30:03.308+0000] {processor.py:839} INFO - DAG(s) dict_keys(['latest_only']) retrieved from /home/airflow/.local/lib/python3.8/site-packages/airflow/example_dags/example_latest_only.py
[2025-03-06T14:30:03.316+0000] {logging_mixin.py:154} INFO - [2025-03-06T14:30:03.316+0000] {dag.py:2941} INFO - Sync 1 DAGs
[2025-03-06T14:30:03.324+0000] {logging_mixin.py:154} INFO - [2025-03-06T14:30:03.324+0000] {dag.py:3722} INFO - Setting next_dagrun for latest_only to 2025-03-06T10:30:03.324230+00:00, run_after=2025-03-06T14:30:03.324230+00:00
[2025-03-06T14:30:03.332+0000] {processor.py:179} INFO - Processing /home/airflow/.local/lib/python3.8/site-packages/airflow/example_dags/example_latest_only.py took 0.029 seconds
[2025-03-06T14:30:33.767+0000] {processor.py:157} INFO - Started process (PID=26129) to work on /home/airflow/.local/lib/python3.8/site-packages/airflow/example_dags/example_latest_only.py
[2025-03-06T14:30:33.767+0000] {processor.py:829} INFO - Processing file /home/airflow/.local/lib/python3.8/site-packages/airflow/example_dags/example_latest_only.py for tasks to queue
[2025-03-06T14:30:33.767+0000] {logging_mixin.py:154} INFO - [2025-03-06T14:30:33.767+0000] {dagbag.py:536} INFO - Filling up the DagBag from /home/airflow/.local/lib/python3.8/site-packages/airflow/example_dags/example_latest_only.py
[2025-03-06T14:30:33.771+0000] {processor.py:839} INFO - DAG(s) dict_keys(['latest_only']) retrieved from /home/airflow/.local/lib/python3.8/site-packages/airflow/example_dags/example_latest_only.py
[2025-03-06T14:30:33.782+0000] {logging_mixin.py:154} INFO - [2025-03-06T14:30:33.782+0000] {dag.py:2941} INFO - Sync 1 DAGs
[2025-03-06T14:30:33.790+0000] {logging_mixin.py:154} INFO - [2025-03-06T14:30:33.790+0000] {dag.py:3722} INFO - Setting next_dagrun for latest_only to 2025-03-06T10:30:33.789985+00:00, run_after=2025-03-06T14:30:33.789985+00:00
[2025-03-06T14:30:33.799+0000] {processor.py:179} INFO - Processing /home/airflow/.local/lib/python3.8/site-packages/airflow/example_dags/example_latest_only.py took 0.034 seconds
[2025-03-06T14:31:04.223+0000] {processor.py:157} INFO - Started process (PID=26185) to work on /home/airflow/.local/lib/python3.8/site-packages/airflow/example_dags/example_latest_only.py
[2025-03-06T14:31:04.224+0000] {processor.py:829} INFO - Processing file /home/airflow/.local/lib/python3.8/site-packages/airflow/example_dags/example_latest_only.py for tasks to queue
[2025-03-06T14:31:04.226+0000] {logging_mixin.py:154} INFO - [2025-03-06T14:31:04.226+0000] {dagbag.py:536} INFO - Filling up the DagBag from /home/airflow/.local/lib/python3.8/site-packages/airflow/example_dags/example_latest_only.py
[2025-03-06T14:31:04.229+0000] {processor.py:839} INFO - DAG(s) dict_keys(['latest_only']) retrieved from /home/airflow/.local/lib/python3.8/site-packages/airflow/example_dags/example_latest_only.py
[2025-03-06T14:31:04.239+0000] {logging_mixin.py:154} INFO - [2025-03-06T14:31:04.239+0000] {dag.py:2941} INFO - Sync 1 DAGs
[2025-03-06T14:31:04.248+0000] {logging_mixin.py:154} INFO - [2025-03-06T14:31:04.248+0000] {dag.py:3722} INFO - Setting next_dagrun for latest_only to 2025-03-06T10:31:04.248423+00:00, run_after=2025-03-06T14:31:04.248423+00:00
[2025-03-06T14:31:04.254+0000] {processor.py:179} INFO - Processing /home/airflow/.local/lib/python3.8/site-packages/airflow/example_dags/example_latest_only.py took 0.033 seconds
[2025-03-06T14:31:34.727+0000] {processor.py:157} INFO - Started process (PID=26241) to work on /home/airflow/.local/lib/python3.8/site-packages/airflow/example_dags/example_latest_only.py
[2025-03-06T14:31:34.728+0000] {processor.py:829} INFO - Processing file /home/airflow/.local/lib/python3.8/site-packages/airflow/example_dags/example_latest_only.py for tasks to queue
[2025-03-06T14:31:34.728+0000] {logging_mixin.py:154} INFO - [2025-03-06T14:31:34.728+0000] {dagbag.py:536} INFO - Filling up the DagBag from /home/airflow/.local/lib/python3.8/site-packages/airflow/example_dags/example_latest_only.py
[2025-03-06T14:31:34.731+0000] {processor.py:839} INFO - DAG(s) dict_keys(['latest_only']) retrieved from /home/airflow/.local/lib/python3.8/site-packages/airflow/example_dags/example_latest_only.py
[2025-03-06T14:31:34.738+0000] {logging_mixin.py:154} INFO - [2025-03-06T14:31:34.738+0000] {dag.py:2941} INFO - Sync 1 DAGs
[2025-03-06T14:31:34.745+0000] {logging_mixin.py:154} INFO - [2025-03-06T14:31:34.745+0000] {dag.py:3722} INFO - Setting next_dagrun for latest_only to 2025-03-06T10:31:34.745754+00:00, run_after=2025-03-06T14:31:34.745754+00:00
[2025-03-06T14:31:34.751+0000] {processor.py:179} INFO - Processing /home/airflow/.local/lib/python3.8/site-packages/airflow/example_dags/example_latest_only.py took 0.025 seconds
[2025-03-06T14:32:05.224+0000] {processor.py:157} INFO - Started process (PID=26297) to work on /home/airflow/.local/lib/python3.8/site-packages/airflow/example_dags/example_latest_only.py
[2025-03-06T14:32:05.226+0000] {processor.py:829} INFO - Processing file /home/airflow/.local/lib/python3.8/site-packages/airflow/example_dags/example_latest_only.py for tasks to queue
[2025-03-06T14:32:05.226+0000] {logging_mixin.py:154} INFO - [2025-03-06T14:32:05.226+0000] {dagbag.py:536} INFO - Filling up the DagBag from /home/airflow/.local/lib/python3.8/site-packages/airflow/example_dags/example_latest_only.py
[2025-03-06T14:32:05.228+0000] {processor.py:839} INFO - DAG(s) dict_keys(['latest_only']) retrieved from /home/airflow/.local/lib/python3.8/site-packages/airflow/example_dags/example_latest_only.py
[2025-03-06T14:32:05.239+0000] {logging_mixin.py:154} INFO - [2025-03-06T14:32:05.239+0000] {dag.py:2941} INFO - Sync 1 DAGs
[2025-03-06T14:32:05.248+0000] {logging_mixin.py:154} INFO - [2025-03-06T14:32:05.248+0000] {dag.py:3722} INFO - Setting next_dagrun for latest_only to 2025-03-06T10:32:05.248595+00:00, run_after=2025-03-06T14:32:05.248595+00:00
[2025-03-06T14:32:05.258+0000] {processor.py:179} INFO - Processing /home/airflow/.local/lib/python3.8/site-packages/airflow/example_dags/example_latest_only.py took 0.035 seconds
[2025-03-06T14:32:35.707+0000] {processor.py:157} INFO - Started process (PID=26353) to work on /home/airflow/.local/lib/python3.8/site-packages/airflow/example_dags/example_latest_only.py
[2025-03-06T14:32:35.707+0000] {processor.py:829} INFO - Processing file /home/airflow/.local/lib/python3.8/site-packages/airflow/example_dags/example_latest_only.py for tasks to queue
[2025-03-06T14:32:35.708+0000] {logging_mixin.py:154} INFO - [2025-03-06T14:32:35.708+0000] {dagbag.py:536} INFO - Filling up the DagBag from /home/airflow/.local/lib/python3.8/site-packages/airflow/example_dags/example_latest_only.py
[2025-03-06T14:32:35.711+0000] {processor.py:839} INFO - DAG(s) dict_keys(['latest_only']) retrieved from /home/airflow/.local/lib/python3.8/site-packages/airflow/example_dags/example_latest_only.py
[2025-03-06T14:32:35.719+0000] {logging_mixin.py:154} INFO - [2025-03-06T14:32:35.719+0000] {dag.py:2941} INFO - Sync 1 DAGs
[2025-03-06T14:32:35.728+0000] {logging_mixin.py:154} INFO - [2025-03-06T14:32:35.728+0000] {dag.py:3722} INFO - Setting next_dagrun for latest_only to 2025-03-06T10:32:35.728219+00:00, run_after=2025-03-06T14:32:35.728219+00:00
[2025-03-06T14:32:35.739+0000] {processor.py:179} INFO - Processing /home/airflow/.local/lib/python3.8/site-packages/airflow/example_dags/example_latest_only.py took 0.034 seconds
[2025-03-06T14:33:06.202+0000] {processor.py:157} INFO - Started process (PID=26409) to work on /home/airflow/.local/lib/python3.8/site-packages/airflow/example_dags/example_latest_only.py
[2025-03-06T14:33:06.204+0000] {processor.py:829} INFO - Processing file /home/airflow/.local/lib/python3.8/site-packages/airflow/example_dags/example_latest_only.py for tasks to queue
[2025-03-06T14:33:06.205+0000] {logging_mixin.py:154} INFO - [2025-03-06T14:33:06.205+0000] {dagbag.py:536} INFO - Filling up the DagBag from /home/airflow/.local/lib/python3.8/site-packages/airflow/example_dags/example_latest_only.py
[2025-03-06T14:33:06.208+0000] {processor.py:839} INFO - DAG(s) dict_keys(['latest_only']) retrieved from /home/airflow/.local/lib/python3.8/site-packages/airflow/example_dags/example_latest_only.py
[2025-03-06T14:33:06.217+0000] {logging_mixin.py:154} INFO - [2025-03-06T14:33:06.217+0000] {dag.py:2941} INFO - Sync 1 DAGs
[2025-03-06T14:33:06.226+0000] {logging_mixin.py:154} INFO - [2025-03-06T14:33:06.225+0000] {dag.py:3722} INFO - Setting next_dagrun for latest_only to 2025-03-06T10:33:06.225888+00:00, run_after=2025-03-06T14:33:06.225888+00:00
[2025-03-06T14:33:06.232+0000] {processor.py:179} INFO - Processing /home/airflow/.local/lib/python3.8/site-packages/airflow/example_dags/example_latest_only.py took 0.032 seconds
[2025-03-06T14:33:36.730+0000] {processor.py:157} INFO - Started process (PID=26465) to work on /home/airflow/.local/lib/python3.8/site-packages/airflow/example_dags/example_latest_only.py
[2025-03-06T14:33:36.730+0000] {processor.py:829} INFO - Processing file /home/airflow/.local/lib/python3.8/site-packages/airflow/example_dags/example_latest_only.py for tasks to queue
[2025-03-06T14:33:36.731+0000] {logging_mixin.py:154} INFO - [2025-03-06T14:33:36.731+0000] {dagbag.py:536} INFO - Filling up the DagBag from /home/airflow/.local/lib/python3.8/site-packages/airflow/example_dags/example_latest_only.py
[2025-03-06T14:33:36.734+0000] {processor.py:839} INFO - DAG(s) dict_keys(['latest_only']) retrieved from /home/airflow/.local/lib/python3.8/site-packages/airflow/example_dags/example_latest_only.py
[2025-03-06T14:33:36.743+0000] {logging_mixin.py:154} INFO - [2025-03-06T14:33:36.743+0000] {dag.py:2941} INFO - Sync 1 DAGs
[2025-03-06T14:33:36.752+0000] {logging_mixin.py:154} INFO - [2025-03-06T14:33:36.752+0000] {dag.py:3722} INFO - Setting next_dagrun for latest_only to 2025-03-06T10:33:36.752509+00:00, run_after=2025-03-06T14:33:36.752509+00:00
[2025-03-06T14:33:36.763+0000] {processor.py:179} INFO - Processing /home/airflow/.local/lib/python3.8/site-packages/airflow/example_dags/example_latest_only.py took 0.035 seconds
[2025-03-06T14:34:07.295+0000] {processor.py:157} INFO - Started process (PID=26521) to work on /home/airflow/.local/lib/python3.8/site-packages/airflow/example_dags/example_latest_only.py
[2025-03-06T14:34:07.296+0000] {processor.py:829} INFO - Processing file /home/airflow/.local/lib/python3.8/site-packages/airflow/example_dags/example_latest_only.py for tasks to queue
[2025-03-06T14:34:07.296+0000] {logging_mixin.py:154} INFO - [2025-03-06T14:34:07.296+0000] {dagbag.py:536} INFO - Filling up the DagBag from /home/airflow/.local/lib/python3.8/site-packages/airflow/example_dags/example_latest_only.py
[2025-03-06T14:34:07.299+0000] {processor.py:839} INFO - DAG(s) dict_keys(['latest_only']) retrieved from /home/airflow/.local/lib/python3.8/site-packages/airflow/example_dags/example_latest_only.py
[2025-03-06T14:34:07.308+0000] {logging_mixin.py:154} INFO - [2025-03-06T14:34:07.308+0000] {dag.py:2941} INFO - Sync 1 DAGs
[2025-03-06T14:34:07.318+0000] {logging_mixin.py:154} INFO - [2025-03-06T14:34:07.318+0000] {dag.py:3722} INFO - Setting next_dagrun for latest_only to 2025-03-06T10:34:07.318284+00:00, run_after=2025-03-06T14:34:07.318284+00:00
[2025-03-06T14:34:07.326+0000] {processor.py:179} INFO - Processing /home/airflow/.local/lib/python3.8/site-packages/airflow/example_dags/example_latest_only.py took 0.033 seconds
[2025-03-06T14:34:37.828+0000] {processor.py:157} INFO - Started process (PID=26577) to work on /home/airflow/.local/lib/python3.8/site-packages/airflow/example_dags/example_latest_only.py
[2025-03-06T14:34:37.829+0000] {processor.py:829} INFO - Processing file /home/airflow/.local/lib/python3.8/site-packages/airflow/example_dags/example_latest_only.py for tasks to queue
[2025-03-06T14:34:37.829+0000] {logging_mixin.py:154} INFO - [2025-03-06T14:34:37.829+0000] {dagbag.py:536} INFO - Filling up the DagBag from /home/airflow/.local/lib/python3.8/site-packages/airflow/example_dags/example_latest_only.py
[2025-03-06T14:34:37.833+0000] {processor.py:839} INFO - DAG(s) dict_keys(['latest_only']) retrieved from /home/airflow/.local/lib/python3.8/site-packages/airflow/example_dags/example_latest_only.py
[2025-03-06T14:34:37.844+0000] {logging_mixin.py:154} INFO - [2025-03-06T14:34:37.843+0000] {dag.py:2941} INFO - Sync 1 DAGs
[2025-03-06T14:34:37.854+0000] {logging_mixin.py:154} INFO - [2025-03-06T14:34:37.854+0000] {dag.py:3722} INFO - Setting next_dagrun for latest_only to 2025-03-06T10:34:37.854327+00:00, run_after=2025-03-06T14:34:37.854327+00:00
[2025-03-06T14:34:37.862+0000] {processor.py:179} INFO - Processing /home/airflow/.local/lib/python3.8/site-packages/airflow/example_dags/example_latest_only.py took 0.035 seconds
[2025-03-06T14:35:08.364+0000] {processor.py:157} INFO - Started process (PID=26633) to work on /home/airflow/.local/lib/python3.8/site-packages/airflow/example_dags/example_latest_only.py
[2025-03-06T14:35:08.364+0000] {processor.py:829} INFO - Processing file /home/airflow/.local/lib/python3.8/site-packages/airflow/example_dags/example_latest_only.py for tasks to queue
[2025-03-06T14:35:08.364+0000] {logging_mixin.py:154} INFO - [2025-03-06T14:35:08.364+0000] {dagbag.py:536} INFO - Filling up the DagBag from /home/airflow/.local/lib/python3.8/site-packages/airflow/example_dags/example_latest_only.py
[2025-03-06T14:35:08.367+0000] {processor.py:839} INFO - DAG(s) dict_keys(['latest_only']) retrieved from /home/airflow/.local/lib/python3.8/site-packages/airflow/example_dags/example_latest_only.py
[2025-03-06T14:35:08.375+0000] {logging_mixin.py:154} INFO - [2025-03-06T14:35:08.375+0000] {dag.py:2941} INFO - Sync 1 DAGs
[2025-03-06T14:35:08.383+0000] {logging_mixin.py:154} INFO - [2025-03-06T14:35:08.383+0000] {dag.py:3722} INFO - Setting next_dagrun for latest_only to 2025-03-06T10:35:08.383253+00:00, run_after=2025-03-06T14:35:08.383253+00:00
[2025-03-06T14:35:08.389+0000] {processor.py:179} INFO - Processing /home/airflow/.local/lib/python3.8/site-packages/airflow/example_dags/example_latest_only.py took 0.027 seconds
[2025-03-06T14:35:38.848+0000] {processor.py:157} INFO - Started process (PID=26689) to work on /home/airflow/.local/lib/python3.8/site-packages/airflow/example_dags/example_latest_only.py
[2025-03-06T14:35:38.849+0000] {processor.py:829} INFO - Processing file /home/airflow/.local/lib/python3.8/site-packages/airflow/example_dags/example_latest_only.py for tasks to queue
[2025-03-06T14:35:38.850+0000] {logging_mixin.py:154} INFO - [2025-03-06T14:35:38.850+0000] {dagbag.py:536} INFO - Filling up the DagBag from /home/airflow/.local/lib/python3.8/site-packages/airflow/example_dags/example_latest_only.py
[2025-03-06T14:35:38.853+0000] {processor.py:839} INFO - DAG(s) dict_keys(['latest_only']) retrieved from /home/airflow/.local/lib/python3.8/site-packages/airflow/example_dags/example_latest_only.py
[2025-03-06T14:35:38.864+0000] {logging_mixin.py:154} INFO - [2025-03-06T14:35:38.863+0000] {dag.py:2941} INFO - Sync 1 DAGs
[2025-03-06T14:35:38.872+0000] {logging_mixin.py:154} INFO - [2025-03-06T14:35:38.872+0000] {dag.py:3722} INFO - Setting next_dagrun for latest_only to 2025-03-06T10:35:38.872310+00:00, run_after=2025-03-06T14:35:38.872310+00:00
[2025-03-06T14:35:38.879+0000] {processor.py:179} INFO - Processing /home/airflow/.local/lib/python3.8/site-packages/airflow/example_dags/example_latest_only.py took 0.032 seconds
[2025-03-06T14:36:09.449+0000] {processor.py:157} INFO - Started process (PID=26745) to work on /home/airflow/.local/lib/python3.8/site-packages/airflow/example_dags/example_latest_only.py
[2025-03-06T14:36:09.449+0000] {processor.py:829} INFO - Processing file /home/airflow/.local/lib/python3.8/site-packages/airflow/example_dags/example_latest_only.py for tasks to queue
[2025-03-06T14:36:09.450+0000] {logging_mixin.py:154} INFO - [2025-03-06T14:36:09.450+0000] {dagbag.py:536} INFO - Filling up the DagBag from /home/airflow/.local/lib/python3.8/site-packages/airflow/example_dags/example_latest_only.py
[2025-03-06T14:36:09.452+0000] {processor.py:839} INFO - DAG(s) dict_keys(['latest_only']) retrieved from /home/airflow/.local/lib/python3.8/site-packages/airflow/example_dags/example_latest_only.py
[2025-03-06T14:36:09.462+0000] {logging_mixin.py:154} INFO - [2025-03-06T14:36:09.462+0000] {dag.py:2941} INFO - Sync 1 DAGs
[2025-03-06T14:36:09.471+0000] {logging_mixin.py:154} INFO - [2025-03-06T14:36:09.471+0000] {dag.py:3722} INFO - Setting next_dagrun for latest_only to 2025-03-06T10:36:09.470997+00:00, run_after=2025-03-06T14:36:09.470997+00:00
[2025-03-06T14:36:09.479+0000] {processor.py:179} INFO - Processing /home/airflow/.local/lib/python3.8/site-packages/airflow/example_dags/example_latest_only.py took 0.032 seconds
[2025-03-06T14:36:40.033+0000] {processor.py:157} INFO - Started process (PID=26801) to work on /home/airflow/.local/lib/python3.8/site-packages/airflow/example_dags/example_latest_only.py
[2025-03-06T14:36:40.034+0000] {processor.py:829} INFO - Processing file /home/airflow/.local/lib/python3.8/site-packages/airflow/example_dags/example_latest_only.py for tasks to queue
[2025-03-06T14:36:40.034+0000] {logging_mixin.py:154} INFO - [2025-03-06T14:36:40.034+0000] {dagbag.py:536} INFO - Filling up the DagBag from /home/airflow/.local/lib/python3.8/site-packages/airflow/example_dags/example_latest_only.py
[2025-03-06T14:36:40.038+0000] {processor.py:839} INFO - DAG(s) dict_keys(['latest_only']) retrieved from /home/airflow/.local/lib/python3.8/site-packages/airflow/example_dags/example_latest_only.py
[2025-03-06T14:36:40.050+0000] {logging_mixin.py:154} INFO - [2025-03-06T14:36:40.049+0000] {dag.py:2941} INFO - Sync 1 DAGs
[2025-03-06T14:36:40.062+0000] {logging_mixin.py:154} INFO - [2025-03-06T14:36:40.062+0000] {dag.py:3722} INFO - Setting next_dagrun for latest_only to 2025-03-06T10:36:40.062308+00:00, run_after=2025-03-06T14:36:40.062308+00:00
[2025-03-06T14:36:40.072+0000] {processor.py:179} INFO - Processing /home/airflow/.local/lib/python3.8/site-packages/airflow/example_dags/example_latest_only.py took 0.041 seconds
[2025-03-06T14:37:10.589+0000] {processor.py:157} INFO - Started process (PID=26857) to work on /home/airflow/.local/lib/python3.8/site-packages/airflow/example_dags/example_latest_only.py
[2025-03-06T14:37:10.590+0000] {processor.py:829} INFO - Processing file /home/airflow/.local/lib/python3.8/site-packages/airflow/example_dags/example_latest_only.py for tasks to queue
[2025-03-06T14:37:10.590+0000] {logging_mixin.py:154} INFO - [2025-03-06T14:37:10.590+0000] {dagbag.py:536} INFO - Filling up the DagBag from /home/airflow/.local/lib/python3.8/site-packages/airflow/example_dags/example_latest_only.py
[2025-03-06T14:37:10.593+0000] {processor.py:839} INFO - DAG(s) dict_keys(['latest_only']) retrieved from /home/airflow/.local/lib/python3.8/site-packages/airflow/example_dags/example_latest_only.py
[2025-03-06T14:37:10.603+0000] {logging_mixin.py:154} INFO - [2025-03-06T14:37:10.603+0000] {dag.py:2941} INFO - Sync 1 DAGs
[2025-03-06T14:37:10.612+0000] {logging_mixin.py:154} INFO - [2025-03-06T14:37:10.612+0000] {dag.py:3722} INFO - Setting next_dagrun for latest_only to 2025-03-06T10:37:10.612041+00:00, run_after=2025-03-06T14:37:10.612041+00:00
[2025-03-06T14:37:10.621+0000] {processor.py:179} INFO - Processing /home/airflow/.local/lib/python3.8/site-packages/airflow/example_dags/example_latest_only.py took 0.033 seconds
[2025-03-06T14:37:41.107+0000] {processor.py:157} INFO - Started process (PID=26913) to work on /home/airflow/.local/lib/python3.8/site-packages/airflow/example_dags/example_latest_only.py
[2025-03-06T14:37:41.108+0000] {processor.py:829} INFO - Processing file /home/airflow/.local/lib/python3.8/site-packages/airflow/example_dags/example_latest_only.py for tasks to queue
[2025-03-06T14:37:41.109+0000] {logging_mixin.py:154} INFO - [2025-03-06T14:37:41.109+0000] {dagbag.py:536} INFO - Filling up the DagBag from /home/airflow/.local/lib/python3.8/site-packages/airflow/example_dags/example_latest_only.py
[2025-03-06T14:37:41.113+0000] {processor.py:839} INFO - DAG(s) dict_keys(['latest_only']) retrieved from /home/airflow/.local/lib/python3.8/site-packages/airflow/example_dags/example_latest_only.py
[2025-03-06T14:37:41.122+0000] {logging_mixin.py:154} INFO - [2025-03-06T14:37:41.122+0000] {dag.py:2941} INFO - Sync 1 DAGs
[2025-03-06T14:37:41.132+0000] {logging_mixin.py:154} INFO - [2025-03-06T14:37:41.132+0000] {dag.py:3722} INFO - Setting next_dagrun for latest_only to 2025-03-06T10:37:41.132849+00:00, run_after=2025-03-06T14:37:41.132849+00:00
[2025-03-06T14:37:41.141+0000] {processor.py:179} INFO - Processing /home/airflow/.local/lib/python3.8/site-packages/airflow/example_dags/example_latest_only.py took 0.035 seconds
[2025-03-06T14:38:11.629+0000] {processor.py:157} INFO - Started process (PID=26969) to work on /home/airflow/.local/lib/python3.8/site-packages/airflow/example_dags/example_latest_only.py
[2025-03-06T14:38:11.630+0000] {processor.py:829} INFO - Processing file /home/airflow/.local/lib/python3.8/site-packages/airflow/example_dags/example_latest_only.py for tasks to queue
[2025-03-06T14:38:11.630+0000] {logging_mixin.py:154} INFO - [2025-03-06T14:38:11.630+0000] {dagbag.py:536} INFO - Filling up the DagBag from /home/airflow/.local/lib/python3.8/site-packages/airflow/example_dags/example_latest_only.py
[2025-03-06T14:38:11.633+0000] {processor.py:839} INFO - DAG(s) dict_keys(['latest_only']) retrieved from /home/airflow/.local/lib/python3.8/site-packages/airflow/example_dags/example_latest_only.py
[2025-03-06T14:38:11.642+0000] {logging_mixin.py:154} INFO - [2025-03-06T14:38:11.641+0000] {dag.py:2941} INFO - Sync 1 DAGs
[2025-03-06T14:38:11.651+0000] {logging_mixin.py:154} INFO - [2025-03-06T14:38:11.651+0000] {dag.py:3722} INFO - Setting next_dagrun for latest_only to 2025-03-06T10:38:11.650961+00:00, run_after=2025-03-06T14:38:11.650961+00:00
[2025-03-06T14:38:11.659+0000] {processor.py:179} INFO - Processing /home/airflow/.local/lib/python3.8/site-packages/airflow/example_dags/example_latest_only.py took 0.031 seconds
[2025-03-06T14:38:42.142+0000] {processor.py:157} INFO - Started process (PID=27025) to work on /home/airflow/.local/lib/python3.8/site-packages/airflow/example_dags/example_latest_only.py
[2025-03-06T14:38:42.143+0000] {processor.py:829} INFO - Processing file /home/airflow/.local/lib/python3.8/site-packages/airflow/example_dags/example_latest_only.py for tasks to queue
[2025-03-06T14:38:42.143+0000] {logging_mixin.py:154} INFO - [2025-03-06T14:38:42.143+0000] {dagbag.py:536} INFO - Filling up the DagBag from /home/airflow/.local/lib/python3.8/site-packages/airflow/example_dags/example_latest_only.py
[2025-03-06T14:38:42.146+0000] {processor.py:839} INFO - DAG(s) dict_keys(['latest_only']) retrieved from /home/airflow/.local/lib/python3.8/site-packages/airflow/example_dags/example_latest_only.py
[2025-03-06T14:38:42.155+0000] {logging_mixin.py:154} INFO - [2025-03-06T14:38:42.155+0000] {dag.py:2941} INFO - Sync 1 DAGs
[2025-03-06T14:38:42.164+0000] {logging_mixin.py:154} INFO - [2025-03-06T14:38:42.164+0000] {dag.py:3722} INFO - Setting next_dagrun for latest_only to 2025-03-06T10:38:42.163968+00:00, run_after=2025-03-06T14:38:42.163968+00:00
[2025-03-06T14:38:42.171+0000] {processor.py:179} INFO - Processing /home/airflow/.local/lib/python3.8/site-packages/airflow/example_dags/example_latest_only.py took 0.031 seconds
[2025-03-06T14:39:12.696+0000] {processor.py:157} INFO - Started process (PID=27081) to work on /home/airflow/.local/lib/python3.8/site-packages/airflow/example_dags/example_latest_only.py
[2025-03-06T14:39:12.697+0000] {processor.py:829} INFO - Processing file /home/airflow/.local/lib/python3.8/site-packages/airflow/example_dags/example_latest_only.py for tasks to queue
[2025-03-06T14:39:12.697+0000] {logging_mixin.py:154} INFO - [2025-03-06T14:39:12.697+0000] {dagbag.py:536} INFO - Filling up the DagBag from /home/airflow/.local/lib/python3.8/site-packages/airflow/example_dags/example_latest_only.py
[2025-03-06T14:39:12.701+0000] {processor.py:839} INFO - DAG(s) dict_keys(['latest_only']) retrieved from /home/airflow/.local/lib/python3.8/site-packages/airflow/example_dags/example_latest_only.py
[2025-03-06T14:39:12.710+0000] {logging_mixin.py:154} INFO - [2025-03-06T14:39:12.710+0000] {dag.py:2941} INFO - Sync 1 DAGs
[2025-03-06T14:39:12.718+0000] {logging_mixin.py:154} INFO - [2025-03-06T14:39:12.718+0000] {dag.py:3722} INFO - Setting next_dagrun for latest_only to 2025-03-06T10:39:12.718503+00:00, run_after=2025-03-06T14:39:12.718503+00:00
[2025-03-06T14:39:12.724+0000] {processor.py:179} INFO - Processing /home/airflow/.local/lib/python3.8/site-packages/airflow/example_dags/example_latest_only.py took 0.030 seconds
[2025-03-06T14:39:43.158+0000] {processor.py:157} INFO - Started process (PID=27137) to work on /home/airflow/.local/lib/python3.8/site-packages/airflow/example_dags/example_latest_only.py
[2025-03-06T14:39:43.159+0000] {processor.py:829} INFO - Processing file /home/airflow/.local/lib/python3.8/site-packages/airflow/example_dags/example_latest_only.py for tasks to queue
[2025-03-06T14:39:43.159+0000] {logging_mixin.py:154} INFO - [2025-03-06T14:39:43.159+0000] {dagbag.py:536} INFO - Filling up the DagBag from /home/airflow/.local/lib/python3.8/site-packages/airflow/example_dags/example_latest_only.py
[2025-03-06T14:39:43.162+0000] {processor.py:839} INFO - DAG(s) dict_keys(['latest_only']) retrieved from /home/airflow/.local/lib/python3.8/site-packages/airflow/example_dags/example_latest_only.py
[2025-03-06T14:39:43.173+0000] {logging_mixin.py:154} INFO - [2025-03-06T14:39:43.173+0000] {dag.py:2941} INFO - Sync 1 DAGs
[2025-03-06T14:39:43.181+0000] {logging_mixin.py:154} INFO - [2025-03-06T14:39:43.181+0000] {dag.py:3722} INFO - Setting next_dagrun for latest_only to 2025-03-06T10:39:43.181129+00:00, run_after=2025-03-06T14:39:43.181129+00:00
[2025-03-06T14:39:43.187+0000] {processor.py:179} INFO - Processing /home/airflow/.local/lib/python3.8/site-packages/airflow/example_dags/example_latest_only.py took 0.031 seconds
[2025-03-06T14:40:13.592+0000] {processor.py:157} INFO - Started process (PID=27193) to work on /home/airflow/.local/lib/python3.8/site-packages/airflow/example_dags/example_latest_only.py
[2025-03-06T14:40:13.592+0000] {processor.py:829} INFO - Processing file /home/airflow/.local/lib/python3.8/site-packages/airflow/example_dags/example_latest_only.py for tasks to queue
[2025-03-06T14:40:13.593+0000] {logging_mixin.py:154} INFO - [2025-03-06T14:40:13.593+0000] {dagbag.py:536} INFO - Filling up the DagBag from /home/airflow/.local/lib/python3.8/site-packages/airflow/example_dags/example_latest_only.py
[2025-03-06T14:40:13.596+0000] {processor.py:839} INFO - DAG(s) dict_keys(['latest_only']) retrieved from /home/airflow/.local/lib/python3.8/site-packages/airflow/example_dags/example_latest_only.py
[2025-03-06T14:40:13.604+0000] {logging_mixin.py:154} INFO - [2025-03-06T14:40:13.604+0000] {dag.py:2941} INFO - Sync 1 DAGs
[2025-03-06T14:40:13.613+0000] {logging_mixin.py:154} INFO - [2025-03-06T14:40:13.613+0000] {dag.py:3722} INFO - Setting next_dagrun for latest_only to 2025-03-06T10:40:13.613346+00:00, run_after=2025-03-06T14:40:13.613346+00:00
[2025-03-06T14:40:13.620+0000] {processor.py:179} INFO - Processing /home/airflow/.local/lib/python3.8/site-packages/airflow/example_dags/example_latest_only.py took 0.030 seconds
[2025-03-06T14:40:44.128+0000] {processor.py:157} INFO - Started process (PID=27249) to work on /home/airflow/.local/lib/python3.8/site-packages/airflow/example_dags/example_latest_only.py
[2025-03-06T14:40:44.128+0000] {processor.py:829} INFO - Processing file /home/airflow/.local/lib/python3.8/site-packages/airflow/example_dags/example_latest_only.py for tasks to queue
[2025-03-06T14:40:44.129+0000] {logging_mixin.py:154} INFO - [2025-03-06T14:40:44.129+0000] {dagbag.py:536} INFO - Filling up the DagBag from /home/airflow/.local/lib/python3.8/site-packages/airflow/example_dags/example_latest_only.py
[2025-03-06T14:40:44.132+0000] {processor.py:839} INFO - DAG(s) dict_keys(['latest_only']) retrieved from /home/airflow/.local/lib/python3.8/site-packages/airflow/example_dags/example_latest_only.py
[2025-03-06T14:40:44.142+0000] {logging_mixin.py:154} INFO - [2025-03-06T14:40:44.141+0000] {dag.py:2941} INFO - Sync 1 DAGs
[2025-03-06T14:40:44.150+0000] {logging_mixin.py:154} INFO - [2025-03-06T14:40:44.150+0000] {dag.py:3722} INFO - Setting next_dagrun for latest_only to 2025-03-06T10:40:44.150152+00:00, run_after=2025-03-06T14:40:44.150152+00:00
[2025-03-06T14:40:44.159+0000] {processor.py:179} INFO - Processing /home/airflow/.local/lib/python3.8/site-packages/airflow/example_dags/example_latest_only.py took 0.033 seconds
[2025-03-06T14:41:14.676+0000] {processor.py:157} INFO - Started process (PID=27305) to work on /home/airflow/.local/lib/python3.8/site-packages/airflow/example_dags/example_latest_only.py
[2025-03-06T14:41:14.677+0000] {processor.py:829} INFO - Processing file /home/airflow/.local/lib/python3.8/site-packages/airflow/example_dags/example_latest_only.py for tasks to queue
[2025-03-06T14:41:14.678+0000] {logging_mixin.py:154} INFO - [2025-03-06T14:41:14.678+0000] {dagbag.py:536} INFO - Filling up the DagBag from /home/airflow/.local/lib/python3.8/site-packages/airflow/example_dags/example_latest_only.py
[2025-03-06T14:41:14.681+0000] {processor.py:839} INFO - DAG(s) dict_keys(['latest_only']) retrieved from /home/airflow/.local/lib/python3.8/site-packages/airflow/example_dags/example_latest_only.py
[2025-03-06T14:41:14.691+0000] {logging_mixin.py:154} INFO - [2025-03-06T14:41:14.691+0000] {dag.py:2941} INFO - Sync 1 DAGs
[2025-03-06T14:41:14.700+0000] {logging_mixin.py:154} INFO - [2025-03-06T14:41:14.700+0000] {dag.py:3722} INFO - Setting next_dagrun for latest_only to 2025-03-06T10:41:14.700150+00:00, run_after=2025-03-06T14:41:14.700150+00:00
[2025-03-06T14:41:14.708+0000] {processor.py:179} INFO - Processing /home/airflow/.local/lib/python3.8/site-packages/airflow/example_dags/example_latest_only.py took 0.033 seconds
[2025-03-06T14:41:45.159+0000] {processor.py:157} INFO - Started process (PID=27361) to work on /home/airflow/.local/lib/python3.8/site-packages/airflow/example_dags/example_latest_only.py
[2025-03-06T14:41:45.160+0000] {processor.py:829} INFO - Processing file /home/airflow/.local/lib/python3.8/site-packages/airflow/example_dags/example_latest_only.py for tasks to queue
[2025-03-06T14:41:45.160+0000] {logging_mixin.py:154} INFO - [2025-03-06T14:41:45.160+0000] {dagbag.py:536} INFO - Filling up the DagBag from /home/airflow/.local/lib/python3.8/site-packages/airflow/example_dags/example_latest_only.py
[2025-03-06T14:41:45.163+0000] {processor.py:839} INFO - DAG(s) dict_keys(['latest_only']) retrieved from /home/airflow/.local/lib/python3.8/site-packages/airflow/example_dags/example_latest_only.py
[2025-03-06T14:41:45.171+0000] {logging_mixin.py:154} INFO - [2025-03-06T14:41:45.171+0000] {dag.py:2941} INFO - Sync 1 DAGs
[2025-03-06T14:41:45.179+0000] {logging_mixin.py:154} INFO - [2025-03-06T14:41:45.179+0000] {dag.py:3722} INFO - Setting next_dagrun for latest_only to 2025-03-06T10:41:45.179616+00:00, run_after=2025-03-06T14:41:45.179616+00:00
[2025-03-06T14:41:45.186+0000] {processor.py:179} INFO - Processing /home/airflow/.local/lib/python3.8/site-packages/airflow/example_dags/example_latest_only.py took 0.028 seconds
[2025-03-06T14:42:15.599+0000] {processor.py:157} INFO - Started process (PID=27417) to work on /home/airflow/.local/lib/python3.8/site-packages/airflow/example_dags/example_latest_only.py
[2025-03-06T14:42:15.599+0000] {processor.py:829} INFO - Processing file /home/airflow/.local/lib/python3.8/site-packages/airflow/example_dags/example_latest_only.py for tasks to queue
[2025-03-06T14:42:15.600+0000] {logging_mixin.py:154} INFO - [2025-03-06T14:42:15.600+0000] {dagbag.py:536} INFO - Filling up the DagBag from /home/airflow/.local/lib/python3.8/site-packages/airflow/example_dags/example_latest_only.py
[2025-03-06T14:42:15.602+0000] {processor.py:839} INFO - DAG(s) dict_keys(['latest_only']) retrieved from /home/airflow/.local/lib/python3.8/site-packages/airflow/example_dags/example_latest_only.py
[2025-03-06T14:42:15.612+0000] {logging_mixin.py:154} INFO - [2025-03-06T14:42:15.612+0000] {dag.py:2941} INFO - Sync 1 DAGs
[2025-03-06T14:42:15.621+0000] {logging_mixin.py:154} INFO - [2025-03-06T14:42:15.621+0000] {dag.py:3722} INFO - Setting next_dagrun for latest_only to 2025-03-06T10:42:15.621167+00:00, run_after=2025-03-06T14:42:15.621167+00:00
[2025-03-06T14:42:15.630+0000] {processor.py:179} INFO - Processing /home/airflow/.local/lib/python3.8/site-packages/airflow/example_dags/example_latest_only.py took 0.032 seconds
[2025-03-06T14:42:46.136+0000] {processor.py:157} INFO - Started process (PID=27473) to work on /home/airflow/.local/lib/python3.8/site-packages/airflow/example_dags/example_latest_only.py
[2025-03-06T14:42:46.136+0000] {processor.py:829} INFO - Processing file /home/airflow/.local/lib/python3.8/site-packages/airflow/example_dags/example_latest_only.py for tasks to queue
[2025-03-06T14:42:46.137+0000] {logging_mixin.py:154} INFO - [2025-03-06T14:42:46.136+0000] {dagbag.py:536} INFO - Filling up the DagBag from /home/airflow/.local/lib/python3.8/site-packages/airflow/example_dags/example_latest_only.py
[2025-03-06T14:42:46.139+0000] {processor.py:839} INFO - DAG(s) dict_keys(['latest_only']) retrieved from /home/airflow/.local/lib/python3.8/site-packages/airflow/example_dags/example_latest_only.py
[2025-03-06T14:42:46.149+0000] {logging_mixin.py:154} INFO - [2025-03-06T14:42:46.148+0000] {dag.py:2941} INFO - Sync 1 DAGs
[2025-03-06T14:42:46.157+0000] {logging_mixin.py:154} INFO - [2025-03-06T14:42:46.157+0000] {dag.py:3722} INFO - Setting next_dagrun for latest_only to 2025-03-06T10:42:46.157830+00:00, run_after=2025-03-06T14:42:46.157830+00:00
[2025-03-06T14:42:46.166+0000] {processor.py:179} INFO - Processing /home/airflow/.local/lib/python3.8/site-packages/airflow/example_dags/example_latest_only.py took 0.032 seconds
[2025-03-06T14:43:16.675+0000] {processor.py:157} INFO - Started process (PID=27529) to work on /home/airflow/.local/lib/python3.8/site-packages/airflow/example_dags/example_latest_only.py
[2025-03-06T14:43:16.675+0000] {processor.py:829} INFO - Processing file /home/airflow/.local/lib/python3.8/site-packages/airflow/example_dags/example_latest_only.py for tasks to queue
[2025-03-06T14:43:16.675+0000] {logging_mixin.py:154} INFO - [2025-03-06T14:43:16.675+0000] {dagbag.py:536} INFO - Filling up the DagBag from /home/airflow/.local/lib/python3.8/site-packages/airflow/example_dags/example_latest_only.py
[2025-03-06T14:43:16.678+0000] {processor.py:839} INFO - DAG(s) dict_keys(['latest_only']) retrieved from /home/airflow/.local/lib/python3.8/site-packages/airflow/example_dags/example_latest_only.py
[2025-03-06T14:43:16.688+0000] {logging_mixin.py:154} INFO - [2025-03-06T14:43:16.687+0000] {dag.py:2941} INFO - Sync 1 DAGs
[2025-03-06T14:43:16.696+0000] {logging_mixin.py:154} INFO - [2025-03-06T14:43:16.696+0000] {dag.py:3722} INFO - Setting next_dagrun for latest_only to 2025-03-06T10:43:16.696560+00:00, run_after=2025-03-06T14:43:16.696560+00:00
[2025-03-06T14:43:16.705+0000] {processor.py:179} INFO - Processing /home/airflow/.local/lib/python3.8/site-packages/airflow/example_dags/example_latest_only.py took 0.032 seconds
[2025-03-06T14:43:47.142+0000] {processor.py:157} INFO - Started process (PID=27585) to work on /home/airflow/.local/lib/python3.8/site-packages/airflow/example_dags/example_latest_only.py
[2025-03-06T14:43:47.142+0000] {processor.py:829} INFO - Processing file /home/airflow/.local/lib/python3.8/site-packages/airflow/example_dags/example_latest_only.py for tasks to queue
[2025-03-06T14:43:47.143+0000] {logging_mixin.py:154} INFO - [2025-03-06T14:43:47.143+0000] {dagbag.py:536} INFO - Filling up the DagBag from /home/airflow/.local/lib/python3.8/site-packages/airflow/example_dags/example_latest_only.py
[2025-03-06T14:43:47.147+0000] {processor.py:839} INFO - DAG(s) dict_keys(['latest_only']) retrieved from /home/airflow/.local/lib/python3.8/site-packages/airflow/example_dags/example_latest_only.py
[2025-03-06T14:43:47.156+0000] {logging_mixin.py:154} INFO - [2025-03-06T14:43:47.156+0000] {dag.py:2941} INFO - Sync 1 DAGs
[2025-03-06T14:43:47.166+0000] {logging_mixin.py:154} INFO - [2025-03-06T14:43:47.166+0000] {dag.py:3722} INFO - Setting next_dagrun for latest_only to 2025-03-06T10:43:47.165918+00:00, run_after=2025-03-06T14:43:47.165918+00:00
[2025-03-06T14:43:47.172+0000] {processor.py:179} INFO - Processing /home/airflow/.local/lib/python3.8/site-packages/airflow/example_dags/example_latest_only.py took 0.031 seconds
[2025-03-06T14:44:17.634+0000] {processor.py:157} INFO - Started process (PID=27641) to work on /home/airflow/.local/lib/python3.8/site-packages/airflow/example_dags/example_latest_only.py
[2025-03-06T14:44:17.634+0000] {processor.py:829} INFO - Processing file /home/airflow/.local/lib/python3.8/site-packages/airflow/example_dags/example_latest_only.py for tasks to queue
[2025-03-06T14:44:17.635+0000] {logging_mixin.py:154} INFO - [2025-03-06T14:44:17.635+0000] {dagbag.py:536} INFO - Filling up the DagBag from /home/airflow/.local/lib/python3.8/site-packages/airflow/example_dags/example_latest_only.py
[2025-03-06T14:44:17.637+0000] {processor.py:839} INFO - DAG(s) dict_keys(['latest_only']) retrieved from /home/airflow/.local/lib/python3.8/site-packages/airflow/example_dags/example_latest_only.py
[2025-03-06T14:44:17.646+0000] {logging_mixin.py:154} INFO - [2025-03-06T14:44:17.646+0000] {dag.py:2941} INFO - Sync 1 DAGs
[2025-03-06T14:44:17.656+0000] {logging_mixin.py:154} INFO - [2025-03-06T14:44:17.656+0000] {dag.py:3722} INFO - Setting next_dagrun for latest_only to 2025-03-06T10:44:17.656565+00:00, run_after=2025-03-06T14:44:17.656565+00:00
[2025-03-06T14:44:17.665+0000] {processor.py:179} INFO - Processing /home/airflow/.local/lib/python3.8/site-packages/airflow/example_dags/example_latest_only.py took 0.033 seconds
[2025-03-06T14:44:48.067+0000] {processor.py:157} INFO - Started process (PID=27697) to work on /home/airflow/.local/lib/python3.8/site-packages/airflow/example_dags/example_latest_only.py
[2025-03-06T14:44:48.067+0000] {processor.py:829} INFO - Processing file /home/airflow/.local/lib/python3.8/site-packages/airflow/example_dags/example_latest_only.py for tasks to queue
[2025-03-06T14:44:48.068+0000] {logging_mixin.py:154} INFO - [2025-03-06T14:44:48.068+0000] {dagbag.py:536} INFO - Filling up the DagBag from /home/airflow/.local/lib/python3.8/site-packages/airflow/example_dags/example_latest_only.py
[2025-03-06T14:44:48.071+0000] {processor.py:839} INFO - DAG(s) dict_keys(['latest_only']) retrieved from /home/airflow/.local/lib/python3.8/site-packages/airflow/example_dags/example_latest_only.py
[2025-03-06T14:44:48.080+0000] {logging_mixin.py:154} INFO - [2025-03-06T14:44:48.080+0000] {dag.py:2941} INFO - Sync 1 DAGs
[2025-03-06T14:44:48.089+0000] {logging_mixin.py:154} INFO - [2025-03-06T14:44:48.089+0000] {dag.py:3722} INFO - Setting next_dagrun for latest_only to 2025-03-06T10:44:48.089152+00:00, run_after=2025-03-06T14:44:48.089152+00:00
[2025-03-06T14:44:48.095+0000] {processor.py:179} INFO - Processing /home/airflow/.local/lib/python3.8/site-packages/airflow/example_dags/example_latest_only.py took 0.030 seconds
[2025-03-06T14:45:18.571+0000] {processor.py:157} INFO - Started process (PID=27753) to work on /home/airflow/.local/lib/python3.8/site-packages/airflow/example_dags/example_latest_only.py
[2025-03-06T14:45:18.573+0000] {processor.py:829} INFO - Processing file /home/airflow/.local/lib/python3.8/site-packages/airflow/example_dags/example_latest_only.py for tasks to queue
[2025-03-06T14:45:18.574+0000] {logging_mixin.py:154} INFO - [2025-03-06T14:45:18.574+0000] {dagbag.py:536} INFO - Filling up the DagBag from /home/airflow/.local/lib/python3.8/site-packages/airflow/example_dags/example_latest_only.py
[2025-03-06T14:45:18.578+0000] {processor.py:839} INFO - DAG(s) dict_keys(['latest_only']) retrieved from /home/airflow/.local/lib/python3.8/site-packages/airflow/example_dags/example_latest_only.py
[2025-03-06T14:45:18.589+0000] {logging_mixin.py:154} INFO - [2025-03-06T14:45:18.588+0000] {dag.py:2941} INFO - Sync 1 DAGs
[2025-03-06T14:45:18.598+0000] {logging_mixin.py:154} INFO - [2025-03-06T14:45:18.598+0000] {dag.py:3722} INFO - Setting next_dagrun for latest_only to 2025-03-06T10:45:18.598448+00:00, run_after=2025-03-06T14:45:18.598448+00:00
[2025-03-06T14:45:18.609+0000] {processor.py:179} INFO - Processing /home/airflow/.local/lib/python3.8/site-packages/airflow/example_dags/example_latest_only.py took 0.039 seconds
[2025-03-06T14:45:49.111+0000] {processor.py:157} INFO - Started process (PID=27809) to work on /home/airflow/.local/lib/python3.8/site-packages/airflow/example_dags/example_latest_only.py
[2025-03-06T14:45:49.112+0000] {processor.py:829} INFO - Processing file /home/airflow/.local/lib/python3.8/site-packages/airflow/example_dags/example_latest_only.py for tasks to queue
[2025-03-06T14:45:49.112+0000] {logging_mixin.py:154} INFO - [2025-03-06T14:45:49.112+0000] {dagbag.py:536} INFO - Filling up the DagBag from /home/airflow/.local/lib/python3.8/site-packages/airflow/example_dags/example_latest_only.py
[2025-03-06T14:45:49.116+0000] {processor.py:839} INFO - DAG(s) dict_keys(['latest_only']) retrieved from /home/airflow/.local/lib/python3.8/site-packages/airflow/example_dags/example_latest_only.py
[2025-03-06T14:45:49.127+0000] {logging_mixin.py:154} INFO - [2025-03-06T14:45:49.126+0000] {dag.py:2941} INFO - Sync 1 DAGs
[2025-03-06T14:45:49.136+0000] {logging_mixin.py:154} INFO - [2025-03-06T14:45:49.136+0000] {dag.py:3722} INFO - Setting next_dagrun for latest_only to 2025-03-06T10:45:49.135975+00:00, run_after=2025-03-06T14:45:49.135975+00:00
[2025-03-06T14:45:49.144+0000] {processor.py:179} INFO - Processing /home/airflow/.local/lib/python3.8/site-packages/airflow/example_dags/example_latest_only.py took 0.035 seconds
[2025-03-06T14:46:19.646+0000] {processor.py:157} INFO - Started process (PID=27864) to work on /home/airflow/.local/lib/python3.8/site-packages/airflow/example_dags/example_latest_only.py
[2025-03-06T14:46:19.647+0000] {processor.py:829} INFO - Processing file /home/airflow/.local/lib/python3.8/site-packages/airflow/example_dags/example_latest_only.py for tasks to queue
[2025-03-06T14:46:19.647+0000] {logging_mixin.py:154} INFO - [2025-03-06T14:46:19.647+0000] {dagbag.py:536} INFO - Filling up the DagBag from /home/airflow/.local/lib/python3.8/site-packages/airflow/example_dags/example_latest_only.py
[2025-03-06T14:46:19.650+0000] {processor.py:839} INFO - DAG(s) dict_keys(['latest_only']) retrieved from /home/airflow/.local/lib/python3.8/site-packages/airflow/example_dags/example_latest_only.py
[2025-03-06T14:46:19.662+0000] {logging_mixin.py:154} INFO - [2025-03-06T14:46:19.662+0000] {dag.py:2941} INFO - Sync 1 DAGs
[2025-03-06T14:46:19.670+0000] {logging_mixin.py:154} INFO - [2025-03-06T14:46:19.670+0000] {dag.py:3722} INFO - Setting next_dagrun for latest_only to 2025-03-06T10:46:19.670261+00:00, run_after=2025-03-06T14:46:19.670261+00:00
[2025-03-06T14:46:19.679+0000] {processor.py:179} INFO - Processing /home/airflow/.local/lib/python3.8/site-packages/airflow/example_dags/example_latest_only.py took 0.034 seconds
[2025-03-06T14:46:50.174+0000] {processor.py:157} INFO - Started process (PID=27920) to work on /home/airflow/.local/lib/python3.8/site-packages/airflow/example_dags/example_latest_only.py
[2025-03-06T14:46:50.175+0000] {processor.py:829} INFO - Processing file /home/airflow/.local/lib/python3.8/site-packages/airflow/example_dags/example_latest_only.py for tasks to queue
[2025-03-06T14:46:50.175+0000] {logging_mixin.py:154} INFO - [2025-03-06T14:46:50.175+0000] {dagbag.py:536} INFO - Filling up the DagBag from /home/airflow/.local/lib/python3.8/site-packages/airflow/example_dags/example_latest_only.py
[2025-03-06T14:46:50.178+0000] {processor.py:839} INFO - DAG(s) dict_keys(['latest_only']) retrieved from /home/airflow/.local/lib/python3.8/site-packages/airflow/example_dags/example_latest_only.py
[2025-03-06T14:46:50.194+0000] {logging_mixin.py:154} INFO - [2025-03-06T14:46:50.194+0000] {dag.py:2941} INFO - Sync 1 DAGs
[2025-03-06T14:46:50.203+0000] {logging_mixin.py:154} INFO - [2025-03-06T14:46:50.203+0000] {dag.py:3722} INFO - Setting next_dagrun for latest_only to 2025-03-06T10:46:50.203339+00:00, run_after=2025-03-06T14:46:50.203339+00:00
[2025-03-06T14:46:50.210+0000] {processor.py:179} INFO - Processing /home/airflow/.local/lib/python3.8/site-packages/airflow/example_dags/example_latest_only.py took 0.038 seconds
[2025-03-06T14:47:20.643+0000] {processor.py:157} INFO - Started process (PID=27976) to work on /home/airflow/.local/lib/python3.8/site-packages/airflow/example_dags/example_latest_only.py
[2025-03-06T14:47:20.644+0000] {processor.py:829} INFO - Processing file /home/airflow/.local/lib/python3.8/site-packages/airflow/example_dags/example_latest_only.py for tasks to queue
[2025-03-06T14:47:20.645+0000] {logging_mixin.py:154} INFO - [2025-03-06T14:47:20.645+0000] {dagbag.py:536} INFO - Filling up the DagBag from /home/airflow/.local/lib/python3.8/site-packages/airflow/example_dags/example_latest_only.py
[2025-03-06T14:47:20.650+0000] {processor.py:839} INFO - DAG(s) dict_keys(['latest_only']) retrieved from /home/airflow/.local/lib/python3.8/site-packages/airflow/example_dags/example_latest_only.py
[2025-03-06T14:47:20.660+0000] {logging_mixin.py:154} INFO - [2025-03-06T14:47:20.660+0000] {dag.py:2941} INFO - Sync 1 DAGs
[2025-03-06T14:47:20.668+0000] {logging_mixin.py:154} INFO - [2025-03-06T14:47:20.668+0000] {dag.py:3722} INFO - Setting next_dagrun for latest_only to 2025-03-06T10:47:20.668785+00:00, run_after=2025-03-06T14:47:20.668785+00:00
[2025-03-06T14:47:20.677+0000] {processor.py:179} INFO - Processing /home/airflow/.local/lib/python3.8/site-packages/airflow/example_dags/example_latest_only.py took 0.036 seconds
[2025-03-06T14:47:51.149+0000] {processor.py:157} INFO - Started process (PID=28032) to work on /home/airflow/.local/lib/python3.8/site-packages/airflow/example_dags/example_latest_only.py
[2025-03-06T14:47:51.151+0000] {processor.py:829} INFO - Processing file /home/airflow/.local/lib/python3.8/site-packages/airflow/example_dags/example_latest_only.py for tasks to queue
[2025-03-06T14:47:51.152+0000] {logging_mixin.py:154} INFO - [2025-03-06T14:47:51.152+0000] {dagbag.py:536} INFO - Filling up the DagBag from /home/airflow/.local/lib/python3.8/site-packages/airflow/example_dags/example_latest_only.py
[2025-03-06T14:47:51.155+0000] {processor.py:839} INFO - DAG(s) dict_keys(['latest_only']) retrieved from /home/airflow/.local/lib/python3.8/site-packages/airflow/example_dags/example_latest_only.py
[2025-03-06T14:47:51.165+0000] {logging_mixin.py:154} INFO - [2025-03-06T14:47:51.164+0000] {dag.py:2941} INFO - Sync 1 DAGs
[2025-03-06T14:47:51.173+0000] {logging_mixin.py:154} INFO - [2025-03-06T14:47:51.173+0000] {dag.py:3722} INFO - Setting next_dagrun for latest_only to 2025-03-06T10:47:51.172918+00:00, run_after=2025-03-06T14:47:51.172918+00:00
[2025-03-06T14:47:51.179+0000] {processor.py:179} INFO - Processing /home/airflow/.local/lib/python3.8/site-packages/airflow/example_dags/example_latest_only.py took 0.031 seconds
[2025-03-06T14:48:21.652+0000] {processor.py:157} INFO - Started process (PID=28088) to work on /home/airflow/.local/lib/python3.8/site-packages/airflow/example_dags/example_latest_only.py
[2025-03-06T14:48:21.653+0000] {processor.py:829} INFO - Processing file /home/airflow/.local/lib/python3.8/site-packages/airflow/example_dags/example_latest_only.py for tasks to queue
[2025-03-06T14:48:21.653+0000] {logging_mixin.py:154} INFO - [2025-03-06T14:48:21.653+0000] {dagbag.py:536} INFO - Filling up the DagBag from /home/airflow/.local/lib/python3.8/site-packages/airflow/example_dags/example_latest_only.py
[2025-03-06T14:48:21.656+0000] {processor.py:839} INFO - DAG(s) dict_keys(['latest_only']) retrieved from /home/airflow/.local/lib/python3.8/site-packages/airflow/example_dags/example_latest_only.py
[2025-03-06T14:48:21.665+0000] {logging_mixin.py:154} INFO - [2025-03-06T14:48:21.665+0000] {dag.py:2941} INFO - Sync 1 DAGs
[2025-03-06T14:48:21.674+0000] {logging_mixin.py:154} INFO - [2025-03-06T14:48:21.674+0000] {dag.py:3722} INFO - Setting next_dagrun for latest_only to 2025-03-06T10:48:21.674282+00:00, run_after=2025-03-06T14:48:21.674282+00:00
[2025-03-06T14:48:21.681+0000] {processor.py:179} INFO - Processing /home/airflow/.local/lib/python3.8/site-packages/airflow/example_dags/example_latest_only.py took 0.030 seconds
[2025-03-06T14:48:52.210+0000] {processor.py:157} INFO - Started process (PID=28144) to work on /home/airflow/.local/lib/python3.8/site-packages/airflow/example_dags/example_latest_only.py
[2025-03-06T14:48:52.210+0000] {processor.py:829} INFO - Processing file /home/airflow/.local/lib/python3.8/site-packages/airflow/example_dags/example_latest_only.py for tasks to queue
[2025-03-06T14:48:52.210+0000] {logging_mixin.py:154} INFO - [2025-03-06T14:48:52.210+0000] {dagbag.py:536} INFO - Filling up the DagBag from /home/airflow/.local/lib/python3.8/site-packages/airflow/example_dags/example_latest_only.py
[2025-03-06T14:48:52.213+0000] {processor.py:839} INFO - DAG(s) dict_keys(['latest_only']) retrieved from /home/airflow/.local/lib/python3.8/site-packages/airflow/example_dags/example_latest_only.py
[2025-03-06T14:48:52.224+0000] {logging_mixin.py:154} INFO - [2025-03-06T14:48:52.223+0000] {dag.py:2941} INFO - Sync 1 DAGs
[2025-03-06T14:48:52.234+0000] {logging_mixin.py:154} INFO - [2025-03-06T14:48:52.233+0000] {dag.py:3722} INFO - Setting next_dagrun for latest_only to 2025-03-06T10:48:52.233868+00:00, run_after=2025-03-06T14:48:52.233868+00:00
[2025-03-06T14:48:52.243+0000] {processor.py:179} INFO - Processing /home/airflow/.local/lib/python3.8/site-packages/airflow/example_dags/example_latest_only.py took 0.035 seconds
[2025-03-06T14:49:22.818+0000] {processor.py:157} INFO - Started process (PID=28200) to work on /home/airflow/.local/lib/python3.8/site-packages/airflow/example_dags/example_latest_only.py
[2025-03-06T14:49:22.820+0000] {processor.py:829} INFO - Processing file /home/airflow/.local/lib/python3.8/site-packages/airflow/example_dags/example_latest_only.py for tasks to queue
[2025-03-06T14:49:22.820+0000] {logging_mixin.py:154} INFO - [2025-03-06T14:49:22.820+0000] {dagbag.py:536} INFO - Filling up the DagBag from /home/airflow/.local/lib/python3.8/site-packages/airflow/example_dags/example_latest_only.py
[2025-03-06T14:49:22.825+0000] {processor.py:839} INFO - DAG(s) dict_keys(['latest_only']) retrieved from /home/airflow/.local/lib/python3.8/site-packages/airflow/example_dags/example_latest_only.py
[2025-03-06T14:49:22.837+0000] {logging_mixin.py:154} INFO - [2025-03-06T14:49:22.837+0000] {dag.py:2941} INFO - Sync 1 DAGs
[2025-03-06T14:49:22.846+0000] {logging_mixin.py:154} INFO - [2025-03-06T14:49:22.846+0000] {dag.py:3722} INFO - Setting next_dagrun for latest_only to 2025-03-06T10:49:22.845962+00:00, run_after=2025-03-06T14:49:22.845962+00:00
[2025-03-06T14:49:22.858+0000] {processor.py:179} INFO - Processing /home/airflow/.local/lib/python3.8/site-packages/airflow/example_dags/example_latest_only.py took 0.042 seconds
[2025-03-06T14:49:53.444+0000] {processor.py:157} INFO - Started process (PID=28256) to work on /home/airflow/.local/lib/python3.8/site-packages/airflow/example_dags/example_latest_only.py
[2025-03-06T14:49:53.445+0000] {processor.py:829} INFO - Processing file /home/airflow/.local/lib/python3.8/site-packages/airflow/example_dags/example_latest_only.py for tasks to queue
[2025-03-06T14:49:53.446+0000] {logging_mixin.py:154} INFO - [2025-03-06T14:49:53.445+0000] {dagbag.py:536} INFO - Filling up the DagBag from /home/airflow/.local/lib/python3.8/site-packages/airflow/example_dags/example_latest_only.py
[2025-03-06T14:49:53.450+0000] {processor.py:839} INFO - DAG(s) dict_keys(['latest_only']) retrieved from /home/airflow/.local/lib/python3.8/site-packages/airflow/example_dags/example_latest_only.py
[2025-03-06T14:49:53.459+0000] {logging_mixin.py:154} INFO - [2025-03-06T14:49:53.459+0000] {dag.py:2941} INFO - Sync 1 DAGs
[2025-03-06T14:49:53.469+0000] {logging_mixin.py:154} INFO - [2025-03-06T14:49:53.469+0000] {dag.py:3722} INFO - Setting next_dagrun for latest_only to 2025-03-06T10:49:53.469529+00:00, run_after=2025-03-06T14:49:53.469529+00:00
[2025-03-06T14:49:53.479+0000] {processor.py:179} INFO - Processing /home/airflow/.local/lib/python3.8/site-packages/airflow/example_dags/example_latest_only.py took 0.036 seconds
[2025-03-06T14:50:24.076+0000] {processor.py:157} INFO - Started process (PID=28312) to work on /home/airflow/.local/lib/python3.8/site-packages/airflow/example_dags/example_latest_only.py
[2025-03-06T14:50:24.077+0000] {processor.py:829} INFO - Processing file /home/airflow/.local/lib/python3.8/site-packages/airflow/example_dags/example_latest_only.py for tasks to queue
[2025-03-06T14:50:24.077+0000] {logging_mixin.py:154} INFO - [2025-03-06T14:50:24.077+0000] {dagbag.py:536} INFO - Filling up the DagBag from /home/airflow/.local/lib/python3.8/site-packages/airflow/example_dags/example_latest_only.py
[2025-03-06T14:50:24.080+0000] {processor.py:839} INFO - DAG(s) dict_keys(['latest_only']) retrieved from /home/airflow/.local/lib/python3.8/site-packages/airflow/example_dags/example_latest_only.py
[2025-03-06T14:50:24.092+0000] {logging_mixin.py:154} INFO - [2025-03-06T14:50:24.091+0000] {dag.py:2941} INFO - Sync 1 DAGs
[2025-03-06T14:50:24.102+0000] {logging_mixin.py:154} INFO - [2025-03-06T14:50:24.102+0000] {dag.py:3722} INFO - Setting next_dagrun for latest_only to 2025-03-06T10:50:24.101987+00:00, run_after=2025-03-06T14:50:24.101987+00:00
[2025-03-06T14:50:24.110+0000] {processor.py:179} INFO - Processing /home/airflow/.local/lib/python3.8/site-packages/airflow/example_dags/example_latest_only.py took 0.035 seconds
[2025-03-06T14:50:54.906+0000] {processor.py:157} INFO - Started process (PID=28368) to work on /home/airflow/.local/lib/python3.8/site-packages/airflow/example_dags/example_latest_only.py
[2025-03-06T14:50:54.908+0000] {processor.py:829} INFO - Processing file /home/airflow/.local/lib/python3.8/site-packages/airflow/example_dags/example_latest_only.py for tasks to queue
[2025-03-06T14:50:54.909+0000] {logging_mixin.py:154} INFO - [2025-03-06T14:50:54.908+0000] {dagbag.py:536} INFO - Filling up the DagBag from /home/airflow/.local/lib/python3.8/site-packages/airflow/example_dags/example_latest_only.py
[2025-03-06T14:50:54.911+0000] {processor.py:839} INFO - DAG(s) dict_keys(['latest_only']) retrieved from /home/airflow/.local/lib/python3.8/site-packages/airflow/example_dags/example_latest_only.py
[2025-03-06T14:50:54.920+0000] {logging_mixin.py:154} INFO - [2025-03-06T14:50:54.920+0000] {dag.py:2941} INFO - Sync 1 DAGs
[2025-03-06T14:50:54.928+0000] {logging_mixin.py:154} INFO - [2025-03-06T14:50:54.928+0000] {dag.py:3722} INFO - Setting next_dagrun for latest_only to 2025-03-06T10:50:54.928638+00:00, run_after=2025-03-06T14:50:54.928638+00:00
[2025-03-06T14:50:54.937+0000] {processor.py:179} INFO - Processing /home/airflow/.local/lib/python3.8/site-packages/airflow/example_dags/example_latest_only.py took 0.032 seconds
[2025-03-06T14:51:25.587+0000] {processor.py:157} INFO - Started process (PID=28424) to work on /home/airflow/.local/lib/python3.8/site-packages/airflow/example_dags/example_latest_only.py
[2025-03-06T14:51:25.590+0000] {processor.py:829} INFO - Processing file /home/airflow/.local/lib/python3.8/site-packages/airflow/example_dags/example_latest_only.py for tasks to queue
[2025-03-06T14:51:25.590+0000] {logging_mixin.py:154} INFO - [2025-03-06T14:51:25.590+0000] {dagbag.py:536} INFO - Filling up the DagBag from /home/airflow/.local/lib/python3.8/site-packages/airflow/example_dags/example_latest_only.py
[2025-03-06T14:51:25.593+0000] {processor.py:839} INFO - DAG(s) dict_keys(['latest_only']) retrieved from /home/airflow/.local/lib/python3.8/site-packages/airflow/example_dags/example_latest_only.py
[2025-03-06T14:51:25.603+0000] {logging_mixin.py:154} INFO - [2025-03-06T14:51:25.602+0000] {dag.py:2941} INFO - Sync 1 DAGs
[2025-03-06T14:51:25.613+0000] {logging_mixin.py:154} INFO - [2025-03-06T14:51:25.613+0000] {dag.py:3722} INFO - Setting next_dagrun for latest_only to 2025-03-06T10:51:25.612942+00:00, run_after=2025-03-06T14:51:25.612942+00:00
[2025-03-06T14:51:25.620+0000] {processor.py:179} INFO - Processing /home/airflow/.local/lib/python3.8/site-packages/airflow/example_dags/example_latest_only.py took 0.034 seconds
[2025-03-06T14:51:56.178+0000] {processor.py:157} INFO - Started process (PID=28480) to work on /home/airflow/.local/lib/python3.8/site-packages/airflow/example_dags/example_latest_only.py
[2025-03-06T14:51:56.179+0000] {processor.py:829} INFO - Processing file /home/airflow/.local/lib/python3.8/site-packages/airflow/example_dags/example_latest_only.py for tasks to queue
[2025-03-06T14:51:56.180+0000] {logging_mixin.py:154} INFO - [2025-03-06T14:51:56.180+0000] {dagbag.py:536} INFO - Filling up the DagBag from /home/airflow/.local/lib/python3.8/site-packages/airflow/example_dags/example_latest_only.py
[2025-03-06T14:51:56.184+0000] {processor.py:839} INFO - DAG(s) dict_keys(['latest_only']) retrieved from /home/airflow/.local/lib/python3.8/site-packages/airflow/example_dags/example_latest_only.py
[2025-03-06T14:51:56.194+0000] {logging_mixin.py:154} INFO - [2025-03-06T14:51:56.194+0000] {dag.py:2941} INFO - Sync 1 DAGs
[2025-03-06T14:51:56.202+0000] {logging_mixin.py:154} INFO - [2025-03-06T14:51:56.202+0000] {dag.py:3722} INFO - Setting next_dagrun for latest_only to 2025-03-06T10:51:56.202551+00:00, run_after=2025-03-06T14:51:56.202551+00:00
[2025-03-06T14:51:56.208+0000] {processor.py:179} INFO - Processing /home/airflow/.local/lib/python3.8/site-packages/airflow/example_dags/example_latest_only.py took 0.032 seconds
[2025-03-06T14:52:26.796+0000] {processor.py:157} INFO - Started process (PID=28536) to work on /home/airflow/.local/lib/python3.8/site-packages/airflow/example_dags/example_latest_only.py
[2025-03-06T14:52:26.797+0000] {processor.py:829} INFO - Processing file /home/airflow/.local/lib/python3.8/site-packages/airflow/example_dags/example_latest_only.py for tasks to queue
[2025-03-06T14:52:26.797+0000] {logging_mixin.py:154} INFO - [2025-03-06T14:52:26.797+0000] {dagbag.py:536} INFO - Filling up the DagBag from /home/airflow/.local/lib/python3.8/site-packages/airflow/example_dags/example_latest_only.py
[2025-03-06T14:52:26.800+0000] {processor.py:839} INFO - DAG(s) dict_keys(['latest_only']) retrieved from /home/airflow/.local/lib/python3.8/site-packages/airflow/example_dags/example_latest_only.py
[2025-03-06T14:52:26.810+0000] {logging_mixin.py:154} INFO - [2025-03-06T14:52:26.810+0000] {dag.py:2941} INFO - Sync 1 DAGs
[2025-03-06T14:52:26.818+0000] {logging_mixin.py:154} INFO - [2025-03-06T14:52:26.818+0000] {dag.py:3722} INFO - Setting next_dagrun for latest_only to 2025-03-06T10:52:26.818211+00:00, run_after=2025-03-06T14:52:26.818211+00:00
[2025-03-06T14:52:26.825+0000] {processor.py:179} INFO - Processing /home/airflow/.local/lib/python3.8/site-packages/airflow/example_dags/example_latest_only.py took 0.031 seconds
[2025-03-06T14:52:57.370+0000] {processor.py:157} INFO - Started process (PID=28592) to work on /home/airflow/.local/lib/python3.8/site-packages/airflow/example_dags/example_latest_only.py
[2025-03-06T14:52:57.371+0000] {processor.py:829} INFO - Processing file /home/airflow/.local/lib/python3.8/site-packages/airflow/example_dags/example_latest_only.py for tasks to queue
[2025-03-06T14:52:57.371+0000] {logging_mixin.py:154} INFO - [2025-03-06T14:52:57.371+0000] {dagbag.py:536} INFO - Filling up the DagBag from /home/airflow/.local/lib/python3.8/site-packages/airflow/example_dags/example_latest_only.py
[2025-03-06T14:52:57.374+0000] {processor.py:839} INFO - DAG(s) dict_keys(['latest_only']) retrieved from /home/airflow/.local/lib/python3.8/site-packages/airflow/example_dags/example_latest_only.py
[2025-03-06T14:52:57.385+0000] {logging_mixin.py:154} INFO - [2025-03-06T14:52:57.385+0000] {dag.py:2941} INFO - Sync 1 DAGs
[2025-03-06T14:52:57.393+0000] {logging_mixin.py:154} INFO - [2025-03-06T14:52:57.393+0000] {dag.py:3722} INFO - Setting next_dagrun for latest_only to 2025-03-06T10:52:57.393343+00:00, run_after=2025-03-06T14:52:57.393343+00:00
[2025-03-06T14:52:57.403+0000] {processor.py:179} INFO - Processing /home/airflow/.local/lib/python3.8/site-packages/airflow/example_dags/example_latest_only.py took 0.034 seconds
[2025-03-06T14:53:28.074+0000] {processor.py:157} INFO - Started process (PID=28648) to work on /home/airflow/.local/lib/python3.8/site-packages/airflow/example_dags/example_latest_only.py
[2025-03-06T14:53:28.077+0000] {processor.py:829} INFO - Processing file /home/airflow/.local/lib/python3.8/site-packages/airflow/example_dags/example_latest_only.py for tasks to queue
[2025-03-06T14:53:28.077+0000] {logging_mixin.py:154} INFO - [2025-03-06T14:53:28.077+0000] {dagbag.py:536} INFO - Filling up the DagBag from /home/airflow/.local/lib/python3.8/site-packages/airflow/example_dags/example_latest_only.py
[2025-03-06T14:53:28.081+0000] {processor.py:839} INFO - DAG(s) dict_keys(['latest_only']) retrieved from /home/airflow/.local/lib/python3.8/site-packages/airflow/example_dags/example_latest_only.py
[2025-03-06T14:53:28.092+0000] {logging_mixin.py:154} INFO - [2025-03-06T14:53:28.092+0000] {dag.py:2941} INFO - Sync 1 DAGs
[2025-03-06T14:53:28.099+0000] {logging_mixin.py:154} INFO - [2025-03-06T14:53:28.099+0000] {dag.py:3722} INFO - Setting next_dagrun for latest_only to 2025-03-06T10:53:28.099824+00:00, run_after=2025-03-06T14:53:28.099824+00:00
[2025-03-06T14:53:28.109+0000] {processor.py:179} INFO - Processing /home/airflow/.local/lib/python3.8/site-packages/airflow/example_dags/example_latest_only.py took 0.036 seconds
[2025-03-06T14:53:58.959+0000] {processor.py:157} INFO - Started process (PID=28704) to work on /home/airflow/.local/lib/python3.8/site-packages/airflow/example_dags/example_latest_only.py
[2025-03-06T14:53:58.960+0000] {processor.py:829} INFO - Processing file /home/airflow/.local/lib/python3.8/site-packages/airflow/example_dags/example_latest_only.py for tasks to queue
[2025-03-06T14:53:58.960+0000] {logging_mixin.py:154} INFO - [2025-03-06T14:53:58.960+0000] {dagbag.py:536} INFO - Filling up the DagBag from /home/airflow/.local/lib/python3.8/site-packages/airflow/example_dags/example_latest_only.py
[2025-03-06T14:53:58.963+0000] {processor.py:839} INFO - DAG(s) dict_keys(['latest_only']) retrieved from /home/airflow/.local/lib/python3.8/site-packages/airflow/example_dags/example_latest_only.py
[2025-03-06T14:53:58.974+0000] {logging_mixin.py:154} INFO - [2025-03-06T14:53:58.974+0000] {dag.py:2941} INFO - Sync 1 DAGs
[2025-03-06T14:53:58.983+0000] {logging_mixin.py:154} INFO - [2025-03-06T14:53:58.983+0000] {dag.py:3722} INFO - Setting next_dagrun for latest_only to 2025-03-06T10:53:58.983071+00:00, run_after=2025-03-06T14:53:58.983071+00:00
[2025-03-06T14:53:58.991+0000] {processor.py:179} INFO - Processing /home/airflow/.local/lib/python3.8/site-packages/airflow/example_dags/example_latest_only.py took 0.034 seconds
[2025-03-06T14:54:29.694+0000] {processor.py:157} INFO - Started process (PID=28760) to work on /home/airflow/.local/lib/python3.8/site-packages/airflow/example_dags/example_latest_only.py
[2025-03-06T14:54:29.694+0000] {processor.py:829} INFO - Processing file /home/airflow/.local/lib/python3.8/site-packages/airflow/example_dags/example_latest_only.py for tasks to queue
[2025-03-06T14:54:29.695+0000] {logging_mixin.py:154} INFO - [2025-03-06T14:54:29.694+0000] {dagbag.py:536} INFO - Filling up the DagBag from /home/airflow/.local/lib/python3.8/site-packages/airflow/example_dags/example_latest_only.py
[2025-03-06T14:54:29.698+0000] {processor.py:839} INFO - DAG(s) dict_keys(['latest_only']) retrieved from /home/airflow/.local/lib/python3.8/site-packages/airflow/example_dags/example_latest_only.py
[2025-03-06T14:54:29.707+0000] {logging_mixin.py:154} INFO - [2025-03-06T14:54:29.707+0000] {dag.py:2941} INFO - Sync 1 DAGs
[2025-03-06T14:54:29.716+0000] {logging_mixin.py:154} INFO - [2025-03-06T14:54:29.716+0000] {dag.py:3722} INFO - Setting next_dagrun for latest_only to 2025-03-06T10:54:29.715953+00:00, run_after=2025-03-06T14:54:29.715953+00:00
[2025-03-06T14:54:29.726+0000] {processor.py:179} INFO - Processing /home/airflow/.local/lib/python3.8/site-packages/airflow/example_dags/example_latest_only.py took 0.034 seconds
[2025-03-06T14:55:00.919+0000] {processor.py:157} INFO - Started process (PID=28823) to work on /home/airflow/.local/lib/python3.8/site-packages/airflow/example_dags/example_latest_only.py
[2025-03-06T14:55:00.921+0000] {processor.py:829} INFO - Processing file /home/airflow/.local/lib/python3.8/site-packages/airflow/example_dags/example_latest_only.py for tasks to queue
[2025-03-06T14:55:00.921+0000] {logging_mixin.py:154} INFO - [2025-03-06T14:55:00.921+0000] {dagbag.py:536} INFO - Filling up the DagBag from /home/airflow/.local/lib/python3.8/site-packages/airflow/example_dags/example_latest_only.py
[2025-03-06T14:55:00.925+0000] {processor.py:839} INFO - DAG(s) dict_keys(['latest_only']) retrieved from /home/airflow/.local/lib/python3.8/site-packages/airflow/example_dags/example_latest_only.py
[2025-03-06T14:55:00.934+0000] {logging_mixin.py:154} INFO - [2025-03-06T14:55:00.934+0000] {dag.py:2941} INFO - Sync 1 DAGs
[2025-03-06T14:55:00.943+0000] {logging_mixin.py:154} INFO - [2025-03-06T14:55:00.943+0000] {dag.py:3722} INFO - Setting next_dagrun for latest_only to 2025-03-06T10:55:00.943599+00:00, run_after=2025-03-06T14:55:00.943599+00:00
[2025-03-06T14:55:01.046+0000] {processor.py:179} INFO - Processing /home/airflow/.local/lib/python3.8/site-packages/airflow/example_dags/example_latest_only.py took 0.129 seconds
[2025-03-06T14:55:31.367+0000] {processor.py:157} INFO - Started process (PID=28879) to work on /home/airflow/.local/lib/python3.8/site-packages/airflow/example_dags/example_latest_only.py
[2025-03-06T14:55:31.368+0000] {processor.py:829} INFO - Processing file /home/airflow/.local/lib/python3.8/site-packages/airflow/example_dags/example_latest_only.py for tasks to queue
[2025-03-06T14:55:31.368+0000] {logging_mixin.py:154} INFO - [2025-03-06T14:55:31.368+0000] {dagbag.py:536} INFO - Filling up the DagBag from /home/airflow/.local/lib/python3.8/site-packages/airflow/example_dags/example_latest_only.py
[2025-03-06T14:55:31.371+0000] {processor.py:839} INFO - DAG(s) dict_keys(['latest_only']) retrieved from /home/airflow/.local/lib/python3.8/site-packages/airflow/example_dags/example_latest_only.py
[2025-03-06T14:55:31.380+0000] {logging_mixin.py:154} INFO - [2025-03-06T14:55:31.380+0000] {dag.py:2941} INFO - Sync 1 DAGs
[2025-03-06T14:55:31.387+0000] {logging_mixin.py:154} INFO - [2025-03-06T14:55:31.387+0000] {dag.py:3722} INFO - Setting next_dagrun for latest_only to 2025-03-06T10:55:31.387454+00:00, run_after=2025-03-06T14:55:31.387454+00:00
[2025-03-06T14:55:31.393+0000] {processor.py:179} INFO - Processing /home/airflow/.local/lib/python3.8/site-packages/airflow/example_dags/example_latest_only.py took 0.028 seconds
[2025-03-06T14:56:01.837+0000] {processor.py:157} INFO - Started process (PID=28935) to work on /home/airflow/.local/lib/python3.8/site-packages/airflow/example_dags/example_latest_only.py
[2025-03-06T14:56:01.837+0000] {processor.py:829} INFO - Processing file /home/airflow/.local/lib/python3.8/site-packages/airflow/example_dags/example_latest_only.py for tasks to queue
[2025-03-06T14:56:01.838+0000] {logging_mixin.py:154} INFO - [2025-03-06T14:56:01.838+0000] {dagbag.py:536} INFO - Filling up the DagBag from /home/airflow/.local/lib/python3.8/site-packages/airflow/example_dags/example_latest_only.py
[2025-03-06T14:56:01.841+0000] {processor.py:839} INFO - DAG(s) dict_keys(['latest_only']) retrieved from /home/airflow/.local/lib/python3.8/site-packages/airflow/example_dags/example_latest_only.py
[2025-03-06T14:56:01.849+0000] {logging_mixin.py:154} INFO - [2025-03-06T14:56:01.848+0000] {dag.py:2941} INFO - Sync 1 DAGs
[2025-03-06T14:56:01.858+0000] {logging_mixin.py:154} INFO - [2025-03-06T14:56:01.858+0000] {dag.py:3722} INFO - Setting next_dagrun for latest_only to 2025-03-06T10:56:01.857982+00:00, run_after=2025-03-06T14:56:01.857982+00:00
[2025-03-06T14:56:01.868+0000] {processor.py:179} INFO - Processing /home/airflow/.local/lib/python3.8/site-packages/airflow/example_dags/example_latest_only.py took 0.033 seconds
[2025-03-06T14:56:32.238+0000] {processor.py:157} INFO - Started process (PID=28991) to work on /home/airflow/.local/lib/python3.8/site-packages/airflow/example_dags/example_latest_only.py
[2025-03-06T14:56:32.239+0000] {processor.py:829} INFO - Processing file /home/airflow/.local/lib/python3.8/site-packages/airflow/example_dags/example_latest_only.py for tasks to queue
[2025-03-06T14:56:32.239+0000] {logging_mixin.py:154} INFO - [2025-03-06T14:56:32.239+0000] {dagbag.py:536} INFO - Filling up the DagBag from /home/airflow/.local/lib/python3.8/site-packages/airflow/example_dags/example_latest_only.py
[2025-03-06T14:56:32.242+0000] {processor.py:839} INFO - DAG(s) dict_keys(['latest_only']) retrieved from /home/airflow/.local/lib/python3.8/site-packages/airflow/example_dags/example_latest_only.py
[2025-03-06T14:56:32.254+0000] {logging_mixin.py:154} INFO - [2025-03-06T14:56:32.253+0000] {dag.py:2941} INFO - Sync 1 DAGs
[2025-03-06T14:56:32.265+0000] {logging_mixin.py:154} INFO - [2025-03-06T14:56:32.265+0000] {dag.py:3722} INFO - Setting next_dagrun for latest_only to 2025-03-06T10:56:32.265204+00:00, run_after=2025-03-06T14:56:32.265204+00:00
[2025-03-06T14:56:32.276+0000] {processor.py:179} INFO - Processing /home/airflow/.local/lib/python3.8/site-packages/airflow/example_dags/example_latest_only.py took 0.039 seconds
[2025-03-06T14:57:03.510+0000] {processor.py:157} INFO - Started process (PID=29047) to work on /home/airflow/.local/lib/python3.8/site-packages/airflow/example_dags/example_latest_only.py
[2025-03-06T14:57:03.511+0000] {processor.py:829} INFO - Processing file /home/airflow/.local/lib/python3.8/site-packages/airflow/example_dags/example_latest_only.py for tasks to queue
[2025-03-06T14:57:03.511+0000] {logging_mixin.py:154} INFO - [2025-03-06T14:57:03.511+0000] {dagbag.py:536} INFO - Filling up the DagBag from /home/airflow/.local/lib/python3.8/site-packages/airflow/example_dags/example_latest_only.py
[2025-03-06T14:57:03.513+0000] {processor.py:839} INFO - DAG(s) dict_keys(['latest_only']) retrieved from /home/airflow/.local/lib/python3.8/site-packages/airflow/example_dags/example_latest_only.py
[2025-03-06T14:57:03.522+0000] {logging_mixin.py:154} INFO - [2025-03-06T14:57:03.521+0000] {dag.py:2941} INFO - Sync 1 DAGs
[2025-03-06T14:57:03.529+0000] {logging_mixin.py:154} INFO - [2025-03-06T14:57:03.529+0000] {dag.py:3722} INFO - Setting next_dagrun for latest_only to 2025-03-06T10:57:03.529323+00:00, run_after=2025-03-06T14:57:03.529323+00:00
[2025-03-06T14:57:03.535+0000] {processor.py:179} INFO - Processing /home/airflow/.local/lib/python3.8/site-packages/airflow/example_dags/example_latest_only.py took 0.026 seconds
[2025-03-06T14:57:35.159+0000] {processor.py:157} INFO - Started process (PID=29103) to work on /home/airflow/.local/lib/python3.8/site-packages/airflow/example_dags/example_latest_only.py
[2025-03-06T14:57:35.159+0000] {processor.py:829} INFO - Processing file /home/airflow/.local/lib/python3.8/site-packages/airflow/example_dags/example_latest_only.py for tasks to queue
[2025-03-06T14:57:35.162+0000] {logging_mixin.py:154} INFO - [2025-03-06T14:57:35.161+0000] {dagbag.py:536} INFO - Filling up the DagBag from /home/airflow/.local/lib/python3.8/site-packages/airflow/example_dags/example_latest_only.py
[2025-03-06T14:57:35.164+0000] {processor.py:839} INFO - DAG(s) dict_keys(['latest_only']) retrieved from /home/airflow/.local/lib/python3.8/site-packages/airflow/example_dags/example_latest_only.py
[2025-03-06T14:57:35.178+0000] {logging_mixin.py:154} INFO - [2025-03-06T14:57:35.177+0000] {dag.py:2941} INFO - Sync 1 DAGs
[2025-03-06T14:57:35.284+0000] {logging_mixin.py:154} INFO - [2025-03-06T14:57:35.284+0000] {dag.py:3722} INFO - Setting next_dagrun for latest_only to 2025-03-06T10:57:35.284398+00:00, run_after=2025-03-06T14:57:35.284398+00:00
[2025-03-06T14:57:35.293+0000] {processor.py:179} INFO - Processing /home/airflow/.local/lib/python3.8/site-packages/airflow/example_dags/example_latest_only.py took 0.135 seconds
[2025-03-06T14:58:06.214+0000] {processor.py:157} INFO - Started process (PID=29159) to work on /home/airflow/.local/lib/python3.8/site-packages/airflow/example_dags/example_latest_only.py
[2025-03-06T14:58:06.217+0000] {processor.py:829} INFO - Processing file /home/airflow/.local/lib/python3.8/site-packages/airflow/example_dags/example_latest_only.py for tasks to queue
[2025-03-06T14:58:06.217+0000] {logging_mixin.py:154} INFO - [2025-03-06T14:58:06.217+0000] {dagbag.py:536} INFO - Filling up the DagBag from /home/airflow/.local/lib/python3.8/site-packages/airflow/example_dags/example_latest_only.py
[2025-03-06T14:58:06.220+0000] {processor.py:839} INFO - DAG(s) dict_keys(['latest_only']) retrieved from /home/airflow/.local/lib/python3.8/site-packages/airflow/example_dags/example_latest_only.py
[2025-03-06T14:58:06.231+0000] {logging_mixin.py:154} INFO - [2025-03-06T14:58:06.231+0000] {dag.py:2941} INFO - Sync 1 DAGs
[2025-03-06T14:58:06.240+0000] {logging_mixin.py:154} INFO - [2025-03-06T14:58:06.240+0000] {dag.py:3722} INFO - Setting next_dagrun for latest_only to 2025-03-06T10:58:06.240041+00:00, run_after=2025-03-06T14:58:06.240041+00:00
[2025-03-06T14:58:06.249+0000] {processor.py:179} INFO - Processing /home/airflow/.local/lib/python3.8/site-packages/airflow/example_dags/example_latest_only.py took 0.036 seconds
[2025-03-06T14:58:36.793+0000] {processor.py:157} INFO - Started process (PID=29214) to work on /home/airflow/.local/lib/python3.8/site-packages/airflow/example_dags/example_latest_only.py
[2025-03-06T14:58:36.796+0000] {processor.py:829} INFO - Processing file /home/airflow/.local/lib/python3.8/site-packages/airflow/example_dags/example_latest_only.py for tasks to queue
[2025-03-06T14:58:36.796+0000] {logging_mixin.py:154} INFO - [2025-03-06T14:58:36.796+0000] {dagbag.py:536} INFO - Filling up the DagBag from /home/airflow/.local/lib/python3.8/site-packages/airflow/example_dags/example_latest_only.py
[2025-03-06T14:58:36.799+0000] {processor.py:839} INFO - DAG(s) dict_keys(['latest_only']) retrieved from /home/airflow/.local/lib/python3.8/site-packages/airflow/example_dags/example_latest_only.py
[2025-03-06T14:58:36.810+0000] {logging_mixin.py:154} INFO - [2025-03-06T14:58:36.810+0000] {dag.py:2941} INFO - Sync 1 DAGs
[2025-03-06T14:58:36.820+0000] {logging_mixin.py:154} INFO - [2025-03-06T14:58:36.820+0000] {dag.py:3722} INFO - Setting next_dagrun for latest_only to 2025-03-06T10:58:36.819986+00:00, run_after=2025-03-06T14:58:36.819986+00:00
[2025-03-06T14:58:36.831+0000] {processor.py:179} INFO - Processing /home/airflow/.local/lib/python3.8/site-packages/airflow/example_dags/example_latest_only.py took 0.039 seconds
[2025-03-06T14:59:07.592+0000] {processor.py:157} INFO - Started process (PID=29271) to work on /home/airflow/.local/lib/python3.8/site-packages/airflow/example_dags/example_latest_only.py
[2025-03-06T14:59:07.593+0000] {processor.py:829} INFO - Processing file /home/airflow/.local/lib/python3.8/site-packages/airflow/example_dags/example_latest_only.py for tasks to queue
[2025-03-06T14:59:07.594+0000] {logging_mixin.py:154} INFO - [2025-03-06T14:59:07.594+0000] {dagbag.py:536} INFO - Filling up the DagBag from /home/airflow/.local/lib/python3.8/site-packages/airflow/example_dags/example_latest_only.py
[2025-03-06T14:59:07.597+0000] {processor.py:839} INFO - DAG(s) dict_keys(['latest_only']) retrieved from /home/airflow/.local/lib/python3.8/site-packages/airflow/example_dags/example_latest_only.py
[2025-03-06T14:59:07.610+0000] {logging_mixin.py:154} INFO - [2025-03-06T14:59:07.610+0000] {dag.py:2941} INFO - Sync 1 DAGs
[2025-03-06T14:59:07.713+0000] {logging_mixin.py:154} INFO - [2025-03-06T14:59:07.713+0000] {dag.py:3722} INFO - Setting next_dagrun for latest_only to 2025-03-06T10:59:07.713039+00:00, run_after=2025-03-06T14:59:07.713039+00:00
[2025-03-06T14:59:07.721+0000] {processor.py:179} INFO - Processing /home/airflow/.local/lib/python3.8/site-packages/airflow/example_dags/example_latest_only.py took 0.131 seconds
[2025-03-06T14:59:38.677+0000] {processor.py:157} INFO - Started process (PID=29327) to work on /home/airflow/.local/lib/python3.8/site-packages/airflow/example_dags/example_latest_only.py
[2025-03-06T14:59:38.679+0000] {processor.py:829} INFO - Processing file /home/airflow/.local/lib/python3.8/site-packages/airflow/example_dags/example_latest_only.py for tasks to queue
[2025-03-06T14:59:38.680+0000] {logging_mixin.py:154} INFO - [2025-03-06T14:59:38.680+0000] {dagbag.py:536} INFO - Filling up the DagBag from /home/airflow/.local/lib/python3.8/site-packages/airflow/example_dags/example_latest_only.py
[2025-03-06T14:59:38.684+0000] {processor.py:839} INFO - DAG(s) dict_keys(['latest_only']) retrieved from /home/airflow/.local/lib/python3.8/site-packages/airflow/example_dags/example_latest_only.py
[2025-03-06T14:59:38.699+0000] {logging_mixin.py:154} INFO - [2025-03-06T14:59:38.698+0000] {dag.py:2941} INFO - Sync 1 DAGs
[2025-03-06T14:59:38.710+0000] {logging_mixin.py:154} INFO - [2025-03-06T14:59:38.710+0000] {dag.py:3722} INFO - Setting next_dagrun for latest_only to 2025-03-06T10:59:38.710305+00:00, run_after=2025-03-06T14:59:38.710305+00:00
[2025-03-06T14:59:38.720+0000] {processor.py:179} INFO - Processing /home/airflow/.local/lib/python3.8/site-packages/airflow/example_dags/example_latest_only.py took 0.046 seconds
[2025-03-06T15:00:09.393+0000] {processor.py:157} INFO - Started process (PID=29383) to work on /home/airflow/.local/lib/python3.8/site-packages/airflow/example_dags/example_latest_only.py
[2025-03-06T15:00:09.394+0000] {processor.py:829} INFO - Processing file /home/airflow/.local/lib/python3.8/site-packages/airflow/example_dags/example_latest_only.py for tasks to queue
[2025-03-06T15:00:09.395+0000] {logging_mixin.py:154} INFO - [2025-03-06T15:00:09.395+0000] {dagbag.py:536} INFO - Filling up the DagBag from /home/airflow/.local/lib/python3.8/site-packages/airflow/example_dags/example_latest_only.py
[2025-03-06T15:00:09.400+0000] {processor.py:839} INFO - DAG(s) dict_keys(['latest_only']) retrieved from /home/airflow/.local/lib/python3.8/site-packages/airflow/example_dags/example_latest_only.py
[2025-03-06T15:00:09.416+0000] {logging_mixin.py:154} INFO - [2025-03-06T15:00:09.416+0000] {dag.py:2941} INFO - Sync 1 DAGs
[2025-03-06T15:00:09.427+0000] {logging_mixin.py:154} INFO - [2025-03-06T15:00:09.427+0000] {dag.py:3722} INFO - Setting next_dagrun for latest_only to 2025-03-06T11:00:09.427322+00:00, run_after=2025-03-06T15:00:09.427322+00:00
[2025-03-06T15:00:09.440+0000] {processor.py:179} INFO - Processing /home/airflow/.local/lib/python3.8/site-packages/airflow/example_dags/example_latest_only.py took 0.051 seconds
[2025-03-06T15:00:39.984+0000] {processor.py:157} INFO - Started process (PID=29439) to work on /home/airflow/.local/lib/python3.8/site-packages/airflow/example_dags/example_latest_only.py
[2025-03-06T15:00:39.986+0000] {processor.py:829} INFO - Processing file /home/airflow/.local/lib/python3.8/site-packages/airflow/example_dags/example_latest_only.py for tasks to queue
[2025-03-06T15:00:39.987+0000] {logging_mixin.py:154} INFO - [2025-03-06T15:00:39.987+0000] {dagbag.py:536} INFO - Filling up the DagBag from /home/airflow/.local/lib/python3.8/site-packages/airflow/example_dags/example_latest_only.py
[2025-03-06T15:00:39.991+0000] {processor.py:839} INFO - DAG(s) dict_keys(['latest_only']) retrieved from /home/airflow/.local/lib/python3.8/site-packages/airflow/example_dags/example_latest_only.py
[2025-03-06T15:00:40.009+0000] {logging_mixin.py:154} INFO - [2025-03-06T15:00:40.008+0000] {dag.py:2941} INFO - Sync 1 DAGs
[2025-03-06T15:00:40.022+0000] {logging_mixin.py:154} INFO - [2025-03-06T15:00:40.022+0000] {dag.py:3722} INFO - Setting next_dagrun for latest_only to 2025-03-06T11:00:40.022249+00:00, run_after=2025-03-06T15:00:40.022249+00:00
[2025-03-06T15:00:40.034+0000] {processor.py:179} INFO - Processing /home/airflow/.local/lib/python3.8/site-packages/airflow/example_dags/example_latest_only.py took 0.052 seconds
[2025-03-06T15:01:10.632+0000] {processor.py:157} INFO - Started process (PID=29495) to work on /home/airflow/.local/lib/python3.8/site-packages/airflow/example_dags/example_latest_only.py
[2025-03-06T15:01:10.634+0000] {processor.py:829} INFO - Processing file /home/airflow/.local/lib/python3.8/site-packages/airflow/example_dags/example_latest_only.py for tasks to queue
[2025-03-06T15:01:10.634+0000] {logging_mixin.py:154} INFO - [2025-03-06T15:01:10.634+0000] {dagbag.py:536} INFO - Filling up the DagBag from /home/airflow/.local/lib/python3.8/site-packages/airflow/example_dags/example_latest_only.py
[2025-03-06T15:01:10.639+0000] {processor.py:839} INFO - DAG(s) dict_keys(['latest_only']) retrieved from /home/airflow/.local/lib/python3.8/site-packages/airflow/example_dags/example_latest_only.py
[2025-03-06T15:01:10.652+0000] {logging_mixin.py:154} INFO - [2025-03-06T15:01:10.652+0000] {dag.py:2941} INFO - Sync 1 DAGs
[2025-03-06T15:01:10.663+0000] {logging_mixin.py:154} INFO - [2025-03-06T15:01:10.663+0000] {dag.py:3722} INFO - Setting next_dagrun for latest_only to 2025-03-06T11:01:10.663521+00:00, run_after=2025-03-06T15:01:10.663521+00:00
[2025-03-06T15:01:10.673+0000] {processor.py:179} INFO - Processing /home/airflow/.local/lib/python3.8/site-packages/airflow/example_dags/example_latest_only.py took 0.045 seconds
[2025-03-06T15:01:41.230+0000] {processor.py:157} INFO - Started process (PID=29551) to work on /home/airflow/.local/lib/python3.8/site-packages/airflow/example_dags/example_latest_only.py
[2025-03-06T15:01:41.230+0000] {processor.py:829} INFO - Processing file /home/airflow/.local/lib/python3.8/site-packages/airflow/example_dags/example_latest_only.py for tasks to queue
[2025-03-06T15:01:41.232+0000] {logging_mixin.py:154} INFO - [2025-03-06T15:01:41.231+0000] {dagbag.py:536} INFO - Filling up the DagBag from /home/airflow/.local/lib/python3.8/site-packages/airflow/example_dags/example_latest_only.py
[2025-03-06T15:01:41.238+0000] {processor.py:839} INFO - DAG(s) dict_keys(['latest_only']) retrieved from /home/airflow/.local/lib/python3.8/site-packages/airflow/example_dags/example_latest_only.py
[2025-03-06T15:01:41.253+0000] {logging_mixin.py:154} INFO - [2025-03-06T15:01:41.252+0000] {dag.py:2941} INFO - Sync 1 DAGs
[2025-03-06T15:01:41.265+0000] {logging_mixin.py:154} INFO - [2025-03-06T15:01:41.265+0000] {dag.py:3722} INFO - Setting next_dagrun for latest_only to 2025-03-06T11:01:41.265218+00:00, run_after=2025-03-06T15:01:41.265218+00:00
[2025-03-06T15:01:41.276+0000] {processor.py:179} INFO - Processing /home/airflow/.local/lib/python3.8/site-packages/airflow/example_dags/example_latest_only.py took 0.049 seconds
[2025-03-06T15:02:11.767+0000] {processor.py:157} INFO - Started process (PID=29607) to work on /home/airflow/.local/lib/python3.8/site-packages/airflow/example_dags/example_latest_only.py
[2025-03-06T15:02:11.769+0000] {processor.py:829} INFO - Processing file /home/airflow/.local/lib/python3.8/site-packages/airflow/example_dags/example_latest_only.py for tasks to queue
[2025-03-06T15:02:11.770+0000] {logging_mixin.py:154} INFO - [2025-03-06T15:02:11.769+0000] {dagbag.py:536} INFO - Filling up the DagBag from /home/airflow/.local/lib/python3.8/site-packages/airflow/example_dags/example_latest_only.py
[2025-03-06T15:02:11.772+0000] {processor.py:839} INFO - DAG(s) dict_keys(['latest_only']) retrieved from /home/airflow/.local/lib/python3.8/site-packages/airflow/example_dags/example_latest_only.py
[2025-03-06T15:02:11.783+0000] {logging_mixin.py:154} INFO - [2025-03-06T15:02:11.783+0000] {dag.py:2941} INFO - Sync 1 DAGs
[2025-03-06T15:02:11.793+0000] {logging_mixin.py:154} INFO - [2025-03-06T15:02:11.793+0000] {dag.py:3722} INFO - Setting next_dagrun for latest_only to 2025-03-06T11:02:11.793468+00:00, run_after=2025-03-06T15:02:11.793468+00:00
[2025-03-06T15:02:11.802+0000] {processor.py:179} INFO - Processing /home/airflow/.local/lib/python3.8/site-packages/airflow/example_dags/example_latest_only.py took 0.037 seconds
[2025-03-06T15:02:42.351+0000] {processor.py:157} INFO - Started process (PID=29663) to work on /home/airflow/.local/lib/python3.8/site-packages/airflow/example_dags/example_latest_only.py
[2025-03-06T15:02:42.351+0000] {processor.py:829} INFO - Processing file /home/airflow/.local/lib/python3.8/site-packages/airflow/example_dags/example_latest_only.py for tasks to queue
[2025-03-06T15:02:42.354+0000] {logging_mixin.py:154} INFO - [2025-03-06T15:02:42.354+0000] {dagbag.py:536} INFO - Filling up the DagBag from /home/airflow/.local/lib/python3.8/site-packages/airflow/example_dags/example_latest_only.py
[2025-03-06T15:02:42.356+0000] {processor.py:839} INFO - DAG(s) dict_keys(['latest_only']) retrieved from /home/airflow/.local/lib/python3.8/site-packages/airflow/example_dags/example_latest_only.py
[2025-03-06T15:02:42.365+0000] {logging_mixin.py:154} INFO - [2025-03-06T15:02:42.365+0000] {dag.py:2941} INFO - Sync 1 DAGs
[2025-03-06T15:02:42.376+0000] {logging_mixin.py:154} INFO - [2025-03-06T15:02:42.376+0000] {dag.py:3722} INFO - Setting next_dagrun for latest_only to 2025-03-06T11:02:42.375946+00:00, run_after=2025-03-06T15:02:42.375946+00:00
[2025-03-06T15:02:42.387+0000] {processor.py:179} INFO - Processing /home/airflow/.local/lib/python3.8/site-packages/airflow/example_dags/example_latest_only.py took 0.038 seconds
[2025-03-06T15:03:12.863+0000] {processor.py:157} INFO - Started process (PID=29719) to work on /home/airflow/.local/lib/python3.8/site-packages/airflow/example_dags/example_latest_only.py
[2025-03-06T15:03:12.865+0000] {processor.py:829} INFO - Processing file /home/airflow/.local/lib/python3.8/site-packages/airflow/example_dags/example_latest_only.py for tasks to queue
[2025-03-06T15:03:12.868+0000] {logging_mixin.py:154} INFO - [2025-03-06T15:03:12.867+0000] {dagbag.py:536} INFO - Filling up the DagBag from /home/airflow/.local/lib/python3.8/site-packages/airflow/example_dags/example_latest_only.py
[2025-03-06T15:03:12.870+0000] {processor.py:839} INFO - DAG(s) dict_keys(['latest_only']) retrieved from /home/airflow/.local/lib/python3.8/site-packages/airflow/example_dags/example_latest_only.py
[2025-03-06T15:03:12.883+0000] {logging_mixin.py:154} INFO - [2025-03-06T15:03:12.883+0000] {dag.py:2941} INFO - Sync 1 DAGs
[2025-03-06T15:03:12.894+0000] {logging_mixin.py:154} INFO - [2025-03-06T15:03:12.894+0000] {dag.py:3722} INFO - Setting next_dagrun for latest_only to 2025-03-06T11:03:12.893963+00:00, run_after=2025-03-06T15:03:12.893963+00:00
[2025-03-06T15:03:12.905+0000] {processor.py:179} INFO - Processing /home/airflow/.local/lib/python3.8/site-packages/airflow/example_dags/example_latest_only.py took 0.043 seconds
[2025-03-06T15:03:43.372+0000] {processor.py:157} INFO - Started process (PID=29775) to work on /home/airflow/.local/lib/python3.8/site-packages/airflow/example_dags/example_latest_only.py
[2025-03-06T15:03:43.373+0000] {processor.py:829} INFO - Processing file /home/airflow/.local/lib/python3.8/site-packages/airflow/example_dags/example_latest_only.py for tasks to queue
[2025-03-06T15:03:43.375+0000] {logging_mixin.py:154} INFO - [2025-03-06T15:03:43.375+0000] {dagbag.py:536} INFO - Filling up the DagBag from /home/airflow/.local/lib/python3.8/site-packages/airflow/example_dags/example_latest_only.py
[2025-03-06T15:03:43.378+0000] {processor.py:839} INFO - DAG(s) dict_keys(['latest_only']) retrieved from /home/airflow/.local/lib/python3.8/site-packages/airflow/example_dags/example_latest_only.py
[2025-03-06T15:03:43.389+0000] {logging_mixin.py:154} INFO - [2025-03-06T15:03:43.389+0000] {dag.py:2941} INFO - Sync 1 DAGs
[2025-03-06T15:03:43.398+0000] {logging_mixin.py:154} INFO - [2025-03-06T15:03:43.398+0000] {dag.py:3722} INFO - Setting next_dagrun for latest_only to 2025-03-06T11:03:43.398525+00:00, run_after=2025-03-06T15:03:43.398525+00:00
[2025-03-06T15:03:43.409+0000] {processor.py:179} INFO - Processing /home/airflow/.local/lib/python3.8/site-packages/airflow/example_dags/example_latest_only.py took 0.039 seconds
[2025-03-06T15:04:13.980+0000] {processor.py:157} INFO - Started process (PID=29831) to work on /home/airflow/.local/lib/python3.8/site-packages/airflow/example_dags/example_latest_only.py
[2025-03-06T15:04:13.982+0000] {processor.py:829} INFO - Processing file /home/airflow/.local/lib/python3.8/site-packages/airflow/example_dags/example_latest_only.py for tasks to queue
[2025-03-06T15:04:13.985+0000] {logging_mixin.py:154} INFO - [2025-03-06T15:04:13.985+0000] {dagbag.py:536} INFO - Filling up the DagBag from /home/airflow/.local/lib/python3.8/site-packages/airflow/example_dags/example_latest_only.py
[2025-03-06T15:04:13.991+0000] {processor.py:839} INFO - DAG(s) dict_keys(['latest_only']) retrieved from /home/airflow/.local/lib/python3.8/site-packages/airflow/example_dags/example_latest_only.py
[2025-03-06T15:04:14.002+0000] {logging_mixin.py:154} INFO - [2025-03-06T15:04:14.002+0000] {dag.py:2941} INFO - Sync 1 DAGs
[2025-03-06T15:04:14.014+0000] {logging_mixin.py:154} INFO - [2025-03-06T15:04:14.014+0000] {dag.py:3722} INFO - Setting next_dagrun for latest_only to 2025-03-06T11:04:14.013915+00:00, run_after=2025-03-06T15:04:14.013915+00:00
[2025-03-06T15:04:14.024+0000] {processor.py:179} INFO - Processing /home/airflow/.local/lib/python3.8/site-packages/airflow/example_dags/example_latest_only.py took 0.046 seconds
[2025-03-06T15:04:44.536+0000] {processor.py:157} INFO - Started process (PID=29887) to work on /home/airflow/.local/lib/python3.8/site-packages/airflow/example_dags/example_latest_only.py
[2025-03-06T15:04:44.539+0000] {processor.py:829} INFO - Processing file /home/airflow/.local/lib/python3.8/site-packages/airflow/example_dags/example_latest_only.py for tasks to queue
[2025-03-06T15:04:44.539+0000] {logging_mixin.py:154} INFO - [2025-03-06T15:04:44.539+0000] {dagbag.py:536} INFO - Filling up the DagBag from /home/airflow/.local/lib/python3.8/site-packages/airflow/example_dags/example_latest_only.py
[2025-03-06T15:04:44.542+0000] {processor.py:839} INFO - DAG(s) dict_keys(['latest_only']) retrieved from /home/airflow/.local/lib/python3.8/site-packages/airflow/example_dags/example_latest_only.py
[2025-03-06T15:04:44.556+0000] {logging_mixin.py:154} INFO - [2025-03-06T15:04:44.555+0000] {dag.py:2941} INFO - Sync 1 DAGs
[2025-03-06T15:04:44.565+0000] {logging_mixin.py:154} INFO - [2025-03-06T15:04:44.565+0000] {dag.py:3722} INFO - Setting next_dagrun for latest_only to 2025-03-06T11:04:44.565454+00:00, run_after=2025-03-06T15:04:44.565454+00:00
[2025-03-06T15:04:44.573+0000] {processor.py:179} INFO - Processing /home/airflow/.local/lib/python3.8/site-packages/airflow/example_dags/example_latest_only.py took 0.039 seconds
[2025-03-06T15:05:15.177+0000] {processor.py:157} INFO - Started process (PID=29942) to work on /home/airflow/.local/lib/python3.8/site-packages/airflow/example_dags/example_latest_only.py
[2025-03-06T15:05:15.179+0000] {processor.py:829} INFO - Processing file /home/airflow/.local/lib/python3.8/site-packages/airflow/example_dags/example_latest_only.py for tasks to queue
[2025-03-06T15:05:15.182+0000] {logging_mixin.py:154} INFO - [2025-03-06T15:05:15.181+0000] {dagbag.py:536} INFO - Filling up the DagBag from /home/airflow/.local/lib/python3.8/site-packages/airflow/example_dags/example_latest_only.py
[2025-03-06T15:05:15.186+0000] {processor.py:839} INFO - DAG(s) dict_keys(['latest_only']) retrieved from /home/airflow/.local/lib/python3.8/site-packages/airflow/example_dags/example_latest_only.py
[2025-03-06T15:05:15.197+0000] {logging_mixin.py:154} INFO - [2025-03-06T15:05:15.197+0000] {dag.py:2941} INFO - Sync 1 DAGs
[2025-03-06T15:05:15.208+0000] {logging_mixin.py:154} INFO - [2025-03-06T15:05:15.208+0000] {dag.py:3722} INFO - Setting next_dagrun for latest_only to 2025-03-06T11:05:15.208251+00:00, run_after=2025-03-06T15:05:15.208251+00:00
[2025-03-06T15:05:15.216+0000] {processor.py:179} INFO - Processing /home/airflow/.local/lib/python3.8/site-packages/airflow/example_dags/example_latest_only.py took 0.042 seconds
[2025-03-06T15:05:45.705+0000] {processor.py:157} INFO - Started process (PID=29998) to work on /home/airflow/.local/lib/python3.8/site-packages/airflow/example_dags/example_latest_only.py
[2025-03-06T15:05:45.706+0000] {processor.py:829} INFO - Processing file /home/airflow/.local/lib/python3.8/site-packages/airflow/example_dags/example_latest_only.py for tasks to queue
[2025-03-06T15:05:45.706+0000] {logging_mixin.py:154} INFO - [2025-03-06T15:05:45.706+0000] {dagbag.py:536} INFO - Filling up the DagBag from /home/airflow/.local/lib/python3.8/site-packages/airflow/example_dags/example_latest_only.py
[2025-03-06T15:05:45.710+0000] {processor.py:839} INFO - DAG(s) dict_keys(['latest_only']) retrieved from /home/airflow/.local/lib/python3.8/site-packages/airflow/example_dags/example_latest_only.py
[2025-03-06T15:05:45.723+0000] {logging_mixin.py:154} INFO - [2025-03-06T15:05:45.723+0000] {dag.py:2941} INFO - Sync 1 DAGs
[2025-03-06T15:05:45.734+0000] {logging_mixin.py:154} INFO - [2025-03-06T15:05:45.734+0000] {dag.py:3722} INFO - Setting next_dagrun for latest_only to 2025-03-06T11:05:45.734539+00:00, run_after=2025-03-06T15:05:45.734539+00:00
[2025-03-06T15:05:45.745+0000] {processor.py:179} INFO - Processing /home/airflow/.local/lib/python3.8/site-packages/airflow/example_dags/example_latest_only.py took 0.042 seconds
[2025-03-06T15:06:16.308+0000] {processor.py:157} INFO - Started process (PID=30054) to work on /home/airflow/.local/lib/python3.8/site-packages/airflow/example_dags/example_latest_only.py
[2025-03-06T15:06:16.308+0000] {processor.py:829} INFO - Processing file /home/airflow/.local/lib/python3.8/site-packages/airflow/example_dags/example_latest_only.py for tasks to queue
[2025-03-06T15:06:16.309+0000] {logging_mixin.py:154} INFO - [2025-03-06T15:06:16.309+0000] {dagbag.py:536} INFO - Filling up the DagBag from /home/airflow/.local/lib/python3.8/site-packages/airflow/example_dags/example_latest_only.py
[2025-03-06T15:06:16.313+0000] {processor.py:839} INFO - DAG(s) dict_keys(['latest_only']) retrieved from /home/airflow/.local/lib/python3.8/site-packages/airflow/example_dags/example_latest_only.py
[2025-03-06T15:06:16.327+0000] {logging_mixin.py:154} INFO - [2025-03-06T15:06:16.326+0000] {dag.py:2941} INFO - Sync 1 DAGs
[2025-03-06T15:06:16.337+0000] {logging_mixin.py:154} INFO - [2025-03-06T15:06:16.337+0000] {dag.py:3722} INFO - Setting next_dagrun for latest_only to 2025-03-06T11:06:16.337210+00:00, run_after=2025-03-06T15:06:16.337210+00:00
[2025-03-06T15:06:16.347+0000] {processor.py:179} INFO - Processing /home/airflow/.local/lib/python3.8/site-packages/airflow/example_dags/example_latest_only.py took 0.042 seconds
[2025-03-06T15:06:46.924+0000] {processor.py:157} INFO - Started process (PID=30110) to work on /home/airflow/.local/lib/python3.8/site-packages/airflow/example_dags/example_latest_only.py
[2025-03-06T15:06:46.929+0000] {processor.py:829} INFO - Processing file /home/airflow/.local/lib/python3.8/site-packages/airflow/example_dags/example_latest_only.py for tasks to queue
[2025-03-06T15:06:46.929+0000] {logging_mixin.py:154} INFO - [2025-03-06T15:06:46.929+0000] {dagbag.py:536} INFO - Filling up the DagBag from /home/airflow/.local/lib/python3.8/site-packages/airflow/example_dags/example_latest_only.py
[2025-03-06T15:06:46.933+0000] {processor.py:839} INFO - DAG(s) dict_keys(['latest_only']) retrieved from /home/airflow/.local/lib/python3.8/site-packages/airflow/example_dags/example_latest_only.py
[2025-03-06T15:06:46.946+0000] {logging_mixin.py:154} INFO - [2025-03-06T15:06:46.945+0000] {dag.py:2941} INFO - Sync 1 DAGs
[2025-03-06T15:06:46.955+0000] {logging_mixin.py:154} INFO - [2025-03-06T15:06:46.955+0000] {dag.py:3722} INFO - Setting next_dagrun for latest_only to 2025-03-06T11:06:46.955599+00:00, run_after=2025-03-06T15:06:46.955599+00:00
[2025-03-06T15:06:46.964+0000] {processor.py:179} INFO - Processing /home/airflow/.local/lib/python3.8/site-packages/airflow/example_dags/example_latest_only.py took 0.042 seconds
[2025-03-06T15:07:17.499+0000] {processor.py:157} INFO - Started process (PID=30165) to work on /home/airflow/.local/lib/python3.8/site-packages/airflow/example_dags/example_latest_only.py
[2025-03-06T15:07:17.501+0000] {processor.py:829} INFO - Processing file /home/airflow/.local/lib/python3.8/site-packages/airflow/example_dags/example_latest_only.py for tasks to queue
[2025-03-06T15:07:17.502+0000] {logging_mixin.py:154} INFO - [2025-03-06T15:07:17.502+0000] {dagbag.py:536} INFO - Filling up the DagBag from /home/airflow/.local/lib/python3.8/site-packages/airflow/example_dags/example_latest_only.py
[2025-03-06T15:07:17.508+0000] {processor.py:839} INFO - DAG(s) dict_keys(['latest_only']) retrieved from /home/airflow/.local/lib/python3.8/site-packages/airflow/example_dags/example_latest_only.py
[2025-03-06T15:07:17.522+0000] {logging_mixin.py:154} INFO - [2025-03-06T15:07:17.521+0000] {dag.py:2941} INFO - Sync 1 DAGs
[2025-03-06T15:07:17.534+0000] {logging_mixin.py:154} INFO - [2025-03-06T15:07:17.533+0000] {dag.py:3722} INFO - Setting next_dagrun for latest_only to 2025-03-06T11:07:17.533806+00:00, run_after=2025-03-06T15:07:17.533806+00:00
[2025-03-06T15:07:17.545+0000] {processor.py:179} INFO - Processing /home/airflow/.local/lib/python3.8/site-packages/airflow/example_dags/example_latest_only.py took 0.049 seconds
[2025-03-06T15:07:48.257+0000] {processor.py:157} INFO - Started process (PID=30221) to work on /home/airflow/.local/lib/python3.8/site-packages/airflow/example_dags/example_latest_only.py
[2025-03-06T15:07:48.262+0000] {processor.py:829} INFO - Processing file /home/airflow/.local/lib/python3.8/site-packages/airflow/example_dags/example_latest_only.py for tasks to queue
[2025-03-06T15:07:48.262+0000] {logging_mixin.py:154} INFO - [2025-03-06T15:07:48.262+0000] {dagbag.py:536} INFO - Filling up the DagBag from /home/airflow/.local/lib/python3.8/site-packages/airflow/example_dags/example_latest_only.py
[2025-03-06T15:07:48.267+0000] {processor.py:839} INFO - DAG(s) dict_keys(['latest_only']) retrieved from /home/airflow/.local/lib/python3.8/site-packages/airflow/example_dags/example_latest_only.py
[2025-03-06T15:07:48.280+0000] {logging_mixin.py:154} INFO - [2025-03-06T15:07:48.279+0000] {dag.py:2941} INFO - Sync 1 DAGs
[2025-03-06T15:07:48.291+0000] {logging_mixin.py:154} INFO - [2025-03-06T15:07:48.291+0000] {dag.py:3722} INFO - Setting next_dagrun for latest_only to 2025-03-06T11:07:48.291318+00:00, run_after=2025-03-06T15:07:48.291318+00:00
[2025-03-06T15:07:48.300+0000] {processor.py:179} INFO - Processing /home/airflow/.local/lib/python3.8/site-packages/airflow/example_dags/example_latest_only.py took 0.046 seconds
[2025-03-06T15:29:27.451+0000] {processor.py:157} INFO - Started process (PID=30270) to work on /home/airflow/.local/lib/python3.8/site-packages/airflow/example_dags/example_latest_only.py
[2025-03-06T15:29:27.451+0000] {processor.py:829} INFO - Processing file /home/airflow/.local/lib/python3.8/site-packages/airflow/example_dags/example_latest_only.py for tasks to queue
[2025-03-06T15:29:27.452+0000] {logging_mixin.py:154} INFO - [2025-03-06T15:29:27.452+0000] {dagbag.py:536} INFO - Filling up the DagBag from /home/airflow/.local/lib/python3.8/site-packages/airflow/example_dags/example_latest_only.py
[2025-03-06T15:29:27.455+0000] {processor.py:839} INFO - DAG(s) dict_keys(['latest_only']) retrieved from /home/airflow/.local/lib/python3.8/site-packages/airflow/example_dags/example_latest_only.py
[2025-03-06T15:29:27.466+0000] {logging_mixin.py:154} INFO - [2025-03-06T15:29:27.466+0000] {dag.py:2941} INFO - Sync 1 DAGs
[2025-03-06T15:29:27.474+0000] {logging_mixin.py:154} INFO - [2025-03-06T15:29:27.474+0000] {dag.py:3722} INFO - Setting next_dagrun for latest_only to 2025-03-06T11:29:27.474740+00:00, run_after=2025-03-06T15:29:27.474740+00:00
[2025-03-06T15:29:27.484+0000] {processor.py:179} INFO - Processing /home/airflow/.local/lib/python3.8/site-packages/airflow/example_dags/example_latest_only.py took 0.034 seconds
[2025-03-06T15:29:57.985+0000] {processor.py:157} INFO - Started process (PID=30326) to work on /home/airflow/.local/lib/python3.8/site-packages/airflow/example_dags/example_latest_only.py
[2025-03-06T15:29:57.986+0000] {processor.py:829} INFO - Processing file /home/airflow/.local/lib/python3.8/site-packages/airflow/example_dags/example_latest_only.py for tasks to queue
[2025-03-06T15:29:57.987+0000] {logging_mixin.py:154} INFO - [2025-03-06T15:29:57.987+0000] {dagbag.py:536} INFO - Filling up the DagBag from /home/airflow/.local/lib/python3.8/site-packages/airflow/example_dags/example_latest_only.py
[2025-03-06T15:29:57.991+0000] {processor.py:839} INFO - DAG(s) dict_keys(['latest_only']) retrieved from /home/airflow/.local/lib/python3.8/site-packages/airflow/example_dags/example_latest_only.py
[2025-03-06T15:29:58.002+0000] {logging_mixin.py:154} INFO - [2025-03-06T15:29:58.001+0000] {dag.py:2941} INFO - Sync 1 DAGs
[2025-03-06T15:29:58.015+0000] {logging_mixin.py:154} INFO - [2025-03-06T15:29:58.015+0000] {dag.py:3722} INFO - Setting next_dagrun for latest_only to 2025-03-06T11:29:58.014776+00:00, run_after=2025-03-06T15:29:58.014776+00:00
[2025-03-06T15:29:58.023+0000] {processor.py:179} INFO - Processing /home/airflow/.local/lib/python3.8/site-packages/airflow/example_dags/example_latest_only.py took 0.040 seconds
[2025-03-06T15:30:28.625+0000] {processor.py:157} INFO - Started process (PID=30382) to work on /home/airflow/.local/lib/python3.8/site-packages/airflow/example_dags/example_latest_only.py
[2025-03-06T15:30:28.626+0000] {processor.py:829} INFO - Processing file /home/airflow/.local/lib/python3.8/site-packages/airflow/example_dags/example_latest_only.py for tasks to queue
[2025-03-06T15:30:28.626+0000] {logging_mixin.py:154} INFO - [2025-03-06T15:30:28.626+0000] {dagbag.py:536} INFO - Filling up the DagBag from /home/airflow/.local/lib/python3.8/site-packages/airflow/example_dags/example_latest_only.py
[2025-03-06T15:30:28.630+0000] {processor.py:839} INFO - DAG(s) dict_keys(['latest_only']) retrieved from /home/airflow/.local/lib/python3.8/site-packages/airflow/example_dags/example_latest_only.py
[2025-03-06T15:30:28.641+0000] {logging_mixin.py:154} INFO - [2025-03-06T15:30:28.641+0000] {dag.py:2941} INFO - Sync 1 DAGs
[2025-03-06T15:30:28.650+0000] {logging_mixin.py:154} INFO - [2025-03-06T15:30:28.650+0000] {dag.py:3722} INFO - Setting next_dagrun for latest_only to 2025-03-06T11:30:28.650184+00:00, run_after=2025-03-06T15:30:28.650184+00:00
[2025-03-06T15:30:28.660+0000] {processor.py:179} INFO - Processing /home/airflow/.local/lib/python3.8/site-packages/airflow/example_dags/example_latest_only.py took 0.036 seconds
[2025-03-06T15:30:59.181+0000] {processor.py:157} INFO - Started process (PID=30438) to work on /home/airflow/.local/lib/python3.8/site-packages/airflow/example_dags/example_latest_only.py
[2025-03-06T15:30:59.182+0000] {processor.py:829} INFO - Processing file /home/airflow/.local/lib/python3.8/site-packages/airflow/example_dags/example_latest_only.py for tasks to queue
[2025-03-06T15:30:59.182+0000] {logging_mixin.py:154} INFO - [2025-03-06T15:30:59.182+0000] {dagbag.py:536} INFO - Filling up the DagBag from /home/airflow/.local/lib/python3.8/site-packages/airflow/example_dags/example_latest_only.py
[2025-03-06T15:30:59.187+0000] {processor.py:839} INFO - DAG(s) dict_keys(['latest_only']) retrieved from /home/airflow/.local/lib/python3.8/site-packages/airflow/example_dags/example_latest_only.py
[2025-03-06T15:30:59.196+0000] {logging_mixin.py:154} INFO - [2025-03-06T15:30:59.195+0000] {dag.py:2941} INFO - Sync 1 DAGs
[2025-03-06T15:30:59.205+0000] {logging_mixin.py:154} INFO - [2025-03-06T15:30:59.205+0000] {dag.py:3722} INFO - Setting next_dagrun for latest_only to 2025-03-06T11:30:59.205157+00:00, run_after=2025-03-06T15:30:59.205157+00:00
[2025-03-06T15:30:59.215+0000] {processor.py:179} INFO - Processing /home/airflow/.local/lib/python3.8/site-packages/airflow/example_dags/example_latest_only.py took 0.035 seconds
[2025-03-06T15:31:29.724+0000] {processor.py:157} INFO - Started process (PID=30494) to work on /home/airflow/.local/lib/python3.8/site-packages/airflow/example_dags/example_latest_only.py
[2025-03-06T15:31:29.724+0000] {processor.py:829} INFO - Processing file /home/airflow/.local/lib/python3.8/site-packages/airflow/example_dags/example_latest_only.py for tasks to queue
[2025-03-06T15:31:29.725+0000] {logging_mixin.py:154} INFO - [2025-03-06T15:31:29.725+0000] {dagbag.py:536} INFO - Filling up the DagBag from /home/airflow/.local/lib/python3.8/site-packages/airflow/example_dags/example_latest_only.py
[2025-03-06T15:31:29.728+0000] {processor.py:839} INFO - DAG(s) dict_keys(['latest_only']) retrieved from /home/airflow/.local/lib/python3.8/site-packages/airflow/example_dags/example_latest_only.py
[2025-03-06T15:31:29.739+0000] {logging_mixin.py:154} INFO - [2025-03-06T15:31:29.738+0000] {dag.py:2941} INFO - Sync 1 DAGs
[2025-03-06T15:31:29.748+0000] {logging_mixin.py:154} INFO - [2025-03-06T15:31:29.748+0000] {dag.py:3722} INFO - Setting next_dagrun for latest_only to 2025-03-06T11:31:29.748263+00:00, run_after=2025-03-06T15:31:29.748263+00:00
[2025-03-06T15:31:29.757+0000] {processor.py:179} INFO - Processing /home/airflow/.local/lib/python3.8/site-packages/airflow/example_dags/example_latest_only.py took 0.035 seconds
[2025-03-06T15:32:00.355+0000] {processor.py:157} INFO - Started process (PID=30550) to work on /home/airflow/.local/lib/python3.8/site-packages/airflow/example_dags/example_latest_only.py
[2025-03-06T15:32:00.356+0000] {processor.py:829} INFO - Processing file /home/airflow/.local/lib/python3.8/site-packages/airflow/example_dags/example_latest_only.py for tasks to queue
[2025-03-06T15:32:00.356+0000] {logging_mixin.py:154} INFO - [2025-03-06T15:32:00.356+0000] {dagbag.py:536} INFO - Filling up the DagBag from /home/airflow/.local/lib/python3.8/site-packages/airflow/example_dags/example_latest_only.py
[2025-03-06T15:32:00.359+0000] {processor.py:839} INFO - DAG(s) dict_keys(['latest_only']) retrieved from /home/airflow/.local/lib/python3.8/site-packages/airflow/example_dags/example_latest_only.py
[2025-03-06T15:32:00.370+0000] {logging_mixin.py:154} INFO - [2025-03-06T15:32:00.370+0000] {dag.py:2941} INFO - Sync 1 DAGs
[2025-03-06T15:32:00.382+0000] {logging_mixin.py:154} INFO - [2025-03-06T15:32:00.381+0000] {dag.py:3722} INFO - Setting next_dagrun for latest_only to 2025-03-06T11:32:00.381871+00:00, run_after=2025-03-06T15:32:00.381871+00:00
[2025-03-06T15:32:00.390+0000] {processor.py:179} INFO - Processing /home/airflow/.local/lib/python3.8/site-packages/airflow/example_dags/example_latest_only.py took 0.037 seconds
[2025-03-06T15:32:30.992+0000] {processor.py:157} INFO - Started process (PID=30606) to work on /home/airflow/.local/lib/python3.8/site-packages/airflow/example_dags/example_latest_only.py
[2025-03-06T15:32:30.994+0000] {processor.py:829} INFO - Processing file /home/airflow/.local/lib/python3.8/site-packages/airflow/example_dags/example_latest_only.py for tasks to queue
[2025-03-06T15:32:30.994+0000] {logging_mixin.py:154} INFO - [2025-03-06T15:32:30.994+0000] {dagbag.py:536} INFO - Filling up the DagBag from /home/airflow/.local/lib/python3.8/site-packages/airflow/example_dags/example_latest_only.py
[2025-03-06T15:32:30.997+0000] {processor.py:839} INFO - DAG(s) dict_keys(['latest_only']) retrieved from /home/airflow/.local/lib/python3.8/site-packages/airflow/example_dags/example_latest_only.py
[2025-03-06T15:32:31.007+0000] {logging_mixin.py:154} INFO - [2025-03-06T15:32:31.006+0000] {dag.py:2941} INFO - Sync 1 DAGs
[2025-03-06T15:32:31.015+0000] {logging_mixin.py:154} INFO - [2025-03-06T15:32:31.015+0000] {dag.py:3722} INFO - Setting next_dagrun for latest_only to 2025-03-06T11:32:31.015689+00:00, run_after=2025-03-06T15:32:31.015689+00:00
[2025-03-06T15:32:31.022+0000] {processor.py:179} INFO - Processing /home/airflow/.local/lib/python3.8/site-packages/airflow/example_dags/example_latest_only.py took 0.032 seconds
[2025-03-06T15:33:01.683+0000] {processor.py:157} INFO - Started process (PID=30662) to work on /home/airflow/.local/lib/python3.8/site-packages/airflow/example_dags/example_latest_only.py
[2025-03-06T15:33:01.684+0000] {processor.py:829} INFO - Processing file /home/airflow/.local/lib/python3.8/site-packages/airflow/example_dags/example_latest_only.py for tasks to queue
[2025-03-06T15:33:01.684+0000] {logging_mixin.py:154} INFO - [2025-03-06T15:33:01.684+0000] {dagbag.py:536} INFO - Filling up the DagBag from /home/airflow/.local/lib/python3.8/site-packages/airflow/example_dags/example_latest_only.py
[2025-03-06T15:33:01.687+0000] {processor.py:839} INFO - DAG(s) dict_keys(['latest_only']) retrieved from /home/airflow/.local/lib/python3.8/site-packages/airflow/example_dags/example_latest_only.py
[2025-03-06T15:33:01.702+0000] {logging_mixin.py:154} INFO - [2025-03-06T15:33:01.701+0000] {dag.py:2941} INFO - Sync 1 DAGs
[2025-03-06T15:33:01.712+0000] {logging_mixin.py:154} INFO - [2025-03-06T15:33:01.712+0000] {dag.py:3722} INFO - Setting next_dagrun for latest_only to 2025-03-06T11:33:01.711634+00:00, run_after=2025-03-06T15:33:01.711634+00:00
[2025-03-06T15:33:01.720+0000] {processor.py:179} INFO - Processing /home/airflow/.local/lib/python3.8/site-packages/airflow/example_dags/example_latest_only.py took 0.039 seconds
[2025-03-06T15:33:32.329+0000] {processor.py:157} INFO - Started process (PID=30718) to work on /home/airflow/.local/lib/python3.8/site-packages/airflow/example_dags/example_latest_only.py
[2025-03-06T15:33:32.329+0000] {processor.py:829} INFO - Processing file /home/airflow/.local/lib/python3.8/site-packages/airflow/example_dags/example_latest_only.py for tasks to queue
[2025-03-06T15:33:32.330+0000] {logging_mixin.py:154} INFO - [2025-03-06T15:33:32.330+0000] {dagbag.py:536} INFO - Filling up the DagBag from /home/airflow/.local/lib/python3.8/site-packages/airflow/example_dags/example_latest_only.py
[2025-03-06T15:33:32.336+0000] {processor.py:839} INFO - DAG(s) dict_keys(['latest_only']) retrieved from /home/airflow/.local/lib/python3.8/site-packages/airflow/example_dags/example_latest_only.py
[2025-03-06T15:33:32.349+0000] {logging_mixin.py:154} INFO - [2025-03-06T15:33:32.348+0000] {dag.py:2941} INFO - Sync 1 DAGs
[2025-03-06T15:33:32.357+0000] {logging_mixin.py:154} INFO - [2025-03-06T15:33:32.357+0000] {dag.py:3722} INFO - Setting next_dagrun for latest_only to 2025-03-06T11:33:32.357351+00:00, run_after=2025-03-06T15:33:32.357351+00:00
[2025-03-06T15:33:32.369+0000] {processor.py:179} INFO - Processing /home/airflow/.local/lib/python3.8/site-packages/airflow/example_dags/example_latest_only.py took 0.042 seconds
[2025-03-06T15:34:02.975+0000] {processor.py:157} INFO - Started process (PID=30774) to work on /home/airflow/.local/lib/python3.8/site-packages/airflow/example_dags/example_latest_only.py
[2025-03-06T15:34:02.975+0000] {processor.py:829} INFO - Processing file /home/airflow/.local/lib/python3.8/site-packages/airflow/example_dags/example_latest_only.py for tasks to queue
[2025-03-06T15:34:02.976+0000] {logging_mixin.py:154} INFO - [2025-03-06T15:34:02.976+0000] {dagbag.py:536} INFO - Filling up the DagBag from /home/airflow/.local/lib/python3.8/site-packages/airflow/example_dags/example_latest_only.py
[2025-03-06T15:34:02.980+0000] {processor.py:839} INFO - DAG(s) dict_keys(['latest_only']) retrieved from /home/airflow/.local/lib/python3.8/site-packages/airflow/example_dags/example_latest_only.py
[2025-03-06T15:34:02.993+0000] {logging_mixin.py:154} INFO - [2025-03-06T15:34:02.992+0000] {dag.py:2941} INFO - Sync 1 DAGs
[2025-03-06T15:34:03.003+0000] {logging_mixin.py:154} INFO - [2025-03-06T15:34:03.003+0000] {dag.py:3722} INFO - Setting next_dagrun for latest_only to 2025-03-06T11:34:03.003451+00:00, run_after=2025-03-06T15:34:03.003451+00:00
[2025-03-06T15:34:03.011+0000] {processor.py:179} INFO - Processing /home/airflow/.local/lib/python3.8/site-packages/airflow/example_dags/example_latest_only.py took 0.038 seconds
[2025-03-06T15:34:33.707+0000] {processor.py:157} INFO - Started process (PID=30830) to work on /home/airflow/.local/lib/python3.8/site-packages/airflow/example_dags/example_latest_only.py
[2025-03-06T15:34:33.708+0000] {processor.py:829} INFO - Processing file /home/airflow/.local/lib/python3.8/site-packages/airflow/example_dags/example_latest_only.py for tasks to queue
[2025-03-06T15:34:33.708+0000] {logging_mixin.py:154} INFO - [2025-03-06T15:34:33.708+0000] {dagbag.py:536} INFO - Filling up the DagBag from /home/airflow/.local/lib/python3.8/site-packages/airflow/example_dags/example_latest_only.py
[2025-03-06T15:34:33.711+0000] {processor.py:839} INFO - DAG(s) dict_keys(['latest_only']) retrieved from /home/airflow/.local/lib/python3.8/site-packages/airflow/example_dags/example_latest_only.py
[2025-03-06T15:34:33.725+0000] {logging_mixin.py:154} INFO - [2025-03-06T15:34:33.723+0000] {dag.py:2941} INFO - Sync 1 DAGs
[2025-03-06T15:34:33.735+0000] {logging_mixin.py:154} INFO - [2025-03-06T15:34:33.735+0000] {dag.py:3722} INFO - Setting next_dagrun for latest_only to 2025-03-06T11:34:33.735277+00:00, run_after=2025-03-06T15:34:33.735277+00:00
[2025-03-06T15:34:33.747+0000] {processor.py:179} INFO - Processing /home/airflow/.local/lib/python3.8/site-packages/airflow/example_dags/example_latest_only.py took 0.041 seconds
[2025-03-06T15:35:04.333+0000] {processor.py:157} INFO - Started process (PID=30886) to work on /home/airflow/.local/lib/python3.8/site-packages/airflow/example_dags/example_latest_only.py
[2025-03-06T15:35:04.334+0000] {processor.py:829} INFO - Processing file /home/airflow/.local/lib/python3.8/site-packages/airflow/example_dags/example_latest_only.py for tasks to queue
[2025-03-06T15:35:04.335+0000] {logging_mixin.py:154} INFO - [2025-03-06T15:35:04.334+0000] {dagbag.py:536} INFO - Filling up the DagBag from /home/airflow/.local/lib/python3.8/site-packages/airflow/example_dags/example_latest_only.py
[2025-03-06T15:35:04.339+0000] {processor.py:839} INFO - DAG(s) dict_keys(['latest_only']) retrieved from /home/airflow/.local/lib/python3.8/site-packages/airflow/example_dags/example_latest_only.py
[2025-03-06T15:35:04.351+0000] {logging_mixin.py:154} INFO - [2025-03-06T15:35:04.350+0000] {dag.py:2941} INFO - Sync 1 DAGs
[2025-03-06T15:35:04.361+0000] {logging_mixin.py:154} INFO - [2025-03-06T15:35:04.361+0000] {dag.py:3722} INFO - Setting next_dagrun for latest_only to 2025-03-06T11:35:04.360962+00:00, run_after=2025-03-06T15:35:04.360962+00:00
[2025-03-06T15:35:04.370+0000] {processor.py:179} INFO - Processing /home/airflow/.local/lib/python3.8/site-packages/airflow/example_dags/example_latest_only.py took 0.038 seconds
[2025-03-06T15:35:34.944+0000] {processor.py:157} INFO - Started process (PID=30942) to work on /home/airflow/.local/lib/python3.8/site-packages/airflow/example_dags/example_latest_only.py
[2025-03-06T15:35:34.946+0000] {processor.py:829} INFO - Processing file /home/airflow/.local/lib/python3.8/site-packages/airflow/example_dags/example_latest_only.py for tasks to queue
[2025-03-06T15:35:34.947+0000] {logging_mixin.py:154} INFO - [2025-03-06T15:35:34.947+0000] {dagbag.py:536} INFO - Filling up the DagBag from /home/airflow/.local/lib/python3.8/site-packages/airflow/example_dags/example_latest_only.py
[2025-03-06T15:35:34.950+0000] {processor.py:839} INFO - DAG(s) dict_keys(['latest_only']) retrieved from /home/airflow/.local/lib/python3.8/site-packages/airflow/example_dags/example_latest_only.py
[2025-03-06T15:35:34.962+0000] {logging_mixin.py:154} INFO - [2025-03-06T15:35:34.961+0000] {dag.py:2941} INFO - Sync 1 DAGs
[2025-03-06T15:35:34.972+0000] {logging_mixin.py:154} INFO - [2025-03-06T15:35:34.971+0000] {dag.py:3722} INFO - Setting next_dagrun for latest_only to 2025-03-06T11:35:34.971913+00:00, run_after=2025-03-06T15:35:34.971913+00:00
[2025-03-06T15:35:34.983+0000] {processor.py:179} INFO - Processing /home/airflow/.local/lib/python3.8/site-packages/airflow/example_dags/example_latest_only.py took 0.040 seconds
[2025-03-06T15:36:05.604+0000] {processor.py:157} INFO - Started process (PID=31005) to work on /home/airflow/.local/lib/python3.8/site-packages/airflow/example_dags/example_latest_only.py
[2025-03-06T15:36:05.605+0000] {processor.py:829} INFO - Processing file /home/airflow/.local/lib/python3.8/site-packages/airflow/example_dags/example_latest_only.py for tasks to queue
[2025-03-06T15:36:05.605+0000] {logging_mixin.py:154} INFO - [2025-03-06T15:36:05.605+0000] {dagbag.py:536} INFO - Filling up the DagBag from /home/airflow/.local/lib/python3.8/site-packages/airflow/example_dags/example_latest_only.py
[2025-03-06T15:36:05.609+0000] {processor.py:839} INFO - DAG(s) dict_keys(['latest_only']) retrieved from /home/airflow/.local/lib/python3.8/site-packages/airflow/example_dags/example_latest_only.py
[2025-03-06T15:36:05.618+0000] {logging_mixin.py:154} INFO - [2025-03-06T15:36:05.618+0000] {dag.py:2941} INFO - Sync 1 DAGs
[2025-03-06T15:36:05.628+0000] {logging_mixin.py:154} INFO - [2025-03-06T15:36:05.627+0000] {dag.py:3722} INFO - Setting next_dagrun for latest_only to 2025-03-06T11:36:05.627898+00:00, run_after=2025-03-06T15:36:05.627898+00:00
[2025-03-06T15:36:05.635+0000] {processor.py:179} INFO - Processing /home/airflow/.local/lib/python3.8/site-packages/airflow/example_dags/example_latest_only.py took 0.032 seconds
[2025-03-06T15:36:36.227+0000] {processor.py:157} INFO - Started process (PID=31061) to work on /home/airflow/.local/lib/python3.8/site-packages/airflow/example_dags/example_latest_only.py
[2025-03-06T15:36:36.228+0000] {processor.py:829} INFO - Processing file /home/airflow/.local/lib/python3.8/site-packages/airflow/example_dags/example_latest_only.py for tasks to queue
[2025-03-06T15:36:36.229+0000] {logging_mixin.py:154} INFO - [2025-03-06T15:36:36.228+0000] {dagbag.py:536} INFO - Filling up the DagBag from /home/airflow/.local/lib/python3.8/site-packages/airflow/example_dags/example_latest_only.py
[2025-03-06T15:36:36.232+0000] {processor.py:839} INFO - DAG(s) dict_keys(['latest_only']) retrieved from /home/airflow/.local/lib/python3.8/site-packages/airflow/example_dags/example_latest_only.py
[2025-03-06T15:36:36.244+0000] {logging_mixin.py:154} INFO - [2025-03-06T15:36:36.244+0000] {dag.py:2941} INFO - Sync 1 DAGs
[2025-03-06T15:36:36.252+0000] {logging_mixin.py:154} INFO - [2025-03-06T15:36:36.252+0000] {dag.py:3722} INFO - Setting next_dagrun for latest_only to 2025-03-06T11:36:36.252682+00:00, run_after=2025-03-06T15:36:36.252682+00:00
[2025-03-06T15:36:36.260+0000] {processor.py:179} INFO - Processing /home/airflow/.local/lib/python3.8/site-packages/airflow/example_dags/example_latest_only.py took 0.034 seconds
[2025-03-06T15:37:06.816+0000] {processor.py:157} INFO - Started process (PID=31117) to work on /home/airflow/.local/lib/python3.8/site-packages/airflow/example_dags/example_latest_only.py
[2025-03-06T15:37:06.816+0000] {processor.py:829} INFO - Processing file /home/airflow/.local/lib/python3.8/site-packages/airflow/example_dags/example_latest_only.py for tasks to queue
[2025-03-06T15:37:06.817+0000] {logging_mixin.py:154} INFO - [2025-03-06T15:37:06.816+0000] {dagbag.py:536} INFO - Filling up the DagBag from /home/airflow/.local/lib/python3.8/site-packages/airflow/example_dags/example_latest_only.py
[2025-03-06T15:37:06.820+0000] {processor.py:839} INFO - DAG(s) dict_keys(['latest_only']) retrieved from /home/airflow/.local/lib/python3.8/site-packages/airflow/example_dags/example_latest_only.py
[2025-03-06T15:37:06.831+0000] {logging_mixin.py:154} INFO - [2025-03-06T15:37:06.830+0000] {dag.py:2941} INFO - Sync 1 DAGs
[2025-03-06T15:37:06.840+0000] {logging_mixin.py:154} INFO - [2025-03-06T15:37:06.840+0000] {dag.py:3722} INFO - Setting next_dagrun for latest_only to 2025-03-06T11:37:06.840235+00:00, run_after=2025-03-06T15:37:06.840235+00:00
[2025-03-06T15:37:06.849+0000] {processor.py:179} INFO - Processing /home/airflow/.local/lib/python3.8/site-packages/airflow/example_dags/example_latest_only.py took 0.035 seconds
[2025-03-06T15:37:37.478+0000] {processor.py:157} INFO - Started process (PID=31173) to work on /home/airflow/.local/lib/python3.8/site-packages/airflow/example_dags/example_latest_only.py
[2025-03-06T15:37:37.480+0000] {processor.py:829} INFO - Processing file /home/airflow/.local/lib/python3.8/site-packages/airflow/example_dags/example_latest_only.py for tasks to queue
[2025-03-06T15:37:37.481+0000] {logging_mixin.py:154} INFO - [2025-03-06T15:37:37.481+0000] {dagbag.py:536} INFO - Filling up the DagBag from /home/airflow/.local/lib/python3.8/site-packages/airflow/example_dags/example_latest_only.py
[2025-03-06T15:37:37.483+0000] {processor.py:839} INFO - DAG(s) dict_keys(['latest_only']) retrieved from /home/airflow/.local/lib/python3.8/site-packages/airflow/example_dags/example_latest_only.py
[2025-03-06T15:37:37.494+0000] {logging_mixin.py:154} INFO - [2025-03-06T15:37:37.493+0000] {dag.py:2941} INFO - Sync 1 DAGs
[2025-03-06T15:37:37.504+0000] {logging_mixin.py:154} INFO - [2025-03-06T15:37:37.504+0000] {dag.py:3722} INFO - Setting next_dagrun for latest_only to 2025-03-06T11:37:37.504442+00:00, run_after=2025-03-06T15:37:37.504442+00:00
[2025-03-06T15:37:37.515+0000] {processor.py:179} INFO - Processing /home/airflow/.local/lib/python3.8/site-packages/airflow/example_dags/example_latest_only.py took 0.038 seconds
[2025-03-06T15:38:08.072+0000] {processor.py:157} INFO - Started process (PID=31229) to work on /home/airflow/.local/lib/python3.8/site-packages/airflow/example_dags/example_latest_only.py
[2025-03-06T15:38:08.074+0000] {processor.py:829} INFO - Processing file /home/airflow/.local/lib/python3.8/site-packages/airflow/example_dags/example_latest_only.py for tasks to queue
[2025-03-06T15:38:08.075+0000] {logging_mixin.py:154} INFO - [2025-03-06T15:38:08.074+0000] {dagbag.py:536} INFO - Filling up the DagBag from /home/airflow/.local/lib/python3.8/site-packages/airflow/example_dags/example_latest_only.py
[2025-03-06T15:38:08.078+0000] {processor.py:839} INFO - DAG(s) dict_keys(['latest_only']) retrieved from /home/airflow/.local/lib/python3.8/site-packages/airflow/example_dags/example_latest_only.py
[2025-03-06T15:38:08.088+0000] {logging_mixin.py:154} INFO - [2025-03-06T15:38:08.088+0000] {dag.py:2941} INFO - Sync 1 DAGs
[2025-03-06T15:38:08.098+0000] {logging_mixin.py:154} INFO - [2025-03-06T15:38:08.098+0000] {dag.py:3722} INFO - Setting next_dagrun for latest_only to 2025-03-06T11:38:08.098314+00:00, run_after=2025-03-06T15:38:08.098314+00:00
[2025-03-06T15:38:08.105+0000] {processor.py:179} INFO - Processing /home/airflow/.local/lib/python3.8/site-packages/airflow/example_dags/example_latest_only.py took 0.035 seconds
[2025-03-06T15:38:38.701+0000] {processor.py:157} INFO - Started process (PID=31285) to work on /home/airflow/.local/lib/python3.8/site-packages/airflow/example_dags/example_latest_only.py
[2025-03-06T15:38:38.701+0000] {processor.py:829} INFO - Processing file /home/airflow/.local/lib/python3.8/site-packages/airflow/example_dags/example_latest_only.py for tasks to queue
[2025-03-06T15:38:38.701+0000] {logging_mixin.py:154} INFO - [2025-03-06T15:38:38.701+0000] {dagbag.py:536} INFO - Filling up the DagBag from /home/airflow/.local/lib/python3.8/site-packages/airflow/example_dags/example_latest_only.py
[2025-03-06T15:38:38.704+0000] {processor.py:839} INFO - DAG(s) dict_keys(['latest_only']) retrieved from /home/airflow/.local/lib/python3.8/site-packages/airflow/example_dags/example_latest_only.py
[2025-03-06T15:38:38.713+0000] {logging_mixin.py:154} INFO - [2025-03-06T15:38:38.713+0000] {dag.py:2941} INFO - Sync 1 DAGs
[2025-03-06T15:38:38.723+0000] {logging_mixin.py:154} INFO - [2025-03-06T15:38:38.723+0000] {dag.py:3722} INFO - Setting next_dagrun for latest_only to 2025-03-06T11:38:38.723725+00:00, run_after=2025-03-06T15:38:38.723725+00:00
[2025-03-06T15:38:38.735+0000] {processor.py:179} INFO - Processing /home/airflow/.local/lib/python3.8/site-packages/airflow/example_dags/example_latest_only.py took 0.036 seconds
[2025-03-06T15:39:09.264+0000] {processor.py:157} INFO - Started process (PID=31341) to work on /home/airflow/.local/lib/python3.8/site-packages/airflow/example_dags/example_latest_only.py
[2025-03-06T15:39:09.265+0000] {processor.py:829} INFO - Processing file /home/airflow/.local/lib/python3.8/site-packages/airflow/example_dags/example_latest_only.py for tasks to queue
[2025-03-06T15:39:09.266+0000] {logging_mixin.py:154} INFO - [2025-03-06T15:39:09.266+0000] {dagbag.py:536} INFO - Filling up the DagBag from /home/airflow/.local/lib/python3.8/site-packages/airflow/example_dags/example_latest_only.py
[2025-03-06T15:39:09.270+0000] {processor.py:839} INFO - DAG(s) dict_keys(['latest_only']) retrieved from /home/airflow/.local/lib/python3.8/site-packages/airflow/example_dags/example_latest_only.py
[2025-03-06T15:39:09.279+0000] {logging_mixin.py:154} INFO - [2025-03-06T15:39:09.279+0000] {dag.py:2941} INFO - Sync 1 DAGs
[2025-03-06T15:39:09.288+0000] {logging_mixin.py:154} INFO - [2025-03-06T15:39:09.288+0000] {dag.py:3722} INFO - Setting next_dagrun for latest_only to 2025-03-06T11:39:09.288078+00:00, run_after=2025-03-06T15:39:09.288078+00:00
[2025-03-06T15:39:09.297+0000] {processor.py:179} INFO - Processing /home/airflow/.local/lib/python3.8/site-packages/airflow/example_dags/example_latest_only.py took 0.034 seconds
[2025-03-06T15:39:39.957+0000] {processor.py:157} INFO - Started process (PID=31397) to work on /home/airflow/.local/lib/python3.8/site-packages/airflow/example_dags/example_latest_only.py
[2025-03-06T15:39:39.961+0000] {processor.py:829} INFO - Processing file /home/airflow/.local/lib/python3.8/site-packages/airflow/example_dags/example_latest_only.py for tasks to queue
[2025-03-06T15:39:39.961+0000] {logging_mixin.py:154} INFO - [2025-03-06T15:39:39.961+0000] {dagbag.py:536} INFO - Filling up the DagBag from /home/airflow/.local/lib/python3.8/site-packages/airflow/example_dags/example_latest_only.py
[2025-03-06T15:39:39.965+0000] {processor.py:839} INFO - DAG(s) dict_keys(['latest_only']) retrieved from /home/airflow/.local/lib/python3.8/site-packages/airflow/example_dags/example_latest_only.py
[2025-03-06T15:39:39.975+0000] {logging_mixin.py:154} INFO - [2025-03-06T15:39:39.974+0000] {dag.py:2941} INFO - Sync 1 DAGs
[2025-03-06T15:39:39.984+0000] {logging_mixin.py:154} INFO - [2025-03-06T15:39:39.984+0000] {dag.py:3722} INFO - Setting next_dagrun for latest_only to 2025-03-06T11:39:39.984152+00:00, run_after=2025-03-06T15:39:39.984152+00:00
[2025-03-06T15:39:39.990+0000] {processor.py:179} INFO - Processing /home/airflow/.local/lib/python3.8/site-packages/airflow/example_dags/example_latest_only.py took 0.035 seconds
[2025-03-06T15:40:10.594+0000] {processor.py:157} INFO - Started process (PID=31453) to work on /home/airflow/.local/lib/python3.8/site-packages/airflow/example_dags/example_latest_only.py
[2025-03-06T15:40:10.594+0000] {processor.py:829} INFO - Processing file /home/airflow/.local/lib/python3.8/site-packages/airflow/example_dags/example_latest_only.py for tasks to queue
[2025-03-06T15:40:10.594+0000] {logging_mixin.py:154} INFO - [2025-03-06T15:40:10.594+0000] {dagbag.py:536} INFO - Filling up the DagBag from /home/airflow/.local/lib/python3.8/site-packages/airflow/example_dags/example_latest_only.py
[2025-03-06T15:40:10.598+0000] {processor.py:839} INFO - DAG(s) dict_keys(['latest_only']) retrieved from /home/airflow/.local/lib/python3.8/site-packages/airflow/example_dags/example_latest_only.py
[2025-03-06T15:40:10.607+0000] {logging_mixin.py:154} INFO - [2025-03-06T15:40:10.607+0000] {dag.py:2941} INFO - Sync 1 DAGs
[2025-03-06T15:40:10.619+0000] {logging_mixin.py:154} INFO - [2025-03-06T15:40:10.618+0000] {dag.py:3722} INFO - Setting next_dagrun for latest_only to 2025-03-06T11:40:10.618847+00:00, run_after=2025-03-06T15:40:10.618847+00:00
[2025-03-06T15:40:10.626+0000] {processor.py:179} INFO - Processing /home/airflow/.local/lib/python3.8/site-packages/airflow/example_dags/example_latest_only.py took 0.034 seconds
[2025-03-06T15:40:41.165+0000] {processor.py:157} INFO - Started process (PID=31509) to work on /home/airflow/.local/lib/python3.8/site-packages/airflow/example_dags/example_latest_only.py
[2025-03-06T15:40:41.166+0000] {processor.py:829} INFO - Processing file /home/airflow/.local/lib/python3.8/site-packages/airflow/example_dags/example_latest_only.py for tasks to queue
[2025-03-06T15:40:41.166+0000] {logging_mixin.py:154} INFO - [2025-03-06T15:40:41.166+0000] {dagbag.py:536} INFO - Filling up the DagBag from /home/airflow/.local/lib/python3.8/site-packages/airflow/example_dags/example_latest_only.py
[2025-03-06T15:40:41.169+0000] {processor.py:839} INFO - DAG(s) dict_keys(['latest_only']) retrieved from /home/airflow/.local/lib/python3.8/site-packages/airflow/example_dags/example_latest_only.py
[2025-03-06T15:40:41.182+0000] {logging_mixin.py:154} INFO - [2025-03-06T15:40:41.181+0000] {dag.py:2941} INFO - Sync 1 DAGs
[2025-03-06T15:40:41.191+0000] {logging_mixin.py:154} INFO - [2025-03-06T15:40:41.191+0000] {dag.py:3722} INFO - Setting next_dagrun for latest_only to 2025-03-06T11:40:41.191731+00:00, run_after=2025-03-06T15:40:41.191731+00:00
[2025-03-06T15:40:41.198+0000] {processor.py:179} INFO - Processing /home/airflow/.local/lib/python3.8/site-packages/airflow/example_dags/example_latest_only.py took 0.035 seconds
[2025-03-06T15:41:11.767+0000] {processor.py:157} INFO - Started process (PID=31565) to work on /home/airflow/.local/lib/python3.8/site-packages/airflow/example_dags/example_latest_only.py
[2025-03-06T15:41:11.768+0000] {processor.py:829} INFO - Processing file /home/airflow/.local/lib/python3.8/site-packages/airflow/example_dags/example_latest_only.py for tasks to queue
[2025-03-06T15:41:11.769+0000] {logging_mixin.py:154} INFO - [2025-03-06T15:41:11.769+0000] {dagbag.py:536} INFO - Filling up the DagBag from /home/airflow/.local/lib/python3.8/site-packages/airflow/example_dags/example_latest_only.py
[2025-03-06T15:41:11.774+0000] {processor.py:839} INFO - DAG(s) dict_keys(['latest_only']) retrieved from /home/airflow/.local/lib/python3.8/site-packages/airflow/example_dags/example_latest_only.py
[2025-03-06T15:41:11.787+0000] {logging_mixin.py:154} INFO - [2025-03-06T15:41:11.787+0000] {dag.py:2941} INFO - Sync 1 DAGs
[2025-03-06T15:41:11.797+0000] {logging_mixin.py:154} INFO - [2025-03-06T15:41:11.797+0000] {dag.py:3722} INFO - Setting next_dagrun for latest_only to 2025-03-06T11:41:11.797278+00:00, run_after=2025-03-06T15:41:11.797278+00:00
[2025-03-06T15:41:11.807+0000] {processor.py:179} INFO - Processing /home/airflow/.local/lib/python3.8/site-packages/airflow/example_dags/example_latest_only.py took 0.041 seconds
[2025-03-06T15:41:42.360+0000] {processor.py:157} INFO - Started process (PID=31621) to work on /home/airflow/.local/lib/python3.8/site-packages/airflow/example_dags/example_latest_only.py
[2025-03-06T15:41:42.360+0000] {processor.py:829} INFO - Processing file /home/airflow/.local/lib/python3.8/site-packages/airflow/example_dags/example_latest_only.py for tasks to queue
[2025-03-06T15:41:42.361+0000] {logging_mixin.py:154} INFO - [2025-03-06T15:41:42.361+0000] {dagbag.py:536} INFO - Filling up the DagBag from /home/airflow/.local/lib/python3.8/site-packages/airflow/example_dags/example_latest_only.py
[2025-03-06T15:41:42.364+0000] {processor.py:839} INFO - DAG(s) dict_keys(['latest_only']) retrieved from /home/airflow/.local/lib/python3.8/site-packages/airflow/example_dags/example_latest_only.py
[2025-03-06T15:41:42.373+0000] {logging_mixin.py:154} INFO - [2025-03-06T15:41:42.373+0000] {dag.py:2941} INFO - Sync 1 DAGs
[2025-03-06T15:41:42.383+0000] {logging_mixin.py:154} INFO - [2025-03-06T15:41:42.383+0000] {dag.py:3722} INFO - Setting next_dagrun for latest_only to 2025-03-06T11:41:42.382953+00:00, run_after=2025-03-06T15:41:42.382953+00:00
[2025-03-06T15:41:42.395+0000] {processor.py:179} INFO - Processing /home/airflow/.local/lib/python3.8/site-packages/airflow/example_dags/example_latest_only.py took 0.037 seconds
[2025-03-06T15:42:12.942+0000] {processor.py:157} INFO - Started process (PID=31677) to work on /home/airflow/.local/lib/python3.8/site-packages/airflow/example_dags/example_latest_only.py
[2025-03-06T15:42:12.942+0000] {processor.py:829} INFO - Processing file /home/airflow/.local/lib/python3.8/site-packages/airflow/example_dags/example_latest_only.py for tasks to queue
[2025-03-06T15:42:12.943+0000] {logging_mixin.py:154} INFO - [2025-03-06T15:42:12.943+0000] {dagbag.py:536} INFO - Filling up the DagBag from /home/airflow/.local/lib/python3.8/site-packages/airflow/example_dags/example_latest_only.py
[2025-03-06T15:42:12.946+0000] {processor.py:839} INFO - DAG(s) dict_keys(['latest_only']) retrieved from /home/airflow/.local/lib/python3.8/site-packages/airflow/example_dags/example_latest_only.py
[2025-03-06T15:42:12.955+0000] {logging_mixin.py:154} INFO - [2025-03-06T15:42:12.955+0000] {dag.py:2941} INFO - Sync 1 DAGs
[2025-03-06T15:42:12.964+0000] {logging_mixin.py:154} INFO - [2025-03-06T15:42:12.964+0000] {dag.py:3722} INFO - Setting next_dagrun for latest_only to 2025-03-06T11:42:12.964012+00:00, run_after=2025-03-06T15:42:12.964012+00:00
[2025-03-06T15:42:12.973+0000] {processor.py:179} INFO - Processing /home/airflow/.local/lib/python3.8/site-packages/airflow/example_dags/example_latest_only.py took 0.033 seconds
[2025-03-06T15:42:43.597+0000] {processor.py:157} INFO - Started process (PID=31733) to work on /home/airflow/.local/lib/python3.8/site-packages/airflow/example_dags/example_latest_only.py
[2025-03-06T15:42:43.597+0000] {processor.py:829} INFO - Processing file /home/airflow/.local/lib/python3.8/site-packages/airflow/example_dags/example_latest_only.py for tasks to queue
[2025-03-06T15:42:43.597+0000] {logging_mixin.py:154} INFO - [2025-03-06T15:42:43.597+0000] {dagbag.py:536} INFO - Filling up the DagBag from /home/airflow/.local/lib/python3.8/site-packages/airflow/example_dags/example_latest_only.py
[2025-03-06T15:42:43.600+0000] {processor.py:839} INFO - DAG(s) dict_keys(['latest_only']) retrieved from /home/airflow/.local/lib/python3.8/site-packages/airflow/example_dags/example_latest_only.py
[2025-03-06T15:42:43.609+0000] {logging_mixin.py:154} INFO - [2025-03-06T15:42:43.609+0000] {dag.py:2941} INFO - Sync 1 DAGs
[2025-03-06T15:42:43.617+0000] {logging_mixin.py:154} INFO - [2025-03-06T15:42:43.617+0000] {dag.py:3722} INFO - Setting next_dagrun for latest_only to 2025-03-06T11:42:43.617279+00:00, run_after=2025-03-06T15:42:43.617279+00:00
[2025-03-06T15:42:43.623+0000] {processor.py:179} INFO - Processing /home/airflow/.local/lib/python3.8/site-packages/airflow/example_dags/example_latest_only.py took 0.028 seconds
[2025-03-06T15:43:14.265+0000] {processor.py:157} INFO - Started process (PID=31789) to work on /home/airflow/.local/lib/python3.8/site-packages/airflow/example_dags/example_latest_only.py
[2025-03-06T15:43:14.266+0000] {processor.py:829} INFO - Processing file /home/airflow/.local/lib/python3.8/site-packages/airflow/example_dags/example_latest_only.py for tasks to queue
[2025-03-06T15:43:14.268+0000] {logging_mixin.py:154} INFO - [2025-03-06T15:43:14.268+0000] {dagbag.py:536} INFO - Filling up the DagBag from /home/airflow/.local/lib/python3.8/site-packages/airflow/example_dags/example_latest_only.py
[2025-03-06T15:43:14.272+0000] {processor.py:839} INFO - DAG(s) dict_keys(['latest_only']) retrieved from /home/airflow/.local/lib/python3.8/site-packages/airflow/example_dags/example_latest_only.py
[2025-03-06T15:43:14.282+0000] {logging_mixin.py:154} INFO - [2025-03-06T15:43:14.282+0000] {dag.py:2941} INFO - Sync 1 DAGs
[2025-03-06T15:43:14.290+0000] {logging_mixin.py:154} INFO - [2025-03-06T15:43:14.290+0000] {dag.py:3722} INFO - Setting next_dagrun for latest_only to 2025-03-06T11:43:14.290501+00:00, run_after=2025-03-06T15:43:14.290501+00:00
[2025-03-06T15:43:14.299+0000] {processor.py:179} INFO - Processing /home/airflow/.local/lib/python3.8/site-packages/airflow/example_dags/example_latest_only.py took 0.036 seconds
[2025-03-06T15:43:45.031+0000] {processor.py:157} INFO - Started process (PID=31845) to work on /home/airflow/.local/lib/python3.8/site-packages/airflow/example_dags/example_latest_only.py
[2025-03-06T15:43:45.032+0000] {processor.py:829} INFO - Processing file /home/airflow/.local/lib/python3.8/site-packages/airflow/example_dags/example_latest_only.py for tasks to queue
[2025-03-06T15:43:45.032+0000] {logging_mixin.py:154} INFO - [2025-03-06T15:43:45.032+0000] {dagbag.py:536} INFO - Filling up the DagBag from /home/airflow/.local/lib/python3.8/site-packages/airflow/example_dags/example_latest_only.py
[2025-03-06T15:43:45.035+0000] {processor.py:839} INFO - DAG(s) dict_keys(['latest_only']) retrieved from /home/airflow/.local/lib/python3.8/site-packages/airflow/example_dags/example_latest_only.py
[2025-03-06T15:43:45.044+0000] {logging_mixin.py:154} INFO - [2025-03-06T15:43:45.044+0000] {dag.py:2941} INFO - Sync 1 DAGs
[2025-03-06T15:43:45.052+0000] {logging_mixin.py:154} INFO - [2025-03-06T15:43:45.052+0000] {dag.py:3722} INFO - Setting next_dagrun for latest_only to 2025-03-06T11:43:45.052391+00:00, run_after=2025-03-06T15:43:45.052391+00:00
[2025-03-06T15:43:45.058+0000] {processor.py:179} INFO - Processing /home/airflow/.local/lib/python3.8/site-packages/airflow/example_dags/example_latest_only.py took 0.028 seconds
[2025-03-06T15:44:15.697+0000] {processor.py:157} INFO - Started process (PID=31901) to work on /home/airflow/.local/lib/python3.8/site-packages/airflow/example_dags/example_latest_only.py
[2025-03-06T15:44:15.698+0000] {processor.py:829} INFO - Processing file /home/airflow/.local/lib/python3.8/site-packages/airflow/example_dags/example_latest_only.py for tasks to queue
[2025-03-06T15:44:15.699+0000] {logging_mixin.py:154} INFO - [2025-03-06T15:44:15.699+0000] {dagbag.py:536} INFO - Filling up the DagBag from /home/airflow/.local/lib/python3.8/site-packages/airflow/example_dags/example_latest_only.py
[2025-03-06T15:44:15.703+0000] {processor.py:839} INFO - DAG(s) dict_keys(['latest_only']) retrieved from /home/airflow/.local/lib/python3.8/site-packages/airflow/example_dags/example_latest_only.py
[2025-03-06T15:44:15.714+0000] {logging_mixin.py:154} INFO - [2025-03-06T15:44:15.713+0000] {dag.py:2941} INFO - Sync 1 DAGs
[2025-03-06T15:44:15.724+0000] {logging_mixin.py:154} INFO - [2025-03-06T15:44:15.724+0000] {dag.py:3722} INFO - Setting next_dagrun for latest_only to 2025-03-06T11:44:15.724142+00:00, run_after=2025-03-06T15:44:15.724142+00:00
[2025-03-06T15:44:15.734+0000] {processor.py:179} INFO - Processing /home/airflow/.local/lib/python3.8/site-packages/airflow/example_dags/example_latest_only.py took 0.039 seconds
[2025-03-06T15:44:46.297+0000] {processor.py:157} INFO - Started process (PID=31957) to work on /home/airflow/.local/lib/python3.8/site-packages/airflow/example_dags/example_latest_only.py
[2025-03-06T15:44:46.298+0000] {processor.py:829} INFO - Processing file /home/airflow/.local/lib/python3.8/site-packages/airflow/example_dags/example_latest_only.py for tasks to queue
[2025-03-06T15:44:46.300+0000] {logging_mixin.py:154} INFO - [2025-03-06T15:44:46.300+0000] {dagbag.py:536} INFO - Filling up the DagBag from /home/airflow/.local/lib/python3.8/site-packages/airflow/example_dags/example_latest_only.py
[2025-03-06T15:44:46.303+0000] {processor.py:839} INFO - DAG(s) dict_keys(['latest_only']) retrieved from /home/airflow/.local/lib/python3.8/site-packages/airflow/example_dags/example_latest_only.py
[2025-03-06T15:44:46.315+0000] {logging_mixin.py:154} INFO - [2025-03-06T15:44:46.315+0000] {dag.py:2941} INFO - Sync 1 DAGs
[2025-03-06T15:44:46.324+0000] {logging_mixin.py:154} INFO - [2025-03-06T15:44:46.324+0000] {dag.py:3722} INFO - Setting next_dagrun for latest_only to 2025-03-06T11:44:46.324769+00:00, run_after=2025-03-06T15:44:46.324769+00:00
[2025-03-06T15:44:46.331+0000] {processor.py:179} INFO - Processing /home/airflow/.local/lib/python3.8/site-packages/airflow/example_dags/example_latest_only.py took 0.036 seconds
[2025-03-06T15:45:16.920+0000] {processor.py:157} INFO - Started process (PID=32013) to work on /home/airflow/.local/lib/python3.8/site-packages/airflow/example_dags/example_latest_only.py
[2025-03-06T15:45:16.920+0000] {processor.py:829} INFO - Processing file /home/airflow/.local/lib/python3.8/site-packages/airflow/example_dags/example_latest_only.py for tasks to queue
[2025-03-06T15:45:16.920+0000] {logging_mixin.py:154} INFO - [2025-03-06T15:45:16.920+0000] {dagbag.py:536} INFO - Filling up the DagBag from /home/airflow/.local/lib/python3.8/site-packages/airflow/example_dags/example_latest_only.py
[2025-03-06T15:45:16.924+0000] {processor.py:839} INFO - DAG(s) dict_keys(['latest_only']) retrieved from /home/airflow/.local/lib/python3.8/site-packages/airflow/example_dags/example_latest_only.py
[2025-03-06T15:45:16.934+0000] {logging_mixin.py:154} INFO - [2025-03-06T15:45:16.933+0000] {dag.py:2941} INFO - Sync 1 DAGs
[2025-03-06T15:45:16.944+0000] {logging_mixin.py:154} INFO - [2025-03-06T15:45:16.943+0000] {dag.py:3722} INFO - Setting next_dagrun for latest_only to 2025-03-06T11:45:16.943833+00:00, run_after=2025-03-06T15:45:16.943833+00:00
[2025-03-06T15:45:16.954+0000] {processor.py:179} INFO - Processing /home/airflow/.local/lib/python3.8/site-packages/airflow/example_dags/example_latest_only.py took 0.036 seconds
[2025-03-06T15:45:47.582+0000] {processor.py:157} INFO - Started process (PID=32069) to work on /home/airflow/.local/lib/python3.8/site-packages/airflow/example_dags/example_latest_only.py
[2025-03-06T15:45:47.583+0000] {processor.py:829} INFO - Processing file /home/airflow/.local/lib/python3.8/site-packages/airflow/example_dags/example_latest_only.py for tasks to queue
[2025-03-06T15:45:47.584+0000] {logging_mixin.py:154} INFO - [2025-03-06T15:45:47.584+0000] {dagbag.py:536} INFO - Filling up the DagBag from /home/airflow/.local/lib/python3.8/site-packages/airflow/example_dags/example_latest_only.py
[2025-03-06T15:45:47.587+0000] {processor.py:839} INFO - DAG(s) dict_keys(['latest_only']) retrieved from /home/airflow/.local/lib/python3.8/site-packages/airflow/example_dags/example_latest_only.py
[2025-03-06T15:45:47.599+0000] {logging_mixin.py:154} INFO - [2025-03-06T15:45:47.599+0000] {dag.py:2941} INFO - Sync 1 DAGs
[2025-03-06T15:45:47.609+0000] {logging_mixin.py:154} INFO - [2025-03-06T15:45:47.609+0000] {dag.py:3722} INFO - Setting next_dagrun for latest_only to 2025-03-06T11:45:47.609460+00:00, run_after=2025-03-06T15:45:47.609460+00:00
[2025-03-06T15:45:47.623+0000] {processor.py:179} INFO - Processing /home/airflow/.local/lib/python3.8/site-packages/airflow/example_dags/example_latest_only.py took 0.043 seconds
[2025-03-06T15:46:18.179+0000] {processor.py:157} INFO - Started process (PID=32125) to work on /home/airflow/.local/lib/python3.8/site-packages/airflow/example_dags/example_latest_only.py
[2025-03-06T15:46:18.179+0000] {processor.py:829} INFO - Processing file /home/airflow/.local/lib/python3.8/site-packages/airflow/example_dags/example_latest_only.py for tasks to queue
[2025-03-06T15:46:18.180+0000] {logging_mixin.py:154} INFO - [2025-03-06T15:46:18.180+0000] {dagbag.py:536} INFO - Filling up the DagBag from /home/airflow/.local/lib/python3.8/site-packages/airflow/example_dags/example_latest_only.py
[2025-03-06T15:46:18.184+0000] {processor.py:839} INFO - DAG(s) dict_keys(['latest_only']) retrieved from /home/airflow/.local/lib/python3.8/site-packages/airflow/example_dags/example_latest_only.py
[2025-03-06T15:46:18.194+0000] {logging_mixin.py:154} INFO - [2025-03-06T15:46:18.194+0000] {dag.py:2941} INFO - Sync 1 DAGs
[2025-03-06T15:46:18.203+0000] {logging_mixin.py:154} INFO - [2025-03-06T15:46:18.203+0000] {dag.py:3722} INFO - Setting next_dagrun for latest_only to 2025-03-06T11:46:18.203283+00:00, run_after=2025-03-06T15:46:18.203283+00:00
[2025-03-06T15:46:18.209+0000] {processor.py:179} INFO - Processing /home/airflow/.local/lib/python3.8/site-packages/airflow/example_dags/example_latest_only.py took 0.032 seconds
[2025-03-06T15:46:48.857+0000] {processor.py:157} INFO - Started process (PID=32180) to work on /home/airflow/.local/lib/python3.8/site-packages/airflow/example_dags/example_latest_only.py
[2025-03-06T15:46:48.857+0000] {processor.py:829} INFO - Processing file /home/airflow/.local/lib/python3.8/site-packages/airflow/example_dags/example_latest_only.py for tasks to queue
[2025-03-06T15:46:48.858+0000] {logging_mixin.py:154} INFO - [2025-03-06T15:46:48.858+0000] {dagbag.py:536} INFO - Filling up the DagBag from /home/airflow/.local/lib/python3.8/site-packages/airflow/example_dags/example_latest_only.py
[2025-03-06T15:46:48.861+0000] {processor.py:839} INFO - DAG(s) dict_keys(['latest_only']) retrieved from /home/airflow/.local/lib/python3.8/site-packages/airflow/example_dags/example_latest_only.py
[2025-03-06T15:46:48.872+0000] {logging_mixin.py:154} INFO - [2025-03-06T15:46:48.872+0000] {dag.py:2941} INFO - Sync 1 DAGs
[2025-03-06T15:46:48.881+0000] {logging_mixin.py:154} INFO - [2025-03-06T15:46:48.881+0000] {dag.py:3722} INFO - Setting next_dagrun for latest_only to 2025-03-06T11:46:48.881429+00:00, run_after=2025-03-06T15:46:48.881429+00:00
[2025-03-06T15:46:48.888+0000] {processor.py:179} INFO - Processing /home/airflow/.local/lib/python3.8/site-packages/airflow/example_dags/example_latest_only.py took 0.033 seconds
[2025-03-06T15:47:19.505+0000] {processor.py:157} INFO - Started process (PID=32236) to work on /home/airflow/.local/lib/python3.8/site-packages/airflow/example_dags/example_latest_only.py
[2025-03-06T15:47:19.506+0000] {processor.py:829} INFO - Processing file /home/airflow/.local/lib/python3.8/site-packages/airflow/example_dags/example_latest_only.py for tasks to queue
[2025-03-06T15:47:19.506+0000] {logging_mixin.py:154} INFO - [2025-03-06T15:47:19.506+0000] {dagbag.py:536} INFO - Filling up the DagBag from /home/airflow/.local/lib/python3.8/site-packages/airflow/example_dags/example_latest_only.py
[2025-03-06T15:47:19.510+0000] {processor.py:839} INFO - DAG(s) dict_keys(['latest_only']) retrieved from /home/airflow/.local/lib/python3.8/site-packages/airflow/example_dags/example_latest_only.py
[2025-03-06T15:47:19.521+0000] {logging_mixin.py:154} INFO - [2025-03-06T15:47:19.521+0000] {dag.py:2941} INFO - Sync 1 DAGs
[2025-03-06T15:47:19.531+0000] {logging_mixin.py:154} INFO - [2025-03-06T15:47:19.531+0000] {dag.py:3722} INFO - Setting next_dagrun for latest_only to 2025-03-06T11:47:19.531128+00:00, run_after=2025-03-06T15:47:19.531128+00:00
[2025-03-06T15:47:19.545+0000] {processor.py:179} INFO - Processing /home/airflow/.local/lib/python3.8/site-packages/airflow/example_dags/example_latest_only.py took 0.041 seconds
[2025-03-06T15:47:50.166+0000] {processor.py:157} INFO - Started process (PID=32292) to work on /home/airflow/.local/lib/python3.8/site-packages/airflow/example_dags/example_latest_only.py
[2025-03-06T15:47:50.167+0000] {processor.py:829} INFO - Processing file /home/airflow/.local/lib/python3.8/site-packages/airflow/example_dags/example_latest_only.py for tasks to queue
[2025-03-06T15:47:50.167+0000] {logging_mixin.py:154} INFO - [2025-03-06T15:47:50.167+0000] {dagbag.py:536} INFO - Filling up the DagBag from /home/airflow/.local/lib/python3.8/site-packages/airflow/example_dags/example_latest_only.py
[2025-03-06T15:47:50.170+0000] {processor.py:839} INFO - DAG(s) dict_keys(['latest_only']) retrieved from /home/airflow/.local/lib/python3.8/site-packages/airflow/example_dags/example_latest_only.py
[2025-03-06T15:47:50.179+0000] {logging_mixin.py:154} INFO - [2025-03-06T15:47:50.179+0000] {dag.py:2941} INFO - Sync 1 DAGs
[2025-03-06T15:47:50.189+0000] {logging_mixin.py:154} INFO - [2025-03-06T15:47:50.189+0000] {dag.py:3722} INFO - Setting next_dagrun for latest_only to 2025-03-06T11:47:50.189245+00:00, run_after=2025-03-06T15:47:50.189245+00:00
[2025-03-06T15:47:50.200+0000] {processor.py:179} INFO - Processing /home/airflow/.local/lib/python3.8/site-packages/airflow/example_dags/example_latest_only.py took 0.036 seconds
[2025-03-06T15:48:20.853+0000] {processor.py:157} INFO - Started process (PID=32348) to work on /home/airflow/.local/lib/python3.8/site-packages/airflow/example_dags/example_latest_only.py
[2025-03-06T15:48:20.854+0000] {processor.py:829} INFO - Processing file /home/airflow/.local/lib/python3.8/site-packages/airflow/example_dags/example_latest_only.py for tasks to queue
[2025-03-06T15:48:20.854+0000] {logging_mixin.py:154} INFO - [2025-03-06T15:48:20.854+0000] {dagbag.py:536} INFO - Filling up the DagBag from /home/airflow/.local/lib/python3.8/site-packages/airflow/example_dags/example_latest_only.py
[2025-03-06T15:48:20.857+0000] {processor.py:839} INFO - DAG(s) dict_keys(['latest_only']) retrieved from /home/airflow/.local/lib/python3.8/site-packages/airflow/example_dags/example_latest_only.py
[2025-03-06T15:48:20.867+0000] {logging_mixin.py:154} INFO - [2025-03-06T15:48:20.867+0000] {dag.py:2941} INFO - Sync 1 DAGs
[2025-03-06T15:48:20.878+0000] {logging_mixin.py:154} INFO - [2025-03-06T15:48:20.877+0000] {dag.py:3722} INFO - Setting next_dagrun for latest_only to 2025-03-06T11:48:20.877886+00:00, run_after=2025-03-06T15:48:20.877886+00:00
[2025-03-06T15:48:20.885+0000] {processor.py:179} INFO - Processing /home/airflow/.local/lib/python3.8/site-packages/airflow/example_dags/example_latest_only.py took 0.033 seconds
[2025-03-06T15:48:51.533+0000] {processor.py:157} INFO - Started process (PID=32404) to work on /home/airflow/.local/lib/python3.8/site-packages/airflow/example_dags/example_latest_only.py
[2025-03-06T15:48:51.534+0000] {processor.py:829} INFO - Processing file /home/airflow/.local/lib/python3.8/site-packages/airflow/example_dags/example_latest_only.py for tasks to queue
[2025-03-06T15:48:51.534+0000] {logging_mixin.py:154} INFO - [2025-03-06T15:48:51.534+0000] {dagbag.py:536} INFO - Filling up the DagBag from /home/airflow/.local/lib/python3.8/site-packages/airflow/example_dags/example_latest_only.py
[2025-03-06T15:48:51.537+0000] {processor.py:839} INFO - DAG(s) dict_keys(['latest_only']) retrieved from /home/airflow/.local/lib/python3.8/site-packages/airflow/example_dags/example_latest_only.py
[2025-03-06T15:48:51.547+0000] {logging_mixin.py:154} INFO - [2025-03-06T15:48:51.547+0000] {dag.py:2941} INFO - Sync 1 DAGs
[2025-03-06T15:48:51.557+0000] {logging_mixin.py:154} INFO - [2025-03-06T15:48:51.557+0000] {dag.py:3722} INFO - Setting next_dagrun for latest_only to 2025-03-06T11:48:51.557175+00:00, run_after=2025-03-06T15:48:51.557175+00:00
[2025-03-06T15:48:51.564+0000] {processor.py:179} INFO - Processing /home/airflow/.local/lib/python3.8/site-packages/airflow/example_dags/example_latest_only.py took 0.032 seconds
[2025-03-06T15:49:22.096+0000] {processor.py:157} INFO - Started process (PID=32460) to work on /home/airflow/.local/lib/python3.8/site-packages/airflow/example_dags/example_latest_only.py
[2025-03-06T15:49:22.096+0000] {processor.py:829} INFO - Processing file /home/airflow/.local/lib/python3.8/site-packages/airflow/example_dags/example_latest_only.py for tasks to queue
[2025-03-06T15:49:22.097+0000] {logging_mixin.py:154} INFO - [2025-03-06T15:49:22.097+0000] {dagbag.py:536} INFO - Filling up the DagBag from /home/airflow/.local/lib/python3.8/site-packages/airflow/example_dags/example_latest_only.py
[2025-03-06T15:49:22.100+0000] {processor.py:839} INFO - DAG(s) dict_keys(['latest_only']) retrieved from /home/airflow/.local/lib/python3.8/site-packages/airflow/example_dags/example_latest_only.py
[2025-03-06T15:49:22.108+0000] {logging_mixin.py:154} INFO - [2025-03-06T15:49:22.108+0000] {dag.py:2941} INFO - Sync 1 DAGs
[2025-03-06T15:49:22.118+0000] {logging_mixin.py:154} INFO - [2025-03-06T15:49:22.118+0000] {dag.py:3722} INFO - Setting next_dagrun for latest_only to 2025-03-06T11:49:22.118027+00:00, run_after=2025-03-06T15:49:22.118027+00:00
[2025-03-06T15:49:22.126+0000] {processor.py:179} INFO - Processing /home/airflow/.local/lib/python3.8/site-packages/airflow/example_dags/example_latest_only.py took 0.032 seconds
[2025-03-06T15:49:52.687+0000] {processor.py:157} INFO - Started process (PID=32516) to work on /home/airflow/.local/lib/python3.8/site-packages/airflow/example_dags/example_latest_only.py
[2025-03-06T15:49:52.688+0000] {processor.py:829} INFO - Processing file /home/airflow/.local/lib/python3.8/site-packages/airflow/example_dags/example_latest_only.py for tasks to queue
[2025-03-06T15:49:52.688+0000] {logging_mixin.py:154} INFO - [2025-03-06T15:49:52.688+0000] {dagbag.py:536} INFO - Filling up the DagBag from /home/airflow/.local/lib/python3.8/site-packages/airflow/example_dags/example_latest_only.py
[2025-03-06T15:49:52.691+0000] {processor.py:839} INFO - DAG(s) dict_keys(['latest_only']) retrieved from /home/airflow/.local/lib/python3.8/site-packages/airflow/example_dags/example_latest_only.py
[2025-03-06T15:49:52.702+0000] {logging_mixin.py:154} INFO - [2025-03-06T15:49:52.701+0000] {dag.py:2941} INFO - Sync 1 DAGs
[2025-03-06T15:49:52.711+0000] {logging_mixin.py:154} INFO - [2025-03-06T15:49:52.711+0000] {dag.py:3722} INFO - Setting next_dagrun for latest_only to 2025-03-06T11:49:52.711576+00:00, run_after=2025-03-06T15:49:52.711576+00:00
[2025-03-06T15:49:52.721+0000] {processor.py:179} INFO - Processing /home/airflow/.local/lib/python3.8/site-packages/airflow/example_dags/example_latest_only.py took 0.035 seconds
[2025-03-06T15:50:23.298+0000] {processor.py:157} INFO - Started process (PID=32572) to work on /home/airflow/.local/lib/python3.8/site-packages/airflow/example_dags/example_latest_only.py
[2025-03-06T15:50:23.298+0000] {processor.py:829} INFO - Processing file /home/airflow/.local/lib/python3.8/site-packages/airflow/example_dags/example_latest_only.py for tasks to queue
[2025-03-06T15:50:23.298+0000] {logging_mixin.py:154} INFO - [2025-03-06T15:50:23.298+0000] {dagbag.py:536} INFO - Filling up the DagBag from /home/airflow/.local/lib/python3.8/site-packages/airflow/example_dags/example_latest_only.py
[2025-03-06T15:50:23.301+0000] {processor.py:839} INFO - DAG(s) dict_keys(['latest_only']) retrieved from /home/airflow/.local/lib/python3.8/site-packages/airflow/example_dags/example_latest_only.py
[2025-03-06T15:50:23.313+0000] {logging_mixin.py:154} INFO - [2025-03-06T15:50:23.312+0000] {dag.py:2941} INFO - Sync 1 DAGs
[2025-03-06T15:50:23.322+0000] {logging_mixin.py:154} INFO - [2025-03-06T15:50:23.322+0000] {dag.py:3722} INFO - Setting next_dagrun for latest_only to 2025-03-06T11:50:23.322471+00:00, run_after=2025-03-06T15:50:23.322471+00:00
[2025-03-06T15:50:23.330+0000] {processor.py:179} INFO - Processing /home/airflow/.local/lib/python3.8/site-packages/airflow/example_dags/example_latest_only.py took 0.035 seconds
[2025-03-06T15:50:53.840+0000] {processor.py:157} INFO - Started process (PID=32628) to work on /home/airflow/.local/lib/python3.8/site-packages/airflow/example_dags/example_latest_only.py
[2025-03-06T15:50:53.841+0000] {processor.py:829} INFO - Processing file /home/airflow/.local/lib/python3.8/site-packages/airflow/example_dags/example_latest_only.py for tasks to queue
[2025-03-06T15:50:53.843+0000] {logging_mixin.py:154} INFO - [2025-03-06T15:50:53.842+0000] {dagbag.py:536} INFO - Filling up the DagBag from /home/airflow/.local/lib/python3.8/site-packages/airflow/example_dags/example_latest_only.py
[2025-03-06T15:50:53.848+0000] {processor.py:839} INFO - DAG(s) dict_keys(['latest_only']) retrieved from /home/airflow/.local/lib/python3.8/site-packages/airflow/example_dags/example_latest_only.py
[2025-03-06T15:50:53.859+0000] {logging_mixin.py:154} INFO - [2025-03-06T15:50:53.859+0000] {dag.py:2941} INFO - Sync 1 DAGs
[2025-03-06T15:50:53.869+0000] {logging_mixin.py:154} INFO - [2025-03-06T15:50:53.869+0000] {dag.py:3722} INFO - Setting next_dagrun for latest_only to 2025-03-06T11:50:53.868944+00:00, run_after=2025-03-06T15:50:53.868944+00:00
[2025-03-06T15:50:53.877+0000] {processor.py:179} INFO - Processing /home/airflow/.local/lib/python3.8/site-packages/airflow/example_dags/example_latest_only.py took 0.039 seconds
[2025-03-06T15:51:24.543+0000] {processor.py:157} INFO - Started process (PID=32684) to work on /home/airflow/.local/lib/python3.8/site-packages/airflow/example_dags/example_latest_only.py
[2025-03-06T15:51:24.544+0000] {processor.py:829} INFO - Processing file /home/airflow/.local/lib/python3.8/site-packages/airflow/example_dags/example_latest_only.py for tasks to queue
[2025-03-06T15:51:24.544+0000] {logging_mixin.py:154} INFO - [2025-03-06T15:51:24.544+0000] {dagbag.py:536} INFO - Filling up the DagBag from /home/airflow/.local/lib/python3.8/site-packages/airflow/example_dags/example_latest_only.py
[2025-03-06T15:51:24.550+0000] {processor.py:839} INFO - DAG(s) dict_keys(['latest_only']) retrieved from /home/airflow/.local/lib/python3.8/site-packages/airflow/example_dags/example_latest_only.py
[2025-03-06T15:51:24.561+0000] {logging_mixin.py:154} INFO - [2025-03-06T15:51:24.561+0000] {dag.py:2941} INFO - Sync 1 DAGs
[2025-03-06T15:51:24.571+0000] {logging_mixin.py:154} INFO - [2025-03-06T15:51:24.571+0000] {dag.py:3722} INFO - Setting next_dagrun for latest_only to 2025-03-06T11:51:24.571119+00:00, run_after=2025-03-06T15:51:24.571119+00:00
[2025-03-06T15:51:24.580+0000] {processor.py:179} INFO - Processing /home/airflow/.local/lib/python3.8/site-packages/airflow/example_dags/example_latest_only.py took 0.039 seconds
[2025-03-06T15:51:55.262+0000] {processor.py:157} INFO - Started process (PID=32740) to work on /home/airflow/.local/lib/python3.8/site-packages/airflow/example_dags/example_latest_only.py
[2025-03-06T15:51:55.263+0000] {processor.py:829} INFO - Processing file /home/airflow/.local/lib/python3.8/site-packages/airflow/example_dags/example_latest_only.py for tasks to queue
[2025-03-06T15:51:55.263+0000] {logging_mixin.py:154} INFO - [2025-03-06T15:51:55.263+0000] {dagbag.py:536} INFO - Filling up the DagBag from /home/airflow/.local/lib/python3.8/site-packages/airflow/example_dags/example_latest_only.py
[2025-03-06T15:51:55.267+0000] {processor.py:839} INFO - DAG(s) dict_keys(['latest_only']) retrieved from /home/airflow/.local/lib/python3.8/site-packages/airflow/example_dags/example_latest_only.py
[2025-03-06T15:51:55.277+0000] {logging_mixin.py:154} INFO - [2025-03-06T15:51:55.277+0000] {dag.py:2941} INFO - Sync 1 DAGs
[2025-03-06T15:51:55.286+0000] {logging_mixin.py:154} INFO - [2025-03-06T15:51:55.286+0000] {dag.py:3722} INFO - Setting next_dagrun for latest_only to 2025-03-06T11:51:55.286510+00:00, run_after=2025-03-06T15:51:55.286510+00:00
[2025-03-06T15:51:55.296+0000] {processor.py:179} INFO - Processing /home/airflow/.local/lib/python3.8/site-packages/airflow/example_dags/example_latest_only.py took 0.035 seconds
[2025-03-06T15:52:25.941+0000] {processor.py:157} INFO - Started process (PID=32796) to work on /home/airflow/.local/lib/python3.8/site-packages/airflow/example_dags/example_latest_only.py
[2025-03-06T15:52:25.941+0000] {processor.py:829} INFO - Processing file /home/airflow/.local/lib/python3.8/site-packages/airflow/example_dags/example_latest_only.py for tasks to queue
[2025-03-06T15:52:25.942+0000] {logging_mixin.py:154} INFO - [2025-03-06T15:52:25.942+0000] {dagbag.py:536} INFO - Filling up the DagBag from /home/airflow/.local/lib/python3.8/site-packages/airflow/example_dags/example_latest_only.py
[2025-03-06T15:52:25.946+0000] {processor.py:839} INFO - DAG(s) dict_keys(['latest_only']) retrieved from /home/airflow/.local/lib/python3.8/site-packages/airflow/example_dags/example_latest_only.py
[2025-03-06T15:52:25.956+0000] {logging_mixin.py:154} INFO - [2025-03-06T15:52:25.956+0000] {dag.py:2941} INFO - Sync 1 DAGs
[2025-03-06T15:52:25.965+0000] {logging_mixin.py:154} INFO - [2025-03-06T15:52:25.965+0000] {dag.py:3722} INFO - Setting next_dagrun for latest_only to 2025-03-06T11:52:25.965231+00:00, run_after=2025-03-06T15:52:25.965231+00:00
[2025-03-06T15:52:25.974+0000] {processor.py:179} INFO - Processing /home/airflow/.local/lib/python3.8/site-packages/airflow/example_dags/example_latest_only.py took 0.035 seconds
[2025-03-06T15:52:56.596+0000] {processor.py:157} INFO - Started process (PID=32852) to work on /home/airflow/.local/lib/python3.8/site-packages/airflow/example_dags/example_latest_only.py
[2025-03-06T15:52:56.597+0000] {processor.py:829} INFO - Processing file /home/airflow/.local/lib/python3.8/site-packages/airflow/example_dags/example_latest_only.py for tasks to queue
[2025-03-06T15:52:56.597+0000] {logging_mixin.py:154} INFO - [2025-03-06T15:52:56.597+0000] {dagbag.py:536} INFO - Filling up the DagBag from /home/airflow/.local/lib/python3.8/site-packages/airflow/example_dags/example_latest_only.py
[2025-03-06T15:52:56.601+0000] {processor.py:839} INFO - DAG(s) dict_keys(['latest_only']) retrieved from /home/airflow/.local/lib/python3.8/site-packages/airflow/example_dags/example_latest_only.py
[2025-03-06T15:52:56.613+0000] {logging_mixin.py:154} INFO - [2025-03-06T15:52:56.613+0000] {dag.py:2941} INFO - Sync 1 DAGs
[2025-03-06T15:52:56.623+0000] {logging_mixin.py:154} INFO - [2025-03-06T15:52:56.623+0000] {dag.py:3722} INFO - Setting next_dagrun for latest_only to 2025-03-06T11:52:56.623674+00:00, run_after=2025-03-06T15:52:56.623674+00:00
[2025-03-06T15:52:56.630+0000] {processor.py:179} INFO - Processing /home/airflow/.local/lib/python3.8/site-packages/airflow/example_dags/example_latest_only.py took 0.036 seconds
[2025-03-06T15:53:27.230+0000] {processor.py:157} INFO - Started process (PID=32908) to work on /home/airflow/.local/lib/python3.8/site-packages/airflow/example_dags/example_latest_only.py
[2025-03-06T15:53:27.230+0000] {processor.py:829} INFO - Processing file /home/airflow/.local/lib/python3.8/site-packages/airflow/example_dags/example_latest_only.py for tasks to queue
[2025-03-06T15:53:27.230+0000] {logging_mixin.py:154} INFO - [2025-03-06T15:53:27.230+0000] {dagbag.py:536} INFO - Filling up the DagBag from /home/airflow/.local/lib/python3.8/site-packages/airflow/example_dags/example_latest_only.py
[2025-03-06T15:53:27.235+0000] {processor.py:839} INFO - DAG(s) dict_keys(['latest_only']) retrieved from /home/airflow/.local/lib/python3.8/site-packages/airflow/example_dags/example_latest_only.py
[2025-03-06T15:53:27.247+0000] {logging_mixin.py:154} INFO - [2025-03-06T15:53:27.247+0000] {dag.py:2941} INFO - Sync 1 DAGs
[2025-03-06T15:53:27.257+0000] {logging_mixin.py:154} INFO - [2025-03-06T15:53:27.257+0000] {dag.py:3722} INFO - Setting next_dagrun for latest_only to 2025-03-06T11:53:27.256988+00:00, run_after=2025-03-06T15:53:27.256988+00:00
[2025-03-06T15:53:27.267+0000] {processor.py:179} INFO - Processing /home/airflow/.local/lib/python3.8/site-packages/airflow/example_dags/example_latest_only.py took 0.039 seconds
[2025-03-06T15:53:57.908+0000] {processor.py:157} INFO - Started process (PID=32964) to work on /home/airflow/.local/lib/python3.8/site-packages/airflow/example_dags/example_latest_only.py
[2025-03-06T15:53:57.909+0000] {processor.py:829} INFO - Processing file /home/airflow/.local/lib/python3.8/site-packages/airflow/example_dags/example_latest_only.py for tasks to queue
[2025-03-06T15:53:57.909+0000] {logging_mixin.py:154} INFO - [2025-03-06T15:53:57.909+0000] {dagbag.py:536} INFO - Filling up the DagBag from /home/airflow/.local/lib/python3.8/site-packages/airflow/example_dags/example_latest_only.py
[2025-03-06T15:53:57.913+0000] {processor.py:839} INFO - DAG(s) dict_keys(['latest_only']) retrieved from /home/airflow/.local/lib/python3.8/site-packages/airflow/example_dags/example_latest_only.py
[2025-03-06T15:53:57.924+0000] {logging_mixin.py:154} INFO - [2025-03-06T15:53:57.924+0000] {dag.py:2941} INFO - Sync 1 DAGs
[2025-03-06T15:53:57.933+0000] {logging_mixin.py:154} INFO - [2025-03-06T15:53:57.933+0000] {dag.py:3722} INFO - Setting next_dagrun for latest_only to 2025-03-06T11:53:57.933633+00:00, run_after=2025-03-06T15:53:57.933633+00:00
[2025-03-06T15:53:57.942+0000] {processor.py:179} INFO - Processing /home/airflow/.local/lib/python3.8/site-packages/airflow/example_dags/example_latest_only.py took 0.035 seconds
[2025-03-06T15:54:28.592+0000] {processor.py:157} INFO - Started process (PID=33020) to work on /home/airflow/.local/lib/python3.8/site-packages/airflow/example_dags/example_latest_only.py
[2025-03-06T15:54:28.592+0000] {processor.py:829} INFO - Processing file /home/airflow/.local/lib/python3.8/site-packages/airflow/example_dags/example_latest_only.py for tasks to queue
[2025-03-06T15:54:28.592+0000] {logging_mixin.py:154} INFO - [2025-03-06T15:54:28.592+0000] {dagbag.py:536} INFO - Filling up the DagBag from /home/airflow/.local/lib/python3.8/site-packages/airflow/example_dags/example_latest_only.py
[2025-03-06T15:54:28.596+0000] {processor.py:839} INFO - DAG(s) dict_keys(['latest_only']) retrieved from /home/airflow/.local/lib/python3.8/site-packages/airflow/example_dags/example_latest_only.py
[2025-03-06T15:54:28.607+0000] {logging_mixin.py:154} INFO - [2025-03-06T15:54:28.607+0000] {dag.py:2941} INFO - Sync 1 DAGs
[2025-03-06T15:54:28.616+0000] {logging_mixin.py:154} INFO - [2025-03-06T15:54:28.616+0000] {dag.py:3722} INFO - Setting next_dagrun for latest_only to 2025-03-06T11:54:28.616420+00:00, run_after=2025-03-06T15:54:28.616420+00:00
[2025-03-06T15:54:28.626+0000] {processor.py:179} INFO - Processing /home/airflow/.local/lib/python3.8/site-packages/airflow/example_dags/example_latest_only.py took 0.036 seconds
[2025-03-06T15:54:59.205+0000] {processor.py:157} INFO - Started process (PID=33076) to work on /home/airflow/.local/lib/python3.8/site-packages/airflow/example_dags/example_latest_only.py
[2025-03-06T15:54:59.206+0000] {processor.py:829} INFO - Processing file /home/airflow/.local/lib/python3.8/site-packages/airflow/example_dags/example_latest_only.py for tasks to queue
[2025-03-06T15:54:59.206+0000] {logging_mixin.py:154} INFO - [2025-03-06T15:54:59.206+0000] {dagbag.py:536} INFO - Filling up the DagBag from /home/airflow/.local/lib/python3.8/site-packages/airflow/example_dags/example_latest_only.py
[2025-03-06T15:54:59.210+0000] {processor.py:839} INFO - DAG(s) dict_keys(['latest_only']) retrieved from /home/airflow/.local/lib/python3.8/site-packages/airflow/example_dags/example_latest_only.py
[2025-03-06T15:54:59.220+0000] {logging_mixin.py:154} INFO - [2025-03-06T15:54:59.219+0000] {dag.py:2941} INFO - Sync 1 DAGs
[2025-03-06T15:54:59.229+0000] {logging_mixin.py:154} INFO - [2025-03-06T15:54:59.229+0000] {dag.py:3722} INFO - Setting next_dagrun for latest_only to 2025-03-06T11:54:59.229269+00:00, run_after=2025-03-06T15:54:59.229269+00:00
[2025-03-06T15:54:59.237+0000] {processor.py:179} INFO - Processing /home/airflow/.local/lib/python3.8/site-packages/airflow/example_dags/example_latest_only.py took 0.033 seconds
[2025-03-06T15:55:29.851+0000] {processor.py:157} INFO - Started process (PID=33132) to work on /home/airflow/.local/lib/python3.8/site-packages/airflow/example_dags/example_latest_only.py
[2025-03-06T15:55:29.852+0000] {processor.py:829} INFO - Processing file /home/airflow/.local/lib/python3.8/site-packages/airflow/example_dags/example_latest_only.py for tasks to queue
[2025-03-06T15:55:29.853+0000] {logging_mixin.py:154} INFO - [2025-03-06T15:55:29.853+0000] {dagbag.py:536} INFO - Filling up the DagBag from /home/airflow/.local/lib/python3.8/site-packages/airflow/example_dags/example_latest_only.py
[2025-03-06T15:55:29.858+0000] {processor.py:839} INFO - DAG(s) dict_keys(['latest_only']) retrieved from /home/airflow/.local/lib/python3.8/site-packages/airflow/example_dags/example_latest_only.py
[2025-03-06T15:55:29.870+0000] {logging_mixin.py:154} INFO - [2025-03-06T15:55:29.870+0000] {dag.py:2941} INFO - Sync 1 DAGs
[2025-03-06T15:55:29.879+0000] {logging_mixin.py:154} INFO - [2025-03-06T15:55:29.879+0000] {dag.py:3722} INFO - Setting next_dagrun for latest_only to 2025-03-06T11:55:29.879617+00:00, run_after=2025-03-06T15:55:29.879617+00:00
[2025-03-06T15:55:29.887+0000] {processor.py:179} INFO - Processing /home/airflow/.local/lib/python3.8/site-packages/airflow/example_dags/example_latest_only.py took 0.037 seconds
[2025-03-06T15:56:00.527+0000] {processor.py:157} INFO - Started process (PID=33188) to work on /home/airflow/.local/lib/python3.8/site-packages/airflow/example_dags/example_latest_only.py
[2025-03-06T15:56:00.528+0000] {processor.py:829} INFO - Processing file /home/airflow/.local/lib/python3.8/site-packages/airflow/example_dags/example_latest_only.py for tasks to queue
[2025-03-06T15:56:00.529+0000] {logging_mixin.py:154} INFO - [2025-03-06T15:56:00.529+0000] {dagbag.py:536} INFO - Filling up the DagBag from /home/airflow/.local/lib/python3.8/site-packages/airflow/example_dags/example_latest_only.py
[2025-03-06T15:56:00.532+0000] {processor.py:839} INFO - DAG(s) dict_keys(['latest_only']) retrieved from /home/airflow/.local/lib/python3.8/site-packages/airflow/example_dags/example_latest_only.py
[2025-03-06T15:56:00.544+0000] {logging_mixin.py:154} INFO - [2025-03-06T15:56:00.544+0000] {dag.py:2941} INFO - Sync 1 DAGs
[2025-03-06T15:56:00.553+0000] {logging_mixin.py:154} INFO - [2025-03-06T15:56:00.553+0000] {dag.py:3722} INFO - Setting next_dagrun for latest_only to 2025-03-06T11:56:00.553425+00:00, run_after=2025-03-06T15:56:00.553425+00:00
[2025-03-06T15:56:00.560+0000] {processor.py:179} INFO - Processing /home/airflow/.local/lib/python3.8/site-packages/airflow/example_dags/example_latest_only.py took 0.034 seconds
[2025-03-06T15:56:31.141+0000] {processor.py:157} INFO - Started process (PID=33244) to work on /home/airflow/.local/lib/python3.8/site-packages/airflow/example_dags/example_latest_only.py
[2025-03-06T15:56:31.141+0000] {processor.py:829} INFO - Processing file /home/airflow/.local/lib/python3.8/site-packages/airflow/example_dags/example_latest_only.py for tasks to queue
[2025-03-06T15:56:31.142+0000] {logging_mixin.py:154} INFO - [2025-03-06T15:56:31.142+0000] {dagbag.py:536} INFO - Filling up the DagBag from /home/airflow/.local/lib/python3.8/site-packages/airflow/example_dags/example_latest_only.py
[2025-03-06T15:56:31.145+0000] {processor.py:839} INFO - DAG(s) dict_keys(['latest_only']) retrieved from /home/airflow/.local/lib/python3.8/site-packages/airflow/example_dags/example_latest_only.py
[2025-03-06T15:56:31.154+0000] {logging_mixin.py:154} INFO - [2025-03-06T15:56:31.154+0000] {dag.py:2941} INFO - Sync 1 DAGs
[2025-03-06T15:56:31.163+0000] {logging_mixin.py:154} INFO - [2025-03-06T15:56:31.163+0000] {dag.py:3722} INFO - Setting next_dagrun for latest_only to 2025-03-06T11:56:31.163488+00:00, run_after=2025-03-06T15:56:31.163488+00:00
[2025-03-06T15:56:31.172+0000] {processor.py:179} INFO - Processing /home/airflow/.local/lib/python3.8/site-packages/airflow/example_dags/example_latest_only.py took 0.033 seconds
[2025-03-06T15:57:01.716+0000] {processor.py:157} INFO - Started process (PID=33300) to work on /home/airflow/.local/lib/python3.8/site-packages/airflow/example_dags/example_latest_only.py
[2025-03-06T15:57:01.717+0000] {processor.py:829} INFO - Processing file /home/airflow/.local/lib/python3.8/site-packages/airflow/example_dags/example_latest_only.py for tasks to queue
[2025-03-06T15:57:01.718+0000] {logging_mixin.py:154} INFO - [2025-03-06T15:57:01.718+0000] {dagbag.py:536} INFO - Filling up the DagBag from /home/airflow/.local/lib/python3.8/site-packages/airflow/example_dags/example_latest_only.py
[2025-03-06T15:57:01.722+0000] {processor.py:839} INFO - DAG(s) dict_keys(['latest_only']) retrieved from /home/airflow/.local/lib/python3.8/site-packages/airflow/example_dags/example_latest_only.py
[2025-03-06T15:57:01.731+0000] {logging_mixin.py:154} INFO - [2025-03-06T15:57:01.731+0000] {dag.py:2941} INFO - Sync 1 DAGs
[2025-03-06T15:57:01.740+0000] {logging_mixin.py:154} INFO - [2025-03-06T15:57:01.740+0000] {dag.py:3722} INFO - Setting next_dagrun for latest_only to 2025-03-06T11:57:01.740782+00:00, run_after=2025-03-06T15:57:01.740782+00:00
[2025-03-06T15:57:01.747+0000] {processor.py:179} INFO - Processing /home/airflow/.local/lib/python3.8/site-packages/airflow/example_dags/example_latest_only.py took 0.033 seconds
[2025-03-06T15:57:32.357+0000] {processor.py:157} INFO - Started process (PID=33356) to work on /home/airflow/.local/lib/python3.8/site-packages/airflow/example_dags/example_latest_only.py
[2025-03-06T15:57:32.359+0000] {processor.py:829} INFO - Processing file /home/airflow/.local/lib/python3.8/site-packages/airflow/example_dags/example_latest_only.py for tasks to queue
[2025-03-06T15:57:32.360+0000] {logging_mixin.py:154} INFO - [2025-03-06T15:57:32.360+0000] {dagbag.py:536} INFO - Filling up the DagBag from /home/airflow/.local/lib/python3.8/site-packages/airflow/example_dags/example_latest_only.py
[2025-03-06T15:57:32.365+0000] {processor.py:839} INFO - DAG(s) dict_keys(['latest_only']) retrieved from /home/airflow/.local/lib/python3.8/site-packages/airflow/example_dags/example_latest_only.py
[2025-03-06T15:57:32.377+0000] {logging_mixin.py:154} INFO - [2025-03-06T15:57:32.376+0000] {dag.py:2941} INFO - Sync 1 DAGs
[2025-03-06T15:57:32.386+0000] {logging_mixin.py:154} INFO - [2025-03-06T15:57:32.386+0000] {dag.py:3722} INFO - Setting next_dagrun for latest_only to 2025-03-06T11:57:32.385756+00:00, run_after=2025-03-06T15:57:32.385756+00:00
[2025-03-06T15:57:32.394+0000] {processor.py:179} INFO - Processing /home/airflow/.local/lib/python3.8/site-packages/airflow/example_dags/example_latest_only.py took 0.038 seconds
[2025-03-06T15:58:02.943+0000] {processor.py:157} INFO - Started process (PID=33412) to work on /home/airflow/.local/lib/python3.8/site-packages/airflow/example_dags/example_latest_only.py
[2025-03-06T15:58:02.943+0000] {processor.py:829} INFO - Processing file /home/airflow/.local/lib/python3.8/site-packages/airflow/example_dags/example_latest_only.py for tasks to queue
[2025-03-06T15:58:02.944+0000] {logging_mixin.py:154} INFO - [2025-03-06T15:58:02.943+0000] {dagbag.py:536} INFO - Filling up the DagBag from /home/airflow/.local/lib/python3.8/site-packages/airflow/example_dags/example_latest_only.py
[2025-03-06T15:58:02.947+0000] {processor.py:839} INFO - DAG(s) dict_keys(['latest_only']) retrieved from /home/airflow/.local/lib/python3.8/site-packages/airflow/example_dags/example_latest_only.py
[2025-03-06T15:58:02.955+0000] {logging_mixin.py:154} INFO - [2025-03-06T15:58:02.955+0000] {dag.py:2941} INFO - Sync 1 DAGs
[2025-03-06T15:58:02.966+0000] {logging_mixin.py:154} INFO - [2025-03-06T15:58:02.966+0000] {dag.py:3722} INFO - Setting next_dagrun for latest_only to 2025-03-06T11:58:02.966623+00:00, run_after=2025-03-06T15:58:02.966623+00:00
[2025-03-06T15:58:02.975+0000] {processor.py:179} INFO - Processing /home/airflow/.local/lib/python3.8/site-packages/airflow/example_dags/example_latest_only.py took 0.034 seconds
[2025-03-06T15:58:33.520+0000] {processor.py:157} INFO - Started process (PID=33468) to work on /home/airflow/.local/lib/python3.8/site-packages/airflow/example_dags/example_latest_only.py
[2025-03-06T15:58:33.521+0000] {processor.py:829} INFO - Processing file /home/airflow/.local/lib/python3.8/site-packages/airflow/example_dags/example_latest_only.py for tasks to queue
[2025-03-06T15:58:33.522+0000] {logging_mixin.py:154} INFO - [2025-03-06T15:58:33.522+0000] {dagbag.py:536} INFO - Filling up the DagBag from /home/airflow/.local/lib/python3.8/site-packages/airflow/example_dags/example_latest_only.py
[2025-03-06T15:58:33.526+0000] {processor.py:839} INFO - DAG(s) dict_keys(['latest_only']) retrieved from /home/airflow/.local/lib/python3.8/site-packages/airflow/example_dags/example_latest_only.py
[2025-03-06T15:58:33.535+0000] {logging_mixin.py:154} INFO - [2025-03-06T15:58:33.535+0000] {dag.py:2941} INFO - Sync 1 DAGs
[2025-03-06T15:58:33.547+0000] {logging_mixin.py:154} INFO - [2025-03-06T15:58:33.547+0000] {dag.py:3722} INFO - Setting next_dagrun for latest_only to 2025-03-06T11:58:33.547621+00:00, run_after=2025-03-06T15:58:33.547621+00:00
[2025-03-06T15:58:33.559+0000] {processor.py:179} INFO - Processing /home/airflow/.local/lib/python3.8/site-packages/airflow/example_dags/example_latest_only.py took 0.041 seconds
[2025-03-06T15:59:04.135+0000] {processor.py:157} INFO - Started process (PID=33524) to work on /home/airflow/.local/lib/python3.8/site-packages/airflow/example_dags/example_latest_only.py
[2025-03-06T15:59:04.136+0000] {processor.py:829} INFO - Processing file /home/airflow/.local/lib/python3.8/site-packages/airflow/example_dags/example_latest_only.py for tasks to queue
[2025-03-06T15:59:04.136+0000] {logging_mixin.py:154} INFO - [2025-03-06T15:59:04.136+0000] {dagbag.py:536} INFO - Filling up the DagBag from /home/airflow/.local/lib/python3.8/site-packages/airflow/example_dags/example_latest_only.py
[2025-03-06T15:59:04.141+0000] {processor.py:839} INFO - DAG(s) dict_keys(['latest_only']) retrieved from /home/airflow/.local/lib/python3.8/site-packages/airflow/example_dags/example_latest_only.py
[2025-03-06T15:59:04.153+0000] {logging_mixin.py:154} INFO - [2025-03-06T15:59:04.153+0000] {dag.py:2941} INFO - Sync 1 DAGs
[2025-03-06T15:59:04.163+0000] {logging_mixin.py:154} INFO - [2025-03-06T15:59:04.163+0000] {dag.py:3722} INFO - Setting next_dagrun for latest_only to 2025-03-06T11:59:04.163222+00:00, run_after=2025-03-06T15:59:04.163222+00:00
[2025-03-06T15:59:04.170+0000] {processor.py:179} INFO - Processing /home/airflow/.local/lib/python3.8/site-packages/airflow/example_dags/example_latest_only.py took 0.037 seconds
[2025-03-06T15:59:34.790+0000] {processor.py:157} INFO - Started process (PID=33580) to work on /home/airflow/.local/lib/python3.8/site-packages/airflow/example_dags/example_latest_only.py
[2025-03-06T15:59:34.790+0000] {processor.py:829} INFO - Processing file /home/airflow/.local/lib/python3.8/site-packages/airflow/example_dags/example_latest_only.py for tasks to queue
[2025-03-06T15:59:34.791+0000] {logging_mixin.py:154} INFO - [2025-03-06T15:59:34.791+0000] {dagbag.py:536} INFO - Filling up the DagBag from /home/airflow/.local/lib/python3.8/site-packages/airflow/example_dags/example_latest_only.py
[2025-03-06T15:59:34.796+0000] {processor.py:839} INFO - DAG(s) dict_keys(['latest_only']) retrieved from /home/airflow/.local/lib/python3.8/site-packages/airflow/example_dags/example_latest_only.py
[2025-03-06T15:59:34.808+0000] {logging_mixin.py:154} INFO - [2025-03-06T15:59:34.807+0000] {dag.py:2941} INFO - Sync 1 DAGs
[2025-03-06T15:59:34.818+0000] {logging_mixin.py:154} INFO - [2025-03-06T15:59:34.818+0000] {dag.py:3722} INFO - Setting next_dagrun for latest_only to 2025-03-06T11:59:34.818521+00:00, run_after=2025-03-06T15:59:34.818521+00:00
[2025-03-06T15:59:34.826+0000] {processor.py:179} INFO - Processing /home/airflow/.local/lib/python3.8/site-packages/airflow/example_dags/example_latest_only.py took 0.039 seconds
[2025-03-06T16:00:05.449+0000] {processor.py:157} INFO - Started process (PID=33635) to work on /home/airflow/.local/lib/python3.8/site-packages/airflow/example_dags/example_latest_only.py
[2025-03-06T16:00:05.450+0000] {processor.py:829} INFO - Processing file /home/airflow/.local/lib/python3.8/site-packages/airflow/example_dags/example_latest_only.py for tasks to queue
[2025-03-06T16:00:05.451+0000] {logging_mixin.py:154} INFO - [2025-03-06T16:00:05.450+0000] {dagbag.py:536} INFO - Filling up the DagBag from /home/airflow/.local/lib/python3.8/site-packages/airflow/example_dags/example_latest_only.py
[2025-03-06T16:00:05.455+0000] {processor.py:839} INFO - DAG(s) dict_keys(['latest_only']) retrieved from /home/airflow/.local/lib/python3.8/site-packages/airflow/example_dags/example_latest_only.py
[2025-03-06T16:00:05.465+0000] {logging_mixin.py:154} INFO - [2025-03-06T16:00:05.465+0000] {dag.py:2941} INFO - Sync 1 DAGs
[2025-03-06T16:00:05.475+0000] {logging_mixin.py:154} INFO - [2025-03-06T16:00:05.475+0000] {dag.py:3722} INFO - Setting next_dagrun for latest_only to 2025-03-06T12:00:05.474945+00:00, run_after=2025-03-06T16:00:05.474945+00:00
[2025-03-06T16:00:05.483+0000] {processor.py:179} INFO - Processing /home/airflow/.local/lib/python3.8/site-packages/airflow/example_dags/example_latest_only.py took 0.035 seconds
[2025-03-06T16:00:36.051+0000] {processor.py:157} INFO - Started process (PID=33691) to work on /home/airflow/.local/lib/python3.8/site-packages/airflow/example_dags/example_latest_only.py
[2025-03-06T16:00:36.052+0000] {processor.py:829} INFO - Processing file /home/airflow/.local/lib/python3.8/site-packages/airflow/example_dags/example_latest_only.py for tasks to queue
[2025-03-06T16:00:36.052+0000] {logging_mixin.py:154} INFO - [2025-03-06T16:00:36.052+0000] {dagbag.py:536} INFO - Filling up the DagBag from /home/airflow/.local/lib/python3.8/site-packages/airflow/example_dags/example_latest_only.py
[2025-03-06T16:00:36.055+0000] {processor.py:839} INFO - DAG(s) dict_keys(['latest_only']) retrieved from /home/airflow/.local/lib/python3.8/site-packages/airflow/example_dags/example_latest_only.py
[2025-03-06T16:00:36.064+0000] {logging_mixin.py:154} INFO - [2025-03-06T16:00:36.064+0000] {dag.py:2941} INFO - Sync 1 DAGs
[2025-03-06T16:00:36.072+0000] {logging_mixin.py:154} INFO - [2025-03-06T16:00:36.072+0000] {dag.py:3722} INFO - Setting next_dagrun for latest_only to 2025-03-06T12:00:36.072404+00:00, run_after=2025-03-06T16:00:36.072404+00:00
[2025-03-06T16:00:36.078+0000] {processor.py:179} INFO - Processing /home/airflow/.local/lib/python3.8/site-packages/airflow/example_dags/example_latest_only.py took 0.029 seconds
[2025-03-06T16:01:06.617+0000] {processor.py:157} INFO - Started process (PID=33747) to work on /home/airflow/.local/lib/python3.8/site-packages/airflow/example_dags/example_latest_only.py
[2025-03-06T16:01:06.618+0000] {processor.py:829} INFO - Processing file /home/airflow/.local/lib/python3.8/site-packages/airflow/example_dags/example_latest_only.py for tasks to queue
[2025-03-06T16:01:06.618+0000] {logging_mixin.py:154} INFO - [2025-03-06T16:01:06.618+0000] {dagbag.py:536} INFO - Filling up the DagBag from /home/airflow/.local/lib/python3.8/site-packages/airflow/example_dags/example_latest_only.py
[2025-03-06T16:01:06.621+0000] {processor.py:839} INFO - DAG(s) dict_keys(['latest_only']) retrieved from /home/airflow/.local/lib/python3.8/site-packages/airflow/example_dags/example_latest_only.py
[2025-03-06T16:01:06.631+0000] {logging_mixin.py:154} INFO - [2025-03-06T16:01:06.631+0000] {dag.py:2941} INFO - Sync 1 DAGs
[2025-03-06T16:01:06.641+0000] {logging_mixin.py:154} INFO - [2025-03-06T16:01:06.641+0000] {dag.py:3722} INFO - Setting next_dagrun for latest_only to 2025-03-06T12:01:06.641157+00:00, run_after=2025-03-06T16:01:06.641157+00:00
[2025-03-06T16:01:06.648+0000] {processor.py:179} INFO - Processing /home/airflow/.local/lib/python3.8/site-packages/airflow/example_dags/example_latest_only.py took 0.033 seconds
[2025-03-06T16:01:37.176+0000] {processor.py:157} INFO - Started process (PID=33802) to work on /home/airflow/.local/lib/python3.8/site-packages/airflow/example_dags/example_latest_only.py
[2025-03-06T16:01:37.177+0000] {processor.py:829} INFO - Processing file /home/airflow/.local/lib/python3.8/site-packages/airflow/example_dags/example_latest_only.py for tasks to queue
[2025-03-06T16:01:37.178+0000] {logging_mixin.py:154} INFO - [2025-03-06T16:01:37.177+0000] {dagbag.py:536} INFO - Filling up the DagBag from /home/airflow/.local/lib/python3.8/site-packages/airflow/example_dags/example_latest_only.py
[2025-03-06T16:01:37.182+0000] {processor.py:839} INFO - DAG(s) dict_keys(['latest_only']) retrieved from /home/airflow/.local/lib/python3.8/site-packages/airflow/example_dags/example_latest_only.py
[2025-03-06T16:01:37.193+0000] {logging_mixin.py:154} INFO - [2025-03-06T16:01:37.193+0000] {dag.py:2941} INFO - Sync 1 DAGs
[2025-03-06T16:01:37.202+0000] {logging_mixin.py:154} INFO - [2025-03-06T16:01:37.202+0000] {dag.py:3722} INFO - Setting next_dagrun for latest_only to 2025-03-06T12:01:37.202364+00:00, run_after=2025-03-06T16:01:37.202364+00:00
[2025-03-06T16:01:37.209+0000] {processor.py:179} INFO - Processing /home/airflow/.local/lib/python3.8/site-packages/airflow/example_dags/example_latest_only.py took 0.035 seconds
[2025-03-06T16:02:07.827+0000] {processor.py:157} INFO - Started process (PID=33858) to work on /home/airflow/.local/lib/python3.8/site-packages/airflow/example_dags/example_latest_only.py
[2025-03-06T16:02:07.828+0000] {processor.py:829} INFO - Processing file /home/airflow/.local/lib/python3.8/site-packages/airflow/example_dags/example_latest_only.py for tasks to queue
[2025-03-06T16:02:07.828+0000] {logging_mixin.py:154} INFO - [2025-03-06T16:02:07.828+0000] {dagbag.py:536} INFO - Filling up the DagBag from /home/airflow/.local/lib/python3.8/site-packages/airflow/example_dags/example_latest_only.py
[2025-03-06T16:02:07.831+0000] {processor.py:839} INFO - DAG(s) dict_keys(['latest_only']) retrieved from /home/airflow/.local/lib/python3.8/site-packages/airflow/example_dags/example_latest_only.py
[2025-03-06T16:02:07.842+0000] {logging_mixin.py:154} INFO - [2025-03-06T16:02:07.842+0000] {dag.py:2941} INFO - Sync 1 DAGs
[2025-03-06T16:02:07.851+0000] {logging_mixin.py:154} INFO - [2025-03-06T16:02:07.851+0000] {dag.py:3722} INFO - Setting next_dagrun for latest_only to 2025-03-06T12:02:07.851216+00:00, run_after=2025-03-06T16:02:07.851216+00:00
[2025-03-06T16:02:07.861+0000] {processor.py:179} INFO - Processing /home/airflow/.local/lib/python3.8/site-packages/airflow/example_dags/example_latest_only.py took 0.035 seconds
[2025-03-06T16:02:38.410+0000] {processor.py:157} INFO - Started process (PID=33921) to work on /home/airflow/.local/lib/python3.8/site-packages/airflow/example_dags/example_latest_only.py
[2025-03-06T16:02:38.412+0000] {processor.py:829} INFO - Processing file /home/airflow/.local/lib/python3.8/site-packages/airflow/example_dags/example_latest_only.py for tasks to queue
[2025-03-06T16:02:38.412+0000] {logging_mixin.py:154} INFO - [2025-03-06T16:02:38.412+0000] {dagbag.py:536} INFO - Filling up the DagBag from /home/airflow/.local/lib/python3.8/site-packages/airflow/example_dags/example_latest_only.py
[2025-03-06T16:02:38.415+0000] {processor.py:839} INFO - DAG(s) dict_keys(['latest_only']) retrieved from /home/airflow/.local/lib/python3.8/site-packages/airflow/example_dags/example_latest_only.py
[2025-03-06T16:02:38.426+0000] {logging_mixin.py:154} INFO - [2025-03-06T16:02:38.425+0000] {dag.py:2941} INFO - Sync 1 DAGs
[2025-03-06T16:02:38.435+0000] {logging_mixin.py:154} INFO - [2025-03-06T16:02:38.435+0000] {dag.py:3722} INFO - Setting next_dagrun for latest_only to 2025-03-06T12:02:38.435110+00:00, run_after=2025-03-06T16:02:38.435110+00:00
[2025-03-06T16:02:38.445+0000] {processor.py:179} INFO - Processing /home/airflow/.local/lib/python3.8/site-packages/airflow/example_dags/example_latest_only.py took 0.036 seconds
[2025-03-06T16:03:08.973+0000] {processor.py:157} INFO - Started process (PID=33977) to work on /home/airflow/.local/lib/python3.8/site-packages/airflow/example_dags/example_latest_only.py
[2025-03-06T16:03:08.973+0000] {processor.py:829} INFO - Processing file /home/airflow/.local/lib/python3.8/site-packages/airflow/example_dags/example_latest_only.py for tasks to queue
[2025-03-06T16:03:08.974+0000] {logging_mixin.py:154} INFO - [2025-03-06T16:03:08.974+0000] {dagbag.py:536} INFO - Filling up the DagBag from /home/airflow/.local/lib/python3.8/site-packages/airflow/example_dags/example_latest_only.py
[2025-03-06T16:03:08.978+0000] {processor.py:839} INFO - DAG(s) dict_keys(['latest_only']) retrieved from /home/airflow/.local/lib/python3.8/site-packages/airflow/example_dags/example_latest_only.py
[2025-03-06T16:03:08.987+0000] {logging_mixin.py:154} INFO - [2025-03-06T16:03:08.987+0000] {dag.py:2941} INFO - Sync 1 DAGs
[2025-03-06T16:03:08.999+0000] {logging_mixin.py:154} INFO - [2025-03-06T16:03:08.998+0000] {dag.py:3722} INFO - Setting next_dagrun for latest_only to 2025-03-06T12:03:08.998842+00:00, run_after=2025-03-06T16:03:08.998842+00:00
[2025-03-06T16:03:09.006+0000] {processor.py:179} INFO - Processing /home/airflow/.local/lib/python3.8/site-packages/airflow/example_dags/example_latest_only.py took 0.035 seconds
[2025-03-06T16:03:39.612+0000] {processor.py:157} INFO - Started process (PID=34033) to work on /home/airflow/.local/lib/python3.8/site-packages/airflow/example_dags/example_latest_only.py
[2025-03-06T16:03:39.613+0000] {processor.py:829} INFO - Processing file /home/airflow/.local/lib/python3.8/site-packages/airflow/example_dags/example_latest_only.py for tasks to queue
[2025-03-06T16:03:39.613+0000] {logging_mixin.py:154} INFO - [2025-03-06T16:03:39.613+0000] {dagbag.py:536} INFO - Filling up the DagBag from /home/airflow/.local/lib/python3.8/site-packages/airflow/example_dags/example_latest_only.py
[2025-03-06T16:03:39.616+0000] {processor.py:839} INFO - DAG(s) dict_keys(['latest_only']) retrieved from /home/airflow/.local/lib/python3.8/site-packages/airflow/example_dags/example_latest_only.py
[2025-03-06T16:03:39.626+0000] {logging_mixin.py:154} INFO - [2025-03-06T16:03:39.625+0000] {dag.py:2941} INFO - Sync 1 DAGs
[2025-03-06T16:03:39.636+0000] {logging_mixin.py:154} INFO - [2025-03-06T16:03:39.636+0000] {dag.py:3722} INFO - Setting next_dagrun for latest_only to 2025-03-06T12:03:39.636492+00:00, run_after=2025-03-06T16:03:39.636492+00:00
[2025-03-06T16:03:39.646+0000] {processor.py:179} INFO - Processing /home/airflow/.local/lib/python3.8/site-packages/airflow/example_dags/example_latest_only.py took 0.035 seconds
[2025-03-06T16:04:10.256+0000] {processor.py:157} INFO - Started process (PID=34089) to work on /home/airflow/.local/lib/python3.8/site-packages/airflow/example_dags/example_latest_only.py
[2025-03-06T16:04:10.257+0000] {processor.py:829} INFO - Processing file /home/airflow/.local/lib/python3.8/site-packages/airflow/example_dags/example_latest_only.py for tasks to queue
[2025-03-06T16:04:10.258+0000] {logging_mixin.py:154} INFO - [2025-03-06T16:04:10.257+0000] {dagbag.py:536} INFO - Filling up the DagBag from /home/airflow/.local/lib/python3.8/site-packages/airflow/example_dags/example_latest_only.py
[2025-03-06T16:04:10.261+0000] {processor.py:839} INFO - DAG(s) dict_keys(['latest_only']) retrieved from /home/airflow/.local/lib/python3.8/site-packages/airflow/example_dags/example_latest_only.py
[2025-03-06T16:04:10.271+0000] {logging_mixin.py:154} INFO - [2025-03-06T16:04:10.271+0000] {dag.py:2941} INFO - Sync 1 DAGs
[2025-03-06T16:04:10.282+0000] {logging_mixin.py:154} INFO - [2025-03-06T16:04:10.282+0000] {dag.py:3722} INFO - Setting next_dagrun for latest_only to 2025-03-06T12:04:10.282192+00:00, run_after=2025-03-06T16:04:10.282192+00:00
[2025-03-06T16:04:10.296+0000] {processor.py:179} INFO - Processing /home/airflow/.local/lib/python3.8/site-packages/airflow/example_dags/example_latest_only.py took 0.042 seconds
[2025-03-06T16:04:40.874+0000] {processor.py:157} INFO - Started process (PID=34145) to work on /home/airflow/.local/lib/python3.8/site-packages/airflow/example_dags/example_latest_only.py
[2025-03-06T16:04:40.875+0000] {processor.py:829} INFO - Processing file /home/airflow/.local/lib/python3.8/site-packages/airflow/example_dags/example_latest_only.py for tasks to queue
[2025-03-06T16:04:40.876+0000] {logging_mixin.py:154} INFO - [2025-03-06T16:04:40.876+0000] {dagbag.py:536} INFO - Filling up the DagBag from /home/airflow/.local/lib/python3.8/site-packages/airflow/example_dags/example_latest_only.py
[2025-03-06T16:04:40.880+0000] {processor.py:839} INFO - DAG(s) dict_keys(['latest_only']) retrieved from /home/airflow/.local/lib/python3.8/site-packages/airflow/example_dags/example_latest_only.py
[2025-03-06T16:04:40.895+0000] {logging_mixin.py:154} INFO - [2025-03-06T16:04:40.895+0000] {dag.py:2941} INFO - Sync 1 DAGs
[2025-03-06T16:04:40.903+0000] {logging_mixin.py:154} INFO - [2025-03-06T16:04:40.903+0000] {dag.py:3722} INFO - Setting next_dagrun for latest_only to 2025-03-06T12:04:40.903816+00:00, run_after=2025-03-06T16:04:40.903816+00:00
[2025-03-06T16:04:40.914+0000] {processor.py:179} INFO - Processing /home/airflow/.local/lib/python3.8/site-packages/airflow/example_dags/example_latest_only.py took 0.041 seconds
[2025-03-06T16:05:11.527+0000] {processor.py:157} INFO - Started process (PID=34201) to work on /home/airflow/.local/lib/python3.8/site-packages/airflow/example_dags/example_latest_only.py
[2025-03-06T16:05:11.528+0000] {processor.py:829} INFO - Processing file /home/airflow/.local/lib/python3.8/site-packages/airflow/example_dags/example_latest_only.py for tasks to queue
[2025-03-06T16:05:11.529+0000] {logging_mixin.py:154} INFO - [2025-03-06T16:05:11.529+0000] {dagbag.py:536} INFO - Filling up the DagBag from /home/airflow/.local/lib/python3.8/site-packages/airflow/example_dags/example_latest_only.py
[2025-03-06T16:05:11.533+0000] {processor.py:839} INFO - DAG(s) dict_keys(['latest_only']) retrieved from /home/airflow/.local/lib/python3.8/site-packages/airflow/example_dags/example_latest_only.py
[2025-03-06T16:05:11.544+0000] {logging_mixin.py:154} INFO - [2025-03-06T16:05:11.544+0000] {dag.py:2941} INFO - Sync 1 DAGs
[2025-03-06T16:05:11.555+0000] {logging_mixin.py:154} INFO - [2025-03-06T16:05:11.555+0000] {dag.py:3722} INFO - Setting next_dagrun for latest_only to 2025-03-06T12:05:11.555273+00:00, run_after=2025-03-06T16:05:11.555273+00:00
[2025-03-06T16:05:11.564+0000] {processor.py:179} INFO - Processing /home/airflow/.local/lib/python3.8/site-packages/airflow/example_dags/example_latest_only.py took 0.039 seconds
[2025-03-06T16:05:42.141+0000] {processor.py:157} INFO - Started process (PID=34257) to work on /home/airflow/.local/lib/python3.8/site-packages/airflow/example_dags/example_latest_only.py
[2025-03-06T16:05:42.142+0000] {processor.py:829} INFO - Processing file /home/airflow/.local/lib/python3.8/site-packages/airflow/example_dags/example_latest_only.py for tasks to queue
[2025-03-06T16:05:42.142+0000] {logging_mixin.py:154} INFO - [2025-03-06T16:05:42.142+0000] {dagbag.py:536} INFO - Filling up the DagBag from /home/airflow/.local/lib/python3.8/site-packages/airflow/example_dags/example_latest_only.py
[2025-03-06T16:05:42.146+0000] {processor.py:839} INFO - DAG(s) dict_keys(['latest_only']) retrieved from /home/airflow/.local/lib/python3.8/site-packages/airflow/example_dags/example_latest_only.py
[2025-03-06T16:05:42.162+0000] {logging_mixin.py:154} INFO - [2025-03-06T16:05:42.161+0000] {dag.py:2941} INFO - Sync 1 DAGs
[2025-03-06T16:05:42.171+0000] {logging_mixin.py:154} INFO - [2025-03-06T16:05:42.171+0000] {dag.py:3722} INFO - Setting next_dagrun for latest_only to 2025-03-06T12:05:42.171454+00:00, run_after=2025-03-06T16:05:42.171454+00:00
[2025-03-06T16:05:42.179+0000] {processor.py:179} INFO - Processing /home/airflow/.local/lib/python3.8/site-packages/airflow/example_dags/example_latest_only.py took 0.039 seconds
[2025-03-06T16:06:12.756+0000] {processor.py:157} INFO - Started process (PID=34313) to work on /home/airflow/.local/lib/python3.8/site-packages/airflow/example_dags/example_latest_only.py
[2025-03-06T16:06:12.757+0000] {processor.py:829} INFO - Processing file /home/airflow/.local/lib/python3.8/site-packages/airflow/example_dags/example_latest_only.py for tasks to queue
[2025-03-06T16:06:12.759+0000] {logging_mixin.py:154} INFO - [2025-03-06T16:06:12.759+0000] {dagbag.py:536} INFO - Filling up the DagBag from /home/airflow/.local/lib/python3.8/site-packages/airflow/example_dags/example_latest_only.py
[2025-03-06T16:06:12.763+0000] {processor.py:839} INFO - DAG(s) dict_keys(['latest_only']) retrieved from /home/airflow/.local/lib/python3.8/site-packages/airflow/example_dags/example_latest_only.py
[2025-03-06T16:06:12.774+0000] {logging_mixin.py:154} INFO - [2025-03-06T16:06:12.773+0000] {dag.py:2941} INFO - Sync 1 DAGs
[2025-03-06T16:06:12.783+0000] {logging_mixin.py:154} INFO - [2025-03-06T16:06:12.783+0000] {dag.py:3722} INFO - Setting next_dagrun for latest_only to 2025-03-06T12:06:12.783598+00:00, run_after=2025-03-06T16:06:12.783598+00:00
[2025-03-06T16:06:12.790+0000] {processor.py:179} INFO - Processing /home/airflow/.local/lib/python3.8/site-packages/airflow/example_dags/example_latest_only.py took 0.036 seconds
[2025-03-06T16:06:43.340+0000] {processor.py:157} INFO - Started process (PID=34369) to work on /home/airflow/.local/lib/python3.8/site-packages/airflow/example_dags/example_latest_only.py
[2025-03-06T16:06:43.342+0000] {processor.py:829} INFO - Processing file /home/airflow/.local/lib/python3.8/site-packages/airflow/example_dags/example_latest_only.py for tasks to queue
[2025-03-06T16:06:43.342+0000] {logging_mixin.py:154} INFO - [2025-03-06T16:06:43.342+0000] {dagbag.py:536} INFO - Filling up the DagBag from /home/airflow/.local/lib/python3.8/site-packages/airflow/example_dags/example_latest_only.py
[2025-03-06T16:06:43.346+0000] {processor.py:839} INFO - DAG(s) dict_keys(['latest_only']) retrieved from /home/airflow/.local/lib/python3.8/site-packages/airflow/example_dags/example_latest_only.py
[2025-03-06T16:06:43.357+0000] {logging_mixin.py:154} INFO - [2025-03-06T16:06:43.357+0000] {dag.py:2941} INFO - Sync 1 DAGs
[2025-03-06T16:06:43.367+0000] {logging_mixin.py:154} INFO - [2025-03-06T16:06:43.367+0000] {dag.py:3722} INFO - Setting next_dagrun for latest_only to 2025-03-06T12:06:43.366958+00:00, run_after=2025-03-06T16:06:43.366958+00:00
[2025-03-06T16:06:43.377+0000] {processor.py:179} INFO - Processing /home/airflow/.local/lib/python3.8/site-packages/airflow/example_dags/example_latest_only.py took 0.038 seconds
[2025-03-06T16:07:13.958+0000] {processor.py:157} INFO - Started process (PID=34425) to work on /home/airflow/.local/lib/python3.8/site-packages/airflow/example_dags/example_latest_only.py
[2025-03-06T16:07:13.959+0000] {processor.py:829} INFO - Processing file /home/airflow/.local/lib/python3.8/site-packages/airflow/example_dags/example_latest_only.py for tasks to queue
[2025-03-06T16:07:13.960+0000] {logging_mixin.py:154} INFO - [2025-03-06T16:07:13.960+0000] {dagbag.py:536} INFO - Filling up the DagBag from /home/airflow/.local/lib/python3.8/site-packages/airflow/example_dags/example_latest_only.py
[2025-03-06T16:07:13.964+0000] {processor.py:839} INFO - DAG(s) dict_keys(['latest_only']) retrieved from /home/airflow/.local/lib/python3.8/site-packages/airflow/example_dags/example_latest_only.py
[2025-03-06T16:07:13.974+0000] {logging_mixin.py:154} INFO - [2025-03-06T16:07:13.974+0000] {dag.py:2941} INFO - Sync 1 DAGs
[2025-03-06T16:07:13.986+0000] {logging_mixin.py:154} INFO - [2025-03-06T16:07:13.986+0000] {dag.py:3722} INFO - Setting next_dagrun for latest_only to 2025-03-06T12:07:13.986279+00:00, run_after=2025-03-06T16:07:13.986279+00:00
[2025-03-06T16:07:13.995+0000] {processor.py:179} INFO - Processing /home/airflow/.local/lib/python3.8/site-packages/airflow/example_dags/example_latest_only.py took 0.038 seconds
[2025-03-06T16:07:44.625+0000] {processor.py:157} INFO - Started process (PID=34481) to work on /home/airflow/.local/lib/python3.8/site-packages/airflow/example_dags/example_latest_only.py
[2025-03-06T16:07:44.627+0000] {processor.py:829} INFO - Processing file /home/airflow/.local/lib/python3.8/site-packages/airflow/example_dags/example_latest_only.py for tasks to queue
[2025-03-06T16:07:44.628+0000] {logging_mixin.py:154} INFO - [2025-03-06T16:07:44.628+0000] {dagbag.py:536} INFO - Filling up the DagBag from /home/airflow/.local/lib/python3.8/site-packages/airflow/example_dags/example_latest_only.py
[2025-03-06T16:07:44.631+0000] {processor.py:839} INFO - DAG(s) dict_keys(['latest_only']) retrieved from /home/airflow/.local/lib/python3.8/site-packages/airflow/example_dags/example_latest_only.py
[2025-03-06T16:07:44.641+0000] {logging_mixin.py:154} INFO - [2025-03-06T16:07:44.641+0000] {dag.py:2941} INFO - Sync 1 DAGs
[2025-03-06T16:07:44.651+0000] {logging_mixin.py:154} INFO - [2025-03-06T16:07:44.651+0000] {dag.py:3722} INFO - Setting next_dagrun for latest_only to 2025-03-06T12:07:44.650947+00:00, run_after=2025-03-06T16:07:44.650947+00:00
[2025-03-06T16:07:44.660+0000] {processor.py:179} INFO - Processing /home/airflow/.local/lib/python3.8/site-packages/airflow/example_dags/example_latest_only.py took 0.037 seconds
[2025-03-06T16:08:15.263+0000] {processor.py:157} INFO - Started process (PID=34537) to work on /home/airflow/.local/lib/python3.8/site-packages/airflow/example_dags/example_latest_only.py
[2025-03-06T16:08:15.263+0000] {processor.py:829} INFO - Processing file /home/airflow/.local/lib/python3.8/site-packages/airflow/example_dags/example_latest_only.py for tasks to queue
[2025-03-06T16:08:15.264+0000] {logging_mixin.py:154} INFO - [2025-03-06T16:08:15.264+0000] {dagbag.py:536} INFO - Filling up the DagBag from /home/airflow/.local/lib/python3.8/site-packages/airflow/example_dags/example_latest_only.py
[2025-03-06T16:08:15.268+0000] {processor.py:839} INFO - DAG(s) dict_keys(['latest_only']) retrieved from /home/airflow/.local/lib/python3.8/site-packages/airflow/example_dags/example_latest_only.py
[2025-03-06T16:08:15.279+0000] {logging_mixin.py:154} INFO - [2025-03-06T16:08:15.279+0000] {dag.py:2941} INFO - Sync 1 DAGs
[2025-03-06T16:08:15.291+0000] {logging_mixin.py:154} INFO - [2025-03-06T16:08:15.291+0000] {dag.py:3722} INFO - Setting next_dagrun for latest_only to 2025-03-06T12:08:15.291413+00:00, run_after=2025-03-06T16:08:15.291413+00:00
[2025-03-06T16:08:15.298+0000] {processor.py:179} INFO - Processing /home/airflow/.local/lib/python3.8/site-packages/airflow/example_dags/example_latest_only.py took 0.037 seconds
[2025-03-06T16:08:45.865+0000] {processor.py:157} INFO - Started process (PID=34593) to work on /home/airflow/.local/lib/python3.8/site-packages/airflow/example_dags/example_latest_only.py
[2025-03-06T16:08:45.866+0000] {processor.py:829} INFO - Processing file /home/airflow/.local/lib/python3.8/site-packages/airflow/example_dags/example_latest_only.py for tasks to queue
[2025-03-06T16:08:45.866+0000] {logging_mixin.py:154} INFO - [2025-03-06T16:08:45.866+0000] {dagbag.py:536} INFO - Filling up the DagBag from /home/airflow/.local/lib/python3.8/site-packages/airflow/example_dags/example_latest_only.py
[2025-03-06T16:08:45.869+0000] {processor.py:839} INFO - DAG(s) dict_keys(['latest_only']) retrieved from /home/airflow/.local/lib/python3.8/site-packages/airflow/example_dags/example_latest_only.py
[2025-03-06T16:08:45.879+0000] {logging_mixin.py:154} INFO - [2025-03-06T16:08:45.879+0000] {dag.py:2941} INFO - Sync 1 DAGs
[2025-03-06T16:08:45.888+0000] {logging_mixin.py:154} INFO - [2025-03-06T16:08:45.888+0000] {dag.py:3722} INFO - Setting next_dagrun for latest_only to 2025-03-06T12:08:45.888544+00:00, run_after=2025-03-06T16:08:45.888544+00:00
[2025-03-06T16:08:45.895+0000] {processor.py:179} INFO - Processing /home/airflow/.local/lib/python3.8/site-packages/airflow/example_dags/example_latest_only.py took 0.032 seconds
[2025-03-06T16:09:16.428+0000] {processor.py:157} INFO - Started process (PID=34649) to work on /home/airflow/.local/lib/python3.8/site-packages/airflow/example_dags/example_latest_only.py
[2025-03-06T16:09:16.428+0000] {processor.py:829} INFO - Processing file /home/airflow/.local/lib/python3.8/site-packages/airflow/example_dags/example_latest_only.py for tasks to queue
[2025-03-06T16:09:16.429+0000] {logging_mixin.py:154} INFO - [2025-03-06T16:09:16.429+0000] {dagbag.py:536} INFO - Filling up the DagBag from /home/airflow/.local/lib/python3.8/site-packages/airflow/example_dags/example_latest_only.py
[2025-03-06T16:09:16.433+0000] {processor.py:839} INFO - DAG(s) dict_keys(['latest_only']) retrieved from /home/airflow/.local/lib/python3.8/site-packages/airflow/example_dags/example_latest_only.py
[2025-03-06T16:09:16.445+0000] {logging_mixin.py:154} INFO - [2025-03-06T16:09:16.445+0000] {dag.py:2941} INFO - Sync 1 DAGs
[2025-03-06T16:09:16.456+0000] {logging_mixin.py:154} INFO - [2025-03-06T16:09:16.456+0000] {dag.py:3722} INFO - Setting next_dagrun for latest_only to 2025-03-06T12:09:16.456008+00:00, run_after=2025-03-06T16:09:16.456008+00:00
[2025-03-06T16:09:16.462+0000] {processor.py:179} INFO - Processing /home/airflow/.local/lib/python3.8/site-packages/airflow/example_dags/example_latest_only.py took 0.036 seconds
[2025-03-06T16:09:47.103+0000] {processor.py:157} INFO - Started process (PID=34705) to work on /home/airflow/.local/lib/python3.8/site-packages/airflow/example_dags/example_latest_only.py
[2025-03-06T16:09:47.104+0000] {processor.py:829} INFO - Processing file /home/airflow/.local/lib/python3.8/site-packages/airflow/example_dags/example_latest_only.py for tasks to queue
[2025-03-06T16:09:47.105+0000] {logging_mixin.py:154} INFO - [2025-03-06T16:09:47.105+0000] {dagbag.py:536} INFO - Filling up the DagBag from /home/airflow/.local/lib/python3.8/site-packages/airflow/example_dags/example_latest_only.py
[2025-03-06T16:09:47.110+0000] {processor.py:839} INFO - DAG(s) dict_keys(['latest_only']) retrieved from /home/airflow/.local/lib/python3.8/site-packages/airflow/example_dags/example_latest_only.py
[2025-03-06T16:09:47.119+0000] {logging_mixin.py:154} INFO - [2025-03-06T16:09:47.118+0000] {dag.py:2941} INFO - Sync 1 DAGs
[2025-03-06T16:09:47.128+0000] {logging_mixin.py:154} INFO - [2025-03-06T16:09:47.128+0000] {dag.py:3722} INFO - Setting next_dagrun for latest_only to 2025-03-06T12:09:47.128520+00:00, run_after=2025-03-06T16:09:47.128520+00:00
[2025-03-06T16:09:47.141+0000] {processor.py:179} INFO - Processing /home/airflow/.local/lib/python3.8/site-packages/airflow/example_dags/example_latest_only.py took 0.039 seconds
[2025-03-06T16:10:17.756+0000] {processor.py:157} INFO - Started process (PID=34761) to work on /home/airflow/.local/lib/python3.8/site-packages/airflow/example_dags/example_latest_only.py
[2025-03-06T16:10:17.757+0000] {processor.py:829} INFO - Processing file /home/airflow/.local/lib/python3.8/site-packages/airflow/example_dags/example_latest_only.py for tasks to queue
[2025-03-06T16:10:17.758+0000] {logging_mixin.py:154} INFO - [2025-03-06T16:10:17.758+0000] {dagbag.py:536} INFO - Filling up the DagBag from /home/airflow/.local/lib/python3.8/site-packages/airflow/example_dags/example_latest_only.py
[2025-03-06T16:10:17.762+0000] {processor.py:839} INFO - DAG(s) dict_keys(['latest_only']) retrieved from /home/airflow/.local/lib/python3.8/site-packages/airflow/example_dags/example_latest_only.py
[2025-03-06T16:10:17.773+0000] {logging_mixin.py:154} INFO - [2025-03-06T16:10:17.772+0000] {dag.py:2941} INFO - Sync 1 DAGs
[2025-03-06T16:10:17.783+0000] {logging_mixin.py:154} INFO - [2025-03-06T16:10:17.783+0000] {dag.py:3722} INFO - Setting next_dagrun for latest_only to 2025-03-06T12:10:17.783501+00:00, run_after=2025-03-06T16:10:17.783501+00:00
[2025-03-06T16:10:17.791+0000] {processor.py:179} INFO - Processing /home/airflow/.local/lib/python3.8/site-packages/airflow/example_dags/example_latest_only.py took 0.037 seconds
[2025-03-06T16:10:48.408+0000] {processor.py:157} INFO - Started process (PID=34817) to work on /home/airflow/.local/lib/python3.8/site-packages/airflow/example_dags/example_latest_only.py
[2025-03-06T16:10:48.408+0000] {processor.py:829} INFO - Processing file /home/airflow/.local/lib/python3.8/site-packages/airflow/example_dags/example_latest_only.py for tasks to queue
[2025-03-06T16:10:48.410+0000] {logging_mixin.py:154} INFO - [2025-03-06T16:10:48.410+0000] {dagbag.py:536} INFO - Filling up the DagBag from /home/airflow/.local/lib/python3.8/site-packages/airflow/example_dags/example_latest_only.py
[2025-03-06T16:10:48.414+0000] {processor.py:839} INFO - DAG(s) dict_keys(['latest_only']) retrieved from /home/airflow/.local/lib/python3.8/site-packages/airflow/example_dags/example_latest_only.py
[2025-03-06T16:10:48.425+0000] {logging_mixin.py:154} INFO - [2025-03-06T16:10:48.425+0000] {dag.py:2941} INFO - Sync 1 DAGs
[2025-03-06T16:10:48.435+0000] {logging_mixin.py:154} INFO - [2025-03-06T16:10:48.435+0000] {dag.py:3722} INFO - Setting next_dagrun for latest_only to 2025-03-06T12:10:48.435150+00:00, run_after=2025-03-06T16:10:48.435150+00:00
[2025-03-06T16:10:48.441+0000] {processor.py:179} INFO - Processing /home/airflow/.local/lib/python3.8/site-packages/airflow/example_dags/example_latest_only.py took 0.036 seconds
[2025-03-06T16:11:19.031+0000] {processor.py:157} INFO - Started process (PID=34873) to work on /home/airflow/.local/lib/python3.8/site-packages/airflow/example_dags/example_latest_only.py
[2025-03-06T16:11:19.032+0000] {processor.py:829} INFO - Processing file /home/airflow/.local/lib/python3.8/site-packages/airflow/example_dags/example_latest_only.py for tasks to queue
[2025-03-06T16:11:19.032+0000] {logging_mixin.py:154} INFO - [2025-03-06T16:11:19.032+0000] {dagbag.py:536} INFO - Filling up the DagBag from /home/airflow/.local/lib/python3.8/site-packages/airflow/example_dags/example_latest_only.py
[2025-03-06T16:11:19.035+0000] {processor.py:839} INFO - DAG(s) dict_keys(['latest_only']) retrieved from /home/airflow/.local/lib/python3.8/site-packages/airflow/example_dags/example_latest_only.py
[2025-03-06T16:11:19.046+0000] {logging_mixin.py:154} INFO - [2025-03-06T16:11:19.046+0000] {dag.py:2941} INFO - Sync 1 DAGs
[2025-03-06T16:11:19.056+0000] {logging_mixin.py:154} INFO - [2025-03-06T16:11:19.055+0000] {dag.py:3722} INFO - Setting next_dagrun for latest_only to 2025-03-06T12:11:19.055838+00:00, run_after=2025-03-06T16:11:19.055838+00:00
[2025-03-06T16:11:19.067+0000] {processor.py:179} INFO - Processing /home/airflow/.local/lib/python3.8/site-packages/airflow/example_dags/example_latest_only.py took 0.038 seconds
[2025-03-06T16:11:49.632+0000] {processor.py:157} INFO - Started process (PID=34929) to work on /home/airflow/.local/lib/python3.8/site-packages/airflow/example_dags/example_latest_only.py
[2025-03-06T16:11:49.633+0000] {processor.py:829} INFO - Processing file /home/airflow/.local/lib/python3.8/site-packages/airflow/example_dags/example_latest_only.py for tasks to queue
[2025-03-06T16:11:49.634+0000] {logging_mixin.py:154} INFO - [2025-03-06T16:11:49.634+0000] {dagbag.py:536} INFO - Filling up the DagBag from /home/airflow/.local/lib/python3.8/site-packages/airflow/example_dags/example_latest_only.py
[2025-03-06T16:11:49.639+0000] {processor.py:839} INFO - DAG(s) dict_keys(['latest_only']) retrieved from /home/airflow/.local/lib/python3.8/site-packages/airflow/example_dags/example_latest_only.py
[2025-03-06T16:11:49.650+0000] {logging_mixin.py:154} INFO - [2025-03-06T16:11:49.650+0000] {dag.py:2941} INFO - Sync 1 DAGs
[2025-03-06T16:11:49.660+0000] {logging_mixin.py:154} INFO - [2025-03-06T16:11:49.660+0000] {dag.py:3722} INFO - Setting next_dagrun for latest_only to 2025-03-06T12:11:49.660758+00:00, run_after=2025-03-06T16:11:49.660758+00:00
[2025-03-06T16:11:49.668+0000] {processor.py:179} INFO - Processing /home/airflow/.local/lib/python3.8/site-packages/airflow/example_dags/example_latest_only.py took 0.038 seconds
[2025-03-06T16:12:20.263+0000] {processor.py:157} INFO - Started process (PID=34985) to work on /home/airflow/.local/lib/python3.8/site-packages/airflow/example_dags/example_latest_only.py
[2025-03-06T16:12:20.263+0000] {processor.py:829} INFO - Processing file /home/airflow/.local/lib/python3.8/site-packages/airflow/example_dags/example_latest_only.py for tasks to queue
[2025-03-06T16:12:20.264+0000] {logging_mixin.py:154} INFO - [2025-03-06T16:12:20.264+0000] {dagbag.py:536} INFO - Filling up the DagBag from /home/airflow/.local/lib/python3.8/site-packages/airflow/example_dags/example_latest_only.py
[2025-03-06T16:12:20.270+0000] {processor.py:839} INFO - DAG(s) dict_keys(['latest_only']) retrieved from /home/airflow/.local/lib/python3.8/site-packages/airflow/example_dags/example_latest_only.py
[2025-03-06T16:12:20.281+0000] {logging_mixin.py:154} INFO - [2025-03-06T16:12:20.281+0000] {dag.py:2941} INFO - Sync 1 DAGs
[2025-03-06T16:12:20.290+0000] {logging_mixin.py:154} INFO - [2025-03-06T16:12:20.290+0000] {dag.py:3722} INFO - Setting next_dagrun for latest_only to 2025-03-06T12:12:20.290749+00:00, run_after=2025-03-06T16:12:20.290749+00:00
[2025-03-06T16:12:20.297+0000] {processor.py:179} INFO - Processing /home/airflow/.local/lib/python3.8/site-packages/airflow/example_dags/example_latest_only.py took 0.036 seconds
[2025-03-06T16:12:50.882+0000] {processor.py:157} INFO - Started process (PID=35041) to work on /home/airflow/.local/lib/python3.8/site-packages/airflow/example_dags/example_latest_only.py
[2025-03-06T16:12:50.883+0000] {processor.py:829} INFO - Processing file /home/airflow/.local/lib/python3.8/site-packages/airflow/example_dags/example_latest_only.py for tasks to queue
[2025-03-06T16:12:50.884+0000] {logging_mixin.py:154} INFO - [2025-03-06T16:12:50.884+0000] {dagbag.py:536} INFO - Filling up the DagBag from /home/airflow/.local/lib/python3.8/site-packages/airflow/example_dags/example_latest_only.py
[2025-03-06T16:12:50.888+0000] {processor.py:839} INFO - DAG(s) dict_keys(['latest_only']) retrieved from /home/airflow/.local/lib/python3.8/site-packages/airflow/example_dags/example_latest_only.py
[2025-03-06T16:12:50.900+0000] {logging_mixin.py:154} INFO - [2025-03-06T16:12:50.899+0000] {dag.py:2941} INFO - Sync 1 DAGs
[2025-03-06T16:12:50.908+0000] {logging_mixin.py:154} INFO - [2025-03-06T16:12:50.908+0000] {dag.py:3722} INFO - Setting next_dagrun for latest_only to 2025-03-06T12:12:50.908656+00:00, run_after=2025-03-06T16:12:50.908656+00:00
[2025-03-06T16:12:50.917+0000] {processor.py:179} INFO - Processing /home/airflow/.local/lib/python3.8/site-packages/airflow/example_dags/example_latest_only.py took 0.036 seconds
[2025-03-06T16:13:21.537+0000] {processor.py:157} INFO - Started process (PID=35097) to work on /home/airflow/.local/lib/python3.8/site-packages/airflow/example_dags/example_latest_only.py
[2025-03-06T16:13:21.537+0000] {processor.py:829} INFO - Processing file /home/airflow/.local/lib/python3.8/site-packages/airflow/example_dags/example_latest_only.py for tasks to queue
[2025-03-06T16:13:21.538+0000] {logging_mixin.py:154} INFO - [2025-03-06T16:13:21.538+0000] {dagbag.py:536} INFO - Filling up the DagBag from /home/airflow/.local/lib/python3.8/site-packages/airflow/example_dags/example_latest_only.py
[2025-03-06T16:13:21.542+0000] {processor.py:839} INFO - DAG(s) dict_keys(['latest_only']) retrieved from /home/airflow/.local/lib/python3.8/site-packages/airflow/example_dags/example_latest_only.py
[2025-03-06T16:13:21.555+0000] {logging_mixin.py:154} INFO - [2025-03-06T16:13:21.555+0000] {dag.py:2941} INFO - Sync 1 DAGs
[2025-03-06T16:13:21.565+0000] {logging_mixin.py:154} INFO - [2025-03-06T16:13:21.565+0000] {dag.py:3722} INFO - Setting next_dagrun for latest_only to 2025-03-06T12:13:21.564998+00:00, run_after=2025-03-06T16:13:21.564998+00:00
[2025-03-06T16:13:21.571+0000] {processor.py:179} INFO - Processing /home/airflow/.local/lib/python3.8/site-packages/airflow/example_dags/example_latest_only.py took 0.036 seconds
[2025-03-06T16:13:52.111+0000] {processor.py:157} INFO - Started process (PID=35153) to work on /home/airflow/.local/lib/python3.8/site-packages/airflow/example_dags/example_latest_only.py
[2025-03-06T16:13:52.112+0000] {processor.py:829} INFO - Processing file /home/airflow/.local/lib/python3.8/site-packages/airflow/example_dags/example_latest_only.py for tasks to queue
[2025-03-06T16:13:52.112+0000] {logging_mixin.py:154} INFO - [2025-03-06T16:13:52.112+0000] {dagbag.py:536} INFO - Filling up the DagBag from /home/airflow/.local/lib/python3.8/site-packages/airflow/example_dags/example_latest_only.py
[2025-03-06T16:13:52.115+0000] {processor.py:839} INFO - DAG(s) dict_keys(['latest_only']) retrieved from /home/airflow/.local/lib/python3.8/site-packages/airflow/example_dags/example_latest_only.py
[2025-03-06T16:13:52.126+0000] {logging_mixin.py:154} INFO - [2025-03-06T16:13:52.126+0000] {dag.py:2941} INFO - Sync 1 DAGs
[2025-03-06T16:13:52.135+0000] {logging_mixin.py:154} INFO - [2025-03-06T16:13:52.135+0000] {dag.py:3722} INFO - Setting next_dagrun for latest_only to 2025-03-06T12:13:52.135715+00:00, run_after=2025-03-06T16:13:52.135715+00:00
[2025-03-06T16:13:52.143+0000] {processor.py:179} INFO - Processing /home/airflow/.local/lib/python3.8/site-packages/airflow/example_dags/example_latest_only.py took 0.034 seconds
[2025-03-06T16:14:22.722+0000] {processor.py:157} INFO - Started process (PID=35209) to work on /home/airflow/.local/lib/python3.8/site-packages/airflow/example_dags/example_latest_only.py
[2025-03-06T16:14:22.722+0000] {processor.py:829} INFO - Processing file /home/airflow/.local/lib/python3.8/site-packages/airflow/example_dags/example_latest_only.py for tasks to queue
[2025-03-06T16:14:22.722+0000] {logging_mixin.py:154} INFO - [2025-03-06T16:14:22.722+0000] {dagbag.py:536} INFO - Filling up the DagBag from /home/airflow/.local/lib/python3.8/site-packages/airflow/example_dags/example_latest_only.py
[2025-03-06T16:14:22.726+0000] {processor.py:839} INFO - DAG(s) dict_keys(['latest_only']) retrieved from /home/airflow/.local/lib/python3.8/site-packages/airflow/example_dags/example_latest_only.py
[2025-03-06T16:14:22.737+0000] {logging_mixin.py:154} INFO - [2025-03-06T16:14:22.737+0000] {dag.py:2941} INFO - Sync 1 DAGs
[2025-03-06T16:14:22.746+0000] {logging_mixin.py:154} INFO - [2025-03-06T16:14:22.746+0000] {dag.py:3722} INFO - Setting next_dagrun for latest_only to 2025-03-06T12:14:22.746345+00:00, run_after=2025-03-06T16:14:22.746345+00:00
[2025-03-06T16:14:22.754+0000] {processor.py:179} INFO - Processing /home/airflow/.local/lib/python3.8/site-packages/airflow/example_dags/example_latest_only.py took 0.035 seconds
[2025-03-06T16:14:53.380+0000] {processor.py:157} INFO - Started process (PID=35265) to work on /home/airflow/.local/lib/python3.8/site-packages/airflow/example_dags/example_latest_only.py
[2025-03-06T16:14:53.381+0000] {processor.py:829} INFO - Processing file /home/airflow/.local/lib/python3.8/site-packages/airflow/example_dags/example_latest_only.py for tasks to queue
[2025-03-06T16:14:53.382+0000] {logging_mixin.py:154} INFO - [2025-03-06T16:14:53.382+0000] {dagbag.py:536} INFO - Filling up the DagBag from /home/airflow/.local/lib/python3.8/site-packages/airflow/example_dags/example_latest_only.py
[2025-03-06T16:14:53.385+0000] {processor.py:839} INFO - DAG(s) dict_keys(['latest_only']) retrieved from /home/airflow/.local/lib/python3.8/site-packages/airflow/example_dags/example_latest_only.py
[2025-03-06T16:14:53.394+0000] {logging_mixin.py:154} INFO - [2025-03-06T16:14:53.394+0000] {dag.py:2941} INFO - Sync 1 DAGs
[2025-03-06T16:14:53.404+0000] {logging_mixin.py:154} INFO - [2025-03-06T16:14:53.404+0000] {dag.py:3722} INFO - Setting next_dagrun for latest_only to 2025-03-06T12:14:53.404674+00:00, run_after=2025-03-06T16:14:53.404674+00:00
[2025-03-06T16:14:53.415+0000] {processor.py:179} INFO - Processing /home/airflow/.local/lib/python3.8/site-packages/airflow/example_dags/example_latest_only.py took 0.037 seconds
[2025-03-06T16:15:24.004+0000] {processor.py:157} INFO - Started process (PID=35321) to work on /home/airflow/.local/lib/python3.8/site-packages/airflow/example_dags/example_latest_only.py
[2025-03-06T16:15:24.005+0000] {processor.py:829} INFO - Processing file /home/airflow/.local/lib/python3.8/site-packages/airflow/example_dags/example_latest_only.py for tasks to queue
[2025-03-06T16:15:24.006+0000] {logging_mixin.py:154} INFO - [2025-03-06T16:15:24.006+0000] {dagbag.py:536} INFO - Filling up the DagBag from /home/airflow/.local/lib/python3.8/site-packages/airflow/example_dags/example_latest_only.py
[2025-03-06T16:15:24.010+0000] {processor.py:839} INFO - DAG(s) dict_keys(['latest_only']) retrieved from /home/airflow/.local/lib/python3.8/site-packages/airflow/example_dags/example_latest_only.py
[2025-03-06T16:15:24.020+0000] {logging_mixin.py:154} INFO - [2025-03-06T16:15:24.020+0000] {dag.py:2941} INFO - Sync 1 DAGs
[2025-03-06T16:15:24.029+0000] {logging_mixin.py:154} INFO - [2025-03-06T16:15:24.029+0000] {dag.py:3722} INFO - Setting next_dagrun for latest_only to 2025-03-06T12:15:24.029599+00:00, run_after=2025-03-06T16:15:24.029599+00:00
[2025-03-06T16:15:24.037+0000] {processor.py:179} INFO - Processing /home/airflow/.local/lib/python3.8/site-packages/airflow/example_dags/example_latest_only.py took 0.034 seconds
[2025-03-06T16:15:54.551+0000] {processor.py:157} INFO - Started process (PID=35377) to work on /home/airflow/.local/lib/python3.8/site-packages/airflow/example_dags/example_latest_only.py
[2025-03-06T16:15:54.552+0000] {processor.py:829} INFO - Processing file /home/airflow/.local/lib/python3.8/site-packages/airflow/example_dags/example_latest_only.py for tasks to queue
[2025-03-06T16:15:54.553+0000] {logging_mixin.py:154} INFO - [2025-03-06T16:15:54.553+0000] {dagbag.py:536} INFO - Filling up the DagBag from /home/airflow/.local/lib/python3.8/site-packages/airflow/example_dags/example_latest_only.py
[2025-03-06T16:15:54.557+0000] {processor.py:839} INFO - DAG(s) dict_keys(['latest_only']) retrieved from /home/airflow/.local/lib/python3.8/site-packages/airflow/example_dags/example_latest_only.py
[2025-03-06T16:15:54.566+0000] {logging_mixin.py:154} INFO - [2025-03-06T16:15:54.566+0000] {dag.py:2941} INFO - Sync 1 DAGs
[2025-03-06T16:15:54.577+0000] {logging_mixin.py:154} INFO - [2025-03-06T16:15:54.577+0000] {dag.py:3722} INFO - Setting next_dagrun for latest_only to 2025-03-06T12:15:54.577121+00:00, run_after=2025-03-06T16:15:54.577121+00:00
[2025-03-06T16:15:54.585+0000] {processor.py:179} INFO - Processing /home/airflow/.local/lib/python3.8/site-packages/airflow/example_dags/example_latest_only.py took 0.035 seconds
[2025-03-06T16:16:25.150+0000] {processor.py:157} INFO - Started process (PID=35433) to work on /home/airflow/.local/lib/python3.8/site-packages/airflow/example_dags/example_latest_only.py
[2025-03-06T16:16:25.152+0000] {processor.py:829} INFO - Processing file /home/airflow/.local/lib/python3.8/site-packages/airflow/example_dags/example_latest_only.py for tasks to queue
[2025-03-06T16:16:25.153+0000] {logging_mixin.py:154} INFO - [2025-03-06T16:16:25.153+0000] {dagbag.py:536} INFO - Filling up the DagBag from /home/airflow/.local/lib/python3.8/site-packages/airflow/example_dags/example_latest_only.py
[2025-03-06T16:16:25.157+0000] {processor.py:839} INFO - DAG(s) dict_keys(['latest_only']) retrieved from /home/airflow/.local/lib/python3.8/site-packages/airflow/example_dags/example_latest_only.py
[2025-03-06T16:16:25.168+0000] {logging_mixin.py:154} INFO - [2025-03-06T16:16:25.167+0000] {dag.py:2941} INFO - Sync 1 DAGs
[2025-03-06T16:16:25.176+0000] {logging_mixin.py:154} INFO - [2025-03-06T16:16:25.176+0000] {dag.py:3722} INFO - Setting next_dagrun for latest_only to 2025-03-06T12:16:25.176740+00:00, run_after=2025-03-06T16:16:25.176740+00:00
[2025-03-06T16:16:25.185+0000] {processor.py:179} INFO - Processing /home/airflow/.local/lib/python3.8/site-packages/airflow/example_dags/example_latest_only.py took 0.037 seconds
[2025-03-06T16:16:55.804+0000] {processor.py:157} INFO - Started process (PID=35489) to work on /home/airflow/.local/lib/python3.8/site-packages/airflow/example_dags/example_latest_only.py
[2025-03-06T16:16:55.805+0000] {processor.py:829} INFO - Processing file /home/airflow/.local/lib/python3.8/site-packages/airflow/example_dags/example_latest_only.py for tasks to queue
[2025-03-06T16:16:55.805+0000] {logging_mixin.py:154} INFO - [2025-03-06T16:16:55.805+0000] {dagbag.py:536} INFO - Filling up the DagBag from /home/airflow/.local/lib/python3.8/site-packages/airflow/example_dags/example_latest_only.py
[2025-03-06T16:16:55.808+0000] {processor.py:839} INFO - DAG(s) dict_keys(['latest_only']) retrieved from /home/airflow/.local/lib/python3.8/site-packages/airflow/example_dags/example_latest_only.py
[2025-03-06T16:16:55.820+0000] {logging_mixin.py:154} INFO - [2025-03-06T16:16:55.820+0000] {dag.py:2941} INFO - Sync 1 DAGs
[2025-03-06T16:16:55.829+0000] {logging_mixin.py:154} INFO - [2025-03-06T16:16:55.829+0000] {dag.py:3722} INFO - Setting next_dagrun for latest_only to 2025-03-06T12:16:55.829768+00:00, run_after=2025-03-06T16:16:55.829768+00:00
[2025-03-06T16:16:55.837+0000] {processor.py:179} INFO - Processing /home/airflow/.local/lib/python3.8/site-packages/airflow/example_dags/example_latest_only.py took 0.035 seconds
[2025-03-06T16:17:26.405+0000] {processor.py:157} INFO - Started process (PID=35545) to work on /home/airflow/.local/lib/python3.8/site-packages/airflow/example_dags/example_latest_only.py
[2025-03-06T16:17:26.406+0000] {processor.py:829} INFO - Processing file /home/airflow/.local/lib/python3.8/site-packages/airflow/example_dags/example_latest_only.py for tasks to queue
[2025-03-06T16:17:26.407+0000] {logging_mixin.py:154} INFO - [2025-03-06T16:17:26.407+0000] {dagbag.py:536} INFO - Filling up the DagBag from /home/airflow/.local/lib/python3.8/site-packages/airflow/example_dags/example_latest_only.py
[2025-03-06T16:17:26.412+0000] {processor.py:839} INFO - DAG(s) dict_keys(['latest_only']) retrieved from /home/airflow/.local/lib/python3.8/site-packages/airflow/example_dags/example_latest_only.py
[2025-03-06T16:17:26.423+0000] {logging_mixin.py:154} INFO - [2025-03-06T16:17:26.423+0000] {dag.py:2941} INFO - Sync 1 DAGs
[2025-03-06T16:17:26.431+0000] {logging_mixin.py:154} INFO - [2025-03-06T16:17:26.431+0000] {dag.py:3722} INFO - Setting next_dagrun for latest_only to 2025-03-06T12:17:26.431487+00:00, run_after=2025-03-06T16:17:26.431487+00:00
[2025-03-06T16:17:26.439+0000] {processor.py:179} INFO - Processing /home/airflow/.local/lib/python3.8/site-packages/airflow/example_dags/example_latest_only.py took 0.036 seconds
[2025-03-06T16:17:57.062+0000] {processor.py:157} INFO - Started process (PID=35601) to work on /home/airflow/.local/lib/python3.8/site-packages/airflow/example_dags/example_latest_only.py
[2025-03-06T16:17:57.063+0000] {processor.py:829} INFO - Processing file /home/airflow/.local/lib/python3.8/site-packages/airflow/example_dags/example_latest_only.py for tasks to queue
[2025-03-06T16:17:57.064+0000] {logging_mixin.py:154} INFO - [2025-03-06T16:17:57.064+0000] {dagbag.py:536} INFO - Filling up the DagBag from /home/airflow/.local/lib/python3.8/site-packages/airflow/example_dags/example_latest_only.py
[2025-03-06T16:17:57.067+0000] {processor.py:839} INFO - DAG(s) dict_keys(['latest_only']) retrieved from /home/airflow/.local/lib/python3.8/site-packages/airflow/example_dags/example_latest_only.py
[2025-03-06T16:17:57.077+0000] {logging_mixin.py:154} INFO - [2025-03-06T16:17:57.077+0000] {dag.py:2941} INFO - Sync 1 DAGs
[2025-03-06T16:17:57.086+0000] {logging_mixin.py:154} INFO - [2025-03-06T16:17:57.086+0000] {dag.py:3722} INFO - Setting next_dagrun for latest_only to 2025-03-06T12:17:57.086524+00:00, run_after=2025-03-06T16:17:57.086524+00:00
[2025-03-06T16:17:57.095+0000] {processor.py:179} INFO - Processing /home/airflow/.local/lib/python3.8/site-packages/airflow/example_dags/example_latest_only.py took 0.035 seconds
[2025-03-06T16:18:27.698+0000] {processor.py:157} INFO - Started process (PID=35657) to work on /home/airflow/.local/lib/python3.8/site-packages/airflow/example_dags/example_latest_only.py
[2025-03-06T16:18:27.699+0000] {processor.py:829} INFO - Processing file /home/airflow/.local/lib/python3.8/site-packages/airflow/example_dags/example_latest_only.py for tasks to queue
[2025-03-06T16:18:27.700+0000] {logging_mixin.py:154} INFO - [2025-03-06T16:18:27.699+0000] {dagbag.py:536} INFO - Filling up the DagBag from /home/airflow/.local/lib/python3.8/site-packages/airflow/example_dags/example_latest_only.py
[2025-03-06T16:18:27.703+0000] {processor.py:839} INFO - DAG(s) dict_keys(['latest_only']) retrieved from /home/airflow/.local/lib/python3.8/site-packages/airflow/example_dags/example_latest_only.py
[2025-03-06T16:18:27.712+0000] {logging_mixin.py:154} INFO - [2025-03-06T16:18:27.712+0000] {dag.py:2941} INFO - Sync 1 DAGs
[2025-03-06T16:18:27.723+0000] {logging_mixin.py:154} INFO - [2025-03-06T16:18:27.723+0000] {dag.py:3722} INFO - Setting next_dagrun for latest_only to 2025-03-06T12:18:27.723391+00:00, run_after=2025-03-06T16:18:27.723391+00:00
[2025-03-06T16:18:27.731+0000] {processor.py:179} INFO - Processing /home/airflow/.local/lib/python3.8/site-packages/airflow/example_dags/example_latest_only.py took 0.034 seconds
[2025-03-06T16:18:58.324+0000] {processor.py:157} INFO - Started process (PID=35713) to work on /home/airflow/.local/lib/python3.8/site-packages/airflow/example_dags/example_latest_only.py
[2025-03-06T16:18:58.325+0000] {processor.py:829} INFO - Processing file /home/airflow/.local/lib/python3.8/site-packages/airflow/example_dags/example_latest_only.py for tasks to queue
[2025-03-06T16:18:58.325+0000] {logging_mixin.py:154} INFO - [2025-03-06T16:18:58.325+0000] {dagbag.py:536} INFO - Filling up the DagBag from /home/airflow/.local/lib/python3.8/site-packages/airflow/example_dags/example_latest_only.py
[2025-03-06T16:18:58.328+0000] {processor.py:839} INFO - DAG(s) dict_keys(['latest_only']) retrieved from /home/airflow/.local/lib/python3.8/site-packages/airflow/example_dags/example_latest_only.py
[2025-03-06T16:18:58.338+0000] {logging_mixin.py:154} INFO - [2025-03-06T16:18:58.338+0000] {dag.py:2941} INFO - Sync 1 DAGs
[2025-03-06T16:18:58.346+0000] {logging_mixin.py:154} INFO - [2025-03-06T16:18:58.346+0000] {dag.py:3722} INFO - Setting next_dagrun for latest_only to 2025-03-06T12:18:58.346128+00:00, run_after=2025-03-06T16:18:58.346128+00:00
[2025-03-06T16:18:58.355+0000] {processor.py:179} INFO - Processing /home/airflow/.local/lib/python3.8/site-packages/airflow/example_dags/example_latest_only.py took 0.033 seconds
[2025-03-06T16:19:28.980+0000] {processor.py:157} INFO - Started process (PID=35769) to work on /home/airflow/.local/lib/python3.8/site-packages/airflow/example_dags/example_latest_only.py
[2025-03-06T16:19:28.980+0000] {processor.py:829} INFO - Processing file /home/airflow/.local/lib/python3.8/site-packages/airflow/example_dags/example_latest_only.py for tasks to queue
[2025-03-06T16:19:28.980+0000] {logging_mixin.py:154} INFO - [2025-03-06T16:19:28.980+0000] {dagbag.py:536} INFO - Filling up the DagBag from /home/airflow/.local/lib/python3.8/site-packages/airflow/example_dags/example_latest_only.py
[2025-03-06T16:19:28.984+0000] {processor.py:839} INFO - DAG(s) dict_keys(['latest_only']) retrieved from /home/airflow/.local/lib/python3.8/site-packages/airflow/example_dags/example_latest_only.py
[2025-03-06T16:19:28.992+0000] {logging_mixin.py:154} INFO - [2025-03-06T16:19:28.992+0000] {dag.py:2941} INFO - Sync 1 DAGs
[2025-03-06T16:19:29.000+0000] {logging_mixin.py:154} INFO - [2025-03-06T16:19:29.000+0000] {dag.py:3722} INFO - Setting next_dagrun for latest_only to 2025-03-06T12:19:29.000629+00:00, run_after=2025-03-06T16:19:29.000629+00:00
[2025-03-06T16:19:29.007+0000] {processor.py:179} INFO - Processing /home/airflow/.local/lib/python3.8/site-packages/airflow/example_dags/example_latest_only.py took 0.029 seconds
[2025-03-06T16:19:59.635+0000] {processor.py:157} INFO - Started process (PID=35825) to work on /home/airflow/.local/lib/python3.8/site-packages/airflow/example_dags/example_latest_only.py
[2025-03-06T16:19:59.637+0000] {processor.py:829} INFO - Processing file /home/airflow/.local/lib/python3.8/site-packages/airflow/example_dags/example_latest_only.py for tasks to queue
[2025-03-06T16:19:59.638+0000] {logging_mixin.py:154} INFO - [2025-03-06T16:19:59.638+0000] {dagbag.py:536} INFO - Filling up the DagBag from /home/airflow/.local/lib/python3.8/site-packages/airflow/example_dags/example_latest_only.py
[2025-03-06T16:19:59.642+0000] {processor.py:839} INFO - DAG(s) dict_keys(['latest_only']) retrieved from /home/airflow/.local/lib/python3.8/site-packages/airflow/example_dags/example_latest_only.py
[2025-03-06T16:19:59.652+0000] {logging_mixin.py:154} INFO - [2025-03-06T16:19:59.652+0000] {dag.py:2941} INFO - Sync 1 DAGs
[2025-03-06T16:19:59.661+0000] {logging_mixin.py:154} INFO - [2025-03-06T16:19:59.661+0000] {dag.py:3722} INFO - Setting next_dagrun for latest_only to 2025-03-06T12:19:59.660918+00:00, run_after=2025-03-06T16:19:59.660918+00:00
[2025-03-06T16:19:59.670+0000] {processor.py:179} INFO - Processing /home/airflow/.local/lib/python3.8/site-packages/airflow/example_dags/example_latest_only.py took 0.036 seconds
[2025-03-06T16:20:30.329+0000] {processor.py:157} INFO - Started process (PID=35881) to work on /home/airflow/.local/lib/python3.8/site-packages/airflow/example_dags/example_latest_only.py
[2025-03-06T16:20:30.330+0000] {processor.py:829} INFO - Processing file /home/airflow/.local/lib/python3.8/site-packages/airflow/example_dags/example_latest_only.py for tasks to queue
[2025-03-06T16:20:30.332+0000] {logging_mixin.py:154} INFO - [2025-03-06T16:20:30.332+0000] {dagbag.py:536} INFO - Filling up the DagBag from /home/airflow/.local/lib/python3.8/site-packages/airflow/example_dags/example_latest_only.py
[2025-03-06T16:20:30.338+0000] {processor.py:839} INFO - DAG(s) dict_keys(['latest_only']) retrieved from /home/airflow/.local/lib/python3.8/site-packages/airflow/example_dags/example_latest_only.py
[2025-03-06T16:20:30.351+0000] {logging_mixin.py:154} INFO - [2025-03-06T16:20:30.351+0000] {dag.py:2941} INFO - Sync 1 DAGs
[2025-03-06T16:20:30.360+0000] {logging_mixin.py:154} INFO - [2025-03-06T16:20:30.360+0000] {dag.py:3722} INFO - Setting next_dagrun for latest_only to 2025-03-06T12:20:30.360603+00:00, run_after=2025-03-06T16:20:30.360603+00:00
[2025-03-06T16:20:30.371+0000] {processor.py:179} INFO - Processing /home/airflow/.local/lib/python3.8/site-packages/airflow/example_dags/example_latest_only.py took 0.043 seconds
[2025-03-06T16:21:01.007+0000] {processor.py:157} INFO - Started process (PID=35937) to work on /home/airflow/.local/lib/python3.8/site-packages/airflow/example_dags/example_latest_only.py
[2025-03-06T16:21:01.007+0000] {processor.py:829} INFO - Processing file /home/airflow/.local/lib/python3.8/site-packages/airflow/example_dags/example_latest_only.py for tasks to queue
[2025-03-06T16:21:01.008+0000] {logging_mixin.py:154} INFO - [2025-03-06T16:21:01.008+0000] {dagbag.py:536} INFO - Filling up the DagBag from /home/airflow/.local/lib/python3.8/site-packages/airflow/example_dags/example_latest_only.py
[2025-03-06T16:21:01.012+0000] {processor.py:839} INFO - DAG(s) dict_keys(['latest_only']) retrieved from /home/airflow/.local/lib/python3.8/site-packages/airflow/example_dags/example_latest_only.py
[2025-03-06T16:21:01.023+0000] {logging_mixin.py:154} INFO - [2025-03-06T16:21:01.023+0000] {dag.py:2941} INFO - Sync 1 DAGs
[2025-03-06T16:21:01.033+0000] {logging_mixin.py:154} INFO - [2025-03-06T16:21:01.033+0000] {dag.py:3722} INFO - Setting next_dagrun for latest_only to 2025-03-06T12:21:01.033567+00:00, run_after=2025-03-06T16:21:01.033567+00:00
[2025-03-06T16:21:01.042+0000] {processor.py:179} INFO - Processing /home/airflow/.local/lib/python3.8/site-packages/airflow/example_dags/example_latest_only.py took 0.036 seconds
[2025-03-06T16:21:31.764+0000] {processor.py:157} INFO - Started process (PID=35993) to work on /home/airflow/.local/lib/python3.8/site-packages/airflow/example_dags/example_latest_only.py
[2025-03-06T16:21:31.764+0000] {processor.py:829} INFO - Processing file /home/airflow/.local/lib/python3.8/site-packages/airflow/example_dags/example_latest_only.py for tasks to queue
[2025-03-06T16:21:31.765+0000] {logging_mixin.py:154} INFO - [2025-03-06T16:21:31.765+0000] {dagbag.py:536} INFO - Filling up the DagBag from /home/airflow/.local/lib/python3.8/site-packages/airflow/example_dags/example_latest_only.py
[2025-03-06T16:21:31.768+0000] {processor.py:839} INFO - DAG(s) dict_keys(['latest_only']) retrieved from /home/airflow/.local/lib/python3.8/site-packages/airflow/example_dags/example_latest_only.py
[2025-03-06T16:21:31.778+0000] {logging_mixin.py:154} INFO - [2025-03-06T16:21:31.778+0000] {dag.py:2941} INFO - Sync 1 DAGs
[2025-03-06T16:21:31.787+0000] {logging_mixin.py:154} INFO - [2025-03-06T16:21:31.787+0000] {dag.py:3722} INFO - Setting next_dagrun for latest_only to 2025-03-06T12:21:31.787536+00:00, run_after=2025-03-06T16:21:31.787536+00:00
[2025-03-06T16:21:31.795+0000] {processor.py:179} INFO - Processing /home/airflow/.local/lib/python3.8/site-packages/airflow/example_dags/example_latest_only.py took 0.033 seconds
[2025-03-06T16:22:02.380+0000] {processor.py:157} INFO - Started process (PID=36049) to work on /home/airflow/.local/lib/python3.8/site-packages/airflow/example_dags/example_latest_only.py
[2025-03-06T16:22:02.380+0000] {processor.py:829} INFO - Processing file /home/airflow/.local/lib/python3.8/site-packages/airflow/example_dags/example_latest_only.py for tasks to queue
[2025-03-06T16:22:02.381+0000] {logging_mixin.py:154} INFO - [2025-03-06T16:22:02.381+0000] {dagbag.py:536} INFO - Filling up the DagBag from /home/airflow/.local/lib/python3.8/site-packages/airflow/example_dags/example_latest_only.py
[2025-03-06T16:22:02.385+0000] {processor.py:839} INFO - DAG(s) dict_keys(['latest_only']) retrieved from /home/airflow/.local/lib/python3.8/site-packages/airflow/example_dags/example_latest_only.py
[2025-03-06T16:22:02.396+0000] {logging_mixin.py:154} INFO - [2025-03-06T16:22:02.395+0000] {dag.py:2941} INFO - Sync 1 DAGs
[2025-03-06T16:22:02.405+0000] {logging_mixin.py:154} INFO - [2025-03-06T16:22:02.404+0000] {dag.py:3722} INFO - Setting next_dagrun for latest_only to 2025-03-06T12:22:02.404793+00:00, run_after=2025-03-06T16:22:02.404793+00:00
[2025-03-06T16:22:02.412+0000] {processor.py:179} INFO - Processing /home/airflow/.local/lib/python3.8/site-packages/airflow/example_dags/example_latest_only.py took 0.034 seconds
[2025-03-06T16:22:33.047+0000] {processor.py:157} INFO - Started process (PID=36105) to work on /home/airflow/.local/lib/python3.8/site-packages/airflow/example_dags/example_latest_only.py
[2025-03-06T16:22:33.048+0000] {processor.py:829} INFO - Processing file /home/airflow/.local/lib/python3.8/site-packages/airflow/example_dags/example_latest_only.py for tasks to queue
[2025-03-06T16:22:33.049+0000] {logging_mixin.py:154} INFO - [2025-03-06T16:22:33.049+0000] {dagbag.py:536} INFO - Filling up the DagBag from /home/airflow/.local/lib/python3.8/site-packages/airflow/example_dags/example_latest_only.py
[2025-03-06T16:22:33.054+0000] {processor.py:839} INFO - DAG(s) dict_keys(['latest_only']) retrieved from /home/airflow/.local/lib/python3.8/site-packages/airflow/example_dags/example_latest_only.py
[2025-03-06T16:22:33.065+0000] {logging_mixin.py:154} INFO - [2025-03-06T16:22:33.064+0000] {dag.py:2941} INFO - Sync 1 DAGs
[2025-03-06T16:22:33.074+0000] {logging_mixin.py:154} INFO - [2025-03-06T16:22:33.074+0000] {dag.py:3722} INFO - Setting next_dagrun for latest_only to 2025-03-06T12:22:33.074221+00:00, run_after=2025-03-06T16:22:33.074221+00:00
[2025-03-06T16:22:33.086+0000] {processor.py:179} INFO - Processing /home/airflow/.local/lib/python3.8/site-packages/airflow/example_dags/example_latest_only.py took 0.040 seconds
[2025-03-06T16:23:03.488+0000] {processor.py:157} INFO - Started process (PID=36161) to work on /home/airflow/.local/lib/python3.8/site-packages/airflow/example_dags/example_latest_only.py
[2025-03-06T16:23:03.489+0000] {processor.py:829} INFO - Processing file /home/airflow/.local/lib/python3.8/site-packages/airflow/example_dags/example_latest_only.py for tasks to queue
[2025-03-06T16:23:03.490+0000] {logging_mixin.py:154} INFO - [2025-03-06T16:23:03.490+0000] {dagbag.py:536} INFO - Filling up the DagBag from /home/airflow/.local/lib/python3.8/site-packages/airflow/example_dags/example_latest_only.py
[2025-03-06T16:23:03.493+0000] {processor.py:839} INFO - DAG(s) dict_keys(['latest_only']) retrieved from /home/airflow/.local/lib/python3.8/site-packages/airflow/example_dags/example_latest_only.py
[2025-03-06T16:23:03.503+0000] {logging_mixin.py:154} INFO - [2025-03-06T16:23:03.503+0000] {dag.py:2941} INFO - Sync 1 DAGs
[2025-03-06T16:23:03.511+0000] {logging_mixin.py:154} INFO - [2025-03-06T16:23:03.511+0000] {dag.py:3722} INFO - Setting next_dagrun for latest_only to 2025-03-06T12:23:03.511284+00:00, run_after=2025-03-06T16:23:03.511284+00:00
[2025-03-06T16:23:03.517+0000] {processor.py:179} INFO - Processing /home/airflow/.local/lib/python3.8/site-packages/airflow/example_dags/example_latest_only.py took 0.031 seconds
[2025-03-06T16:23:34.043+0000] {processor.py:157} INFO - Started process (PID=36217) to work on /home/airflow/.local/lib/python3.8/site-packages/airflow/example_dags/example_latest_only.py
[2025-03-06T16:23:34.044+0000] {processor.py:829} INFO - Processing file /home/airflow/.local/lib/python3.8/site-packages/airflow/example_dags/example_latest_only.py for tasks to queue
[2025-03-06T16:23:34.044+0000] {logging_mixin.py:154} INFO - [2025-03-06T16:23:34.044+0000] {dagbag.py:536} INFO - Filling up the DagBag from /home/airflow/.local/lib/python3.8/site-packages/airflow/example_dags/example_latest_only.py
[2025-03-06T16:23:34.048+0000] {processor.py:839} INFO - DAG(s) dict_keys(['latest_only']) retrieved from /home/airflow/.local/lib/python3.8/site-packages/airflow/example_dags/example_latest_only.py
[2025-03-06T16:23:34.058+0000] {logging_mixin.py:154} INFO - [2025-03-06T16:23:34.058+0000] {dag.py:2941} INFO - Sync 1 DAGs
[2025-03-06T16:23:34.065+0000] {logging_mixin.py:154} INFO - [2025-03-06T16:23:34.065+0000] {dag.py:3722} INFO - Setting next_dagrun for latest_only to 2025-03-06T12:23:34.065661+00:00, run_after=2025-03-06T16:23:34.065661+00:00
[2025-03-06T16:23:34.075+0000] {processor.py:179} INFO - Processing /home/airflow/.local/lib/python3.8/site-packages/airflow/example_dags/example_latest_only.py took 0.033 seconds
[2025-03-06T16:24:04.541+0000] {processor.py:157} INFO - Started process (PID=36273) to work on /home/airflow/.local/lib/python3.8/site-packages/airflow/example_dags/example_latest_only.py
[2025-03-06T16:24:04.541+0000] {processor.py:829} INFO - Processing file /home/airflow/.local/lib/python3.8/site-packages/airflow/example_dags/example_latest_only.py for tasks to queue
[2025-03-06T16:24:04.542+0000] {logging_mixin.py:154} INFO - [2025-03-06T16:24:04.542+0000] {dagbag.py:536} INFO - Filling up the DagBag from /home/airflow/.local/lib/python3.8/site-packages/airflow/example_dags/example_latest_only.py
[2025-03-06T16:24:04.544+0000] {processor.py:839} INFO - DAG(s) dict_keys(['latest_only']) retrieved from /home/airflow/.local/lib/python3.8/site-packages/airflow/example_dags/example_latest_only.py
[2025-03-06T16:24:04.556+0000] {logging_mixin.py:154} INFO - [2025-03-06T16:24:04.556+0000] {dag.py:2941} INFO - Sync 1 DAGs
[2025-03-06T16:24:04.566+0000] {logging_mixin.py:154} INFO - [2025-03-06T16:24:04.566+0000] {dag.py:3722} INFO - Setting next_dagrun for latest_only to 2025-03-06T12:24:04.566727+00:00, run_after=2025-03-06T16:24:04.566727+00:00
[2025-03-06T16:24:04.576+0000] {processor.py:179} INFO - Processing /home/airflow/.local/lib/python3.8/site-packages/airflow/example_dags/example_latest_only.py took 0.036 seconds
[2025-03-06T16:24:35.023+0000] {processor.py:157} INFO - Started process (PID=36329) to work on /home/airflow/.local/lib/python3.8/site-packages/airflow/example_dags/example_latest_only.py
[2025-03-06T16:24:35.023+0000] {processor.py:829} INFO - Processing file /home/airflow/.local/lib/python3.8/site-packages/airflow/example_dags/example_latest_only.py for tasks to queue
[2025-03-06T16:24:35.023+0000] {logging_mixin.py:154} INFO - [2025-03-06T16:24:35.023+0000] {dagbag.py:536} INFO - Filling up the DagBag from /home/airflow/.local/lib/python3.8/site-packages/airflow/example_dags/example_latest_only.py
[2025-03-06T16:24:35.026+0000] {processor.py:839} INFO - DAG(s) dict_keys(['latest_only']) retrieved from /home/airflow/.local/lib/python3.8/site-packages/airflow/example_dags/example_latest_only.py
[2025-03-06T16:24:35.034+0000] {logging_mixin.py:154} INFO - [2025-03-06T16:24:35.033+0000] {dag.py:2941} INFO - Sync 1 DAGs
[2025-03-06T16:24:35.041+0000] {logging_mixin.py:154} INFO - [2025-03-06T16:24:35.041+0000] {dag.py:3722} INFO - Setting next_dagrun for latest_only to 2025-03-06T12:24:35.041243+00:00, run_after=2025-03-06T16:24:35.041243+00:00
[2025-03-06T16:24:35.047+0000] {processor.py:179} INFO - Processing /home/airflow/.local/lib/python3.8/site-packages/airflow/example_dags/example_latest_only.py took 0.025 seconds
[2025-03-06T16:25:05.528+0000] {processor.py:157} INFO - Started process (PID=36385) to work on /home/airflow/.local/lib/python3.8/site-packages/airflow/example_dags/example_latest_only.py
[2025-03-06T16:25:05.528+0000] {processor.py:829} INFO - Processing file /home/airflow/.local/lib/python3.8/site-packages/airflow/example_dags/example_latest_only.py for tasks to queue
[2025-03-06T16:25:05.529+0000] {logging_mixin.py:154} INFO - [2025-03-06T16:25:05.529+0000] {dagbag.py:536} INFO - Filling up the DagBag from /home/airflow/.local/lib/python3.8/site-packages/airflow/example_dags/example_latest_only.py
[2025-03-06T16:25:05.531+0000] {processor.py:839} INFO - DAG(s) dict_keys(['latest_only']) retrieved from /home/airflow/.local/lib/python3.8/site-packages/airflow/example_dags/example_latest_only.py
[2025-03-06T16:25:05.539+0000] {logging_mixin.py:154} INFO - [2025-03-06T16:25:05.539+0000] {dag.py:2941} INFO - Sync 1 DAGs
[2025-03-06T16:25:05.548+0000] {logging_mixin.py:154} INFO - [2025-03-06T16:25:05.548+0000] {dag.py:3722} INFO - Setting next_dagrun for latest_only to 2025-03-06T12:25:05.548453+00:00, run_after=2025-03-06T16:25:05.548453+00:00
[2025-03-06T16:25:05.558+0000] {processor.py:179} INFO - Processing /home/airflow/.local/lib/python3.8/site-packages/airflow/example_dags/example_latest_only.py took 0.031 seconds
[2025-03-06T16:25:36.015+0000] {processor.py:157} INFO - Started process (PID=36441) to work on /home/airflow/.local/lib/python3.8/site-packages/airflow/example_dags/example_latest_only.py
[2025-03-06T16:25:36.016+0000] {processor.py:829} INFO - Processing file /home/airflow/.local/lib/python3.8/site-packages/airflow/example_dags/example_latest_only.py for tasks to queue
[2025-03-06T16:25:36.018+0000] {logging_mixin.py:154} INFO - [2025-03-06T16:25:36.018+0000] {dagbag.py:536} INFO - Filling up the DagBag from /home/airflow/.local/lib/python3.8/site-packages/airflow/example_dags/example_latest_only.py
[2025-03-06T16:25:36.020+0000] {processor.py:839} INFO - DAG(s) dict_keys(['latest_only']) retrieved from /home/airflow/.local/lib/python3.8/site-packages/airflow/example_dags/example_latest_only.py
[2025-03-06T16:25:36.031+0000] {logging_mixin.py:154} INFO - [2025-03-06T16:25:36.031+0000] {dag.py:2941} INFO - Sync 1 DAGs
[2025-03-06T16:25:36.040+0000] {logging_mixin.py:154} INFO - [2025-03-06T16:25:36.040+0000] {dag.py:3722} INFO - Setting next_dagrun for latest_only to 2025-03-06T12:25:36.040148+00:00, run_after=2025-03-06T16:25:36.040148+00:00
[2025-03-06T16:25:36.047+0000] {processor.py:179} INFO - Processing /home/airflow/.local/lib/python3.8/site-packages/airflow/example_dags/example_latest_only.py took 0.034 seconds
[2025-03-06T16:26:06.528+0000] {processor.py:157} INFO - Started process (PID=36497) to work on /home/airflow/.local/lib/python3.8/site-packages/airflow/example_dags/example_latest_only.py
[2025-03-06T16:26:06.529+0000] {processor.py:829} INFO - Processing file /home/airflow/.local/lib/python3.8/site-packages/airflow/example_dags/example_latest_only.py for tasks to queue
[2025-03-06T16:26:06.529+0000] {logging_mixin.py:154} INFO - [2025-03-06T16:26:06.529+0000] {dagbag.py:536} INFO - Filling up the DagBag from /home/airflow/.local/lib/python3.8/site-packages/airflow/example_dags/example_latest_only.py
[2025-03-06T16:26:06.532+0000] {processor.py:839} INFO - DAG(s) dict_keys(['latest_only']) retrieved from /home/airflow/.local/lib/python3.8/site-packages/airflow/example_dags/example_latest_only.py
[2025-03-06T16:26:06.544+0000] {logging_mixin.py:154} INFO - [2025-03-06T16:26:06.544+0000] {dag.py:2941} INFO - Sync 1 DAGs
[2025-03-06T16:26:06.554+0000] {logging_mixin.py:154} INFO - [2025-03-06T16:26:06.554+0000] {dag.py:3722} INFO - Setting next_dagrun for latest_only to 2025-03-06T12:26:06.554249+00:00, run_after=2025-03-06T16:26:06.554249+00:00
[2025-03-06T16:26:06.563+0000] {processor.py:179} INFO - Processing /home/airflow/.local/lib/python3.8/site-packages/airflow/example_dags/example_latest_only.py took 0.036 seconds
[2025-03-06T16:26:37.018+0000] {processor.py:157} INFO - Started process (PID=36553) to work on /home/airflow/.local/lib/python3.8/site-packages/airflow/example_dags/example_latest_only.py
[2025-03-06T16:26:37.018+0000] {processor.py:829} INFO - Processing file /home/airflow/.local/lib/python3.8/site-packages/airflow/example_dags/example_latest_only.py for tasks to queue
[2025-03-06T16:26:37.018+0000] {logging_mixin.py:154} INFO - [2025-03-06T16:26:37.018+0000] {dagbag.py:536} INFO - Filling up the DagBag from /home/airflow/.local/lib/python3.8/site-packages/airflow/example_dags/example_latest_only.py
[2025-03-06T16:26:37.021+0000] {processor.py:839} INFO - DAG(s) dict_keys(['latest_only']) retrieved from /home/airflow/.local/lib/python3.8/site-packages/airflow/example_dags/example_latest_only.py
[2025-03-06T16:26:37.033+0000] {logging_mixin.py:154} INFO - [2025-03-06T16:26:37.032+0000] {dag.py:2941} INFO - Sync 1 DAGs
[2025-03-06T16:26:37.040+0000] {logging_mixin.py:154} INFO - [2025-03-06T16:26:37.040+0000] {dag.py:3722} INFO - Setting next_dagrun for latest_only to 2025-03-06T12:26:37.040615+00:00, run_after=2025-03-06T16:26:37.040615+00:00
[2025-03-06T16:26:37.051+0000] {processor.py:179} INFO - Processing /home/airflow/.local/lib/python3.8/site-packages/airflow/example_dags/example_latest_only.py took 0.035 seconds
[2025-03-06T16:27:07.536+0000] {processor.py:157} INFO - Started process (PID=36609) to work on /home/airflow/.local/lib/python3.8/site-packages/airflow/example_dags/example_latest_only.py
[2025-03-06T16:27:07.537+0000] {processor.py:829} INFO - Processing file /home/airflow/.local/lib/python3.8/site-packages/airflow/example_dags/example_latest_only.py for tasks to queue
[2025-03-06T16:27:07.537+0000] {logging_mixin.py:154} INFO - [2025-03-06T16:27:07.537+0000] {dagbag.py:536} INFO - Filling up the DagBag from /home/airflow/.local/lib/python3.8/site-packages/airflow/example_dags/example_latest_only.py
[2025-03-06T16:27:07.543+0000] {processor.py:839} INFO - DAG(s) dict_keys(['latest_only']) retrieved from /home/airflow/.local/lib/python3.8/site-packages/airflow/example_dags/example_latest_only.py
[2025-03-06T16:27:07.553+0000] {logging_mixin.py:154} INFO - [2025-03-06T16:27:07.553+0000] {dag.py:2941} INFO - Sync 1 DAGs
[2025-03-06T16:27:07.561+0000] {logging_mixin.py:154} INFO - [2025-03-06T16:27:07.561+0000] {dag.py:3722} INFO - Setting next_dagrun for latest_only to 2025-03-06T12:27:07.561326+00:00, run_after=2025-03-06T16:27:07.561326+00:00
[2025-03-06T16:27:07.570+0000] {processor.py:179} INFO - Processing /home/airflow/.local/lib/python3.8/site-packages/airflow/example_dags/example_latest_only.py took 0.035 seconds
[2025-03-06T16:27:37.966+0000] {processor.py:157} INFO - Started process (PID=36665) to work on /home/airflow/.local/lib/python3.8/site-packages/airflow/example_dags/example_latest_only.py
[2025-03-06T16:27:37.967+0000] {processor.py:829} INFO - Processing file /home/airflow/.local/lib/python3.8/site-packages/airflow/example_dags/example_latest_only.py for tasks to queue
[2025-03-06T16:27:37.967+0000] {logging_mixin.py:154} INFO - [2025-03-06T16:27:37.967+0000] {dagbag.py:536} INFO - Filling up the DagBag from /home/airflow/.local/lib/python3.8/site-packages/airflow/example_dags/example_latest_only.py
[2025-03-06T16:27:37.970+0000] {processor.py:839} INFO - DAG(s) dict_keys(['latest_only']) retrieved from /home/airflow/.local/lib/python3.8/site-packages/airflow/example_dags/example_latest_only.py
[2025-03-06T16:27:37.980+0000] {logging_mixin.py:154} INFO - [2025-03-06T16:27:37.979+0000] {dag.py:2941} INFO - Sync 1 DAGs
[2025-03-06T16:27:37.988+0000] {logging_mixin.py:154} INFO - [2025-03-06T16:27:37.988+0000] {dag.py:3722} INFO - Setting next_dagrun for latest_only to 2025-03-06T12:27:37.988538+00:00, run_after=2025-03-06T16:27:37.988538+00:00
[2025-03-06T16:27:37.997+0000] {processor.py:179} INFO - Processing /home/airflow/.local/lib/python3.8/site-packages/airflow/example_dags/example_latest_only.py took 0.032 seconds
[2025-03-06T16:28:08.474+0000] {processor.py:157} INFO - Started process (PID=36721) to work on /home/airflow/.local/lib/python3.8/site-packages/airflow/example_dags/example_latest_only.py
[2025-03-06T16:28:08.475+0000] {processor.py:829} INFO - Processing file /home/airflow/.local/lib/python3.8/site-packages/airflow/example_dags/example_latest_only.py for tasks to queue
[2025-03-06T16:28:08.476+0000] {logging_mixin.py:154} INFO - [2025-03-06T16:28:08.476+0000] {dagbag.py:536} INFO - Filling up the DagBag from /home/airflow/.local/lib/python3.8/site-packages/airflow/example_dags/example_latest_only.py
[2025-03-06T16:28:08.478+0000] {processor.py:839} INFO - DAG(s) dict_keys(['latest_only']) retrieved from /home/airflow/.local/lib/python3.8/site-packages/airflow/example_dags/example_latest_only.py
[2025-03-06T16:28:08.487+0000] {logging_mixin.py:154} INFO - [2025-03-06T16:28:08.487+0000] {dag.py:2941} INFO - Sync 1 DAGs
[2025-03-06T16:28:08.495+0000] {logging_mixin.py:154} INFO - [2025-03-06T16:28:08.495+0000] {dag.py:3722} INFO - Setting next_dagrun for latest_only to 2025-03-06T12:28:08.495499+00:00, run_after=2025-03-06T16:28:08.495499+00:00
[2025-03-06T16:28:08.502+0000] {processor.py:179} INFO - Processing /home/airflow/.local/lib/python3.8/site-packages/airflow/example_dags/example_latest_only.py took 0.029 seconds
[2025-03-06T16:28:38.937+0000] {processor.py:157} INFO - Started process (PID=36777) to work on /home/airflow/.local/lib/python3.8/site-packages/airflow/example_dags/example_latest_only.py
[2025-03-06T16:28:38.938+0000] {processor.py:829} INFO - Processing file /home/airflow/.local/lib/python3.8/site-packages/airflow/example_dags/example_latest_only.py for tasks to queue
[2025-03-06T16:28:38.939+0000] {logging_mixin.py:154} INFO - [2025-03-06T16:28:38.939+0000] {dagbag.py:536} INFO - Filling up the DagBag from /home/airflow/.local/lib/python3.8/site-packages/airflow/example_dags/example_latest_only.py
[2025-03-06T16:28:38.942+0000] {processor.py:839} INFO - DAG(s) dict_keys(['latest_only']) retrieved from /home/airflow/.local/lib/python3.8/site-packages/airflow/example_dags/example_latest_only.py
[2025-03-06T16:28:38.952+0000] {logging_mixin.py:154} INFO - [2025-03-06T16:28:38.952+0000] {dag.py:2941} INFO - Sync 1 DAGs
[2025-03-06T16:28:38.961+0000] {logging_mixin.py:154} INFO - [2025-03-06T16:28:38.961+0000] {dag.py:3722} INFO - Setting next_dagrun for latest_only to 2025-03-06T12:28:38.961630+00:00, run_after=2025-03-06T16:28:38.961630+00:00
[2025-03-06T16:28:38.970+0000] {processor.py:179} INFO - Processing /home/airflow/.local/lib/python3.8/site-packages/airflow/example_dags/example_latest_only.py took 0.035 seconds
[2025-03-06T16:29:09.368+0000] {processor.py:157} INFO - Started process (PID=36833) to work on /home/airflow/.local/lib/python3.8/site-packages/airflow/example_dags/example_latest_only.py
[2025-03-06T16:29:09.368+0000] {processor.py:829} INFO - Processing file /home/airflow/.local/lib/python3.8/site-packages/airflow/example_dags/example_latest_only.py for tasks to queue
[2025-03-06T16:29:09.369+0000] {logging_mixin.py:154} INFO - [2025-03-06T16:29:09.369+0000] {dagbag.py:536} INFO - Filling up the DagBag from /home/airflow/.local/lib/python3.8/site-packages/airflow/example_dags/example_latest_only.py
[2025-03-06T16:29:09.371+0000] {processor.py:839} INFO - DAG(s) dict_keys(['latest_only']) retrieved from /home/airflow/.local/lib/python3.8/site-packages/airflow/example_dags/example_latest_only.py
[2025-03-06T16:29:09.379+0000] {logging_mixin.py:154} INFO - [2025-03-06T16:29:09.379+0000] {dag.py:2941} INFO - Sync 1 DAGs
[2025-03-06T16:29:09.386+0000] {logging_mixin.py:154} INFO - [2025-03-06T16:29:09.386+0000] {dag.py:3722} INFO - Setting next_dagrun for latest_only to 2025-03-06T12:29:09.386313+00:00, run_after=2025-03-06T16:29:09.386313+00:00
[2025-03-06T16:29:09.392+0000] {processor.py:179} INFO - Processing /home/airflow/.local/lib/python3.8/site-packages/airflow/example_dags/example_latest_only.py took 0.025 seconds
[2025-03-06T16:29:39.867+0000] {processor.py:157} INFO - Started process (PID=36889) to work on /home/airflow/.local/lib/python3.8/site-packages/airflow/example_dags/example_latest_only.py
[2025-03-06T16:29:39.868+0000] {processor.py:829} INFO - Processing file /home/airflow/.local/lib/python3.8/site-packages/airflow/example_dags/example_latest_only.py for tasks to queue
[2025-03-06T16:29:39.868+0000] {logging_mixin.py:154} INFO - [2025-03-06T16:29:39.868+0000] {dagbag.py:536} INFO - Filling up the DagBag from /home/airflow/.local/lib/python3.8/site-packages/airflow/example_dags/example_latest_only.py
[2025-03-06T16:29:39.872+0000] {processor.py:839} INFO - DAG(s) dict_keys(['latest_only']) retrieved from /home/airflow/.local/lib/python3.8/site-packages/airflow/example_dags/example_latest_only.py
[2025-03-06T16:29:39.881+0000] {logging_mixin.py:154} INFO - [2025-03-06T16:29:39.881+0000] {dag.py:2941} INFO - Sync 1 DAGs
[2025-03-06T16:29:39.889+0000] {logging_mixin.py:154} INFO - [2025-03-06T16:29:39.889+0000] {dag.py:3722} INFO - Setting next_dagrun for latest_only to 2025-03-06T12:29:39.889712+00:00, run_after=2025-03-06T16:29:39.889712+00:00
[2025-03-06T16:29:39.898+0000] {processor.py:179} INFO - Processing /home/airflow/.local/lib/python3.8/site-packages/airflow/example_dags/example_latest_only.py took 0.032 seconds
[2025-03-06T16:30:10.312+0000] {processor.py:157} INFO - Started process (PID=36945) to work on /home/airflow/.local/lib/python3.8/site-packages/airflow/example_dags/example_latest_only.py
[2025-03-06T16:30:10.313+0000] {processor.py:829} INFO - Processing file /home/airflow/.local/lib/python3.8/site-packages/airflow/example_dags/example_latest_only.py for tasks to queue
[2025-03-06T16:30:10.314+0000] {logging_mixin.py:154} INFO - [2025-03-06T16:30:10.314+0000] {dagbag.py:536} INFO - Filling up the DagBag from /home/airflow/.local/lib/python3.8/site-packages/airflow/example_dags/example_latest_only.py
[2025-03-06T16:30:10.317+0000] {processor.py:839} INFO - DAG(s) dict_keys(['latest_only']) retrieved from /home/airflow/.local/lib/python3.8/site-packages/airflow/example_dags/example_latest_only.py
[2025-03-06T16:30:10.328+0000] {logging_mixin.py:154} INFO - [2025-03-06T16:30:10.328+0000] {dag.py:2941} INFO - Sync 1 DAGs
[2025-03-06T16:30:10.336+0000] {logging_mixin.py:154} INFO - [2025-03-06T16:30:10.336+0000] {dag.py:3722} INFO - Setting next_dagrun for latest_only to 2025-03-06T12:30:10.336184+00:00, run_after=2025-03-06T16:30:10.336184+00:00
[2025-03-06T16:30:10.342+0000] {processor.py:179} INFO - Processing /home/airflow/.local/lib/python3.8/site-packages/airflow/example_dags/example_latest_only.py took 0.032 seconds
[2025-03-06T16:30:40.819+0000] {processor.py:157} INFO - Started process (PID=37001) to work on /home/airflow/.local/lib/python3.8/site-packages/airflow/example_dags/example_latest_only.py
[2025-03-06T16:30:40.820+0000] {processor.py:829} INFO - Processing file /home/airflow/.local/lib/python3.8/site-packages/airflow/example_dags/example_latest_only.py for tasks to queue
[2025-03-06T16:30:40.820+0000] {logging_mixin.py:154} INFO - [2025-03-06T16:30:40.820+0000] {dagbag.py:536} INFO - Filling up the DagBag from /home/airflow/.local/lib/python3.8/site-packages/airflow/example_dags/example_latest_only.py
[2025-03-06T16:30:40.823+0000] {processor.py:839} INFO - DAG(s) dict_keys(['latest_only']) retrieved from /home/airflow/.local/lib/python3.8/site-packages/airflow/example_dags/example_latest_only.py
[2025-03-06T16:30:40.831+0000] {logging_mixin.py:154} INFO - [2025-03-06T16:30:40.831+0000] {dag.py:2941} INFO - Sync 1 DAGs
[2025-03-06T16:30:40.839+0000] {logging_mixin.py:154} INFO - [2025-03-06T16:30:40.839+0000] {dag.py:3722} INFO - Setting next_dagrun for latest_only to 2025-03-06T12:30:40.839649+00:00, run_after=2025-03-06T16:30:40.839649+00:00
[2025-03-06T16:30:40.847+0000] {processor.py:179} INFO - Processing /home/airflow/.local/lib/python3.8/site-packages/airflow/example_dags/example_latest_only.py took 0.029 seconds
[2025-03-06T16:31:11.289+0000] {processor.py:157} INFO - Started process (PID=37057) to work on /home/airflow/.local/lib/python3.8/site-packages/airflow/example_dags/example_latest_only.py
[2025-03-06T16:31:11.290+0000] {processor.py:829} INFO - Processing file /home/airflow/.local/lib/python3.8/site-packages/airflow/example_dags/example_latest_only.py for tasks to queue
[2025-03-06T16:31:11.290+0000] {logging_mixin.py:154} INFO - [2025-03-06T16:31:11.290+0000] {dagbag.py:536} INFO - Filling up the DagBag from /home/airflow/.local/lib/python3.8/site-packages/airflow/example_dags/example_latest_only.py
[2025-03-06T16:31:11.293+0000] {processor.py:839} INFO - DAG(s) dict_keys(['latest_only']) retrieved from /home/airflow/.local/lib/python3.8/site-packages/airflow/example_dags/example_latest_only.py
[2025-03-06T16:31:11.304+0000] {logging_mixin.py:154} INFO - [2025-03-06T16:31:11.304+0000] {dag.py:2941} INFO - Sync 1 DAGs
[2025-03-06T16:31:11.311+0000] {logging_mixin.py:154} INFO - [2025-03-06T16:31:11.311+0000] {dag.py:3722} INFO - Setting next_dagrun for latest_only to 2025-03-06T12:31:11.311810+00:00, run_after=2025-03-06T16:31:11.311810+00:00
[2025-03-06T16:31:11.321+0000] {processor.py:179} INFO - Processing /home/airflow/.local/lib/python3.8/site-packages/airflow/example_dags/example_latest_only.py took 0.033 seconds
[2025-03-06T16:31:41.724+0000] {processor.py:157} INFO - Started process (PID=37119) to work on /home/airflow/.local/lib/python3.8/site-packages/airflow/example_dags/example_latest_only.py
[2025-03-06T16:31:41.724+0000] {processor.py:829} INFO - Processing file /home/airflow/.local/lib/python3.8/site-packages/airflow/example_dags/example_latest_only.py for tasks to queue
[2025-03-06T16:31:41.725+0000] {logging_mixin.py:154} INFO - [2025-03-06T16:31:41.725+0000] {dagbag.py:536} INFO - Filling up the DagBag from /home/airflow/.local/lib/python3.8/site-packages/airflow/example_dags/example_latest_only.py
[2025-03-06T16:31:41.728+0000] {processor.py:839} INFO - DAG(s) dict_keys(['latest_only']) retrieved from /home/airflow/.local/lib/python3.8/site-packages/airflow/example_dags/example_latest_only.py
[2025-03-06T16:31:41.737+0000] {logging_mixin.py:154} INFO - [2025-03-06T16:31:41.737+0000] {dag.py:2941} INFO - Sync 1 DAGs
[2025-03-06T16:31:41.746+0000] {logging_mixin.py:154} INFO - [2025-03-06T16:31:41.746+0000] {dag.py:3722} INFO - Setting next_dagrun for latest_only to 2025-03-06T12:31:41.745881+00:00, run_after=2025-03-06T16:31:41.745881+00:00
[2025-03-06T16:31:41.756+0000] {processor.py:179} INFO - Processing /home/airflow/.local/lib/python3.8/site-packages/airflow/example_dags/example_latest_only.py took 0.034 seconds
[2025-03-06T16:32:12.396+0000] {processor.py:157} INFO - Started process (PID=37176) to work on /home/airflow/.local/lib/python3.8/site-packages/airflow/example_dags/example_latest_only.py
[2025-03-06T16:32:12.397+0000] {processor.py:829} INFO - Processing file /home/airflow/.local/lib/python3.8/site-packages/airflow/example_dags/example_latest_only.py for tasks to queue
[2025-03-06T16:32:12.398+0000] {logging_mixin.py:154} INFO - [2025-03-06T16:32:12.398+0000] {dagbag.py:536} INFO - Filling up the DagBag from /home/airflow/.local/lib/python3.8/site-packages/airflow/example_dags/example_latest_only.py
[2025-03-06T16:32:12.401+0000] {processor.py:839} INFO - DAG(s) dict_keys(['latest_only']) retrieved from /home/airflow/.local/lib/python3.8/site-packages/airflow/example_dags/example_latest_only.py
[2025-03-06T16:32:12.412+0000] {logging_mixin.py:154} INFO - [2025-03-06T16:32:12.412+0000] {dag.py:2941} INFO - Sync 1 DAGs
[2025-03-06T16:32:12.421+0000] {logging_mixin.py:154} INFO - [2025-03-06T16:32:12.421+0000] {dag.py:3722} INFO - Setting next_dagrun for latest_only to 2025-03-06T12:32:12.421203+00:00, run_after=2025-03-06T16:32:12.421203+00:00
[2025-03-06T16:32:12.429+0000] {processor.py:179} INFO - Processing /home/airflow/.local/lib/python3.8/site-packages/airflow/example_dags/example_latest_only.py took 0.034 seconds
[2025-03-06T17:36:38.248+0000] {processor.py:157} INFO - Started process (PID=37225) to work on /home/airflow/.local/lib/python3.8/site-packages/airflow/example_dags/example_latest_only.py
[2025-03-06T17:36:38.249+0000] {processor.py:829} INFO - Processing file /home/airflow/.local/lib/python3.8/site-packages/airflow/example_dags/example_latest_only.py for tasks to queue
[2025-03-06T17:36:38.250+0000] {logging_mixin.py:154} INFO - [2025-03-06T17:36:38.250+0000] {dagbag.py:536} INFO - Filling up the DagBag from /home/airflow/.local/lib/python3.8/site-packages/airflow/example_dags/example_latest_only.py
[2025-03-06T17:36:38.255+0000] {processor.py:839} INFO - DAG(s) dict_keys(['latest_only']) retrieved from /home/airflow/.local/lib/python3.8/site-packages/airflow/example_dags/example_latest_only.py
[2025-03-06T17:36:38.272+0000] {logging_mixin.py:154} INFO - [2025-03-06T17:36:38.271+0000] {dag.py:2941} INFO - Sync 1 DAGs
[2025-03-06T17:36:38.284+0000] {logging_mixin.py:154} INFO - [2025-03-06T17:36:38.284+0000] {dag.py:3722} INFO - Setting next_dagrun for latest_only to 2025-03-06T13:36:38.284084+00:00, run_after=2025-03-06T17:36:38.284084+00:00
[2025-03-06T17:36:38.297+0000] {processor.py:179} INFO - Processing /home/airflow/.local/lib/python3.8/site-packages/airflow/example_dags/example_latest_only.py took 0.051 seconds
[2025-03-06T18:32:00.093+0000] {processor.py:157} INFO - Started process (PID=37281) to work on /home/airflow/.local/lib/python3.8/site-packages/airflow/example_dags/example_latest_only.py
[2025-03-06T18:32:00.096+0000] {processor.py:829} INFO - Processing file /home/airflow/.local/lib/python3.8/site-packages/airflow/example_dags/example_latest_only.py for tasks to queue
[2025-03-06T18:32:00.097+0000] {logging_mixin.py:154} INFO - [2025-03-06T18:32:00.097+0000] {dagbag.py:536} INFO - Filling up the DagBag from /home/airflow/.local/lib/python3.8/site-packages/airflow/example_dags/example_latest_only.py
[2025-03-06T18:32:00.101+0000] {processor.py:839} INFO - DAG(s) dict_keys(['latest_only']) retrieved from /home/airflow/.local/lib/python3.8/site-packages/airflow/example_dags/example_latest_only.py
[2025-03-06T18:32:00.116+0000] {logging_mixin.py:154} INFO - [2025-03-06T18:32:00.115+0000] {dag.py:2941} INFO - Sync 1 DAGs
[2025-03-06T18:32:00.129+0000] {logging_mixin.py:154} INFO - [2025-03-06T18:32:00.128+0000] {dag.py:3722} INFO - Setting next_dagrun for latest_only to 2025-03-06T14:32:00.128792+00:00, run_after=2025-03-06T18:32:00.128792+00:00
[2025-03-06T18:32:00.139+0000] {processor.py:179} INFO - Processing /home/airflow/.local/lib/python3.8/site-packages/airflow/example_dags/example_latest_only.py took 0.049 seconds
[2025-03-06T19:13:27.343+0000] {processor.py:157} INFO - Started process (PID=37337) to work on /home/airflow/.local/lib/python3.8/site-packages/airflow/example_dags/example_latest_only.py
[2025-03-06T19:13:27.343+0000] {processor.py:829} INFO - Processing file /home/airflow/.local/lib/python3.8/site-packages/airflow/example_dags/example_latest_only.py for tasks to queue
[2025-03-06T19:13:27.344+0000] {logging_mixin.py:154} INFO - [2025-03-06T19:13:27.344+0000] {dagbag.py:536} INFO - Filling up the DagBag from /home/airflow/.local/lib/python3.8/site-packages/airflow/example_dags/example_latest_only.py
[2025-03-06T19:13:27.349+0000] {processor.py:839} INFO - DAG(s) dict_keys(['latest_only']) retrieved from /home/airflow/.local/lib/python3.8/site-packages/airflow/example_dags/example_latest_only.py
[2025-03-06T19:13:27.360+0000] {logging_mixin.py:154} INFO - [2025-03-06T19:13:27.360+0000] {dag.py:2941} INFO - Sync 1 DAGs
[2025-03-06T19:13:27.373+0000] {logging_mixin.py:154} INFO - [2025-03-06T19:13:27.373+0000] {dag.py:3722} INFO - Setting next_dagrun for latest_only to 2025-03-06T15:13:27.372755+00:00, run_after=2025-03-06T19:13:27.372755+00:00
[2025-03-06T19:13:27.383+0000] {processor.py:179} INFO - Processing /home/airflow/.local/lib/python3.8/site-packages/airflow/example_dags/example_latest_only.py took 0.041 seconds
[2025-03-06T19:32:52.436+0000] {processor.py:157} INFO - Started process (PID=37393) to work on /home/airflow/.local/lib/python3.8/site-packages/airflow/example_dags/example_latest_only.py
[2025-03-06T19:32:52.437+0000] {processor.py:829} INFO - Processing file /home/airflow/.local/lib/python3.8/site-packages/airflow/example_dags/example_latest_only.py for tasks to queue
[2025-03-06T19:32:52.437+0000] {logging_mixin.py:154} INFO - [2025-03-06T19:32:52.437+0000] {dagbag.py:536} INFO - Filling up the DagBag from /home/airflow/.local/lib/python3.8/site-packages/airflow/example_dags/example_latest_only.py
[2025-03-06T19:32:52.442+0000] {processor.py:839} INFO - DAG(s) dict_keys(['latest_only']) retrieved from /home/airflow/.local/lib/python3.8/site-packages/airflow/example_dags/example_latest_only.py
[2025-03-06T19:32:52.456+0000] {logging_mixin.py:154} INFO - [2025-03-06T19:32:52.456+0000] {dag.py:2941} INFO - Sync 1 DAGs
[2025-03-06T19:32:52.469+0000] {logging_mixin.py:154} INFO - [2025-03-06T19:32:52.469+0000] {dag.py:3722} INFO - Setting next_dagrun for latest_only to 2025-03-06T15:32:52.469151+00:00, run_after=2025-03-06T19:32:52.469151+00:00
[2025-03-06T19:32:52.480+0000] {processor.py:179} INFO - Processing /home/airflow/.local/lib/python3.8/site-packages/airflow/example_dags/example_latest_only.py took 0.046 seconds
[2025-03-06T19:33:23.132+0000] {processor.py:157} INFO - Started process (PID=37449) to work on /home/airflow/.local/lib/python3.8/site-packages/airflow/example_dags/example_latest_only.py
[2025-03-06T19:33:23.134+0000] {processor.py:829} INFO - Processing file /home/airflow/.local/lib/python3.8/site-packages/airflow/example_dags/example_latest_only.py for tasks to queue
[2025-03-06T19:33:23.134+0000] {logging_mixin.py:154} INFO - [2025-03-06T19:33:23.134+0000] {dagbag.py:536} INFO - Filling up the DagBag from /home/airflow/.local/lib/python3.8/site-packages/airflow/example_dags/example_latest_only.py
[2025-03-06T19:33:23.137+0000] {processor.py:839} INFO - DAG(s) dict_keys(['latest_only']) retrieved from /home/airflow/.local/lib/python3.8/site-packages/airflow/example_dags/example_latest_only.py
[2025-03-06T19:33:23.149+0000] {logging_mixin.py:154} INFO - [2025-03-06T19:33:23.148+0000] {dag.py:2941} INFO - Sync 1 DAGs
[2025-03-06T19:33:23.158+0000] {logging_mixin.py:154} INFO - [2025-03-06T19:33:23.158+0000] {dag.py:3722} INFO - Setting next_dagrun for latest_only to 2025-03-06T15:33:23.157746+00:00, run_after=2025-03-06T19:33:23.157746+00:00
[2025-03-06T19:33:23.168+0000] {processor.py:179} INFO - Processing /home/airflow/.local/lib/python3.8/site-packages/airflow/example_dags/example_latest_only.py took 0.037 seconds
[2025-03-06T19:33:53.585+0000] {processor.py:157} INFO - Started process (PID=37505) to work on /home/airflow/.local/lib/python3.8/site-packages/airflow/example_dags/example_latest_only.py
[2025-03-06T19:33:53.585+0000] {processor.py:829} INFO - Processing file /home/airflow/.local/lib/python3.8/site-packages/airflow/example_dags/example_latest_only.py for tasks to queue
[2025-03-06T19:33:53.586+0000] {logging_mixin.py:154} INFO - [2025-03-06T19:33:53.586+0000] {dagbag.py:536} INFO - Filling up the DagBag from /home/airflow/.local/lib/python3.8/site-packages/airflow/example_dags/example_latest_only.py
[2025-03-06T19:33:53.588+0000] {processor.py:839} INFO - DAG(s) dict_keys(['latest_only']) retrieved from /home/airflow/.local/lib/python3.8/site-packages/airflow/example_dags/example_latest_only.py
[2025-03-06T19:33:53.598+0000] {logging_mixin.py:154} INFO - [2025-03-06T19:33:53.598+0000] {dag.py:2941} INFO - Sync 1 DAGs
[2025-03-06T19:33:53.608+0000] {logging_mixin.py:154} INFO - [2025-03-06T19:33:53.608+0000] {dag.py:3722} INFO - Setting next_dagrun for latest_only to 2025-03-06T15:33:53.608597+00:00, run_after=2025-03-06T19:33:53.608597+00:00
[2025-03-06T19:33:53.617+0000] {processor.py:179} INFO - Processing /home/airflow/.local/lib/python3.8/site-packages/airflow/example_dags/example_latest_only.py took 0.033 seconds
[2025-03-06T19:34:24.080+0000] {processor.py:157} INFO - Started process (PID=37561) to work on /home/airflow/.local/lib/python3.8/site-packages/airflow/example_dags/example_latest_only.py
[2025-03-06T19:34:24.080+0000] {processor.py:829} INFO - Processing file /home/airflow/.local/lib/python3.8/site-packages/airflow/example_dags/example_latest_only.py for tasks to queue
[2025-03-06T19:34:24.081+0000] {logging_mixin.py:154} INFO - [2025-03-06T19:34:24.081+0000] {dagbag.py:536} INFO - Filling up the DagBag from /home/airflow/.local/lib/python3.8/site-packages/airflow/example_dags/example_latest_only.py
[2025-03-06T19:34:24.083+0000] {processor.py:839} INFO - DAG(s) dict_keys(['latest_only']) retrieved from /home/airflow/.local/lib/python3.8/site-packages/airflow/example_dags/example_latest_only.py
[2025-03-06T19:34:24.093+0000] {logging_mixin.py:154} INFO - [2025-03-06T19:34:24.093+0000] {dag.py:2941} INFO - Sync 1 DAGs
[2025-03-06T19:34:24.101+0000] {logging_mixin.py:154} INFO - [2025-03-06T19:34:24.101+0000] {dag.py:3722} INFO - Setting next_dagrun for latest_only to 2025-03-06T15:34:24.101312+00:00, run_after=2025-03-06T19:34:24.101312+00:00
[2025-03-06T19:34:24.110+0000] {processor.py:179} INFO - Processing /home/airflow/.local/lib/python3.8/site-packages/airflow/example_dags/example_latest_only.py took 0.032 seconds
[2025-03-06T19:34:54.699+0000] {processor.py:157} INFO - Started process (PID=37617) to work on /home/airflow/.local/lib/python3.8/site-packages/airflow/example_dags/example_latest_only.py
[2025-03-06T19:34:54.701+0000] {processor.py:829} INFO - Processing file /home/airflow/.local/lib/python3.8/site-packages/airflow/example_dags/example_latest_only.py for tasks to queue
[2025-03-06T19:34:54.701+0000] {logging_mixin.py:154} INFO - [2025-03-06T19:34:54.701+0000] {dagbag.py:536} INFO - Filling up the DagBag from /home/airflow/.local/lib/python3.8/site-packages/airflow/example_dags/example_latest_only.py
[2025-03-06T19:34:54.704+0000] {processor.py:839} INFO - DAG(s) dict_keys(['latest_only']) retrieved from /home/airflow/.local/lib/python3.8/site-packages/airflow/example_dags/example_latest_only.py
[2025-03-06T19:34:54.712+0000] {logging_mixin.py:154} INFO - [2025-03-06T19:34:54.712+0000] {dag.py:2941} INFO - Sync 1 DAGs
[2025-03-06T19:34:54.721+0000] {logging_mixin.py:154} INFO - [2025-03-06T19:34:54.721+0000] {dag.py:3722} INFO - Setting next_dagrun for latest_only to 2025-03-06T15:34:54.721428+00:00, run_after=2025-03-06T19:34:54.721428+00:00
[2025-03-06T19:34:54.732+0000] {processor.py:179} INFO - Processing /home/airflow/.local/lib/python3.8/site-packages/airflow/example_dags/example_latest_only.py took 0.035 seconds
[2025-03-06T19:35:25.214+0000] {processor.py:157} INFO - Started process (PID=37673) to work on /home/airflow/.local/lib/python3.8/site-packages/airflow/example_dags/example_latest_only.py
[2025-03-06T19:35:25.215+0000] {processor.py:829} INFO - Processing file /home/airflow/.local/lib/python3.8/site-packages/airflow/example_dags/example_latest_only.py for tasks to queue
[2025-03-06T19:35:25.215+0000] {logging_mixin.py:154} INFO - [2025-03-06T19:35:25.215+0000] {dagbag.py:536} INFO - Filling up the DagBag from /home/airflow/.local/lib/python3.8/site-packages/airflow/example_dags/example_latest_only.py
[2025-03-06T19:35:25.219+0000] {processor.py:839} INFO - DAG(s) dict_keys(['latest_only']) retrieved from /home/airflow/.local/lib/python3.8/site-packages/airflow/example_dags/example_latest_only.py
[2025-03-06T19:35:25.228+0000] {logging_mixin.py:154} INFO - [2025-03-06T19:35:25.228+0000] {dag.py:2941} INFO - Sync 1 DAGs
[2025-03-06T19:35:25.236+0000] {logging_mixin.py:154} INFO - [2025-03-06T19:35:25.236+0000] {dag.py:3722} INFO - Setting next_dagrun for latest_only to 2025-03-06T15:35:25.236460+00:00, run_after=2025-03-06T19:35:25.236460+00:00
[2025-03-06T19:35:25.242+0000] {processor.py:179} INFO - Processing /home/airflow/.local/lib/python3.8/site-packages/airflow/example_dags/example_latest_only.py took 0.030 seconds
[2025-03-06T19:35:55.766+0000] {processor.py:157} INFO - Started process (PID=37729) to work on /home/airflow/.local/lib/python3.8/site-packages/airflow/example_dags/example_latest_only.py
[2025-03-06T19:35:55.766+0000] {processor.py:829} INFO - Processing file /home/airflow/.local/lib/python3.8/site-packages/airflow/example_dags/example_latest_only.py for tasks to queue
[2025-03-06T19:35:55.766+0000] {logging_mixin.py:154} INFO - [2025-03-06T19:35:55.766+0000] {dagbag.py:536} INFO - Filling up the DagBag from /home/airflow/.local/lib/python3.8/site-packages/airflow/example_dags/example_latest_only.py
[2025-03-06T19:35:55.769+0000] {processor.py:839} INFO - DAG(s) dict_keys(['latest_only']) retrieved from /home/airflow/.local/lib/python3.8/site-packages/airflow/example_dags/example_latest_only.py
[2025-03-06T19:35:55.779+0000] {logging_mixin.py:154} INFO - [2025-03-06T19:35:55.779+0000] {dag.py:2941} INFO - Sync 1 DAGs
[2025-03-06T19:35:55.787+0000] {logging_mixin.py:154} INFO - [2025-03-06T19:35:55.787+0000] {dag.py:3722} INFO - Setting next_dagrun for latest_only to 2025-03-06T15:35:55.787345+00:00, run_after=2025-03-06T19:35:55.787345+00:00
[2025-03-06T19:35:55.796+0000] {processor.py:179} INFO - Processing /home/airflow/.local/lib/python3.8/site-packages/airflow/example_dags/example_latest_only.py took 0.032 seconds
[2025-03-06T19:36:26.297+0000] {processor.py:157} INFO - Started process (PID=37785) to work on /home/airflow/.local/lib/python3.8/site-packages/airflow/example_dags/example_latest_only.py
[2025-03-06T19:36:26.298+0000] {processor.py:829} INFO - Processing file /home/airflow/.local/lib/python3.8/site-packages/airflow/example_dags/example_latest_only.py for tasks to queue
[2025-03-06T19:36:26.299+0000] {logging_mixin.py:154} INFO - [2025-03-06T19:36:26.299+0000] {dagbag.py:536} INFO - Filling up the DagBag from /home/airflow/.local/lib/python3.8/site-packages/airflow/example_dags/example_latest_only.py
[2025-03-06T19:36:26.302+0000] {processor.py:839} INFO - DAG(s) dict_keys(['latest_only']) retrieved from /home/airflow/.local/lib/python3.8/site-packages/airflow/example_dags/example_latest_only.py
[2025-03-06T19:36:26.312+0000] {logging_mixin.py:154} INFO - [2025-03-06T19:36:26.312+0000] {dag.py:2941} INFO - Sync 1 DAGs
[2025-03-06T19:36:26.322+0000] {logging_mixin.py:154} INFO - [2025-03-06T19:36:26.322+0000] {dag.py:3722} INFO - Setting next_dagrun for latest_only to 2025-03-06T15:36:26.321942+00:00, run_after=2025-03-06T19:36:26.321942+00:00
[2025-03-06T19:36:26.329+0000] {processor.py:179} INFO - Processing /home/airflow/.local/lib/python3.8/site-packages/airflow/example_dags/example_latest_only.py took 0.033 seconds
[2025-03-06T19:36:56.864+0000] {processor.py:157} INFO - Started process (PID=37841) to work on /home/airflow/.local/lib/python3.8/site-packages/airflow/example_dags/example_latest_only.py
[2025-03-06T19:36:56.865+0000] {processor.py:829} INFO - Processing file /home/airflow/.local/lib/python3.8/site-packages/airflow/example_dags/example_latest_only.py for tasks to queue
[2025-03-06T19:36:56.865+0000] {logging_mixin.py:154} INFO - [2025-03-06T19:36:56.865+0000] {dagbag.py:536} INFO - Filling up the DagBag from /home/airflow/.local/lib/python3.8/site-packages/airflow/example_dags/example_latest_only.py
[2025-03-06T19:36:56.868+0000] {processor.py:839} INFO - DAG(s) dict_keys(['latest_only']) retrieved from /home/airflow/.local/lib/python3.8/site-packages/airflow/example_dags/example_latest_only.py
[2025-03-06T19:36:56.880+0000] {logging_mixin.py:154} INFO - [2025-03-06T19:36:56.880+0000] {dag.py:2941} INFO - Sync 1 DAGs
[2025-03-06T19:36:56.889+0000] {logging_mixin.py:154} INFO - [2025-03-06T19:36:56.888+0000] {dag.py:3722} INFO - Setting next_dagrun for latest_only to 2025-03-06T15:36:56.888864+00:00, run_after=2025-03-06T19:36:56.888864+00:00
[2025-03-06T19:36:56.899+0000] {processor.py:179} INFO - Processing /home/airflow/.local/lib/python3.8/site-packages/airflow/example_dags/example_latest_only.py took 0.037 seconds
[2025-03-06T19:37:27.366+0000] {processor.py:157} INFO - Started process (PID=37897) to work on /home/airflow/.local/lib/python3.8/site-packages/airflow/example_dags/example_latest_only.py
[2025-03-06T19:37:27.366+0000] {processor.py:829} INFO - Processing file /home/airflow/.local/lib/python3.8/site-packages/airflow/example_dags/example_latest_only.py for tasks to queue
[2025-03-06T19:37:27.368+0000] {logging_mixin.py:154} INFO - [2025-03-06T19:37:27.368+0000] {dagbag.py:536} INFO - Filling up the DagBag from /home/airflow/.local/lib/python3.8/site-packages/airflow/example_dags/example_latest_only.py
[2025-03-06T19:37:27.371+0000] {processor.py:839} INFO - DAG(s) dict_keys(['latest_only']) retrieved from /home/airflow/.local/lib/python3.8/site-packages/airflow/example_dags/example_latest_only.py
[2025-03-06T19:37:27.381+0000] {logging_mixin.py:154} INFO - [2025-03-06T19:37:27.381+0000] {dag.py:2941} INFO - Sync 1 DAGs
[2025-03-06T19:37:27.391+0000] {logging_mixin.py:154} INFO - [2025-03-06T19:37:27.391+0000] {dag.py:3722} INFO - Setting next_dagrun for latest_only to 2025-03-06T15:37:27.391060+00:00, run_after=2025-03-06T19:37:27.391060+00:00
[2025-03-06T19:37:27.400+0000] {processor.py:179} INFO - Processing /home/airflow/.local/lib/python3.8/site-packages/airflow/example_dags/example_latest_only.py took 0.036 seconds
[2025-03-06T19:37:57.946+0000] {processor.py:157} INFO - Started process (PID=37953) to work on /home/airflow/.local/lib/python3.8/site-packages/airflow/example_dags/example_latest_only.py
[2025-03-06T19:37:57.947+0000] {processor.py:829} INFO - Processing file /home/airflow/.local/lib/python3.8/site-packages/airflow/example_dags/example_latest_only.py for tasks to queue
[2025-03-06T19:37:57.948+0000] {logging_mixin.py:154} INFO - [2025-03-06T19:37:57.948+0000] {dagbag.py:536} INFO - Filling up the DagBag from /home/airflow/.local/lib/python3.8/site-packages/airflow/example_dags/example_latest_only.py
[2025-03-06T19:37:57.952+0000] {processor.py:839} INFO - DAG(s) dict_keys(['latest_only']) retrieved from /home/airflow/.local/lib/python3.8/site-packages/airflow/example_dags/example_latest_only.py
[2025-03-06T19:37:57.960+0000] {logging_mixin.py:154} INFO - [2025-03-06T19:37:57.960+0000] {dag.py:2941} INFO - Sync 1 DAGs
[2025-03-06T19:37:57.969+0000] {logging_mixin.py:154} INFO - [2025-03-06T19:37:57.968+0000] {dag.py:3722} INFO - Setting next_dagrun for latest_only to 2025-03-06T15:37:57.968825+00:00, run_after=2025-03-06T19:37:57.968825+00:00
[2025-03-06T19:37:57.978+0000] {processor.py:179} INFO - Processing /home/airflow/.local/lib/python3.8/site-packages/airflow/example_dags/example_latest_only.py took 0.033 seconds
[2025-03-06T19:38:28.448+0000] {processor.py:157} INFO - Started process (PID=38009) to work on /home/airflow/.local/lib/python3.8/site-packages/airflow/example_dags/example_latest_only.py
[2025-03-06T19:38:28.449+0000] {processor.py:829} INFO - Processing file /home/airflow/.local/lib/python3.8/site-packages/airflow/example_dags/example_latest_only.py for tasks to queue
[2025-03-06T19:38:28.450+0000] {logging_mixin.py:154} INFO - [2025-03-06T19:38:28.450+0000] {dagbag.py:536} INFO - Filling up the DagBag from /home/airflow/.local/lib/python3.8/site-packages/airflow/example_dags/example_latest_only.py
[2025-03-06T19:38:28.454+0000] {processor.py:839} INFO - DAG(s) dict_keys(['latest_only']) retrieved from /home/airflow/.local/lib/python3.8/site-packages/airflow/example_dags/example_latest_only.py
[2025-03-06T19:38:28.464+0000] {logging_mixin.py:154} INFO - [2025-03-06T19:38:28.463+0000] {dag.py:2941} INFO - Sync 1 DAGs
[2025-03-06T19:38:28.474+0000] {logging_mixin.py:154} INFO - [2025-03-06T19:38:28.474+0000] {dag.py:3722} INFO - Setting next_dagrun for latest_only to 2025-03-06T15:38:28.474601+00:00, run_after=2025-03-06T19:38:28.474601+00:00
[2025-03-06T19:38:28.480+0000] {processor.py:179} INFO - Processing /home/airflow/.local/lib/python3.8/site-packages/airflow/example_dags/example_latest_only.py took 0.033 seconds
[2025-03-06T19:38:58.946+0000] {processor.py:157} INFO - Started process (PID=38065) to work on /home/airflow/.local/lib/python3.8/site-packages/airflow/example_dags/example_latest_only.py
[2025-03-06T19:38:58.947+0000] {processor.py:829} INFO - Processing file /home/airflow/.local/lib/python3.8/site-packages/airflow/example_dags/example_latest_only.py for tasks to queue
[2025-03-06T19:38:58.948+0000] {logging_mixin.py:154} INFO - [2025-03-06T19:38:58.948+0000] {dagbag.py:536} INFO - Filling up the DagBag from /home/airflow/.local/lib/python3.8/site-packages/airflow/example_dags/example_latest_only.py
[2025-03-06T19:38:58.951+0000] {processor.py:839} INFO - DAG(s) dict_keys(['latest_only']) retrieved from /home/airflow/.local/lib/python3.8/site-packages/airflow/example_dags/example_latest_only.py
[2025-03-06T19:38:58.960+0000] {logging_mixin.py:154} INFO - [2025-03-06T19:38:58.960+0000] {dag.py:2941} INFO - Sync 1 DAGs
[2025-03-06T19:38:58.968+0000] {logging_mixin.py:154} INFO - [2025-03-06T19:38:58.968+0000] {dag.py:3722} INFO - Setting next_dagrun for latest_only to 2025-03-06T15:38:58.968037+00:00, run_after=2025-03-06T19:38:58.968037+00:00
[2025-03-06T19:38:58.977+0000] {processor.py:179} INFO - Processing /home/airflow/.local/lib/python3.8/site-packages/airflow/example_dags/example_latest_only.py took 0.033 seconds
[2025-03-06T19:39:29.490+0000] {processor.py:157} INFO - Started process (PID=38121) to work on /home/airflow/.local/lib/python3.8/site-packages/airflow/example_dags/example_latest_only.py
[2025-03-06T19:39:29.490+0000] {processor.py:829} INFO - Processing file /home/airflow/.local/lib/python3.8/site-packages/airflow/example_dags/example_latest_only.py for tasks to queue
[2025-03-06T19:39:29.491+0000] {logging_mixin.py:154} INFO - [2025-03-06T19:39:29.490+0000] {dagbag.py:536} INFO - Filling up the DagBag from /home/airflow/.local/lib/python3.8/site-packages/airflow/example_dags/example_latest_only.py
[2025-03-06T19:39:29.494+0000] {processor.py:839} INFO - DAG(s) dict_keys(['latest_only']) retrieved from /home/airflow/.local/lib/python3.8/site-packages/airflow/example_dags/example_latest_only.py
[2025-03-06T19:39:29.502+0000] {logging_mixin.py:154} INFO - [2025-03-06T19:39:29.502+0000] {dag.py:2941} INFO - Sync 1 DAGs
[2025-03-06T19:39:29.510+0000] {logging_mixin.py:154} INFO - [2025-03-06T19:39:29.510+0000] {dag.py:3722} INFO - Setting next_dagrun for latest_only to 2025-03-06T15:39:29.510770+00:00, run_after=2025-03-06T19:39:29.510770+00:00
[2025-03-06T19:39:29.520+0000] {processor.py:179} INFO - Processing /home/airflow/.local/lib/python3.8/site-packages/airflow/example_dags/example_latest_only.py took 0.031 seconds
[2025-03-06T19:40:00.106+0000] {processor.py:157} INFO - Started process (PID=38177) to work on /home/airflow/.local/lib/python3.8/site-packages/airflow/example_dags/example_latest_only.py
[2025-03-06T19:40:00.107+0000] {processor.py:829} INFO - Processing file /home/airflow/.local/lib/python3.8/site-packages/airflow/example_dags/example_latest_only.py for tasks to queue
[2025-03-06T19:40:00.107+0000] {logging_mixin.py:154} INFO - [2025-03-06T19:40:00.107+0000] {dagbag.py:536} INFO - Filling up the DagBag from /home/airflow/.local/lib/python3.8/site-packages/airflow/example_dags/example_latest_only.py
[2025-03-06T19:40:00.110+0000] {processor.py:839} INFO - DAG(s) dict_keys(['latest_only']) retrieved from /home/airflow/.local/lib/python3.8/site-packages/airflow/example_dags/example_latest_only.py
[2025-03-06T19:40:00.119+0000] {logging_mixin.py:154} INFO - [2025-03-06T19:40:00.119+0000] {dag.py:2941} INFO - Sync 1 DAGs
[2025-03-06T19:40:00.128+0000] {logging_mixin.py:154} INFO - [2025-03-06T19:40:00.128+0000] {dag.py:3722} INFO - Setting next_dagrun for latest_only to 2025-03-06T15:40:00.128008+00:00, run_after=2025-03-06T19:40:00.128008+00:00
[2025-03-06T19:40:00.135+0000] {processor.py:179} INFO - Processing /home/airflow/.local/lib/python3.8/site-packages/airflow/example_dags/example_latest_only.py took 0.030 seconds
[2025-03-06T19:40:30.676+0000] {processor.py:157} INFO - Started process (PID=38233) to work on /home/airflow/.local/lib/python3.8/site-packages/airflow/example_dags/example_latest_only.py
[2025-03-06T19:40:30.676+0000] {processor.py:829} INFO - Processing file /home/airflow/.local/lib/python3.8/site-packages/airflow/example_dags/example_latest_only.py for tasks to queue
[2025-03-06T19:40:30.677+0000] {logging_mixin.py:154} INFO - [2025-03-06T19:40:30.676+0000] {dagbag.py:536} INFO - Filling up the DagBag from /home/airflow/.local/lib/python3.8/site-packages/airflow/example_dags/example_latest_only.py
[2025-03-06T19:40:30.681+0000] {processor.py:839} INFO - DAG(s) dict_keys(['latest_only']) retrieved from /home/airflow/.local/lib/python3.8/site-packages/airflow/example_dags/example_latest_only.py
[2025-03-06T19:40:30.692+0000] {logging_mixin.py:154} INFO - [2025-03-06T19:40:30.692+0000] {dag.py:2941} INFO - Sync 1 DAGs
[2025-03-06T19:40:30.700+0000] {logging_mixin.py:154} INFO - [2025-03-06T19:40:30.700+0000] {dag.py:3722} INFO - Setting next_dagrun for latest_only to 2025-03-06T15:40:30.700380+00:00, run_after=2025-03-06T19:40:30.700380+00:00
[2025-03-06T19:40:30.707+0000] {processor.py:179} INFO - Processing /home/airflow/.local/lib/python3.8/site-packages/airflow/example_dags/example_latest_only.py took 0.033 seconds
[2025-03-06T19:41:01.297+0000] {processor.py:157} INFO - Started process (PID=38289) to work on /home/airflow/.local/lib/python3.8/site-packages/airflow/example_dags/example_latest_only.py
[2025-03-06T19:41:01.298+0000] {processor.py:829} INFO - Processing file /home/airflow/.local/lib/python3.8/site-packages/airflow/example_dags/example_latest_only.py for tasks to queue
[2025-03-06T19:41:01.298+0000] {logging_mixin.py:154} INFO - [2025-03-06T19:41:01.298+0000] {dagbag.py:536} INFO - Filling up the DagBag from /home/airflow/.local/lib/python3.8/site-packages/airflow/example_dags/example_latest_only.py
[2025-03-06T19:41:01.301+0000] {processor.py:839} INFO - DAG(s) dict_keys(['latest_only']) retrieved from /home/airflow/.local/lib/python3.8/site-packages/airflow/example_dags/example_latest_only.py
[2025-03-06T19:41:01.313+0000] {logging_mixin.py:154} INFO - [2025-03-06T19:41:01.312+0000] {dag.py:2941} INFO - Sync 1 DAGs
[2025-03-06T19:41:01.321+0000] {logging_mixin.py:154} INFO - [2025-03-06T19:41:01.321+0000] {dag.py:3722} INFO - Setting next_dagrun for latest_only to 2025-03-06T15:41:01.321714+00:00, run_after=2025-03-06T19:41:01.321714+00:00
[2025-03-06T19:41:01.331+0000] {processor.py:179} INFO - Processing /home/airflow/.local/lib/python3.8/site-packages/airflow/example_dags/example_latest_only.py took 0.035 seconds
[2025-03-06T19:41:31.855+0000] {processor.py:157} INFO - Started process (PID=38345) to work on /home/airflow/.local/lib/python3.8/site-packages/airflow/example_dags/example_latest_only.py
[2025-03-06T19:41:31.856+0000] {processor.py:829} INFO - Processing file /home/airflow/.local/lib/python3.8/site-packages/airflow/example_dags/example_latest_only.py for tasks to queue
[2025-03-06T19:41:31.856+0000] {logging_mixin.py:154} INFO - [2025-03-06T19:41:31.856+0000] {dagbag.py:536} INFO - Filling up the DagBag from /home/airflow/.local/lib/python3.8/site-packages/airflow/example_dags/example_latest_only.py
[2025-03-06T19:41:31.860+0000] {processor.py:839} INFO - DAG(s) dict_keys(['latest_only']) retrieved from /home/airflow/.local/lib/python3.8/site-packages/airflow/example_dags/example_latest_only.py
[2025-03-06T19:41:31.869+0000] {logging_mixin.py:154} INFO - [2025-03-06T19:41:31.869+0000] {dag.py:2941} INFO - Sync 1 DAGs
[2025-03-06T19:41:31.877+0000] {logging_mixin.py:154} INFO - [2025-03-06T19:41:31.877+0000] {dag.py:3722} INFO - Setting next_dagrun for latest_only to 2025-03-06T15:41:31.877481+00:00, run_after=2025-03-06T19:41:31.877481+00:00
[2025-03-06T19:41:31.886+0000] {processor.py:179} INFO - Processing /home/airflow/.local/lib/python3.8/site-packages/airflow/example_dags/example_latest_only.py took 0.033 seconds
[2025-03-06T19:42:02.694+0000] {processor.py:157} INFO - Started process (PID=38401) to work on /home/airflow/.local/lib/python3.8/site-packages/airflow/example_dags/example_latest_only.py
[2025-03-06T19:42:02.694+0000] {processor.py:829} INFO - Processing file /home/airflow/.local/lib/python3.8/site-packages/airflow/example_dags/example_latest_only.py for tasks to queue
[2025-03-06T19:42:02.694+0000] {logging_mixin.py:154} INFO - [2025-03-06T19:42:02.694+0000] {dagbag.py:536} INFO - Filling up the DagBag from /home/airflow/.local/lib/python3.8/site-packages/airflow/example_dags/example_latest_only.py
[2025-03-06T19:42:02.697+0000] {processor.py:839} INFO - DAG(s) dict_keys(['latest_only']) retrieved from /home/airflow/.local/lib/python3.8/site-packages/airflow/example_dags/example_latest_only.py
[2025-03-06T19:42:02.709+0000] {logging_mixin.py:154} INFO - [2025-03-06T19:42:02.709+0000] {dag.py:2941} INFO - Sync 1 DAGs
[2025-03-06T19:42:02.718+0000] {logging_mixin.py:154} INFO - [2025-03-06T19:42:02.717+0000] {dag.py:3722} INFO - Setting next_dagrun for latest_only to 2025-03-06T15:42:02.717862+00:00, run_after=2025-03-06T19:42:02.717862+00:00
[2025-03-06T19:42:02.726+0000] {processor.py:179} INFO - Processing /home/airflow/.local/lib/python3.8/site-packages/airflow/example_dags/example_latest_only.py took 0.034 seconds
[2025-03-06T19:42:33.738+0000] {processor.py:157} INFO - Started process (PID=38457) to work on /home/airflow/.local/lib/python3.8/site-packages/airflow/example_dags/example_latest_only.py
[2025-03-06T19:42:33.738+0000] {processor.py:829} INFO - Processing file /home/airflow/.local/lib/python3.8/site-packages/airflow/example_dags/example_latest_only.py for tasks to queue
[2025-03-06T19:42:33.738+0000] {logging_mixin.py:154} INFO - [2025-03-06T19:42:33.738+0000] {dagbag.py:536} INFO - Filling up the DagBag from /home/airflow/.local/lib/python3.8/site-packages/airflow/example_dags/example_latest_only.py
[2025-03-06T19:42:33.742+0000] {processor.py:839} INFO - DAG(s) dict_keys(['latest_only']) retrieved from /home/airflow/.local/lib/python3.8/site-packages/airflow/example_dags/example_latest_only.py
[2025-03-06T19:42:33.751+0000] {logging_mixin.py:154} INFO - [2025-03-06T19:42:33.751+0000] {dag.py:2941} INFO - Sync 1 DAGs
[2025-03-06T19:42:33.760+0000] {logging_mixin.py:154} INFO - [2025-03-06T19:42:33.760+0000] {dag.py:3722} INFO - Setting next_dagrun for latest_only to 2025-03-06T15:42:33.760164+00:00, run_after=2025-03-06T19:42:33.760164+00:00
[2025-03-06T19:42:33.865+0000] {processor.py:179} INFO - Processing /home/airflow/.local/lib/python3.8/site-packages/airflow/example_dags/example_latest_only.py took 0.129 seconds
[2025-03-06T19:43:03.942+0000] {processor.py:157} INFO - Started process (PID=38513) to work on /home/airflow/.local/lib/python3.8/site-packages/airflow/example_dags/example_latest_only.py
[2025-03-06T19:43:03.943+0000] {processor.py:829} INFO - Processing file /home/airflow/.local/lib/python3.8/site-packages/airflow/example_dags/example_latest_only.py for tasks to queue
[2025-03-06T19:43:03.943+0000] {logging_mixin.py:154} INFO - [2025-03-06T19:43:03.943+0000] {dagbag.py:536} INFO - Filling up the DagBag from /home/airflow/.local/lib/python3.8/site-packages/airflow/example_dags/example_latest_only.py
[2025-03-06T19:43:03.946+0000] {processor.py:839} INFO - DAG(s) dict_keys(['latest_only']) retrieved from /home/airflow/.local/lib/python3.8/site-packages/airflow/example_dags/example_latest_only.py
[2025-03-06T19:43:03.955+0000] {logging_mixin.py:154} INFO - [2025-03-06T19:43:03.955+0000] {dag.py:2941} INFO - Sync 1 DAGs
[2025-03-06T19:43:03.964+0000] {logging_mixin.py:154} INFO - [2025-03-06T19:43:03.964+0000] {dag.py:3722} INFO - Setting next_dagrun for latest_only to 2025-03-06T15:43:03.964714+00:00, run_after=2025-03-06T19:43:03.964714+00:00
[2025-03-06T19:43:03.974+0000] {processor.py:179} INFO - Processing /home/airflow/.local/lib/python3.8/site-packages/airflow/example_dags/example_latest_only.py took 0.033 seconds
[2025-03-06T19:43:34.809+0000] {processor.py:157} INFO - Started process (PID=38569) to work on /home/airflow/.local/lib/python3.8/site-packages/airflow/example_dags/example_latest_only.py
[2025-03-06T19:43:34.809+0000] {processor.py:829} INFO - Processing file /home/airflow/.local/lib/python3.8/site-packages/airflow/example_dags/example_latest_only.py for tasks to queue
[2025-03-06T19:43:34.810+0000] {logging_mixin.py:154} INFO - [2025-03-06T19:43:34.809+0000] {dagbag.py:536} INFO - Filling up the DagBag from /home/airflow/.local/lib/python3.8/site-packages/airflow/example_dags/example_latest_only.py
[2025-03-06T19:43:34.812+0000] {processor.py:839} INFO - DAG(s) dict_keys(['latest_only']) retrieved from /home/airflow/.local/lib/python3.8/site-packages/airflow/example_dags/example_latest_only.py
[2025-03-06T19:43:34.821+0000] {logging_mixin.py:154} INFO - [2025-03-06T19:43:34.821+0000] {dag.py:2941} INFO - Sync 1 DAGs
[2025-03-06T19:43:34.830+0000] {logging_mixin.py:154} INFO - [2025-03-06T19:43:34.830+0000] {dag.py:3722} INFO - Setting next_dagrun for latest_only to 2025-03-06T15:43:34.830289+00:00, run_after=2025-03-06T19:43:34.830289+00:00
[2025-03-06T19:43:34.837+0000] {processor.py:179} INFO - Processing /home/airflow/.local/lib/python3.8/site-packages/airflow/example_dags/example_latest_only.py took 0.029 seconds
[2025-03-06T19:44:05.673+0000] {processor.py:157} INFO - Started process (PID=38625) to work on /home/airflow/.local/lib/python3.8/site-packages/airflow/example_dags/example_latest_only.py
[2025-03-06T19:44:05.673+0000] {processor.py:829} INFO - Processing file /home/airflow/.local/lib/python3.8/site-packages/airflow/example_dags/example_latest_only.py for tasks to queue
[2025-03-06T19:44:05.674+0000] {logging_mixin.py:154} INFO - [2025-03-06T19:44:05.674+0000] {dagbag.py:536} INFO - Filling up the DagBag from /home/airflow/.local/lib/python3.8/site-packages/airflow/example_dags/example_latest_only.py
[2025-03-06T19:44:05.677+0000] {processor.py:839} INFO - DAG(s) dict_keys(['latest_only']) retrieved from /home/airflow/.local/lib/python3.8/site-packages/airflow/example_dags/example_latest_only.py
[2025-03-06T19:44:05.690+0000] {logging_mixin.py:154} INFO - [2025-03-06T19:44:05.690+0000] {dag.py:2941} INFO - Sync 1 DAGs
[2025-03-06T19:44:05.698+0000] {logging_mixin.py:154} INFO - [2025-03-06T19:44:05.698+0000] {dag.py:3722} INFO - Setting next_dagrun for latest_only to 2025-03-06T15:44:05.698721+00:00, run_after=2025-03-06T19:44:05.698721+00:00
[2025-03-06T19:44:05.710+0000] {processor.py:179} INFO - Processing /home/airflow/.local/lib/python3.8/site-packages/airflow/example_dags/example_latest_only.py took 0.039 seconds
[2025-03-06T19:44:37.005+0000] {processor.py:157} INFO - Started process (PID=38681) to work on /home/airflow/.local/lib/python3.8/site-packages/airflow/example_dags/example_latest_only.py
[2025-03-06T19:44:37.006+0000] {processor.py:829} INFO - Processing file /home/airflow/.local/lib/python3.8/site-packages/airflow/example_dags/example_latest_only.py for tasks to queue
[2025-03-06T19:44:37.007+0000] {logging_mixin.py:154} INFO - [2025-03-06T19:44:37.007+0000] {dagbag.py:536} INFO - Filling up the DagBag from /home/airflow/.local/lib/python3.8/site-packages/airflow/example_dags/example_latest_only.py
[2025-03-06T19:44:37.010+0000] {processor.py:839} INFO - DAG(s) dict_keys(['latest_only']) retrieved from /home/airflow/.local/lib/python3.8/site-packages/airflow/example_dags/example_latest_only.py
[2025-03-06T19:44:37.021+0000] {logging_mixin.py:154} INFO - [2025-03-06T19:44:37.021+0000] {dag.py:2941} INFO - Sync 1 DAGs
[2025-03-06T19:44:37.121+0000] {logging_mixin.py:154} INFO - [2025-03-06T19:44:37.121+0000] {dag.py:3722} INFO - Setting next_dagrun for latest_only to 2025-03-06T15:44:37.121232+00:00, run_after=2025-03-06T19:44:37.121232+00:00
[2025-03-06T19:44:37.127+0000] {processor.py:179} INFO - Processing /home/airflow/.local/lib/python3.8/site-packages/airflow/example_dags/example_latest_only.py took 0.123 seconds
[2025-03-06T19:45:07.485+0000] {processor.py:157} INFO - Started process (PID=38744) to work on /home/airflow/.local/lib/python3.8/site-packages/airflow/example_dags/example_latest_only.py
[2025-03-06T19:45:07.485+0000] {processor.py:829} INFO - Processing file /home/airflow/.local/lib/python3.8/site-packages/airflow/example_dags/example_latest_only.py for tasks to queue
[2025-03-06T19:45:07.486+0000] {logging_mixin.py:154} INFO - [2025-03-06T19:45:07.485+0000] {dagbag.py:536} INFO - Filling up the DagBag from /home/airflow/.local/lib/python3.8/site-packages/airflow/example_dags/example_latest_only.py
[2025-03-06T19:45:07.488+0000] {processor.py:839} INFO - DAG(s) dict_keys(['latest_only']) retrieved from /home/airflow/.local/lib/python3.8/site-packages/airflow/example_dags/example_latest_only.py
[2025-03-06T19:45:07.500+0000] {logging_mixin.py:154} INFO - [2025-03-06T19:45:07.500+0000] {dag.py:2941} INFO - Sync 1 DAGs
[2025-03-06T19:45:07.606+0000] {logging_mixin.py:154} INFO - [2025-03-06T19:45:07.605+0000] {dag.py:3722} INFO - Setting next_dagrun for latest_only to 2025-03-06T15:45:07.605884+00:00, run_after=2025-03-06T19:45:07.605884+00:00
[2025-03-06T19:45:07.614+0000] {processor.py:179} INFO - Processing /home/airflow/.local/lib/python3.8/site-packages/airflow/example_dags/example_latest_only.py took 0.131 seconds
[2025-03-06T19:45:38.212+0000] {processor.py:157} INFO - Started process (PID=38800) to work on /home/airflow/.local/lib/python3.8/site-packages/airflow/example_dags/example_latest_only.py
[2025-03-06T19:45:38.213+0000] {processor.py:829} INFO - Processing file /home/airflow/.local/lib/python3.8/site-packages/airflow/example_dags/example_latest_only.py for tasks to queue
[2025-03-06T19:45:38.213+0000] {logging_mixin.py:154} INFO - [2025-03-06T19:45:38.213+0000] {dagbag.py:536} INFO - Filling up the DagBag from /home/airflow/.local/lib/python3.8/site-packages/airflow/example_dags/example_latest_only.py
[2025-03-06T19:45:38.216+0000] {processor.py:839} INFO - DAG(s) dict_keys(['latest_only']) retrieved from /home/airflow/.local/lib/python3.8/site-packages/airflow/example_dags/example_latest_only.py
[2025-03-06T19:45:38.225+0000] {logging_mixin.py:154} INFO - [2025-03-06T19:45:38.225+0000] {dag.py:2941} INFO - Sync 1 DAGs
[2025-03-06T19:45:38.235+0000] {logging_mixin.py:154} INFO - [2025-03-06T19:45:38.235+0000] {dag.py:3722} INFO - Setting next_dagrun for latest_only to 2025-03-06T15:45:38.234871+00:00, run_after=2025-03-06T19:45:38.234871+00:00
[2025-03-06T19:45:38.246+0000] {processor.py:179} INFO - Processing /home/airflow/.local/lib/python3.8/site-packages/airflow/example_dags/example_latest_only.py took 0.036 seconds
[2025-03-06T19:46:08.811+0000] {processor.py:157} INFO - Started process (PID=38857) to work on /home/airflow/.local/lib/python3.8/site-packages/airflow/example_dags/example_latest_only.py
[2025-03-06T19:46:08.811+0000] {processor.py:829} INFO - Processing file /home/airflow/.local/lib/python3.8/site-packages/airflow/example_dags/example_latest_only.py for tasks to queue
[2025-03-06T19:46:08.812+0000] {logging_mixin.py:154} INFO - [2025-03-06T19:46:08.812+0000] {dagbag.py:536} INFO - Filling up the DagBag from /home/airflow/.local/lib/python3.8/site-packages/airflow/example_dags/example_latest_only.py
[2025-03-06T19:46:08.816+0000] {processor.py:839} INFO - DAG(s) dict_keys(['latest_only']) retrieved from /home/airflow/.local/lib/python3.8/site-packages/airflow/example_dags/example_latest_only.py
[2025-03-06T19:46:08.826+0000] {logging_mixin.py:154} INFO - [2025-03-06T19:46:08.826+0000] {dag.py:2941} INFO - Sync 1 DAGs
[2025-03-06T19:46:08.836+0000] {logging_mixin.py:154} INFO - [2025-03-06T19:46:08.836+0000] {dag.py:3722} INFO - Setting next_dagrun for latest_only to 2025-03-06T15:46:08.836138+00:00, run_after=2025-03-06T19:46:08.836138+00:00
[2025-03-06T19:46:08.844+0000] {processor.py:179} INFO - Processing /home/airflow/.local/lib/python3.8/site-packages/airflow/example_dags/example_latest_only.py took 0.035 seconds
[2025-03-06T19:46:39.802+0000] {processor.py:157} INFO - Started process (PID=38913) to work on /home/airflow/.local/lib/python3.8/site-packages/airflow/example_dags/example_latest_only.py
[2025-03-06T19:46:39.804+0000] {processor.py:829} INFO - Processing file /home/airflow/.local/lib/python3.8/site-packages/airflow/example_dags/example_latest_only.py for tasks to queue
[2025-03-06T19:46:39.805+0000] {logging_mixin.py:154} INFO - [2025-03-06T19:46:39.805+0000] {dagbag.py:536} INFO - Filling up the DagBag from /home/airflow/.local/lib/python3.8/site-packages/airflow/example_dags/example_latest_only.py
[2025-03-06T19:46:39.809+0000] {processor.py:839} INFO - DAG(s) dict_keys(['latest_only']) retrieved from /home/airflow/.local/lib/python3.8/site-packages/airflow/example_dags/example_latest_only.py
[2025-03-06T19:46:39.916+0000] {logging_mixin.py:154} INFO - [2025-03-06T19:46:39.916+0000] {dag.py:2941} INFO - Sync 1 DAGs
[2025-03-06T19:46:39.924+0000] {logging_mixin.py:154} INFO - [2025-03-06T19:46:39.924+0000] {dag.py:3722} INFO - Setting next_dagrun for latest_only to 2025-03-06T15:46:39.924632+00:00, run_after=2025-03-06T19:46:39.924632+00:00
[2025-03-06T19:46:39.934+0000] {processor.py:179} INFO - Processing /home/airflow/.local/lib/python3.8/site-packages/airflow/example_dags/example_latest_only.py took 0.133 seconds
[2025-03-06T19:47:10.929+0000] {processor.py:157} INFO - Started process (PID=38969) to work on /home/airflow/.local/lib/python3.8/site-packages/airflow/example_dags/example_latest_only.py
[2025-03-06T19:47:10.930+0000] {processor.py:829} INFO - Processing file /home/airflow/.local/lib/python3.8/site-packages/airflow/example_dags/example_latest_only.py for tasks to queue
[2025-03-06T19:47:10.931+0000] {logging_mixin.py:154} INFO - [2025-03-06T19:47:10.931+0000] {dagbag.py:536} INFO - Filling up the DagBag from /home/airflow/.local/lib/python3.8/site-packages/airflow/example_dags/example_latest_only.py
[2025-03-06T19:47:10.934+0000] {processor.py:839} INFO - DAG(s) dict_keys(['latest_only']) retrieved from /home/airflow/.local/lib/python3.8/site-packages/airflow/example_dags/example_latest_only.py
[2025-03-06T19:47:10.946+0000] {logging_mixin.py:154} INFO - [2025-03-06T19:47:10.946+0000] {dag.py:2941} INFO - Sync 1 DAGs
[2025-03-06T19:47:11.066+0000] {logging_mixin.py:154} INFO - [2025-03-06T19:47:11.066+0000] {dag.py:3722} INFO - Setting next_dagrun for latest_only to 2025-03-06T15:47:11.066002+00:00, run_after=2025-03-06T19:47:11.066002+00:00
[2025-03-06T19:47:11.078+0000] {processor.py:179} INFO - Processing /home/airflow/.local/lib/python3.8/site-packages/airflow/example_dags/example_latest_only.py took 0.151 seconds
[2025-03-06T19:47:41.270+0000] {processor.py:157} INFO - Started process (PID=39025) to work on /home/airflow/.local/lib/python3.8/site-packages/airflow/example_dags/example_latest_only.py
[2025-03-06T19:47:41.270+0000] {processor.py:829} INFO - Processing file /home/airflow/.local/lib/python3.8/site-packages/airflow/example_dags/example_latest_only.py for tasks to queue
[2025-03-06T19:47:41.271+0000] {logging_mixin.py:154} INFO - [2025-03-06T19:47:41.271+0000] {dagbag.py:536} INFO - Filling up the DagBag from /home/airflow/.local/lib/python3.8/site-packages/airflow/example_dags/example_latest_only.py
[2025-03-06T19:47:41.276+0000] {processor.py:839} INFO - DAG(s) dict_keys(['latest_only']) retrieved from /home/airflow/.local/lib/python3.8/site-packages/airflow/example_dags/example_latest_only.py
[2025-03-06T19:47:41.291+0000] {logging_mixin.py:154} INFO - [2025-03-06T19:47:41.290+0000] {dag.py:2941} INFO - Sync 1 DAGs
[2025-03-06T19:47:41.302+0000] {logging_mixin.py:154} INFO - [2025-03-06T19:47:41.301+0000] {dag.py:3722} INFO - Setting next_dagrun for latest_only to 2025-03-06T15:47:41.301362+00:00, run_after=2025-03-06T19:47:41.301362+00:00
[2025-03-06T19:47:41.316+0000] {processor.py:179} INFO - Processing /home/airflow/.local/lib/python3.8/site-packages/airflow/example_dags/example_latest_only.py took 0.048 seconds
[2025-03-06T19:48:12.043+0000] {processor.py:157} INFO - Started process (PID=39081) to work on /home/airflow/.local/lib/python3.8/site-packages/airflow/example_dags/example_latest_only.py
[2025-03-06T19:48:12.046+0000] {processor.py:829} INFO - Processing file /home/airflow/.local/lib/python3.8/site-packages/airflow/example_dags/example_latest_only.py for tasks to queue
[2025-03-06T19:48:12.046+0000] {logging_mixin.py:154} INFO - [2025-03-06T19:48:12.046+0000] {dagbag.py:536} INFO - Filling up the DagBag from /home/airflow/.local/lib/python3.8/site-packages/airflow/example_dags/example_latest_only.py
[2025-03-06T19:48:12.052+0000] {processor.py:839} INFO - DAG(s) dict_keys(['latest_only']) retrieved from /home/airflow/.local/lib/python3.8/site-packages/airflow/example_dags/example_latest_only.py
[2025-03-06T19:48:12.063+0000] {logging_mixin.py:154} INFO - [2025-03-06T19:48:12.063+0000] {dag.py:2941} INFO - Sync 1 DAGs
[2025-03-06T19:48:12.072+0000] {logging_mixin.py:154} INFO - [2025-03-06T19:48:12.072+0000] {dag.py:3722} INFO - Setting next_dagrun for latest_only to 2025-03-06T15:48:12.072150+00:00, run_after=2025-03-06T19:48:12.072150+00:00
[2025-03-06T19:48:12.081+0000] {processor.py:179} INFO - Processing /home/airflow/.local/lib/python3.8/site-packages/airflow/example_dags/example_latest_only.py took 0.040 seconds
[2025-03-06T19:48:42.784+0000] {processor.py:157} INFO - Started process (PID=39137) to work on /home/airflow/.local/lib/python3.8/site-packages/airflow/example_dags/example_latest_only.py
[2025-03-06T19:48:42.785+0000] {processor.py:829} INFO - Processing file /home/airflow/.local/lib/python3.8/site-packages/airflow/example_dags/example_latest_only.py for tasks to queue
[2025-03-06T19:48:42.786+0000] {logging_mixin.py:154} INFO - [2025-03-06T19:48:42.786+0000] {dagbag.py:536} INFO - Filling up the DagBag from /home/airflow/.local/lib/python3.8/site-packages/airflow/example_dags/example_latest_only.py
[2025-03-06T19:48:42.791+0000] {processor.py:839} INFO - DAG(s) dict_keys(['latest_only']) retrieved from /home/airflow/.local/lib/python3.8/site-packages/airflow/example_dags/example_latest_only.py
[2025-03-06T19:48:42.802+0000] {logging_mixin.py:154} INFO - [2025-03-06T19:48:42.802+0000] {dag.py:2941} INFO - Sync 1 DAGs
[2025-03-06T19:48:42.813+0000] {logging_mixin.py:154} INFO - [2025-03-06T19:48:42.812+0000] {dag.py:3722} INFO - Setting next_dagrun for latest_only to 2025-03-06T15:48:42.812762+00:00, run_after=2025-03-06T19:48:42.812762+00:00
[2025-03-06T19:48:42.823+0000] {processor.py:179} INFO - Processing /home/airflow/.local/lib/python3.8/site-packages/airflow/example_dags/example_latest_only.py took 0.041 seconds
[2025-03-06T19:49:13.606+0000] {processor.py:157} INFO - Started process (PID=39193) to work on /home/airflow/.local/lib/python3.8/site-packages/airflow/example_dags/example_latest_only.py
[2025-03-06T19:49:13.606+0000] {processor.py:829} INFO - Processing file /home/airflow/.local/lib/python3.8/site-packages/airflow/example_dags/example_latest_only.py for tasks to queue
[2025-03-06T19:49:13.607+0000] {logging_mixin.py:154} INFO - [2025-03-06T19:49:13.607+0000] {dagbag.py:536} INFO - Filling up the DagBag from /home/airflow/.local/lib/python3.8/site-packages/airflow/example_dags/example_latest_only.py
[2025-03-06T19:49:13.610+0000] {processor.py:839} INFO - DAG(s) dict_keys(['latest_only']) retrieved from /home/airflow/.local/lib/python3.8/site-packages/airflow/example_dags/example_latest_only.py
[2025-03-06T19:49:13.625+0000] {logging_mixin.py:154} INFO - [2025-03-06T19:49:13.625+0000] {dag.py:2941} INFO - Sync 1 DAGs
[2025-03-06T19:49:13.636+0000] {logging_mixin.py:154} INFO - [2025-03-06T19:49:13.636+0000] {dag.py:3722} INFO - Setting next_dagrun for latest_only to 2025-03-06T15:49:13.636515+00:00, run_after=2025-03-06T19:49:13.636515+00:00
[2025-03-06T19:49:13.648+0000] {processor.py:179} INFO - Processing /home/airflow/.local/lib/python3.8/site-packages/airflow/example_dags/example_latest_only.py took 0.044 seconds
[2025-03-06T19:49:44.376+0000] {processor.py:157} INFO - Started process (PID=39249) to work on /home/airflow/.local/lib/python3.8/site-packages/airflow/example_dags/example_latest_only.py
[2025-03-06T19:49:44.377+0000] {processor.py:829} INFO - Processing file /home/airflow/.local/lib/python3.8/site-packages/airflow/example_dags/example_latest_only.py for tasks to queue
[2025-03-06T19:49:44.377+0000] {logging_mixin.py:154} INFO - [2025-03-06T19:49:44.377+0000] {dagbag.py:536} INFO - Filling up the DagBag from /home/airflow/.local/lib/python3.8/site-packages/airflow/example_dags/example_latest_only.py
[2025-03-06T19:49:44.380+0000] {processor.py:839} INFO - DAG(s) dict_keys(['latest_only']) retrieved from /home/airflow/.local/lib/python3.8/site-packages/airflow/example_dags/example_latest_only.py
[2025-03-06T19:49:44.401+0000] {logging_mixin.py:154} INFO - [2025-03-06T19:49:44.400+0000] {dag.py:2941} INFO - Sync 1 DAGs
[2025-03-06T19:49:44.414+0000] {logging_mixin.py:154} INFO - [2025-03-06T19:49:44.414+0000] {dag.py:3722} INFO - Setting next_dagrun for latest_only to 2025-03-06T15:49:44.413823+00:00, run_after=2025-03-06T19:49:44.413823+00:00
[2025-03-06T19:49:44.425+0000] {processor.py:179} INFO - Processing /home/airflow/.local/lib/python3.8/site-packages/airflow/example_dags/example_latest_only.py took 0.050 seconds
[2025-03-06T19:50:15.297+0000] {processor.py:157} INFO - Started process (PID=39305) to work on /home/airflow/.local/lib/python3.8/site-packages/airflow/example_dags/example_latest_only.py
[2025-03-06T19:50:15.299+0000] {processor.py:829} INFO - Processing file /home/airflow/.local/lib/python3.8/site-packages/airflow/example_dags/example_latest_only.py for tasks to queue
[2025-03-06T19:50:15.300+0000] {logging_mixin.py:154} INFO - [2025-03-06T19:50:15.300+0000] {dagbag.py:536} INFO - Filling up the DagBag from /home/airflow/.local/lib/python3.8/site-packages/airflow/example_dags/example_latest_only.py
[2025-03-06T19:50:15.303+0000] {processor.py:839} INFO - DAG(s) dict_keys(['latest_only']) retrieved from /home/airflow/.local/lib/python3.8/site-packages/airflow/example_dags/example_latest_only.py
[2025-03-06T19:50:15.314+0000] {logging_mixin.py:154} INFO - [2025-03-06T19:50:15.313+0000] {dag.py:2941} INFO - Sync 1 DAGs
[2025-03-06T19:50:15.323+0000] {logging_mixin.py:154} INFO - [2025-03-06T19:50:15.323+0000] {dag.py:3722} INFO - Setting next_dagrun for latest_only to 2025-03-06T15:50:15.323517+00:00, run_after=2025-03-06T19:50:15.323517+00:00
[2025-03-06T19:50:15.333+0000] {processor.py:179} INFO - Processing /home/airflow/.local/lib/python3.8/site-packages/airflow/example_dags/example_latest_only.py took 0.038 seconds
[2025-03-06T19:50:45.981+0000] {processor.py:157} INFO - Started process (PID=39361) to work on /home/airflow/.local/lib/python3.8/site-packages/airflow/example_dags/example_latest_only.py
[2025-03-06T19:50:45.983+0000] {processor.py:829} INFO - Processing file /home/airflow/.local/lib/python3.8/site-packages/airflow/example_dags/example_latest_only.py for tasks to queue
[2025-03-06T19:50:45.983+0000] {logging_mixin.py:154} INFO - [2025-03-06T19:50:45.983+0000] {dagbag.py:536} INFO - Filling up the DagBag from /home/airflow/.local/lib/python3.8/site-packages/airflow/example_dags/example_latest_only.py
[2025-03-06T19:50:45.986+0000] {processor.py:839} INFO - DAG(s) dict_keys(['latest_only']) retrieved from /home/airflow/.local/lib/python3.8/site-packages/airflow/example_dags/example_latest_only.py
[2025-03-06T19:50:45.997+0000] {logging_mixin.py:154} INFO - [2025-03-06T19:50:45.996+0000] {dag.py:2941} INFO - Sync 1 DAGs
[2025-03-06T19:50:46.007+0000] {logging_mixin.py:154} INFO - [2025-03-06T19:50:46.007+0000] {dag.py:3722} INFO - Setting next_dagrun for latest_only to 2025-03-06T15:50:46.007354+00:00, run_after=2025-03-06T19:50:46.007354+00:00
[2025-03-06T19:50:46.016+0000] {processor.py:179} INFO - Processing /home/airflow/.local/lib/python3.8/site-packages/airflow/example_dags/example_latest_only.py took 0.037 seconds
[2025-03-06T19:51:16.743+0000] {processor.py:157} INFO - Started process (PID=39417) to work on /home/airflow/.local/lib/python3.8/site-packages/airflow/example_dags/example_latest_only.py
[2025-03-06T19:51:16.744+0000] {processor.py:829} INFO - Processing file /home/airflow/.local/lib/python3.8/site-packages/airflow/example_dags/example_latest_only.py for tasks to queue
[2025-03-06T19:51:16.746+0000] {logging_mixin.py:154} INFO - [2025-03-06T19:51:16.746+0000] {dagbag.py:536} INFO - Filling up the DagBag from /home/airflow/.local/lib/python3.8/site-packages/airflow/example_dags/example_latest_only.py
[2025-03-06T19:51:16.749+0000] {processor.py:839} INFO - DAG(s) dict_keys(['latest_only']) retrieved from /home/airflow/.local/lib/python3.8/site-packages/airflow/example_dags/example_latest_only.py
[2025-03-06T19:51:16.767+0000] {logging_mixin.py:154} INFO - [2025-03-06T19:51:16.766+0000] {dag.py:2941} INFO - Sync 1 DAGs
[2025-03-06T19:51:16.777+0000] {logging_mixin.py:154} INFO - [2025-03-06T19:51:16.777+0000] {dag.py:3722} INFO - Setting next_dagrun for latest_only to 2025-03-06T15:51:16.777265+00:00, run_after=2025-03-06T19:51:16.777265+00:00
[2025-03-06T19:51:16.789+0000] {processor.py:179} INFO - Processing /home/airflow/.local/lib/python3.8/site-packages/airflow/example_dags/example_latest_only.py took 0.048 seconds
[2025-03-06T19:51:47.318+0000] {processor.py:157} INFO - Started process (PID=39473) to work on /home/airflow/.local/lib/python3.8/site-packages/airflow/example_dags/example_latest_only.py
[2025-03-06T19:51:47.321+0000] {processor.py:829} INFO - Processing file /home/airflow/.local/lib/python3.8/site-packages/airflow/example_dags/example_latest_only.py for tasks to queue
[2025-03-06T19:51:47.321+0000] {logging_mixin.py:154} INFO - [2025-03-06T19:51:47.321+0000] {dagbag.py:536} INFO - Filling up the DagBag from /home/airflow/.local/lib/python3.8/site-packages/airflow/example_dags/example_latest_only.py
[2025-03-06T19:51:47.324+0000] {processor.py:839} INFO - DAG(s) dict_keys(['latest_only']) retrieved from /home/airflow/.local/lib/python3.8/site-packages/airflow/example_dags/example_latest_only.py
[2025-03-06T19:51:47.337+0000] {logging_mixin.py:154} INFO - [2025-03-06T19:51:47.337+0000] {dag.py:2941} INFO - Sync 1 DAGs
[2025-03-06T19:51:47.346+0000] {logging_mixin.py:154} INFO - [2025-03-06T19:51:47.346+0000] {dag.py:3722} INFO - Setting next_dagrun for latest_only to 2025-03-06T15:51:47.346262+00:00, run_after=2025-03-06T19:51:47.346262+00:00
[2025-03-06T19:51:47.358+0000] {processor.py:179} INFO - Processing /home/airflow/.local/lib/python3.8/site-packages/airflow/example_dags/example_latest_only.py took 0.042 seconds
[2025-03-06T19:52:18.063+0000] {processor.py:157} INFO - Started process (PID=39529) to work on /home/airflow/.local/lib/python3.8/site-packages/airflow/example_dags/example_latest_only.py
[2025-03-06T19:52:18.063+0000] {processor.py:829} INFO - Processing file /home/airflow/.local/lib/python3.8/site-packages/airflow/example_dags/example_latest_only.py for tasks to queue
[2025-03-06T19:52:18.063+0000] {logging_mixin.py:154} INFO - [2025-03-06T19:52:18.063+0000] {dagbag.py:536} INFO - Filling up the DagBag from /home/airflow/.local/lib/python3.8/site-packages/airflow/example_dags/example_latest_only.py
[2025-03-06T19:52:18.066+0000] {processor.py:839} INFO - DAG(s) dict_keys(['latest_only']) retrieved from /home/airflow/.local/lib/python3.8/site-packages/airflow/example_dags/example_latest_only.py
[2025-03-06T19:52:18.079+0000] {logging_mixin.py:154} INFO - [2025-03-06T19:52:18.078+0000] {dag.py:2941} INFO - Sync 1 DAGs
[2025-03-06T19:52:18.088+0000] {logging_mixin.py:154} INFO - [2025-03-06T19:52:18.088+0000] {dag.py:3722} INFO - Setting next_dagrun for latest_only to 2025-03-06T15:52:18.088253+00:00, run_after=2025-03-06T19:52:18.088253+00:00
[2025-03-06T19:52:18.099+0000] {processor.py:179} INFO - Processing /home/airflow/.local/lib/python3.8/site-packages/airflow/example_dags/example_latest_only.py took 0.038 seconds
[2025-03-06T19:52:48.793+0000] {processor.py:157} INFO - Started process (PID=39585) to work on /home/airflow/.local/lib/python3.8/site-packages/airflow/example_dags/example_latest_only.py
[2025-03-06T19:52:48.794+0000] {processor.py:829} INFO - Processing file /home/airflow/.local/lib/python3.8/site-packages/airflow/example_dags/example_latest_only.py for tasks to queue
[2025-03-06T19:52:48.794+0000] {logging_mixin.py:154} INFO - [2025-03-06T19:52:48.794+0000] {dagbag.py:536} INFO - Filling up the DagBag from /home/airflow/.local/lib/python3.8/site-packages/airflow/example_dags/example_latest_only.py
[2025-03-06T19:52:48.797+0000] {processor.py:839} INFO - DAG(s) dict_keys(['latest_only']) retrieved from /home/airflow/.local/lib/python3.8/site-packages/airflow/example_dags/example_latest_only.py
[2025-03-06T19:52:48.810+0000] {logging_mixin.py:154} INFO - [2025-03-06T19:52:48.809+0000] {dag.py:2941} INFO - Sync 1 DAGs
[2025-03-06T19:52:48.819+0000] {logging_mixin.py:154} INFO - [2025-03-06T19:52:48.819+0000] {dag.py:3722} INFO - Setting next_dagrun for latest_only to 2025-03-06T15:52:48.819682+00:00, run_after=2025-03-06T19:52:48.819682+00:00
[2025-03-06T19:52:48.832+0000] {processor.py:179} INFO - Processing /home/airflow/.local/lib/python3.8/site-packages/airflow/example_dags/example_latest_only.py took 0.040 seconds
[2025-03-06T19:53:19.447+0000] {processor.py:157} INFO - Started process (PID=39641) to work on /home/airflow/.local/lib/python3.8/site-packages/airflow/example_dags/example_latest_only.py
[2025-03-06T19:53:19.448+0000] {processor.py:829} INFO - Processing file /home/airflow/.local/lib/python3.8/site-packages/airflow/example_dags/example_latest_only.py for tasks to queue
[2025-03-06T19:53:19.448+0000] {logging_mixin.py:154} INFO - [2025-03-06T19:53:19.448+0000] {dagbag.py:536} INFO - Filling up the DagBag from /home/airflow/.local/lib/python3.8/site-packages/airflow/example_dags/example_latest_only.py
[2025-03-06T19:53:19.451+0000] {processor.py:839} INFO - DAG(s) dict_keys(['latest_only']) retrieved from /home/airflow/.local/lib/python3.8/site-packages/airflow/example_dags/example_latest_only.py
[2025-03-06T19:53:19.465+0000] {logging_mixin.py:154} INFO - [2025-03-06T19:53:19.465+0000] {dag.py:2941} INFO - Sync 1 DAGs
[2025-03-06T19:53:19.475+0000] {logging_mixin.py:154} INFO - [2025-03-06T19:53:19.475+0000] {dag.py:3722} INFO - Setting next_dagrun for latest_only to 2025-03-06T15:53:19.475569+00:00, run_after=2025-03-06T19:53:19.475569+00:00
[2025-03-06T19:53:19.487+0000] {processor.py:179} INFO - Processing /home/airflow/.local/lib/python3.8/site-packages/airflow/example_dags/example_latest_only.py took 0.041 seconds
[2025-03-06T19:53:50.131+0000] {processor.py:157} INFO - Started process (PID=39697) to work on /home/airflow/.local/lib/python3.8/site-packages/airflow/example_dags/example_latest_only.py
[2025-03-06T19:53:50.133+0000] {processor.py:829} INFO - Processing file /home/airflow/.local/lib/python3.8/site-packages/airflow/example_dags/example_latest_only.py for tasks to queue
[2025-03-06T19:53:50.133+0000] {logging_mixin.py:154} INFO - [2025-03-06T19:53:50.133+0000] {dagbag.py:536} INFO - Filling up the DagBag from /home/airflow/.local/lib/python3.8/site-packages/airflow/example_dags/example_latest_only.py
[2025-03-06T19:53:50.136+0000] {processor.py:839} INFO - DAG(s) dict_keys(['latest_only']) retrieved from /home/airflow/.local/lib/python3.8/site-packages/airflow/example_dags/example_latest_only.py
[2025-03-06T19:53:50.145+0000] {logging_mixin.py:154} INFO - [2025-03-06T19:53:50.145+0000] {dag.py:2941} INFO - Sync 1 DAGs
[2025-03-06T19:53:50.154+0000] {logging_mixin.py:154} INFO - [2025-03-06T19:53:50.154+0000] {dag.py:3722} INFO - Setting next_dagrun for latest_only to 2025-03-06T15:53:50.154346+00:00, run_after=2025-03-06T19:53:50.154346+00:00
[2025-03-06T19:53:50.164+0000] {processor.py:179} INFO - Processing /home/airflow/.local/lib/python3.8/site-packages/airflow/example_dags/example_latest_only.py took 0.035 seconds
[2025-03-06T19:54:20.808+0000] {processor.py:157} INFO - Started process (PID=39753) to work on /home/airflow/.local/lib/python3.8/site-packages/airflow/example_dags/example_latest_only.py
[2025-03-06T19:54:20.809+0000] {processor.py:829} INFO - Processing file /home/airflow/.local/lib/python3.8/site-packages/airflow/example_dags/example_latest_only.py for tasks to queue
[2025-03-06T19:54:20.811+0000] {logging_mixin.py:154} INFO - [2025-03-06T19:54:20.811+0000] {dagbag.py:536} INFO - Filling up the DagBag from /home/airflow/.local/lib/python3.8/site-packages/airflow/example_dags/example_latest_only.py
[2025-03-06T19:54:20.815+0000] {processor.py:839} INFO - DAG(s) dict_keys(['latest_only']) retrieved from /home/airflow/.local/lib/python3.8/site-packages/airflow/example_dags/example_latest_only.py
[2025-03-06T19:54:20.828+0000] {logging_mixin.py:154} INFO - [2025-03-06T19:54:20.827+0000] {dag.py:2941} INFO - Sync 1 DAGs
[2025-03-06T19:54:20.839+0000] {logging_mixin.py:154} INFO - [2025-03-06T19:54:20.839+0000] {dag.py:3722} INFO - Setting next_dagrun for latest_only to 2025-03-06T15:54:20.839288+00:00, run_after=2025-03-06T19:54:20.839288+00:00
[2025-03-06T19:54:20.849+0000] {processor.py:179} INFO - Processing /home/airflow/.local/lib/python3.8/site-packages/airflow/example_dags/example_latest_only.py took 0.044 seconds
[2025-03-06T19:54:51.395+0000] {processor.py:157} INFO - Started process (PID=39809) to work on /home/airflow/.local/lib/python3.8/site-packages/airflow/example_dags/example_latest_only.py
[2025-03-06T19:54:51.395+0000] {processor.py:829} INFO - Processing file /home/airflow/.local/lib/python3.8/site-packages/airflow/example_dags/example_latest_only.py for tasks to queue
[2025-03-06T19:54:51.395+0000] {logging_mixin.py:154} INFO - [2025-03-06T19:54:51.395+0000] {dagbag.py:536} INFO - Filling up the DagBag from /home/airflow/.local/lib/python3.8/site-packages/airflow/example_dags/example_latest_only.py
[2025-03-06T19:54:51.398+0000] {processor.py:839} INFO - DAG(s) dict_keys(['latest_only']) retrieved from /home/airflow/.local/lib/python3.8/site-packages/airflow/example_dags/example_latest_only.py
[2025-03-06T19:54:51.409+0000] {logging_mixin.py:154} INFO - [2025-03-06T19:54:51.409+0000] {dag.py:2941} INFO - Sync 1 DAGs
[2025-03-06T19:54:51.419+0000] {logging_mixin.py:154} INFO - [2025-03-06T19:54:51.419+0000] {dag.py:3722} INFO - Setting next_dagrun for latest_only to 2025-03-06T15:54:51.419598+00:00, run_after=2025-03-06T19:54:51.419598+00:00
[2025-03-06T19:54:51.429+0000] {processor.py:179} INFO - Processing /home/airflow/.local/lib/python3.8/site-packages/airflow/example_dags/example_latest_only.py took 0.036 seconds
[2025-03-06T19:55:22.016+0000] {processor.py:157} INFO - Started process (PID=39865) to work on /home/airflow/.local/lib/python3.8/site-packages/airflow/example_dags/example_latest_only.py
[2025-03-06T19:55:22.018+0000] {processor.py:829} INFO - Processing file /home/airflow/.local/lib/python3.8/site-packages/airflow/example_dags/example_latest_only.py for tasks to queue
[2025-03-06T19:55:22.018+0000] {logging_mixin.py:154} INFO - [2025-03-06T19:55:22.018+0000] {dagbag.py:536} INFO - Filling up the DagBag from /home/airflow/.local/lib/python3.8/site-packages/airflow/example_dags/example_latest_only.py
[2025-03-06T19:55:22.022+0000] {processor.py:839} INFO - DAG(s) dict_keys(['latest_only']) retrieved from /home/airflow/.local/lib/python3.8/site-packages/airflow/example_dags/example_latest_only.py
[2025-03-06T19:55:22.032+0000] {logging_mixin.py:154} INFO - [2025-03-06T19:55:22.031+0000] {dag.py:2941} INFO - Sync 1 DAGs
[2025-03-06T19:55:22.041+0000] {logging_mixin.py:154} INFO - [2025-03-06T19:55:22.041+0000] {dag.py:3722} INFO - Setting next_dagrun for latest_only to 2025-03-06T15:55:22.040904+00:00, run_after=2025-03-06T19:55:22.040904+00:00
[2025-03-06T19:55:22.051+0000] {processor.py:179} INFO - Processing /home/airflow/.local/lib/python3.8/site-packages/airflow/example_dags/example_latest_only.py took 0.036 seconds
[2025-03-06T19:55:52.641+0000] {processor.py:157} INFO - Started process (PID=39921) to work on /home/airflow/.local/lib/python3.8/site-packages/airflow/example_dags/example_latest_only.py
[2025-03-06T19:55:52.642+0000] {processor.py:829} INFO - Processing file /home/airflow/.local/lib/python3.8/site-packages/airflow/example_dags/example_latest_only.py for tasks to queue
[2025-03-06T19:55:52.643+0000] {logging_mixin.py:154} INFO - [2025-03-06T19:55:52.643+0000] {dagbag.py:536} INFO - Filling up the DagBag from /home/airflow/.local/lib/python3.8/site-packages/airflow/example_dags/example_latest_only.py
[2025-03-06T19:55:52.647+0000] {processor.py:839} INFO - DAG(s) dict_keys(['latest_only']) retrieved from /home/airflow/.local/lib/python3.8/site-packages/airflow/example_dags/example_latest_only.py
[2025-03-06T19:55:52.657+0000] {logging_mixin.py:154} INFO - [2025-03-06T19:55:52.657+0000] {dag.py:2941} INFO - Sync 1 DAGs
[2025-03-06T19:55:52.667+0000] {logging_mixin.py:154} INFO - [2025-03-06T19:55:52.667+0000] {dag.py:3722} INFO - Setting next_dagrun for latest_only to 2025-03-06T15:55:52.667417+00:00, run_after=2025-03-06T19:55:52.667417+00:00
[2025-03-06T19:55:52.676+0000] {processor.py:179} INFO - Processing /home/airflow/.local/lib/python3.8/site-packages/airflow/example_dags/example_latest_only.py took 0.037 seconds
[2025-03-06T19:56:23.169+0000] {processor.py:157} INFO - Started process (PID=39977) to work on /home/airflow/.local/lib/python3.8/site-packages/airflow/example_dags/example_latest_only.py
[2025-03-06T19:56:23.170+0000] {processor.py:829} INFO - Processing file /home/airflow/.local/lib/python3.8/site-packages/airflow/example_dags/example_latest_only.py for tasks to queue
[2025-03-06T19:56:23.170+0000] {logging_mixin.py:154} INFO - [2025-03-06T19:56:23.170+0000] {dagbag.py:536} INFO - Filling up the DagBag from /home/airflow/.local/lib/python3.8/site-packages/airflow/example_dags/example_latest_only.py
[2025-03-06T19:56:23.173+0000] {processor.py:839} INFO - DAG(s) dict_keys(['latest_only']) retrieved from /home/airflow/.local/lib/python3.8/site-packages/airflow/example_dags/example_latest_only.py
[2025-03-06T19:56:23.183+0000] {logging_mixin.py:154} INFO - [2025-03-06T19:56:23.182+0000] {dag.py:2941} INFO - Sync 1 DAGs
[2025-03-06T19:56:23.191+0000] {logging_mixin.py:154} INFO - [2025-03-06T19:56:23.191+0000] {dag.py:3722} INFO - Setting next_dagrun for latest_only to 2025-03-06T15:56:23.191101+00:00, run_after=2025-03-06T19:56:23.191101+00:00
[2025-03-06T19:56:23.200+0000] {processor.py:179} INFO - Processing /home/airflow/.local/lib/python3.8/site-packages/airflow/example_dags/example_latest_only.py took 0.032 seconds
[2025-03-06T19:56:53.784+0000] {processor.py:157} INFO - Started process (PID=40033) to work on /home/airflow/.local/lib/python3.8/site-packages/airflow/example_dags/example_latest_only.py
[2025-03-06T19:56:53.785+0000] {processor.py:829} INFO - Processing file /home/airflow/.local/lib/python3.8/site-packages/airflow/example_dags/example_latest_only.py for tasks to queue
[2025-03-06T19:56:53.785+0000] {logging_mixin.py:154} INFO - [2025-03-06T19:56:53.785+0000] {dagbag.py:536} INFO - Filling up the DagBag from /home/airflow/.local/lib/python3.8/site-packages/airflow/example_dags/example_latest_only.py
[2025-03-06T19:56:53.789+0000] {processor.py:839} INFO - DAG(s) dict_keys(['latest_only']) retrieved from /home/airflow/.local/lib/python3.8/site-packages/airflow/example_dags/example_latest_only.py
[2025-03-06T19:56:53.803+0000] {logging_mixin.py:154} INFO - [2025-03-06T19:56:53.803+0000] {dag.py:2941} INFO - Sync 1 DAGs
[2025-03-06T19:56:53.813+0000] {logging_mixin.py:154} INFO - [2025-03-06T19:56:53.813+0000] {dag.py:3722} INFO - Setting next_dagrun for latest_only to 2025-03-06T15:56:53.813034+00:00, run_after=2025-03-06T19:56:53.813034+00:00
[2025-03-06T19:56:53.821+0000] {processor.py:179} INFO - Processing /home/airflow/.local/lib/python3.8/site-packages/airflow/example_dags/example_latest_only.py took 0.039 seconds
[2025-03-06T19:57:24.566+0000] {processor.py:157} INFO - Started process (PID=40089) to work on /home/airflow/.local/lib/python3.8/site-packages/airflow/example_dags/example_latest_only.py
[2025-03-06T19:57:24.567+0000] {processor.py:829} INFO - Processing file /home/airflow/.local/lib/python3.8/site-packages/airflow/example_dags/example_latest_only.py for tasks to queue
[2025-03-06T19:57:24.567+0000] {logging_mixin.py:154} INFO - [2025-03-06T19:57:24.567+0000] {dagbag.py:536} INFO - Filling up the DagBag from /home/airflow/.local/lib/python3.8/site-packages/airflow/example_dags/example_latest_only.py
[2025-03-06T19:57:24.570+0000] {processor.py:839} INFO - DAG(s) dict_keys(['latest_only']) retrieved from /home/airflow/.local/lib/python3.8/site-packages/airflow/example_dags/example_latest_only.py
[2025-03-06T19:57:24.582+0000] {logging_mixin.py:154} INFO - [2025-03-06T19:57:24.582+0000] {dag.py:2941} INFO - Sync 1 DAGs
[2025-03-06T19:57:24.591+0000] {logging_mixin.py:154} INFO - [2025-03-06T19:57:24.591+0000] {dag.py:3722} INFO - Setting next_dagrun for latest_only to 2025-03-06T15:57:24.591063+00:00, run_after=2025-03-06T19:57:24.591063+00:00
[2025-03-06T19:57:24.600+0000] {processor.py:179} INFO - Processing /home/airflow/.local/lib/python3.8/site-packages/airflow/example_dags/example_latest_only.py took 0.036 seconds
[2025-03-06T19:57:55.294+0000] {processor.py:157} INFO - Started process (PID=40145) to work on /home/airflow/.local/lib/python3.8/site-packages/airflow/example_dags/example_latest_only.py
[2025-03-06T19:57:55.296+0000] {processor.py:829} INFO - Processing file /home/airflow/.local/lib/python3.8/site-packages/airflow/example_dags/example_latest_only.py for tasks to queue
[2025-03-06T19:57:55.297+0000] {logging_mixin.py:154} INFO - [2025-03-06T19:57:55.297+0000] {dagbag.py:536} INFO - Filling up the DagBag from /home/airflow/.local/lib/python3.8/site-packages/airflow/example_dags/example_latest_only.py
[2025-03-06T19:57:55.301+0000] {processor.py:839} INFO - DAG(s) dict_keys(['latest_only']) retrieved from /home/airflow/.local/lib/python3.8/site-packages/airflow/example_dags/example_latest_only.py
[2025-03-06T19:57:55.312+0000] {logging_mixin.py:154} INFO - [2025-03-06T19:57:55.312+0000] {dag.py:2941} INFO - Sync 1 DAGs
[2025-03-06T19:57:55.321+0000] {logging_mixin.py:154} INFO - [2025-03-06T19:57:55.321+0000] {dag.py:3722} INFO - Setting next_dagrun for latest_only to 2025-03-06T15:57:55.321153+00:00, run_after=2025-03-06T19:57:55.321153+00:00
[2025-03-06T19:57:55.330+0000] {processor.py:179} INFO - Processing /home/airflow/.local/lib/python3.8/site-packages/airflow/example_dags/example_latest_only.py took 0.036 seconds
[2025-03-06T19:58:25.921+0000] {processor.py:157} INFO - Started process (PID=40201) to work on /home/airflow/.local/lib/python3.8/site-packages/airflow/example_dags/example_latest_only.py
[2025-03-06T19:58:25.922+0000] {processor.py:829} INFO - Processing file /home/airflow/.local/lib/python3.8/site-packages/airflow/example_dags/example_latest_only.py for tasks to queue
[2025-03-06T19:58:25.922+0000] {logging_mixin.py:154} INFO - [2025-03-06T19:58:25.922+0000] {dagbag.py:536} INFO - Filling up the DagBag from /home/airflow/.local/lib/python3.8/site-packages/airflow/example_dags/example_latest_only.py
[2025-03-06T19:58:25.925+0000] {processor.py:839} INFO - DAG(s) dict_keys(['latest_only']) retrieved from /home/airflow/.local/lib/python3.8/site-packages/airflow/example_dags/example_latest_only.py
[2025-03-06T19:58:25.936+0000] {logging_mixin.py:154} INFO - [2025-03-06T19:58:25.936+0000] {dag.py:2941} INFO - Sync 1 DAGs
[2025-03-06T19:58:25.945+0000] {logging_mixin.py:154} INFO - [2025-03-06T19:58:25.945+0000] {dag.py:3722} INFO - Setting next_dagrun for latest_only to 2025-03-06T15:58:25.945368+00:00, run_after=2025-03-06T19:58:25.945368+00:00
[2025-03-06T19:58:25.956+0000] {processor.py:179} INFO - Processing /home/airflow/.local/lib/python3.8/site-packages/airflow/example_dags/example_latest_only.py took 0.036 seconds
[2025-03-06T19:58:56.507+0000] {processor.py:157} INFO - Started process (PID=40257) to work on /home/airflow/.local/lib/python3.8/site-packages/airflow/example_dags/example_latest_only.py
[2025-03-06T19:58:56.507+0000] {processor.py:829} INFO - Processing file /home/airflow/.local/lib/python3.8/site-packages/airflow/example_dags/example_latest_only.py for tasks to queue
[2025-03-06T19:58:56.507+0000] {logging_mixin.py:154} INFO - [2025-03-06T19:58:56.507+0000] {dagbag.py:536} INFO - Filling up the DagBag from /home/airflow/.local/lib/python3.8/site-packages/airflow/example_dags/example_latest_only.py
[2025-03-06T19:58:56.510+0000] {processor.py:839} INFO - DAG(s) dict_keys(['latest_only']) retrieved from /home/airflow/.local/lib/python3.8/site-packages/airflow/example_dags/example_latest_only.py
[2025-03-06T19:58:56.520+0000] {logging_mixin.py:154} INFO - [2025-03-06T19:58:56.520+0000] {dag.py:2941} INFO - Sync 1 DAGs
[2025-03-06T19:58:56.529+0000] {logging_mixin.py:154} INFO - [2025-03-06T19:58:56.529+0000] {dag.py:3722} INFO - Setting next_dagrun for latest_only to 2025-03-06T15:58:56.529240+00:00, run_after=2025-03-06T19:58:56.529240+00:00
[2025-03-06T19:58:56.539+0000] {processor.py:179} INFO - Processing /home/airflow/.local/lib/python3.8/site-packages/airflow/example_dags/example_latest_only.py took 0.034 seconds
[2025-03-06T19:59:27.161+0000] {processor.py:157} INFO - Started process (PID=40313) to work on /home/airflow/.local/lib/python3.8/site-packages/airflow/example_dags/example_latest_only.py
[2025-03-06T19:59:27.161+0000] {processor.py:829} INFO - Processing file /home/airflow/.local/lib/python3.8/site-packages/airflow/example_dags/example_latest_only.py for tasks to queue
[2025-03-06T19:59:27.162+0000] {logging_mixin.py:154} INFO - [2025-03-06T19:59:27.162+0000] {dagbag.py:536} INFO - Filling up the DagBag from /home/airflow/.local/lib/python3.8/site-packages/airflow/example_dags/example_latest_only.py
[2025-03-06T19:59:27.167+0000] {processor.py:839} INFO - DAG(s) dict_keys(['latest_only']) retrieved from /home/airflow/.local/lib/python3.8/site-packages/airflow/example_dags/example_latest_only.py
[2025-03-06T19:59:27.177+0000] {logging_mixin.py:154} INFO - [2025-03-06T19:59:27.177+0000] {dag.py:2941} INFO - Sync 1 DAGs
[2025-03-06T19:59:27.186+0000] {logging_mixin.py:154} INFO - [2025-03-06T19:59:27.186+0000] {dag.py:3722} INFO - Setting next_dagrun for latest_only to 2025-03-06T15:59:27.186618+00:00, run_after=2025-03-06T19:59:27.186618+00:00
[2025-03-06T19:59:27.196+0000] {processor.py:179} INFO - Processing /home/airflow/.local/lib/python3.8/site-packages/airflow/example_dags/example_latest_only.py took 0.036 seconds
[2025-03-06T19:59:57.725+0000] {processor.py:157} INFO - Started process (PID=40369) to work on /home/airflow/.local/lib/python3.8/site-packages/airflow/example_dags/example_latest_only.py
[2025-03-06T19:59:57.726+0000] {processor.py:829} INFO - Processing file /home/airflow/.local/lib/python3.8/site-packages/airflow/example_dags/example_latest_only.py for tasks to queue
[2025-03-06T19:59:57.726+0000] {logging_mixin.py:154} INFO - [2025-03-06T19:59:57.726+0000] {dagbag.py:536} INFO - Filling up the DagBag from /home/airflow/.local/lib/python3.8/site-packages/airflow/example_dags/example_latest_only.py
[2025-03-06T19:59:57.729+0000] {processor.py:839} INFO - DAG(s) dict_keys(['latest_only']) retrieved from /home/airflow/.local/lib/python3.8/site-packages/airflow/example_dags/example_latest_only.py
[2025-03-06T19:59:57.739+0000] {logging_mixin.py:154} INFO - [2025-03-06T19:59:57.739+0000] {dag.py:2941} INFO - Sync 1 DAGs
[2025-03-06T19:59:57.748+0000] {logging_mixin.py:154} INFO - [2025-03-06T19:59:57.747+0000] {dag.py:3722} INFO - Setting next_dagrun for latest_only to 2025-03-06T15:59:57.747834+00:00, run_after=2025-03-06T19:59:57.747834+00:00
[2025-03-06T19:59:57.756+0000] {processor.py:179} INFO - Processing /home/airflow/.local/lib/python3.8/site-packages/airflow/example_dags/example_latest_only.py took 0.033 seconds
[2025-03-06T20:00:28.288+0000] {processor.py:157} INFO - Started process (PID=40425) to work on /home/airflow/.local/lib/python3.8/site-packages/airflow/example_dags/example_latest_only.py
[2025-03-06T20:00:28.289+0000] {processor.py:829} INFO - Processing file /home/airflow/.local/lib/python3.8/site-packages/airflow/example_dags/example_latest_only.py for tasks to queue
[2025-03-06T20:00:28.290+0000] {logging_mixin.py:154} INFO - [2025-03-06T20:00:28.290+0000] {dagbag.py:536} INFO - Filling up the DagBag from /home/airflow/.local/lib/python3.8/site-packages/airflow/example_dags/example_latest_only.py
[2025-03-06T20:00:28.293+0000] {processor.py:839} INFO - DAG(s) dict_keys(['latest_only']) retrieved from /home/airflow/.local/lib/python3.8/site-packages/airflow/example_dags/example_latest_only.py
[2025-03-06T20:00:28.302+0000] {logging_mixin.py:154} INFO - [2025-03-06T20:00:28.302+0000] {dag.py:2941} INFO - Sync 1 DAGs
[2025-03-06T20:00:28.312+0000] {logging_mixin.py:154} INFO - [2025-03-06T20:00:28.312+0000] {dag.py:3722} INFO - Setting next_dagrun for latest_only to 2025-03-06T16:00:28.312818+00:00, run_after=2025-03-06T20:00:28.312818+00:00
[2025-03-06T20:00:28.322+0000] {processor.py:179} INFO - Processing /home/airflow/.local/lib/python3.8/site-packages/airflow/example_dags/example_latest_only.py took 0.036 seconds
[2025-03-06T20:00:58.816+0000] {processor.py:157} INFO - Started process (PID=40481) to work on /home/airflow/.local/lib/python3.8/site-packages/airflow/example_dags/example_latest_only.py
[2025-03-06T20:00:58.818+0000] {processor.py:829} INFO - Processing file /home/airflow/.local/lib/python3.8/site-packages/airflow/example_dags/example_latest_only.py for tasks to queue
[2025-03-06T20:00:58.819+0000] {logging_mixin.py:154} INFO - [2025-03-06T20:00:58.819+0000] {dagbag.py:536} INFO - Filling up the DagBag from /home/airflow/.local/lib/python3.8/site-packages/airflow/example_dags/example_latest_only.py
[2025-03-06T20:00:58.822+0000] {processor.py:839} INFO - DAG(s) dict_keys(['latest_only']) retrieved from /home/airflow/.local/lib/python3.8/site-packages/airflow/example_dags/example_latest_only.py
[2025-03-06T20:00:58.833+0000] {logging_mixin.py:154} INFO - [2025-03-06T20:00:58.833+0000] {dag.py:2941} INFO - Sync 1 DAGs
[2025-03-06T20:00:58.840+0000] {logging_mixin.py:154} INFO - [2025-03-06T20:00:58.840+0000] {dag.py:3722} INFO - Setting next_dagrun for latest_only to 2025-03-06T16:00:58.840421+00:00, run_after=2025-03-06T20:00:58.840421+00:00
[2025-03-06T20:00:58.849+0000] {processor.py:179} INFO - Processing /home/airflow/.local/lib/python3.8/site-packages/airflow/example_dags/example_latest_only.py took 0.034 seconds
[2025-03-06T20:01:29.431+0000] {processor.py:157} INFO - Started process (PID=40537) to work on /home/airflow/.local/lib/python3.8/site-packages/airflow/example_dags/example_latest_only.py
[2025-03-06T20:01:29.432+0000] {processor.py:829} INFO - Processing file /home/airflow/.local/lib/python3.8/site-packages/airflow/example_dags/example_latest_only.py for tasks to queue
[2025-03-06T20:01:29.432+0000] {logging_mixin.py:154} INFO - [2025-03-06T20:01:29.432+0000] {dagbag.py:536} INFO - Filling up the DagBag from /home/airflow/.local/lib/python3.8/site-packages/airflow/example_dags/example_latest_only.py
[2025-03-06T20:01:29.435+0000] {processor.py:839} INFO - DAG(s) dict_keys(['latest_only']) retrieved from /home/airflow/.local/lib/python3.8/site-packages/airflow/example_dags/example_latest_only.py
[2025-03-06T20:01:29.446+0000] {logging_mixin.py:154} INFO - [2025-03-06T20:01:29.446+0000] {dag.py:2941} INFO - Sync 1 DAGs
[2025-03-06T20:01:29.457+0000] {logging_mixin.py:154} INFO - [2025-03-06T20:01:29.456+0000] {dag.py:3722} INFO - Setting next_dagrun for latest_only to 2025-03-06T16:01:29.456836+00:00, run_after=2025-03-06T20:01:29.456836+00:00
[2025-03-06T20:01:29.468+0000] {processor.py:179} INFO - Processing /home/airflow/.local/lib/python3.8/site-packages/airflow/example_dags/example_latest_only.py took 0.038 seconds
[2025-03-06T20:02:00.060+0000] {processor.py:157} INFO - Started process (PID=40593) to work on /home/airflow/.local/lib/python3.8/site-packages/airflow/example_dags/example_latest_only.py
[2025-03-06T20:02:00.061+0000] {processor.py:829} INFO - Processing file /home/airflow/.local/lib/python3.8/site-packages/airflow/example_dags/example_latest_only.py for tasks to queue
[2025-03-06T20:02:00.061+0000] {logging_mixin.py:154} INFO - [2025-03-06T20:02:00.061+0000] {dagbag.py:536} INFO - Filling up the DagBag from /home/airflow/.local/lib/python3.8/site-packages/airflow/example_dags/example_latest_only.py
[2025-03-06T20:02:00.065+0000] {processor.py:839} INFO - DAG(s) dict_keys(['latest_only']) retrieved from /home/airflow/.local/lib/python3.8/site-packages/airflow/example_dags/example_latest_only.py
[2025-03-06T20:02:00.074+0000] {logging_mixin.py:154} INFO - [2025-03-06T20:02:00.074+0000] {dag.py:2941} INFO - Sync 1 DAGs
[2025-03-06T20:02:00.084+0000] {logging_mixin.py:154} INFO - [2025-03-06T20:02:00.084+0000] {dag.py:3722} INFO - Setting next_dagrun for latest_only to 2025-03-06T16:02:00.084481+00:00, run_after=2025-03-06T20:02:00.084481+00:00
[2025-03-06T20:02:00.093+0000] {processor.py:179} INFO - Processing /home/airflow/.local/lib/python3.8/site-packages/airflow/example_dags/example_latest_only.py took 0.034 seconds
[2025-03-06T20:02:30.768+0000] {processor.py:157} INFO - Started process (PID=40649) to work on /home/airflow/.local/lib/python3.8/site-packages/airflow/example_dags/example_latest_only.py
[2025-03-06T20:02:30.769+0000] {processor.py:829} INFO - Processing file /home/airflow/.local/lib/python3.8/site-packages/airflow/example_dags/example_latest_only.py for tasks to queue
[2025-03-06T20:02:30.769+0000] {logging_mixin.py:154} INFO - [2025-03-06T20:02:30.769+0000] {dagbag.py:536} INFO - Filling up the DagBag from /home/airflow/.local/lib/python3.8/site-packages/airflow/example_dags/example_latest_only.py
[2025-03-06T20:02:30.772+0000] {processor.py:839} INFO - DAG(s) dict_keys(['latest_only']) retrieved from /home/airflow/.local/lib/python3.8/site-packages/airflow/example_dags/example_latest_only.py
[2025-03-06T20:02:30.782+0000] {logging_mixin.py:154} INFO - [2025-03-06T20:02:30.781+0000] {dag.py:2941} INFO - Sync 1 DAGs
[2025-03-06T20:02:30.789+0000] {logging_mixin.py:154} INFO - [2025-03-06T20:02:30.789+0000] {dag.py:3722} INFO - Setting next_dagrun for latest_only to 2025-03-06T16:02:30.789738+00:00, run_after=2025-03-06T20:02:30.789738+00:00
[2025-03-06T20:02:30.799+0000] {processor.py:179} INFO - Processing /home/airflow/.local/lib/python3.8/site-packages/airflow/example_dags/example_latest_only.py took 0.032 seconds
[2025-03-06T20:03:01.421+0000] {processor.py:157} INFO - Started process (PID=40705) to work on /home/airflow/.local/lib/python3.8/site-packages/airflow/example_dags/example_latest_only.py
[2025-03-06T20:03:01.423+0000] {processor.py:829} INFO - Processing file /home/airflow/.local/lib/python3.8/site-packages/airflow/example_dags/example_latest_only.py for tasks to queue
[2025-03-06T20:03:01.424+0000] {logging_mixin.py:154} INFO - [2025-03-06T20:03:01.424+0000] {dagbag.py:536} INFO - Filling up the DagBag from /home/airflow/.local/lib/python3.8/site-packages/airflow/example_dags/example_latest_only.py
[2025-03-06T20:03:01.427+0000] {processor.py:839} INFO - DAG(s) dict_keys(['latest_only']) retrieved from /home/airflow/.local/lib/python3.8/site-packages/airflow/example_dags/example_latest_only.py
[2025-03-06T20:03:01.436+0000] {logging_mixin.py:154} INFO - [2025-03-06T20:03:01.436+0000] {dag.py:2941} INFO - Sync 1 DAGs
[2025-03-06T20:03:01.445+0000] {logging_mixin.py:154} INFO - [2025-03-06T20:03:01.445+0000] {dag.py:3722} INFO - Setting next_dagrun for latest_only to 2025-03-06T16:03:01.445390+00:00, run_after=2025-03-06T20:03:01.445390+00:00
[2025-03-06T20:03:01.454+0000] {processor.py:179} INFO - Processing /home/airflow/.local/lib/python3.8/site-packages/airflow/example_dags/example_latest_only.py took 0.034 seconds
[2025-03-06T20:03:32.014+0000] {processor.py:157} INFO - Started process (PID=40761) to work on /home/airflow/.local/lib/python3.8/site-packages/airflow/example_dags/example_latest_only.py
[2025-03-06T20:03:32.014+0000] {processor.py:829} INFO - Processing file /home/airflow/.local/lib/python3.8/site-packages/airflow/example_dags/example_latest_only.py for tasks to queue
[2025-03-06T20:03:32.014+0000] {logging_mixin.py:154} INFO - [2025-03-06T20:03:32.014+0000] {dagbag.py:536} INFO - Filling up the DagBag from /home/airflow/.local/lib/python3.8/site-packages/airflow/example_dags/example_latest_only.py
[2025-03-06T20:03:32.017+0000] {processor.py:839} INFO - DAG(s) dict_keys(['latest_only']) retrieved from /home/airflow/.local/lib/python3.8/site-packages/airflow/example_dags/example_latest_only.py
[2025-03-06T20:03:32.027+0000] {logging_mixin.py:154} INFO - [2025-03-06T20:03:32.027+0000] {dag.py:2941} INFO - Sync 1 DAGs
[2025-03-06T20:03:32.036+0000] {logging_mixin.py:154} INFO - [2025-03-06T20:03:32.036+0000] {dag.py:3722} INFO - Setting next_dagrun for latest_only to 2025-03-06T16:03:32.036421+00:00, run_after=2025-03-06T20:03:32.036421+00:00
[2025-03-06T20:03:32.047+0000] {processor.py:179} INFO - Processing /home/airflow/.local/lib/python3.8/site-packages/airflow/example_dags/example_latest_only.py took 0.035 seconds
[2025-03-06T20:04:02.695+0000] {processor.py:157} INFO - Started process (PID=40817) to work on /home/airflow/.local/lib/python3.8/site-packages/airflow/example_dags/example_latest_only.py
[2025-03-06T20:04:02.697+0000] {processor.py:829} INFO - Processing file /home/airflow/.local/lib/python3.8/site-packages/airflow/example_dags/example_latest_only.py for tasks to queue
[2025-03-06T20:04:02.698+0000] {logging_mixin.py:154} INFO - [2025-03-06T20:04:02.698+0000] {dagbag.py:536} INFO - Filling up the DagBag from /home/airflow/.local/lib/python3.8/site-packages/airflow/example_dags/example_latest_only.py
[2025-03-06T20:04:02.701+0000] {processor.py:839} INFO - DAG(s) dict_keys(['latest_only']) retrieved from /home/airflow/.local/lib/python3.8/site-packages/airflow/example_dags/example_latest_only.py
[2025-03-06T20:04:02.711+0000] {logging_mixin.py:154} INFO - [2025-03-06T20:04:02.711+0000] {dag.py:2941} INFO - Sync 1 DAGs
[2025-03-06T20:04:02.719+0000] {logging_mixin.py:154} INFO - [2025-03-06T20:04:02.719+0000] {dag.py:3722} INFO - Setting next_dagrun for latest_only to 2025-03-06T16:04:02.719305+00:00, run_after=2025-03-06T20:04:02.719305+00:00
[2025-03-06T20:04:02.727+0000] {processor.py:179} INFO - Processing /home/airflow/.local/lib/python3.8/site-packages/airflow/example_dags/example_latest_only.py took 0.034 seconds
[2025-03-06T20:04:33.243+0000] {processor.py:157} INFO - Started process (PID=40873) to work on /home/airflow/.local/lib/python3.8/site-packages/airflow/example_dags/example_latest_only.py
[2025-03-06T20:04:33.243+0000] {processor.py:829} INFO - Processing file /home/airflow/.local/lib/python3.8/site-packages/airflow/example_dags/example_latest_only.py for tasks to queue
[2025-03-06T20:04:33.243+0000] {logging_mixin.py:154} INFO - [2025-03-06T20:04:33.243+0000] {dagbag.py:536} INFO - Filling up the DagBag from /home/airflow/.local/lib/python3.8/site-packages/airflow/example_dags/example_latest_only.py
[2025-03-06T20:04:33.246+0000] {processor.py:839} INFO - DAG(s) dict_keys(['latest_only']) retrieved from /home/airflow/.local/lib/python3.8/site-packages/airflow/example_dags/example_latest_only.py
[2025-03-06T20:04:33.258+0000] {logging_mixin.py:154} INFO - [2025-03-06T20:04:33.257+0000] {dag.py:2941} INFO - Sync 1 DAGs
[2025-03-06T20:04:33.267+0000] {logging_mixin.py:154} INFO - [2025-03-06T20:04:33.267+0000] {dag.py:3722} INFO - Setting next_dagrun for latest_only to 2025-03-06T16:04:33.267153+00:00, run_after=2025-03-06T20:04:33.267153+00:00
[2025-03-06T20:04:33.277+0000] {processor.py:179} INFO - Processing /home/airflow/.local/lib/python3.8/site-packages/airflow/example_dags/example_latest_only.py took 0.036 seconds
[2025-03-06T20:05:03.920+0000] {processor.py:157} INFO - Started process (PID=40929) to work on /home/airflow/.local/lib/python3.8/site-packages/airflow/example_dags/example_latest_only.py
[2025-03-06T20:05:03.921+0000] {processor.py:829} INFO - Processing file /home/airflow/.local/lib/python3.8/site-packages/airflow/example_dags/example_latest_only.py for tasks to queue
[2025-03-06T20:05:03.921+0000] {logging_mixin.py:154} INFO - [2025-03-06T20:05:03.921+0000] {dagbag.py:536} INFO - Filling up the DagBag from /home/airflow/.local/lib/python3.8/site-packages/airflow/example_dags/example_latest_only.py
[2025-03-06T20:05:03.924+0000] {processor.py:839} INFO - DAG(s) dict_keys(['latest_only']) retrieved from /home/airflow/.local/lib/python3.8/site-packages/airflow/example_dags/example_latest_only.py
[2025-03-06T20:05:03.934+0000] {logging_mixin.py:154} INFO - [2025-03-06T20:05:03.934+0000] {dag.py:2941} INFO - Sync 1 DAGs
[2025-03-06T20:05:03.944+0000] {logging_mixin.py:154} INFO - [2025-03-06T20:05:03.944+0000] {dag.py:3722} INFO - Setting next_dagrun for latest_only to 2025-03-06T16:05:03.944252+00:00, run_after=2025-03-06T20:05:03.944252+00:00
[2025-03-06T20:05:03.953+0000] {processor.py:179} INFO - Processing /home/airflow/.local/lib/python3.8/site-packages/airflow/example_dags/example_latest_only.py took 0.034 seconds
[2025-03-06T20:05:34.489+0000] {processor.py:157} INFO - Started process (PID=40985) to work on /home/airflow/.local/lib/python3.8/site-packages/airflow/example_dags/example_latest_only.py
[2025-03-06T20:05:34.489+0000] {processor.py:829} INFO - Processing file /home/airflow/.local/lib/python3.8/site-packages/airflow/example_dags/example_latest_only.py for tasks to queue
[2025-03-06T20:05:34.489+0000] {logging_mixin.py:154} INFO - [2025-03-06T20:05:34.489+0000] {dagbag.py:536} INFO - Filling up the DagBag from /home/airflow/.local/lib/python3.8/site-packages/airflow/example_dags/example_latest_only.py
[2025-03-06T20:05:34.492+0000] {processor.py:839} INFO - DAG(s) dict_keys(['latest_only']) retrieved from /home/airflow/.local/lib/python3.8/site-packages/airflow/example_dags/example_latest_only.py
[2025-03-06T20:05:34.504+0000] {logging_mixin.py:154} INFO - [2025-03-06T20:05:34.503+0000] {dag.py:2941} INFO - Sync 1 DAGs
[2025-03-06T20:05:34.514+0000] {logging_mixin.py:154} INFO - [2025-03-06T20:05:34.514+0000] {dag.py:3722} INFO - Setting next_dagrun for latest_only to 2025-03-06T16:05:34.514455+00:00, run_after=2025-03-06T20:05:34.514455+00:00
[2025-03-06T20:05:34.523+0000] {processor.py:179} INFO - Processing /home/airflow/.local/lib/python3.8/site-packages/airflow/example_dags/example_latest_only.py took 0.036 seconds
[2025-03-06T20:06:05.050+0000] {processor.py:157} INFO - Started process (PID=41041) to work on /home/airflow/.local/lib/python3.8/site-packages/airflow/example_dags/example_latest_only.py
[2025-03-06T20:06:05.051+0000] {processor.py:829} INFO - Processing file /home/airflow/.local/lib/python3.8/site-packages/airflow/example_dags/example_latest_only.py for tasks to queue
[2025-03-06T20:06:05.051+0000] {logging_mixin.py:154} INFO - [2025-03-06T20:06:05.051+0000] {dagbag.py:536} INFO - Filling up the DagBag from /home/airflow/.local/lib/python3.8/site-packages/airflow/example_dags/example_latest_only.py
[2025-03-06T20:06:05.054+0000] {processor.py:839} INFO - DAG(s) dict_keys(['latest_only']) retrieved from /home/airflow/.local/lib/python3.8/site-packages/airflow/example_dags/example_latest_only.py
[2025-03-06T20:06:05.067+0000] {logging_mixin.py:154} INFO - [2025-03-06T20:06:05.066+0000] {dag.py:2941} INFO - Sync 1 DAGs
[2025-03-06T20:06:05.075+0000] {logging_mixin.py:154} INFO - [2025-03-06T20:06:05.075+0000] {dag.py:3722} INFO - Setting next_dagrun for latest_only to 2025-03-06T16:06:05.075128+00:00, run_after=2025-03-06T20:06:05.075128+00:00
[2025-03-06T20:06:05.085+0000] {processor.py:179} INFO - Processing /home/airflow/.local/lib/python3.8/site-packages/airflow/example_dags/example_latest_only.py took 0.036 seconds
[2025-03-06T20:06:35.723+0000] {processor.py:157} INFO - Started process (PID=41097) to work on /home/airflow/.local/lib/python3.8/site-packages/airflow/example_dags/example_latest_only.py
[2025-03-06T20:06:35.723+0000] {processor.py:829} INFO - Processing file /home/airflow/.local/lib/python3.8/site-packages/airflow/example_dags/example_latest_only.py for tasks to queue
[2025-03-06T20:06:35.723+0000] {logging_mixin.py:154} INFO - [2025-03-06T20:06:35.723+0000] {dagbag.py:536} INFO - Filling up the DagBag from /home/airflow/.local/lib/python3.8/site-packages/airflow/example_dags/example_latest_only.py
[2025-03-06T20:06:35.726+0000] {processor.py:839} INFO - DAG(s) dict_keys(['latest_only']) retrieved from /home/airflow/.local/lib/python3.8/site-packages/airflow/example_dags/example_latest_only.py
[2025-03-06T20:06:35.738+0000] {logging_mixin.py:154} INFO - [2025-03-06T20:06:35.738+0000] {dag.py:2941} INFO - Sync 1 DAGs
[2025-03-06T20:06:35.748+0000] {logging_mixin.py:154} INFO - [2025-03-06T20:06:35.748+0000] {dag.py:3722} INFO - Setting next_dagrun for latest_only to 2025-03-06T16:06:35.748289+00:00, run_after=2025-03-06T20:06:35.748289+00:00
[2025-03-06T20:06:35.757+0000] {processor.py:179} INFO - Processing /home/airflow/.local/lib/python3.8/site-packages/airflow/example_dags/example_latest_only.py took 0.036 seconds
[2025-03-06T20:07:06.257+0000] {processor.py:157} INFO - Started process (PID=41153) to work on /home/airflow/.local/lib/python3.8/site-packages/airflow/example_dags/example_latest_only.py
[2025-03-06T20:07:06.257+0000] {processor.py:829} INFO - Processing file /home/airflow/.local/lib/python3.8/site-packages/airflow/example_dags/example_latest_only.py for tasks to queue
[2025-03-06T20:07:06.259+0000] {logging_mixin.py:154} INFO - [2025-03-06T20:07:06.259+0000] {dagbag.py:536} INFO - Filling up the DagBag from /home/airflow/.local/lib/python3.8/site-packages/airflow/example_dags/example_latest_only.py
[2025-03-06T20:07:06.262+0000] {processor.py:839} INFO - DAG(s) dict_keys(['latest_only']) retrieved from /home/airflow/.local/lib/python3.8/site-packages/airflow/example_dags/example_latest_only.py
[2025-03-06T20:07:06.273+0000] {logging_mixin.py:154} INFO - [2025-03-06T20:07:06.273+0000] {dag.py:2941} INFO - Sync 1 DAGs
[2025-03-06T20:07:06.281+0000] {logging_mixin.py:154} INFO - [2025-03-06T20:07:06.281+0000] {dag.py:3722} INFO - Setting next_dagrun for latest_only to 2025-03-06T16:07:06.281673+00:00, run_after=2025-03-06T20:07:06.281673+00:00
[2025-03-06T20:07:06.290+0000] {processor.py:179} INFO - Processing /home/airflow/.local/lib/python3.8/site-packages/airflow/example_dags/example_latest_only.py took 0.035 seconds
[2025-03-06T20:07:36.812+0000] {processor.py:157} INFO - Started process (PID=41209) to work on /home/airflow/.local/lib/python3.8/site-packages/airflow/example_dags/example_latest_only.py
[2025-03-06T20:07:36.813+0000] {processor.py:829} INFO - Processing file /home/airflow/.local/lib/python3.8/site-packages/airflow/example_dags/example_latest_only.py for tasks to queue
[2025-03-06T20:07:36.813+0000] {logging_mixin.py:154} INFO - [2025-03-06T20:07:36.813+0000] {dagbag.py:536} INFO - Filling up the DagBag from /home/airflow/.local/lib/python3.8/site-packages/airflow/example_dags/example_latest_only.py
[2025-03-06T20:07:36.816+0000] {processor.py:839} INFO - DAG(s) dict_keys(['latest_only']) retrieved from /home/airflow/.local/lib/python3.8/site-packages/airflow/example_dags/example_latest_only.py
[2025-03-06T20:07:36.828+0000] {logging_mixin.py:154} INFO - [2025-03-06T20:07:36.828+0000] {dag.py:2941} INFO - Sync 1 DAGs
[2025-03-06T20:07:36.838+0000] {logging_mixin.py:154} INFO - [2025-03-06T20:07:36.838+0000] {dag.py:3722} INFO - Setting next_dagrun for latest_only to 2025-03-06T16:07:36.838438+00:00, run_after=2025-03-06T20:07:36.838438+00:00
[2025-03-06T20:07:36.846+0000] {processor.py:179} INFO - Processing /home/airflow/.local/lib/python3.8/site-packages/airflow/example_dags/example_latest_only.py took 0.035 seconds
[2025-03-06T20:08:07.429+0000] {processor.py:157} INFO - Started process (PID=41265) to work on /home/airflow/.local/lib/python3.8/site-packages/airflow/example_dags/example_latest_only.py
[2025-03-06T20:08:07.430+0000] {processor.py:829} INFO - Processing file /home/airflow/.local/lib/python3.8/site-packages/airflow/example_dags/example_latest_only.py for tasks to queue
[2025-03-06T20:08:07.430+0000] {logging_mixin.py:154} INFO - [2025-03-06T20:08:07.430+0000] {dagbag.py:536} INFO - Filling up the DagBag from /home/airflow/.local/lib/python3.8/site-packages/airflow/example_dags/example_latest_only.py
[2025-03-06T20:08:07.433+0000] {processor.py:839} INFO - DAG(s) dict_keys(['latest_only']) retrieved from /home/airflow/.local/lib/python3.8/site-packages/airflow/example_dags/example_latest_only.py
[2025-03-06T20:08:07.445+0000] {logging_mixin.py:154} INFO - [2025-03-06T20:08:07.444+0000] {dag.py:2941} INFO - Sync 1 DAGs
[2025-03-06T20:08:07.455+0000] {logging_mixin.py:154} INFO - [2025-03-06T20:08:07.455+0000] {dag.py:3722} INFO - Setting next_dagrun for latest_only to 2025-03-06T16:08:07.455011+00:00, run_after=2025-03-06T20:08:07.455011+00:00
[2025-03-06T20:08:07.464+0000] {processor.py:179} INFO - Processing /home/airflow/.local/lib/python3.8/site-packages/airflow/example_dags/example_latest_only.py took 0.036 seconds
[2025-03-06T20:08:38.059+0000] {processor.py:157} INFO - Started process (PID=41321) to work on /home/airflow/.local/lib/python3.8/site-packages/airflow/example_dags/example_latest_only.py
[2025-03-06T20:08:38.061+0000] {processor.py:829} INFO - Processing file /home/airflow/.local/lib/python3.8/site-packages/airflow/example_dags/example_latest_only.py for tasks to queue
[2025-03-06T20:08:38.061+0000] {logging_mixin.py:154} INFO - [2025-03-06T20:08:38.061+0000] {dagbag.py:536} INFO - Filling up the DagBag from /home/airflow/.local/lib/python3.8/site-packages/airflow/example_dags/example_latest_only.py
[2025-03-06T20:08:38.065+0000] {processor.py:839} INFO - DAG(s) dict_keys(['latest_only']) retrieved from /home/airflow/.local/lib/python3.8/site-packages/airflow/example_dags/example_latest_only.py
[2025-03-06T20:08:38.076+0000] {logging_mixin.py:154} INFO - [2025-03-06T20:08:38.076+0000] {dag.py:2941} INFO - Sync 1 DAGs
[2025-03-06T20:08:38.086+0000] {logging_mixin.py:154} INFO - [2025-03-06T20:08:38.086+0000] {dag.py:3722} INFO - Setting next_dagrun for latest_only to 2025-03-06T16:08:38.086415+00:00, run_after=2025-03-06T20:08:38.086415+00:00
[2025-03-06T20:08:38.094+0000] {processor.py:179} INFO - Processing /home/airflow/.local/lib/python3.8/site-packages/airflow/example_dags/example_latest_only.py took 0.037 seconds
[2025-03-06T20:09:08.627+0000] {processor.py:157} INFO - Started process (PID=41377) to work on /home/airflow/.local/lib/python3.8/site-packages/airflow/example_dags/example_latest_only.py
[2025-03-06T20:09:08.628+0000] {processor.py:829} INFO - Processing file /home/airflow/.local/lib/python3.8/site-packages/airflow/example_dags/example_latest_only.py for tasks to queue
[2025-03-06T20:09:08.630+0000] {logging_mixin.py:154} INFO - [2025-03-06T20:09:08.630+0000] {dagbag.py:536} INFO - Filling up the DagBag from /home/airflow/.local/lib/python3.8/site-packages/airflow/example_dags/example_latest_only.py
[2025-03-06T20:09:08.633+0000] {processor.py:839} INFO - DAG(s) dict_keys(['latest_only']) retrieved from /home/airflow/.local/lib/python3.8/site-packages/airflow/example_dags/example_latest_only.py
[2025-03-06T20:09:08.643+0000] {logging_mixin.py:154} INFO - [2025-03-06T20:09:08.643+0000] {dag.py:2941} INFO - Sync 1 DAGs
[2025-03-06T20:09:08.652+0000] {logging_mixin.py:154} INFO - [2025-03-06T20:09:08.652+0000] {dag.py:3722} INFO - Setting next_dagrun for latest_only to 2025-03-06T16:09:08.652289+00:00, run_after=2025-03-06T20:09:08.652289+00:00
[2025-03-06T20:09:08.662+0000] {processor.py:179} INFO - Processing /home/airflow/.local/lib/python3.8/site-packages/airflow/example_dags/example_latest_only.py took 0.036 seconds
[2025-03-06T20:09:39.284+0000] {processor.py:157} INFO - Started process (PID=41433) to work on /home/airflow/.local/lib/python3.8/site-packages/airflow/example_dags/example_latest_only.py
[2025-03-06T20:09:39.285+0000] {processor.py:829} INFO - Processing file /home/airflow/.local/lib/python3.8/site-packages/airflow/example_dags/example_latest_only.py for tasks to queue
[2025-03-06T20:09:39.287+0000] {logging_mixin.py:154} INFO - [2025-03-06T20:09:39.287+0000] {dagbag.py:536} INFO - Filling up the DagBag from /home/airflow/.local/lib/python3.8/site-packages/airflow/example_dags/example_latest_only.py
[2025-03-06T20:09:39.291+0000] {processor.py:839} INFO - DAG(s) dict_keys(['latest_only']) retrieved from /home/airflow/.local/lib/python3.8/site-packages/airflow/example_dags/example_latest_only.py
[2025-03-06T20:09:39.302+0000] {logging_mixin.py:154} INFO - [2025-03-06T20:09:39.301+0000] {dag.py:2941} INFO - Sync 1 DAGs
[2025-03-06T20:09:39.310+0000] {logging_mixin.py:154} INFO - [2025-03-06T20:09:39.310+0000] {dag.py:3722} INFO - Setting next_dagrun for latest_only to 2025-03-06T16:09:39.310399+00:00, run_after=2025-03-06T20:09:39.310399+00:00
[2025-03-06T20:09:39.320+0000] {processor.py:179} INFO - Processing /home/airflow/.local/lib/python3.8/site-packages/airflow/example_dags/example_latest_only.py took 0.038 seconds
[2025-03-06T20:10:09.877+0000] {processor.py:157} INFO - Started process (PID=41489) to work on /home/airflow/.local/lib/python3.8/site-packages/airflow/example_dags/example_latest_only.py
[2025-03-06T20:10:09.878+0000] {processor.py:829} INFO - Processing file /home/airflow/.local/lib/python3.8/site-packages/airflow/example_dags/example_latest_only.py for tasks to queue
[2025-03-06T20:10:09.878+0000] {logging_mixin.py:154} INFO - [2025-03-06T20:10:09.878+0000] {dagbag.py:536} INFO - Filling up the DagBag from /home/airflow/.local/lib/python3.8/site-packages/airflow/example_dags/example_latest_only.py
[2025-03-06T20:10:09.881+0000] {processor.py:839} INFO - DAG(s) dict_keys(['latest_only']) retrieved from /home/airflow/.local/lib/python3.8/site-packages/airflow/example_dags/example_latest_only.py
[2025-03-06T20:10:09.892+0000] {logging_mixin.py:154} INFO - [2025-03-06T20:10:09.892+0000] {dag.py:2941} INFO - Sync 1 DAGs
[2025-03-06T20:10:09.900+0000] {logging_mixin.py:154} INFO - [2025-03-06T20:10:09.900+0000] {dag.py:3722} INFO - Setting next_dagrun for latest_only to 2025-03-06T16:10:09.900188+00:00, run_after=2025-03-06T20:10:09.900188+00:00
[2025-03-06T20:10:09.909+0000] {processor.py:179} INFO - Processing /home/airflow/.local/lib/python3.8/site-packages/airflow/example_dags/example_latest_only.py took 0.033 seconds
[2025-03-06T20:10:40.487+0000] {processor.py:157} INFO - Started process (PID=41551) to work on /home/airflow/.local/lib/python3.8/site-packages/airflow/example_dags/example_latest_only.py
[2025-03-06T20:10:40.487+0000] {processor.py:829} INFO - Processing file /home/airflow/.local/lib/python3.8/site-packages/airflow/example_dags/example_latest_only.py for tasks to queue
[2025-03-06T20:10:40.487+0000] {logging_mixin.py:154} INFO - [2025-03-06T20:10:40.487+0000] {dagbag.py:536} INFO - Filling up the DagBag from /home/airflow/.local/lib/python3.8/site-packages/airflow/example_dags/example_latest_only.py
[2025-03-06T20:10:40.491+0000] {processor.py:839} INFO - DAG(s) dict_keys(['latest_only']) retrieved from /home/airflow/.local/lib/python3.8/site-packages/airflow/example_dags/example_latest_only.py
[2025-03-06T20:10:40.499+0000] {logging_mixin.py:154} INFO - [2025-03-06T20:10:40.499+0000] {dag.py:2941} INFO - Sync 1 DAGs
[2025-03-06T20:10:40.507+0000] {logging_mixin.py:154} INFO - [2025-03-06T20:10:40.507+0000] {dag.py:3722} INFO - Setting next_dagrun for latest_only to 2025-03-06T16:10:40.507040+00:00, run_after=2025-03-06T20:10:40.507040+00:00
[2025-03-06T20:10:40.513+0000] {processor.py:179} INFO - Processing /home/airflow/.local/lib/python3.8/site-packages/airflow/example_dags/example_latest_only.py took 0.027 seconds
[2025-03-06T20:11:11.025+0000] {processor.py:157} INFO - Started process (PID=41607) to work on /home/airflow/.local/lib/python3.8/site-packages/airflow/example_dags/example_latest_only.py
[2025-03-06T20:11:11.027+0000] {processor.py:829} INFO - Processing file /home/airflow/.local/lib/python3.8/site-packages/airflow/example_dags/example_latest_only.py for tasks to queue
[2025-03-06T20:11:11.027+0000] {logging_mixin.py:154} INFO - [2025-03-06T20:11:11.027+0000] {dagbag.py:536} INFO - Filling up the DagBag from /home/airflow/.local/lib/python3.8/site-packages/airflow/example_dags/example_latest_only.py
[2025-03-06T20:11:11.032+0000] {processor.py:839} INFO - DAG(s) dict_keys(['latest_only']) retrieved from /home/airflow/.local/lib/python3.8/site-packages/airflow/example_dags/example_latest_only.py
[2025-03-06T20:11:11.043+0000] {logging_mixin.py:154} INFO - [2025-03-06T20:11:11.043+0000] {dag.py:2941} INFO - Sync 1 DAGs
[2025-03-06T20:11:11.052+0000] {logging_mixin.py:154} INFO - [2025-03-06T20:11:11.052+0000] {dag.py:3722} INFO - Setting next_dagrun for latest_only to 2025-03-06T16:11:11.052085+00:00, run_after=2025-03-06T20:11:11.052085+00:00
[2025-03-06T20:11:11.059+0000] {processor.py:179} INFO - Processing /home/airflow/.local/lib/python3.8/site-packages/airflow/example_dags/example_latest_only.py took 0.036 seconds
[2025-03-06T20:11:41.564+0000] {processor.py:157} INFO - Started process (PID=41663) to work on /home/airflow/.local/lib/python3.8/site-packages/airflow/example_dags/example_latest_only.py
[2025-03-06T20:11:41.565+0000] {processor.py:829} INFO - Processing file /home/airflow/.local/lib/python3.8/site-packages/airflow/example_dags/example_latest_only.py for tasks to queue
[2025-03-06T20:11:41.565+0000] {logging_mixin.py:154} INFO - [2025-03-06T20:11:41.565+0000] {dagbag.py:536} INFO - Filling up the DagBag from /home/airflow/.local/lib/python3.8/site-packages/airflow/example_dags/example_latest_only.py
[2025-03-06T20:11:41.568+0000] {processor.py:839} INFO - DAG(s) dict_keys(['latest_only']) retrieved from /home/airflow/.local/lib/python3.8/site-packages/airflow/example_dags/example_latest_only.py
[2025-03-06T20:11:41.579+0000] {logging_mixin.py:154} INFO - [2025-03-06T20:11:41.578+0000] {dag.py:2941} INFO - Sync 1 DAGs
[2025-03-06T20:11:41.587+0000] {logging_mixin.py:154} INFO - [2025-03-06T20:11:41.587+0000] {dag.py:3722} INFO - Setting next_dagrun for latest_only to 2025-03-06T16:11:41.587076+00:00, run_after=2025-03-06T20:11:41.587076+00:00
[2025-03-06T20:11:41.596+0000] {processor.py:179} INFO - Processing /home/airflow/.local/lib/python3.8/site-packages/airflow/example_dags/example_latest_only.py took 0.033 seconds
[2025-03-06T20:12:12.156+0000] {processor.py:157} INFO - Started process (PID=41719) to work on /home/airflow/.local/lib/python3.8/site-packages/airflow/example_dags/example_latest_only.py
[2025-03-06T20:12:12.156+0000] {processor.py:829} INFO - Processing file /home/airflow/.local/lib/python3.8/site-packages/airflow/example_dags/example_latest_only.py for tasks to queue
[2025-03-06T20:12:12.157+0000] {logging_mixin.py:154} INFO - [2025-03-06T20:12:12.157+0000] {dagbag.py:536} INFO - Filling up the DagBag from /home/airflow/.local/lib/python3.8/site-packages/airflow/example_dags/example_latest_only.py
[2025-03-06T20:12:12.161+0000] {processor.py:839} INFO - DAG(s) dict_keys(['latest_only']) retrieved from /home/airflow/.local/lib/python3.8/site-packages/airflow/example_dags/example_latest_only.py
[2025-03-06T20:12:12.173+0000] {logging_mixin.py:154} INFO - [2025-03-06T20:12:12.173+0000] {dag.py:2941} INFO - Sync 1 DAGs
[2025-03-06T20:12:12.181+0000] {logging_mixin.py:154} INFO - [2025-03-06T20:12:12.181+0000] {dag.py:3722} INFO - Setting next_dagrun for latest_only to 2025-03-06T16:12:12.181710+00:00, run_after=2025-03-06T20:12:12.181710+00:00
[2025-03-06T20:12:12.189+0000] {processor.py:179} INFO - Processing /home/airflow/.local/lib/python3.8/site-packages/airflow/example_dags/example_latest_only.py took 0.035 seconds
[2025-03-06T20:12:42.712+0000] {processor.py:157} INFO - Started process (PID=41775) to work on /home/airflow/.local/lib/python3.8/site-packages/airflow/example_dags/example_latest_only.py
[2025-03-06T20:12:42.713+0000] {processor.py:829} INFO - Processing file /home/airflow/.local/lib/python3.8/site-packages/airflow/example_dags/example_latest_only.py for tasks to queue
[2025-03-06T20:12:42.714+0000] {logging_mixin.py:154} INFO - [2025-03-06T20:12:42.714+0000] {dagbag.py:536} INFO - Filling up the DagBag from /home/airflow/.local/lib/python3.8/site-packages/airflow/example_dags/example_latest_only.py
[2025-03-06T20:12:42.717+0000] {processor.py:839} INFO - DAG(s) dict_keys(['latest_only']) retrieved from /home/airflow/.local/lib/python3.8/site-packages/airflow/example_dags/example_latest_only.py
[2025-03-06T20:12:42.727+0000] {logging_mixin.py:154} INFO - [2025-03-06T20:12:42.726+0000] {dag.py:2941} INFO - Sync 1 DAGs
[2025-03-06T20:12:42.736+0000] {logging_mixin.py:154} INFO - [2025-03-06T20:12:42.736+0000] {dag.py:3722} INFO - Setting next_dagrun for latest_only to 2025-03-06T16:12:42.735928+00:00, run_after=2025-03-06T20:12:42.735928+00:00
[2025-03-06T20:12:42.745+0000] {processor.py:179} INFO - Processing /home/airflow/.local/lib/python3.8/site-packages/airflow/example_dags/example_latest_only.py took 0.035 seconds
[2025-03-06T20:13:13.284+0000] {processor.py:157} INFO - Started process (PID=41831) to work on /home/airflow/.local/lib/python3.8/site-packages/airflow/example_dags/example_latest_only.py
[2025-03-06T20:13:13.285+0000] {processor.py:829} INFO - Processing file /home/airflow/.local/lib/python3.8/site-packages/airflow/example_dags/example_latest_only.py for tasks to queue
[2025-03-06T20:13:13.285+0000] {logging_mixin.py:154} INFO - [2025-03-06T20:13:13.285+0000] {dagbag.py:536} INFO - Filling up the DagBag from /home/airflow/.local/lib/python3.8/site-packages/airflow/example_dags/example_latest_only.py
[2025-03-06T20:13:13.288+0000] {processor.py:839} INFO - DAG(s) dict_keys(['latest_only']) retrieved from /home/airflow/.local/lib/python3.8/site-packages/airflow/example_dags/example_latest_only.py
[2025-03-06T20:13:13.298+0000] {logging_mixin.py:154} INFO - [2025-03-06T20:13:13.298+0000] {dag.py:2941} INFO - Sync 1 DAGs
[2025-03-06T20:13:13.307+0000] {logging_mixin.py:154} INFO - [2025-03-06T20:13:13.307+0000] {dag.py:3722} INFO - Setting next_dagrun for latest_only to 2025-03-06T16:13:13.307126+00:00, run_after=2025-03-06T20:13:13.307126+00:00
[2025-03-06T20:13:13.318+0000] {processor.py:179} INFO - Processing /home/airflow/.local/lib/python3.8/site-packages/airflow/example_dags/example_latest_only.py took 0.035 seconds
[2025-03-06T20:13:43.848+0000] {processor.py:157} INFO - Started process (PID=41887) to work on /home/airflow/.local/lib/python3.8/site-packages/airflow/example_dags/example_latest_only.py
[2025-03-06T20:13:43.848+0000] {processor.py:829} INFO - Processing file /home/airflow/.local/lib/python3.8/site-packages/airflow/example_dags/example_latest_only.py for tasks to queue
[2025-03-06T20:13:43.848+0000] {logging_mixin.py:154} INFO - [2025-03-06T20:13:43.848+0000] {dagbag.py:536} INFO - Filling up the DagBag from /home/airflow/.local/lib/python3.8/site-packages/airflow/example_dags/example_latest_only.py
[2025-03-06T20:13:43.852+0000] {processor.py:839} INFO - DAG(s) dict_keys(['latest_only']) retrieved from /home/airflow/.local/lib/python3.8/site-packages/airflow/example_dags/example_latest_only.py
[2025-03-06T20:13:43.861+0000] {logging_mixin.py:154} INFO - [2025-03-06T20:13:43.861+0000] {dag.py:2941} INFO - Sync 1 DAGs
[2025-03-06T20:13:43.870+0000] {logging_mixin.py:154} INFO - [2025-03-06T20:13:43.870+0000] {dag.py:3722} INFO - Setting next_dagrun for latest_only to 2025-03-06T16:13:43.870461+00:00, run_after=2025-03-06T20:13:43.870461+00:00
[2025-03-06T20:13:43.880+0000] {processor.py:179} INFO - Processing /home/airflow/.local/lib/python3.8/site-packages/airflow/example_dags/example_latest_only.py took 0.034 seconds
[2025-03-06T20:14:14.492+0000] {processor.py:157} INFO - Started process (PID=41943) to work on /home/airflow/.local/lib/python3.8/site-packages/airflow/example_dags/example_latest_only.py
[2025-03-06T20:14:14.493+0000] {processor.py:829} INFO - Processing file /home/airflow/.local/lib/python3.8/site-packages/airflow/example_dags/example_latest_only.py for tasks to queue
[2025-03-06T20:14:14.493+0000] {logging_mixin.py:154} INFO - [2025-03-06T20:14:14.493+0000] {dagbag.py:536} INFO - Filling up the DagBag from /home/airflow/.local/lib/python3.8/site-packages/airflow/example_dags/example_latest_only.py
[2025-03-06T20:14:14.496+0000] {processor.py:839} INFO - DAG(s) dict_keys(['latest_only']) retrieved from /home/airflow/.local/lib/python3.8/site-packages/airflow/example_dags/example_latest_only.py
[2025-03-06T20:14:14.506+0000] {logging_mixin.py:154} INFO - [2025-03-06T20:14:14.506+0000] {dag.py:2941} INFO - Sync 1 DAGs
[2025-03-06T20:14:14.515+0000] {logging_mixin.py:154} INFO - [2025-03-06T20:14:14.515+0000] {dag.py:3722} INFO - Setting next_dagrun for latest_only to 2025-03-06T16:14:14.515089+00:00, run_after=2025-03-06T20:14:14.515089+00:00
[2025-03-06T20:14:14.522+0000] {processor.py:179} INFO - Processing /home/airflow/.local/lib/python3.8/site-packages/airflow/example_dags/example_latest_only.py took 0.032 seconds
[2025-03-06T20:14:45.105+0000] {processor.py:157} INFO - Started process (PID=41999) to work on /home/airflow/.local/lib/python3.8/site-packages/airflow/example_dags/example_latest_only.py
[2025-03-06T20:14:45.105+0000] {processor.py:829} INFO - Processing file /home/airflow/.local/lib/python3.8/site-packages/airflow/example_dags/example_latest_only.py for tasks to queue
[2025-03-06T20:14:45.106+0000] {logging_mixin.py:154} INFO - [2025-03-06T20:14:45.105+0000] {dagbag.py:536} INFO - Filling up the DagBag from /home/airflow/.local/lib/python3.8/site-packages/airflow/example_dags/example_latest_only.py
[2025-03-06T20:14:45.108+0000] {processor.py:839} INFO - DAG(s) dict_keys(['latest_only']) retrieved from /home/airflow/.local/lib/python3.8/site-packages/airflow/example_dags/example_latest_only.py
[2025-03-06T20:14:45.119+0000] {logging_mixin.py:154} INFO - [2025-03-06T20:14:45.119+0000] {dag.py:2941} INFO - Sync 1 DAGs
[2025-03-06T20:14:45.127+0000] {logging_mixin.py:154} INFO - [2025-03-06T20:14:45.127+0000] {dag.py:3722} INFO - Setting next_dagrun for latest_only to 2025-03-06T16:14:45.127805+00:00, run_after=2025-03-06T20:14:45.127805+00:00
[2025-03-06T20:14:45.138+0000] {processor.py:179} INFO - Processing /home/airflow/.local/lib/python3.8/site-packages/airflow/example_dags/example_latest_only.py took 0.034 seconds
[2025-03-06T20:15:15.704+0000] {processor.py:157} INFO - Started process (PID=42055) to work on /home/airflow/.local/lib/python3.8/site-packages/airflow/example_dags/example_latest_only.py
[2025-03-06T20:15:15.705+0000] {processor.py:829} INFO - Processing file /home/airflow/.local/lib/python3.8/site-packages/airflow/example_dags/example_latest_only.py for tasks to queue
[2025-03-06T20:15:15.705+0000] {logging_mixin.py:154} INFO - [2025-03-06T20:15:15.705+0000] {dagbag.py:536} INFO - Filling up the DagBag from /home/airflow/.local/lib/python3.8/site-packages/airflow/example_dags/example_latest_only.py
[2025-03-06T20:15:15.708+0000] {processor.py:839} INFO - DAG(s) dict_keys(['latest_only']) retrieved from /home/airflow/.local/lib/python3.8/site-packages/airflow/example_dags/example_latest_only.py
[2025-03-06T20:15:15.717+0000] {logging_mixin.py:154} INFO - [2025-03-06T20:15:15.717+0000] {dag.py:2941} INFO - Sync 1 DAGs
[2025-03-06T20:15:15.726+0000] {logging_mixin.py:154} INFO - [2025-03-06T20:15:15.726+0000] {dag.py:3722} INFO - Setting next_dagrun for latest_only to 2025-03-06T16:15:15.726200+00:00, run_after=2025-03-06T20:15:15.726200+00:00
[2025-03-06T20:15:15.735+0000] {processor.py:179} INFO - Processing /home/airflow/.local/lib/python3.8/site-packages/airflow/example_dags/example_latest_only.py took 0.032 seconds
[2025-03-06T20:15:46.542+0000] {processor.py:157} INFO - Started process (PID=42111) to work on /home/airflow/.local/lib/python3.8/site-packages/airflow/example_dags/example_latest_only.py
[2025-03-06T20:15:46.542+0000] {processor.py:829} INFO - Processing file /home/airflow/.local/lib/python3.8/site-packages/airflow/example_dags/example_latest_only.py for tasks to queue
[2025-03-06T20:15:46.543+0000] {logging_mixin.py:154} INFO - [2025-03-06T20:15:46.543+0000] {dagbag.py:536} INFO - Filling up the DagBag from /home/airflow/.local/lib/python3.8/site-packages/airflow/example_dags/example_latest_only.py
[2025-03-06T20:15:46.548+0000] {processor.py:839} INFO - DAG(s) dict_keys(['latest_only']) retrieved from /home/airflow/.local/lib/python3.8/site-packages/airflow/example_dags/example_latest_only.py
[2025-03-06T20:15:46.564+0000] {logging_mixin.py:154} INFO - [2025-03-06T20:15:46.564+0000] {dag.py:2941} INFO - Sync 1 DAGs
[2025-03-06T20:15:46.575+0000] {logging_mixin.py:154} INFO - [2025-03-06T20:15:46.575+0000] {dag.py:3722} INFO - Setting next_dagrun for latest_only to 2025-03-06T16:15:46.575200+00:00, run_after=2025-03-06T20:15:46.575200+00:00
[2025-03-06T20:15:46.589+0000] {processor.py:179} INFO - Processing /home/airflow/.local/lib/python3.8/site-packages/airflow/example_dags/example_latest_only.py took 0.049 seconds
[2025-03-06T20:19:12.237+0000] {processor.py:157} INFO - Started process (PID=42160) to work on /home/airflow/.local/lib/python3.8/site-packages/airflow/example_dags/example_latest_only.py
[2025-03-06T20:19:12.238+0000] {processor.py:829} INFO - Processing file /home/airflow/.local/lib/python3.8/site-packages/airflow/example_dags/example_latest_only.py for tasks to queue
[2025-03-06T20:19:12.238+0000] {logging_mixin.py:154} INFO - [2025-03-06T20:19:12.238+0000] {dagbag.py:536} INFO - Filling up the DagBag from /home/airflow/.local/lib/python3.8/site-packages/airflow/example_dags/example_latest_only.py
[2025-03-06T20:19:12.241+0000] {processor.py:839} INFO - DAG(s) dict_keys(['latest_only']) retrieved from /home/airflow/.local/lib/python3.8/site-packages/airflow/example_dags/example_latest_only.py
[2025-03-06T20:19:12.251+0000] {logging_mixin.py:154} INFO - [2025-03-06T20:19:12.251+0000] {dag.py:2941} INFO - Sync 1 DAGs
[2025-03-06T20:19:12.259+0000] {logging_mixin.py:154} INFO - [2025-03-06T20:19:12.259+0000] {dag.py:3722} INFO - Setting next_dagrun for latest_only to 2025-03-06T16:19:12.259412+00:00, run_after=2025-03-06T20:19:12.259412+00:00
[2025-03-06T20:19:12.267+0000] {processor.py:179} INFO - Processing /home/airflow/.local/lib/python3.8/site-packages/airflow/example_dags/example_latest_only.py took 0.032 seconds
[2025-03-06T20:19:42.729+0000] {processor.py:157} INFO - Started process (PID=42216) to work on /home/airflow/.local/lib/python3.8/site-packages/airflow/example_dags/example_latest_only.py
[2025-03-06T20:19:42.730+0000] {processor.py:829} INFO - Processing file /home/airflow/.local/lib/python3.8/site-packages/airflow/example_dags/example_latest_only.py for tasks to queue
[2025-03-06T20:19:42.731+0000] {logging_mixin.py:154} INFO - [2025-03-06T20:19:42.731+0000] {dagbag.py:536} INFO - Filling up the DagBag from /home/airflow/.local/lib/python3.8/site-packages/airflow/example_dags/example_latest_only.py
[2025-03-06T20:19:42.735+0000] {processor.py:839} INFO - DAG(s) dict_keys(['latest_only']) retrieved from /home/airflow/.local/lib/python3.8/site-packages/airflow/example_dags/example_latest_only.py
[2025-03-06T20:19:42.745+0000] {logging_mixin.py:154} INFO - [2025-03-06T20:19:42.744+0000] {dag.py:2941} INFO - Sync 1 DAGs
[2025-03-06T20:19:42.753+0000] {logging_mixin.py:154} INFO - [2025-03-06T20:19:42.753+0000] {dag.py:3722} INFO - Setting next_dagrun for latest_only to 2025-03-06T16:19:42.753194+00:00, run_after=2025-03-06T20:19:42.753194+00:00
[2025-03-06T20:19:42.759+0000] {processor.py:179} INFO - Processing /home/airflow/.local/lib/python3.8/site-packages/airflow/example_dags/example_latest_only.py took 0.032 seconds
[2025-03-06T20:20:13.183+0000] {processor.py:157} INFO - Started process (PID=42272) to work on /home/airflow/.local/lib/python3.8/site-packages/airflow/example_dags/example_latest_only.py
[2025-03-06T20:20:13.184+0000] {processor.py:829} INFO - Processing file /home/airflow/.local/lib/python3.8/site-packages/airflow/example_dags/example_latest_only.py for tasks to queue
[2025-03-06T20:20:13.185+0000] {logging_mixin.py:154} INFO - [2025-03-06T20:20:13.184+0000] {dagbag.py:536} INFO - Filling up the DagBag from /home/airflow/.local/lib/python3.8/site-packages/airflow/example_dags/example_latest_only.py
[2025-03-06T20:20:13.187+0000] {processor.py:839} INFO - DAG(s) dict_keys(['latest_only']) retrieved from /home/airflow/.local/lib/python3.8/site-packages/airflow/example_dags/example_latest_only.py
[2025-03-06T20:20:13.196+0000] {logging_mixin.py:154} INFO - [2025-03-06T20:20:13.196+0000] {dag.py:2941} INFO - Sync 1 DAGs
[2025-03-06T20:20:13.206+0000] {logging_mixin.py:154} INFO - [2025-03-06T20:20:13.206+0000] {dag.py:3722} INFO - Setting next_dagrun for latest_only to 2025-03-06T16:20:13.206618+00:00, run_after=2025-03-06T20:20:13.206618+00:00
[2025-03-06T20:20:13.214+0000] {processor.py:179} INFO - Processing /home/airflow/.local/lib/python3.8/site-packages/airflow/example_dags/example_latest_only.py took 0.033 seconds
[2025-03-06T20:20:43.721+0000] {processor.py:157} INFO - Started process (PID=42328) to work on /home/airflow/.local/lib/python3.8/site-packages/airflow/example_dags/example_latest_only.py
[2025-03-06T20:20:43.721+0000] {processor.py:829} INFO - Processing file /home/airflow/.local/lib/python3.8/site-packages/airflow/example_dags/example_latest_only.py for tasks to queue
[2025-03-06T20:20:43.722+0000] {logging_mixin.py:154} INFO - [2025-03-06T20:20:43.722+0000] {dagbag.py:536} INFO - Filling up the DagBag from /home/airflow/.local/lib/python3.8/site-packages/airflow/example_dags/example_latest_only.py
[2025-03-06T20:20:43.724+0000] {processor.py:839} INFO - DAG(s) dict_keys(['latest_only']) retrieved from /home/airflow/.local/lib/python3.8/site-packages/airflow/example_dags/example_latest_only.py
[2025-03-06T20:20:43.734+0000] {logging_mixin.py:154} INFO - [2025-03-06T20:20:43.734+0000] {dag.py:2941} INFO - Sync 1 DAGs
[2025-03-06T20:20:43.742+0000] {logging_mixin.py:154} INFO - [2025-03-06T20:20:43.742+0000] {dag.py:3722} INFO - Setting next_dagrun for latest_only to 2025-03-06T16:20:43.742374+00:00, run_after=2025-03-06T20:20:43.742374+00:00
[2025-03-06T20:20:43.752+0000] {processor.py:179} INFO - Processing /home/airflow/.local/lib/python3.8/site-packages/airflow/example_dags/example_latest_only.py took 0.032 seconds
[2025-03-06T20:21:14.215+0000] {processor.py:157} INFO - Started process (PID=42384) to work on /home/airflow/.local/lib/python3.8/site-packages/airflow/example_dags/example_latest_only.py
[2025-03-06T20:21:14.216+0000] {processor.py:829} INFO - Processing file /home/airflow/.local/lib/python3.8/site-packages/airflow/example_dags/example_latest_only.py for tasks to queue
[2025-03-06T20:21:14.216+0000] {logging_mixin.py:154} INFO - [2025-03-06T20:21:14.216+0000] {dagbag.py:536} INFO - Filling up the DagBag from /home/airflow/.local/lib/python3.8/site-packages/airflow/example_dags/example_latest_only.py
[2025-03-06T20:21:14.220+0000] {processor.py:839} INFO - DAG(s) dict_keys(['latest_only']) retrieved from /home/airflow/.local/lib/python3.8/site-packages/airflow/example_dags/example_latest_only.py
[2025-03-06T20:21:14.233+0000] {logging_mixin.py:154} INFO - [2025-03-06T20:21:14.233+0000] {dag.py:2941} INFO - Sync 1 DAGs
[2025-03-06T20:21:14.242+0000] {logging_mixin.py:154} INFO - [2025-03-06T20:21:14.242+0000] {dag.py:3722} INFO - Setting next_dagrun for latest_only to 2025-03-06T16:21:14.241980+00:00, run_after=2025-03-06T20:21:14.241980+00:00
[2025-03-06T20:21:14.250+0000] {processor.py:179} INFO - Processing /home/airflow/.local/lib/python3.8/site-packages/airflow/example_dags/example_latest_only.py took 0.036 seconds
[2025-03-06T20:21:44.650+0000] {processor.py:157} INFO - Started process (PID=42440) to work on /home/airflow/.local/lib/python3.8/site-packages/airflow/example_dags/example_latest_only.py
[2025-03-06T20:21:44.650+0000] {processor.py:829} INFO - Processing file /home/airflow/.local/lib/python3.8/site-packages/airflow/example_dags/example_latest_only.py for tasks to queue
[2025-03-06T20:21:44.651+0000] {logging_mixin.py:154} INFO - [2025-03-06T20:21:44.651+0000] {dagbag.py:536} INFO - Filling up the DagBag from /home/airflow/.local/lib/python3.8/site-packages/airflow/example_dags/example_latest_only.py
[2025-03-06T20:21:44.654+0000] {processor.py:839} INFO - DAG(s) dict_keys(['latest_only']) retrieved from /home/airflow/.local/lib/python3.8/site-packages/airflow/example_dags/example_latest_only.py
[2025-03-06T20:21:44.661+0000] {logging_mixin.py:154} INFO - [2025-03-06T20:21:44.661+0000] {dag.py:2941} INFO - Sync 1 DAGs
[2025-03-06T20:21:44.670+0000] {logging_mixin.py:154} INFO - [2025-03-06T20:21:44.670+0000] {dag.py:3722} INFO - Setting next_dagrun for latest_only to 2025-03-06T16:21:44.670119+00:00, run_after=2025-03-06T20:21:44.670119+00:00
[2025-03-06T20:21:44.677+0000] {processor.py:179} INFO - Processing /home/airflow/.local/lib/python3.8/site-packages/airflow/example_dags/example_latest_only.py took 0.029 seconds
[2025-03-06T20:22:15.181+0000] {processor.py:157} INFO - Started process (PID=42496) to work on /home/airflow/.local/lib/python3.8/site-packages/airflow/example_dags/example_latest_only.py
[2025-03-06T20:22:15.182+0000] {processor.py:829} INFO - Processing file /home/airflow/.local/lib/python3.8/site-packages/airflow/example_dags/example_latest_only.py for tasks to queue
[2025-03-06T20:22:15.183+0000] {logging_mixin.py:154} INFO - [2025-03-06T20:22:15.182+0000] {dagbag.py:536} INFO - Filling up the DagBag from /home/airflow/.local/lib/python3.8/site-packages/airflow/example_dags/example_latest_only.py
[2025-03-06T20:22:15.185+0000] {processor.py:839} INFO - DAG(s) dict_keys(['latest_only']) retrieved from /home/airflow/.local/lib/python3.8/site-packages/airflow/example_dags/example_latest_only.py
[2025-03-06T20:22:15.195+0000] {logging_mixin.py:154} INFO - [2025-03-06T20:22:15.195+0000] {dag.py:2941} INFO - Sync 1 DAGs
[2025-03-06T20:22:15.203+0000] {logging_mixin.py:154} INFO - [2025-03-06T20:22:15.203+0000] {dag.py:3722} INFO - Setting next_dagrun for latest_only to 2025-03-06T16:22:15.203490+00:00, run_after=2025-03-06T20:22:15.203490+00:00
[2025-03-06T20:22:15.212+0000] {processor.py:179} INFO - Processing /home/airflow/.local/lib/python3.8/site-packages/airflow/example_dags/example_latest_only.py took 0.032 seconds
[2025-03-06T20:22:45.690+0000] {processor.py:157} INFO - Started process (PID=42552) to work on /home/airflow/.local/lib/python3.8/site-packages/airflow/example_dags/example_latest_only.py
[2025-03-06T20:22:45.690+0000] {processor.py:829} INFO - Processing file /home/airflow/.local/lib/python3.8/site-packages/airflow/example_dags/example_latest_only.py for tasks to queue
[2025-03-06T20:22:45.690+0000] {logging_mixin.py:154} INFO - [2025-03-06T20:22:45.690+0000] {dagbag.py:536} INFO - Filling up the DagBag from /home/airflow/.local/lib/python3.8/site-packages/airflow/example_dags/example_latest_only.py
[2025-03-06T20:22:45.693+0000] {processor.py:839} INFO - DAG(s) dict_keys(['latest_only']) retrieved from /home/airflow/.local/lib/python3.8/site-packages/airflow/example_dags/example_latest_only.py
[2025-03-06T20:22:45.703+0000] {logging_mixin.py:154} INFO - [2025-03-06T20:22:45.702+0000] {dag.py:2941} INFO - Sync 1 DAGs
[2025-03-06T20:22:45.711+0000] {logging_mixin.py:154} INFO - [2025-03-06T20:22:45.711+0000] {dag.py:3722} INFO - Setting next_dagrun for latest_only to 2025-03-06T16:22:45.711158+00:00, run_after=2025-03-06T20:22:45.711158+00:00
[2025-03-06T20:22:45.720+0000] {processor.py:179} INFO - Processing /home/airflow/.local/lib/python3.8/site-packages/airflow/example_dags/example_latest_only.py took 0.032 seconds
[2025-03-06T20:23:16.108+0000] {processor.py:157} INFO - Started process (PID=42608) to work on /home/airflow/.local/lib/python3.8/site-packages/airflow/example_dags/example_latest_only.py
[2025-03-06T20:23:16.109+0000] {processor.py:829} INFO - Processing file /home/airflow/.local/lib/python3.8/site-packages/airflow/example_dags/example_latest_only.py for tasks to queue
[2025-03-06T20:23:16.109+0000] {logging_mixin.py:154} INFO - [2025-03-06T20:23:16.109+0000] {dagbag.py:536} INFO - Filling up the DagBag from /home/airflow/.local/lib/python3.8/site-packages/airflow/example_dags/example_latest_only.py
[2025-03-06T20:23:16.112+0000] {processor.py:839} INFO - DAG(s) dict_keys(['latest_only']) retrieved from /home/airflow/.local/lib/python3.8/site-packages/airflow/example_dags/example_latest_only.py
[2025-03-06T20:23:16.121+0000] {logging_mixin.py:154} INFO - [2025-03-06T20:23:16.120+0000] {dag.py:2941} INFO - Sync 1 DAGs
[2025-03-06T20:23:16.130+0000] {logging_mixin.py:154} INFO - [2025-03-06T20:23:16.130+0000] {dag.py:3722} INFO - Setting next_dagrun for latest_only to 2025-03-06T16:23:16.130555+00:00, run_after=2025-03-06T20:23:16.130555+00:00
[2025-03-06T20:23:16.139+0000] {processor.py:179} INFO - Processing /home/airflow/.local/lib/python3.8/site-packages/airflow/example_dags/example_latest_only.py took 0.033 seconds
[2025-03-06T20:23:46.570+0000] {processor.py:157} INFO - Started process (PID=42664) to work on /home/airflow/.local/lib/python3.8/site-packages/airflow/example_dags/example_latest_only.py
[2025-03-06T20:23:46.570+0000] {processor.py:829} INFO - Processing file /home/airflow/.local/lib/python3.8/site-packages/airflow/example_dags/example_latest_only.py for tasks to queue
[2025-03-06T20:23:46.570+0000] {logging_mixin.py:154} INFO - [2025-03-06T20:23:46.570+0000] {dagbag.py:536} INFO - Filling up the DagBag from /home/airflow/.local/lib/python3.8/site-packages/airflow/example_dags/example_latest_only.py
[2025-03-06T20:23:46.573+0000] {processor.py:839} INFO - DAG(s) dict_keys(['latest_only']) retrieved from /home/airflow/.local/lib/python3.8/site-packages/airflow/example_dags/example_latest_only.py
[2025-03-06T20:23:46.582+0000] {logging_mixin.py:154} INFO - [2025-03-06T20:23:46.582+0000] {dag.py:2941} INFO - Sync 1 DAGs
[2025-03-06T20:23:46.591+0000] {logging_mixin.py:154} INFO - [2025-03-06T20:23:46.590+0000] {dag.py:3722} INFO - Setting next_dagrun for latest_only to 2025-03-06T16:23:46.590840+00:00, run_after=2025-03-06T20:23:46.590840+00:00
[2025-03-06T20:23:46.598+0000] {processor.py:179} INFO - Processing /home/airflow/.local/lib/python3.8/site-packages/airflow/example_dags/example_latest_only.py took 0.030 seconds
[2025-03-06T20:24:17.100+0000] {processor.py:157} INFO - Started process (PID=42720) to work on /home/airflow/.local/lib/python3.8/site-packages/airflow/example_dags/example_latest_only.py
[2025-03-06T20:24:17.101+0000] {processor.py:829} INFO - Processing file /home/airflow/.local/lib/python3.8/site-packages/airflow/example_dags/example_latest_only.py for tasks to queue
[2025-03-06T20:24:17.101+0000] {logging_mixin.py:154} INFO - [2025-03-06T20:24:17.101+0000] {dagbag.py:536} INFO - Filling up the DagBag from /home/airflow/.local/lib/python3.8/site-packages/airflow/example_dags/example_latest_only.py
[2025-03-06T20:24:17.105+0000] {processor.py:839} INFO - DAG(s) dict_keys(['latest_only']) retrieved from /home/airflow/.local/lib/python3.8/site-packages/airflow/example_dags/example_latest_only.py
[2025-03-06T20:24:17.119+0000] {logging_mixin.py:154} INFO - [2025-03-06T20:24:17.119+0000] {dag.py:2941} INFO - Sync 1 DAGs
[2025-03-06T20:24:17.130+0000] {logging_mixin.py:154} INFO - [2025-03-06T20:24:17.129+0000] {dag.py:3722} INFO - Setting next_dagrun for latest_only to 2025-03-06T16:24:17.129762+00:00, run_after=2025-03-06T20:24:17.129762+00:00
[2025-03-06T20:24:17.137+0000] {processor.py:179} INFO - Processing /home/airflow/.local/lib/python3.8/site-packages/airflow/example_dags/example_latest_only.py took 0.039 seconds
[2025-03-06T20:24:47.701+0000] {processor.py:157} INFO - Started process (PID=42776) to work on /home/airflow/.local/lib/python3.8/site-packages/airflow/example_dags/example_latest_only.py
[2025-03-06T20:24:47.701+0000] {processor.py:829} INFO - Processing file /home/airflow/.local/lib/python3.8/site-packages/airflow/example_dags/example_latest_only.py for tasks to queue
[2025-03-06T20:24:47.702+0000] {logging_mixin.py:154} INFO - [2025-03-06T20:24:47.701+0000] {dagbag.py:536} INFO - Filling up the DagBag from /home/airflow/.local/lib/python3.8/site-packages/airflow/example_dags/example_latest_only.py
[2025-03-06T20:24:47.705+0000] {processor.py:839} INFO - DAG(s) dict_keys(['latest_only']) retrieved from /home/airflow/.local/lib/python3.8/site-packages/airflow/example_dags/example_latest_only.py
[2025-03-06T20:24:47.716+0000] {logging_mixin.py:154} INFO - [2025-03-06T20:24:47.715+0000] {dag.py:2941} INFO - Sync 1 DAGs
[2025-03-06T20:24:47.727+0000] {logging_mixin.py:154} INFO - [2025-03-06T20:24:47.727+0000] {dag.py:3722} INFO - Setting next_dagrun for latest_only to 2025-03-06T16:24:47.726982+00:00, run_after=2025-03-06T20:24:47.726982+00:00
[2025-03-06T20:24:47.737+0000] {processor.py:179} INFO - Processing /home/airflow/.local/lib/python3.8/site-packages/airflow/example_dags/example_latest_only.py took 0.038 seconds
[2025-03-06T20:25:18.231+0000] {processor.py:157} INFO - Started process (PID=42832) to work on /home/airflow/.local/lib/python3.8/site-packages/airflow/example_dags/example_latest_only.py
[2025-03-06T20:25:18.232+0000] {processor.py:829} INFO - Processing file /home/airflow/.local/lib/python3.8/site-packages/airflow/example_dags/example_latest_only.py for tasks to queue
[2025-03-06T20:25:18.233+0000] {logging_mixin.py:154} INFO - [2025-03-06T20:25:18.233+0000] {dagbag.py:536} INFO - Filling up the DagBag from /home/airflow/.local/lib/python3.8/site-packages/airflow/example_dags/example_latest_only.py
[2025-03-06T20:25:18.236+0000] {processor.py:839} INFO - DAG(s) dict_keys(['latest_only']) retrieved from /home/airflow/.local/lib/python3.8/site-packages/airflow/example_dags/example_latest_only.py
[2025-03-06T20:25:18.245+0000] {logging_mixin.py:154} INFO - [2025-03-06T20:25:18.245+0000] {dag.py:2941} INFO - Sync 1 DAGs
[2025-03-06T20:25:18.254+0000] {logging_mixin.py:154} INFO - [2025-03-06T20:25:18.254+0000] {dag.py:3722} INFO - Setting next_dagrun for latest_only to 2025-03-06T16:25:18.254433+00:00, run_after=2025-03-06T20:25:18.254433+00:00
[2025-03-06T20:25:18.260+0000] {processor.py:179} INFO - Processing /home/airflow/.local/lib/python3.8/site-packages/airflow/example_dags/example_latest_only.py took 0.031 seconds
[2025-03-06T20:25:48.746+0000] {processor.py:157} INFO - Started process (PID=42888) to work on /home/airflow/.local/lib/python3.8/site-packages/airflow/example_dags/example_latest_only.py
[2025-03-06T20:25:48.746+0000] {processor.py:829} INFO - Processing file /home/airflow/.local/lib/python3.8/site-packages/airflow/example_dags/example_latest_only.py for tasks to queue
[2025-03-06T20:25:48.747+0000] {logging_mixin.py:154} INFO - [2025-03-06T20:25:48.747+0000] {dagbag.py:536} INFO - Filling up the DagBag from /home/airflow/.local/lib/python3.8/site-packages/airflow/example_dags/example_latest_only.py
[2025-03-06T20:25:48.750+0000] {processor.py:839} INFO - DAG(s) dict_keys(['latest_only']) retrieved from /home/airflow/.local/lib/python3.8/site-packages/airflow/example_dags/example_latest_only.py
[2025-03-06T20:25:48.759+0000] {logging_mixin.py:154} INFO - [2025-03-06T20:25:48.759+0000] {dag.py:2941} INFO - Sync 1 DAGs
[2025-03-06T20:25:48.768+0000] {logging_mixin.py:154} INFO - [2025-03-06T20:25:48.767+0000] {dag.py:3722} INFO - Setting next_dagrun for latest_only to 2025-03-06T16:25:48.767908+00:00, run_after=2025-03-06T20:25:48.767908+00:00
[2025-03-06T20:25:48.777+0000] {processor.py:179} INFO - Processing /home/airflow/.local/lib/python3.8/site-packages/airflow/example_dags/example_latest_only.py took 0.032 seconds
[2025-03-06T20:26:19.329+0000] {processor.py:157} INFO - Started process (PID=42944) to work on /home/airflow/.local/lib/python3.8/site-packages/airflow/example_dags/example_latest_only.py
[2025-03-06T20:26:19.329+0000] {processor.py:829} INFO - Processing file /home/airflow/.local/lib/python3.8/site-packages/airflow/example_dags/example_latest_only.py for tasks to queue
[2025-03-06T20:26:19.330+0000] {logging_mixin.py:154} INFO - [2025-03-06T20:26:19.330+0000] {dagbag.py:536} INFO - Filling up the DagBag from /home/airflow/.local/lib/python3.8/site-packages/airflow/example_dags/example_latest_only.py
[2025-03-06T20:26:19.335+0000] {processor.py:839} INFO - DAG(s) dict_keys(['latest_only']) retrieved from /home/airflow/.local/lib/python3.8/site-packages/airflow/example_dags/example_latest_only.py
[2025-03-06T20:26:19.343+0000] {logging_mixin.py:154} INFO - [2025-03-06T20:26:19.343+0000] {dag.py:2941} INFO - Sync 1 DAGs
[2025-03-06T20:26:19.352+0000] {logging_mixin.py:154} INFO - [2025-03-06T20:26:19.351+0000] {dag.py:3722} INFO - Setting next_dagrun for latest_only to 2025-03-06T16:26:19.351825+00:00, run_after=2025-03-06T20:26:19.351825+00:00
[2025-03-06T20:26:19.359+0000] {processor.py:179} INFO - Processing /home/airflow/.local/lib/python3.8/site-packages/airflow/example_dags/example_latest_only.py took 0.031 seconds
[2025-03-06T20:26:49.798+0000] {processor.py:157} INFO - Started process (PID=43000) to work on /home/airflow/.local/lib/python3.8/site-packages/airflow/example_dags/example_latest_only.py
[2025-03-06T20:26:49.799+0000] {processor.py:829} INFO - Processing file /home/airflow/.local/lib/python3.8/site-packages/airflow/example_dags/example_latest_only.py for tasks to queue
[2025-03-06T20:26:49.799+0000] {logging_mixin.py:154} INFO - [2025-03-06T20:26:49.799+0000] {dagbag.py:536} INFO - Filling up the DagBag from /home/airflow/.local/lib/python3.8/site-packages/airflow/example_dags/example_latest_only.py
[2025-03-06T20:26:49.803+0000] {processor.py:839} INFO - DAG(s) dict_keys(['latest_only']) retrieved from /home/airflow/.local/lib/python3.8/site-packages/airflow/example_dags/example_latest_only.py
[2025-03-06T20:26:49.812+0000] {logging_mixin.py:154} INFO - [2025-03-06T20:26:49.812+0000] {dag.py:2941} INFO - Sync 1 DAGs
[2025-03-06T20:26:49.822+0000] {logging_mixin.py:154} INFO - [2025-03-06T20:26:49.822+0000] {dag.py:3722} INFO - Setting next_dagrun for latest_only to 2025-03-06T16:26:49.820834+00:00, run_after=2025-03-06T20:26:49.820834+00:00
[2025-03-06T20:26:49.832+0000] {processor.py:179} INFO - Processing /home/airflow/.local/lib/python3.8/site-packages/airflow/example_dags/example_latest_only.py took 0.035 seconds
[2025-03-06T20:27:20.324+0000] {processor.py:157} INFO - Started process (PID=43056) to work on /home/airflow/.local/lib/python3.8/site-packages/airflow/example_dags/example_latest_only.py
[2025-03-06T20:27:20.326+0000] {processor.py:829} INFO - Processing file /home/airflow/.local/lib/python3.8/site-packages/airflow/example_dags/example_latest_only.py for tasks to queue
[2025-03-06T20:27:20.326+0000] {logging_mixin.py:154} INFO - [2025-03-06T20:27:20.326+0000] {dagbag.py:536} INFO - Filling up the DagBag from /home/airflow/.local/lib/python3.8/site-packages/airflow/example_dags/example_latest_only.py
[2025-03-06T20:27:20.329+0000] {processor.py:839} INFO - DAG(s) dict_keys(['latest_only']) retrieved from /home/airflow/.local/lib/python3.8/site-packages/airflow/example_dags/example_latest_only.py
[2025-03-06T20:27:20.337+0000] {logging_mixin.py:154} INFO - [2025-03-06T20:27:20.337+0000] {dag.py:2941} INFO - Sync 1 DAGs
[2025-03-06T20:27:20.346+0000] {logging_mixin.py:154} INFO - [2025-03-06T20:27:20.346+0000] {dag.py:3722} INFO - Setting next_dagrun for latest_only to 2025-03-06T16:27:20.346161+00:00, run_after=2025-03-06T20:27:20.346161+00:00
[2025-03-06T20:27:20.355+0000] {processor.py:179} INFO - Processing /home/airflow/.local/lib/python3.8/site-packages/airflow/example_dags/example_latest_only.py took 0.033 seconds
[2025-03-06T20:27:50.871+0000] {processor.py:157} INFO - Started process (PID=43112) to work on /home/airflow/.local/lib/python3.8/site-packages/airflow/example_dags/example_latest_only.py
[2025-03-06T20:27:50.872+0000] {processor.py:829} INFO - Processing file /home/airflow/.local/lib/python3.8/site-packages/airflow/example_dags/example_latest_only.py for tasks to queue
[2025-03-06T20:27:50.872+0000] {logging_mixin.py:154} INFO - [2025-03-06T20:27:50.872+0000] {dagbag.py:536} INFO - Filling up the DagBag from /home/airflow/.local/lib/python3.8/site-packages/airflow/example_dags/example_latest_only.py
[2025-03-06T20:27:50.876+0000] {processor.py:839} INFO - DAG(s) dict_keys(['latest_only']) retrieved from /home/airflow/.local/lib/python3.8/site-packages/airflow/example_dags/example_latest_only.py
[2025-03-06T20:27:50.889+0000] {logging_mixin.py:154} INFO - [2025-03-06T20:27:50.888+0000] {dag.py:2941} INFO - Sync 1 DAGs
[2025-03-06T20:27:50.898+0000] {logging_mixin.py:154} INFO - [2025-03-06T20:27:50.898+0000] {dag.py:3722} INFO - Setting next_dagrun for latest_only to 2025-03-06T16:27:50.898374+00:00, run_after=2025-03-06T20:27:50.898374+00:00
[2025-03-06T20:27:50.908+0000] {processor.py:179} INFO - Processing /home/airflow/.local/lib/python3.8/site-packages/airflow/example_dags/example_latest_only.py took 0.038 seconds
[2025-03-06T20:28:21.448+0000] {processor.py:157} INFO - Started process (PID=43168) to work on /home/airflow/.local/lib/python3.8/site-packages/airflow/example_dags/example_latest_only.py
[2025-03-06T20:28:21.448+0000] {processor.py:829} INFO - Processing file /home/airflow/.local/lib/python3.8/site-packages/airflow/example_dags/example_latest_only.py for tasks to queue
[2025-03-06T20:28:21.449+0000] {logging_mixin.py:154} INFO - [2025-03-06T20:28:21.449+0000] {dagbag.py:536} INFO - Filling up the DagBag from /home/airflow/.local/lib/python3.8/site-packages/airflow/example_dags/example_latest_only.py
[2025-03-06T20:28:21.451+0000] {processor.py:839} INFO - DAG(s) dict_keys(['latest_only']) retrieved from /home/airflow/.local/lib/python3.8/site-packages/airflow/example_dags/example_latest_only.py
[2025-03-06T20:28:21.459+0000] {logging_mixin.py:154} INFO - [2025-03-06T20:28:21.459+0000] {dag.py:2941} INFO - Sync 1 DAGs
[2025-03-06T20:28:21.466+0000] {logging_mixin.py:154} INFO - [2025-03-06T20:28:21.466+0000] {dag.py:3722} INFO - Setting next_dagrun for latest_only to 2025-03-06T16:28:21.466438+00:00, run_after=2025-03-06T20:28:21.466438+00:00
[2025-03-06T20:28:21.472+0000] {processor.py:179} INFO - Processing /home/airflow/.local/lib/python3.8/site-packages/airflow/example_dags/example_latest_only.py took 0.025 seconds
[2025-03-06T20:28:51.864+0000] {processor.py:157} INFO - Started process (PID=43224) to work on /home/airflow/.local/lib/python3.8/site-packages/airflow/example_dags/example_latest_only.py
[2025-03-06T20:28:51.865+0000] {processor.py:829} INFO - Processing file /home/airflow/.local/lib/python3.8/site-packages/airflow/example_dags/example_latest_only.py for tasks to queue
[2025-03-06T20:28:51.865+0000] {logging_mixin.py:154} INFO - [2025-03-06T20:28:51.865+0000] {dagbag.py:536} INFO - Filling up the DagBag from /home/airflow/.local/lib/python3.8/site-packages/airflow/example_dags/example_latest_only.py
[2025-03-06T20:28:51.869+0000] {processor.py:839} INFO - DAG(s) dict_keys(['latest_only']) retrieved from /home/airflow/.local/lib/python3.8/site-packages/airflow/example_dags/example_latest_only.py
[2025-03-06T20:28:51.880+0000] {logging_mixin.py:154} INFO - [2025-03-06T20:28:51.879+0000] {dag.py:2941} INFO - Sync 1 DAGs
[2025-03-06T20:28:51.887+0000] {logging_mixin.py:154} INFO - [2025-03-06T20:28:51.887+0000] {dag.py:3722} INFO - Setting next_dagrun for latest_only to 2025-03-06T16:28:51.887748+00:00, run_after=2025-03-06T20:28:51.887748+00:00
[2025-03-06T20:28:51.893+0000] {processor.py:179} INFO - Processing /home/airflow/.local/lib/python3.8/site-packages/airflow/example_dags/example_latest_only.py took 0.030 seconds
[2025-03-06T20:29:22.346+0000] {processor.py:157} INFO - Started process (PID=43280) to work on /home/airflow/.local/lib/python3.8/site-packages/airflow/example_dags/example_latest_only.py
[2025-03-06T20:29:22.346+0000] {processor.py:829} INFO - Processing file /home/airflow/.local/lib/python3.8/site-packages/airflow/example_dags/example_latest_only.py for tasks to queue
[2025-03-06T20:29:22.347+0000] {logging_mixin.py:154} INFO - [2025-03-06T20:29:22.347+0000] {dagbag.py:536} INFO - Filling up the DagBag from /home/airflow/.local/lib/python3.8/site-packages/airflow/example_dags/example_latest_only.py
[2025-03-06T20:29:22.350+0000] {processor.py:839} INFO - DAG(s) dict_keys(['latest_only']) retrieved from /home/airflow/.local/lib/python3.8/site-packages/airflow/example_dags/example_latest_only.py
[2025-03-06T20:29:22.358+0000] {logging_mixin.py:154} INFO - [2025-03-06T20:29:22.358+0000] {dag.py:2941} INFO - Sync 1 DAGs
[2025-03-06T20:29:22.367+0000] {logging_mixin.py:154} INFO - [2025-03-06T20:29:22.367+0000] {dag.py:3722} INFO - Setting next_dagrun for latest_only to 2025-03-06T16:29:22.367569+00:00, run_after=2025-03-06T20:29:22.367569+00:00
[2025-03-06T20:29:22.377+0000] {processor.py:179} INFO - Processing /home/airflow/.local/lib/python3.8/site-packages/airflow/example_dags/example_latest_only.py took 0.033 seconds
[2025-03-06T20:31:49.162+0000] {processor.py:157} INFO - Started process (PID=43336) to work on /home/airflow/.local/lib/python3.8/site-packages/airflow/example_dags/example_latest_only.py
[2025-03-06T20:31:49.162+0000] {processor.py:829} INFO - Processing file /home/airflow/.local/lib/python3.8/site-packages/airflow/example_dags/example_latest_only.py for tasks to queue
[2025-03-06T20:31:49.163+0000] {logging_mixin.py:154} INFO - [2025-03-06T20:31:49.162+0000] {dagbag.py:536} INFO - Filling up the DagBag from /home/airflow/.local/lib/python3.8/site-packages/airflow/example_dags/example_latest_only.py
[2025-03-06T20:31:49.167+0000] {processor.py:839} INFO - DAG(s) dict_keys(['latest_only']) retrieved from /home/airflow/.local/lib/python3.8/site-packages/airflow/example_dags/example_latest_only.py
[2025-03-06T20:31:49.181+0000] {logging_mixin.py:154} INFO - [2025-03-06T20:31:49.180+0000] {dag.py:2941} INFO - Sync 1 DAGs
[2025-03-06T20:31:49.192+0000] {logging_mixin.py:154} INFO - [2025-03-06T20:31:49.191+0000] {dag.py:3722} INFO - Setting next_dagrun for latest_only to 2025-03-06T16:31:49.191849+00:00, run_after=2025-03-06T20:31:49.191849+00:00
[2025-03-06T20:31:49.213+0000] {processor.py:179} INFO - Processing /home/airflow/.local/lib/python3.8/site-packages/airflow/example_dags/example_latest_only.py took 0.053 seconds
[2025-03-06T20:32:57.002+0000] {processor.py:157} INFO - Started process (PID=43392) to work on /home/airflow/.local/lib/python3.8/site-packages/airflow/example_dags/example_latest_only.py
[2025-03-06T20:32:57.002+0000] {processor.py:829} INFO - Processing file /home/airflow/.local/lib/python3.8/site-packages/airflow/example_dags/example_latest_only.py for tasks to queue
[2025-03-06T20:32:57.005+0000] {logging_mixin.py:154} INFO - [2025-03-06T20:32:57.005+0000] {dagbag.py:536} INFO - Filling up the DagBag from /home/airflow/.local/lib/python3.8/site-packages/airflow/example_dags/example_latest_only.py
[2025-03-06T20:32:57.008+0000] {processor.py:839} INFO - DAG(s) dict_keys(['latest_only']) retrieved from /home/airflow/.local/lib/python3.8/site-packages/airflow/example_dags/example_latest_only.py
[2025-03-06T20:32:57.021+0000] {logging_mixin.py:154} INFO - [2025-03-06T20:32:57.021+0000] {dag.py:2941} INFO - Sync 1 DAGs
[2025-03-06T20:32:57.036+0000] {logging_mixin.py:154} INFO - [2025-03-06T20:32:57.035+0000] {dag.py:3722} INFO - Setting next_dagrun for latest_only to 2025-03-06T16:32:57.035759+00:00, run_after=2025-03-06T20:32:57.035759+00:00
[2025-03-06T20:32:57.046+0000] {processor.py:179} INFO - Processing /home/airflow/.local/lib/python3.8/site-packages/airflow/example_dags/example_latest_only.py took 0.046 seconds
[2025-03-06T20:39:11.844+0000] {processor.py:157} INFO - Started process (PID=43448) to work on /home/airflow/.local/lib/python3.8/site-packages/airflow/example_dags/example_latest_only.py
[2025-03-06T20:39:11.844+0000] {processor.py:829} INFO - Processing file /home/airflow/.local/lib/python3.8/site-packages/airflow/example_dags/example_latest_only.py for tasks to queue
[2025-03-06T20:39:11.845+0000] {logging_mixin.py:154} INFO - [2025-03-06T20:39:11.845+0000] {dagbag.py:536} INFO - Filling up the DagBag from /home/airflow/.local/lib/python3.8/site-packages/airflow/example_dags/example_latest_only.py
[2025-03-06T20:39:11.849+0000] {processor.py:839} INFO - DAG(s) dict_keys(['latest_only']) retrieved from /home/airflow/.local/lib/python3.8/site-packages/airflow/example_dags/example_latest_only.py
[2025-03-06T20:39:11.863+0000] {logging_mixin.py:154} INFO - [2025-03-06T20:39:11.863+0000] {dag.py:2941} INFO - Sync 1 DAGs
[2025-03-06T20:39:11.874+0000] {logging_mixin.py:154} INFO - [2025-03-06T20:39:11.874+0000] {dag.py:3722} INFO - Setting next_dagrun for latest_only to 2025-03-06T16:39:11.874679+00:00, run_after=2025-03-06T20:39:11.874679+00:00
[2025-03-06T20:39:11.884+0000] {processor.py:179} INFO - Processing /home/airflow/.local/lib/python3.8/site-packages/airflow/example_dags/example_latest_only.py took 0.042 seconds
[2025-03-06T21:16:25.859+0000] {processor.py:157} INFO - Started process (PID=43504) to work on /home/airflow/.local/lib/python3.8/site-packages/airflow/example_dags/example_latest_only.py
[2025-03-06T21:16:25.860+0000] {processor.py:829} INFO - Processing file /home/airflow/.local/lib/python3.8/site-packages/airflow/example_dags/example_latest_only.py for tasks to queue
[2025-03-06T21:16:25.861+0000] {logging_mixin.py:154} INFO - [2025-03-06T21:16:25.860+0000] {dagbag.py:536} INFO - Filling up the DagBag from /home/airflow/.local/lib/python3.8/site-packages/airflow/example_dags/example_latest_only.py
[2025-03-06T21:16:25.868+0000] {processor.py:839} INFO - DAG(s) dict_keys(['latest_only']) retrieved from /home/airflow/.local/lib/python3.8/site-packages/airflow/example_dags/example_latest_only.py
[2025-03-06T21:16:25.884+0000] {logging_mixin.py:154} INFO - [2025-03-06T21:16:25.884+0000] {dag.py:2941} INFO - Sync 1 DAGs
[2025-03-06T21:16:25.896+0000] {logging_mixin.py:154} INFO - [2025-03-06T21:16:25.895+0000] {dag.py:3722} INFO - Setting next_dagrun for latest_only to 2025-03-06T17:16:25.895804+00:00, run_after=2025-03-06T21:16:25.895804+00:00
[2025-03-06T21:16:25.907+0000] {processor.py:179} INFO - Processing /home/airflow/.local/lib/python3.8/site-packages/airflow/example_dags/example_latest_only.py took 0.050 seconds
[2025-03-06T21:59:00.885+0000] {processor.py:157} INFO - Started process (PID=43560) to work on /home/airflow/.local/lib/python3.8/site-packages/airflow/example_dags/example_latest_only.py
[2025-03-06T21:59:00.886+0000] {processor.py:829} INFO - Processing file /home/airflow/.local/lib/python3.8/site-packages/airflow/example_dags/example_latest_only.py for tasks to queue
[2025-03-06T21:59:00.887+0000] {logging_mixin.py:154} INFO - [2025-03-06T21:59:00.887+0000] {dagbag.py:536} INFO - Filling up the DagBag from /home/airflow/.local/lib/python3.8/site-packages/airflow/example_dags/example_latest_only.py
[2025-03-06T21:59:00.892+0000] {processor.py:839} INFO - DAG(s) dict_keys(['latest_only']) retrieved from /home/airflow/.local/lib/python3.8/site-packages/airflow/example_dags/example_latest_only.py
[2025-03-06T21:59:00.908+0000] {logging_mixin.py:154} INFO - [2025-03-06T21:59:00.908+0000] {dag.py:2941} INFO - Sync 1 DAGs
[2025-03-06T21:59:00.923+0000] {logging_mixin.py:154} INFO - [2025-03-06T21:59:00.923+0000] {dag.py:3722} INFO - Setting next_dagrun for latest_only to 2025-03-06T17:59:00.923011+00:00, run_after=2025-03-06T21:59:00.923011+00:00
[2025-03-06T21:59:00.944+0000] {processor.py:179} INFO - Processing /home/airflow/.local/lib/python3.8/site-packages/airflow/example_dags/example_latest_only.py took 0.061 seconds
[2025-03-06T22:10:44.623+0000] {processor.py:157} INFO - Started process (PID=43616) to work on /home/airflow/.local/lib/python3.8/site-packages/airflow/example_dags/example_latest_only.py
[2025-03-06T22:10:44.624+0000] {processor.py:829} INFO - Processing file /home/airflow/.local/lib/python3.8/site-packages/airflow/example_dags/example_latest_only.py for tasks to queue
[2025-03-06T22:10:44.624+0000] {logging_mixin.py:154} INFO - [2025-03-06T22:10:44.624+0000] {dagbag.py:536} INFO - Filling up the DagBag from /home/airflow/.local/lib/python3.8/site-packages/airflow/example_dags/example_latest_only.py
[2025-03-06T22:10:44.629+0000] {processor.py:839} INFO - DAG(s) dict_keys(['latest_only']) retrieved from /home/airflow/.local/lib/python3.8/site-packages/airflow/example_dags/example_latest_only.py
[2025-03-06T22:10:44.640+0000] {logging_mixin.py:154} INFO - [2025-03-06T22:10:44.639+0000] {dag.py:2941} INFO - Sync 1 DAGs
[2025-03-06T22:10:44.647+0000] {logging_mixin.py:154} INFO - [2025-03-06T22:10:44.647+0000] {dag.py:3722} INFO - Setting next_dagrun for latest_only to 2025-03-06T18:10:44.647227+00:00, run_after=2025-03-06T22:10:44.647227+00:00
[2025-03-06T22:10:44.656+0000] {processor.py:179} INFO - Processing /home/airflow/.local/lib/python3.8/site-packages/airflow/example_dags/example_latest_only.py took 0.034 seconds
[2025-03-06T22:29:20.567+0000] {processor.py:157} INFO - Started process (PID=43672) to work on /home/airflow/.local/lib/python3.8/site-packages/airflow/example_dags/example_latest_only.py
[2025-03-06T22:29:20.567+0000] {processor.py:829} INFO - Processing file /home/airflow/.local/lib/python3.8/site-packages/airflow/example_dags/example_latest_only.py for tasks to queue
[2025-03-06T22:29:20.568+0000] {logging_mixin.py:154} INFO - [2025-03-06T22:29:20.568+0000] {dagbag.py:536} INFO - Filling up the DagBag from /home/airflow/.local/lib/python3.8/site-packages/airflow/example_dags/example_latest_only.py
[2025-03-06T22:29:20.571+0000] {processor.py:839} INFO - DAG(s) dict_keys(['latest_only']) retrieved from /home/airflow/.local/lib/python3.8/site-packages/airflow/example_dags/example_latest_only.py
[2025-03-06T22:29:20.581+0000] {logging_mixin.py:154} INFO - [2025-03-06T22:29:20.581+0000] {dag.py:2941} INFO - Sync 1 DAGs
[2025-03-06T22:29:20.590+0000] {logging_mixin.py:154} INFO - [2025-03-06T22:29:20.589+0000] {dag.py:3722} INFO - Setting next_dagrun for latest_only to 2025-03-06T18:29:20.589883+00:00, run_after=2025-03-06T22:29:20.589883+00:00
[2025-03-06T22:29:20.599+0000] {processor.py:179} INFO - Processing /home/airflow/.local/lib/python3.8/site-packages/airflow/example_dags/example_latest_only.py took 0.034 seconds
[2025-03-06T23:02:09.822+0000] {processor.py:157} INFO - Started process (PID=43728) to work on /home/airflow/.local/lib/python3.8/site-packages/airflow/example_dags/example_latest_only.py
[2025-03-06T23:02:09.822+0000] {processor.py:829} INFO - Processing file /home/airflow/.local/lib/python3.8/site-packages/airflow/example_dags/example_latest_only.py for tasks to queue
[2025-03-06T23:02:09.823+0000] {logging_mixin.py:154} INFO - [2025-03-06T23:02:09.823+0000] {dagbag.py:536} INFO - Filling up the DagBag from /home/airflow/.local/lib/python3.8/site-packages/airflow/example_dags/example_latest_only.py
[2025-03-06T23:02:09.828+0000] {processor.py:839} INFO - DAG(s) dict_keys(['latest_only']) retrieved from /home/airflow/.local/lib/python3.8/site-packages/airflow/example_dags/example_latest_only.py
[2025-03-06T23:02:09.839+0000] {logging_mixin.py:154} INFO - [2025-03-06T23:02:09.839+0000] {dag.py:2941} INFO - Sync 1 DAGs
[2025-03-06T23:02:09.851+0000] {logging_mixin.py:154} INFO - [2025-03-06T23:02:09.851+0000] {dag.py:3722} INFO - Setting next_dagrun for latest_only to 2025-03-06T19:02:09.851231+00:00, run_after=2025-03-06T23:02:09.851231+00:00
[2025-03-06T23:02:09.863+0000] {processor.py:179} INFO - Processing /home/airflow/.local/lib/python3.8/site-packages/airflow/example_dags/example_latest_only.py took 0.044 seconds
[2025-03-06T23:48:03.220+0000] {processor.py:157} INFO - Started process (PID=43784) to work on /home/airflow/.local/lib/python3.8/site-packages/airflow/example_dags/example_latest_only.py
[2025-03-06T23:48:03.220+0000] {processor.py:829} INFO - Processing file /home/airflow/.local/lib/python3.8/site-packages/airflow/example_dags/example_latest_only.py for tasks to queue
[2025-03-06T23:48:03.221+0000] {logging_mixin.py:154} INFO - [2025-03-06T23:48:03.221+0000] {dagbag.py:536} INFO - Filling up the DagBag from /home/airflow/.local/lib/python3.8/site-packages/airflow/example_dags/example_latest_only.py
[2025-03-06T23:48:03.225+0000] {processor.py:839} INFO - DAG(s) dict_keys(['latest_only']) retrieved from /home/airflow/.local/lib/python3.8/site-packages/airflow/example_dags/example_latest_only.py
[2025-03-06T23:48:03.237+0000] {logging_mixin.py:154} INFO - [2025-03-06T23:48:03.237+0000] {dag.py:2941} INFO - Sync 1 DAGs
[2025-03-06T23:48:03.250+0000] {logging_mixin.py:154} INFO - [2025-03-06T23:48:03.250+0000] {dag.py:3722} INFO - Setting next_dagrun for latest_only to 2025-03-06T19:48:03.250425+00:00, run_after=2025-03-06T23:48:03.250425+00:00
[2025-03-06T23:48:03.261+0000] {processor.py:179} INFO - Processing /home/airflow/.local/lib/python3.8/site-packages/airflow/example_dags/example_latest_only.py took 0.043 seconds
