[2025-03-06T00:48:14.162+0000] {processor.py:157} INFO - Started process (PID=9061) to work on /home/airflow/.local/lib/python3.8/site-packages/airflow/example_dags/example_short_circuit_operator.py
[2025-03-06T00:48:14.162+0000] {processor.py:829} INFO - Processing file /home/airflow/.local/lib/python3.8/site-packages/airflow/example_dags/example_short_circuit_operator.py for tasks to queue
[2025-03-06T00:48:14.163+0000] {logging_mixin.py:154} INFO - [2025-03-06T00:48:14.163+0000] {dagbag.py:536} INFO - Filling up the DagBag from /home/airflow/.local/lib/python3.8/site-packages/airflow/example_dags/example_short_circuit_operator.py
[2025-03-06T00:48:14.166+0000] {processor.py:839} INFO - DAG(s) dict_keys(['example_short_circuit_operator']) retrieved from /home/airflow/.local/lib/python3.8/site-packages/airflow/example_dags/example_short_circuit_operator.py
[2025-03-06T00:48:14.176+0000] {logging_mixin.py:154} INFO - [2025-03-06T00:48:14.176+0000] {dag.py:2941} INFO - Sync 1 DAGs
[2025-03-06T00:48:14.184+0000] {logging_mixin.py:154} INFO - [2025-03-06T00:48:14.184+0000] {dag.py:3722} INFO - Setting next_dagrun for example_short_circuit_operator to 2025-03-05T00:48:14.184240+00:00, run_after=2025-03-06T00:48:14.184240+00:00
[2025-03-06T00:48:14.190+0000] {processor.py:179} INFO - Processing /home/airflow/.local/lib/python3.8/site-packages/airflow/example_dags/example_short_circuit_operator.py took 0.030 seconds
[2025-03-06T01:59:33.832+0000] {processor.py:157} INFO - Started process (PID=9117) to work on /home/airflow/.local/lib/python3.8/site-packages/airflow/example_dags/example_short_circuit_operator.py
[2025-03-06T01:59:33.834+0000] {processor.py:829} INFO - Processing file /home/airflow/.local/lib/python3.8/site-packages/airflow/example_dags/example_short_circuit_operator.py for tasks to queue
[2025-03-06T01:59:33.836+0000] {logging_mixin.py:154} INFO - [2025-03-06T01:59:33.835+0000] {dagbag.py:536} INFO - Filling up the DagBag from /home/airflow/.local/lib/python3.8/site-packages/airflow/example_dags/example_short_circuit_operator.py
[2025-03-06T01:59:33.841+0000] {processor.py:839} INFO - DAG(s) dict_keys(['example_short_circuit_operator']) retrieved from /home/airflow/.local/lib/python3.8/site-packages/airflow/example_dags/example_short_circuit_operator.py
[2025-03-06T01:59:33.856+0000] {logging_mixin.py:154} INFO - [2025-03-06T01:59:33.855+0000] {dag.py:2941} INFO - Sync 1 DAGs
[2025-03-06T01:59:33.868+0000] {logging_mixin.py:154} INFO - [2025-03-06T01:59:33.868+0000] {dag.py:3722} INFO - Setting next_dagrun for example_short_circuit_operator to 2025-03-05T01:59:33.868272+00:00, run_after=2025-03-06T01:59:33.868272+00:00
[2025-03-06T01:59:33.883+0000] {processor.py:179} INFO - Processing /home/airflow/.local/lib/python3.8/site-packages/airflow/example_dags/example_short_circuit_operator.py took 0.053 seconds
[2025-03-06T03:10:29.640+0000] {processor.py:157} INFO - Started process (PID=9173) to work on /home/airflow/.local/lib/python3.8/site-packages/airflow/example_dags/example_short_circuit_operator.py
[2025-03-06T03:10:29.641+0000] {processor.py:829} INFO - Processing file /home/airflow/.local/lib/python3.8/site-packages/airflow/example_dags/example_short_circuit_operator.py for tasks to queue
[2025-03-06T03:10:29.642+0000] {logging_mixin.py:154} INFO - [2025-03-06T03:10:29.642+0000] {dagbag.py:536} INFO - Filling up the DagBag from /home/airflow/.local/lib/python3.8/site-packages/airflow/example_dags/example_short_circuit_operator.py
[2025-03-06T03:10:29.647+0000] {processor.py:839} INFO - DAG(s) dict_keys(['example_short_circuit_operator']) retrieved from /home/airflow/.local/lib/python3.8/site-packages/airflow/example_dags/example_short_circuit_operator.py
[2025-03-06T03:10:29.657+0000] {logging_mixin.py:154} INFO - [2025-03-06T03:10:29.656+0000] {dag.py:2941} INFO - Sync 1 DAGs
[2025-03-06T03:10:29.665+0000] {logging_mixin.py:154} INFO - [2025-03-06T03:10:29.665+0000] {dag.py:3722} INFO - Setting next_dagrun for example_short_circuit_operator to 2025-03-05T03:10:29.665422+00:00, run_after=2025-03-06T03:10:29.665422+00:00
[2025-03-06T03:10:29.672+0000] {processor.py:179} INFO - Processing /home/airflow/.local/lib/python3.8/site-packages/airflow/example_dags/example_short_circuit_operator.py took 0.033 seconds
[2025-03-06T04:28:47.120+0000] {processor.py:157} INFO - Started process (PID=9229) to work on /home/airflow/.local/lib/python3.8/site-packages/airflow/example_dags/example_short_circuit_operator.py
[2025-03-06T04:28:47.121+0000] {processor.py:829} INFO - Processing file /home/airflow/.local/lib/python3.8/site-packages/airflow/example_dags/example_short_circuit_operator.py for tasks to queue
[2025-03-06T04:28:47.123+0000] {logging_mixin.py:154} INFO - [2025-03-06T04:28:47.123+0000] {dagbag.py:536} INFO - Filling up the DagBag from /home/airflow/.local/lib/python3.8/site-packages/airflow/example_dags/example_short_circuit_operator.py
[2025-03-06T04:28:47.128+0000] {processor.py:839} INFO - DAG(s) dict_keys(['example_short_circuit_operator']) retrieved from /home/airflow/.local/lib/python3.8/site-packages/airflow/example_dags/example_short_circuit_operator.py
[2025-03-06T04:28:47.144+0000] {logging_mixin.py:154} INFO - [2025-03-06T04:28:47.144+0000] {dag.py:2941} INFO - Sync 1 DAGs
[2025-03-06T04:28:47.155+0000] {logging_mixin.py:154} INFO - [2025-03-06T04:28:47.155+0000] {dag.py:3722} INFO - Setting next_dagrun for example_short_circuit_operator to 2025-03-05T04:28:47.155175+00:00, run_after=2025-03-06T04:28:47.155175+00:00
[2025-03-06T04:28:47.166+0000] {processor.py:179} INFO - Processing /home/airflow/.local/lib/python3.8/site-packages/airflow/example_dags/example_short_circuit_operator.py took 0.048 seconds
[2025-03-06T05:30:08.990+0000] {processor.py:157} INFO - Started process (PID=9285) to work on /home/airflow/.local/lib/python3.8/site-packages/airflow/example_dags/example_short_circuit_operator.py
[2025-03-06T05:30:08.990+0000] {processor.py:829} INFO - Processing file /home/airflow/.local/lib/python3.8/site-packages/airflow/example_dags/example_short_circuit_operator.py for tasks to queue
[2025-03-06T05:30:08.992+0000] {logging_mixin.py:154} INFO - [2025-03-06T05:30:08.991+0000] {dagbag.py:536} INFO - Filling up the DagBag from /home/airflow/.local/lib/python3.8/site-packages/airflow/example_dags/example_short_circuit_operator.py
[2025-03-06T05:30:08.995+0000] {processor.py:839} INFO - DAG(s) dict_keys(['example_short_circuit_operator']) retrieved from /home/airflow/.local/lib/python3.8/site-packages/airflow/example_dags/example_short_circuit_operator.py
[2025-03-06T05:30:09.005+0000] {logging_mixin.py:154} INFO - [2025-03-06T05:30:09.005+0000] {dag.py:2941} INFO - Sync 1 DAGs
[2025-03-06T05:30:09.014+0000] {logging_mixin.py:154} INFO - [2025-03-06T05:30:09.014+0000] {dag.py:3722} INFO - Setting next_dagrun for example_short_circuit_operator to 2025-03-05T05:30:09.013989+00:00, run_after=2025-03-06T05:30:09.013989+00:00
[2025-03-06T05:30:09.023+0000] {processor.py:179} INFO - Processing /home/airflow/.local/lib/python3.8/site-packages/airflow/example_dags/example_short_circuit_operator.py took 0.035 seconds
[2025-03-06T06:48:02.875+0000] {processor.py:157} INFO - Started process (PID=9341) to work on /home/airflow/.local/lib/python3.8/site-packages/airflow/example_dags/example_short_circuit_operator.py
[2025-03-06T06:48:02.876+0000] {processor.py:829} INFO - Processing file /home/airflow/.local/lib/python3.8/site-packages/airflow/example_dags/example_short_circuit_operator.py for tasks to queue
[2025-03-06T06:48:02.877+0000] {logging_mixin.py:154} INFO - [2025-03-06T06:48:02.877+0000] {dagbag.py:536} INFO - Filling up the DagBag from /home/airflow/.local/lib/python3.8/site-packages/airflow/example_dags/example_short_circuit_operator.py
[2025-03-06T06:48:02.880+0000] {processor.py:839} INFO - DAG(s) dict_keys(['example_short_circuit_operator']) retrieved from /home/airflow/.local/lib/python3.8/site-packages/airflow/example_dags/example_short_circuit_operator.py
[2025-03-06T06:48:02.890+0000] {logging_mixin.py:154} INFO - [2025-03-06T06:48:02.890+0000] {dag.py:2941} INFO - Sync 1 DAGs
[2025-03-06T06:48:02.899+0000] {logging_mixin.py:154} INFO - [2025-03-06T06:48:02.899+0000] {dag.py:3722} INFO - Setting next_dagrun for example_short_circuit_operator to 2025-03-05T06:48:02.899311+00:00, run_after=2025-03-06T06:48:02.899311+00:00
[2025-03-06T06:48:02.909+0000] {processor.py:179} INFO - Processing /home/airflow/.local/lib/python3.8/site-packages/airflow/example_dags/example_short_circuit_operator.py took 0.035 seconds
[2025-03-06T08:02:30.628+0000] {processor.py:157} INFO - Started process (PID=9396) to work on /home/airflow/.local/lib/python3.8/site-packages/airflow/example_dags/example_short_circuit_operator.py
[2025-03-06T08:02:30.629+0000] {processor.py:829} INFO - Processing file /home/airflow/.local/lib/python3.8/site-packages/airflow/example_dags/example_short_circuit_operator.py for tasks to queue
[2025-03-06T08:02:30.630+0000] {logging_mixin.py:154} INFO - [2025-03-06T08:02:30.630+0000] {dagbag.py:536} INFO - Filling up the DagBag from /home/airflow/.local/lib/python3.8/site-packages/airflow/example_dags/example_short_circuit_operator.py
[2025-03-06T08:02:30.633+0000] {processor.py:839} INFO - DAG(s) dict_keys(['example_short_circuit_operator']) retrieved from /home/airflow/.local/lib/python3.8/site-packages/airflow/example_dags/example_short_circuit_operator.py
[2025-03-06T08:02:30.643+0000] {logging_mixin.py:154} INFO - [2025-03-06T08:02:30.642+0000] {dag.py:2941} INFO - Sync 1 DAGs
[2025-03-06T08:02:30.651+0000] {logging_mixin.py:154} INFO - [2025-03-06T08:02:30.650+0000] {dag.py:3722} INFO - Setting next_dagrun for example_short_circuit_operator to 2025-03-05T08:02:30.650887+00:00, run_after=2025-03-06T08:02:30.650887+00:00
[2025-03-06T08:02:30.659+0000] {processor.py:179} INFO - Processing /home/airflow/.local/lib/python3.8/site-packages/airflow/example_dags/example_short_circuit_operator.py took 0.033 seconds
[2025-03-06T09:16:30.867+0000] {processor.py:157} INFO - Started process (PID=9452) to work on /home/airflow/.local/lib/python3.8/site-packages/airflow/example_dags/example_short_circuit_operator.py
[2025-03-06T09:16:30.869+0000] {processor.py:829} INFO - Processing file /home/airflow/.local/lib/python3.8/site-packages/airflow/example_dags/example_short_circuit_operator.py for tasks to queue
[2025-03-06T09:16:30.870+0000] {logging_mixin.py:154} INFO - [2025-03-06T09:16:30.869+0000] {dagbag.py:536} INFO - Filling up the DagBag from /home/airflow/.local/lib/python3.8/site-packages/airflow/example_dags/example_short_circuit_operator.py
[2025-03-06T09:16:30.873+0000] {processor.py:839} INFO - DAG(s) dict_keys(['example_short_circuit_operator']) retrieved from /home/airflow/.local/lib/python3.8/site-packages/airflow/example_dags/example_short_circuit_operator.py
[2025-03-06T09:16:30.882+0000] {logging_mixin.py:154} INFO - [2025-03-06T09:16:30.882+0000] {dag.py:2941} INFO - Sync 1 DAGs
[2025-03-06T09:16:30.890+0000] {logging_mixin.py:154} INFO - [2025-03-06T09:16:30.890+0000] {dag.py:3722} INFO - Setting next_dagrun for example_short_circuit_operator to 2025-03-05T09:16:30.890011+00:00, run_after=2025-03-06T09:16:30.890011+00:00
[2025-03-06T09:16:30.897+0000] {processor.py:179} INFO - Processing /home/airflow/.local/lib/python3.8/site-packages/airflow/example_dags/example_short_circuit_operator.py took 0.031 seconds
[2025-03-06T10:34:03.644+0000] {processor.py:157} INFO - Started process (PID=9508) to work on /home/airflow/.local/lib/python3.8/site-packages/airflow/example_dags/example_short_circuit_operator.py
[2025-03-06T10:34:03.645+0000] {processor.py:829} INFO - Processing file /home/airflow/.local/lib/python3.8/site-packages/airflow/example_dags/example_short_circuit_operator.py for tasks to queue
[2025-03-06T10:34:03.646+0000] {logging_mixin.py:154} INFO - [2025-03-06T10:34:03.646+0000] {dagbag.py:536} INFO - Filling up the DagBag from /home/airflow/.local/lib/python3.8/site-packages/airflow/example_dags/example_short_circuit_operator.py
[2025-03-06T10:34:03.650+0000] {processor.py:839} INFO - DAG(s) dict_keys(['example_short_circuit_operator']) retrieved from /home/airflow/.local/lib/python3.8/site-packages/airflow/example_dags/example_short_circuit_operator.py
[2025-03-06T10:34:03.663+0000] {logging_mixin.py:154} INFO - [2025-03-06T10:34:03.663+0000] {dag.py:2941} INFO - Sync 1 DAGs
[2025-03-06T10:34:03.674+0000] {logging_mixin.py:154} INFO - [2025-03-06T10:34:03.674+0000] {dag.py:3722} INFO - Setting next_dagrun for example_short_circuit_operator to 2025-03-05T10:34:03.674173+00:00, run_after=2025-03-06T10:34:03.674173+00:00
[2025-03-06T10:34:03.681+0000] {processor.py:179} INFO - Processing /home/airflow/.local/lib/python3.8/site-packages/airflow/example_dags/example_short_circuit_operator.py took 0.039 seconds
[2025-03-06T11:03:43.347+0000] {processor.py:157} INFO - Started process (PID=9564) to work on /home/airflow/.local/lib/python3.8/site-packages/airflow/example_dags/example_short_circuit_operator.py
[2025-03-06T11:03:43.347+0000] {processor.py:829} INFO - Processing file /home/airflow/.local/lib/python3.8/site-packages/airflow/example_dags/example_short_circuit_operator.py for tasks to queue
[2025-03-06T11:03:43.348+0000] {logging_mixin.py:154} INFO - [2025-03-06T11:03:43.348+0000] {dagbag.py:536} INFO - Filling up the DagBag from /home/airflow/.local/lib/python3.8/site-packages/airflow/example_dags/example_short_circuit_operator.py
[2025-03-06T11:03:43.352+0000] {processor.py:839} INFO - DAG(s) dict_keys(['example_short_circuit_operator']) retrieved from /home/airflow/.local/lib/python3.8/site-packages/airflow/example_dags/example_short_circuit_operator.py
[2025-03-06T11:03:43.363+0000] {logging_mixin.py:154} INFO - [2025-03-06T11:03:43.362+0000] {dag.py:2941} INFO - Sync 1 DAGs
[2025-03-06T11:03:43.371+0000] {logging_mixin.py:154} INFO - [2025-03-06T11:03:43.371+0000] {dag.py:3722} INFO - Setting next_dagrun for example_short_circuit_operator to 2025-03-05T11:03:43.371053+00:00, run_after=2025-03-06T11:03:43.371053+00:00
[2025-03-06T11:03:43.381+0000] {processor.py:179} INFO - Processing /home/airflow/.local/lib/python3.8/site-packages/airflow/example_dags/example_short_circuit_operator.py took 0.036 seconds
[2025-03-06T11:04:14.546+0000] {processor.py:157} INFO - Started process (PID=9620) to work on /home/airflow/.local/lib/python3.8/site-packages/airflow/example_dags/example_short_circuit_operator.py
[2025-03-06T11:04:14.549+0000] {processor.py:829} INFO - Processing file /home/airflow/.local/lib/python3.8/site-packages/airflow/example_dags/example_short_circuit_operator.py for tasks to queue
[2025-03-06T11:04:14.550+0000] {logging_mixin.py:154} INFO - [2025-03-06T11:04:14.550+0000] {dagbag.py:536} INFO - Filling up the DagBag from /home/airflow/.local/lib/python3.8/site-packages/airflow/example_dags/example_short_circuit_operator.py
[2025-03-06T11:04:14.554+0000] {processor.py:839} INFO - DAG(s) dict_keys(['example_short_circuit_operator']) retrieved from /home/airflow/.local/lib/python3.8/site-packages/airflow/example_dags/example_short_circuit_operator.py
[2025-03-06T11:04:14.566+0000] {logging_mixin.py:154} INFO - [2025-03-06T11:04:14.566+0000] {dag.py:2941} INFO - Sync 1 DAGs
[2025-03-06T11:04:14.576+0000] {logging_mixin.py:154} INFO - [2025-03-06T11:04:14.576+0000] {dag.py:3722} INFO - Setting next_dagrun for example_short_circuit_operator to 2025-03-05T11:04:14.576099+00:00, run_after=2025-03-06T11:04:14.576099+00:00
[2025-03-06T11:04:14.587+0000] {processor.py:179} INFO - Processing /home/airflow/.local/lib/python3.8/site-packages/airflow/example_dags/example_short_circuit_operator.py took 0.042 seconds
[2025-03-06T11:04:45.131+0000] {processor.py:157} INFO - Started process (PID=9676) to work on /home/airflow/.local/lib/python3.8/site-packages/airflow/example_dags/example_short_circuit_operator.py
[2025-03-06T11:04:45.132+0000] {processor.py:829} INFO - Processing file /home/airflow/.local/lib/python3.8/site-packages/airflow/example_dags/example_short_circuit_operator.py for tasks to queue
[2025-03-06T11:04:45.134+0000] {logging_mixin.py:154} INFO - [2025-03-06T11:04:45.134+0000] {dagbag.py:536} INFO - Filling up the DagBag from /home/airflow/.local/lib/python3.8/site-packages/airflow/example_dags/example_short_circuit_operator.py
[2025-03-06T11:04:45.138+0000] {processor.py:839} INFO - DAG(s) dict_keys(['example_short_circuit_operator']) retrieved from /home/airflow/.local/lib/python3.8/site-packages/airflow/example_dags/example_short_circuit_operator.py
[2025-03-06T11:04:45.150+0000] {logging_mixin.py:154} INFO - [2025-03-06T11:04:45.149+0000] {dag.py:2941} INFO - Sync 1 DAGs
[2025-03-06T11:04:45.248+0000] {logging_mixin.py:154} INFO - [2025-03-06T11:04:45.248+0000] {dag.py:3722} INFO - Setting next_dagrun for example_short_circuit_operator to 2025-03-05T11:04:45.248670+00:00, run_after=2025-03-06T11:04:45.248670+00:00
[2025-03-06T11:04:45.257+0000] {processor.py:179} INFO - Processing /home/airflow/.local/lib/python3.8/site-packages/airflow/example_dags/example_short_circuit_operator.py took 0.127 seconds
[2025-03-06T11:05:16.067+0000] {processor.py:157} INFO - Started process (PID=9732) to work on /home/airflow/.local/lib/python3.8/site-packages/airflow/example_dags/example_short_circuit_operator.py
[2025-03-06T11:05:16.068+0000] {processor.py:829} INFO - Processing file /home/airflow/.local/lib/python3.8/site-packages/airflow/example_dags/example_short_circuit_operator.py for tasks to queue
[2025-03-06T11:05:16.069+0000] {logging_mixin.py:154} INFO - [2025-03-06T11:05:16.069+0000] {dagbag.py:536} INFO - Filling up the DagBag from /home/airflow/.local/lib/python3.8/site-packages/airflow/example_dags/example_short_circuit_operator.py
[2025-03-06T11:05:16.074+0000] {processor.py:839} INFO - DAG(s) dict_keys(['example_short_circuit_operator']) retrieved from /home/airflow/.local/lib/python3.8/site-packages/airflow/example_dags/example_short_circuit_operator.py
[2025-03-06T11:05:16.084+0000] {logging_mixin.py:154} INFO - [2025-03-06T11:05:16.084+0000] {dag.py:2941} INFO - Sync 1 DAGs
[2025-03-06T11:05:16.092+0000] {logging_mixin.py:154} INFO - [2025-03-06T11:05:16.092+0000] {dag.py:3722} INFO - Setting next_dagrun for example_short_circuit_operator to 2025-03-05T11:05:16.092497+00:00, run_after=2025-03-06T11:05:16.092497+00:00
[2025-03-06T11:05:16.191+0000] {processor.py:179} INFO - Processing /home/airflow/.local/lib/python3.8/site-packages/airflow/example_dags/example_short_circuit_operator.py took 0.125 seconds
[2025-03-06T11:05:46.248+0000] {processor.py:157} INFO - Started process (PID=9788) to work on /home/airflow/.local/lib/python3.8/site-packages/airflow/example_dags/example_short_circuit_operator.py
[2025-03-06T11:05:46.248+0000] {processor.py:829} INFO - Processing file /home/airflow/.local/lib/python3.8/site-packages/airflow/example_dags/example_short_circuit_operator.py for tasks to queue
[2025-03-06T11:05:46.249+0000] {logging_mixin.py:154} INFO - [2025-03-06T11:05:46.249+0000] {dagbag.py:536} INFO - Filling up the DagBag from /home/airflow/.local/lib/python3.8/site-packages/airflow/example_dags/example_short_circuit_operator.py
[2025-03-06T11:05:46.253+0000] {processor.py:839} INFO - DAG(s) dict_keys(['example_short_circuit_operator']) retrieved from /home/airflow/.local/lib/python3.8/site-packages/airflow/example_dags/example_short_circuit_operator.py
[2025-03-06T11:05:46.263+0000] {logging_mixin.py:154} INFO - [2025-03-06T11:05:46.263+0000] {dag.py:2941} INFO - Sync 1 DAGs
[2025-03-06T11:05:46.271+0000] {logging_mixin.py:154} INFO - [2025-03-06T11:05:46.271+0000] {dag.py:3722} INFO - Setting next_dagrun for example_short_circuit_operator to 2025-03-05T11:05:46.271436+00:00, run_after=2025-03-06T11:05:46.271436+00:00
[2025-03-06T11:05:46.278+0000] {processor.py:179} INFO - Processing /home/airflow/.local/lib/python3.8/site-packages/airflow/example_dags/example_short_circuit_operator.py took 0.031 seconds
[2025-03-06T11:06:17.234+0000] {processor.py:157} INFO - Started process (PID=9844) to work on /home/airflow/.local/lib/python3.8/site-packages/airflow/example_dags/example_short_circuit_operator.py
[2025-03-06T11:06:17.235+0000] {processor.py:829} INFO - Processing file /home/airflow/.local/lib/python3.8/site-packages/airflow/example_dags/example_short_circuit_operator.py for tasks to queue
[2025-03-06T11:06:17.236+0000] {logging_mixin.py:154} INFO - [2025-03-06T11:06:17.236+0000] {dagbag.py:536} INFO - Filling up the DagBag from /home/airflow/.local/lib/python3.8/site-packages/airflow/example_dags/example_short_circuit_operator.py
[2025-03-06T11:06:17.239+0000] {processor.py:839} INFO - DAG(s) dict_keys(['example_short_circuit_operator']) retrieved from /home/airflow/.local/lib/python3.8/site-packages/airflow/example_dags/example_short_circuit_operator.py
[2025-03-06T11:06:17.249+0000] {logging_mixin.py:154} INFO - [2025-03-06T11:06:17.248+0000] {dag.py:2941} INFO - Sync 1 DAGs
[2025-03-06T11:06:17.256+0000] {logging_mixin.py:154} INFO - [2025-03-06T11:06:17.256+0000] {dag.py:3722} INFO - Setting next_dagrun for example_short_circuit_operator to 2025-03-05T11:06:17.256722+00:00, run_after=2025-03-06T11:06:17.256722+00:00
[2025-03-06T11:06:17.264+0000] {processor.py:179} INFO - Processing /home/airflow/.local/lib/python3.8/site-packages/airflow/example_dags/example_short_circuit_operator.py took 0.031 seconds
[2025-03-06T11:06:48.476+0000] {processor.py:157} INFO - Started process (PID=9900) to work on /home/airflow/.local/lib/python3.8/site-packages/airflow/example_dags/example_short_circuit_operator.py
[2025-03-06T11:06:48.476+0000] {processor.py:829} INFO - Processing file /home/airflow/.local/lib/python3.8/site-packages/airflow/example_dags/example_short_circuit_operator.py for tasks to queue
[2025-03-06T11:06:48.477+0000] {logging_mixin.py:154} INFO - [2025-03-06T11:06:48.477+0000] {dagbag.py:536} INFO - Filling up the DagBag from /home/airflow/.local/lib/python3.8/site-packages/airflow/example_dags/example_short_circuit_operator.py
[2025-03-06T11:06:48.480+0000] {processor.py:839} INFO - DAG(s) dict_keys(['example_short_circuit_operator']) retrieved from /home/airflow/.local/lib/python3.8/site-packages/airflow/example_dags/example_short_circuit_operator.py
[2025-03-06T11:06:48.489+0000] {logging_mixin.py:154} INFO - [2025-03-06T11:06:48.489+0000] {dag.py:2941} INFO - Sync 1 DAGs
[2025-03-06T11:06:48.579+0000] {logging_mixin.py:154} INFO - [2025-03-06T11:06:48.579+0000] {dag.py:3722} INFO - Setting next_dagrun for example_short_circuit_operator to 2025-03-05T11:06:48.579395+00:00, run_after=2025-03-06T11:06:48.579395+00:00
[2025-03-06T11:06:48.585+0000] {processor.py:179} INFO - Processing /home/airflow/.local/lib/python3.8/site-packages/airflow/example_dags/example_short_circuit_operator.py took 0.111 seconds
[2025-03-06T11:07:18.662+0000] {processor.py:157} INFO - Started process (PID=9956) to work on /home/airflow/.local/lib/python3.8/site-packages/airflow/example_dags/example_short_circuit_operator.py
[2025-03-06T11:07:18.666+0000] {processor.py:829} INFO - Processing file /home/airflow/.local/lib/python3.8/site-packages/airflow/example_dags/example_short_circuit_operator.py for tasks to queue
[2025-03-06T11:07:18.667+0000] {logging_mixin.py:154} INFO - [2025-03-06T11:07:18.667+0000] {dagbag.py:536} INFO - Filling up the DagBag from /home/airflow/.local/lib/python3.8/site-packages/airflow/example_dags/example_short_circuit_operator.py
[2025-03-06T11:07:18.671+0000] {processor.py:839} INFO - DAG(s) dict_keys(['example_short_circuit_operator']) retrieved from /home/airflow/.local/lib/python3.8/site-packages/airflow/example_dags/example_short_circuit_operator.py
[2025-03-06T11:07:18.682+0000] {logging_mixin.py:154} INFO - [2025-03-06T11:07:18.682+0000] {dag.py:2941} INFO - Sync 1 DAGs
[2025-03-06T11:07:18.784+0000] {logging_mixin.py:154} INFO - [2025-03-06T11:07:18.783+0000] {dag.py:3722} INFO - Setting next_dagrun for example_short_circuit_operator to 2025-03-05T11:07:18.783866+00:00, run_after=2025-03-06T11:07:18.783866+00:00
[2025-03-06T11:07:18.791+0000] {processor.py:179} INFO - Processing /home/airflow/.local/lib/python3.8/site-packages/airflow/example_dags/example_short_circuit_operator.py took 0.130 seconds
[2025-03-06T11:07:49.379+0000] {processor.py:157} INFO - Started process (PID=10012) to work on /home/airflow/.local/lib/python3.8/site-packages/airflow/example_dags/example_short_circuit_operator.py
[2025-03-06T11:07:49.379+0000] {processor.py:829} INFO - Processing file /home/airflow/.local/lib/python3.8/site-packages/airflow/example_dags/example_short_circuit_operator.py for tasks to queue
[2025-03-06T11:07:49.380+0000] {logging_mixin.py:154} INFO - [2025-03-06T11:07:49.380+0000] {dagbag.py:536} INFO - Filling up the DagBag from /home/airflow/.local/lib/python3.8/site-packages/airflow/example_dags/example_short_circuit_operator.py
[2025-03-06T11:07:49.384+0000] {processor.py:839} INFO - DAG(s) dict_keys(['example_short_circuit_operator']) retrieved from /home/airflow/.local/lib/python3.8/site-packages/airflow/example_dags/example_short_circuit_operator.py
[2025-03-06T11:07:49.395+0000] {logging_mixin.py:154} INFO - [2025-03-06T11:07:49.395+0000] {dag.py:2941} INFO - Sync 1 DAGs
[2025-03-06T11:07:49.404+0000] {logging_mixin.py:154} INFO - [2025-03-06T11:07:49.404+0000] {dag.py:3722} INFO - Setting next_dagrun for example_short_circuit_operator to 2025-03-05T11:07:49.404195+00:00, run_after=2025-03-06T11:07:49.404195+00:00
[2025-03-06T11:07:49.509+0000] {processor.py:179} INFO - Processing /home/airflow/.local/lib/python3.8/site-packages/airflow/example_dags/example_short_circuit_operator.py took 0.132 seconds
[2025-03-06T11:08:19.609+0000] {processor.py:157} INFO - Started process (PID=10068) to work on /home/airflow/.local/lib/python3.8/site-packages/airflow/example_dags/example_short_circuit_operator.py
[2025-03-06T11:08:19.611+0000] {processor.py:829} INFO - Processing file /home/airflow/.local/lib/python3.8/site-packages/airflow/example_dags/example_short_circuit_operator.py for tasks to queue
[2025-03-06T11:08:19.612+0000] {logging_mixin.py:154} INFO - [2025-03-06T11:08:19.612+0000] {dagbag.py:536} INFO - Filling up the DagBag from /home/airflow/.local/lib/python3.8/site-packages/airflow/example_dags/example_short_circuit_operator.py
[2025-03-06T11:08:19.615+0000] {processor.py:839} INFO - DAG(s) dict_keys(['example_short_circuit_operator']) retrieved from /home/airflow/.local/lib/python3.8/site-packages/airflow/example_dags/example_short_circuit_operator.py
[2025-03-06T11:08:19.626+0000] {logging_mixin.py:154} INFO - [2025-03-06T11:08:19.626+0000] {dag.py:2941} INFO - Sync 1 DAGs
[2025-03-06T11:08:19.635+0000] {logging_mixin.py:154} INFO - [2025-03-06T11:08:19.635+0000] {dag.py:3722} INFO - Setting next_dagrun for example_short_circuit_operator to 2025-03-05T11:08:19.635476+00:00, run_after=2025-03-06T11:08:19.635476+00:00
[2025-03-06T11:08:19.644+0000] {processor.py:179} INFO - Processing /home/airflow/.local/lib/python3.8/site-packages/airflow/example_dags/example_short_circuit_operator.py took 0.036 seconds
[2025-03-06T11:08:50.764+0000] {processor.py:157} INFO - Started process (PID=10124) to work on /home/airflow/.local/lib/python3.8/site-packages/airflow/example_dags/example_short_circuit_operator.py
[2025-03-06T11:08:50.765+0000] {processor.py:829} INFO - Processing file /home/airflow/.local/lib/python3.8/site-packages/airflow/example_dags/example_short_circuit_operator.py for tasks to queue
[2025-03-06T11:08:50.766+0000] {logging_mixin.py:154} INFO - [2025-03-06T11:08:50.766+0000] {dagbag.py:536} INFO - Filling up the DagBag from /home/airflow/.local/lib/python3.8/site-packages/airflow/example_dags/example_short_circuit_operator.py
[2025-03-06T11:08:50.769+0000] {processor.py:839} INFO - DAG(s) dict_keys(['example_short_circuit_operator']) retrieved from /home/airflow/.local/lib/python3.8/site-packages/airflow/example_dags/example_short_circuit_operator.py
[2025-03-06T11:08:50.779+0000] {logging_mixin.py:154} INFO - [2025-03-06T11:08:50.778+0000] {dag.py:2941} INFO - Sync 1 DAGs
[2025-03-06T11:08:50.788+0000] {logging_mixin.py:154} INFO - [2025-03-06T11:08:50.788+0000] {dag.py:3722} INFO - Setting next_dagrun for example_short_circuit_operator to 2025-03-05T11:08:50.788759+00:00, run_after=2025-03-06T11:08:50.788759+00:00
[2025-03-06T11:08:50.796+0000] {processor.py:179} INFO - Processing /home/airflow/.local/lib/python3.8/site-packages/airflow/example_dags/example_short_circuit_operator.py took 0.033 seconds
[2025-03-06T11:09:22.072+0000] {processor.py:157} INFO - Started process (PID=10180) to work on /home/airflow/.local/lib/python3.8/site-packages/airflow/example_dags/example_short_circuit_operator.py
[2025-03-06T11:09:22.073+0000] {processor.py:829} INFO - Processing file /home/airflow/.local/lib/python3.8/site-packages/airflow/example_dags/example_short_circuit_operator.py for tasks to queue
[2025-03-06T11:09:22.073+0000] {logging_mixin.py:154} INFO - [2025-03-06T11:09:22.073+0000] {dagbag.py:536} INFO - Filling up the DagBag from /home/airflow/.local/lib/python3.8/site-packages/airflow/example_dags/example_short_circuit_operator.py
[2025-03-06T11:09:22.077+0000] {processor.py:839} INFO - DAG(s) dict_keys(['example_short_circuit_operator']) retrieved from /home/airflow/.local/lib/python3.8/site-packages/airflow/example_dags/example_short_circuit_operator.py
[2025-03-06T11:09:22.178+0000] {logging_mixin.py:154} INFO - [2025-03-06T11:09:22.177+0000] {dag.py:2941} INFO - Sync 1 DAGs
[2025-03-06T11:09:22.187+0000] {logging_mixin.py:154} INFO - [2025-03-06T11:09:22.187+0000] {dag.py:3722} INFO - Setting next_dagrun for example_short_circuit_operator to 2025-03-05T11:09:22.187117+00:00, run_after=2025-03-06T11:09:22.187117+00:00
[2025-03-06T11:09:22.196+0000] {processor.py:179} INFO - Processing /home/airflow/.local/lib/python3.8/site-packages/airflow/example_dags/example_short_circuit_operator.py took 0.126 seconds
[2025-03-06T11:09:52.504+0000] {processor.py:157} INFO - Started process (PID=10236) to work on /home/airflow/.local/lib/python3.8/site-packages/airflow/example_dags/example_short_circuit_operator.py
[2025-03-06T11:09:52.505+0000] {processor.py:829} INFO - Processing file /home/airflow/.local/lib/python3.8/site-packages/airflow/example_dags/example_short_circuit_operator.py for tasks to queue
[2025-03-06T11:09:52.506+0000] {logging_mixin.py:154} INFO - [2025-03-06T11:09:52.506+0000] {dagbag.py:536} INFO - Filling up the DagBag from /home/airflow/.local/lib/python3.8/site-packages/airflow/example_dags/example_short_circuit_operator.py
[2025-03-06T11:09:52.509+0000] {processor.py:839} INFO - DAG(s) dict_keys(['example_short_circuit_operator']) retrieved from /home/airflow/.local/lib/python3.8/site-packages/airflow/example_dags/example_short_circuit_operator.py
[2025-03-06T11:09:52.520+0000] {logging_mixin.py:154} INFO - [2025-03-06T11:09:52.519+0000] {dag.py:2941} INFO - Sync 1 DAGs
[2025-03-06T11:09:52.529+0000] {logging_mixin.py:154} INFO - [2025-03-06T11:09:52.529+0000] {dag.py:3722} INFO - Setting next_dagrun for example_short_circuit_operator to 2025-03-05T11:09:52.528918+00:00, run_after=2025-03-06T11:09:52.528918+00:00
[2025-03-06T11:09:52.536+0000] {processor.py:179} INFO - Processing /home/airflow/.local/lib/python3.8/site-packages/airflow/example_dags/example_short_circuit_operator.py took 0.033 seconds
[2025-03-06T11:10:23.102+0000] {processor.py:157} INFO - Started process (PID=10292) to work on /home/airflow/.local/lib/python3.8/site-packages/airflow/example_dags/example_short_circuit_operator.py
[2025-03-06T11:10:23.103+0000] {processor.py:829} INFO - Processing file /home/airflow/.local/lib/python3.8/site-packages/airflow/example_dags/example_short_circuit_operator.py for tasks to queue
[2025-03-06T11:10:23.104+0000] {logging_mixin.py:154} INFO - [2025-03-06T11:10:23.104+0000] {dagbag.py:536} INFO - Filling up the DagBag from /home/airflow/.local/lib/python3.8/site-packages/airflow/example_dags/example_short_circuit_operator.py
[2025-03-06T11:10:23.109+0000] {processor.py:839} INFO - DAG(s) dict_keys(['example_short_circuit_operator']) retrieved from /home/airflow/.local/lib/python3.8/site-packages/airflow/example_dags/example_short_circuit_operator.py
[2025-03-06T11:10:23.118+0000] {logging_mixin.py:154} INFO - [2025-03-06T11:10:23.118+0000] {dag.py:2941} INFO - Sync 1 DAGs
[2025-03-06T11:10:23.129+0000] {logging_mixin.py:154} INFO - [2025-03-06T11:10:23.129+0000] {dag.py:3722} INFO - Setting next_dagrun for example_short_circuit_operator to 2025-03-05T11:10:23.129327+00:00, run_after=2025-03-06T11:10:23.129327+00:00
[2025-03-06T11:10:23.138+0000] {processor.py:179} INFO - Processing /home/airflow/.local/lib/python3.8/site-packages/airflow/example_dags/example_short_circuit_operator.py took 0.038 seconds
[2025-03-06T11:10:53.835+0000] {processor.py:157} INFO - Started process (PID=10348) to work on /home/airflow/.local/lib/python3.8/site-packages/airflow/example_dags/example_short_circuit_operator.py
[2025-03-06T11:10:53.836+0000] {processor.py:829} INFO - Processing file /home/airflow/.local/lib/python3.8/site-packages/airflow/example_dags/example_short_circuit_operator.py for tasks to queue
[2025-03-06T11:10:53.838+0000] {logging_mixin.py:154} INFO - [2025-03-06T11:10:53.838+0000] {dagbag.py:536} INFO - Filling up the DagBag from /home/airflow/.local/lib/python3.8/site-packages/airflow/example_dags/example_short_circuit_operator.py
[2025-03-06T11:10:53.843+0000] {processor.py:839} INFO - DAG(s) dict_keys(['example_short_circuit_operator']) retrieved from /home/airflow/.local/lib/python3.8/site-packages/airflow/example_dags/example_short_circuit_operator.py
[2025-03-06T11:10:53.854+0000] {logging_mixin.py:154} INFO - [2025-03-06T11:10:53.854+0000] {dag.py:2941} INFO - Sync 1 DAGs
[2025-03-06T11:10:53.865+0000] {logging_mixin.py:154} INFO - [2025-03-06T11:10:53.865+0000] {dag.py:3722} INFO - Setting next_dagrun for example_short_circuit_operator to 2025-03-05T11:10:53.865039+00:00, run_after=2025-03-06T11:10:53.865039+00:00
[2025-03-06T11:10:53.874+0000] {processor.py:179} INFO - Processing /home/airflow/.local/lib/python3.8/site-packages/airflow/example_dags/example_short_circuit_operator.py took 0.041 seconds
[2025-03-06T11:11:24.451+0000] {processor.py:157} INFO - Started process (PID=10404) to work on /home/airflow/.local/lib/python3.8/site-packages/airflow/example_dags/example_short_circuit_operator.py
[2025-03-06T11:11:24.453+0000] {processor.py:829} INFO - Processing file /home/airflow/.local/lib/python3.8/site-packages/airflow/example_dags/example_short_circuit_operator.py for tasks to queue
[2025-03-06T11:11:24.454+0000] {logging_mixin.py:154} INFO - [2025-03-06T11:11:24.454+0000] {dagbag.py:536} INFO - Filling up the DagBag from /home/airflow/.local/lib/python3.8/site-packages/airflow/example_dags/example_short_circuit_operator.py
[2025-03-06T11:11:24.457+0000] {processor.py:839} INFO - DAG(s) dict_keys(['example_short_circuit_operator']) retrieved from /home/airflow/.local/lib/python3.8/site-packages/airflow/example_dags/example_short_circuit_operator.py
[2025-03-06T11:11:24.467+0000] {logging_mixin.py:154} INFO - [2025-03-06T11:11:24.467+0000] {dag.py:2941} INFO - Sync 1 DAGs
[2025-03-06T11:11:24.476+0000] {logging_mixin.py:154} INFO - [2025-03-06T11:11:24.475+0000] {dag.py:3722} INFO - Setting next_dagrun for example_short_circuit_operator to 2025-03-05T11:11:24.475826+00:00, run_after=2025-03-06T11:11:24.475826+00:00
[2025-03-06T11:11:24.483+0000] {processor.py:179} INFO - Processing /home/airflow/.local/lib/python3.8/site-packages/airflow/example_dags/example_short_circuit_operator.py took 0.033 seconds
[2025-03-06T11:11:54.933+0000] {processor.py:157} INFO - Started process (PID=10460) to work on /home/airflow/.local/lib/python3.8/site-packages/airflow/example_dags/example_short_circuit_operator.py
[2025-03-06T11:11:54.933+0000] {processor.py:829} INFO - Processing file /home/airflow/.local/lib/python3.8/site-packages/airflow/example_dags/example_short_circuit_operator.py for tasks to queue
[2025-03-06T11:11:54.934+0000] {logging_mixin.py:154} INFO - [2025-03-06T11:11:54.934+0000] {dagbag.py:536} INFO - Filling up the DagBag from /home/airflow/.local/lib/python3.8/site-packages/airflow/example_dags/example_short_circuit_operator.py
[2025-03-06T11:11:54.937+0000] {processor.py:839} INFO - DAG(s) dict_keys(['example_short_circuit_operator']) retrieved from /home/airflow/.local/lib/python3.8/site-packages/airflow/example_dags/example_short_circuit_operator.py
[2025-03-06T11:11:54.947+0000] {logging_mixin.py:154} INFO - [2025-03-06T11:11:54.947+0000] {dag.py:2941} INFO - Sync 1 DAGs
[2025-03-06T11:11:54.958+0000] {logging_mixin.py:154} INFO - [2025-03-06T11:11:54.957+0000] {dag.py:3722} INFO - Setting next_dagrun for example_short_circuit_operator to 2025-03-05T11:11:54.957880+00:00, run_after=2025-03-06T11:11:54.957880+00:00
[2025-03-06T11:11:54.967+0000] {processor.py:179} INFO - Processing /home/airflow/.local/lib/python3.8/site-packages/airflow/example_dags/example_short_circuit_operator.py took 0.036 seconds
[2025-03-06T11:12:25.457+0000] {processor.py:157} INFO - Started process (PID=10516) to work on /home/airflow/.local/lib/python3.8/site-packages/airflow/example_dags/example_short_circuit_operator.py
[2025-03-06T11:12:25.460+0000] {processor.py:829} INFO - Processing file /home/airflow/.local/lib/python3.8/site-packages/airflow/example_dags/example_short_circuit_operator.py for tasks to queue
[2025-03-06T11:12:25.461+0000] {logging_mixin.py:154} INFO - [2025-03-06T11:12:25.461+0000] {dagbag.py:536} INFO - Filling up the DagBag from /home/airflow/.local/lib/python3.8/site-packages/airflow/example_dags/example_short_circuit_operator.py
[2025-03-06T11:12:25.465+0000] {processor.py:839} INFO - DAG(s) dict_keys(['example_short_circuit_operator']) retrieved from /home/airflow/.local/lib/python3.8/site-packages/airflow/example_dags/example_short_circuit_operator.py
[2025-03-06T11:12:25.474+0000] {logging_mixin.py:154} INFO - [2025-03-06T11:12:25.474+0000] {dag.py:2941} INFO - Sync 1 DAGs
[2025-03-06T11:12:25.482+0000] {logging_mixin.py:154} INFO - [2025-03-06T11:12:25.482+0000] {dag.py:3722} INFO - Setting next_dagrun for example_short_circuit_operator to 2025-03-05T11:12:25.481999+00:00, run_after=2025-03-06T11:12:25.481999+00:00
[2025-03-06T11:12:25.490+0000] {processor.py:179} INFO - Processing /home/airflow/.local/lib/python3.8/site-packages/airflow/example_dags/example_short_circuit_operator.py took 0.034 seconds
[2025-03-06T11:12:56.092+0000] {processor.py:157} INFO - Started process (PID=10572) to work on /home/airflow/.local/lib/python3.8/site-packages/airflow/example_dags/example_short_circuit_operator.py
[2025-03-06T11:12:56.093+0000] {processor.py:829} INFO - Processing file /home/airflow/.local/lib/python3.8/site-packages/airflow/example_dags/example_short_circuit_operator.py for tasks to queue
[2025-03-06T11:12:56.094+0000] {logging_mixin.py:154} INFO - [2025-03-06T11:12:56.094+0000] {dagbag.py:536} INFO - Filling up the DagBag from /home/airflow/.local/lib/python3.8/site-packages/airflow/example_dags/example_short_circuit_operator.py
[2025-03-06T11:12:56.098+0000] {processor.py:839} INFO - DAG(s) dict_keys(['example_short_circuit_operator']) retrieved from /home/airflow/.local/lib/python3.8/site-packages/airflow/example_dags/example_short_circuit_operator.py
[2025-03-06T11:12:56.107+0000] {logging_mixin.py:154} INFO - [2025-03-06T11:12:56.107+0000] {dag.py:2941} INFO - Sync 1 DAGs
[2025-03-06T11:12:56.117+0000] {logging_mixin.py:154} INFO - [2025-03-06T11:12:56.117+0000] {dag.py:3722} INFO - Setting next_dagrun for example_short_circuit_operator to 2025-03-05T11:12:56.117167+00:00, run_after=2025-03-06T11:12:56.117167+00:00
[2025-03-06T11:12:56.125+0000] {processor.py:179} INFO - Processing /home/airflow/.local/lib/python3.8/site-packages/airflow/example_dags/example_short_circuit_operator.py took 0.035 seconds
[2025-03-06T11:13:26.643+0000] {processor.py:157} INFO - Started process (PID=10628) to work on /home/airflow/.local/lib/python3.8/site-packages/airflow/example_dags/example_short_circuit_operator.py
[2025-03-06T11:13:26.643+0000] {processor.py:829} INFO - Processing file /home/airflow/.local/lib/python3.8/site-packages/airflow/example_dags/example_short_circuit_operator.py for tasks to queue
[2025-03-06T11:13:26.647+0000] {logging_mixin.py:154} INFO - [2025-03-06T11:13:26.647+0000] {dagbag.py:536} INFO - Filling up the DagBag from /home/airflow/.local/lib/python3.8/site-packages/airflow/example_dags/example_short_circuit_operator.py
[2025-03-06T11:13:26.651+0000] {processor.py:839} INFO - DAG(s) dict_keys(['example_short_circuit_operator']) retrieved from /home/airflow/.local/lib/python3.8/site-packages/airflow/example_dags/example_short_circuit_operator.py
[2025-03-06T11:13:26.662+0000] {logging_mixin.py:154} INFO - [2025-03-06T11:13:26.661+0000] {dag.py:2941} INFO - Sync 1 DAGs
[2025-03-06T11:13:26.670+0000] {logging_mixin.py:154} INFO - [2025-03-06T11:13:26.670+0000] {dag.py:3722} INFO - Setting next_dagrun for example_short_circuit_operator to 2025-03-05T11:13:26.670362+00:00, run_after=2025-03-06T11:13:26.670362+00:00
[2025-03-06T11:13:26.681+0000] {processor.py:179} INFO - Processing /home/airflow/.local/lib/python3.8/site-packages/airflow/example_dags/example_short_circuit_operator.py took 0.040 seconds
[2025-03-06T11:13:57.271+0000] {processor.py:157} INFO - Started process (PID=10684) to work on /home/airflow/.local/lib/python3.8/site-packages/airflow/example_dags/example_short_circuit_operator.py
[2025-03-06T11:13:57.271+0000] {processor.py:829} INFO - Processing file /home/airflow/.local/lib/python3.8/site-packages/airflow/example_dags/example_short_circuit_operator.py for tasks to queue
[2025-03-06T11:13:57.272+0000] {logging_mixin.py:154} INFO - [2025-03-06T11:13:57.272+0000] {dagbag.py:536} INFO - Filling up the DagBag from /home/airflow/.local/lib/python3.8/site-packages/airflow/example_dags/example_short_circuit_operator.py
[2025-03-06T11:13:57.276+0000] {processor.py:839} INFO - DAG(s) dict_keys(['example_short_circuit_operator']) retrieved from /home/airflow/.local/lib/python3.8/site-packages/airflow/example_dags/example_short_circuit_operator.py
[2025-03-06T11:13:57.286+0000] {logging_mixin.py:154} INFO - [2025-03-06T11:13:57.286+0000] {dag.py:2941} INFO - Sync 1 DAGs
[2025-03-06T11:13:57.294+0000] {logging_mixin.py:154} INFO - [2025-03-06T11:13:57.294+0000] {dag.py:3722} INFO - Setting next_dagrun for example_short_circuit_operator to 2025-03-05T11:13:57.294444+00:00, run_after=2025-03-06T11:13:57.294444+00:00
[2025-03-06T11:13:57.303+0000] {processor.py:179} INFO - Processing /home/airflow/.local/lib/python3.8/site-packages/airflow/example_dags/example_short_circuit_operator.py took 0.034 seconds
[2025-03-06T11:14:27.806+0000] {processor.py:157} INFO - Started process (PID=10740) to work on /home/airflow/.local/lib/python3.8/site-packages/airflow/example_dags/example_short_circuit_operator.py
[2025-03-06T11:14:27.807+0000] {processor.py:829} INFO - Processing file /home/airflow/.local/lib/python3.8/site-packages/airflow/example_dags/example_short_circuit_operator.py for tasks to queue
[2025-03-06T11:14:27.808+0000] {logging_mixin.py:154} INFO - [2025-03-06T11:14:27.808+0000] {dagbag.py:536} INFO - Filling up the DagBag from /home/airflow/.local/lib/python3.8/site-packages/airflow/example_dags/example_short_circuit_operator.py
[2025-03-06T11:14:27.811+0000] {processor.py:839} INFO - DAG(s) dict_keys(['example_short_circuit_operator']) retrieved from /home/airflow/.local/lib/python3.8/site-packages/airflow/example_dags/example_short_circuit_operator.py
[2025-03-06T11:14:27.821+0000] {logging_mixin.py:154} INFO - [2025-03-06T11:14:27.821+0000] {dag.py:2941} INFO - Sync 1 DAGs
[2025-03-06T11:14:27.830+0000] {logging_mixin.py:154} INFO - [2025-03-06T11:14:27.829+0000] {dag.py:3722} INFO - Setting next_dagrun for example_short_circuit_operator to 2025-03-05T11:14:27.829864+00:00, run_after=2025-03-06T11:14:27.829864+00:00
[2025-03-06T11:14:27.837+0000] {processor.py:179} INFO - Processing /home/airflow/.local/lib/python3.8/site-packages/airflow/example_dags/example_short_circuit_operator.py took 0.032 seconds
[2025-03-06T11:14:58.390+0000] {processor.py:157} INFO - Started process (PID=10796) to work on /home/airflow/.local/lib/python3.8/site-packages/airflow/example_dags/example_short_circuit_operator.py
[2025-03-06T11:14:58.390+0000] {processor.py:829} INFO - Processing file /home/airflow/.local/lib/python3.8/site-packages/airflow/example_dags/example_short_circuit_operator.py for tasks to queue
[2025-03-06T11:14:58.391+0000] {logging_mixin.py:154} INFO - [2025-03-06T11:14:58.391+0000] {dagbag.py:536} INFO - Filling up the DagBag from /home/airflow/.local/lib/python3.8/site-packages/airflow/example_dags/example_short_circuit_operator.py
[2025-03-06T11:14:58.396+0000] {processor.py:839} INFO - DAG(s) dict_keys(['example_short_circuit_operator']) retrieved from /home/airflow/.local/lib/python3.8/site-packages/airflow/example_dags/example_short_circuit_operator.py
[2025-03-06T11:14:58.406+0000] {logging_mixin.py:154} INFO - [2025-03-06T11:14:58.406+0000] {dag.py:2941} INFO - Sync 1 DAGs
[2025-03-06T11:14:58.415+0000] {logging_mixin.py:154} INFO - [2025-03-06T11:14:58.415+0000] {dag.py:3722} INFO - Setting next_dagrun for example_short_circuit_operator to 2025-03-05T11:14:58.415402+00:00, run_after=2025-03-06T11:14:58.415402+00:00
[2025-03-06T11:14:58.425+0000] {processor.py:179} INFO - Processing /home/airflow/.local/lib/python3.8/site-packages/airflow/example_dags/example_short_circuit_operator.py took 0.037 seconds
[2025-03-06T11:15:28.971+0000] {processor.py:157} INFO - Started process (PID=10852) to work on /home/airflow/.local/lib/python3.8/site-packages/airflow/example_dags/example_short_circuit_operator.py
[2025-03-06T11:15:28.972+0000] {processor.py:829} INFO - Processing file /home/airflow/.local/lib/python3.8/site-packages/airflow/example_dags/example_short_circuit_operator.py for tasks to queue
[2025-03-06T11:15:28.973+0000] {logging_mixin.py:154} INFO - [2025-03-06T11:15:28.973+0000] {dagbag.py:536} INFO - Filling up the DagBag from /home/airflow/.local/lib/python3.8/site-packages/airflow/example_dags/example_short_circuit_operator.py
[2025-03-06T11:15:28.978+0000] {processor.py:839} INFO - DAG(s) dict_keys(['example_short_circuit_operator']) retrieved from /home/airflow/.local/lib/python3.8/site-packages/airflow/example_dags/example_short_circuit_operator.py
[2025-03-06T11:15:28.989+0000] {logging_mixin.py:154} INFO - [2025-03-06T11:15:28.989+0000] {dag.py:2941} INFO - Sync 1 DAGs
[2025-03-06T11:15:28.999+0000] {logging_mixin.py:154} INFO - [2025-03-06T11:15:28.999+0000] {dag.py:3722} INFO - Setting next_dagrun for example_short_circuit_operator to 2025-03-05T11:15:28.999302+00:00, run_after=2025-03-06T11:15:28.999302+00:00
[2025-03-06T11:15:29.007+0000] {processor.py:179} INFO - Processing /home/airflow/.local/lib/python3.8/site-packages/airflow/example_dags/example_short_circuit_operator.py took 0.038 seconds
[2025-03-06T11:15:59.647+0000] {processor.py:157} INFO - Started process (PID=10908) to work on /home/airflow/.local/lib/python3.8/site-packages/airflow/example_dags/example_short_circuit_operator.py
[2025-03-06T11:15:59.648+0000] {processor.py:829} INFO - Processing file /home/airflow/.local/lib/python3.8/site-packages/airflow/example_dags/example_short_circuit_operator.py for tasks to queue
[2025-03-06T11:15:59.649+0000] {logging_mixin.py:154} INFO - [2025-03-06T11:15:59.649+0000] {dagbag.py:536} INFO - Filling up the DagBag from /home/airflow/.local/lib/python3.8/site-packages/airflow/example_dags/example_short_circuit_operator.py
[2025-03-06T11:15:59.653+0000] {processor.py:839} INFO - DAG(s) dict_keys(['example_short_circuit_operator']) retrieved from /home/airflow/.local/lib/python3.8/site-packages/airflow/example_dags/example_short_circuit_operator.py
[2025-03-06T11:15:59.662+0000] {logging_mixin.py:154} INFO - [2025-03-06T11:15:59.662+0000] {dag.py:2941} INFO - Sync 1 DAGs
[2025-03-06T11:15:59.670+0000] {logging_mixin.py:154} INFO - [2025-03-06T11:15:59.670+0000] {dag.py:3722} INFO - Setting next_dagrun for example_short_circuit_operator to 2025-03-05T11:15:59.669993+00:00, run_after=2025-03-06T11:15:59.669993+00:00
[2025-03-06T11:15:59.680+0000] {processor.py:179} INFO - Processing /home/airflow/.local/lib/python3.8/site-packages/airflow/example_dags/example_short_circuit_operator.py took 0.034 seconds
[2025-03-06T11:16:30.165+0000] {processor.py:157} INFO - Started process (PID=10964) to work on /home/airflow/.local/lib/python3.8/site-packages/airflow/example_dags/example_short_circuit_operator.py
[2025-03-06T11:16:30.165+0000] {processor.py:829} INFO - Processing file /home/airflow/.local/lib/python3.8/site-packages/airflow/example_dags/example_short_circuit_operator.py for tasks to queue
[2025-03-06T11:16:30.167+0000] {logging_mixin.py:154} INFO - [2025-03-06T11:16:30.167+0000] {dagbag.py:536} INFO - Filling up the DagBag from /home/airflow/.local/lib/python3.8/site-packages/airflow/example_dags/example_short_circuit_operator.py
[2025-03-06T11:16:30.171+0000] {processor.py:839} INFO - DAG(s) dict_keys(['example_short_circuit_operator']) retrieved from /home/airflow/.local/lib/python3.8/site-packages/airflow/example_dags/example_short_circuit_operator.py
[2025-03-06T11:16:30.182+0000] {logging_mixin.py:154} INFO - [2025-03-06T11:16:30.181+0000] {dag.py:2941} INFO - Sync 1 DAGs
[2025-03-06T11:16:30.190+0000] {logging_mixin.py:154} INFO - [2025-03-06T11:16:30.190+0000] {dag.py:3722} INFO - Setting next_dagrun for example_short_circuit_operator to 2025-03-05T11:16:30.190169+00:00, run_after=2025-03-06T11:16:30.190169+00:00
[2025-03-06T11:16:30.196+0000] {processor.py:179} INFO - Processing /home/airflow/.local/lib/python3.8/site-packages/airflow/example_dags/example_short_circuit_operator.py took 0.033 seconds
[2025-03-06T11:17:00.752+0000] {processor.py:157} INFO - Started process (PID=11020) to work on /home/airflow/.local/lib/python3.8/site-packages/airflow/example_dags/example_short_circuit_operator.py
[2025-03-06T11:17:00.753+0000] {processor.py:829} INFO - Processing file /home/airflow/.local/lib/python3.8/site-packages/airflow/example_dags/example_short_circuit_operator.py for tasks to queue
[2025-03-06T11:17:00.755+0000] {logging_mixin.py:154} INFO - [2025-03-06T11:17:00.754+0000] {dagbag.py:536} INFO - Filling up the DagBag from /home/airflow/.local/lib/python3.8/site-packages/airflow/example_dags/example_short_circuit_operator.py
[2025-03-06T11:17:00.758+0000] {processor.py:839} INFO - DAG(s) dict_keys(['example_short_circuit_operator']) retrieved from /home/airflow/.local/lib/python3.8/site-packages/airflow/example_dags/example_short_circuit_operator.py
[2025-03-06T11:17:00.768+0000] {logging_mixin.py:154} INFO - [2025-03-06T11:17:00.767+0000] {dag.py:2941} INFO - Sync 1 DAGs
[2025-03-06T11:17:00.777+0000] {logging_mixin.py:154} INFO - [2025-03-06T11:17:00.777+0000] {dag.py:3722} INFO - Setting next_dagrun for example_short_circuit_operator to 2025-03-05T11:17:00.777225+00:00, run_after=2025-03-06T11:17:00.777225+00:00
[2025-03-06T11:17:00.784+0000] {processor.py:179} INFO - Processing /home/airflow/.local/lib/python3.8/site-packages/airflow/example_dags/example_short_circuit_operator.py took 0.034 seconds
[2025-03-06T11:17:31.367+0000] {processor.py:157} INFO - Started process (PID=11076) to work on /home/airflow/.local/lib/python3.8/site-packages/airflow/example_dags/example_short_circuit_operator.py
[2025-03-06T11:17:31.368+0000] {processor.py:829} INFO - Processing file /home/airflow/.local/lib/python3.8/site-packages/airflow/example_dags/example_short_circuit_operator.py for tasks to queue
[2025-03-06T11:17:31.369+0000] {logging_mixin.py:154} INFO - [2025-03-06T11:17:31.369+0000] {dagbag.py:536} INFO - Filling up the DagBag from /home/airflow/.local/lib/python3.8/site-packages/airflow/example_dags/example_short_circuit_operator.py
[2025-03-06T11:17:31.374+0000] {processor.py:839} INFO - DAG(s) dict_keys(['example_short_circuit_operator']) retrieved from /home/airflow/.local/lib/python3.8/site-packages/airflow/example_dags/example_short_circuit_operator.py
[2025-03-06T11:17:31.384+0000] {logging_mixin.py:154} INFO - [2025-03-06T11:17:31.384+0000] {dag.py:2941} INFO - Sync 1 DAGs
[2025-03-06T11:17:31.393+0000] {logging_mixin.py:154} INFO - [2025-03-06T11:17:31.393+0000] {dag.py:3722} INFO - Setting next_dagrun for example_short_circuit_operator to 2025-03-05T11:17:31.393310+00:00, run_after=2025-03-06T11:17:31.393310+00:00
[2025-03-06T11:17:31.401+0000] {processor.py:179} INFO - Processing /home/airflow/.local/lib/python3.8/site-packages/airflow/example_dags/example_short_circuit_operator.py took 0.035 seconds
[2025-03-06T11:18:01.950+0000] {processor.py:157} INFO - Started process (PID=11132) to work on /home/airflow/.local/lib/python3.8/site-packages/airflow/example_dags/example_short_circuit_operator.py
[2025-03-06T11:18:01.952+0000] {processor.py:829} INFO - Processing file /home/airflow/.local/lib/python3.8/site-packages/airflow/example_dags/example_short_circuit_operator.py for tasks to queue
[2025-03-06T11:18:01.953+0000] {logging_mixin.py:154} INFO - [2025-03-06T11:18:01.953+0000] {dagbag.py:536} INFO - Filling up the DagBag from /home/airflow/.local/lib/python3.8/site-packages/airflow/example_dags/example_short_circuit_operator.py
[2025-03-06T11:18:01.958+0000] {processor.py:839} INFO - DAG(s) dict_keys(['example_short_circuit_operator']) retrieved from /home/airflow/.local/lib/python3.8/site-packages/airflow/example_dags/example_short_circuit_operator.py
[2025-03-06T11:18:01.970+0000] {logging_mixin.py:154} INFO - [2025-03-06T11:18:01.970+0000] {dag.py:2941} INFO - Sync 1 DAGs
[2025-03-06T11:18:01.978+0000] {logging_mixin.py:154} INFO - [2025-03-06T11:18:01.978+0000] {dag.py:3722} INFO - Setting next_dagrun for example_short_circuit_operator to 2025-03-05T11:18:01.978194+00:00, run_after=2025-03-06T11:18:01.978194+00:00
[2025-03-06T11:18:01.985+0000] {processor.py:179} INFO - Processing /home/airflow/.local/lib/python3.8/site-packages/airflow/example_dags/example_short_circuit_operator.py took 0.036 seconds
[2025-03-06T11:18:32.523+0000] {processor.py:157} INFO - Started process (PID=11188) to work on /home/airflow/.local/lib/python3.8/site-packages/airflow/example_dags/example_short_circuit_operator.py
[2025-03-06T11:18:32.524+0000] {processor.py:829} INFO - Processing file /home/airflow/.local/lib/python3.8/site-packages/airflow/example_dags/example_short_circuit_operator.py for tasks to queue
[2025-03-06T11:18:32.526+0000] {logging_mixin.py:154} INFO - [2025-03-06T11:18:32.525+0000] {dagbag.py:536} INFO - Filling up the DagBag from /home/airflow/.local/lib/python3.8/site-packages/airflow/example_dags/example_short_circuit_operator.py
[2025-03-06T11:18:32.529+0000] {processor.py:839} INFO - DAG(s) dict_keys(['example_short_circuit_operator']) retrieved from /home/airflow/.local/lib/python3.8/site-packages/airflow/example_dags/example_short_circuit_operator.py
[2025-03-06T11:18:32.540+0000] {logging_mixin.py:154} INFO - [2025-03-06T11:18:32.539+0000] {dag.py:2941} INFO - Sync 1 DAGs
[2025-03-06T11:18:32.548+0000] {logging_mixin.py:154} INFO - [2025-03-06T11:18:32.548+0000] {dag.py:3722} INFO - Setting next_dagrun for example_short_circuit_operator to 2025-03-05T11:18:32.548754+00:00, run_after=2025-03-06T11:18:32.548754+00:00
[2025-03-06T11:18:32.557+0000] {processor.py:179} INFO - Processing /home/airflow/.local/lib/python3.8/site-packages/airflow/example_dags/example_short_circuit_operator.py took 0.036 seconds
[2025-03-06T11:19:03.136+0000] {processor.py:157} INFO - Started process (PID=11251) to work on /home/airflow/.local/lib/python3.8/site-packages/airflow/example_dags/example_short_circuit_operator.py
[2025-03-06T11:19:03.137+0000] {processor.py:829} INFO - Processing file /home/airflow/.local/lib/python3.8/site-packages/airflow/example_dags/example_short_circuit_operator.py for tasks to queue
[2025-03-06T11:19:03.138+0000] {logging_mixin.py:154} INFO - [2025-03-06T11:19:03.137+0000] {dagbag.py:536} INFO - Filling up the DagBag from /home/airflow/.local/lib/python3.8/site-packages/airflow/example_dags/example_short_circuit_operator.py
[2025-03-06T11:19:03.141+0000] {processor.py:839} INFO - DAG(s) dict_keys(['example_short_circuit_operator']) retrieved from /home/airflow/.local/lib/python3.8/site-packages/airflow/example_dags/example_short_circuit_operator.py
[2025-03-06T11:19:03.153+0000] {logging_mixin.py:154} INFO - [2025-03-06T11:19:03.153+0000] {dag.py:2941} INFO - Sync 1 DAGs
[2025-03-06T11:19:03.162+0000] {logging_mixin.py:154} INFO - [2025-03-06T11:19:03.162+0000] {dag.py:3722} INFO - Setting next_dagrun for example_short_circuit_operator to 2025-03-05T11:19:03.161938+00:00, run_after=2025-03-06T11:19:03.161938+00:00
[2025-03-06T11:19:03.169+0000] {processor.py:179} INFO - Processing /home/airflow/.local/lib/python3.8/site-packages/airflow/example_dags/example_short_circuit_operator.py took 0.034 seconds
[2025-03-06T11:19:33.659+0000] {processor.py:157} INFO - Started process (PID=11307) to work on /home/airflow/.local/lib/python3.8/site-packages/airflow/example_dags/example_short_circuit_operator.py
[2025-03-06T11:19:33.659+0000] {processor.py:829} INFO - Processing file /home/airflow/.local/lib/python3.8/site-packages/airflow/example_dags/example_short_circuit_operator.py for tasks to queue
[2025-03-06T11:19:33.660+0000] {logging_mixin.py:154} INFO - [2025-03-06T11:19:33.660+0000] {dagbag.py:536} INFO - Filling up the DagBag from /home/airflow/.local/lib/python3.8/site-packages/airflow/example_dags/example_short_circuit_operator.py
[2025-03-06T11:19:33.663+0000] {processor.py:839} INFO - DAG(s) dict_keys(['example_short_circuit_operator']) retrieved from /home/airflow/.local/lib/python3.8/site-packages/airflow/example_dags/example_short_circuit_operator.py
[2025-03-06T11:19:33.672+0000] {logging_mixin.py:154} INFO - [2025-03-06T11:19:33.672+0000] {dag.py:2941} INFO - Sync 1 DAGs
[2025-03-06T11:19:33.680+0000] {logging_mixin.py:154} INFO - [2025-03-06T11:19:33.680+0000] {dag.py:3722} INFO - Setting next_dagrun for example_short_circuit_operator to 2025-03-05T11:19:33.680272+00:00, run_after=2025-03-06T11:19:33.680272+00:00
[2025-03-06T11:19:33.688+0000] {processor.py:179} INFO - Processing /home/airflow/.local/lib/python3.8/site-packages/airflow/example_dags/example_short_circuit_operator.py took 0.031 seconds
[2025-03-06T11:20:04.227+0000] {processor.py:157} INFO - Started process (PID=11363) to work on /home/airflow/.local/lib/python3.8/site-packages/airflow/example_dags/example_short_circuit_operator.py
[2025-03-06T11:20:04.227+0000] {processor.py:829} INFO - Processing file /home/airflow/.local/lib/python3.8/site-packages/airflow/example_dags/example_short_circuit_operator.py for tasks to queue
[2025-03-06T11:20:04.228+0000] {logging_mixin.py:154} INFO - [2025-03-06T11:20:04.228+0000] {dagbag.py:536} INFO - Filling up the DagBag from /home/airflow/.local/lib/python3.8/site-packages/airflow/example_dags/example_short_circuit_operator.py
[2025-03-06T11:20:04.231+0000] {processor.py:839} INFO - DAG(s) dict_keys(['example_short_circuit_operator']) retrieved from /home/airflow/.local/lib/python3.8/site-packages/airflow/example_dags/example_short_circuit_operator.py
[2025-03-06T11:20:04.242+0000] {logging_mixin.py:154} INFO - [2025-03-06T11:20:04.241+0000] {dag.py:2941} INFO - Sync 1 DAGs
[2025-03-06T11:20:04.250+0000] {logging_mixin.py:154} INFO - [2025-03-06T11:20:04.250+0000] {dag.py:3722} INFO - Setting next_dagrun for example_short_circuit_operator to 2025-03-05T11:20:04.250652+00:00, run_after=2025-03-06T11:20:04.250652+00:00
[2025-03-06T11:20:04.256+0000] {processor.py:179} INFO - Processing /home/airflow/.local/lib/python3.8/site-packages/airflow/example_dags/example_short_circuit_operator.py took 0.031 seconds
[2025-03-06T11:20:34.745+0000] {processor.py:157} INFO - Started process (PID=11419) to work on /home/airflow/.local/lib/python3.8/site-packages/airflow/example_dags/example_short_circuit_operator.py
[2025-03-06T11:20:34.746+0000] {processor.py:829} INFO - Processing file /home/airflow/.local/lib/python3.8/site-packages/airflow/example_dags/example_short_circuit_operator.py for tasks to queue
[2025-03-06T11:20:34.747+0000] {logging_mixin.py:154} INFO - [2025-03-06T11:20:34.746+0000] {dagbag.py:536} INFO - Filling up the DagBag from /home/airflow/.local/lib/python3.8/site-packages/airflow/example_dags/example_short_circuit_operator.py
[2025-03-06T11:20:34.750+0000] {processor.py:839} INFO - DAG(s) dict_keys(['example_short_circuit_operator']) retrieved from /home/airflow/.local/lib/python3.8/site-packages/airflow/example_dags/example_short_circuit_operator.py
[2025-03-06T11:20:34.760+0000] {logging_mixin.py:154} INFO - [2025-03-06T11:20:34.760+0000] {dag.py:2941} INFO - Sync 1 DAGs
[2025-03-06T11:20:34.768+0000] {logging_mixin.py:154} INFO - [2025-03-06T11:20:34.768+0000] {dag.py:3722} INFO - Setting next_dagrun for example_short_circuit_operator to 2025-03-05T11:20:34.768668+00:00, run_after=2025-03-06T11:20:34.768668+00:00
[2025-03-06T11:20:34.776+0000] {processor.py:179} INFO - Processing /home/airflow/.local/lib/python3.8/site-packages/airflow/example_dags/example_short_circuit_operator.py took 0.032 seconds
[2025-03-06T11:21:05.367+0000] {processor.py:157} INFO - Started process (PID=11475) to work on /home/airflow/.local/lib/python3.8/site-packages/airflow/example_dags/example_short_circuit_operator.py
[2025-03-06T11:21:05.369+0000] {processor.py:829} INFO - Processing file /home/airflow/.local/lib/python3.8/site-packages/airflow/example_dags/example_short_circuit_operator.py for tasks to queue
[2025-03-06T11:21:05.370+0000] {logging_mixin.py:154} INFO - [2025-03-06T11:21:05.370+0000] {dagbag.py:536} INFO - Filling up the DagBag from /home/airflow/.local/lib/python3.8/site-packages/airflow/example_dags/example_short_circuit_operator.py
[2025-03-06T11:21:05.373+0000] {processor.py:839} INFO - DAG(s) dict_keys(['example_short_circuit_operator']) retrieved from /home/airflow/.local/lib/python3.8/site-packages/airflow/example_dags/example_short_circuit_operator.py
[2025-03-06T11:21:05.383+0000] {logging_mixin.py:154} INFO - [2025-03-06T11:21:05.383+0000] {dag.py:2941} INFO - Sync 1 DAGs
[2025-03-06T11:21:05.391+0000] {logging_mixin.py:154} INFO - [2025-03-06T11:21:05.391+0000] {dag.py:3722} INFO - Setting next_dagrun for example_short_circuit_operator to 2025-03-05T11:21:05.391010+00:00, run_after=2025-03-06T11:21:05.391010+00:00
[2025-03-06T11:21:05.397+0000] {processor.py:179} INFO - Processing /home/airflow/.local/lib/python3.8/site-packages/airflow/example_dags/example_short_circuit_operator.py took 0.032 seconds
[2025-03-06T11:26:15.219+0000] {processor.py:157} INFO - Started process (PID=11524) to work on /home/airflow/.local/lib/python3.8/site-packages/airflow/example_dags/example_short_circuit_operator.py
[2025-03-06T11:26:15.219+0000] {processor.py:829} INFO - Processing file /home/airflow/.local/lib/python3.8/site-packages/airflow/example_dags/example_short_circuit_operator.py for tasks to queue
[2025-03-06T11:26:15.221+0000] {logging_mixin.py:154} INFO - [2025-03-06T11:26:15.221+0000] {dagbag.py:536} INFO - Filling up the DagBag from /home/airflow/.local/lib/python3.8/site-packages/airflow/example_dags/example_short_circuit_operator.py
[2025-03-06T11:26:15.227+0000] {processor.py:839} INFO - DAG(s) dict_keys(['example_short_circuit_operator']) retrieved from /home/airflow/.local/lib/python3.8/site-packages/airflow/example_dags/example_short_circuit_operator.py
[2025-03-06T11:26:15.243+0000] {logging_mixin.py:154} INFO - [2025-03-06T11:26:15.243+0000] {dag.py:2941} INFO - Sync 1 DAGs
[2025-03-06T11:26:15.259+0000] {logging_mixin.py:154} INFO - [2025-03-06T11:26:15.259+0000] {dag.py:3722} INFO - Setting next_dagrun for example_short_circuit_operator to 2025-03-05T11:26:15.259426+00:00, run_after=2025-03-06T11:26:15.259426+00:00
[2025-03-06T11:26:15.271+0000] {processor.py:179} INFO - Processing /home/airflow/.local/lib/python3.8/site-packages/airflow/example_dags/example_short_circuit_operator.py took 0.055 seconds
[2025-03-06T11:26:45.828+0000] {processor.py:157} INFO - Started process (PID=11580) to work on /home/airflow/.local/lib/python3.8/site-packages/airflow/example_dags/example_short_circuit_operator.py
[2025-03-06T11:26:45.829+0000] {processor.py:829} INFO - Processing file /home/airflow/.local/lib/python3.8/site-packages/airflow/example_dags/example_short_circuit_operator.py for tasks to queue
[2025-03-06T11:26:45.830+0000] {logging_mixin.py:154} INFO - [2025-03-06T11:26:45.830+0000] {dagbag.py:536} INFO - Filling up the DagBag from /home/airflow/.local/lib/python3.8/site-packages/airflow/example_dags/example_short_circuit_operator.py
[2025-03-06T11:26:45.834+0000] {processor.py:839} INFO - DAG(s) dict_keys(['example_short_circuit_operator']) retrieved from /home/airflow/.local/lib/python3.8/site-packages/airflow/example_dags/example_short_circuit_operator.py
[2025-03-06T11:26:45.844+0000] {logging_mixin.py:154} INFO - [2025-03-06T11:26:45.843+0000] {dag.py:2941} INFO - Sync 1 DAGs
[2025-03-06T11:26:45.854+0000] {logging_mixin.py:154} INFO - [2025-03-06T11:26:45.854+0000] {dag.py:3722} INFO - Setting next_dagrun for example_short_circuit_operator to 2025-03-05T11:26:45.853998+00:00, run_after=2025-03-06T11:26:45.853998+00:00
[2025-03-06T11:26:45.863+0000] {processor.py:179} INFO - Processing /home/airflow/.local/lib/python3.8/site-packages/airflow/example_dags/example_short_circuit_operator.py took 0.036 seconds
[2025-03-06T11:27:16.340+0000] {processor.py:157} INFO - Started process (PID=11636) to work on /home/airflow/.local/lib/python3.8/site-packages/airflow/example_dags/example_short_circuit_operator.py
[2025-03-06T11:27:16.341+0000] {processor.py:829} INFO - Processing file /home/airflow/.local/lib/python3.8/site-packages/airflow/example_dags/example_short_circuit_operator.py for tasks to queue
[2025-03-06T11:27:16.342+0000] {logging_mixin.py:154} INFO - [2025-03-06T11:27:16.341+0000] {dagbag.py:536} INFO - Filling up the DagBag from /home/airflow/.local/lib/python3.8/site-packages/airflow/example_dags/example_short_circuit_operator.py
[2025-03-06T11:27:16.345+0000] {processor.py:839} INFO - DAG(s) dict_keys(['example_short_circuit_operator']) retrieved from /home/airflow/.local/lib/python3.8/site-packages/airflow/example_dags/example_short_circuit_operator.py
[2025-03-06T11:27:16.355+0000] {logging_mixin.py:154} INFO - [2025-03-06T11:27:16.355+0000] {dag.py:2941} INFO - Sync 1 DAGs
[2025-03-06T11:27:16.364+0000] {logging_mixin.py:154} INFO - [2025-03-06T11:27:16.364+0000] {dag.py:3722} INFO - Setting next_dagrun for example_short_circuit_operator to 2025-03-05T11:27:16.364560+00:00, run_after=2025-03-06T11:27:16.364560+00:00
[2025-03-06T11:27:16.372+0000] {processor.py:179} INFO - Processing /home/airflow/.local/lib/python3.8/site-packages/airflow/example_dags/example_short_circuit_operator.py took 0.034 seconds
[2025-03-06T11:27:46.821+0000] {processor.py:157} INFO - Started process (PID=11692) to work on /home/airflow/.local/lib/python3.8/site-packages/airflow/example_dags/example_short_circuit_operator.py
[2025-03-06T11:27:46.822+0000] {processor.py:829} INFO - Processing file /home/airflow/.local/lib/python3.8/site-packages/airflow/example_dags/example_short_circuit_operator.py for tasks to queue
[2025-03-06T11:27:46.823+0000] {logging_mixin.py:154} INFO - [2025-03-06T11:27:46.823+0000] {dagbag.py:536} INFO - Filling up the DagBag from /home/airflow/.local/lib/python3.8/site-packages/airflow/example_dags/example_short_circuit_operator.py
[2025-03-06T11:27:46.827+0000] {processor.py:839} INFO - DAG(s) dict_keys(['example_short_circuit_operator']) retrieved from /home/airflow/.local/lib/python3.8/site-packages/airflow/example_dags/example_short_circuit_operator.py
[2025-03-06T11:27:46.837+0000] {logging_mixin.py:154} INFO - [2025-03-06T11:27:46.836+0000] {dag.py:2941} INFO - Sync 1 DAGs
[2025-03-06T11:27:46.846+0000] {logging_mixin.py:154} INFO - [2025-03-06T11:27:46.846+0000] {dag.py:3722} INFO - Setting next_dagrun for example_short_circuit_operator to 2025-03-05T11:27:46.846156+00:00, run_after=2025-03-06T11:27:46.846156+00:00
[2025-03-06T11:27:46.857+0000] {processor.py:179} INFO - Processing /home/airflow/.local/lib/python3.8/site-packages/airflow/example_dags/example_short_circuit_operator.py took 0.038 seconds
[2025-03-06T11:28:17.363+0000] {processor.py:157} INFO - Started process (PID=11748) to work on /home/airflow/.local/lib/python3.8/site-packages/airflow/example_dags/example_short_circuit_operator.py
[2025-03-06T11:28:17.363+0000] {processor.py:829} INFO - Processing file /home/airflow/.local/lib/python3.8/site-packages/airflow/example_dags/example_short_circuit_operator.py for tasks to queue
[2025-03-06T11:28:17.365+0000] {logging_mixin.py:154} INFO - [2025-03-06T11:28:17.364+0000] {dagbag.py:536} INFO - Filling up the DagBag from /home/airflow/.local/lib/python3.8/site-packages/airflow/example_dags/example_short_circuit_operator.py
[2025-03-06T11:28:17.370+0000] {processor.py:839} INFO - DAG(s) dict_keys(['example_short_circuit_operator']) retrieved from /home/airflow/.local/lib/python3.8/site-packages/airflow/example_dags/example_short_circuit_operator.py
[2025-03-06T11:28:17.381+0000] {logging_mixin.py:154} INFO - [2025-03-06T11:28:17.381+0000] {dag.py:2941} INFO - Sync 1 DAGs
[2025-03-06T11:28:17.391+0000] {logging_mixin.py:154} INFO - [2025-03-06T11:28:17.391+0000] {dag.py:3722} INFO - Setting next_dagrun for example_short_circuit_operator to 2025-03-05T11:28:17.391056+00:00, run_after=2025-03-06T11:28:17.391056+00:00
[2025-03-06T11:28:17.399+0000] {processor.py:179} INFO - Processing /home/airflow/.local/lib/python3.8/site-packages/airflow/example_dags/example_short_circuit_operator.py took 0.037 seconds
[2025-03-06T11:28:47.902+0000] {processor.py:157} INFO - Started process (PID=11804) to work on /home/airflow/.local/lib/python3.8/site-packages/airflow/example_dags/example_short_circuit_operator.py
[2025-03-06T11:28:47.903+0000] {processor.py:829} INFO - Processing file /home/airflow/.local/lib/python3.8/site-packages/airflow/example_dags/example_short_circuit_operator.py for tasks to queue
[2025-03-06T11:28:47.904+0000] {logging_mixin.py:154} INFO - [2025-03-06T11:28:47.904+0000] {dagbag.py:536} INFO - Filling up the DagBag from /home/airflow/.local/lib/python3.8/site-packages/airflow/example_dags/example_short_circuit_operator.py
[2025-03-06T11:28:47.908+0000] {processor.py:839} INFO - DAG(s) dict_keys(['example_short_circuit_operator']) retrieved from /home/airflow/.local/lib/python3.8/site-packages/airflow/example_dags/example_short_circuit_operator.py
[2025-03-06T11:28:47.918+0000] {logging_mixin.py:154} INFO - [2025-03-06T11:28:47.918+0000] {dag.py:2941} INFO - Sync 1 DAGs
[2025-03-06T11:28:47.926+0000] {logging_mixin.py:154} INFO - [2025-03-06T11:28:47.926+0000] {dag.py:3722} INFO - Setting next_dagrun for example_short_circuit_operator to 2025-03-05T11:28:47.926155+00:00, run_after=2025-03-06T11:28:47.926155+00:00
[2025-03-06T11:28:47.934+0000] {processor.py:179} INFO - Processing /home/airflow/.local/lib/python3.8/site-packages/airflow/example_dags/example_short_circuit_operator.py took 0.034 seconds
[2025-03-06T11:29:18.396+0000] {processor.py:157} INFO - Started process (PID=11860) to work on /home/airflow/.local/lib/python3.8/site-packages/airflow/example_dags/example_short_circuit_operator.py
[2025-03-06T11:29:18.396+0000] {processor.py:829} INFO - Processing file /home/airflow/.local/lib/python3.8/site-packages/airflow/example_dags/example_short_circuit_operator.py for tasks to queue
[2025-03-06T11:29:18.397+0000] {logging_mixin.py:154} INFO - [2025-03-06T11:29:18.397+0000] {dagbag.py:536} INFO - Filling up the DagBag from /home/airflow/.local/lib/python3.8/site-packages/airflow/example_dags/example_short_circuit_operator.py
[2025-03-06T11:29:18.401+0000] {processor.py:839} INFO - DAG(s) dict_keys(['example_short_circuit_operator']) retrieved from /home/airflow/.local/lib/python3.8/site-packages/airflow/example_dags/example_short_circuit_operator.py
[2025-03-06T11:29:18.411+0000] {logging_mixin.py:154} INFO - [2025-03-06T11:29:18.411+0000] {dag.py:2941} INFO - Sync 1 DAGs
[2025-03-06T11:29:18.421+0000] {logging_mixin.py:154} INFO - [2025-03-06T11:29:18.421+0000] {dag.py:3722} INFO - Setting next_dagrun for example_short_circuit_operator to 2025-03-05T11:29:18.421361+00:00, run_after=2025-03-06T11:29:18.421361+00:00
[2025-03-06T11:29:18.432+0000] {processor.py:179} INFO - Processing /home/airflow/.local/lib/python3.8/site-packages/airflow/example_dags/example_short_circuit_operator.py took 0.037 seconds
[2025-03-06T11:29:48.926+0000] {processor.py:157} INFO - Started process (PID=11916) to work on /home/airflow/.local/lib/python3.8/site-packages/airflow/example_dags/example_short_circuit_operator.py
[2025-03-06T11:29:48.928+0000] {processor.py:829} INFO - Processing file /home/airflow/.local/lib/python3.8/site-packages/airflow/example_dags/example_short_circuit_operator.py for tasks to queue
[2025-03-06T11:29:48.929+0000] {logging_mixin.py:154} INFO - [2025-03-06T11:29:48.929+0000] {dagbag.py:536} INFO - Filling up the DagBag from /home/airflow/.local/lib/python3.8/site-packages/airflow/example_dags/example_short_circuit_operator.py
[2025-03-06T11:29:48.934+0000] {processor.py:839} INFO - DAG(s) dict_keys(['example_short_circuit_operator']) retrieved from /home/airflow/.local/lib/python3.8/site-packages/airflow/example_dags/example_short_circuit_operator.py
[2025-03-06T11:29:48.944+0000] {logging_mixin.py:154} INFO - [2025-03-06T11:29:48.944+0000] {dag.py:2941} INFO - Sync 1 DAGs
[2025-03-06T11:29:48.953+0000] {logging_mixin.py:154} INFO - [2025-03-06T11:29:48.953+0000] {dag.py:3722} INFO - Setting next_dagrun for example_short_circuit_operator to 2025-03-05T11:29:48.953133+00:00, run_after=2025-03-06T11:29:48.953133+00:00
[2025-03-06T11:29:48.962+0000] {processor.py:179} INFO - Processing /home/airflow/.local/lib/python3.8/site-packages/airflow/example_dags/example_short_circuit_operator.py took 0.037 seconds
[2025-03-06T11:30:19.538+0000] {processor.py:157} INFO - Started process (PID=11972) to work on /home/airflow/.local/lib/python3.8/site-packages/airflow/example_dags/example_short_circuit_operator.py
[2025-03-06T11:30:19.538+0000] {processor.py:829} INFO - Processing file /home/airflow/.local/lib/python3.8/site-packages/airflow/example_dags/example_short_circuit_operator.py for tasks to queue
[2025-03-06T11:30:19.539+0000] {logging_mixin.py:154} INFO - [2025-03-06T11:30:19.539+0000] {dagbag.py:536} INFO - Filling up the DagBag from /home/airflow/.local/lib/python3.8/site-packages/airflow/example_dags/example_short_circuit_operator.py
[2025-03-06T11:30:19.542+0000] {processor.py:839} INFO - DAG(s) dict_keys(['example_short_circuit_operator']) retrieved from /home/airflow/.local/lib/python3.8/site-packages/airflow/example_dags/example_short_circuit_operator.py
[2025-03-06T11:30:19.557+0000] {logging_mixin.py:154} INFO - [2025-03-06T11:30:19.557+0000] {dag.py:2941} INFO - Sync 1 DAGs
[2025-03-06T11:30:19.574+0000] {logging_mixin.py:154} INFO - [2025-03-06T11:30:19.573+0000] {dag.py:3722} INFO - Setting next_dagrun for example_short_circuit_operator to 2025-03-05T11:30:19.573863+00:00, run_after=2025-03-06T11:30:19.573863+00:00
[2025-03-06T11:30:19.580+0000] {processor.py:179} INFO - Processing /home/airflow/.local/lib/python3.8/site-packages/airflow/example_dags/example_short_circuit_operator.py took 0.044 seconds
[2025-03-06T11:30:50.107+0000] {processor.py:157} INFO - Started process (PID=12028) to work on /home/airflow/.local/lib/python3.8/site-packages/airflow/example_dags/example_short_circuit_operator.py
[2025-03-06T11:30:50.107+0000] {processor.py:829} INFO - Processing file /home/airflow/.local/lib/python3.8/site-packages/airflow/example_dags/example_short_circuit_operator.py for tasks to queue
[2025-03-06T11:30:50.110+0000] {logging_mixin.py:154} INFO - [2025-03-06T11:30:50.110+0000] {dagbag.py:536} INFO - Filling up the DagBag from /home/airflow/.local/lib/python3.8/site-packages/airflow/example_dags/example_short_circuit_operator.py
[2025-03-06T11:30:50.114+0000] {processor.py:839} INFO - DAG(s) dict_keys(['example_short_circuit_operator']) retrieved from /home/airflow/.local/lib/python3.8/site-packages/airflow/example_dags/example_short_circuit_operator.py
[2025-03-06T11:30:50.124+0000] {logging_mixin.py:154} INFO - [2025-03-06T11:30:50.124+0000] {dag.py:2941} INFO - Sync 1 DAGs
[2025-03-06T11:30:50.132+0000] {logging_mixin.py:154} INFO - [2025-03-06T11:30:50.132+0000] {dag.py:3722} INFO - Setting next_dagrun for example_short_circuit_operator to 2025-03-05T11:30:50.132414+00:00, run_after=2025-03-06T11:30:50.132414+00:00
[2025-03-06T11:30:50.139+0000] {processor.py:179} INFO - Processing /home/airflow/.local/lib/python3.8/site-packages/airflow/example_dags/example_short_circuit_operator.py took 0.034 seconds
[2025-03-06T11:31:20.690+0000] {processor.py:157} INFO - Started process (PID=12084) to work on /home/airflow/.local/lib/python3.8/site-packages/airflow/example_dags/example_short_circuit_operator.py
[2025-03-06T11:31:20.690+0000] {processor.py:829} INFO - Processing file /home/airflow/.local/lib/python3.8/site-packages/airflow/example_dags/example_short_circuit_operator.py for tasks to queue
[2025-03-06T11:31:20.691+0000] {logging_mixin.py:154} INFO - [2025-03-06T11:31:20.691+0000] {dagbag.py:536} INFO - Filling up the DagBag from /home/airflow/.local/lib/python3.8/site-packages/airflow/example_dags/example_short_circuit_operator.py
[2025-03-06T11:31:20.695+0000] {processor.py:839} INFO - DAG(s) dict_keys(['example_short_circuit_operator']) retrieved from /home/airflow/.local/lib/python3.8/site-packages/airflow/example_dags/example_short_circuit_operator.py
[2025-03-06T11:31:20.704+0000] {logging_mixin.py:154} INFO - [2025-03-06T11:31:20.704+0000] {dag.py:2941} INFO - Sync 1 DAGs
[2025-03-06T11:31:20.715+0000] {logging_mixin.py:154} INFO - [2025-03-06T11:31:20.715+0000] {dag.py:3722} INFO - Setting next_dagrun for example_short_circuit_operator to 2025-03-05T11:31:20.715367+00:00, run_after=2025-03-06T11:31:20.715367+00:00
[2025-03-06T11:31:20.722+0000] {processor.py:179} INFO - Processing /home/airflow/.local/lib/python3.8/site-packages/airflow/example_dags/example_short_circuit_operator.py took 0.034 seconds
[2025-03-06T11:31:51.275+0000] {processor.py:157} INFO - Started process (PID=12140) to work on /home/airflow/.local/lib/python3.8/site-packages/airflow/example_dags/example_short_circuit_operator.py
[2025-03-06T11:31:51.275+0000] {processor.py:829} INFO - Processing file /home/airflow/.local/lib/python3.8/site-packages/airflow/example_dags/example_short_circuit_operator.py for tasks to queue
[2025-03-06T11:31:51.276+0000] {logging_mixin.py:154} INFO - [2025-03-06T11:31:51.276+0000] {dagbag.py:536} INFO - Filling up the DagBag from /home/airflow/.local/lib/python3.8/site-packages/airflow/example_dags/example_short_circuit_operator.py
[2025-03-06T11:31:51.280+0000] {processor.py:839} INFO - DAG(s) dict_keys(['example_short_circuit_operator']) retrieved from /home/airflow/.local/lib/python3.8/site-packages/airflow/example_dags/example_short_circuit_operator.py
[2025-03-06T11:31:51.292+0000] {logging_mixin.py:154} INFO - [2025-03-06T11:31:51.292+0000] {dag.py:2941} INFO - Sync 1 DAGs
[2025-03-06T11:31:51.303+0000] {logging_mixin.py:154} INFO - [2025-03-06T11:31:51.303+0000] {dag.py:3722} INFO - Setting next_dagrun for example_short_circuit_operator to 2025-03-05T11:31:51.303737+00:00, run_after=2025-03-06T11:31:51.303737+00:00
[2025-03-06T11:31:51.316+0000] {processor.py:179} INFO - Processing /home/airflow/.local/lib/python3.8/site-packages/airflow/example_dags/example_short_circuit_operator.py took 0.042 seconds
[2025-03-06T11:32:21.791+0000] {processor.py:157} INFO - Started process (PID=12196) to work on /home/airflow/.local/lib/python3.8/site-packages/airflow/example_dags/example_short_circuit_operator.py
[2025-03-06T11:32:21.791+0000] {processor.py:829} INFO - Processing file /home/airflow/.local/lib/python3.8/site-packages/airflow/example_dags/example_short_circuit_operator.py for tasks to queue
[2025-03-06T11:32:21.793+0000] {logging_mixin.py:154} INFO - [2025-03-06T11:32:21.793+0000] {dagbag.py:536} INFO - Filling up the DagBag from /home/airflow/.local/lib/python3.8/site-packages/airflow/example_dags/example_short_circuit_operator.py
[2025-03-06T11:32:21.798+0000] {processor.py:839} INFO - DAG(s) dict_keys(['example_short_circuit_operator']) retrieved from /home/airflow/.local/lib/python3.8/site-packages/airflow/example_dags/example_short_circuit_operator.py
[2025-03-06T11:32:21.811+0000] {logging_mixin.py:154} INFO - [2025-03-06T11:32:21.811+0000] {dag.py:2941} INFO - Sync 1 DAGs
[2025-03-06T11:32:21.819+0000] {logging_mixin.py:154} INFO - [2025-03-06T11:32:21.819+0000] {dag.py:3722} INFO - Setting next_dagrun for example_short_circuit_operator to 2025-03-05T11:32:21.819279+00:00, run_after=2025-03-06T11:32:21.819279+00:00
[2025-03-06T11:32:21.828+0000] {processor.py:179} INFO - Processing /home/airflow/.local/lib/python3.8/site-packages/airflow/example_dags/example_short_circuit_operator.py took 0.039 seconds
[2025-03-06T11:32:52.378+0000] {processor.py:157} INFO - Started process (PID=12252) to work on /home/airflow/.local/lib/python3.8/site-packages/airflow/example_dags/example_short_circuit_operator.py
[2025-03-06T11:32:52.379+0000] {processor.py:829} INFO - Processing file /home/airflow/.local/lib/python3.8/site-packages/airflow/example_dags/example_short_circuit_operator.py for tasks to queue
[2025-03-06T11:32:52.380+0000] {logging_mixin.py:154} INFO - [2025-03-06T11:32:52.380+0000] {dagbag.py:536} INFO - Filling up the DagBag from /home/airflow/.local/lib/python3.8/site-packages/airflow/example_dags/example_short_circuit_operator.py
[2025-03-06T11:32:52.384+0000] {processor.py:839} INFO - DAG(s) dict_keys(['example_short_circuit_operator']) retrieved from /home/airflow/.local/lib/python3.8/site-packages/airflow/example_dags/example_short_circuit_operator.py
[2025-03-06T11:32:52.394+0000] {logging_mixin.py:154} INFO - [2025-03-06T11:32:52.394+0000] {dag.py:2941} INFO - Sync 1 DAGs
[2025-03-06T11:32:52.404+0000] {logging_mixin.py:154} INFO - [2025-03-06T11:32:52.403+0000] {dag.py:3722} INFO - Setting next_dagrun for example_short_circuit_operator to 2025-03-05T11:32:52.403842+00:00, run_after=2025-03-06T11:32:52.403842+00:00
[2025-03-06T11:32:52.415+0000] {processor.py:179} INFO - Processing /home/airflow/.local/lib/python3.8/site-packages/airflow/example_dags/example_short_circuit_operator.py took 0.038 seconds
[2025-03-06T11:33:22.910+0000] {processor.py:157} INFO - Started process (PID=12308) to work on /home/airflow/.local/lib/python3.8/site-packages/airflow/example_dags/example_short_circuit_operator.py
[2025-03-06T11:33:22.911+0000] {processor.py:829} INFO - Processing file /home/airflow/.local/lib/python3.8/site-packages/airflow/example_dags/example_short_circuit_operator.py for tasks to queue
[2025-03-06T11:33:22.912+0000] {logging_mixin.py:154} INFO - [2025-03-06T11:33:22.912+0000] {dagbag.py:536} INFO - Filling up the DagBag from /home/airflow/.local/lib/python3.8/site-packages/airflow/example_dags/example_short_circuit_operator.py
[2025-03-06T11:33:22.915+0000] {processor.py:839} INFO - DAG(s) dict_keys(['example_short_circuit_operator']) retrieved from /home/airflow/.local/lib/python3.8/site-packages/airflow/example_dags/example_short_circuit_operator.py
[2025-03-06T11:33:22.928+0000] {logging_mixin.py:154} INFO - [2025-03-06T11:33:22.927+0000] {dag.py:2941} INFO - Sync 1 DAGs
[2025-03-06T11:33:22.938+0000] {logging_mixin.py:154} INFO - [2025-03-06T11:33:22.938+0000] {dag.py:3722} INFO - Setting next_dagrun for example_short_circuit_operator to 2025-03-05T11:33:22.938195+00:00, run_after=2025-03-06T11:33:22.938195+00:00
[2025-03-06T11:33:22.948+0000] {processor.py:179} INFO - Processing /home/airflow/.local/lib/python3.8/site-packages/airflow/example_dags/example_short_circuit_operator.py took 0.040 seconds
[2025-03-06T11:33:53.468+0000] {processor.py:157} INFO - Started process (PID=12364) to work on /home/airflow/.local/lib/python3.8/site-packages/airflow/example_dags/example_short_circuit_operator.py
[2025-03-06T11:33:53.469+0000] {processor.py:829} INFO - Processing file /home/airflow/.local/lib/python3.8/site-packages/airflow/example_dags/example_short_circuit_operator.py for tasks to queue
[2025-03-06T11:33:53.470+0000] {logging_mixin.py:154} INFO - [2025-03-06T11:33:53.470+0000] {dagbag.py:536} INFO - Filling up the DagBag from /home/airflow/.local/lib/python3.8/site-packages/airflow/example_dags/example_short_circuit_operator.py
[2025-03-06T11:33:53.474+0000] {processor.py:839} INFO - DAG(s) dict_keys(['example_short_circuit_operator']) retrieved from /home/airflow/.local/lib/python3.8/site-packages/airflow/example_dags/example_short_circuit_operator.py
[2025-03-06T11:33:53.485+0000] {logging_mixin.py:154} INFO - [2025-03-06T11:33:53.485+0000] {dag.py:2941} INFO - Sync 1 DAGs
[2025-03-06T11:33:53.494+0000] {logging_mixin.py:154} INFO - [2025-03-06T11:33:53.494+0000] {dag.py:3722} INFO - Setting next_dagrun for example_short_circuit_operator to 2025-03-05T11:33:53.494681+00:00, run_after=2025-03-06T11:33:53.494681+00:00
[2025-03-06T11:33:53.506+0000] {processor.py:179} INFO - Processing /home/airflow/.local/lib/python3.8/site-packages/airflow/example_dags/example_short_circuit_operator.py took 0.040 seconds
[2025-03-06T11:34:24.006+0000] {processor.py:157} INFO - Started process (PID=12420) to work on /home/airflow/.local/lib/python3.8/site-packages/airflow/example_dags/example_short_circuit_operator.py
[2025-03-06T11:34:24.006+0000] {processor.py:829} INFO - Processing file /home/airflow/.local/lib/python3.8/site-packages/airflow/example_dags/example_short_circuit_operator.py for tasks to queue
[2025-03-06T11:34:24.008+0000] {logging_mixin.py:154} INFO - [2025-03-06T11:34:24.007+0000] {dagbag.py:536} INFO - Filling up the DagBag from /home/airflow/.local/lib/python3.8/site-packages/airflow/example_dags/example_short_circuit_operator.py
[2025-03-06T11:34:24.011+0000] {processor.py:839} INFO - DAG(s) dict_keys(['example_short_circuit_operator']) retrieved from /home/airflow/.local/lib/python3.8/site-packages/airflow/example_dags/example_short_circuit_operator.py
[2025-03-06T11:34:24.021+0000] {logging_mixin.py:154} INFO - [2025-03-06T11:34:24.021+0000] {dag.py:2941} INFO - Sync 1 DAGs
[2025-03-06T11:34:24.030+0000] {logging_mixin.py:154} INFO - [2025-03-06T11:34:24.030+0000] {dag.py:3722} INFO - Setting next_dagrun for example_short_circuit_operator to 2025-03-05T11:34:24.030187+00:00, run_after=2025-03-06T11:34:24.030187+00:00
[2025-03-06T11:34:24.037+0000] {processor.py:179} INFO - Processing /home/airflow/.local/lib/python3.8/site-packages/airflow/example_dags/example_short_circuit_operator.py took 0.033 seconds
[2025-03-06T11:34:54.600+0000] {processor.py:157} INFO - Started process (PID=12475) to work on /home/airflow/.local/lib/python3.8/site-packages/airflow/example_dags/example_short_circuit_operator.py
[2025-03-06T11:34:54.602+0000] {processor.py:829} INFO - Processing file /home/airflow/.local/lib/python3.8/site-packages/airflow/example_dags/example_short_circuit_operator.py for tasks to queue
[2025-03-06T11:34:54.603+0000] {logging_mixin.py:154} INFO - [2025-03-06T11:34:54.603+0000] {dagbag.py:536} INFO - Filling up the DagBag from /home/airflow/.local/lib/python3.8/site-packages/airflow/example_dags/example_short_circuit_operator.py
[2025-03-06T11:34:54.607+0000] {processor.py:839} INFO - DAG(s) dict_keys(['example_short_circuit_operator']) retrieved from /home/airflow/.local/lib/python3.8/site-packages/airflow/example_dags/example_short_circuit_operator.py
[2025-03-06T11:34:54.617+0000] {logging_mixin.py:154} INFO - [2025-03-06T11:34:54.617+0000] {dag.py:2941} INFO - Sync 1 DAGs
[2025-03-06T11:34:54.627+0000] {logging_mixin.py:154} INFO - [2025-03-06T11:34:54.627+0000] {dag.py:3722} INFO - Setting next_dagrun for example_short_circuit_operator to 2025-03-05T11:34:54.627765+00:00, run_after=2025-03-06T11:34:54.627765+00:00
[2025-03-06T11:34:54.645+0000] {processor.py:179} INFO - Processing /home/airflow/.local/lib/python3.8/site-packages/airflow/example_dags/example_short_circuit_operator.py took 0.047 seconds
[2025-03-06T11:35:25.222+0000] {processor.py:157} INFO - Started process (PID=12531) to work on /home/airflow/.local/lib/python3.8/site-packages/airflow/example_dags/example_short_circuit_operator.py
[2025-03-06T11:35:25.222+0000] {processor.py:829} INFO - Processing file /home/airflow/.local/lib/python3.8/site-packages/airflow/example_dags/example_short_circuit_operator.py for tasks to queue
[2025-03-06T11:35:25.223+0000] {logging_mixin.py:154} INFO - [2025-03-06T11:35:25.223+0000] {dagbag.py:536} INFO - Filling up the DagBag from /home/airflow/.local/lib/python3.8/site-packages/airflow/example_dags/example_short_circuit_operator.py
[2025-03-06T11:35:25.227+0000] {processor.py:839} INFO - DAG(s) dict_keys(['example_short_circuit_operator']) retrieved from /home/airflow/.local/lib/python3.8/site-packages/airflow/example_dags/example_short_circuit_operator.py
[2025-03-06T11:35:25.238+0000] {logging_mixin.py:154} INFO - [2025-03-06T11:35:25.237+0000] {dag.py:2941} INFO - Sync 1 DAGs
[2025-03-06T11:35:25.247+0000] {logging_mixin.py:154} INFO - [2025-03-06T11:35:25.247+0000] {dag.py:3722} INFO - Setting next_dagrun for example_short_circuit_operator to 2025-03-05T11:35:25.247572+00:00, run_after=2025-03-06T11:35:25.247572+00:00
[2025-03-06T11:35:25.256+0000] {processor.py:179} INFO - Processing /home/airflow/.local/lib/python3.8/site-packages/airflow/example_dags/example_short_circuit_operator.py took 0.036 seconds
[2025-03-06T11:35:55.785+0000] {processor.py:157} INFO - Started process (PID=12587) to work on /home/airflow/.local/lib/python3.8/site-packages/airflow/example_dags/example_short_circuit_operator.py
[2025-03-06T11:35:55.786+0000] {processor.py:829} INFO - Processing file /home/airflow/.local/lib/python3.8/site-packages/airflow/example_dags/example_short_circuit_operator.py for tasks to queue
[2025-03-06T11:35:55.787+0000] {logging_mixin.py:154} INFO - [2025-03-06T11:35:55.787+0000] {dagbag.py:536} INFO - Filling up the DagBag from /home/airflow/.local/lib/python3.8/site-packages/airflow/example_dags/example_short_circuit_operator.py
[2025-03-06T11:35:55.791+0000] {processor.py:839} INFO - DAG(s) dict_keys(['example_short_circuit_operator']) retrieved from /home/airflow/.local/lib/python3.8/site-packages/airflow/example_dags/example_short_circuit_operator.py
[2025-03-06T11:35:55.801+0000] {logging_mixin.py:154} INFO - [2025-03-06T11:35:55.800+0000] {dag.py:2941} INFO - Sync 1 DAGs
[2025-03-06T11:35:55.812+0000] {logging_mixin.py:154} INFO - [2025-03-06T11:35:55.812+0000] {dag.py:3722} INFO - Setting next_dagrun for example_short_circuit_operator to 2025-03-05T11:35:55.812139+00:00, run_after=2025-03-06T11:35:55.812139+00:00
[2025-03-06T11:35:55.819+0000] {processor.py:179} INFO - Processing /home/airflow/.local/lib/python3.8/site-packages/airflow/example_dags/example_short_circuit_operator.py took 0.036 seconds
[2025-03-06T11:36:26.358+0000] {processor.py:157} INFO - Started process (PID=12643) to work on /home/airflow/.local/lib/python3.8/site-packages/airflow/example_dags/example_short_circuit_operator.py
[2025-03-06T11:36:26.359+0000] {processor.py:829} INFO - Processing file /home/airflow/.local/lib/python3.8/site-packages/airflow/example_dags/example_short_circuit_operator.py for tasks to queue
[2025-03-06T11:36:26.361+0000] {logging_mixin.py:154} INFO - [2025-03-06T11:36:26.361+0000] {dagbag.py:536} INFO - Filling up the DagBag from /home/airflow/.local/lib/python3.8/site-packages/airflow/example_dags/example_short_circuit_operator.py
[2025-03-06T11:36:26.366+0000] {processor.py:839} INFO - DAG(s) dict_keys(['example_short_circuit_operator']) retrieved from /home/airflow/.local/lib/python3.8/site-packages/airflow/example_dags/example_short_circuit_operator.py
[2025-03-06T11:36:26.381+0000] {logging_mixin.py:154} INFO - [2025-03-06T11:36:26.381+0000] {dag.py:2941} INFO - Sync 1 DAGs
[2025-03-06T11:36:26.391+0000] {logging_mixin.py:154} INFO - [2025-03-06T11:36:26.391+0000] {dag.py:3722} INFO - Setting next_dagrun for example_short_circuit_operator to 2025-03-05T11:36:26.391411+00:00, run_after=2025-03-06T11:36:26.391411+00:00
[2025-03-06T11:36:26.399+0000] {processor.py:179} INFO - Processing /home/airflow/.local/lib/python3.8/site-packages/airflow/example_dags/example_short_circuit_operator.py took 0.043 seconds
[2025-03-06T11:36:56.936+0000] {processor.py:157} INFO - Started process (PID=12699) to work on /home/airflow/.local/lib/python3.8/site-packages/airflow/example_dags/example_short_circuit_operator.py
[2025-03-06T11:36:56.936+0000] {processor.py:829} INFO - Processing file /home/airflow/.local/lib/python3.8/site-packages/airflow/example_dags/example_short_circuit_operator.py for tasks to queue
[2025-03-06T11:36:56.937+0000] {logging_mixin.py:154} INFO - [2025-03-06T11:36:56.937+0000] {dagbag.py:536} INFO - Filling up the DagBag from /home/airflow/.local/lib/python3.8/site-packages/airflow/example_dags/example_short_circuit_operator.py
[2025-03-06T11:36:56.942+0000] {processor.py:839} INFO - DAG(s) dict_keys(['example_short_circuit_operator']) retrieved from /home/airflow/.local/lib/python3.8/site-packages/airflow/example_dags/example_short_circuit_operator.py
[2025-03-06T11:36:56.951+0000] {logging_mixin.py:154} INFO - [2025-03-06T11:36:56.951+0000] {dag.py:2941} INFO - Sync 1 DAGs
[2025-03-06T11:36:56.961+0000] {logging_mixin.py:154} INFO - [2025-03-06T11:36:56.960+0000] {dag.py:3722} INFO - Setting next_dagrun for example_short_circuit_operator to 2025-03-05T11:36:56.960890+00:00, run_after=2025-03-06T11:36:56.960890+00:00
[2025-03-06T11:36:56.972+0000] {processor.py:179} INFO - Processing /home/airflow/.local/lib/python3.8/site-packages/airflow/example_dags/example_short_circuit_operator.py took 0.038 seconds
[2025-03-06T11:37:27.472+0000] {processor.py:157} INFO - Started process (PID=12755) to work on /home/airflow/.local/lib/python3.8/site-packages/airflow/example_dags/example_short_circuit_operator.py
[2025-03-06T11:37:27.472+0000] {processor.py:829} INFO - Processing file /home/airflow/.local/lib/python3.8/site-packages/airflow/example_dags/example_short_circuit_operator.py for tasks to queue
[2025-03-06T11:37:27.475+0000] {logging_mixin.py:154} INFO - [2025-03-06T11:37:27.475+0000] {dagbag.py:536} INFO - Filling up the DagBag from /home/airflow/.local/lib/python3.8/site-packages/airflow/example_dags/example_short_circuit_operator.py
[2025-03-06T11:37:27.479+0000] {processor.py:839} INFO - DAG(s) dict_keys(['example_short_circuit_operator']) retrieved from /home/airflow/.local/lib/python3.8/site-packages/airflow/example_dags/example_short_circuit_operator.py
[2025-03-06T11:37:27.488+0000] {logging_mixin.py:154} INFO - [2025-03-06T11:37:27.488+0000] {dag.py:2941} INFO - Sync 1 DAGs
[2025-03-06T11:37:27.496+0000] {logging_mixin.py:154} INFO - [2025-03-06T11:37:27.496+0000] {dag.py:3722} INFO - Setting next_dagrun for example_short_circuit_operator to 2025-03-05T11:37:27.496370+00:00, run_after=2025-03-06T11:37:27.496370+00:00
[2025-03-06T11:37:27.502+0000] {processor.py:179} INFO - Processing /home/airflow/.local/lib/python3.8/site-packages/airflow/example_dags/example_short_circuit_operator.py took 0.032 seconds
[2025-03-06T11:37:57.976+0000] {processor.py:157} INFO - Started process (PID=12811) to work on /home/airflow/.local/lib/python3.8/site-packages/airflow/example_dags/example_short_circuit_operator.py
[2025-03-06T11:37:57.977+0000] {processor.py:829} INFO - Processing file /home/airflow/.local/lib/python3.8/site-packages/airflow/example_dags/example_short_circuit_operator.py for tasks to queue
[2025-03-06T11:37:57.979+0000] {logging_mixin.py:154} INFO - [2025-03-06T11:37:57.979+0000] {dagbag.py:536} INFO - Filling up the DagBag from /home/airflow/.local/lib/python3.8/site-packages/airflow/example_dags/example_short_circuit_operator.py
[2025-03-06T11:37:57.984+0000] {processor.py:839} INFO - DAG(s) dict_keys(['example_short_circuit_operator']) retrieved from /home/airflow/.local/lib/python3.8/site-packages/airflow/example_dags/example_short_circuit_operator.py
[2025-03-06T11:37:57.995+0000] {logging_mixin.py:154} INFO - [2025-03-06T11:37:57.995+0000] {dag.py:2941} INFO - Sync 1 DAGs
[2025-03-06T11:37:58.005+0000] {logging_mixin.py:154} INFO - [2025-03-06T11:37:58.005+0000] {dag.py:3722} INFO - Setting next_dagrun for example_short_circuit_operator to 2025-03-05T11:37:58.005184+00:00, run_after=2025-03-06T11:37:58.005184+00:00
[2025-03-06T11:37:58.012+0000] {processor.py:179} INFO - Processing /home/airflow/.local/lib/python3.8/site-packages/airflow/example_dags/example_short_circuit_operator.py took 0.038 seconds
[2025-03-06T11:38:28.503+0000] {processor.py:157} INFO - Started process (PID=12866) to work on /home/airflow/.local/lib/python3.8/site-packages/airflow/example_dags/example_short_circuit_operator.py
[2025-03-06T11:38:28.504+0000] {processor.py:829} INFO - Processing file /home/airflow/.local/lib/python3.8/site-packages/airflow/example_dags/example_short_circuit_operator.py for tasks to queue
[2025-03-06T11:38:28.505+0000] {logging_mixin.py:154} INFO - [2025-03-06T11:38:28.505+0000] {dagbag.py:536} INFO - Filling up the DagBag from /home/airflow/.local/lib/python3.8/site-packages/airflow/example_dags/example_short_circuit_operator.py
[2025-03-06T11:38:28.509+0000] {processor.py:839} INFO - DAG(s) dict_keys(['example_short_circuit_operator']) retrieved from /home/airflow/.local/lib/python3.8/site-packages/airflow/example_dags/example_short_circuit_operator.py
[2025-03-06T11:38:28.518+0000] {logging_mixin.py:154} INFO - [2025-03-06T11:38:28.518+0000] {dag.py:2941} INFO - Sync 1 DAGs
[2025-03-06T11:38:28.526+0000] {logging_mixin.py:154} INFO - [2025-03-06T11:38:28.526+0000] {dag.py:3722} INFO - Setting next_dagrun for example_short_circuit_operator to 2025-03-05T11:38:28.526380+00:00, run_after=2025-03-06T11:38:28.526380+00:00
[2025-03-06T11:38:28.537+0000] {processor.py:179} INFO - Processing /home/airflow/.local/lib/python3.8/site-packages/airflow/example_dags/example_short_circuit_operator.py took 0.035 seconds
[2025-03-06T11:38:59.151+0000] {processor.py:157} INFO - Started process (PID=12922) to work on /home/airflow/.local/lib/python3.8/site-packages/airflow/example_dags/example_short_circuit_operator.py
[2025-03-06T11:38:59.151+0000] {processor.py:829} INFO - Processing file /home/airflow/.local/lib/python3.8/site-packages/airflow/example_dags/example_short_circuit_operator.py for tasks to queue
[2025-03-06T11:38:59.153+0000] {logging_mixin.py:154} INFO - [2025-03-06T11:38:59.153+0000] {dagbag.py:536} INFO - Filling up the DagBag from /home/airflow/.local/lib/python3.8/site-packages/airflow/example_dags/example_short_circuit_operator.py
[2025-03-06T11:38:59.158+0000] {processor.py:839} INFO - DAG(s) dict_keys(['example_short_circuit_operator']) retrieved from /home/airflow/.local/lib/python3.8/site-packages/airflow/example_dags/example_short_circuit_operator.py
[2025-03-06T11:38:59.168+0000] {logging_mixin.py:154} INFO - [2025-03-06T11:38:59.168+0000] {dag.py:2941} INFO - Sync 1 DAGs
[2025-03-06T11:38:59.178+0000] {logging_mixin.py:154} INFO - [2025-03-06T11:38:59.178+0000] {dag.py:3722} INFO - Setting next_dagrun for example_short_circuit_operator to 2025-03-05T11:38:59.177931+00:00, run_after=2025-03-06T11:38:59.177931+00:00
[2025-03-06T11:38:59.185+0000] {processor.py:179} INFO - Processing /home/airflow/.local/lib/python3.8/site-packages/airflow/example_dags/example_short_circuit_operator.py took 0.036 seconds
[2025-03-06T11:39:29.809+0000] {processor.py:157} INFO - Started process (PID=12978) to work on /home/airflow/.local/lib/python3.8/site-packages/airflow/example_dags/example_short_circuit_operator.py
[2025-03-06T11:39:29.810+0000] {processor.py:829} INFO - Processing file /home/airflow/.local/lib/python3.8/site-packages/airflow/example_dags/example_short_circuit_operator.py for tasks to queue
[2025-03-06T11:39:29.811+0000] {logging_mixin.py:154} INFO - [2025-03-06T11:39:29.811+0000] {dagbag.py:536} INFO - Filling up the DagBag from /home/airflow/.local/lib/python3.8/site-packages/airflow/example_dags/example_short_circuit_operator.py
[2025-03-06T11:39:29.816+0000] {processor.py:839} INFO - DAG(s) dict_keys(['example_short_circuit_operator']) retrieved from /home/airflow/.local/lib/python3.8/site-packages/airflow/example_dags/example_short_circuit_operator.py
[2025-03-06T11:39:29.825+0000] {logging_mixin.py:154} INFO - [2025-03-06T11:39:29.825+0000] {dag.py:2941} INFO - Sync 1 DAGs
[2025-03-06T11:39:29.834+0000] {logging_mixin.py:154} INFO - [2025-03-06T11:39:29.834+0000] {dag.py:3722} INFO - Setting next_dagrun for example_short_circuit_operator to 2025-03-05T11:39:29.834062+00:00, run_after=2025-03-06T11:39:29.834062+00:00
[2025-03-06T11:39:29.844+0000] {processor.py:179} INFO - Processing /home/airflow/.local/lib/python3.8/site-packages/airflow/example_dags/example_short_circuit_operator.py took 0.036 seconds
[2025-03-06T11:40:00.404+0000] {processor.py:157} INFO - Started process (PID=13034) to work on /home/airflow/.local/lib/python3.8/site-packages/airflow/example_dags/example_short_circuit_operator.py
[2025-03-06T11:40:00.407+0000] {processor.py:829} INFO - Processing file /home/airflow/.local/lib/python3.8/site-packages/airflow/example_dags/example_short_circuit_operator.py for tasks to queue
[2025-03-06T11:40:00.408+0000] {logging_mixin.py:154} INFO - [2025-03-06T11:40:00.408+0000] {dagbag.py:536} INFO - Filling up the DagBag from /home/airflow/.local/lib/python3.8/site-packages/airflow/example_dags/example_short_circuit_operator.py
[2025-03-06T11:40:00.413+0000] {processor.py:839} INFO - DAG(s) dict_keys(['example_short_circuit_operator']) retrieved from /home/airflow/.local/lib/python3.8/site-packages/airflow/example_dags/example_short_circuit_operator.py
[2025-03-06T11:40:00.426+0000] {logging_mixin.py:154} INFO - [2025-03-06T11:40:00.426+0000] {dag.py:2941} INFO - Sync 1 DAGs
[2025-03-06T11:40:00.434+0000] {logging_mixin.py:154} INFO - [2025-03-06T11:40:00.434+0000] {dag.py:3722} INFO - Setting next_dagrun for example_short_circuit_operator to 2025-03-05T11:40:00.434298+00:00, run_after=2025-03-06T11:40:00.434298+00:00
[2025-03-06T11:40:00.442+0000] {processor.py:179} INFO - Processing /home/airflow/.local/lib/python3.8/site-packages/airflow/example_dags/example_short_circuit_operator.py took 0.039 seconds
[2025-03-06T11:40:31.027+0000] {processor.py:157} INFO - Started process (PID=13090) to work on /home/airflow/.local/lib/python3.8/site-packages/airflow/example_dags/example_short_circuit_operator.py
[2025-03-06T11:40:31.028+0000] {processor.py:829} INFO - Processing file /home/airflow/.local/lib/python3.8/site-packages/airflow/example_dags/example_short_circuit_operator.py for tasks to queue
[2025-03-06T11:40:31.029+0000] {logging_mixin.py:154} INFO - [2025-03-06T11:40:31.029+0000] {dagbag.py:536} INFO - Filling up the DagBag from /home/airflow/.local/lib/python3.8/site-packages/airflow/example_dags/example_short_circuit_operator.py
[2025-03-06T11:40:31.032+0000] {processor.py:839} INFO - DAG(s) dict_keys(['example_short_circuit_operator']) retrieved from /home/airflow/.local/lib/python3.8/site-packages/airflow/example_dags/example_short_circuit_operator.py
[2025-03-06T11:40:31.042+0000] {logging_mixin.py:154} INFO - [2025-03-06T11:40:31.042+0000] {dag.py:2941} INFO - Sync 1 DAGs
[2025-03-06T11:40:31.050+0000] {logging_mixin.py:154} INFO - [2025-03-06T11:40:31.050+0000] {dag.py:3722} INFO - Setting next_dagrun for example_short_circuit_operator to 2025-03-05T11:40:31.050439+00:00, run_after=2025-03-06T11:40:31.050439+00:00
[2025-03-06T11:40:31.062+0000] {processor.py:179} INFO - Processing /home/airflow/.local/lib/python3.8/site-packages/airflow/example_dags/example_short_circuit_operator.py took 0.037 seconds
[2025-03-06T11:41:01.715+0000] {processor.py:157} INFO - Started process (PID=13146) to work on /home/airflow/.local/lib/python3.8/site-packages/airflow/example_dags/example_short_circuit_operator.py
[2025-03-06T11:41:01.720+0000] {processor.py:829} INFO - Processing file /home/airflow/.local/lib/python3.8/site-packages/airflow/example_dags/example_short_circuit_operator.py for tasks to queue
[2025-03-06T11:41:01.721+0000] {logging_mixin.py:154} INFO - [2025-03-06T11:41:01.721+0000] {dagbag.py:536} INFO - Filling up the DagBag from /home/airflow/.local/lib/python3.8/site-packages/airflow/example_dags/example_short_circuit_operator.py
[2025-03-06T11:41:01.726+0000] {processor.py:839} INFO - DAG(s) dict_keys(['example_short_circuit_operator']) retrieved from /home/airflow/.local/lib/python3.8/site-packages/airflow/example_dags/example_short_circuit_operator.py
[2025-03-06T11:41:01.738+0000] {logging_mixin.py:154} INFO - [2025-03-06T11:41:01.738+0000] {dag.py:2941} INFO - Sync 1 DAGs
[2025-03-06T11:41:01.747+0000] {logging_mixin.py:154} INFO - [2025-03-06T11:41:01.746+0000] {dag.py:3722} INFO - Setting next_dagrun for example_short_circuit_operator to 2025-03-05T11:41:01.746807+00:00, run_after=2025-03-06T11:41:01.746807+00:00
[2025-03-06T11:41:01.753+0000] {processor.py:179} INFO - Processing /home/airflow/.local/lib/python3.8/site-packages/airflow/example_dags/example_short_circuit_operator.py took 0.039 seconds
[2025-03-06T11:41:32.327+0000] {processor.py:157} INFO - Started process (PID=13202) to work on /home/airflow/.local/lib/python3.8/site-packages/airflow/example_dags/example_short_circuit_operator.py
[2025-03-06T11:41:32.327+0000] {processor.py:829} INFO - Processing file /home/airflow/.local/lib/python3.8/site-packages/airflow/example_dags/example_short_circuit_operator.py for tasks to queue
[2025-03-06T11:41:32.328+0000] {logging_mixin.py:154} INFO - [2025-03-06T11:41:32.328+0000] {dagbag.py:536} INFO - Filling up the DagBag from /home/airflow/.local/lib/python3.8/site-packages/airflow/example_dags/example_short_circuit_operator.py
[2025-03-06T11:41:32.332+0000] {processor.py:839} INFO - DAG(s) dict_keys(['example_short_circuit_operator']) retrieved from /home/airflow/.local/lib/python3.8/site-packages/airflow/example_dags/example_short_circuit_operator.py
[2025-03-06T11:41:32.344+0000] {logging_mixin.py:154} INFO - [2025-03-06T11:41:32.343+0000] {dag.py:2941} INFO - Sync 1 DAGs
[2025-03-06T11:41:32.354+0000] {logging_mixin.py:154} INFO - [2025-03-06T11:41:32.354+0000] {dag.py:3722} INFO - Setting next_dagrun for example_short_circuit_operator to 2025-03-05T11:41:32.354369+00:00, run_after=2025-03-06T11:41:32.354369+00:00
[2025-03-06T11:41:32.369+0000] {processor.py:179} INFO - Processing /home/airflow/.local/lib/python3.8/site-packages/airflow/example_dags/example_short_circuit_operator.py took 0.044 seconds
[2025-03-06T11:42:02.853+0000] {processor.py:157} INFO - Started process (PID=13258) to work on /home/airflow/.local/lib/python3.8/site-packages/airflow/example_dags/example_short_circuit_operator.py
[2025-03-06T11:42:02.853+0000] {processor.py:829} INFO - Processing file /home/airflow/.local/lib/python3.8/site-packages/airflow/example_dags/example_short_circuit_operator.py for tasks to queue
[2025-03-06T11:42:02.854+0000] {logging_mixin.py:154} INFO - [2025-03-06T11:42:02.854+0000] {dagbag.py:536} INFO - Filling up the DagBag from /home/airflow/.local/lib/python3.8/site-packages/airflow/example_dags/example_short_circuit_operator.py
[2025-03-06T11:42:02.857+0000] {processor.py:839} INFO - DAG(s) dict_keys(['example_short_circuit_operator']) retrieved from /home/airflow/.local/lib/python3.8/site-packages/airflow/example_dags/example_short_circuit_operator.py
[2025-03-06T11:42:02.867+0000] {logging_mixin.py:154} INFO - [2025-03-06T11:42:02.867+0000] {dag.py:2941} INFO - Sync 1 DAGs
[2025-03-06T11:42:02.876+0000] {logging_mixin.py:154} INFO - [2025-03-06T11:42:02.876+0000] {dag.py:3722} INFO - Setting next_dagrun for example_short_circuit_operator to 2025-03-05T11:42:02.876452+00:00, run_after=2025-03-06T11:42:02.876452+00:00
[2025-03-06T11:42:02.884+0000] {processor.py:179} INFO - Processing /home/airflow/.local/lib/python3.8/site-packages/airflow/example_dags/example_short_circuit_operator.py took 0.033 seconds
[2025-03-06T11:42:33.452+0000] {processor.py:157} INFO - Started process (PID=13314) to work on /home/airflow/.local/lib/python3.8/site-packages/airflow/example_dags/example_short_circuit_operator.py
[2025-03-06T11:42:33.453+0000] {processor.py:829} INFO - Processing file /home/airflow/.local/lib/python3.8/site-packages/airflow/example_dags/example_short_circuit_operator.py for tasks to queue
[2025-03-06T11:42:33.454+0000] {logging_mixin.py:154} INFO - [2025-03-06T11:42:33.454+0000] {dagbag.py:536} INFO - Filling up the DagBag from /home/airflow/.local/lib/python3.8/site-packages/airflow/example_dags/example_short_circuit_operator.py
[2025-03-06T11:42:33.458+0000] {processor.py:839} INFO - DAG(s) dict_keys(['example_short_circuit_operator']) retrieved from /home/airflow/.local/lib/python3.8/site-packages/airflow/example_dags/example_short_circuit_operator.py
[2025-03-06T11:42:33.470+0000] {logging_mixin.py:154} INFO - [2025-03-06T11:42:33.469+0000] {dag.py:2941} INFO - Sync 1 DAGs
[2025-03-06T11:42:33.479+0000] {logging_mixin.py:154} INFO - [2025-03-06T11:42:33.479+0000] {dag.py:3722} INFO - Setting next_dagrun for example_short_circuit_operator to 2025-03-05T11:42:33.478955+00:00, run_after=2025-03-06T11:42:33.478955+00:00
[2025-03-06T11:42:33.486+0000] {processor.py:179} INFO - Processing /home/airflow/.local/lib/python3.8/site-packages/airflow/example_dags/example_short_circuit_operator.py took 0.035 seconds
[2025-03-06T11:43:03.931+0000] {processor.py:157} INFO - Started process (PID=13370) to work on /home/airflow/.local/lib/python3.8/site-packages/airflow/example_dags/example_short_circuit_operator.py
[2025-03-06T11:43:03.931+0000] {processor.py:829} INFO - Processing file /home/airflow/.local/lib/python3.8/site-packages/airflow/example_dags/example_short_circuit_operator.py for tasks to queue
[2025-03-06T11:43:03.932+0000] {logging_mixin.py:154} INFO - [2025-03-06T11:43:03.932+0000] {dagbag.py:536} INFO - Filling up the DagBag from /home/airflow/.local/lib/python3.8/site-packages/airflow/example_dags/example_short_circuit_operator.py
[2025-03-06T11:43:03.937+0000] {processor.py:839} INFO - DAG(s) dict_keys(['example_short_circuit_operator']) retrieved from /home/airflow/.local/lib/python3.8/site-packages/airflow/example_dags/example_short_circuit_operator.py
[2025-03-06T11:43:03.950+0000] {logging_mixin.py:154} INFO - [2025-03-06T11:43:03.950+0000] {dag.py:2941} INFO - Sync 1 DAGs
[2025-03-06T11:43:03.965+0000] {logging_mixin.py:154} INFO - [2025-03-06T11:43:03.965+0000] {dag.py:3722} INFO - Setting next_dagrun for example_short_circuit_operator to 2025-03-05T11:43:03.965669+00:00, run_after=2025-03-06T11:43:03.965669+00:00
[2025-03-06T11:43:03.976+0000] {processor.py:179} INFO - Processing /home/airflow/.local/lib/python3.8/site-packages/airflow/example_dags/example_short_circuit_operator.py took 0.046 seconds
[2025-03-06T11:43:34.528+0000] {processor.py:157} INFO - Started process (PID=13426) to work on /home/airflow/.local/lib/python3.8/site-packages/airflow/example_dags/example_short_circuit_operator.py
[2025-03-06T11:43:34.529+0000] {processor.py:829} INFO - Processing file /home/airflow/.local/lib/python3.8/site-packages/airflow/example_dags/example_short_circuit_operator.py for tasks to queue
[2025-03-06T11:43:34.532+0000] {logging_mixin.py:154} INFO - [2025-03-06T11:43:34.532+0000] {dagbag.py:536} INFO - Filling up the DagBag from /home/airflow/.local/lib/python3.8/site-packages/airflow/example_dags/example_short_circuit_operator.py
[2025-03-06T11:43:34.536+0000] {processor.py:839} INFO - DAG(s) dict_keys(['example_short_circuit_operator']) retrieved from /home/airflow/.local/lib/python3.8/site-packages/airflow/example_dags/example_short_circuit_operator.py
[2025-03-06T11:43:34.545+0000] {logging_mixin.py:154} INFO - [2025-03-06T11:43:34.545+0000] {dag.py:2941} INFO - Sync 1 DAGs
[2025-03-06T11:43:34.554+0000] {logging_mixin.py:154} INFO - [2025-03-06T11:43:34.554+0000] {dag.py:3722} INFO - Setting next_dagrun for example_short_circuit_operator to 2025-03-05T11:43:34.553995+00:00, run_after=2025-03-06T11:43:34.553995+00:00
[2025-03-06T11:43:34.561+0000] {processor.py:179} INFO - Processing /home/airflow/.local/lib/python3.8/site-packages/airflow/example_dags/example_short_circuit_operator.py took 0.034 seconds
[2025-03-06T11:44:05.066+0000] {processor.py:157} INFO - Started process (PID=13482) to work on /home/airflow/.local/lib/python3.8/site-packages/airflow/example_dags/example_short_circuit_operator.py
[2025-03-06T11:44:05.067+0000] {processor.py:829} INFO - Processing file /home/airflow/.local/lib/python3.8/site-packages/airflow/example_dags/example_short_circuit_operator.py for tasks to queue
[2025-03-06T11:44:05.069+0000] {logging_mixin.py:154} INFO - [2025-03-06T11:44:05.069+0000] {dagbag.py:536} INFO - Filling up the DagBag from /home/airflow/.local/lib/python3.8/site-packages/airflow/example_dags/example_short_circuit_operator.py
[2025-03-06T11:44:05.072+0000] {processor.py:839} INFO - DAG(s) dict_keys(['example_short_circuit_operator']) retrieved from /home/airflow/.local/lib/python3.8/site-packages/airflow/example_dags/example_short_circuit_operator.py
[2025-03-06T11:44:05.084+0000] {logging_mixin.py:154} INFO - [2025-03-06T11:44:05.083+0000] {dag.py:2941} INFO - Sync 1 DAGs
[2025-03-06T11:44:05.092+0000] {logging_mixin.py:154} INFO - [2025-03-06T11:44:05.092+0000] {dag.py:3722} INFO - Setting next_dagrun for example_short_circuit_operator to 2025-03-05T11:44:05.092231+00:00, run_after=2025-03-06T11:44:05.092231+00:00
[2025-03-06T11:44:05.100+0000] {processor.py:179} INFO - Processing /home/airflow/.local/lib/python3.8/site-packages/airflow/example_dags/example_short_circuit_operator.py took 0.035 seconds
[2025-03-06T11:44:35.595+0000] {processor.py:157} INFO - Started process (PID=13538) to work on /home/airflow/.local/lib/python3.8/site-packages/airflow/example_dags/example_short_circuit_operator.py
[2025-03-06T11:44:35.596+0000] {processor.py:829} INFO - Processing file /home/airflow/.local/lib/python3.8/site-packages/airflow/example_dags/example_short_circuit_operator.py for tasks to queue
[2025-03-06T11:44:35.598+0000] {logging_mixin.py:154} INFO - [2025-03-06T11:44:35.597+0000] {dagbag.py:536} INFO - Filling up the DagBag from /home/airflow/.local/lib/python3.8/site-packages/airflow/example_dags/example_short_circuit_operator.py
[2025-03-06T11:44:35.602+0000] {processor.py:839} INFO - DAG(s) dict_keys(['example_short_circuit_operator']) retrieved from /home/airflow/.local/lib/python3.8/site-packages/airflow/example_dags/example_short_circuit_operator.py
[2025-03-06T11:44:35.612+0000] {logging_mixin.py:154} INFO - [2025-03-06T11:44:35.612+0000] {dag.py:2941} INFO - Sync 1 DAGs
[2025-03-06T11:44:35.620+0000] {logging_mixin.py:154} INFO - [2025-03-06T11:44:35.620+0000] {dag.py:3722} INFO - Setting next_dagrun for example_short_circuit_operator to 2025-03-05T11:44:35.620776+00:00, run_after=2025-03-06T11:44:35.620776+00:00
[2025-03-06T11:44:35.627+0000] {processor.py:179} INFO - Processing /home/airflow/.local/lib/python3.8/site-packages/airflow/example_dags/example_short_circuit_operator.py took 0.033 seconds
[2025-03-06T11:45:06.173+0000] {processor.py:157} INFO - Started process (PID=13594) to work on /home/airflow/.local/lib/python3.8/site-packages/airflow/example_dags/example_short_circuit_operator.py
[2025-03-06T11:45:06.174+0000] {processor.py:829} INFO - Processing file /home/airflow/.local/lib/python3.8/site-packages/airflow/example_dags/example_short_circuit_operator.py for tasks to queue
[2025-03-06T11:45:06.175+0000] {logging_mixin.py:154} INFO - [2025-03-06T11:45:06.175+0000] {dagbag.py:536} INFO - Filling up the DagBag from /home/airflow/.local/lib/python3.8/site-packages/airflow/example_dags/example_short_circuit_operator.py
[2025-03-06T11:45:06.178+0000] {processor.py:839} INFO - DAG(s) dict_keys(['example_short_circuit_operator']) retrieved from /home/airflow/.local/lib/python3.8/site-packages/airflow/example_dags/example_short_circuit_operator.py
[2025-03-06T11:45:06.191+0000] {logging_mixin.py:154} INFO - [2025-03-06T11:45:06.190+0000] {dag.py:2941} INFO - Sync 1 DAGs
[2025-03-06T11:45:06.200+0000] {logging_mixin.py:154} INFO - [2025-03-06T11:45:06.200+0000] {dag.py:3722} INFO - Setting next_dagrun for example_short_circuit_operator to 2025-03-05T11:45:06.199929+00:00, run_after=2025-03-06T11:45:06.199929+00:00
[2025-03-06T11:45:06.206+0000] {processor.py:179} INFO - Processing /home/airflow/.local/lib/python3.8/site-packages/airflow/example_dags/example_short_circuit_operator.py took 0.034 seconds
[2025-03-06T11:45:36.695+0000] {processor.py:157} INFO - Started process (PID=13650) to work on /home/airflow/.local/lib/python3.8/site-packages/airflow/example_dags/example_short_circuit_operator.py
[2025-03-06T11:45:36.697+0000] {processor.py:829} INFO - Processing file /home/airflow/.local/lib/python3.8/site-packages/airflow/example_dags/example_short_circuit_operator.py for tasks to queue
[2025-03-06T11:45:36.699+0000] {logging_mixin.py:154} INFO - [2025-03-06T11:45:36.698+0000] {dagbag.py:536} INFO - Filling up the DagBag from /home/airflow/.local/lib/python3.8/site-packages/airflow/example_dags/example_short_circuit_operator.py
[2025-03-06T11:45:36.703+0000] {processor.py:839} INFO - DAG(s) dict_keys(['example_short_circuit_operator']) retrieved from /home/airflow/.local/lib/python3.8/site-packages/airflow/example_dags/example_short_circuit_operator.py
[2025-03-06T11:45:36.714+0000] {logging_mixin.py:154} INFO - [2025-03-06T11:45:36.713+0000] {dag.py:2941} INFO - Sync 1 DAGs
[2025-03-06T11:45:36.724+0000] {logging_mixin.py:154} INFO - [2025-03-06T11:45:36.724+0000] {dag.py:3722} INFO - Setting next_dagrun for example_short_circuit_operator to 2025-03-05T11:45:36.724437+00:00, run_after=2025-03-06T11:45:36.724437+00:00
[2025-03-06T11:45:36.736+0000] {processor.py:179} INFO - Processing /home/airflow/.local/lib/python3.8/site-packages/airflow/example_dags/example_short_circuit_operator.py took 0.045 seconds
[2025-03-06T11:46:07.273+0000] {processor.py:157} INFO - Started process (PID=13713) to work on /home/airflow/.local/lib/python3.8/site-packages/airflow/example_dags/example_short_circuit_operator.py
[2025-03-06T11:46:07.275+0000] {processor.py:829} INFO - Processing file /home/airflow/.local/lib/python3.8/site-packages/airflow/example_dags/example_short_circuit_operator.py for tasks to queue
[2025-03-06T11:46:07.276+0000] {logging_mixin.py:154} INFO - [2025-03-06T11:46:07.276+0000] {dagbag.py:536} INFO - Filling up the DagBag from /home/airflow/.local/lib/python3.8/site-packages/airflow/example_dags/example_short_circuit_operator.py
[2025-03-06T11:46:07.279+0000] {processor.py:839} INFO - DAG(s) dict_keys(['example_short_circuit_operator']) retrieved from /home/airflow/.local/lib/python3.8/site-packages/airflow/example_dags/example_short_circuit_operator.py
[2025-03-06T11:46:07.291+0000] {logging_mixin.py:154} INFO - [2025-03-06T11:46:07.291+0000] {dag.py:2941} INFO - Sync 1 DAGs
[2025-03-06T11:46:07.299+0000] {logging_mixin.py:154} INFO - [2025-03-06T11:46:07.299+0000] {dag.py:3722} INFO - Setting next_dagrun for example_short_circuit_operator to 2025-03-05T11:46:07.299779+00:00, run_after=2025-03-06T11:46:07.299779+00:00
[2025-03-06T11:46:07.306+0000] {processor.py:179} INFO - Processing /home/airflow/.local/lib/python3.8/site-packages/airflow/example_dags/example_short_circuit_operator.py took 0.035 seconds
[2025-03-06T11:46:37.891+0000] {processor.py:157} INFO - Started process (PID=13769) to work on /home/airflow/.local/lib/python3.8/site-packages/airflow/example_dags/example_short_circuit_operator.py
[2025-03-06T11:46:37.891+0000] {processor.py:829} INFO - Processing file /home/airflow/.local/lib/python3.8/site-packages/airflow/example_dags/example_short_circuit_operator.py for tasks to queue
[2025-03-06T11:46:37.892+0000] {logging_mixin.py:154} INFO - [2025-03-06T11:46:37.892+0000] {dagbag.py:536} INFO - Filling up the DagBag from /home/airflow/.local/lib/python3.8/site-packages/airflow/example_dags/example_short_circuit_operator.py
[2025-03-06T11:46:37.897+0000] {processor.py:839} INFO - DAG(s) dict_keys(['example_short_circuit_operator']) retrieved from /home/airflow/.local/lib/python3.8/site-packages/airflow/example_dags/example_short_circuit_operator.py
[2025-03-06T11:46:37.906+0000] {logging_mixin.py:154} INFO - [2025-03-06T11:46:37.906+0000] {dag.py:2941} INFO - Sync 1 DAGs
[2025-03-06T11:46:37.915+0000] {logging_mixin.py:154} INFO - [2025-03-06T11:46:37.915+0000] {dag.py:3722} INFO - Setting next_dagrun for example_short_circuit_operator to 2025-03-05T11:46:37.915080+00:00, run_after=2025-03-06T11:46:37.915080+00:00
[2025-03-06T11:46:37.928+0000] {processor.py:179} INFO - Processing /home/airflow/.local/lib/python3.8/site-packages/airflow/example_dags/example_short_circuit_operator.py took 0.039 seconds
[2025-03-06T11:47:08.421+0000] {processor.py:157} INFO - Started process (PID=13825) to work on /home/airflow/.local/lib/python3.8/site-packages/airflow/example_dags/example_short_circuit_operator.py
[2025-03-06T11:47:08.421+0000] {processor.py:829} INFO - Processing file /home/airflow/.local/lib/python3.8/site-packages/airflow/example_dags/example_short_circuit_operator.py for tasks to queue
[2025-03-06T11:47:08.422+0000] {logging_mixin.py:154} INFO - [2025-03-06T11:47:08.422+0000] {dagbag.py:536} INFO - Filling up the DagBag from /home/airflow/.local/lib/python3.8/site-packages/airflow/example_dags/example_short_circuit_operator.py
[2025-03-06T11:47:08.426+0000] {processor.py:839} INFO - DAG(s) dict_keys(['example_short_circuit_operator']) retrieved from /home/airflow/.local/lib/python3.8/site-packages/airflow/example_dags/example_short_circuit_operator.py
[2025-03-06T11:47:08.436+0000] {logging_mixin.py:154} INFO - [2025-03-06T11:47:08.436+0000] {dag.py:2941} INFO - Sync 1 DAGs
[2025-03-06T11:47:08.445+0000] {logging_mixin.py:154} INFO - [2025-03-06T11:47:08.444+0000] {dag.py:3722} INFO - Setting next_dagrun for example_short_circuit_operator to 2025-03-05T11:47:08.444871+00:00, run_after=2025-03-06T11:47:08.444871+00:00
[2025-03-06T11:47:08.453+0000] {processor.py:179} INFO - Processing /home/airflow/.local/lib/python3.8/site-packages/airflow/example_dags/example_short_circuit_operator.py took 0.033 seconds
[2025-03-06T11:47:38.944+0000] {processor.py:157} INFO - Started process (PID=13881) to work on /home/airflow/.local/lib/python3.8/site-packages/airflow/example_dags/example_short_circuit_operator.py
[2025-03-06T11:47:38.945+0000] {processor.py:829} INFO - Processing file /home/airflow/.local/lib/python3.8/site-packages/airflow/example_dags/example_short_circuit_operator.py for tasks to queue
[2025-03-06T11:47:38.947+0000] {logging_mixin.py:154} INFO - [2025-03-06T11:47:38.947+0000] {dagbag.py:536} INFO - Filling up the DagBag from /home/airflow/.local/lib/python3.8/site-packages/airflow/example_dags/example_short_circuit_operator.py
[2025-03-06T11:47:38.951+0000] {processor.py:839} INFO - DAG(s) dict_keys(['example_short_circuit_operator']) retrieved from /home/airflow/.local/lib/python3.8/site-packages/airflow/example_dags/example_short_circuit_operator.py
[2025-03-06T11:47:38.961+0000] {logging_mixin.py:154} INFO - [2025-03-06T11:47:38.960+0000] {dag.py:2941} INFO - Sync 1 DAGs
[2025-03-06T11:47:38.969+0000] {logging_mixin.py:154} INFO - [2025-03-06T11:47:38.969+0000] {dag.py:3722} INFO - Setting next_dagrun for example_short_circuit_operator to 2025-03-05T11:47:38.968929+00:00, run_after=2025-03-06T11:47:38.968929+00:00
[2025-03-06T11:47:38.975+0000] {processor.py:179} INFO - Processing /home/airflow/.local/lib/python3.8/site-packages/airflow/example_dags/example_short_circuit_operator.py took 0.033 seconds
[2025-03-06T11:48:09.470+0000] {processor.py:157} INFO - Started process (PID=13937) to work on /home/airflow/.local/lib/python3.8/site-packages/airflow/example_dags/example_short_circuit_operator.py
[2025-03-06T11:48:09.471+0000] {processor.py:829} INFO - Processing file /home/airflow/.local/lib/python3.8/site-packages/airflow/example_dags/example_short_circuit_operator.py for tasks to queue
[2025-03-06T11:48:09.472+0000] {logging_mixin.py:154} INFO - [2025-03-06T11:48:09.472+0000] {dagbag.py:536} INFO - Filling up the DagBag from /home/airflow/.local/lib/python3.8/site-packages/airflow/example_dags/example_short_circuit_operator.py
[2025-03-06T11:48:09.475+0000] {processor.py:839} INFO - DAG(s) dict_keys(['example_short_circuit_operator']) retrieved from /home/airflow/.local/lib/python3.8/site-packages/airflow/example_dags/example_short_circuit_operator.py
[2025-03-06T11:48:09.486+0000] {logging_mixin.py:154} INFO - [2025-03-06T11:48:09.486+0000] {dag.py:2941} INFO - Sync 1 DAGs
[2025-03-06T11:48:09.494+0000] {logging_mixin.py:154} INFO - [2025-03-06T11:48:09.494+0000] {dag.py:3722} INFO - Setting next_dagrun for example_short_circuit_operator to 2025-03-05T11:48:09.494569+00:00, run_after=2025-03-06T11:48:09.494569+00:00
[2025-03-06T11:48:09.501+0000] {processor.py:179} INFO - Processing /home/airflow/.local/lib/python3.8/site-packages/airflow/example_dags/example_short_circuit_operator.py took 0.032 seconds
[2025-03-06T11:48:39.977+0000] {processor.py:157} INFO - Started process (PID=13993) to work on /home/airflow/.local/lib/python3.8/site-packages/airflow/example_dags/example_short_circuit_operator.py
[2025-03-06T11:48:39.977+0000] {processor.py:829} INFO - Processing file /home/airflow/.local/lib/python3.8/site-packages/airflow/example_dags/example_short_circuit_operator.py for tasks to queue
[2025-03-06T11:48:39.978+0000] {logging_mixin.py:154} INFO - [2025-03-06T11:48:39.978+0000] {dagbag.py:536} INFO - Filling up the DagBag from /home/airflow/.local/lib/python3.8/site-packages/airflow/example_dags/example_short_circuit_operator.py
[2025-03-06T11:48:39.982+0000] {processor.py:839} INFO - DAG(s) dict_keys(['example_short_circuit_operator']) retrieved from /home/airflow/.local/lib/python3.8/site-packages/airflow/example_dags/example_short_circuit_operator.py
[2025-03-06T11:48:39.993+0000] {logging_mixin.py:154} INFO - [2025-03-06T11:48:39.993+0000] {dag.py:2941} INFO - Sync 1 DAGs
[2025-03-06T11:48:40.002+0000] {logging_mixin.py:154} INFO - [2025-03-06T11:48:40.002+0000] {dag.py:3722} INFO - Setting next_dagrun for example_short_circuit_operator to 2025-03-05T11:48:40.002358+00:00, run_after=2025-03-06T11:48:40.002358+00:00
[2025-03-06T11:48:40.009+0000] {processor.py:179} INFO - Processing /home/airflow/.local/lib/python3.8/site-packages/airflow/example_dags/example_short_circuit_operator.py took 0.034 seconds
[2025-03-06T11:49:10.449+0000] {processor.py:157} INFO - Started process (PID=14049) to work on /home/airflow/.local/lib/python3.8/site-packages/airflow/example_dags/example_short_circuit_operator.py
[2025-03-06T11:49:10.450+0000] {processor.py:829} INFO - Processing file /home/airflow/.local/lib/python3.8/site-packages/airflow/example_dags/example_short_circuit_operator.py for tasks to queue
[2025-03-06T11:49:10.451+0000] {logging_mixin.py:154} INFO - [2025-03-06T11:49:10.450+0000] {dagbag.py:536} INFO - Filling up the DagBag from /home/airflow/.local/lib/python3.8/site-packages/airflow/example_dags/example_short_circuit_operator.py
[2025-03-06T11:49:10.454+0000] {processor.py:839} INFO - DAG(s) dict_keys(['example_short_circuit_operator']) retrieved from /home/airflow/.local/lib/python3.8/site-packages/airflow/example_dags/example_short_circuit_operator.py
[2025-03-06T11:49:10.464+0000] {logging_mixin.py:154} INFO - [2025-03-06T11:49:10.464+0000] {dag.py:2941} INFO - Sync 1 DAGs
[2025-03-06T11:49:10.474+0000] {logging_mixin.py:154} INFO - [2025-03-06T11:49:10.474+0000] {dag.py:3722} INFO - Setting next_dagrun for example_short_circuit_operator to 2025-03-05T11:49:10.474136+00:00, run_after=2025-03-06T11:49:10.474136+00:00
[2025-03-06T11:49:10.481+0000] {processor.py:179} INFO - Processing /home/airflow/.local/lib/python3.8/site-packages/airflow/example_dags/example_short_circuit_operator.py took 0.033 seconds
[2025-03-06T11:49:40.984+0000] {processor.py:157} INFO - Started process (PID=14105) to work on /home/airflow/.local/lib/python3.8/site-packages/airflow/example_dags/example_short_circuit_operator.py
[2025-03-06T11:49:40.984+0000] {processor.py:829} INFO - Processing file /home/airflow/.local/lib/python3.8/site-packages/airflow/example_dags/example_short_circuit_operator.py for tasks to queue
[2025-03-06T11:49:40.986+0000] {logging_mixin.py:154} INFO - [2025-03-06T11:49:40.986+0000] {dagbag.py:536} INFO - Filling up the DagBag from /home/airflow/.local/lib/python3.8/site-packages/airflow/example_dags/example_short_circuit_operator.py
[2025-03-06T11:49:40.989+0000] {processor.py:839} INFO - DAG(s) dict_keys(['example_short_circuit_operator']) retrieved from /home/airflow/.local/lib/python3.8/site-packages/airflow/example_dags/example_short_circuit_operator.py
[2025-03-06T11:49:40.999+0000] {logging_mixin.py:154} INFO - [2025-03-06T11:49:40.999+0000] {dag.py:2941} INFO - Sync 1 DAGs
[2025-03-06T11:49:41.008+0000] {logging_mixin.py:154} INFO - [2025-03-06T11:49:41.008+0000] {dag.py:3722} INFO - Setting next_dagrun for example_short_circuit_operator to 2025-03-05T11:49:41.008022+00:00, run_after=2025-03-06T11:49:41.008022+00:00
[2025-03-06T11:49:41.016+0000] {processor.py:179} INFO - Processing /home/airflow/.local/lib/python3.8/site-packages/airflow/example_dags/example_short_circuit_operator.py took 0.033 seconds
[2025-03-06T11:50:11.516+0000] {processor.py:157} INFO - Started process (PID=14160) to work on /home/airflow/.local/lib/python3.8/site-packages/airflow/example_dags/example_short_circuit_operator.py
[2025-03-06T11:50:11.516+0000] {processor.py:829} INFO - Processing file /home/airflow/.local/lib/python3.8/site-packages/airflow/example_dags/example_short_circuit_operator.py for tasks to queue
[2025-03-06T11:50:11.517+0000] {logging_mixin.py:154} INFO - [2025-03-06T11:50:11.517+0000] {dagbag.py:536} INFO - Filling up the DagBag from /home/airflow/.local/lib/python3.8/site-packages/airflow/example_dags/example_short_circuit_operator.py
[2025-03-06T11:50:11.521+0000] {processor.py:839} INFO - DAG(s) dict_keys(['example_short_circuit_operator']) retrieved from /home/airflow/.local/lib/python3.8/site-packages/airflow/example_dags/example_short_circuit_operator.py
[2025-03-06T11:50:11.531+0000] {logging_mixin.py:154} INFO - [2025-03-06T11:50:11.530+0000] {dag.py:2941} INFO - Sync 1 DAGs
[2025-03-06T11:50:11.539+0000] {logging_mixin.py:154} INFO - [2025-03-06T11:50:11.539+0000] {dag.py:3722} INFO - Setting next_dagrun for example_short_circuit_operator to 2025-03-05T11:50:11.539306+00:00, run_after=2025-03-06T11:50:11.539306+00:00
[2025-03-06T11:50:11.547+0000] {processor.py:179} INFO - Processing /home/airflow/.local/lib/python3.8/site-packages/airflow/example_dags/example_short_circuit_operator.py took 0.032 seconds
[2025-03-06T11:50:42.039+0000] {processor.py:157} INFO - Started process (PID=14216) to work on /home/airflow/.local/lib/python3.8/site-packages/airflow/example_dags/example_short_circuit_operator.py
[2025-03-06T11:50:42.041+0000] {processor.py:829} INFO - Processing file /home/airflow/.local/lib/python3.8/site-packages/airflow/example_dags/example_short_circuit_operator.py for tasks to queue
[2025-03-06T11:50:42.042+0000] {logging_mixin.py:154} INFO - [2025-03-06T11:50:42.042+0000] {dagbag.py:536} INFO - Filling up the DagBag from /home/airflow/.local/lib/python3.8/site-packages/airflow/example_dags/example_short_circuit_operator.py
[2025-03-06T11:50:42.045+0000] {processor.py:839} INFO - DAG(s) dict_keys(['example_short_circuit_operator']) retrieved from /home/airflow/.local/lib/python3.8/site-packages/airflow/example_dags/example_short_circuit_operator.py
[2025-03-06T11:50:42.056+0000] {logging_mixin.py:154} INFO - [2025-03-06T11:50:42.056+0000] {dag.py:2941} INFO - Sync 1 DAGs
[2025-03-06T11:50:42.066+0000] {logging_mixin.py:154} INFO - [2025-03-06T11:50:42.066+0000] {dag.py:3722} INFO - Setting next_dagrun for example_short_circuit_operator to 2025-03-05T11:50:42.065990+00:00, run_after=2025-03-06T11:50:42.065990+00:00
[2025-03-06T11:50:42.074+0000] {processor.py:179} INFO - Processing /home/airflow/.local/lib/python3.8/site-packages/airflow/example_dags/example_short_circuit_operator.py took 0.036 seconds
[2025-03-06T11:51:12.485+0000] {processor.py:157} INFO - Started process (PID=14272) to work on /home/airflow/.local/lib/python3.8/site-packages/airflow/example_dags/example_short_circuit_operator.py
[2025-03-06T11:51:12.485+0000] {processor.py:829} INFO - Processing file /home/airflow/.local/lib/python3.8/site-packages/airflow/example_dags/example_short_circuit_operator.py for tasks to queue
[2025-03-06T11:51:12.486+0000] {logging_mixin.py:154} INFO - [2025-03-06T11:51:12.486+0000] {dagbag.py:536} INFO - Filling up the DagBag from /home/airflow/.local/lib/python3.8/site-packages/airflow/example_dags/example_short_circuit_operator.py
[2025-03-06T11:51:12.489+0000] {processor.py:839} INFO - DAG(s) dict_keys(['example_short_circuit_operator']) retrieved from /home/airflow/.local/lib/python3.8/site-packages/airflow/example_dags/example_short_circuit_operator.py
[2025-03-06T11:51:12.500+0000] {logging_mixin.py:154} INFO - [2025-03-06T11:51:12.500+0000] {dag.py:2941} INFO - Sync 1 DAGs
[2025-03-06T11:51:12.508+0000] {logging_mixin.py:154} INFO - [2025-03-06T11:51:12.508+0000] {dag.py:3722} INFO - Setting next_dagrun for example_short_circuit_operator to 2025-03-05T11:51:12.508421+00:00, run_after=2025-03-06T11:51:12.508421+00:00
[2025-03-06T11:51:12.514+0000] {processor.py:179} INFO - Processing /home/airflow/.local/lib/python3.8/site-packages/airflow/example_dags/example_short_circuit_operator.py took 0.031 seconds
[2025-03-06T11:51:43.030+0000] {processor.py:157} INFO - Started process (PID=14328) to work on /home/airflow/.local/lib/python3.8/site-packages/airflow/example_dags/example_short_circuit_operator.py
[2025-03-06T11:51:43.031+0000] {processor.py:829} INFO - Processing file /home/airflow/.local/lib/python3.8/site-packages/airflow/example_dags/example_short_circuit_operator.py for tasks to queue
[2025-03-06T11:51:43.034+0000] {logging_mixin.py:154} INFO - [2025-03-06T11:51:43.034+0000] {dagbag.py:536} INFO - Filling up the DagBag from /home/airflow/.local/lib/python3.8/site-packages/airflow/example_dags/example_short_circuit_operator.py
[2025-03-06T11:51:43.038+0000] {processor.py:839} INFO - DAG(s) dict_keys(['example_short_circuit_operator']) retrieved from /home/airflow/.local/lib/python3.8/site-packages/airflow/example_dags/example_short_circuit_operator.py
[2025-03-06T11:51:43.049+0000] {logging_mixin.py:154} INFO - [2025-03-06T11:51:43.049+0000] {dag.py:2941} INFO - Sync 1 DAGs
[2025-03-06T11:51:43.058+0000] {logging_mixin.py:154} INFO - [2025-03-06T11:51:43.058+0000] {dag.py:3722} INFO - Setting next_dagrun for example_short_circuit_operator to 2025-03-05T11:51:43.058217+00:00, run_after=2025-03-06T11:51:43.058217+00:00
[2025-03-06T11:51:43.068+0000] {processor.py:179} INFO - Processing /home/airflow/.local/lib/python3.8/site-packages/airflow/example_dags/example_short_circuit_operator.py took 0.040 seconds
[2025-03-06T11:52:13.708+0000] {processor.py:157} INFO - Started process (PID=14384) to work on /home/airflow/.local/lib/python3.8/site-packages/airflow/example_dags/example_short_circuit_operator.py
[2025-03-06T11:52:13.709+0000] {processor.py:829} INFO - Processing file /home/airflow/.local/lib/python3.8/site-packages/airflow/example_dags/example_short_circuit_operator.py for tasks to queue
[2025-03-06T11:52:13.710+0000] {logging_mixin.py:154} INFO - [2025-03-06T11:52:13.710+0000] {dagbag.py:536} INFO - Filling up the DagBag from /home/airflow/.local/lib/python3.8/site-packages/airflow/example_dags/example_short_circuit_operator.py
[2025-03-06T11:52:13.714+0000] {processor.py:839} INFO - DAG(s) dict_keys(['example_short_circuit_operator']) retrieved from /home/airflow/.local/lib/python3.8/site-packages/airflow/example_dags/example_short_circuit_operator.py
[2025-03-06T11:52:13.725+0000] {logging_mixin.py:154} INFO - [2025-03-06T11:52:13.724+0000] {dag.py:2941} INFO - Sync 1 DAGs
[2025-03-06T11:52:13.733+0000] {logging_mixin.py:154} INFO - [2025-03-06T11:52:13.733+0000] {dag.py:3722} INFO - Setting next_dagrun for example_short_circuit_operator to 2025-03-05T11:52:13.733568+00:00, run_after=2025-03-06T11:52:13.733568+00:00
[2025-03-06T11:52:13.741+0000] {processor.py:179} INFO - Processing /home/airflow/.local/lib/python3.8/site-packages/airflow/example_dags/example_short_circuit_operator.py took 0.035 seconds
[2025-03-06T11:52:44.251+0000] {processor.py:157} INFO - Started process (PID=14440) to work on /home/airflow/.local/lib/python3.8/site-packages/airflow/example_dags/example_short_circuit_operator.py
[2025-03-06T11:52:44.251+0000] {processor.py:829} INFO - Processing file /home/airflow/.local/lib/python3.8/site-packages/airflow/example_dags/example_short_circuit_operator.py for tasks to queue
[2025-03-06T11:52:44.255+0000] {logging_mixin.py:154} INFO - [2025-03-06T11:52:44.255+0000] {dagbag.py:536} INFO - Filling up the DagBag from /home/airflow/.local/lib/python3.8/site-packages/airflow/example_dags/example_short_circuit_operator.py
[2025-03-06T11:52:44.258+0000] {processor.py:839} INFO - DAG(s) dict_keys(['example_short_circuit_operator']) retrieved from /home/airflow/.local/lib/python3.8/site-packages/airflow/example_dags/example_short_circuit_operator.py
[2025-03-06T11:52:44.267+0000] {logging_mixin.py:154} INFO - [2025-03-06T11:52:44.267+0000] {dag.py:2941} INFO - Sync 1 DAGs
[2025-03-06T11:52:44.276+0000] {logging_mixin.py:154} INFO - [2025-03-06T11:52:44.276+0000] {dag.py:3722} INFO - Setting next_dagrun for example_short_circuit_operator to 2025-03-05T11:52:44.276026+00:00, run_after=2025-03-06T11:52:44.276026+00:00
[2025-03-06T11:52:44.285+0000] {processor.py:179} INFO - Processing /home/airflow/.local/lib/python3.8/site-packages/airflow/example_dags/example_short_circuit_operator.py took 0.036 seconds
[2025-03-06T11:53:14.821+0000] {processor.py:157} INFO - Started process (PID=14496) to work on /home/airflow/.local/lib/python3.8/site-packages/airflow/example_dags/example_short_circuit_operator.py
[2025-03-06T11:53:14.822+0000] {processor.py:829} INFO - Processing file /home/airflow/.local/lib/python3.8/site-packages/airflow/example_dags/example_short_circuit_operator.py for tasks to queue
[2025-03-06T11:53:14.823+0000] {logging_mixin.py:154} INFO - [2025-03-06T11:53:14.823+0000] {dagbag.py:536} INFO - Filling up the DagBag from /home/airflow/.local/lib/python3.8/site-packages/airflow/example_dags/example_short_circuit_operator.py
[2025-03-06T11:53:14.827+0000] {processor.py:839} INFO - DAG(s) dict_keys(['example_short_circuit_operator']) retrieved from /home/airflow/.local/lib/python3.8/site-packages/airflow/example_dags/example_short_circuit_operator.py
[2025-03-06T11:53:14.837+0000] {logging_mixin.py:154} INFO - [2025-03-06T11:53:14.837+0000] {dag.py:2941} INFO - Sync 1 DAGs
[2025-03-06T11:53:14.845+0000] {logging_mixin.py:154} INFO - [2025-03-06T11:53:14.845+0000] {dag.py:3722} INFO - Setting next_dagrun for example_short_circuit_operator to 2025-03-05T11:53:14.845102+00:00, run_after=2025-03-06T11:53:14.845102+00:00
[2025-03-06T11:53:14.851+0000] {processor.py:179} INFO - Processing /home/airflow/.local/lib/python3.8/site-packages/airflow/example_dags/example_short_circuit_operator.py took 0.032 seconds
[2025-03-06T11:53:45.447+0000] {processor.py:157} INFO - Started process (PID=14555) to work on /home/airflow/.local/lib/python3.8/site-packages/airflow/example_dags/example_short_circuit_operator.py
[2025-03-06T11:53:45.451+0000] {processor.py:829} INFO - Processing file /home/airflow/.local/lib/python3.8/site-packages/airflow/example_dags/example_short_circuit_operator.py for tasks to queue
[2025-03-06T11:53:45.452+0000] {logging_mixin.py:154} INFO - [2025-03-06T11:53:45.452+0000] {dagbag.py:536} INFO - Filling up the DagBag from /home/airflow/.local/lib/python3.8/site-packages/airflow/example_dags/example_short_circuit_operator.py
[2025-03-06T11:53:45.456+0000] {processor.py:839} INFO - DAG(s) dict_keys(['example_short_circuit_operator']) retrieved from /home/airflow/.local/lib/python3.8/site-packages/airflow/example_dags/example_short_circuit_operator.py
[2025-03-06T11:53:45.467+0000] {logging_mixin.py:154} INFO - [2025-03-06T11:53:45.467+0000] {dag.py:2941} INFO - Sync 1 DAGs
[2025-03-06T11:53:45.477+0000] {logging_mixin.py:154} INFO - [2025-03-06T11:53:45.477+0000] {dag.py:3722} INFO - Setting next_dagrun for example_short_circuit_operator to 2025-03-05T11:53:45.477244+00:00, run_after=2025-03-06T11:53:45.477244+00:00
[2025-03-06T11:53:45.483+0000] {processor.py:179} INFO - Processing /home/airflow/.local/lib/python3.8/site-packages/airflow/example_dags/example_short_circuit_operator.py took 0.038 seconds
[2025-03-06T11:54:16.061+0000] {processor.py:157} INFO - Started process (PID=14616) to work on /home/airflow/.local/lib/python3.8/site-packages/airflow/example_dags/example_short_circuit_operator.py
[2025-03-06T11:54:16.062+0000] {processor.py:829} INFO - Processing file /home/airflow/.local/lib/python3.8/site-packages/airflow/example_dags/example_short_circuit_operator.py for tasks to queue
[2025-03-06T11:54:16.064+0000] {logging_mixin.py:154} INFO - [2025-03-06T11:54:16.064+0000] {dagbag.py:536} INFO - Filling up the DagBag from /home/airflow/.local/lib/python3.8/site-packages/airflow/example_dags/example_short_circuit_operator.py
[2025-03-06T11:54:16.068+0000] {processor.py:839} INFO - DAG(s) dict_keys(['example_short_circuit_operator']) retrieved from /home/airflow/.local/lib/python3.8/site-packages/airflow/example_dags/example_short_circuit_operator.py
[2025-03-06T11:54:16.077+0000] {logging_mixin.py:154} INFO - [2025-03-06T11:54:16.077+0000] {dag.py:2941} INFO - Sync 1 DAGs
[2025-03-06T11:54:16.085+0000] {logging_mixin.py:154} INFO - [2025-03-06T11:54:16.085+0000] {dag.py:3722} INFO - Setting next_dagrun for example_short_circuit_operator to 2025-03-05T11:54:16.085353+00:00, run_after=2025-03-06T11:54:16.085353+00:00
[2025-03-06T11:54:16.093+0000] {processor.py:179} INFO - Processing /home/airflow/.local/lib/python3.8/site-packages/airflow/example_dags/example_short_circuit_operator.py took 0.033 seconds
[2025-03-06T11:54:46.573+0000] {processor.py:157} INFO - Started process (PID=14674) to work on /home/airflow/.local/lib/python3.8/site-packages/airflow/example_dags/example_short_circuit_operator.py
[2025-03-06T11:54:46.574+0000] {processor.py:829} INFO - Processing file /home/airflow/.local/lib/python3.8/site-packages/airflow/example_dags/example_short_circuit_operator.py for tasks to queue
[2025-03-06T11:54:46.575+0000] {logging_mixin.py:154} INFO - [2025-03-06T11:54:46.575+0000] {dagbag.py:536} INFO - Filling up the DagBag from /home/airflow/.local/lib/python3.8/site-packages/airflow/example_dags/example_short_circuit_operator.py
[2025-03-06T11:54:46.579+0000] {processor.py:839} INFO - DAG(s) dict_keys(['example_short_circuit_operator']) retrieved from /home/airflow/.local/lib/python3.8/site-packages/airflow/example_dags/example_short_circuit_operator.py
[2025-03-06T11:54:46.590+0000] {logging_mixin.py:154} INFO - [2025-03-06T11:54:46.590+0000] {dag.py:2941} INFO - Sync 1 DAGs
[2025-03-06T11:54:46.599+0000] {logging_mixin.py:154} INFO - [2025-03-06T11:54:46.599+0000] {dag.py:3722} INFO - Setting next_dagrun for example_short_circuit_operator to 2025-03-05T11:54:46.599015+00:00, run_after=2025-03-06T11:54:46.599015+00:00
[2025-03-06T11:54:46.606+0000] {processor.py:179} INFO - Processing /home/airflow/.local/lib/python3.8/site-packages/airflow/example_dags/example_short_circuit_operator.py took 0.035 seconds
[2025-03-06T11:55:17.145+0000] {processor.py:157} INFO - Started process (PID=14734) to work on /home/airflow/.local/lib/python3.8/site-packages/airflow/example_dags/example_short_circuit_operator.py
[2025-03-06T11:55:17.145+0000] {processor.py:829} INFO - Processing file /home/airflow/.local/lib/python3.8/site-packages/airflow/example_dags/example_short_circuit_operator.py for tasks to queue
[2025-03-06T11:55:17.147+0000] {logging_mixin.py:154} INFO - [2025-03-06T11:55:17.147+0000] {dagbag.py:536} INFO - Filling up the DagBag from /home/airflow/.local/lib/python3.8/site-packages/airflow/example_dags/example_short_circuit_operator.py
[2025-03-06T11:55:17.151+0000] {processor.py:839} INFO - DAG(s) dict_keys(['example_short_circuit_operator']) retrieved from /home/airflow/.local/lib/python3.8/site-packages/airflow/example_dags/example_short_circuit_operator.py
[2025-03-06T11:55:17.160+0000] {logging_mixin.py:154} INFO - [2025-03-06T11:55:17.160+0000] {dag.py:2941} INFO - Sync 1 DAGs
[2025-03-06T11:55:17.170+0000] {logging_mixin.py:154} INFO - [2025-03-06T11:55:17.170+0000] {dag.py:3722} INFO - Setting next_dagrun for example_short_circuit_operator to 2025-03-05T11:55:17.170054+00:00, run_after=2025-03-06T11:55:17.170054+00:00
[2025-03-06T11:55:17.179+0000] {processor.py:179} INFO - Processing /home/airflow/.local/lib/python3.8/site-packages/airflow/example_dags/example_short_circuit_operator.py took 0.036 seconds
[2025-03-06T11:55:47.716+0000] {processor.py:157} INFO - Started process (PID=14793) to work on /home/airflow/.local/lib/python3.8/site-packages/airflow/example_dags/example_short_circuit_operator.py
[2025-03-06T11:55:47.716+0000] {processor.py:829} INFO - Processing file /home/airflow/.local/lib/python3.8/site-packages/airflow/example_dags/example_short_circuit_operator.py for tasks to queue
[2025-03-06T11:55:47.718+0000] {logging_mixin.py:154} INFO - [2025-03-06T11:55:47.718+0000] {dagbag.py:536} INFO - Filling up the DagBag from /home/airflow/.local/lib/python3.8/site-packages/airflow/example_dags/example_short_circuit_operator.py
[2025-03-06T11:55:47.722+0000] {processor.py:839} INFO - DAG(s) dict_keys(['example_short_circuit_operator']) retrieved from /home/airflow/.local/lib/python3.8/site-packages/airflow/example_dags/example_short_circuit_operator.py
[2025-03-06T11:55:47.733+0000] {logging_mixin.py:154} INFO - [2025-03-06T11:55:47.733+0000] {dag.py:2941} INFO - Sync 1 DAGs
[2025-03-06T11:55:47.742+0000] {logging_mixin.py:154} INFO - [2025-03-06T11:55:47.742+0000] {dag.py:3722} INFO - Setting next_dagrun for example_short_circuit_operator to 2025-03-05T11:55:47.742691+00:00, run_after=2025-03-06T11:55:47.742691+00:00
[2025-03-06T11:55:47.752+0000] {processor.py:179} INFO - Processing /home/airflow/.local/lib/python3.8/site-packages/airflow/example_dags/example_short_circuit_operator.py took 0.038 seconds
[2025-03-06T11:56:18.332+0000] {processor.py:157} INFO - Started process (PID=14852) to work on /home/airflow/.local/lib/python3.8/site-packages/airflow/example_dags/example_short_circuit_operator.py
[2025-03-06T11:56:18.334+0000] {processor.py:829} INFO - Processing file /home/airflow/.local/lib/python3.8/site-packages/airflow/example_dags/example_short_circuit_operator.py for tasks to queue
[2025-03-06T11:56:18.335+0000] {logging_mixin.py:154} INFO - [2025-03-06T11:56:18.335+0000] {dagbag.py:536} INFO - Filling up the DagBag from /home/airflow/.local/lib/python3.8/site-packages/airflow/example_dags/example_short_circuit_operator.py
[2025-03-06T11:56:18.338+0000] {processor.py:839} INFO - DAG(s) dict_keys(['example_short_circuit_operator']) retrieved from /home/airflow/.local/lib/python3.8/site-packages/airflow/example_dags/example_short_circuit_operator.py
[2025-03-06T11:56:18.348+0000] {logging_mixin.py:154} INFO - [2025-03-06T11:56:18.348+0000] {dag.py:2941} INFO - Sync 1 DAGs
[2025-03-06T11:56:18.357+0000] {logging_mixin.py:154} INFO - [2025-03-06T11:56:18.357+0000] {dag.py:3722} INFO - Setting next_dagrun for example_short_circuit_operator to 2025-03-05T11:56:18.357000+00:00, run_after=2025-03-06T11:56:18.357000+00:00
[2025-03-06T11:56:18.364+0000] {processor.py:179} INFO - Processing /home/airflow/.local/lib/python3.8/site-packages/airflow/example_dags/example_short_circuit_operator.py took 0.033 seconds
[2025-03-06T11:56:48.819+0000] {processor.py:157} INFO - Started process (PID=14908) to work on /home/airflow/.local/lib/python3.8/site-packages/airflow/example_dags/example_short_circuit_operator.py
[2025-03-06T11:56:48.820+0000] {processor.py:829} INFO - Processing file /home/airflow/.local/lib/python3.8/site-packages/airflow/example_dags/example_short_circuit_operator.py for tasks to queue
[2025-03-06T11:56:48.821+0000] {logging_mixin.py:154} INFO - [2025-03-06T11:56:48.821+0000] {dagbag.py:536} INFO - Filling up the DagBag from /home/airflow/.local/lib/python3.8/site-packages/airflow/example_dags/example_short_circuit_operator.py
[2025-03-06T11:56:48.825+0000] {processor.py:839} INFO - DAG(s) dict_keys(['example_short_circuit_operator']) retrieved from /home/airflow/.local/lib/python3.8/site-packages/airflow/example_dags/example_short_circuit_operator.py
[2025-03-06T11:56:48.836+0000] {logging_mixin.py:154} INFO - [2025-03-06T11:56:48.836+0000] {dag.py:2941} INFO - Sync 1 DAGs
[2025-03-06T11:56:48.845+0000] {logging_mixin.py:154} INFO - [2025-03-06T11:56:48.845+0000] {dag.py:3722} INFO - Setting next_dagrun for example_short_circuit_operator to 2025-03-05T11:56:48.845311+00:00, run_after=2025-03-06T11:56:48.845311+00:00
[2025-03-06T11:56:48.851+0000] {processor.py:179} INFO - Processing /home/airflow/.local/lib/python3.8/site-packages/airflow/example_dags/example_short_circuit_operator.py took 0.034 seconds
[2025-03-06T11:57:19.418+0000] {processor.py:157} INFO - Started process (PID=14968) to work on /home/airflow/.local/lib/python3.8/site-packages/airflow/example_dags/example_short_circuit_operator.py
[2025-03-06T11:57:19.419+0000] {processor.py:829} INFO - Processing file /home/airflow/.local/lib/python3.8/site-packages/airflow/example_dags/example_short_circuit_operator.py for tasks to queue
[2025-03-06T11:57:19.420+0000] {logging_mixin.py:154} INFO - [2025-03-06T11:57:19.420+0000] {dagbag.py:536} INFO - Filling up the DagBag from /home/airflow/.local/lib/python3.8/site-packages/airflow/example_dags/example_short_circuit_operator.py
[2025-03-06T11:57:19.424+0000] {processor.py:839} INFO - DAG(s) dict_keys(['example_short_circuit_operator']) retrieved from /home/airflow/.local/lib/python3.8/site-packages/airflow/example_dags/example_short_circuit_operator.py
[2025-03-06T11:57:19.434+0000] {logging_mixin.py:154} INFO - [2025-03-06T11:57:19.433+0000] {dag.py:2941} INFO - Sync 1 DAGs
[2025-03-06T11:57:19.444+0000] {logging_mixin.py:154} INFO - [2025-03-06T11:57:19.444+0000] {dag.py:3722} INFO - Setting next_dagrun for example_short_circuit_operator to 2025-03-05T11:57:19.444734+00:00, run_after=2025-03-06T11:57:19.444734+00:00
[2025-03-06T11:57:19.453+0000] {processor.py:179} INFO - Processing /home/airflow/.local/lib/python3.8/site-packages/airflow/example_dags/example_short_circuit_operator.py took 0.036 seconds
[2025-03-06T11:57:50.033+0000] {processor.py:157} INFO - Started process (PID=15032) to work on /home/airflow/.local/lib/python3.8/site-packages/airflow/example_dags/example_short_circuit_operator.py
[2025-03-06T11:57:50.035+0000] {processor.py:829} INFO - Processing file /home/airflow/.local/lib/python3.8/site-packages/airflow/example_dags/example_short_circuit_operator.py for tasks to queue
[2025-03-06T11:57:50.036+0000] {logging_mixin.py:154} INFO - [2025-03-06T11:57:50.036+0000] {dagbag.py:536} INFO - Filling up the DagBag from /home/airflow/.local/lib/python3.8/site-packages/airflow/example_dags/example_short_circuit_operator.py
[2025-03-06T11:57:50.040+0000] {processor.py:839} INFO - DAG(s) dict_keys(['example_short_circuit_operator']) retrieved from /home/airflow/.local/lib/python3.8/site-packages/airflow/example_dags/example_short_circuit_operator.py
[2025-03-06T11:57:50.051+0000] {logging_mixin.py:154} INFO - [2025-03-06T11:57:50.050+0000] {dag.py:2941} INFO - Sync 1 DAGs
[2025-03-06T11:57:50.060+0000] {logging_mixin.py:154} INFO - [2025-03-06T11:57:50.060+0000] {dag.py:3722} INFO - Setting next_dagrun for example_short_circuit_operator to 2025-03-05T11:57:50.060296+00:00, run_after=2025-03-06T11:57:50.060296+00:00
[2025-03-06T11:57:50.070+0000] {processor.py:179} INFO - Processing /home/airflow/.local/lib/python3.8/site-packages/airflow/example_dags/example_short_circuit_operator.py took 0.038 seconds
[2025-03-06T11:58:20.674+0000] {processor.py:157} INFO - Started process (PID=15096) to work on /home/airflow/.local/lib/python3.8/site-packages/airflow/example_dags/example_short_circuit_operator.py
[2025-03-06T11:58:20.675+0000] {processor.py:829} INFO - Processing file /home/airflow/.local/lib/python3.8/site-packages/airflow/example_dags/example_short_circuit_operator.py for tasks to queue
[2025-03-06T11:58:20.675+0000] {logging_mixin.py:154} INFO - [2025-03-06T11:58:20.675+0000] {dagbag.py:536} INFO - Filling up the DagBag from /home/airflow/.local/lib/python3.8/site-packages/airflow/example_dags/example_short_circuit_operator.py
[2025-03-06T11:58:20.679+0000] {processor.py:839} INFO - DAG(s) dict_keys(['example_short_circuit_operator']) retrieved from /home/airflow/.local/lib/python3.8/site-packages/airflow/example_dags/example_short_circuit_operator.py
[2025-03-06T11:58:20.691+0000] {logging_mixin.py:154} INFO - [2025-03-06T11:58:20.691+0000] {dag.py:2941} INFO - Sync 1 DAGs
[2025-03-06T11:58:20.699+0000] {logging_mixin.py:154} INFO - [2025-03-06T11:58:20.699+0000] {dag.py:3722} INFO - Setting next_dagrun for example_short_circuit_operator to 2025-03-05T11:58:20.699572+00:00, run_after=2025-03-06T11:58:20.699572+00:00
[2025-03-06T11:58:20.706+0000] {processor.py:179} INFO - Processing /home/airflow/.local/lib/python3.8/site-packages/airflow/example_dags/example_short_circuit_operator.py took 0.033 seconds
[2025-03-06T11:58:51.250+0000] {processor.py:157} INFO - Started process (PID=15156) to work on /home/airflow/.local/lib/python3.8/site-packages/airflow/example_dags/example_short_circuit_operator.py
[2025-03-06T11:58:51.252+0000] {processor.py:829} INFO - Processing file /home/airflow/.local/lib/python3.8/site-packages/airflow/example_dags/example_short_circuit_operator.py for tasks to queue
[2025-03-06T11:58:51.253+0000] {logging_mixin.py:154} INFO - [2025-03-06T11:58:51.253+0000] {dagbag.py:536} INFO - Filling up the DagBag from /home/airflow/.local/lib/python3.8/site-packages/airflow/example_dags/example_short_circuit_operator.py
[2025-03-06T11:58:51.257+0000] {processor.py:839} INFO - DAG(s) dict_keys(['example_short_circuit_operator']) retrieved from /home/airflow/.local/lib/python3.8/site-packages/airflow/example_dags/example_short_circuit_operator.py
[2025-03-06T11:58:51.268+0000] {logging_mixin.py:154} INFO - [2025-03-06T11:58:51.268+0000] {dag.py:2941} INFO - Sync 1 DAGs
[2025-03-06T11:58:51.277+0000] {logging_mixin.py:154} INFO - [2025-03-06T11:58:51.277+0000] {dag.py:3722} INFO - Setting next_dagrun for example_short_circuit_operator to 2025-03-05T11:58:51.276981+00:00, run_after=2025-03-06T11:58:51.276981+00:00
[2025-03-06T11:58:51.283+0000] {processor.py:179} INFO - Processing /home/airflow/.local/lib/python3.8/site-packages/airflow/example_dags/example_short_circuit_operator.py took 0.034 seconds
[2025-03-06T11:59:21.760+0000] {processor.py:157} INFO - Started process (PID=15212) to work on /home/airflow/.local/lib/python3.8/site-packages/airflow/example_dags/example_short_circuit_operator.py
[2025-03-06T11:59:21.762+0000] {processor.py:829} INFO - Processing file /home/airflow/.local/lib/python3.8/site-packages/airflow/example_dags/example_short_circuit_operator.py for tasks to queue
[2025-03-06T11:59:21.763+0000] {logging_mixin.py:154} INFO - [2025-03-06T11:59:21.763+0000] {dagbag.py:536} INFO - Filling up the DagBag from /home/airflow/.local/lib/python3.8/site-packages/airflow/example_dags/example_short_circuit_operator.py
[2025-03-06T11:59:21.766+0000] {processor.py:839} INFO - DAG(s) dict_keys(['example_short_circuit_operator']) retrieved from /home/airflow/.local/lib/python3.8/site-packages/airflow/example_dags/example_short_circuit_operator.py
[2025-03-06T11:59:21.776+0000] {logging_mixin.py:154} INFO - [2025-03-06T11:59:21.776+0000] {dag.py:2941} INFO - Sync 1 DAGs
[2025-03-06T11:59:21.784+0000] {logging_mixin.py:154} INFO - [2025-03-06T11:59:21.784+0000] {dag.py:3722} INFO - Setting next_dagrun for example_short_circuit_operator to 2025-03-05T11:59:21.784061+00:00, run_after=2025-03-06T11:59:21.784061+00:00
[2025-03-06T11:59:21.792+0000] {processor.py:179} INFO - Processing /home/airflow/.local/lib/python3.8/site-packages/airflow/example_dags/example_short_circuit_operator.py took 0.033 seconds
[2025-03-06T11:59:52.276+0000] {processor.py:157} INFO - Started process (PID=15268) to work on /home/airflow/.local/lib/python3.8/site-packages/airflow/example_dags/example_short_circuit_operator.py
[2025-03-06T11:59:52.277+0000] {processor.py:829} INFO - Processing file /home/airflow/.local/lib/python3.8/site-packages/airflow/example_dags/example_short_circuit_operator.py for tasks to queue
[2025-03-06T11:59:52.278+0000] {logging_mixin.py:154} INFO - [2025-03-06T11:59:52.278+0000] {dagbag.py:536} INFO - Filling up the DagBag from /home/airflow/.local/lib/python3.8/site-packages/airflow/example_dags/example_short_circuit_operator.py
[2025-03-06T11:59:52.282+0000] {processor.py:839} INFO - DAG(s) dict_keys(['example_short_circuit_operator']) retrieved from /home/airflow/.local/lib/python3.8/site-packages/airflow/example_dags/example_short_circuit_operator.py
[2025-03-06T11:59:52.294+0000] {logging_mixin.py:154} INFO - [2025-03-06T11:59:52.293+0000] {dag.py:2941} INFO - Sync 1 DAGs
[2025-03-06T11:59:52.303+0000] {logging_mixin.py:154} INFO - [2025-03-06T11:59:52.302+0000] {dag.py:3722} INFO - Setting next_dagrun for example_short_circuit_operator to 2025-03-05T11:59:52.302872+00:00, run_after=2025-03-06T11:59:52.302872+00:00
[2025-03-06T11:59:52.313+0000] {processor.py:179} INFO - Processing /home/airflow/.local/lib/python3.8/site-packages/airflow/example_dags/example_short_circuit_operator.py took 0.038 seconds
[2025-03-06T12:00:22.801+0000] {processor.py:157} INFO - Started process (PID=15324) to work on /home/airflow/.local/lib/python3.8/site-packages/airflow/example_dags/example_short_circuit_operator.py
[2025-03-06T12:00:22.802+0000] {processor.py:829} INFO - Processing file /home/airflow/.local/lib/python3.8/site-packages/airflow/example_dags/example_short_circuit_operator.py for tasks to queue
[2025-03-06T12:00:22.803+0000] {logging_mixin.py:154} INFO - [2025-03-06T12:00:22.803+0000] {dagbag.py:536} INFO - Filling up the DagBag from /home/airflow/.local/lib/python3.8/site-packages/airflow/example_dags/example_short_circuit_operator.py
[2025-03-06T12:00:22.807+0000] {processor.py:839} INFO - DAG(s) dict_keys(['example_short_circuit_operator']) retrieved from /home/airflow/.local/lib/python3.8/site-packages/airflow/example_dags/example_short_circuit_operator.py
[2025-03-06T12:00:22.816+0000] {logging_mixin.py:154} INFO - [2025-03-06T12:00:22.816+0000] {dag.py:2941} INFO - Sync 1 DAGs
[2025-03-06T12:00:22.825+0000] {logging_mixin.py:154} INFO - [2025-03-06T12:00:22.825+0000] {dag.py:3722} INFO - Setting next_dagrun for example_short_circuit_operator to 2025-03-05T12:00:22.825077+00:00, run_after=2025-03-06T12:00:22.825077+00:00
[2025-03-06T12:00:22.835+0000] {processor.py:179} INFO - Processing /home/airflow/.local/lib/python3.8/site-packages/airflow/example_dags/example_short_circuit_operator.py took 0.035 seconds
[2025-03-06T12:00:53.260+0000] {processor.py:157} INFO - Started process (PID=15380) to work on /home/airflow/.local/lib/python3.8/site-packages/airflow/example_dags/example_short_circuit_operator.py
[2025-03-06T12:00:53.262+0000] {processor.py:829} INFO - Processing file /home/airflow/.local/lib/python3.8/site-packages/airflow/example_dags/example_short_circuit_operator.py for tasks to queue
[2025-03-06T12:00:53.263+0000] {logging_mixin.py:154} INFO - [2025-03-06T12:00:53.262+0000] {dagbag.py:536} INFO - Filling up the DagBag from /home/airflow/.local/lib/python3.8/site-packages/airflow/example_dags/example_short_circuit_operator.py
[2025-03-06T12:00:53.267+0000] {processor.py:839} INFO - DAG(s) dict_keys(['example_short_circuit_operator']) retrieved from /home/airflow/.local/lib/python3.8/site-packages/airflow/example_dags/example_short_circuit_operator.py
[2025-03-06T12:00:53.279+0000] {logging_mixin.py:154} INFO - [2025-03-06T12:00:53.279+0000] {dag.py:2941} INFO - Sync 1 DAGs
[2025-03-06T12:00:53.288+0000] {logging_mixin.py:154} INFO - [2025-03-06T12:00:53.288+0000] {dag.py:3722} INFO - Setting next_dagrun for example_short_circuit_operator to 2025-03-05T12:00:53.288591+00:00, run_after=2025-03-06T12:00:53.288591+00:00
[2025-03-06T12:00:53.299+0000] {processor.py:179} INFO - Processing /home/airflow/.local/lib/python3.8/site-packages/airflow/example_dags/example_short_circuit_operator.py took 0.040 seconds
[2025-03-06T12:01:23.795+0000] {processor.py:157} INFO - Started process (PID=15436) to work on /home/airflow/.local/lib/python3.8/site-packages/airflow/example_dags/example_short_circuit_operator.py
[2025-03-06T12:01:23.795+0000] {processor.py:829} INFO - Processing file /home/airflow/.local/lib/python3.8/site-packages/airflow/example_dags/example_short_circuit_operator.py for tasks to queue
[2025-03-06T12:01:23.797+0000] {logging_mixin.py:154} INFO - [2025-03-06T12:01:23.797+0000] {dagbag.py:536} INFO - Filling up the DagBag from /home/airflow/.local/lib/python3.8/site-packages/airflow/example_dags/example_short_circuit_operator.py
[2025-03-06T12:01:23.801+0000] {processor.py:839} INFO - DAG(s) dict_keys(['example_short_circuit_operator']) retrieved from /home/airflow/.local/lib/python3.8/site-packages/airflow/example_dags/example_short_circuit_operator.py
[2025-03-06T12:01:23.810+0000] {logging_mixin.py:154} INFO - [2025-03-06T12:01:23.810+0000] {dag.py:2941} INFO - Sync 1 DAGs
[2025-03-06T12:01:23.817+0000] {logging_mixin.py:154} INFO - [2025-03-06T12:01:23.817+0000] {dag.py:3722} INFO - Setting next_dagrun for example_short_circuit_operator to 2025-03-05T12:01:23.817783+00:00, run_after=2025-03-06T12:01:23.817783+00:00
[2025-03-06T12:01:23.827+0000] {processor.py:179} INFO - Processing /home/airflow/.local/lib/python3.8/site-packages/airflow/example_dags/example_short_circuit_operator.py took 0.033 seconds
[2025-03-06T12:20:08.739+0000] {processor.py:157} INFO - Started process (PID=15493) to work on /home/airflow/.local/lib/python3.8/site-packages/airflow/example_dags/example_short_circuit_operator.py
[2025-03-06T12:20:08.740+0000] {processor.py:829} INFO - Processing file /home/airflow/.local/lib/python3.8/site-packages/airflow/example_dags/example_short_circuit_operator.py for tasks to queue
[2025-03-06T12:20:08.743+0000] {logging_mixin.py:154} INFO - [2025-03-06T12:20:08.743+0000] {dagbag.py:536} INFO - Filling up the DagBag from /home/airflow/.local/lib/python3.8/site-packages/airflow/example_dags/example_short_circuit_operator.py
[2025-03-06T12:20:08.748+0000] {processor.py:839} INFO - DAG(s) dict_keys(['example_short_circuit_operator']) retrieved from /home/airflow/.local/lib/python3.8/site-packages/airflow/example_dags/example_short_circuit_operator.py
[2025-03-06T12:20:08.767+0000] {logging_mixin.py:154} INFO - [2025-03-06T12:20:08.766+0000] {dag.py:2941} INFO - Sync 1 DAGs
[2025-03-06T12:20:08.779+0000] {logging_mixin.py:154} INFO - [2025-03-06T12:20:08.779+0000] {dag.py:3722} INFO - Setting next_dagrun for example_short_circuit_operator to 2025-03-05T12:20:08.779353+00:00, run_after=2025-03-06T12:20:08.779353+00:00
[2025-03-06T12:20:08.796+0000] {processor.py:179} INFO - Processing /home/airflow/.local/lib/python3.8/site-packages/airflow/example_dags/example_short_circuit_operator.py took 0.059 seconds
[2025-03-06T12:45:35.531+0000] {processor.py:157} INFO - Started process (PID=15549) to work on /home/airflow/.local/lib/python3.8/site-packages/airflow/example_dags/example_short_circuit_operator.py
[2025-03-06T12:45:35.532+0000] {processor.py:829} INFO - Processing file /home/airflow/.local/lib/python3.8/site-packages/airflow/example_dags/example_short_circuit_operator.py for tasks to queue
[2025-03-06T12:45:35.534+0000] {logging_mixin.py:154} INFO - [2025-03-06T12:45:35.534+0000] {dagbag.py:536} INFO - Filling up the DagBag from /home/airflow/.local/lib/python3.8/site-packages/airflow/example_dags/example_short_circuit_operator.py
[2025-03-06T12:45:35.538+0000] {processor.py:839} INFO - DAG(s) dict_keys(['example_short_circuit_operator']) retrieved from /home/airflow/.local/lib/python3.8/site-packages/airflow/example_dags/example_short_circuit_operator.py
[2025-03-06T12:45:35.547+0000] {logging_mixin.py:154} INFO - [2025-03-06T12:45:35.547+0000] {dag.py:2941} INFO - Sync 1 DAGs
[2025-03-06T12:45:35.556+0000] {logging_mixin.py:154} INFO - [2025-03-06T12:45:35.556+0000] {dag.py:3722} INFO - Setting next_dagrun for example_short_circuit_operator to 2025-03-05T12:45:35.556532+00:00, run_after=2025-03-06T12:45:35.556532+00:00
[2025-03-06T12:45:35.565+0000] {processor.py:179} INFO - Processing /home/airflow/.local/lib/python3.8/site-packages/airflow/example_dags/example_short_circuit_operator.py took 0.036 seconds
[2025-03-06T12:46:06.181+0000] {processor.py:157} INFO - Started process (PID=15605) to work on /home/airflow/.local/lib/python3.8/site-packages/airflow/example_dags/example_short_circuit_operator.py
[2025-03-06T12:46:06.182+0000] {processor.py:829} INFO - Processing file /home/airflow/.local/lib/python3.8/site-packages/airflow/example_dags/example_short_circuit_operator.py for tasks to queue
[2025-03-06T12:46:06.183+0000] {logging_mixin.py:154} INFO - [2025-03-06T12:46:06.183+0000] {dagbag.py:536} INFO - Filling up the DagBag from /home/airflow/.local/lib/python3.8/site-packages/airflow/example_dags/example_short_circuit_operator.py
[2025-03-06T12:46:06.186+0000] {processor.py:839} INFO - DAG(s) dict_keys(['example_short_circuit_operator']) retrieved from /home/airflow/.local/lib/python3.8/site-packages/airflow/example_dags/example_short_circuit_operator.py
[2025-03-06T12:46:06.201+0000] {logging_mixin.py:154} INFO - [2025-03-06T12:46:06.200+0000] {dag.py:2941} INFO - Sync 1 DAGs
[2025-03-06T12:46:06.210+0000] {logging_mixin.py:154} INFO - [2025-03-06T12:46:06.209+0000] {dag.py:3722} INFO - Setting next_dagrun for example_short_circuit_operator to 2025-03-05T12:46:06.209898+00:00, run_after=2025-03-06T12:46:06.209898+00:00
[2025-03-06T12:46:06.221+0000] {processor.py:179} INFO - Processing /home/airflow/.local/lib/python3.8/site-packages/airflow/example_dags/example_short_circuit_operator.py took 0.041 seconds
[2025-03-06T12:46:36.820+0000] {processor.py:157} INFO - Started process (PID=15661) to work on /home/airflow/.local/lib/python3.8/site-packages/airflow/example_dags/example_short_circuit_operator.py
[2025-03-06T12:46:36.821+0000] {processor.py:829} INFO - Processing file /home/airflow/.local/lib/python3.8/site-packages/airflow/example_dags/example_short_circuit_operator.py for tasks to queue
[2025-03-06T12:46:36.822+0000] {logging_mixin.py:154} INFO - [2025-03-06T12:46:36.822+0000] {dagbag.py:536} INFO - Filling up the DagBag from /home/airflow/.local/lib/python3.8/site-packages/airflow/example_dags/example_short_circuit_operator.py
[2025-03-06T12:46:36.826+0000] {processor.py:839} INFO - DAG(s) dict_keys(['example_short_circuit_operator']) retrieved from /home/airflow/.local/lib/python3.8/site-packages/airflow/example_dags/example_short_circuit_operator.py
[2025-03-06T12:46:36.836+0000] {logging_mixin.py:154} INFO - [2025-03-06T12:46:36.836+0000] {dag.py:2941} INFO - Sync 1 DAGs
[2025-03-06T12:46:36.847+0000] {logging_mixin.py:154} INFO - [2025-03-06T12:46:36.847+0000] {dag.py:3722} INFO - Setting next_dagrun for example_short_circuit_operator to 2025-03-05T12:46:36.847169+00:00, run_after=2025-03-06T12:46:36.847169+00:00
[2025-03-06T12:46:36.859+0000] {processor.py:179} INFO - Processing /home/airflow/.local/lib/python3.8/site-packages/airflow/example_dags/example_short_circuit_operator.py took 0.041 seconds
[2025-03-06T12:47:07.262+0000] {processor.py:157} INFO - Started process (PID=15717) to work on /home/airflow/.local/lib/python3.8/site-packages/airflow/example_dags/example_short_circuit_operator.py
[2025-03-06T12:47:07.263+0000] {processor.py:829} INFO - Processing file /home/airflow/.local/lib/python3.8/site-packages/airflow/example_dags/example_short_circuit_operator.py for tasks to queue
[2025-03-06T12:47:07.265+0000] {logging_mixin.py:154} INFO - [2025-03-06T12:47:07.265+0000] {dagbag.py:536} INFO - Filling up the DagBag from /home/airflow/.local/lib/python3.8/site-packages/airflow/example_dags/example_short_circuit_operator.py
[2025-03-06T12:47:07.268+0000] {processor.py:839} INFO - DAG(s) dict_keys(['example_short_circuit_operator']) retrieved from /home/airflow/.local/lib/python3.8/site-packages/airflow/example_dags/example_short_circuit_operator.py
[2025-03-06T12:47:07.278+0000] {logging_mixin.py:154} INFO - [2025-03-06T12:47:07.277+0000] {dag.py:2941} INFO - Sync 1 DAGs
[2025-03-06T12:47:07.285+0000] {logging_mixin.py:154} INFO - [2025-03-06T12:47:07.285+0000] {dag.py:3722} INFO - Setting next_dagrun for example_short_circuit_operator to 2025-03-05T12:47:07.285465+00:00, run_after=2025-03-06T12:47:07.285465+00:00
[2025-03-06T12:47:07.291+0000] {processor.py:179} INFO - Processing /home/airflow/.local/lib/python3.8/site-packages/airflow/example_dags/example_short_circuit_operator.py took 0.031 seconds
[2025-03-06T12:47:37.853+0000] {processor.py:157} INFO - Started process (PID=15773) to work on /home/airflow/.local/lib/python3.8/site-packages/airflow/example_dags/example_short_circuit_operator.py
[2025-03-06T12:47:37.853+0000] {processor.py:829} INFO - Processing file /home/airflow/.local/lib/python3.8/site-packages/airflow/example_dags/example_short_circuit_operator.py for tasks to queue
[2025-03-06T12:47:37.854+0000] {logging_mixin.py:154} INFO - [2025-03-06T12:47:37.854+0000] {dagbag.py:536} INFO - Filling up the DagBag from /home/airflow/.local/lib/python3.8/site-packages/airflow/example_dags/example_short_circuit_operator.py
[2025-03-06T12:47:37.858+0000] {processor.py:839} INFO - DAG(s) dict_keys(['example_short_circuit_operator']) retrieved from /home/airflow/.local/lib/python3.8/site-packages/airflow/example_dags/example_short_circuit_operator.py
[2025-03-06T12:47:37.871+0000] {logging_mixin.py:154} INFO - [2025-03-06T12:47:37.870+0000] {dag.py:2941} INFO - Sync 1 DAGs
[2025-03-06T12:47:37.879+0000] {logging_mixin.py:154} INFO - [2025-03-06T12:47:37.879+0000] {dag.py:3722} INFO - Setting next_dagrun for example_short_circuit_operator to 2025-03-05T12:47:37.879714+00:00, run_after=2025-03-06T12:47:37.879714+00:00
[2025-03-06T12:47:37.889+0000] {processor.py:179} INFO - Processing /home/airflow/.local/lib/python3.8/site-packages/airflow/example_dags/example_short_circuit_operator.py took 0.038 seconds
[2025-03-06T12:48:08.453+0000] {processor.py:157} INFO - Started process (PID=15833) to work on /home/airflow/.local/lib/python3.8/site-packages/airflow/example_dags/example_short_circuit_operator.py
[2025-03-06T12:48:08.453+0000] {processor.py:829} INFO - Processing file /home/airflow/.local/lib/python3.8/site-packages/airflow/example_dags/example_short_circuit_operator.py for tasks to queue
[2025-03-06T12:48:08.454+0000] {logging_mixin.py:154} INFO - [2025-03-06T12:48:08.454+0000] {dagbag.py:536} INFO - Filling up the DagBag from /home/airflow/.local/lib/python3.8/site-packages/airflow/example_dags/example_short_circuit_operator.py
[2025-03-06T12:48:08.458+0000] {processor.py:839} INFO - DAG(s) dict_keys(['example_short_circuit_operator']) retrieved from /home/airflow/.local/lib/python3.8/site-packages/airflow/example_dags/example_short_circuit_operator.py
[2025-03-06T12:48:08.468+0000] {logging_mixin.py:154} INFO - [2025-03-06T12:48:08.468+0000] {dag.py:2941} INFO - Sync 1 DAGs
[2025-03-06T12:48:08.479+0000] {logging_mixin.py:154} INFO - [2025-03-06T12:48:08.478+0000] {dag.py:3722} INFO - Setting next_dagrun for example_short_circuit_operator to 2025-03-05T12:48:08.478574+00:00, run_after=2025-03-06T12:48:08.478574+00:00
[2025-03-06T12:48:08.487+0000] {processor.py:179} INFO - Processing /home/airflow/.local/lib/python3.8/site-packages/airflow/example_dags/example_short_circuit_operator.py took 0.035 seconds
[2025-03-06T12:48:38.989+0000] {processor.py:157} INFO - Started process (PID=15889) to work on /home/airflow/.local/lib/python3.8/site-packages/airflow/example_dags/example_short_circuit_operator.py
[2025-03-06T12:48:38.989+0000] {processor.py:829} INFO - Processing file /home/airflow/.local/lib/python3.8/site-packages/airflow/example_dags/example_short_circuit_operator.py for tasks to queue
[2025-03-06T12:48:38.991+0000] {logging_mixin.py:154} INFO - [2025-03-06T12:48:38.990+0000] {dagbag.py:536} INFO - Filling up the DagBag from /home/airflow/.local/lib/python3.8/site-packages/airflow/example_dags/example_short_circuit_operator.py
[2025-03-06T12:48:38.995+0000] {processor.py:839} INFO - DAG(s) dict_keys(['example_short_circuit_operator']) retrieved from /home/airflow/.local/lib/python3.8/site-packages/airflow/example_dags/example_short_circuit_operator.py
[2025-03-06T12:48:39.006+0000] {logging_mixin.py:154} INFO - [2025-03-06T12:48:39.006+0000] {dag.py:2941} INFO - Sync 1 DAGs
[2025-03-06T12:48:39.016+0000] {logging_mixin.py:154} INFO - [2025-03-06T12:48:39.016+0000] {dag.py:3722} INFO - Setting next_dagrun for example_short_circuit_operator to 2025-03-05T12:48:39.016047+00:00, run_after=2025-03-06T12:48:39.016047+00:00
[2025-03-06T12:48:39.025+0000] {processor.py:179} INFO - Processing /home/airflow/.local/lib/python3.8/site-packages/airflow/example_dags/example_short_circuit_operator.py took 0.038 seconds
[2025-03-06T12:49:09.561+0000] {processor.py:157} INFO - Started process (PID=15945) to work on /home/airflow/.local/lib/python3.8/site-packages/airflow/example_dags/example_short_circuit_operator.py
[2025-03-06T12:49:09.562+0000] {processor.py:829} INFO - Processing file /home/airflow/.local/lib/python3.8/site-packages/airflow/example_dags/example_short_circuit_operator.py for tasks to queue
[2025-03-06T12:49:09.563+0000] {logging_mixin.py:154} INFO - [2025-03-06T12:49:09.563+0000] {dagbag.py:536} INFO - Filling up the DagBag from /home/airflow/.local/lib/python3.8/site-packages/airflow/example_dags/example_short_circuit_operator.py
[2025-03-06T12:49:09.568+0000] {processor.py:839} INFO - DAG(s) dict_keys(['example_short_circuit_operator']) retrieved from /home/airflow/.local/lib/python3.8/site-packages/airflow/example_dags/example_short_circuit_operator.py
[2025-03-06T12:49:09.579+0000] {logging_mixin.py:154} INFO - [2025-03-06T12:49:09.579+0000] {dag.py:2941} INFO - Sync 1 DAGs
[2025-03-06T12:49:09.587+0000] {logging_mixin.py:154} INFO - [2025-03-06T12:49:09.587+0000] {dag.py:3722} INFO - Setting next_dagrun for example_short_circuit_operator to 2025-03-05T12:49:09.587468+00:00, run_after=2025-03-06T12:49:09.587468+00:00
[2025-03-06T12:49:09.597+0000] {processor.py:179} INFO - Processing /home/airflow/.local/lib/python3.8/site-packages/airflow/example_dags/example_short_circuit_operator.py took 0.037 seconds
[2025-03-06T12:49:40.177+0000] {processor.py:157} INFO - Started process (PID=16005) to work on /home/airflow/.local/lib/python3.8/site-packages/airflow/example_dags/example_short_circuit_operator.py
[2025-03-06T12:49:40.178+0000] {processor.py:829} INFO - Processing file /home/airflow/.local/lib/python3.8/site-packages/airflow/example_dags/example_short_circuit_operator.py for tasks to queue
[2025-03-06T12:49:40.180+0000] {logging_mixin.py:154} INFO - [2025-03-06T12:49:40.180+0000] {dagbag.py:536} INFO - Filling up the DagBag from /home/airflow/.local/lib/python3.8/site-packages/airflow/example_dags/example_short_circuit_operator.py
[2025-03-06T12:49:40.185+0000] {processor.py:839} INFO - DAG(s) dict_keys(['example_short_circuit_operator']) retrieved from /home/airflow/.local/lib/python3.8/site-packages/airflow/example_dags/example_short_circuit_operator.py
[2025-03-06T12:49:40.195+0000] {logging_mixin.py:154} INFO - [2025-03-06T12:49:40.195+0000] {dag.py:2941} INFO - Sync 1 DAGs
[2025-03-06T12:49:40.204+0000] {logging_mixin.py:154} INFO - [2025-03-06T12:49:40.203+0000] {dag.py:3722} INFO - Setting next_dagrun for example_short_circuit_operator to 2025-03-05T12:49:40.203807+00:00, run_after=2025-03-06T12:49:40.203807+00:00
[2025-03-06T12:49:40.210+0000] {processor.py:179} INFO - Processing /home/airflow/.local/lib/python3.8/site-packages/airflow/example_dags/example_short_circuit_operator.py took 0.035 seconds
[2025-03-06T12:50:10.727+0000] {processor.py:157} INFO - Started process (PID=16067) to work on /home/airflow/.local/lib/python3.8/site-packages/airflow/example_dags/example_short_circuit_operator.py
[2025-03-06T12:50:10.729+0000] {processor.py:829} INFO - Processing file /home/airflow/.local/lib/python3.8/site-packages/airflow/example_dags/example_short_circuit_operator.py for tasks to queue
[2025-03-06T12:50:10.730+0000] {logging_mixin.py:154} INFO - [2025-03-06T12:50:10.730+0000] {dagbag.py:536} INFO - Filling up the DagBag from /home/airflow/.local/lib/python3.8/site-packages/airflow/example_dags/example_short_circuit_operator.py
[2025-03-06T12:50:10.735+0000] {processor.py:839} INFO - DAG(s) dict_keys(['example_short_circuit_operator']) retrieved from /home/airflow/.local/lib/python3.8/site-packages/airflow/example_dags/example_short_circuit_operator.py
[2025-03-06T12:50:10.747+0000] {logging_mixin.py:154} INFO - [2025-03-06T12:50:10.747+0000] {dag.py:2941} INFO - Sync 1 DAGs
[2025-03-06T12:50:10.755+0000] {logging_mixin.py:154} INFO - [2025-03-06T12:50:10.755+0000] {dag.py:3722} INFO - Setting next_dagrun for example_short_circuit_operator to 2025-03-05T12:50:10.755015+00:00, run_after=2025-03-06T12:50:10.755015+00:00
[2025-03-06T12:50:10.762+0000] {processor.py:179} INFO - Processing /home/airflow/.local/lib/python3.8/site-packages/airflow/example_dags/example_short_circuit_operator.py took 0.036 seconds
[2025-03-06T12:50:41.228+0000] {processor.py:157} INFO - Started process (PID=16123) to work on /home/airflow/.local/lib/python3.8/site-packages/airflow/example_dags/example_short_circuit_operator.py
[2025-03-06T12:50:41.229+0000] {processor.py:829} INFO - Processing file /home/airflow/.local/lib/python3.8/site-packages/airflow/example_dags/example_short_circuit_operator.py for tasks to queue
[2025-03-06T12:50:41.230+0000] {logging_mixin.py:154} INFO - [2025-03-06T12:50:41.230+0000] {dagbag.py:536} INFO - Filling up the DagBag from /home/airflow/.local/lib/python3.8/site-packages/airflow/example_dags/example_short_circuit_operator.py
[2025-03-06T12:50:41.236+0000] {processor.py:839} INFO - DAG(s) dict_keys(['example_short_circuit_operator']) retrieved from /home/airflow/.local/lib/python3.8/site-packages/airflow/example_dags/example_short_circuit_operator.py
[2025-03-06T12:50:41.249+0000] {logging_mixin.py:154} INFO - [2025-03-06T12:50:41.248+0000] {dag.py:2941} INFO - Sync 1 DAGs
[2025-03-06T12:50:41.259+0000] {logging_mixin.py:154} INFO - [2025-03-06T12:50:41.259+0000] {dag.py:3722} INFO - Setting next_dagrun for example_short_circuit_operator to 2025-03-05T12:50:41.259493+00:00, run_after=2025-03-06T12:50:41.259493+00:00
[2025-03-06T12:50:41.267+0000] {processor.py:179} INFO - Processing /home/airflow/.local/lib/python3.8/site-packages/airflow/example_dags/example_short_circuit_operator.py took 0.041 seconds
[2025-03-06T12:51:11.703+0000] {processor.py:157} INFO - Started process (PID=16179) to work on /home/airflow/.local/lib/python3.8/site-packages/airflow/example_dags/example_short_circuit_operator.py
[2025-03-06T12:51:11.704+0000] {processor.py:829} INFO - Processing file /home/airflow/.local/lib/python3.8/site-packages/airflow/example_dags/example_short_circuit_operator.py for tasks to queue
[2025-03-06T12:51:11.705+0000] {logging_mixin.py:154} INFO - [2025-03-06T12:51:11.705+0000] {dagbag.py:536} INFO - Filling up the DagBag from /home/airflow/.local/lib/python3.8/site-packages/airflow/example_dags/example_short_circuit_operator.py
[2025-03-06T12:51:11.709+0000] {processor.py:839} INFO - DAG(s) dict_keys(['example_short_circuit_operator']) retrieved from /home/airflow/.local/lib/python3.8/site-packages/airflow/example_dags/example_short_circuit_operator.py
[2025-03-06T12:51:11.718+0000] {logging_mixin.py:154} INFO - [2025-03-06T12:51:11.718+0000] {dag.py:2941} INFO - Sync 1 DAGs
[2025-03-06T12:51:11.727+0000] {logging_mixin.py:154} INFO - [2025-03-06T12:51:11.727+0000] {dag.py:3722} INFO - Setting next_dagrun for example_short_circuit_operator to 2025-03-05T12:51:11.727108+00:00, run_after=2025-03-06T12:51:11.727108+00:00
[2025-03-06T12:51:11.736+0000] {processor.py:179} INFO - Processing /home/airflow/.local/lib/python3.8/site-packages/airflow/example_dags/example_short_circuit_operator.py took 0.035 seconds
[2025-03-06T12:51:42.218+0000] {processor.py:157} INFO - Started process (PID=16235) to work on /home/airflow/.local/lib/python3.8/site-packages/airflow/example_dags/example_short_circuit_operator.py
[2025-03-06T12:51:42.218+0000] {processor.py:829} INFO - Processing file /home/airflow/.local/lib/python3.8/site-packages/airflow/example_dags/example_short_circuit_operator.py for tasks to queue
[2025-03-06T12:51:42.220+0000] {logging_mixin.py:154} INFO - [2025-03-06T12:51:42.219+0000] {dagbag.py:536} INFO - Filling up the DagBag from /home/airflow/.local/lib/python3.8/site-packages/airflow/example_dags/example_short_circuit_operator.py
[2025-03-06T12:51:42.223+0000] {processor.py:839} INFO - DAG(s) dict_keys(['example_short_circuit_operator']) retrieved from /home/airflow/.local/lib/python3.8/site-packages/airflow/example_dags/example_short_circuit_operator.py
[2025-03-06T12:51:42.237+0000] {logging_mixin.py:154} INFO - [2025-03-06T12:51:42.237+0000] {dag.py:2941} INFO - Sync 1 DAGs
[2025-03-06T12:51:42.245+0000] {logging_mixin.py:154} INFO - [2025-03-06T12:51:42.245+0000] {dag.py:3722} INFO - Setting next_dagrun for example_short_circuit_operator to 2025-03-05T12:51:42.245795+00:00, run_after=2025-03-06T12:51:42.245795+00:00
[2025-03-06T12:51:42.253+0000] {processor.py:179} INFO - Processing /home/airflow/.local/lib/python3.8/site-packages/airflow/example_dags/example_short_circuit_operator.py took 0.037 seconds
[2025-03-06T12:52:12.812+0000] {processor.py:157} INFO - Started process (PID=16291) to work on /home/airflow/.local/lib/python3.8/site-packages/airflow/example_dags/example_short_circuit_operator.py
[2025-03-06T12:52:12.815+0000] {processor.py:829} INFO - Processing file /home/airflow/.local/lib/python3.8/site-packages/airflow/example_dags/example_short_circuit_operator.py for tasks to queue
[2025-03-06T12:52:12.816+0000] {logging_mixin.py:154} INFO - [2025-03-06T12:52:12.816+0000] {dagbag.py:536} INFO - Filling up the DagBag from /home/airflow/.local/lib/python3.8/site-packages/airflow/example_dags/example_short_circuit_operator.py
[2025-03-06T12:52:12.820+0000] {processor.py:839} INFO - DAG(s) dict_keys(['example_short_circuit_operator']) retrieved from /home/airflow/.local/lib/python3.8/site-packages/airflow/example_dags/example_short_circuit_operator.py
[2025-03-06T12:52:12.829+0000] {logging_mixin.py:154} INFO - [2025-03-06T12:52:12.829+0000] {dag.py:2941} INFO - Sync 1 DAGs
[2025-03-06T12:52:12.837+0000] {logging_mixin.py:154} INFO - [2025-03-06T12:52:12.837+0000] {dag.py:3722} INFO - Setting next_dagrun for example_short_circuit_operator to 2025-03-05T12:52:12.837245+00:00, run_after=2025-03-06T12:52:12.837245+00:00
[2025-03-06T12:52:12.843+0000] {processor.py:179} INFO - Processing /home/airflow/.local/lib/python3.8/site-packages/airflow/example_dags/example_short_circuit_operator.py took 0.033 seconds
[2025-03-06T12:52:43.340+0000] {processor.py:157} INFO - Started process (PID=16347) to work on /home/airflow/.local/lib/python3.8/site-packages/airflow/example_dags/example_short_circuit_operator.py
[2025-03-06T12:52:43.341+0000] {processor.py:829} INFO - Processing file /home/airflow/.local/lib/python3.8/site-packages/airflow/example_dags/example_short_circuit_operator.py for tasks to queue
[2025-03-06T12:52:43.342+0000] {logging_mixin.py:154} INFO - [2025-03-06T12:52:43.341+0000] {dagbag.py:536} INFO - Filling up the DagBag from /home/airflow/.local/lib/python3.8/site-packages/airflow/example_dags/example_short_circuit_operator.py
[2025-03-06T12:52:43.345+0000] {processor.py:839} INFO - DAG(s) dict_keys(['example_short_circuit_operator']) retrieved from /home/airflow/.local/lib/python3.8/site-packages/airflow/example_dags/example_short_circuit_operator.py
[2025-03-06T12:52:43.355+0000] {logging_mixin.py:154} INFO - [2025-03-06T12:52:43.355+0000] {dag.py:2941} INFO - Sync 1 DAGs
[2025-03-06T12:52:43.366+0000] {logging_mixin.py:154} INFO - [2025-03-06T12:52:43.366+0000] {dag.py:3722} INFO - Setting next_dagrun for example_short_circuit_operator to 2025-03-05T12:52:43.366074+00:00, run_after=2025-03-06T12:52:43.366074+00:00
[2025-03-06T12:52:43.380+0000] {processor.py:179} INFO - Processing /home/airflow/.local/lib/python3.8/site-packages/airflow/example_dags/example_short_circuit_operator.py took 0.041 seconds
[2025-03-06T12:53:13.842+0000] {processor.py:157} INFO - Started process (PID=16403) to work on /home/airflow/.local/lib/python3.8/site-packages/airflow/example_dags/example_short_circuit_operator.py
[2025-03-06T12:53:13.842+0000] {processor.py:829} INFO - Processing file /home/airflow/.local/lib/python3.8/site-packages/airflow/example_dags/example_short_circuit_operator.py for tasks to queue
[2025-03-06T12:53:13.843+0000] {logging_mixin.py:154} INFO - [2025-03-06T12:53:13.843+0000] {dagbag.py:536} INFO - Filling up the DagBag from /home/airflow/.local/lib/python3.8/site-packages/airflow/example_dags/example_short_circuit_operator.py
[2025-03-06T12:53:13.846+0000] {processor.py:839} INFO - DAG(s) dict_keys(['example_short_circuit_operator']) retrieved from /home/airflow/.local/lib/python3.8/site-packages/airflow/example_dags/example_short_circuit_operator.py
[2025-03-06T12:53:13.855+0000] {logging_mixin.py:154} INFO - [2025-03-06T12:53:13.855+0000] {dag.py:2941} INFO - Sync 1 DAGs
[2025-03-06T12:53:13.863+0000] {logging_mixin.py:154} INFO - [2025-03-06T12:53:13.863+0000] {dag.py:3722} INFO - Setting next_dagrun for example_short_circuit_operator to 2025-03-05T12:53:13.863018+00:00, run_after=2025-03-06T12:53:13.863018+00:00
[2025-03-06T12:53:13.868+0000] {processor.py:179} INFO - Processing /home/airflow/.local/lib/python3.8/site-packages/airflow/example_dags/example_short_circuit_operator.py took 0.028 seconds
[2025-03-06T12:53:44.301+0000] {processor.py:157} INFO - Started process (PID=16459) to work on /home/airflow/.local/lib/python3.8/site-packages/airflow/example_dags/example_short_circuit_operator.py
[2025-03-06T12:53:44.302+0000] {processor.py:829} INFO - Processing file /home/airflow/.local/lib/python3.8/site-packages/airflow/example_dags/example_short_circuit_operator.py for tasks to queue
[2025-03-06T12:53:44.303+0000] {logging_mixin.py:154} INFO - [2025-03-06T12:53:44.303+0000] {dagbag.py:536} INFO - Filling up the DagBag from /home/airflow/.local/lib/python3.8/site-packages/airflow/example_dags/example_short_circuit_operator.py
[2025-03-06T12:53:44.306+0000] {processor.py:839} INFO - DAG(s) dict_keys(['example_short_circuit_operator']) retrieved from /home/airflow/.local/lib/python3.8/site-packages/airflow/example_dags/example_short_circuit_operator.py
[2025-03-06T12:53:44.321+0000] {logging_mixin.py:154} INFO - [2025-03-06T12:53:44.320+0000] {dag.py:2941} INFO - Sync 1 DAGs
[2025-03-06T12:53:44.330+0000] {logging_mixin.py:154} INFO - [2025-03-06T12:53:44.330+0000] {dag.py:3722} INFO - Setting next_dagrun for example_short_circuit_operator to 2025-03-05T12:53:44.330412+00:00, run_after=2025-03-06T12:53:44.330412+00:00
[2025-03-06T12:53:44.338+0000] {processor.py:179} INFO - Processing /home/airflow/.local/lib/python3.8/site-packages/airflow/example_dags/example_short_circuit_operator.py took 0.038 seconds
[2025-03-06T12:54:14.811+0000] {processor.py:157} INFO - Started process (PID=16515) to work on /home/airflow/.local/lib/python3.8/site-packages/airflow/example_dags/example_short_circuit_operator.py
[2025-03-06T12:54:14.813+0000] {processor.py:829} INFO - Processing file /home/airflow/.local/lib/python3.8/site-packages/airflow/example_dags/example_short_circuit_operator.py for tasks to queue
[2025-03-06T12:54:14.814+0000] {logging_mixin.py:154} INFO - [2025-03-06T12:54:14.813+0000] {dagbag.py:536} INFO - Filling up the DagBag from /home/airflow/.local/lib/python3.8/site-packages/airflow/example_dags/example_short_circuit_operator.py
[2025-03-06T12:54:14.817+0000] {processor.py:839} INFO - DAG(s) dict_keys(['example_short_circuit_operator']) retrieved from /home/airflow/.local/lib/python3.8/site-packages/airflow/example_dags/example_short_circuit_operator.py
[2025-03-06T12:54:14.827+0000] {logging_mixin.py:154} INFO - [2025-03-06T12:54:14.827+0000] {dag.py:2941} INFO - Sync 1 DAGs
[2025-03-06T12:54:14.835+0000] {logging_mixin.py:154} INFO - [2025-03-06T12:54:14.834+0000] {dag.py:3722} INFO - Setting next_dagrun for example_short_circuit_operator to 2025-03-05T12:54:14.834891+00:00, run_after=2025-03-06T12:54:14.834891+00:00
[2025-03-06T12:54:14.842+0000] {processor.py:179} INFO - Processing /home/airflow/.local/lib/python3.8/site-packages/airflow/example_dags/example_short_circuit_operator.py took 0.033 seconds
[2025-03-06T12:54:45.339+0000] {processor.py:157} INFO - Started process (PID=16571) to work on /home/airflow/.local/lib/python3.8/site-packages/airflow/example_dags/example_short_circuit_operator.py
[2025-03-06T12:54:45.340+0000] {processor.py:829} INFO - Processing file /home/airflow/.local/lib/python3.8/site-packages/airflow/example_dags/example_short_circuit_operator.py for tasks to queue
[2025-03-06T12:54:45.341+0000] {logging_mixin.py:154} INFO - [2025-03-06T12:54:45.341+0000] {dagbag.py:536} INFO - Filling up the DagBag from /home/airflow/.local/lib/python3.8/site-packages/airflow/example_dags/example_short_circuit_operator.py
[2025-03-06T12:54:45.345+0000] {processor.py:839} INFO - DAG(s) dict_keys(['example_short_circuit_operator']) retrieved from /home/airflow/.local/lib/python3.8/site-packages/airflow/example_dags/example_short_circuit_operator.py
[2025-03-06T12:54:45.358+0000] {logging_mixin.py:154} INFO - [2025-03-06T12:54:45.358+0000] {dag.py:2941} INFO - Sync 1 DAGs
[2025-03-06T12:54:45.366+0000] {logging_mixin.py:154} INFO - [2025-03-06T12:54:45.366+0000] {dag.py:3722} INFO - Setting next_dagrun for example_short_circuit_operator to 2025-03-05T12:54:45.366160+00:00, run_after=2025-03-06T12:54:45.366160+00:00
[2025-03-06T12:54:45.372+0000] {processor.py:179} INFO - Processing /home/airflow/.local/lib/python3.8/site-packages/airflow/example_dags/example_short_circuit_operator.py took 0.035 seconds
[2025-03-06T12:55:15.870+0000] {processor.py:157} INFO - Started process (PID=16627) to work on /home/airflow/.local/lib/python3.8/site-packages/airflow/example_dags/example_short_circuit_operator.py
[2025-03-06T12:55:15.871+0000] {processor.py:829} INFO - Processing file /home/airflow/.local/lib/python3.8/site-packages/airflow/example_dags/example_short_circuit_operator.py for tasks to queue
[2025-03-06T12:55:15.873+0000] {logging_mixin.py:154} INFO - [2025-03-06T12:55:15.872+0000] {dagbag.py:536} INFO - Filling up the DagBag from /home/airflow/.local/lib/python3.8/site-packages/airflow/example_dags/example_short_circuit_operator.py
[2025-03-06T12:55:15.876+0000] {processor.py:839} INFO - DAG(s) dict_keys(['example_short_circuit_operator']) retrieved from /home/airflow/.local/lib/python3.8/site-packages/airflow/example_dags/example_short_circuit_operator.py
[2025-03-06T12:55:15.886+0000] {logging_mixin.py:154} INFO - [2025-03-06T12:55:15.886+0000] {dag.py:2941} INFO - Sync 1 DAGs
[2025-03-06T12:55:15.896+0000] {logging_mixin.py:154} INFO - [2025-03-06T12:55:15.896+0000] {dag.py:3722} INFO - Setting next_dagrun for example_short_circuit_operator to 2025-03-05T12:55:15.896595+00:00, run_after=2025-03-06T12:55:15.896595+00:00
[2025-03-06T12:55:15.904+0000] {processor.py:179} INFO - Processing /home/airflow/.local/lib/python3.8/site-packages/airflow/example_dags/example_short_circuit_operator.py took 0.036 seconds
[2025-03-06T12:55:46.423+0000] {processor.py:157} INFO - Started process (PID=16683) to work on /home/airflow/.local/lib/python3.8/site-packages/airflow/example_dags/example_short_circuit_operator.py
[2025-03-06T12:55:46.424+0000] {processor.py:829} INFO - Processing file /home/airflow/.local/lib/python3.8/site-packages/airflow/example_dags/example_short_circuit_operator.py for tasks to queue
[2025-03-06T12:55:46.424+0000] {logging_mixin.py:154} INFO - [2025-03-06T12:55:46.424+0000] {dagbag.py:536} INFO - Filling up the DagBag from /home/airflow/.local/lib/python3.8/site-packages/airflow/example_dags/example_short_circuit_operator.py
[2025-03-06T12:55:46.428+0000] {processor.py:839} INFO - DAG(s) dict_keys(['example_short_circuit_operator']) retrieved from /home/airflow/.local/lib/python3.8/site-packages/airflow/example_dags/example_short_circuit_operator.py
[2025-03-06T12:55:46.438+0000] {logging_mixin.py:154} INFO - [2025-03-06T12:55:46.437+0000] {dag.py:2941} INFO - Sync 1 DAGs
[2025-03-06T12:55:46.445+0000] {logging_mixin.py:154} INFO - [2025-03-06T12:55:46.445+0000] {dag.py:3722} INFO - Setting next_dagrun for example_short_circuit_operator to 2025-03-05T12:55:46.445688+00:00, run_after=2025-03-06T12:55:46.445688+00:00
[2025-03-06T12:55:46.455+0000] {processor.py:179} INFO - Processing /home/airflow/.local/lib/python3.8/site-packages/airflow/example_dags/example_short_circuit_operator.py took 0.033 seconds
[2025-03-06T12:56:16.946+0000] {processor.py:157} INFO - Started process (PID=16738) to work on /home/airflow/.local/lib/python3.8/site-packages/airflow/example_dags/example_short_circuit_operator.py
[2025-03-06T12:56:16.947+0000] {processor.py:829} INFO - Processing file /home/airflow/.local/lib/python3.8/site-packages/airflow/example_dags/example_short_circuit_operator.py for tasks to queue
[2025-03-06T12:56:16.947+0000] {logging_mixin.py:154} INFO - [2025-03-06T12:56:16.947+0000] {dagbag.py:536} INFO - Filling up the DagBag from /home/airflow/.local/lib/python3.8/site-packages/airflow/example_dags/example_short_circuit_operator.py
[2025-03-06T12:56:16.951+0000] {processor.py:839} INFO - DAG(s) dict_keys(['example_short_circuit_operator']) retrieved from /home/airflow/.local/lib/python3.8/site-packages/airflow/example_dags/example_short_circuit_operator.py
[2025-03-06T12:56:16.961+0000] {logging_mixin.py:154} INFO - [2025-03-06T12:56:16.961+0000] {dag.py:2941} INFO - Sync 1 DAGs
[2025-03-06T12:56:16.970+0000] {logging_mixin.py:154} INFO - [2025-03-06T12:56:16.970+0000] {dag.py:3722} INFO - Setting next_dagrun for example_short_circuit_operator to 2025-03-05T12:56:16.970106+00:00, run_after=2025-03-06T12:56:16.970106+00:00
[2025-03-06T12:56:16.979+0000] {processor.py:179} INFO - Processing /home/airflow/.local/lib/python3.8/site-packages/airflow/example_dags/example_short_circuit_operator.py took 0.035 seconds
[2025-03-06T12:56:47.514+0000] {processor.py:157} INFO - Started process (PID=16793) to work on /home/airflow/.local/lib/python3.8/site-packages/airflow/example_dags/example_short_circuit_operator.py
[2025-03-06T12:56:47.516+0000] {processor.py:829} INFO - Processing file /home/airflow/.local/lib/python3.8/site-packages/airflow/example_dags/example_short_circuit_operator.py for tasks to queue
[2025-03-06T12:56:47.516+0000] {logging_mixin.py:154} INFO - [2025-03-06T12:56:47.516+0000] {dagbag.py:536} INFO - Filling up the DagBag from /home/airflow/.local/lib/python3.8/site-packages/airflow/example_dags/example_short_circuit_operator.py
[2025-03-06T12:56:47.521+0000] {processor.py:839} INFO - DAG(s) dict_keys(['example_short_circuit_operator']) retrieved from /home/airflow/.local/lib/python3.8/site-packages/airflow/example_dags/example_short_circuit_operator.py
[2025-03-06T12:56:47.535+0000] {logging_mixin.py:154} INFO - [2025-03-06T12:56:47.535+0000] {dag.py:2941} INFO - Sync 1 DAGs
[2025-03-06T12:56:47.545+0000] {logging_mixin.py:154} INFO - [2025-03-06T12:56:47.545+0000] {dag.py:3722} INFO - Setting next_dagrun for example_short_circuit_operator to 2025-03-05T12:56:47.545535+00:00, run_after=2025-03-06T12:56:47.545535+00:00
[2025-03-06T12:56:47.557+0000] {processor.py:179} INFO - Processing /home/airflow/.local/lib/python3.8/site-packages/airflow/example_dags/example_short_circuit_operator.py took 0.044 seconds
[2025-03-06T12:57:18.041+0000] {processor.py:157} INFO - Started process (PID=16848) to work on /home/airflow/.local/lib/python3.8/site-packages/airflow/example_dags/example_short_circuit_operator.py
[2025-03-06T12:57:18.042+0000] {processor.py:829} INFO - Processing file /home/airflow/.local/lib/python3.8/site-packages/airflow/example_dags/example_short_circuit_operator.py for tasks to queue
[2025-03-06T12:57:18.042+0000] {logging_mixin.py:154} INFO - [2025-03-06T12:57:18.042+0000] {dagbag.py:536} INFO - Filling up the DagBag from /home/airflow/.local/lib/python3.8/site-packages/airflow/example_dags/example_short_circuit_operator.py
[2025-03-06T12:57:18.046+0000] {processor.py:839} INFO - DAG(s) dict_keys(['example_short_circuit_operator']) retrieved from /home/airflow/.local/lib/python3.8/site-packages/airflow/example_dags/example_short_circuit_operator.py
[2025-03-06T12:57:18.057+0000] {logging_mixin.py:154} INFO - [2025-03-06T12:57:18.056+0000] {dag.py:2941} INFO - Sync 1 DAGs
[2025-03-06T12:57:18.066+0000] {logging_mixin.py:154} INFO - [2025-03-06T12:57:18.066+0000] {dag.py:3722} INFO - Setting next_dagrun for example_short_circuit_operator to 2025-03-05T12:57:18.066544+00:00, run_after=2025-03-06T12:57:18.066544+00:00
[2025-03-06T12:57:18.074+0000] {processor.py:179} INFO - Processing /home/airflow/.local/lib/python3.8/site-packages/airflow/example_dags/example_short_circuit_operator.py took 0.034 seconds
[2025-03-06T12:57:48.570+0000] {processor.py:157} INFO - Started process (PID=16903) to work on /home/airflow/.local/lib/python3.8/site-packages/airflow/example_dags/example_short_circuit_operator.py
[2025-03-06T12:57:48.571+0000] {processor.py:829} INFO - Processing file /home/airflow/.local/lib/python3.8/site-packages/airflow/example_dags/example_short_circuit_operator.py for tasks to queue
[2025-03-06T12:57:48.574+0000] {logging_mixin.py:154} INFO - [2025-03-06T12:57:48.574+0000] {dagbag.py:536} INFO - Filling up the DagBag from /home/airflow/.local/lib/python3.8/site-packages/airflow/example_dags/example_short_circuit_operator.py
[2025-03-06T12:57:48.578+0000] {processor.py:839} INFO - DAG(s) dict_keys(['example_short_circuit_operator']) retrieved from /home/airflow/.local/lib/python3.8/site-packages/airflow/example_dags/example_short_circuit_operator.py
[2025-03-06T12:57:48.589+0000] {logging_mixin.py:154} INFO - [2025-03-06T12:57:48.588+0000] {dag.py:2941} INFO - Sync 1 DAGs
[2025-03-06T12:57:48.597+0000] {logging_mixin.py:154} INFO - [2025-03-06T12:57:48.597+0000] {dag.py:3722} INFO - Setting next_dagrun for example_short_circuit_operator to 2025-03-05T12:57:48.597261+00:00, run_after=2025-03-06T12:57:48.597261+00:00
[2025-03-06T12:57:48.603+0000] {processor.py:179} INFO - Processing /home/airflow/.local/lib/python3.8/site-packages/airflow/example_dags/example_short_circuit_operator.py took 0.034 seconds
[2025-03-06T12:58:19.076+0000] {processor.py:157} INFO - Started process (PID=16958) to work on /home/airflow/.local/lib/python3.8/site-packages/airflow/example_dags/example_short_circuit_operator.py
[2025-03-06T12:58:19.077+0000] {processor.py:829} INFO - Processing file /home/airflow/.local/lib/python3.8/site-packages/airflow/example_dags/example_short_circuit_operator.py for tasks to queue
[2025-03-06T12:58:19.077+0000] {logging_mixin.py:154} INFO - [2025-03-06T12:58:19.077+0000] {dagbag.py:536} INFO - Filling up the DagBag from /home/airflow/.local/lib/python3.8/site-packages/airflow/example_dags/example_short_circuit_operator.py
[2025-03-06T12:58:19.082+0000] {processor.py:839} INFO - DAG(s) dict_keys(['example_short_circuit_operator']) retrieved from /home/airflow/.local/lib/python3.8/site-packages/airflow/example_dags/example_short_circuit_operator.py
[2025-03-06T12:58:19.092+0000] {logging_mixin.py:154} INFO - [2025-03-06T12:58:19.092+0000] {dag.py:2941} INFO - Sync 1 DAGs
[2025-03-06T12:58:19.101+0000] {logging_mixin.py:154} INFO - [2025-03-06T12:58:19.101+0000] {dag.py:3722} INFO - Setting next_dagrun for example_short_circuit_operator to 2025-03-05T12:58:19.101110+00:00, run_after=2025-03-06T12:58:19.101110+00:00
[2025-03-06T12:58:19.108+0000] {processor.py:179} INFO - Processing /home/airflow/.local/lib/python3.8/site-packages/airflow/example_dags/example_short_circuit_operator.py took 0.033 seconds
[2025-03-06T12:58:49.544+0000] {processor.py:157} INFO - Started process (PID=17013) to work on /home/airflow/.local/lib/python3.8/site-packages/airflow/example_dags/example_short_circuit_operator.py
[2025-03-06T12:58:49.545+0000] {processor.py:829} INFO - Processing file /home/airflow/.local/lib/python3.8/site-packages/airflow/example_dags/example_short_circuit_operator.py for tasks to queue
[2025-03-06T12:58:49.545+0000] {logging_mixin.py:154} INFO - [2025-03-06T12:58:49.545+0000] {dagbag.py:536} INFO - Filling up the DagBag from /home/airflow/.local/lib/python3.8/site-packages/airflow/example_dags/example_short_circuit_operator.py
[2025-03-06T12:58:49.550+0000] {processor.py:839} INFO - DAG(s) dict_keys(['example_short_circuit_operator']) retrieved from /home/airflow/.local/lib/python3.8/site-packages/airflow/example_dags/example_short_circuit_operator.py
[2025-03-06T12:58:49.560+0000] {logging_mixin.py:154} INFO - [2025-03-06T12:58:49.560+0000] {dag.py:2941} INFO - Sync 1 DAGs
[2025-03-06T12:58:49.569+0000] {logging_mixin.py:154} INFO - [2025-03-06T12:58:49.569+0000] {dag.py:3722} INFO - Setting next_dagrun for example_short_circuit_operator to 2025-03-05T12:58:49.569310+00:00, run_after=2025-03-06T12:58:49.569310+00:00
[2025-03-06T12:58:49.579+0000] {processor.py:179} INFO - Processing /home/airflow/.local/lib/python3.8/site-packages/airflow/example_dags/example_short_circuit_operator.py took 0.036 seconds
[2025-03-06T12:59:19.980+0000] {processor.py:157} INFO - Started process (PID=17068) to work on /home/airflow/.local/lib/python3.8/site-packages/airflow/example_dags/example_short_circuit_operator.py
[2025-03-06T12:59:19.981+0000] {processor.py:829} INFO - Processing file /home/airflow/.local/lib/python3.8/site-packages/airflow/example_dags/example_short_circuit_operator.py for tasks to queue
[2025-03-06T12:59:19.981+0000] {logging_mixin.py:154} INFO - [2025-03-06T12:59:19.981+0000] {dagbag.py:536} INFO - Filling up the DagBag from /home/airflow/.local/lib/python3.8/site-packages/airflow/example_dags/example_short_circuit_operator.py
[2025-03-06T12:59:19.986+0000] {processor.py:839} INFO - DAG(s) dict_keys(['example_short_circuit_operator']) retrieved from /home/airflow/.local/lib/python3.8/site-packages/airflow/example_dags/example_short_circuit_operator.py
[2025-03-06T12:59:19.997+0000] {logging_mixin.py:154} INFO - [2025-03-06T12:59:19.997+0000] {dag.py:2941} INFO - Sync 1 DAGs
[2025-03-06T12:59:20.007+0000] {logging_mixin.py:154} INFO - [2025-03-06T12:59:20.007+0000] {dag.py:3722} INFO - Setting next_dagrun for example_short_circuit_operator to 2025-03-05T12:59:20.007516+00:00, run_after=2025-03-06T12:59:20.007516+00:00
[2025-03-06T12:59:20.014+0000] {processor.py:179} INFO - Processing /home/airflow/.local/lib/python3.8/site-packages/airflow/example_dags/example_short_circuit_operator.py took 0.036 seconds
[2025-03-06T12:59:50.507+0000] {processor.py:157} INFO - Started process (PID=17123) to work on /home/airflow/.local/lib/python3.8/site-packages/airflow/example_dags/example_short_circuit_operator.py
[2025-03-06T12:59:50.507+0000] {processor.py:829} INFO - Processing file /home/airflow/.local/lib/python3.8/site-packages/airflow/example_dags/example_short_circuit_operator.py for tasks to queue
[2025-03-06T12:59:50.508+0000] {logging_mixin.py:154} INFO - [2025-03-06T12:59:50.508+0000] {dagbag.py:536} INFO - Filling up the DagBag from /home/airflow/.local/lib/python3.8/site-packages/airflow/example_dags/example_short_circuit_operator.py
[2025-03-06T12:59:50.511+0000] {processor.py:839} INFO - DAG(s) dict_keys(['example_short_circuit_operator']) retrieved from /home/airflow/.local/lib/python3.8/site-packages/airflow/example_dags/example_short_circuit_operator.py
[2025-03-06T12:59:50.521+0000] {logging_mixin.py:154} INFO - [2025-03-06T12:59:50.521+0000] {dag.py:2941} INFO - Sync 1 DAGs
[2025-03-06T12:59:50.531+0000] {logging_mixin.py:154} INFO - [2025-03-06T12:59:50.530+0000] {dag.py:3722} INFO - Setting next_dagrun for example_short_circuit_operator to 2025-03-05T12:59:50.530842+00:00, run_after=2025-03-06T12:59:50.530842+00:00
[2025-03-06T12:59:50.539+0000] {processor.py:179} INFO - Processing /home/airflow/.local/lib/python3.8/site-packages/airflow/example_dags/example_short_circuit_operator.py took 0.034 seconds
[2025-03-06T13:00:21.076+0000] {processor.py:157} INFO - Started process (PID=17178) to work on /home/airflow/.local/lib/python3.8/site-packages/airflow/example_dags/example_short_circuit_operator.py
[2025-03-06T13:00:21.078+0000] {processor.py:829} INFO - Processing file /home/airflow/.local/lib/python3.8/site-packages/airflow/example_dags/example_short_circuit_operator.py for tasks to queue
[2025-03-06T13:00:21.078+0000] {logging_mixin.py:154} INFO - [2025-03-06T13:00:21.078+0000] {dagbag.py:536} INFO - Filling up the DagBag from /home/airflow/.local/lib/python3.8/site-packages/airflow/example_dags/example_short_circuit_operator.py
[2025-03-06T13:00:21.083+0000] {processor.py:839} INFO - DAG(s) dict_keys(['example_short_circuit_operator']) retrieved from /home/airflow/.local/lib/python3.8/site-packages/airflow/example_dags/example_short_circuit_operator.py
[2025-03-06T13:00:21.095+0000] {logging_mixin.py:154} INFO - [2025-03-06T13:00:21.095+0000] {dag.py:2941} INFO - Sync 1 DAGs
[2025-03-06T13:00:21.107+0000] {logging_mixin.py:154} INFO - [2025-03-06T13:00:21.107+0000] {dag.py:3722} INFO - Setting next_dagrun for example_short_circuit_operator to 2025-03-05T13:00:21.107166+00:00, run_after=2025-03-06T13:00:21.107166+00:00
[2025-03-06T13:00:21.119+0000] {processor.py:179} INFO - Processing /home/airflow/.local/lib/python3.8/site-packages/airflow/example_dags/example_short_circuit_operator.py took 0.045 seconds
[2025-03-06T13:00:51.640+0000] {processor.py:157} INFO - Started process (PID=17234) to work on /home/airflow/.local/lib/python3.8/site-packages/airflow/example_dags/example_short_circuit_operator.py
[2025-03-06T13:00:51.641+0000] {processor.py:829} INFO - Processing file /home/airflow/.local/lib/python3.8/site-packages/airflow/example_dags/example_short_circuit_operator.py for tasks to queue
[2025-03-06T13:00:51.643+0000] {logging_mixin.py:154} INFO - [2025-03-06T13:00:51.642+0000] {dagbag.py:536} INFO - Filling up the DagBag from /home/airflow/.local/lib/python3.8/site-packages/airflow/example_dags/example_short_circuit_operator.py
[2025-03-06T13:00:51.646+0000] {processor.py:839} INFO - DAG(s) dict_keys(['example_short_circuit_operator']) retrieved from /home/airflow/.local/lib/python3.8/site-packages/airflow/example_dags/example_short_circuit_operator.py
[2025-03-06T13:00:51.657+0000] {logging_mixin.py:154} INFO - [2025-03-06T13:00:51.657+0000] {dag.py:2941} INFO - Sync 1 DAGs
[2025-03-06T13:00:51.666+0000] {logging_mixin.py:154} INFO - [2025-03-06T13:00:51.666+0000] {dag.py:3722} INFO - Setting next_dagrun for example_short_circuit_operator to 2025-03-05T13:00:51.666419+00:00, run_after=2025-03-06T13:00:51.666419+00:00
[2025-03-06T13:00:51.672+0000] {processor.py:179} INFO - Processing /home/airflow/.local/lib/python3.8/site-packages/airflow/example_dags/example_short_circuit_operator.py took 0.034 seconds
[2025-03-06T13:01:22.212+0000] {processor.py:157} INFO - Started process (PID=17290) to work on /home/airflow/.local/lib/python3.8/site-packages/airflow/example_dags/example_short_circuit_operator.py
[2025-03-06T13:01:22.212+0000] {processor.py:829} INFO - Processing file /home/airflow/.local/lib/python3.8/site-packages/airflow/example_dags/example_short_circuit_operator.py for tasks to queue
[2025-03-06T13:01:22.212+0000] {logging_mixin.py:154} INFO - [2025-03-06T13:01:22.212+0000] {dagbag.py:536} INFO - Filling up the DagBag from /home/airflow/.local/lib/python3.8/site-packages/airflow/example_dags/example_short_circuit_operator.py
[2025-03-06T13:01:22.217+0000] {processor.py:839} INFO - DAG(s) dict_keys(['example_short_circuit_operator']) retrieved from /home/airflow/.local/lib/python3.8/site-packages/airflow/example_dags/example_short_circuit_operator.py
[2025-03-06T13:01:22.227+0000] {logging_mixin.py:154} INFO - [2025-03-06T13:01:22.226+0000] {dag.py:2941} INFO - Sync 1 DAGs
[2025-03-06T13:01:22.235+0000] {logging_mixin.py:154} INFO - [2025-03-06T13:01:22.235+0000] {dag.py:3722} INFO - Setting next_dagrun for example_short_circuit_operator to 2025-03-05T13:01:22.235802+00:00, run_after=2025-03-06T13:01:22.235802+00:00
[2025-03-06T13:01:22.246+0000] {processor.py:179} INFO - Processing /home/airflow/.local/lib/python3.8/site-packages/airflow/example_dags/example_short_circuit_operator.py took 0.036 seconds
[2025-03-06T13:01:52.699+0000] {processor.py:157} INFO - Started process (PID=17346) to work on /home/airflow/.local/lib/python3.8/site-packages/airflow/example_dags/example_short_circuit_operator.py
[2025-03-06T13:01:52.700+0000] {processor.py:829} INFO - Processing file /home/airflow/.local/lib/python3.8/site-packages/airflow/example_dags/example_short_circuit_operator.py for tasks to queue
[2025-03-06T13:01:52.700+0000] {logging_mixin.py:154} INFO - [2025-03-06T13:01:52.700+0000] {dagbag.py:536} INFO - Filling up the DagBag from /home/airflow/.local/lib/python3.8/site-packages/airflow/example_dags/example_short_circuit_operator.py
[2025-03-06T13:01:52.704+0000] {processor.py:839} INFO - DAG(s) dict_keys(['example_short_circuit_operator']) retrieved from /home/airflow/.local/lib/python3.8/site-packages/airflow/example_dags/example_short_circuit_operator.py
[2025-03-06T13:01:52.715+0000] {logging_mixin.py:154} INFO - [2025-03-06T13:01:52.714+0000] {dag.py:2941} INFO - Sync 1 DAGs
[2025-03-06T13:01:52.724+0000] {logging_mixin.py:154} INFO - [2025-03-06T13:01:52.724+0000] {dag.py:3722} INFO - Setting next_dagrun for example_short_circuit_operator to 2025-03-05T13:01:52.724229+00:00, run_after=2025-03-06T13:01:52.724229+00:00
[2025-03-06T13:01:52.733+0000] {processor.py:179} INFO - Processing /home/airflow/.local/lib/python3.8/site-packages/airflow/example_dags/example_short_circuit_operator.py took 0.035 seconds
[2025-03-06T13:02:23.239+0000] {processor.py:157} INFO - Started process (PID=17402) to work on /home/airflow/.local/lib/python3.8/site-packages/airflow/example_dags/example_short_circuit_operator.py
[2025-03-06T13:02:23.239+0000] {processor.py:829} INFO - Processing file /home/airflow/.local/lib/python3.8/site-packages/airflow/example_dags/example_short_circuit_operator.py for tasks to queue
[2025-03-06T13:02:23.240+0000] {logging_mixin.py:154} INFO - [2025-03-06T13:02:23.240+0000] {dagbag.py:536} INFO - Filling up the DagBag from /home/airflow/.local/lib/python3.8/site-packages/airflow/example_dags/example_short_circuit_operator.py
[2025-03-06T13:02:23.244+0000] {processor.py:839} INFO - DAG(s) dict_keys(['example_short_circuit_operator']) retrieved from /home/airflow/.local/lib/python3.8/site-packages/airflow/example_dags/example_short_circuit_operator.py
[2025-03-06T13:02:23.255+0000] {logging_mixin.py:154} INFO - [2025-03-06T13:02:23.255+0000] {dag.py:2941} INFO - Sync 1 DAGs
[2025-03-06T13:02:23.264+0000] {logging_mixin.py:154} INFO - [2025-03-06T13:02:23.264+0000] {dag.py:3722} INFO - Setting next_dagrun for example_short_circuit_operator to 2025-03-05T13:02:23.264090+00:00, run_after=2025-03-06T13:02:23.264090+00:00
[2025-03-06T13:02:23.271+0000] {processor.py:179} INFO - Processing /home/airflow/.local/lib/python3.8/site-packages/airflow/example_dags/example_short_circuit_operator.py took 0.033 seconds
[2025-03-06T13:02:53.815+0000] {processor.py:157} INFO - Started process (PID=17458) to work on /home/airflow/.local/lib/python3.8/site-packages/airflow/example_dags/example_short_circuit_operator.py
[2025-03-06T13:02:53.815+0000] {processor.py:829} INFO - Processing file /home/airflow/.local/lib/python3.8/site-packages/airflow/example_dags/example_short_circuit_operator.py for tasks to queue
[2025-03-06T13:02:53.816+0000] {logging_mixin.py:154} INFO - [2025-03-06T13:02:53.816+0000] {dagbag.py:536} INFO - Filling up the DagBag from /home/airflow/.local/lib/python3.8/site-packages/airflow/example_dags/example_short_circuit_operator.py
[2025-03-06T13:02:53.820+0000] {processor.py:839} INFO - DAG(s) dict_keys(['example_short_circuit_operator']) retrieved from /home/airflow/.local/lib/python3.8/site-packages/airflow/example_dags/example_short_circuit_operator.py
[2025-03-06T13:02:53.830+0000] {logging_mixin.py:154} INFO - [2025-03-06T13:02:53.830+0000] {dag.py:2941} INFO - Sync 1 DAGs
[2025-03-06T13:02:53.840+0000] {logging_mixin.py:154} INFO - [2025-03-06T13:02:53.840+0000] {dag.py:3722} INFO - Setting next_dagrun for example_short_circuit_operator to 2025-03-05T13:02:53.840364+00:00, run_after=2025-03-06T13:02:53.840364+00:00
[2025-03-06T13:02:53.855+0000] {processor.py:179} INFO - Processing /home/airflow/.local/lib/python3.8/site-packages/airflow/example_dags/example_short_circuit_operator.py took 0.042 seconds
[2025-03-06T13:03:24.459+0000] {processor.py:157} INFO - Started process (PID=17514) to work on /home/airflow/.local/lib/python3.8/site-packages/airflow/example_dags/example_short_circuit_operator.py
[2025-03-06T13:03:24.459+0000] {processor.py:829} INFO - Processing file /home/airflow/.local/lib/python3.8/site-packages/airflow/example_dags/example_short_circuit_operator.py for tasks to queue
[2025-03-06T13:03:24.460+0000] {logging_mixin.py:154} INFO - [2025-03-06T13:03:24.459+0000] {dagbag.py:536} INFO - Filling up the DagBag from /home/airflow/.local/lib/python3.8/site-packages/airflow/example_dags/example_short_circuit_operator.py
[2025-03-06T13:03:24.464+0000] {processor.py:839} INFO - DAG(s) dict_keys(['example_short_circuit_operator']) retrieved from /home/airflow/.local/lib/python3.8/site-packages/airflow/example_dags/example_short_circuit_operator.py
[2025-03-06T13:03:24.474+0000] {logging_mixin.py:154} INFO - [2025-03-06T13:03:24.474+0000] {dag.py:2941} INFO - Sync 1 DAGs
[2025-03-06T13:03:24.484+0000] {logging_mixin.py:154} INFO - [2025-03-06T13:03:24.484+0000] {dag.py:3722} INFO - Setting next_dagrun for example_short_circuit_operator to 2025-03-05T13:03:24.484014+00:00, run_after=2025-03-06T13:03:24.484014+00:00
[2025-03-06T13:03:24.492+0000] {processor.py:179} INFO - Processing /home/airflow/.local/lib/python3.8/site-packages/airflow/example_dags/example_short_circuit_operator.py took 0.035 seconds
[2025-03-06T13:04:53.369+0000] {processor.py:157} INFO - Started process (PID=17570) to work on /home/airflow/.local/lib/python3.8/site-packages/airflow/example_dags/example_short_circuit_operator.py
[2025-03-06T13:04:53.371+0000] {processor.py:829} INFO - Processing file /home/airflow/.local/lib/python3.8/site-packages/airflow/example_dags/example_short_circuit_operator.py for tasks to queue
[2025-03-06T13:04:53.372+0000] {logging_mixin.py:154} INFO - [2025-03-06T13:04:53.372+0000] {dagbag.py:536} INFO - Filling up the DagBag from /home/airflow/.local/lib/python3.8/site-packages/airflow/example_dags/example_short_circuit_operator.py
[2025-03-06T13:04:53.377+0000] {processor.py:839} INFO - DAG(s) dict_keys(['example_short_circuit_operator']) retrieved from /home/airflow/.local/lib/python3.8/site-packages/airflow/example_dags/example_short_circuit_operator.py
[2025-03-06T13:04:53.393+0000] {logging_mixin.py:154} INFO - [2025-03-06T13:04:53.392+0000] {dag.py:2941} INFO - Sync 1 DAGs
[2025-03-06T13:04:53.405+0000] {logging_mixin.py:154} INFO - [2025-03-06T13:04:53.404+0000] {dag.py:3722} INFO - Setting next_dagrun for example_short_circuit_operator to 2025-03-05T13:04:53.404851+00:00, run_after=2025-03-06T13:04:53.404851+00:00
[2025-03-06T13:04:53.413+0000] {processor.py:179} INFO - Processing /home/airflow/.local/lib/python3.8/site-packages/airflow/example_dags/example_short_circuit_operator.py took 0.045 seconds
[2025-03-06T13:05:23.957+0000] {processor.py:157} INFO - Started process (PID=17626) to work on /home/airflow/.local/lib/python3.8/site-packages/airflow/example_dags/example_short_circuit_operator.py
[2025-03-06T13:05:23.958+0000] {processor.py:829} INFO - Processing file /home/airflow/.local/lib/python3.8/site-packages/airflow/example_dags/example_short_circuit_operator.py for tasks to queue
[2025-03-06T13:05:23.958+0000] {logging_mixin.py:154} INFO - [2025-03-06T13:05:23.958+0000] {dagbag.py:536} INFO - Filling up the DagBag from /home/airflow/.local/lib/python3.8/site-packages/airflow/example_dags/example_short_circuit_operator.py
[2025-03-06T13:05:23.962+0000] {processor.py:839} INFO - DAG(s) dict_keys(['example_short_circuit_operator']) retrieved from /home/airflow/.local/lib/python3.8/site-packages/airflow/example_dags/example_short_circuit_operator.py
[2025-03-06T13:05:23.976+0000] {logging_mixin.py:154} INFO - [2025-03-06T13:05:23.976+0000] {dag.py:2941} INFO - Sync 1 DAGs
[2025-03-06T13:05:23.985+0000] {logging_mixin.py:154} INFO - [2025-03-06T13:05:23.985+0000] {dag.py:3722} INFO - Setting next_dagrun for example_short_circuit_operator to 2025-03-05T13:05:23.985075+00:00, run_after=2025-03-06T13:05:23.985075+00:00
[2025-03-06T13:05:23.996+0000] {processor.py:179} INFO - Processing /home/airflow/.local/lib/python3.8/site-packages/airflow/example_dags/example_short_circuit_operator.py took 0.041 seconds
[2025-03-06T13:05:54.529+0000] {processor.py:157} INFO - Started process (PID=17682) to work on /home/airflow/.local/lib/python3.8/site-packages/airflow/example_dags/example_short_circuit_operator.py
[2025-03-06T13:05:54.529+0000] {processor.py:829} INFO - Processing file /home/airflow/.local/lib/python3.8/site-packages/airflow/example_dags/example_short_circuit_operator.py for tasks to queue
[2025-03-06T13:05:54.531+0000] {logging_mixin.py:154} INFO - [2025-03-06T13:05:54.531+0000] {dagbag.py:536} INFO - Filling up the DagBag from /home/airflow/.local/lib/python3.8/site-packages/airflow/example_dags/example_short_circuit_operator.py
[2025-03-06T13:05:54.537+0000] {processor.py:839} INFO - DAG(s) dict_keys(['example_short_circuit_operator']) retrieved from /home/airflow/.local/lib/python3.8/site-packages/airflow/example_dags/example_short_circuit_operator.py
[2025-03-06T13:05:54.552+0000] {logging_mixin.py:154} INFO - [2025-03-06T13:05:54.551+0000] {dag.py:2941} INFO - Sync 1 DAGs
[2025-03-06T13:05:54.566+0000] {logging_mixin.py:154} INFO - [2025-03-06T13:05:54.566+0000] {dag.py:3722} INFO - Setting next_dagrun for example_short_circuit_operator to 2025-03-05T13:05:54.566157+00:00, run_after=2025-03-06T13:05:54.566157+00:00
[2025-03-06T13:05:54.576+0000] {processor.py:179} INFO - Processing /home/airflow/.local/lib/python3.8/site-packages/airflow/example_dags/example_short_circuit_operator.py took 0.049 seconds
[2025-03-06T13:06:25.041+0000] {processor.py:157} INFO - Started process (PID=17738) to work on /home/airflow/.local/lib/python3.8/site-packages/airflow/example_dags/example_short_circuit_operator.py
[2025-03-06T13:06:25.041+0000] {processor.py:829} INFO - Processing file /home/airflow/.local/lib/python3.8/site-packages/airflow/example_dags/example_short_circuit_operator.py for tasks to queue
[2025-03-06T13:06:25.042+0000] {logging_mixin.py:154} INFO - [2025-03-06T13:06:25.042+0000] {dagbag.py:536} INFO - Filling up the DagBag from /home/airflow/.local/lib/python3.8/site-packages/airflow/example_dags/example_short_circuit_operator.py
[2025-03-06T13:06:25.046+0000] {processor.py:839} INFO - DAG(s) dict_keys(['example_short_circuit_operator']) retrieved from /home/airflow/.local/lib/python3.8/site-packages/airflow/example_dags/example_short_circuit_operator.py
[2025-03-06T13:06:25.056+0000] {logging_mixin.py:154} INFO - [2025-03-06T13:06:25.055+0000] {dag.py:2941} INFO - Sync 1 DAGs
[2025-03-06T13:06:25.064+0000] {logging_mixin.py:154} INFO - [2025-03-06T13:06:25.064+0000] {dag.py:3722} INFO - Setting next_dagrun for example_short_circuit_operator to 2025-03-05T13:06:25.064295+00:00, run_after=2025-03-06T13:06:25.064295+00:00
[2025-03-06T13:06:25.073+0000] {processor.py:179} INFO - Processing /home/airflow/.local/lib/python3.8/site-packages/airflow/example_dags/example_short_circuit_operator.py took 0.034 seconds
[2025-03-06T13:06:55.549+0000] {processor.py:157} INFO - Started process (PID=17794) to work on /home/airflow/.local/lib/python3.8/site-packages/airflow/example_dags/example_short_circuit_operator.py
[2025-03-06T13:06:55.550+0000] {processor.py:829} INFO - Processing file /home/airflow/.local/lib/python3.8/site-packages/airflow/example_dags/example_short_circuit_operator.py for tasks to queue
[2025-03-06T13:06:55.550+0000] {logging_mixin.py:154} INFO - [2025-03-06T13:06:55.550+0000] {dagbag.py:536} INFO - Filling up the DagBag from /home/airflow/.local/lib/python3.8/site-packages/airflow/example_dags/example_short_circuit_operator.py
[2025-03-06T13:06:55.554+0000] {processor.py:839} INFO - DAG(s) dict_keys(['example_short_circuit_operator']) retrieved from /home/airflow/.local/lib/python3.8/site-packages/airflow/example_dags/example_short_circuit_operator.py
[2025-03-06T13:06:55.568+0000] {logging_mixin.py:154} INFO - [2025-03-06T13:06:55.567+0000] {dag.py:2941} INFO - Sync 1 DAGs
[2025-03-06T13:06:55.576+0000] {logging_mixin.py:154} INFO - [2025-03-06T13:06:55.576+0000] {dag.py:3722} INFO - Setting next_dagrun for example_short_circuit_operator to 2025-03-05T13:06:55.576188+00:00, run_after=2025-03-06T13:06:55.576188+00:00
[2025-03-06T13:06:55.586+0000] {processor.py:179} INFO - Processing /home/airflow/.local/lib/python3.8/site-packages/airflow/example_dags/example_short_circuit_operator.py took 0.038 seconds
[2025-03-06T13:07:26.109+0000] {processor.py:157} INFO - Started process (PID=17850) to work on /home/airflow/.local/lib/python3.8/site-packages/airflow/example_dags/example_short_circuit_operator.py
[2025-03-06T13:07:26.109+0000] {processor.py:829} INFO - Processing file /home/airflow/.local/lib/python3.8/site-packages/airflow/example_dags/example_short_circuit_operator.py for tasks to queue
[2025-03-06T13:07:26.109+0000] {logging_mixin.py:154} INFO - [2025-03-06T13:07:26.109+0000] {dagbag.py:536} INFO - Filling up the DagBag from /home/airflow/.local/lib/python3.8/site-packages/airflow/example_dags/example_short_circuit_operator.py
[2025-03-06T13:07:26.113+0000] {processor.py:839} INFO - DAG(s) dict_keys(['example_short_circuit_operator']) retrieved from /home/airflow/.local/lib/python3.8/site-packages/airflow/example_dags/example_short_circuit_operator.py
[2025-03-06T13:07:26.124+0000] {logging_mixin.py:154} INFO - [2025-03-06T13:07:26.124+0000] {dag.py:2941} INFO - Sync 1 DAGs
[2025-03-06T13:07:26.135+0000] {logging_mixin.py:154} INFO - [2025-03-06T13:07:26.135+0000] {dag.py:3722} INFO - Setting next_dagrun for example_short_circuit_operator to 2025-03-05T13:07:26.135273+00:00, run_after=2025-03-06T13:07:26.135273+00:00
[2025-03-06T13:07:26.142+0000] {processor.py:179} INFO - Processing /home/airflow/.local/lib/python3.8/site-packages/airflow/example_dags/example_short_circuit_operator.py took 0.035 seconds
[2025-03-06T13:07:56.578+0000] {processor.py:157} INFO - Started process (PID=17906) to work on /home/airflow/.local/lib/python3.8/site-packages/airflow/example_dags/example_short_circuit_operator.py
[2025-03-06T13:07:56.578+0000] {processor.py:829} INFO - Processing file /home/airflow/.local/lib/python3.8/site-packages/airflow/example_dags/example_short_circuit_operator.py for tasks to queue
[2025-03-06T13:07:56.579+0000] {logging_mixin.py:154} INFO - [2025-03-06T13:07:56.578+0000] {dagbag.py:536} INFO - Filling up the DagBag from /home/airflow/.local/lib/python3.8/site-packages/airflow/example_dags/example_short_circuit_operator.py
[2025-03-06T13:07:56.582+0000] {processor.py:839} INFO - DAG(s) dict_keys(['example_short_circuit_operator']) retrieved from /home/airflow/.local/lib/python3.8/site-packages/airflow/example_dags/example_short_circuit_operator.py
[2025-03-06T13:07:56.595+0000] {logging_mixin.py:154} INFO - [2025-03-06T13:07:56.595+0000] {dag.py:2941} INFO - Sync 1 DAGs
[2025-03-06T13:07:56.604+0000] {logging_mixin.py:154} INFO - [2025-03-06T13:07:56.604+0000] {dag.py:3722} INFO - Setting next_dagrun for example_short_circuit_operator to 2025-03-05T13:07:56.604708+00:00, run_after=2025-03-06T13:07:56.604708+00:00
[2025-03-06T13:07:56.612+0000] {processor.py:179} INFO - Processing /home/airflow/.local/lib/python3.8/site-packages/airflow/example_dags/example_short_circuit_operator.py took 0.036 seconds
[2025-03-06T13:08:27.064+0000] {processor.py:157} INFO - Started process (PID=17962) to work on /home/airflow/.local/lib/python3.8/site-packages/airflow/example_dags/example_short_circuit_operator.py
[2025-03-06T13:08:27.065+0000] {processor.py:829} INFO - Processing file /home/airflow/.local/lib/python3.8/site-packages/airflow/example_dags/example_short_circuit_operator.py for tasks to queue
[2025-03-06T13:08:27.065+0000] {logging_mixin.py:154} INFO - [2025-03-06T13:08:27.065+0000] {dagbag.py:536} INFO - Filling up the DagBag from /home/airflow/.local/lib/python3.8/site-packages/airflow/example_dags/example_short_circuit_operator.py
[2025-03-06T13:08:27.069+0000] {processor.py:839} INFO - DAG(s) dict_keys(['example_short_circuit_operator']) retrieved from /home/airflow/.local/lib/python3.8/site-packages/airflow/example_dags/example_short_circuit_operator.py
[2025-03-06T13:08:27.078+0000] {logging_mixin.py:154} INFO - [2025-03-06T13:08:27.078+0000] {dag.py:2941} INFO - Sync 1 DAGs
[2025-03-06T13:08:27.089+0000] {logging_mixin.py:154} INFO - [2025-03-06T13:08:27.089+0000] {dag.py:3722} INFO - Setting next_dagrun for example_short_circuit_operator to 2025-03-05T13:08:27.089343+00:00, run_after=2025-03-06T13:08:27.089343+00:00
[2025-03-06T13:08:27.098+0000] {processor.py:179} INFO - Processing /home/airflow/.local/lib/python3.8/site-packages/airflow/example_dags/example_short_circuit_operator.py took 0.035 seconds
[2025-03-06T13:08:57.623+0000] {processor.py:157} INFO - Started process (PID=18018) to work on /home/airflow/.local/lib/python3.8/site-packages/airflow/example_dags/example_short_circuit_operator.py
[2025-03-06T13:08:57.624+0000] {processor.py:829} INFO - Processing file /home/airflow/.local/lib/python3.8/site-packages/airflow/example_dags/example_short_circuit_operator.py for tasks to queue
[2025-03-06T13:08:57.624+0000] {logging_mixin.py:154} INFO - [2025-03-06T13:08:57.624+0000] {dagbag.py:536} INFO - Filling up the DagBag from /home/airflow/.local/lib/python3.8/site-packages/airflow/example_dags/example_short_circuit_operator.py
[2025-03-06T13:08:57.629+0000] {processor.py:839} INFO - DAG(s) dict_keys(['example_short_circuit_operator']) retrieved from /home/airflow/.local/lib/python3.8/site-packages/airflow/example_dags/example_short_circuit_operator.py
[2025-03-06T13:08:57.640+0000] {logging_mixin.py:154} INFO - [2025-03-06T13:08:57.639+0000] {dag.py:2941} INFO - Sync 1 DAGs
[2025-03-06T13:08:57.649+0000] {logging_mixin.py:154} INFO - [2025-03-06T13:08:57.649+0000] {dag.py:3722} INFO - Setting next_dagrun for example_short_circuit_operator to 2025-03-05T13:08:57.649275+00:00, run_after=2025-03-06T13:08:57.649275+00:00
[2025-03-06T13:08:57.663+0000] {processor.py:179} INFO - Processing /home/airflow/.local/lib/python3.8/site-packages/airflow/example_dags/example_short_circuit_operator.py took 0.041 seconds
[2025-03-06T13:09:28.115+0000] {processor.py:157} INFO - Started process (PID=18074) to work on /home/airflow/.local/lib/python3.8/site-packages/airflow/example_dags/example_short_circuit_operator.py
[2025-03-06T13:09:28.117+0000] {processor.py:829} INFO - Processing file /home/airflow/.local/lib/python3.8/site-packages/airflow/example_dags/example_short_circuit_operator.py for tasks to queue
[2025-03-06T13:09:28.120+0000] {logging_mixin.py:154} INFO - [2025-03-06T13:09:28.119+0000] {dagbag.py:536} INFO - Filling up the DagBag from /home/airflow/.local/lib/python3.8/site-packages/airflow/example_dags/example_short_circuit_operator.py
[2025-03-06T13:09:28.124+0000] {processor.py:839} INFO - DAG(s) dict_keys(['example_short_circuit_operator']) retrieved from /home/airflow/.local/lib/python3.8/site-packages/airflow/example_dags/example_short_circuit_operator.py
[2025-03-06T13:09:28.133+0000] {logging_mixin.py:154} INFO - [2025-03-06T13:09:28.133+0000] {dag.py:2941} INFO - Sync 1 DAGs
[2025-03-06T13:09:28.142+0000] {logging_mixin.py:154} INFO - [2025-03-06T13:09:28.142+0000] {dag.py:3722} INFO - Setting next_dagrun for example_short_circuit_operator to 2025-03-05T13:09:28.142210+00:00, run_after=2025-03-06T13:09:28.142210+00:00
[2025-03-06T13:09:28.148+0000] {processor.py:179} INFO - Processing /home/airflow/.local/lib/python3.8/site-packages/airflow/example_dags/example_short_circuit_operator.py took 0.034 seconds
[2025-03-06T13:09:58.746+0000] {processor.py:157} INFO - Started process (PID=18130) to work on /home/airflow/.local/lib/python3.8/site-packages/airflow/example_dags/example_short_circuit_operator.py
[2025-03-06T13:09:58.747+0000] {processor.py:829} INFO - Processing file /home/airflow/.local/lib/python3.8/site-packages/airflow/example_dags/example_short_circuit_operator.py for tasks to queue
[2025-03-06T13:09:58.748+0000] {logging_mixin.py:154} INFO - [2025-03-06T13:09:58.748+0000] {dagbag.py:536} INFO - Filling up the DagBag from /home/airflow/.local/lib/python3.8/site-packages/airflow/example_dags/example_short_circuit_operator.py
[2025-03-06T13:09:58.754+0000] {processor.py:839} INFO - DAG(s) dict_keys(['example_short_circuit_operator']) retrieved from /home/airflow/.local/lib/python3.8/site-packages/airflow/example_dags/example_short_circuit_operator.py
[2025-03-06T13:09:58.770+0000] {logging_mixin.py:154} INFO - [2025-03-06T13:09:58.770+0000] {dag.py:2941} INFO - Sync 1 DAGs
[2025-03-06T13:09:58.783+0000] {logging_mixin.py:154} INFO - [2025-03-06T13:09:58.783+0000] {dag.py:3722} INFO - Setting next_dagrun for example_short_circuit_operator to 2025-03-05T13:09:58.783008+00:00, run_after=2025-03-06T13:09:58.783008+00:00
[2025-03-06T13:09:58.795+0000] {processor.py:179} INFO - Processing /home/airflow/.local/lib/python3.8/site-packages/airflow/example_dags/example_short_circuit_operator.py took 0.050 seconds
[2025-03-06T13:10:29.276+0000] {processor.py:157} INFO - Started process (PID=18186) to work on /home/airflow/.local/lib/python3.8/site-packages/airflow/example_dags/example_short_circuit_operator.py
[2025-03-06T13:10:29.276+0000] {processor.py:829} INFO - Processing file /home/airflow/.local/lib/python3.8/site-packages/airflow/example_dags/example_short_circuit_operator.py for tasks to queue
[2025-03-06T13:10:29.276+0000] {logging_mixin.py:154} INFO - [2025-03-06T13:10:29.276+0000] {dagbag.py:536} INFO - Filling up the DagBag from /home/airflow/.local/lib/python3.8/site-packages/airflow/example_dags/example_short_circuit_operator.py
[2025-03-06T13:10:29.280+0000] {processor.py:839} INFO - DAG(s) dict_keys(['example_short_circuit_operator']) retrieved from /home/airflow/.local/lib/python3.8/site-packages/airflow/example_dags/example_short_circuit_operator.py
[2025-03-06T13:10:29.294+0000] {logging_mixin.py:154} INFO - [2025-03-06T13:10:29.294+0000] {dag.py:2941} INFO - Sync 1 DAGs
[2025-03-06T13:10:29.303+0000] {logging_mixin.py:154} INFO - [2025-03-06T13:10:29.303+0000] {dag.py:3722} INFO - Setting next_dagrun for example_short_circuit_operator to 2025-03-05T13:10:29.303785+00:00, run_after=2025-03-06T13:10:29.303785+00:00
[2025-03-06T13:10:29.314+0000] {processor.py:179} INFO - Processing /home/airflow/.local/lib/python3.8/site-packages/airflow/example_dags/example_short_circuit_operator.py took 0.040 seconds
[2025-03-06T13:10:59.802+0000] {processor.py:157} INFO - Started process (PID=18242) to work on /home/airflow/.local/lib/python3.8/site-packages/airflow/example_dags/example_short_circuit_operator.py
[2025-03-06T13:10:59.802+0000] {processor.py:829} INFO - Processing file /home/airflow/.local/lib/python3.8/site-packages/airflow/example_dags/example_short_circuit_operator.py for tasks to queue
[2025-03-06T13:10:59.803+0000] {logging_mixin.py:154} INFO - [2025-03-06T13:10:59.802+0000] {dagbag.py:536} INFO - Filling up the DagBag from /home/airflow/.local/lib/python3.8/site-packages/airflow/example_dags/example_short_circuit_operator.py
[2025-03-06T13:10:59.807+0000] {processor.py:839} INFO - DAG(s) dict_keys(['example_short_circuit_operator']) retrieved from /home/airflow/.local/lib/python3.8/site-packages/airflow/example_dags/example_short_circuit_operator.py
[2025-03-06T13:10:59.816+0000] {logging_mixin.py:154} INFO - [2025-03-06T13:10:59.816+0000] {dag.py:2941} INFO - Sync 1 DAGs
[2025-03-06T13:10:59.828+0000] {logging_mixin.py:154} INFO - [2025-03-06T13:10:59.828+0000] {dag.py:3722} INFO - Setting next_dagrun for example_short_circuit_operator to 2025-03-05T13:10:59.828363+00:00, run_after=2025-03-06T13:10:59.828363+00:00
[2025-03-06T13:10:59.836+0000] {processor.py:179} INFO - Processing /home/airflow/.local/lib/python3.8/site-packages/airflow/example_dags/example_short_circuit_operator.py took 0.035 seconds
[2025-03-06T13:11:30.379+0000] {processor.py:157} INFO - Started process (PID=18298) to work on /home/airflow/.local/lib/python3.8/site-packages/airflow/example_dags/example_short_circuit_operator.py
[2025-03-06T13:11:30.380+0000] {processor.py:829} INFO - Processing file /home/airflow/.local/lib/python3.8/site-packages/airflow/example_dags/example_short_circuit_operator.py for tasks to queue
[2025-03-06T13:11:30.380+0000] {logging_mixin.py:154} INFO - [2025-03-06T13:11:30.380+0000] {dagbag.py:536} INFO - Filling up the DagBag from /home/airflow/.local/lib/python3.8/site-packages/airflow/example_dags/example_short_circuit_operator.py
[2025-03-06T13:11:30.384+0000] {processor.py:839} INFO - DAG(s) dict_keys(['example_short_circuit_operator']) retrieved from /home/airflow/.local/lib/python3.8/site-packages/airflow/example_dags/example_short_circuit_operator.py
[2025-03-06T13:11:30.395+0000] {logging_mixin.py:154} INFO - [2025-03-06T13:11:30.395+0000] {dag.py:2941} INFO - Sync 1 DAGs
[2025-03-06T13:11:30.404+0000] {logging_mixin.py:154} INFO - [2025-03-06T13:11:30.403+0000] {dag.py:3722} INFO - Setting next_dagrun for example_short_circuit_operator to 2025-03-05T13:11:30.403877+00:00, run_after=2025-03-06T13:11:30.403877+00:00
[2025-03-06T13:11:30.412+0000] {processor.py:179} INFO - Processing /home/airflow/.local/lib/python3.8/site-packages/airflow/example_dags/example_short_circuit_operator.py took 0.035 seconds
[2025-03-06T13:12:00.867+0000] {processor.py:157} INFO - Started process (PID=18354) to work on /home/airflow/.local/lib/python3.8/site-packages/airflow/example_dags/example_short_circuit_operator.py
[2025-03-06T13:12:00.867+0000] {processor.py:829} INFO - Processing file /home/airflow/.local/lib/python3.8/site-packages/airflow/example_dags/example_short_circuit_operator.py for tasks to queue
[2025-03-06T13:12:00.867+0000] {logging_mixin.py:154} INFO - [2025-03-06T13:12:00.867+0000] {dagbag.py:536} INFO - Filling up the DagBag from /home/airflow/.local/lib/python3.8/site-packages/airflow/example_dags/example_short_circuit_operator.py
[2025-03-06T13:12:00.871+0000] {processor.py:839} INFO - DAG(s) dict_keys(['example_short_circuit_operator']) retrieved from /home/airflow/.local/lib/python3.8/site-packages/airflow/example_dags/example_short_circuit_operator.py
[2025-03-06T13:12:00.881+0000] {logging_mixin.py:154} INFO - [2025-03-06T13:12:00.881+0000] {dag.py:2941} INFO - Sync 1 DAGs
[2025-03-06T13:12:00.890+0000] {logging_mixin.py:154} INFO - [2025-03-06T13:12:00.890+0000] {dag.py:3722} INFO - Setting next_dagrun for example_short_circuit_operator to 2025-03-05T13:12:00.890814+00:00, run_after=2025-03-06T13:12:00.890814+00:00
[2025-03-06T13:12:00.898+0000] {processor.py:179} INFO - Processing /home/airflow/.local/lib/python3.8/site-packages/airflow/example_dags/example_short_circuit_operator.py took 0.033 seconds
[2025-03-06T13:12:31.433+0000] {processor.py:157} INFO - Started process (PID=18410) to work on /home/airflow/.local/lib/python3.8/site-packages/airflow/example_dags/example_short_circuit_operator.py
[2025-03-06T13:12:31.435+0000] {processor.py:829} INFO - Processing file /home/airflow/.local/lib/python3.8/site-packages/airflow/example_dags/example_short_circuit_operator.py for tasks to queue
[2025-03-06T13:12:31.436+0000] {logging_mixin.py:154} INFO - [2025-03-06T13:12:31.436+0000] {dagbag.py:536} INFO - Filling up the DagBag from /home/airflow/.local/lib/python3.8/site-packages/airflow/example_dags/example_short_circuit_operator.py
[2025-03-06T13:12:31.441+0000] {processor.py:839} INFO - DAG(s) dict_keys(['example_short_circuit_operator']) retrieved from /home/airflow/.local/lib/python3.8/site-packages/airflow/example_dags/example_short_circuit_operator.py
[2025-03-06T13:12:31.450+0000] {logging_mixin.py:154} INFO - [2025-03-06T13:12:31.450+0000] {dag.py:2941} INFO - Sync 1 DAGs
[2025-03-06T13:12:31.459+0000] {logging_mixin.py:154} INFO - [2025-03-06T13:12:31.459+0000] {dag.py:3722} INFO - Setting next_dagrun for example_short_circuit_operator to 2025-03-05T13:12:31.459112+00:00, run_after=2025-03-06T13:12:31.459112+00:00
[2025-03-06T13:12:31.466+0000] {processor.py:179} INFO - Processing /home/airflow/.local/lib/python3.8/site-packages/airflow/example_dags/example_short_circuit_operator.py took 0.034 seconds
[2025-03-06T13:13:01.904+0000] {processor.py:157} INFO - Started process (PID=18466) to work on /home/airflow/.local/lib/python3.8/site-packages/airflow/example_dags/example_short_circuit_operator.py
[2025-03-06T13:13:01.904+0000] {processor.py:829} INFO - Processing file /home/airflow/.local/lib/python3.8/site-packages/airflow/example_dags/example_short_circuit_operator.py for tasks to queue
[2025-03-06T13:13:01.905+0000] {logging_mixin.py:154} INFO - [2025-03-06T13:13:01.905+0000] {dagbag.py:536} INFO - Filling up the DagBag from /home/airflow/.local/lib/python3.8/site-packages/airflow/example_dags/example_short_circuit_operator.py
[2025-03-06T13:13:01.910+0000] {processor.py:839} INFO - DAG(s) dict_keys(['example_short_circuit_operator']) retrieved from /home/airflow/.local/lib/python3.8/site-packages/airflow/example_dags/example_short_circuit_operator.py
[2025-03-06T13:13:01.922+0000] {logging_mixin.py:154} INFO - [2025-03-06T13:13:01.921+0000] {dag.py:2941} INFO - Sync 1 DAGs
[2025-03-06T13:13:01.930+0000] {logging_mixin.py:154} INFO - [2025-03-06T13:13:01.930+0000] {dag.py:3722} INFO - Setting next_dagrun for example_short_circuit_operator to 2025-03-05T13:13:01.930209+00:00, run_after=2025-03-06T13:13:01.930209+00:00
[2025-03-06T13:13:01.938+0000] {processor.py:179} INFO - Processing /home/airflow/.local/lib/python3.8/site-packages/airflow/example_dags/example_short_circuit_operator.py took 0.036 seconds
[2025-03-06T13:13:32.510+0000] {processor.py:157} INFO - Started process (PID=18522) to work on /home/airflow/.local/lib/python3.8/site-packages/airflow/example_dags/example_short_circuit_operator.py
[2025-03-06T13:13:32.511+0000] {processor.py:829} INFO - Processing file /home/airflow/.local/lib/python3.8/site-packages/airflow/example_dags/example_short_circuit_operator.py for tasks to queue
[2025-03-06T13:13:32.511+0000] {logging_mixin.py:154} INFO - [2025-03-06T13:13:32.511+0000] {dagbag.py:536} INFO - Filling up the DagBag from /home/airflow/.local/lib/python3.8/site-packages/airflow/example_dags/example_short_circuit_operator.py
[2025-03-06T13:13:32.515+0000] {processor.py:839} INFO - DAG(s) dict_keys(['example_short_circuit_operator']) retrieved from /home/airflow/.local/lib/python3.8/site-packages/airflow/example_dags/example_short_circuit_operator.py
[2025-03-06T13:13:32.525+0000] {logging_mixin.py:154} INFO - [2025-03-06T13:13:32.525+0000] {dag.py:2941} INFO - Sync 1 DAGs
[2025-03-06T13:13:32.534+0000] {logging_mixin.py:154} INFO - [2025-03-06T13:13:32.534+0000] {dag.py:3722} INFO - Setting next_dagrun for example_short_circuit_operator to 2025-03-05T13:13:32.534606+00:00, run_after=2025-03-06T13:13:32.534606+00:00
[2025-03-06T13:13:32.542+0000] {processor.py:179} INFO - Processing /home/airflow/.local/lib/python3.8/site-packages/airflow/example_dags/example_short_circuit_operator.py took 0.033 seconds
[2025-03-06T13:14:02.965+0000] {processor.py:157} INFO - Started process (PID=18578) to work on /home/airflow/.local/lib/python3.8/site-packages/airflow/example_dags/example_short_circuit_operator.py
[2025-03-06T13:14:02.966+0000] {processor.py:829} INFO - Processing file /home/airflow/.local/lib/python3.8/site-packages/airflow/example_dags/example_short_circuit_operator.py for tasks to queue
[2025-03-06T13:14:02.966+0000] {logging_mixin.py:154} INFO - [2025-03-06T13:14:02.966+0000] {dagbag.py:536} INFO - Filling up the DagBag from /home/airflow/.local/lib/python3.8/site-packages/airflow/example_dags/example_short_circuit_operator.py
[2025-03-06T13:14:02.970+0000] {processor.py:839} INFO - DAG(s) dict_keys(['example_short_circuit_operator']) retrieved from /home/airflow/.local/lib/python3.8/site-packages/airflow/example_dags/example_short_circuit_operator.py
[2025-03-06T13:14:02.980+0000] {logging_mixin.py:154} INFO - [2025-03-06T13:14:02.980+0000] {dag.py:2941} INFO - Sync 1 DAGs
[2025-03-06T13:14:02.991+0000] {logging_mixin.py:154} INFO - [2025-03-06T13:14:02.991+0000] {dag.py:3722} INFO - Setting next_dagrun for example_short_circuit_operator to 2025-03-05T13:14:02.991271+00:00, run_after=2025-03-06T13:14:02.991271+00:00
[2025-03-06T13:14:03.000+0000] {processor.py:179} INFO - Processing /home/airflow/.local/lib/python3.8/site-packages/airflow/example_dags/example_short_circuit_operator.py took 0.037 seconds
[2025-03-06T13:14:33.528+0000] {processor.py:157} INFO - Started process (PID=18634) to work on /home/airflow/.local/lib/python3.8/site-packages/airflow/example_dags/example_short_circuit_operator.py
[2025-03-06T13:14:33.531+0000] {processor.py:829} INFO - Processing file /home/airflow/.local/lib/python3.8/site-packages/airflow/example_dags/example_short_circuit_operator.py for tasks to queue
[2025-03-06T13:14:33.531+0000] {logging_mixin.py:154} INFO - [2025-03-06T13:14:33.531+0000] {dagbag.py:536} INFO - Filling up the DagBag from /home/airflow/.local/lib/python3.8/site-packages/airflow/example_dags/example_short_circuit_operator.py
[2025-03-06T13:14:33.536+0000] {processor.py:839} INFO - DAG(s) dict_keys(['example_short_circuit_operator']) retrieved from /home/airflow/.local/lib/python3.8/site-packages/airflow/example_dags/example_short_circuit_operator.py
[2025-03-06T13:14:33.545+0000] {logging_mixin.py:154} INFO - [2025-03-06T13:14:33.545+0000] {dag.py:2941} INFO - Sync 1 DAGs
[2025-03-06T13:14:33.554+0000] {logging_mixin.py:154} INFO - [2025-03-06T13:14:33.554+0000] {dag.py:3722} INFO - Setting next_dagrun for example_short_circuit_operator to 2025-03-05T13:14:33.554609+00:00, run_after=2025-03-06T13:14:33.554609+00:00
[2025-03-06T13:14:33.560+0000] {processor.py:179} INFO - Processing /home/airflow/.local/lib/python3.8/site-packages/airflow/example_dags/example_short_circuit_operator.py took 0.034 seconds
[2025-03-06T13:15:04.038+0000] {processor.py:157} INFO - Started process (PID=18690) to work on /home/airflow/.local/lib/python3.8/site-packages/airflow/example_dags/example_short_circuit_operator.py
[2025-03-06T13:15:04.039+0000] {processor.py:829} INFO - Processing file /home/airflow/.local/lib/python3.8/site-packages/airflow/example_dags/example_short_circuit_operator.py for tasks to queue
[2025-03-06T13:15:04.040+0000] {logging_mixin.py:154} INFO - [2025-03-06T13:15:04.040+0000] {dagbag.py:536} INFO - Filling up the DagBag from /home/airflow/.local/lib/python3.8/site-packages/airflow/example_dags/example_short_circuit_operator.py
[2025-03-06T13:15:04.044+0000] {processor.py:839} INFO - DAG(s) dict_keys(['example_short_circuit_operator']) retrieved from /home/airflow/.local/lib/python3.8/site-packages/airflow/example_dags/example_short_circuit_operator.py
[2025-03-06T13:15:04.053+0000] {logging_mixin.py:154} INFO - [2025-03-06T13:15:04.053+0000] {dag.py:2941} INFO - Sync 1 DAGs
[2025-03-06T13:15:04.061+0000] {logging_mixin.py:154} INFO - [2025-03-06T13:15:04.061+0000] {dag.py:3722} INFO - Setting next_dagrun for example_short_circuit_operator to 2025-03-05T13:15:04.061220+00:00, run_after=2025-03-06T13:15:04.061220+00:00
[2025-03-06T13:15:04.068+0000] {processor.py:179} INFO - Processing /home/airflow/.local/lib/python3.8/site-packages/airflow/example_dags/example_short_circuit_operator.py took 0.032 seconds
[2025-03-06T13:15:34.517+0000] {processor.py:157} INFO - Started process (PID=18746) to work on /home/airflow/.local/lib/python3.8/site-packages/airflow/example_dags/example_short_circuit_operator.py
[2025-03-06T13:15:34.518+0000] {processor.py:829} INFO - Processing file /home/airflow/.local/lib/python3.8/site-packages/airflow/example_dags/example_short_circuit_operator.py for tasks to queue
[2025-03-06T13:15:34.518+0000] {logging_mixin.py:154} INFO - [2025-03-06T13:15:34.518+0000] {dagbag.py:536} INFO - Filling up the DagBag from /home/airflow/.local/lib/python3.8/site-packages/airflow/example_dags/example_short_circuit_operator.py
[2025-03-06T13:15:34.523+0000] {processor.py:839} INFO - DAG(s) dict_keys(['example_short_circuit_operator']) retrieved from /home/airflow/.local/lib/python3.8/site-packages/airflow/example_dags/example_short_circuit_operator.py
[2025-03-06T13:15:34.534+0000] {logging_mixin.py:154} INFO - [2025-03-06T13:15:34.534+0000] {dag.py:2941} INFO - Sync 1 DAGs
[2025-03-06T13:15:34.545+0000] {logging_mixin.py:154} INFO - [2025-03-06T13:15:34.545+0000] {dag.py:3722} INFO - Setting next_dagrun for example_short_circuit_operator to 2025-03-05T13:15:34.544992+00:00, run_after=2025-03-06T13:15:34.544992+00:00
[2025-03-06T13:15:34.551+0000] {processor.py:179} INFO - Processing /home/airflow/.local/lib/python3.8/site-packages/airflow/example_dags/example_short_circuit_operator.py took 0.036 seconds
[2025-03-06T13:16:05.074+0000] {processor.py:157} INFO - Started process (PID=18802) to work on /home/airflow/.local/lib/python3.8/site-packages/airflow/example_dags/example_short_circuit_operator.py
[2025-03-06T13:16:05.074+0000] {processor.py:829} INFO - Processing file /home/airflow/.local/lib/python3.8/site-packages/airflow/example_dags/example_short_circuit_operator.py for tasks to queue
[2025-03-06T13:16:05.076+0000] {logging_mixin.py:154} INFO - [2025-03-06T13:16:05.075+0000] {dagbag.py:536} INFO - Filling up the DagBag from /home/airflow/.local/lib/python3.8/site-packages/airflow/example_dags/example_short_circuit_operator.py
[2025-03-06T13:16:05.080+0000] {processor.py:839} INFO - DAG(s) dict_keys(['example_short_circuit_operator']) retrieved from /home/airflow/.local/lib/python3.8/site-packages/airflow/example_dags/example_short_circuit_operator.py
[2025-03-06T13:16:05.090+0000] {logging_mixin.py:154} INFO - [2025-03-06T13:16:05.089+0000] {dag.py:2941} INFO - Sync 1 DAGs
[2025-03-06T13:16:05.099+0000] {logging_mixin.py:154} INFO - [2025-03-06T13:16:05.099+0000] {dag.py:3722} INFO - Setting next_dagrun for example_short_circuit_operator to 2025-03-05T13:16:05.099699+00:00, run_after=2025-03-06T13:16:05.099699+00:00
[2025-03-06T13:16:05.106+0000] {processor.py:179} INFO - Processing /home/airflow/.local/lib/python3.8/site-packages/airflow/example_dags/example_short_circuit_operator.py took 0.033 seconds
[2025-03-06T13:16:35.655+0000] {processor.py:157} INFO - Started process (PID=18858) to work on /home/airflow/.local/lib/python3.8/site-packages/airflow/example_dags/example_short_circuit_operator.py
[2025-03-06T13:16:35.656+0000] {processor.py:829} INFO - Processing file /home/airflow/.local/lib/python3.8/site-packages/airflow/example_dags/example_short_circuit_operator.py for tasks to queue
[2025-03-06T13:16:35.657+0000] {logging_mixin.py:154} INFO - [2025-03-06T13:16:35.657+0000] {dagbag.py:536} INFO - Filling up the DagBag from /home/airflow/.local/lib/python3.8/site-packages/airflow/example_dags/example_short_circuit_operator.py
[2025-03-06T13:16:35.663+0000] {processor.py:839} INFO - DAG(s) dict_keys(['example_short_circuit_operator']) retrieved from /home/airflow/.local/lib/python3.8/site-packages/airflow/example_dags/example_short_circuit_operator.py
[2025-03-06T13:16:35.672+0000] {logging_mixin.py:154} INFO - [2025-03-06T13:16:35.672+0000] {dag.py:2941} INFO - Sync 1 DAGs
[2025-03-06T13:16:35.680+0000] {logging_mixin.py:154} INFO - [2025-03-06T13:16:35.680+0000] {dag.py:3722} INFO - Setting next_dagrun for example_short_circuit_operator to 2025-03-05T13:16:35.680382+00:00, run_after=2025-03-06T13:16:35.680382+00:00
[2025-03-06T13:16:35.688+0000] {processor.py:179} INFO - Processing /home/airflow/.local/lib/python3.8/site-packages/airflow/example_dags/example_short_circuit_operator.py took 0.034 seconds
[2025-03-06T13:17:06.587+0000] {processor.py:157} INFO - Started process (PID=18914) to work on /home/airflow/.local/lib/python3.8/site-packages/airflow/example_dags/example_short_circuit_operator.py
[2025-03-06T13:17:06.588+0000] {processor.py:829} INFO - Processing file /home/airflow/.local/lib/python3.8/site-packages/airflow/example_dags/example_short_circuit_operator.py for tasks to queue
[2025-03-06T13:17:06.589+0000] {logging_mixin.py:154} INFO - [2025-03-06T13:17:06.588+0000] {dagbag.py:536} INFO - Filling up the DagBag from /home/airflow/.local/lib/python3.8/site-packages/airflow/example_dags/example_short_circuit_operator.py
[2025-03-06T13:17:06.593+0000] {processor.py:839} INFO - DAG(s) dict_keys(['example_short_circuit_operator']) retrieved from /home/airflow/.local/lib/python3.8/site-packages/airflow/example_dags/example_short_circuit_operator.py
[2025-03-06T13:17:06.604+0000] {logging_mixin.py:154} INFO - [2025-03-06T13:17:06.604+0000] {dag.py:2941} INFO - Sync 1 DAGs
[2025-03-06T13:17:06.612+0000] {logging_mixin.py:154} INFO - [2025-03-06T13:17:06.612+0000] {dag.py:3722} INFO - Setting next_dagrun for example_short_circuit_operator to 2025-03-05T13:17:06.612044+00:00, run_after=2025-03-06T13:17:06.612044+00:00
[2025-03-06T13:17:06.622+0000] {processor.py:179} INFO - Processing /home/airflow/.local/lib/python3.8/site-packages/airflow/example_dags/example_short_circuit_operator.py took 0.037 seconds
[2025-03-06T13:17:37.561+0000] {processor.py:157} INFO - Started process (PID=18970) to work on /home/airflow/.local/lib/python3.8/site-packages/airflow/example_dags/example_short_circuit_operator.py
[2025-03-06T13:17:37.561+0000] {processor.py:829} INFO - Processing file /home/airflow/.local/lib/python3.8/site-packages/airflow/example_dags/example_short_circuit_operator.py for tasks to queue
[2025-03-06T13:17:37.561+0000] {logging_mixin.py:154} INFO - [2025-03-06T13:17:37.561+0000] {dagbag.py:536} INFO - Filling up the DagBag from /home/airflow/.local/lib/python3.8/site-packages/airflow/example_dags/example_short_circuit_operator.py
[2025-03-06T13:17:37.566+0000] {processor.py:839} INFO - DAG(s) dict_keys(['example_short_circuit_operator']) retrieved from /home/airflow/.local/lib/python3.8/site-packages/airflow/example_dags/example_short_circuit_operator.py
[2025-03-06T13:17:37.576+0000] {logging_mixin.py:154} INFO - [2025-03-06T13:17:37.576+0000] {dag.py:2941} INFO - Sync 1 DAGs
[2025-03-06T13:17:37.584+0000] {logging_mixin.py:154} INFO - [2025-03-06T13:17:37.584+0000] {dag.py:3722} INFO - Setting next_dagrun for example_short_circuit_operator to 2025-03-05T13:17:37.584615+00:00, run_after=2025-03-06T13:17:37.584615+00:00
[2025-03-06T13:17:37.592+0000] {processor.py:179} INFO - Processing /home/airflow/.local/lib/python3.8/site-packages/airflow/example_dags/example_short_circuit_operator.py took 0.033 seconds
[2025-03-06T13:18:08.121+0000] {processor.py:157} INFO - Started process (PID=19026) to work on /home/airflow/.local/lib/python3.8/site-packages/airflow/example_dags/example_short_circuit_operator.py
[2025-03-06T13:18:08.121+0000] {processor.py:829} INFO - Processing file /home/airflow/.local/lib/python3.8/site-packages/airflow/example_dags/example_short_circuit_operator.py for tasks to queue
[2025-03-06T13:18:08.122+0000] {logging_mixin.py:154} INFO - [2025-03-06T13:18:08.122+0000] {dagbag.py:536} INFO - Filling up the DagBag from /home/airflow/.local/lib/python3.8/site-packages/airflow/example_dags/example_short_circuit_operator.py
[2025-03-06T13:18:08.127+0000] {processor.py:839} INFO - DAG(s) dict_keys(['example_short_circuit_operator']) retrieved from /home/airflow/.local/lib/python3.8/site-packages/airflow/example_dags/example_short_circuit_operator.py
[2025-03-06T13:18:08.137+0000] {logging_mixin.py:154} INFO - [2025-03-06T13:18:08.137+0000] {dag.py:2941} INFO - Sync 1 DAGs
[2025-03-06T13:18:08.145+0000] {logging_mixin.py:154} INFO - [2025-03-06T13:18:08.145+0000] {dag.py:3722} INFO - Setting next_dagrun for example_short_circuit_operator to 2025-03-05T13:18:08.145627+00:00, run_after=2025-03-06T13:18:08.145627+00:00
[2025-03-06T13:18:08.247+0000] {processor.py:179} INFO - Processing /home/airflow/.local/lib/python3.8/site-packages/airflow/example_dags/example_short_circuit_operator.py took 0.128 seconds
[2025-03-06T13:18:39.059+0000] {processor.py:157} INFO - Started process (PID=19082) to work on /home/airflow/.local/lib/python3.8/site-packages/airflow/example_dags/example_short_circuit_operator.py
[2025-03-06T13:18:39.059+0000] {processor.py:829} INFO - Processing file /home/airflow/.local/lib/python3.8/site-packages/airflow/example_dags/example_short_circuit_operator.py for tasks to queue
[2025-03-06T13:18:39.059+0000] {logging_mixin.py:154} INFO - [2025-03-06T13:18:39.059+0000] {dagbag.py:536} INFO - Filling up the DagBag from /home/airflow/.local/lib/python3.8/site-packages/airflow/example_dags/example_short_circuit_operator.py
[2025-03-06T13:18:39.064+0000] {processor.py:839} INFO - DAG(s) dict_keys(['example_short_circuit_operator']) retrieved from /home/airflow/.local/lib/python3.8/site-packages/airflow/example_dags/example_short_circuit_operator.py
[2025-03-06T13:18:39.074+0000] {logging_mixin.py:154} INFO - [2025-03-06T13:18:39.073+0000] {dag.py:2941} INFO - Sync 1 DAGs
[2025-03-06T13:18:39.082+0000] {logging_mixin.py:154} INFO - [2025-03-06T13:18:39.082+0000] {dag.py:3722} INFO - Setting next_dagrun for example_short_circuit_operator to 2025-03-05T13:18:39.082810+00:00, run_after=2025-03-06T13:18:39.082810+00:00
[2025-03-06T13:18:39.091+0000] {processor.py:179} INFO - Processing /home/airflow/.local/lib/python3.8/site-packages/airflow/example_dags/example_short_circuit_operator.py took 0.034 seconds
[2025-03-06T13:19:09.730+0000] {processor.py:157} INFO - Started process (PID=19138) to work on /home/airflow/.local/lib/python3.8/site-packages/airflow/example_dags/example_short_circuit_operator.py
[2025-03-06T13:19:09.731+0000] {processor.py:829} INFO - Processing file /home/airflow/.local/lib/python3.8/site-packages/airflow/example_dags/example_short_circuit_operator.py for tasks to queue
[2025-03-06T13:19:09.732+0000] {logging_mixin.py:154} INFO - [2025-03-06T13:19:09.732+0000] {dagbag.py:536} INFO - Filling up the DagBag from /home/airflow/.local/lib/python3.8/site-packages/airflow/example_dags/example_short_circuit_operator.py
[2025-03-06T13:19:09.737+0000] {processor.py:839} INFO - DAG(s) dict_keys(['example_short_circuit_operator']) retrieved from /home/airflow/.local/lib/python3.8/site-packages/airflow/example_dags/example_short_circuit_operator.py
[2025-03-06T13:19:09.750+0000] {logging_mixin.py:154} INFO - [2025-03-06T13:19:09.749+0000] {dag.py:2941} INFO - Sync 1 DAGs
[2025-03-06T13:19:09.758+0000] {logging_mixin.py:154} INFO - [2025-03-06T13:19:09.758+0000] {dag.py:3722} INFO - Setting next_dagrun for example_short_circuit_operator to 2025-03-05T13:19:09.758187+00:00, run_after=2025-03-06T13:19:09.758187+00:00
[2025-03-06T13:19:09.764+0000] {processor.py:179} INFO - Processing /home/airflow/.local/lib/python3.8/site-packages/airflow/example_dags/example_short_circuit_operator.py took 0.035 seconds
[2025-03-06T13:19:41.422+0000] {processor.py:157} INFO - Started process (PID=19194) to work on /home/airflow/.local/lib/python3.8/site-packages/airflow/example_dags/example_short_circuit_operator.py
[2025-03-06T13:19:41.423+0000] {processor.py:829} INFO - Processing file /home/airflow/.local/lib/python3.8/site-packages/airflow/example_dags/example_short_circuit_operator.py for tasks to queue
[2025-03-06T13:19:41.424+0000] {logging_mixin.py:154} INFO - [2025-03-06T13:19:41.424+0000] {dagbag.py:536} INFO - Filling up the DagBag from /home/airflow/.local/lib/python3.8/site-packages/airflow/example_dags/example_short_circuit_operator.py
[2025-03-06T13:19:41.428+0000] {processor.py:839} INFO - DAG(s) dict_keys(['example_short_circuit_operator']) retrieved from /home/airflow/.local/lib/python3.8/site-packages/airflow/example_dags/example_short_circuit_operator.py
[2025-03-06T13:19:41.438+0000] {logging_mixin.py:154} INFO - [2025-03-06T13:19:41.437+0000] {dag.py:2941} INFO - Sync 1 DAGs
[2025-03-06T13:19:41.445+0000] {logging_mixin.py:154} INFO - [2025-03-06T13:19:41.445+0000] {dag.py:3722} INFO - Setting next_dagrun for example_short_circuit_operator to 2025-03-05T13:19:41.445542+00:00, run_after=2025-03-06T13:19:41.445542+00:00
[2025-03-06T13:19:41.453+0000] {processor.py:179} INFO - Processing /home/airflow/.local/lib/python3.8/site-packages/airflow/example_dags/example_short_circuit_operator.py took 0.032 seconds
[2025-03-06T13:20:12.109+0000] {processor.py:157} INFO - Started process (PID=19250) to work on /home/airflow/.local/lib/python3.8/site-packages/airflow/example_dags/example_short_circuit_operator.py
[2025-03-06T13:20:12.110+0000] {processor.py:829} INFO - Processing file /home/airflow/.local/lib/python3.8/site-packages/airflow/example_dags/example_short_circuit_operator.py for tasks to queue
[2025-03-06T13:20:12.110+0000] {logging_mixin.py:154} INFO - [2025-03-06T13:20:12.110+0000] {dagbag.py:536} INFO - Filling up the DagBag from /home/airflow/.local/lib/python3.8/site-packages/airflow/example_dags/example_short_circuit_operator.py
[2025-03-06T13:20:12.114+0000] {processor.py:839} INFO - DAG(s) dict_keys(['example_short_circuit_operator']) retrieved from /home/airflow/.local/lib/python3.8/site-packages/airflow/example_dags/example_short_circuit_operator.py
[2025-03-06T13:20:12.125+0000] {logging_mixin.py:154} INFO - [2025-03-06T13:20:12.124+0000] {dag.py:2941} INFO - Sync 1 DAGs
[2025-03-06T13:20:12.225+0000] {logging_mixin.py:154} INFO - [2025-03-06T13:20:12.225+0000] {dag.py:3722} INFO - Setting next_dagrun for example_short_circuit_operator to 2025-03-05T13:20:12.225011+00:00, run_after=2025-03-06T13:20:12.225011+00:00
[2025-03-06T13:20:12.233+0000] {processor.py:179} INFO - Processing /home/airflow/.local/lib/python3.8/site-packages/airflow/example_dags/example_short_circuit_operator.py took 0.125 seconds
[2025-03-06T13:20:42.544+0000] {processor.py:157} INFO - Started process (PID=19306) to work on /home/airflow/.local/lib/python3.8/site-packages/airflow/example_dags/example_short_circuit_operator.py
[2025-03-06T13:20:42.544+0000] {processor.py:829} INFO - Processing file /home/airflow/.local/lib/python3.8/site-packages/airflow/example_dags/example_short_circuit_operator.py for tasks to queue
[2025-03-06T13:20:42.544+0000] {logging_mixin.py:154} INFO - [2025-03-06T13:20:42.544+0000] {dagbag.py:536} INFO - Filling up the DagBag from /home/airflow/.local/lib/python3.8/site-packages/airflow/example_dags/example_short_circuit_operator.py
[2025-03-06T13:20:42.549+0000] {processor.py:839} INFO - DAG(s) dict_keys(['example_short_circuit_operator']) retrieved from /home/airflow/.local/lib/python3.8/site-packages/airflow/example_dags/example_short_circuit_operator.py
[2025-03-06T13:20:42.559+0000] {logging_mixin.py:154} INFO - [2025-03-06T13:20:42.559+0000] {dag.py:2941} INFO - Sync 1 DAGs
[2025-03-06T13:20:42.659+0000] {logging_mixin.py:154} INFO - [2025-03-06T13:20:42.659+0000] {dag.py:3722} INFO - Setting next_dagrun for example_short_circuit_operator to 2025-03-05T13:20:42.659370+00:00, run_after=2025-03-06T13:20:42.659370+00:00
[2025-03-06T13:20:42.670+0000] {processor.py:179} INFO - Processing /home/airflow/.local/lib/python3.8/site-packages/airflow/example_dags/example_short_circuit_operator.py took 0.128 seconds
[2025-03-06T13:21:12.690+0000] {processor.py:157} INFO - Started process (PID=19362) to work on /home/airflow/.local/lib/python3.8/site-packages/airflow/example_dags/example_short_circuit_operator.py
[2025-03-06T13:21:12.691+0000] {processor.py:829} INFO - Processing file /home/airflow/.local/lib/python3.8/site-packages/airflow/example_dags/example_short_circuit_operator.py for tasks to queue
[2025-03-06T13:21:12.691+0000] {logging_mixin.py:154} INFO - [2025-03-06T13:21:12.691+0000] {dagbag.py:536} INFO - Filling up the DagBag from /home/airflow/.local/lib/python3.8/site-packages/airflow/example_dags/example_short_circuit_operator.py
[2025-03-06T13:21:12.696+0000] {processor.py:839} INFO - DAG(s) dict_keys(['example_short_circuit_operator']) retrieved from /home/airflow/.local/lib/python3.8/site-packages/airflow/example_dags/example_short_circuit_operator.py
[2025-03-06T13:21:12.706+0000] {logging_mixin.py:154} INFO - [2025-03-06T13:21:12.706+0000] {dag.py:2941} INFO - Sync 1 DAGs
[2025-03-06T13:21:12.714+0000] {logging_mixin.py:154} INFO - [2025-03-06T13:21:12.714+0000] {dag.py:3722} INFO - Setting next_dagrun for example_short_circuit_operator to 2025-03-05T13:21:12.714618+00:00, run_after=2025-03-06T13:21:12.714618+00:00
[2025-03-06T13:21:12.811+0000] {processor.py:179} INFO - Processing /home/airflow/.local/lib/python3.8/site-packages/airflow/example_dags/example_short_circuit_operator.py took 0.122 seconds
[2025-03-06T13:21:43.735+0000] {processor.py:157} INFO - Started process (PID=19418) to work on /home/airflow/.local/lib/python3.8/site-packages/airflow/example_dags/example_short_circuit_operator.py
[2025-03-06T13:21:43.735+0000] {processor.py:829} INFO - Processing file /home/airflow/.local/lib/python3.8/site-packages/airflow/example_dags/example_short_circuit_operator.py for tasks to queue
[2025-03-06T13:21:43.737+0000] {logging_mixin.py:154} INFO - [2025-03-06T13:21:43.736+0000] {dagbag.py:536} INFO - Filling up the DagBag from /home/airflow/.local/lib/python3.8/site-packages/airflow/example_dags/example_short_circuit_operator.py
[2025-03-06T13:21:43.741+0000] {processor.py:839} INFO - DAG(s) dict_keys(['example_short_circuit_operator']) retrieved from /home/airflow/.local/lib/python3.8/site-packages/airflow/example_dags/example_short_circuit_operator.py
[2025-03-06T13:21:43.751+0000] {logging_mixin.py:154} INFO - [2025-03-06T13:21:43.750+0000] {dag.py:2941} INFO - Sync 1 DAGs
[2025-03-06T13:21:43.759+0000] {logging_mixin.py:154} INFO - [2025-03-06T13:21:43.759+0000] {dag.py:3722} INFO - Setting next_dagrun for example_short_circuit_operator to 2025-03-05T13:21:43.758988+00:00, run_after=2025-03-06T13:21:43.758988+00:00
[2025-03-06T13:21:43.765+0000] {processor.py:179} INFO - Processing /home/airflow/.local/lib/python3.8/site-packages/airflow/example_dags/example_short_circuit_operator.py took 0.031 seconds
[2025-03-06T13:22:15.121+0000] {processor.py:157} INFO - Started process (PID=19473) to work on /home/airflow/.local/lib/python3.8/site-packages/airflow/example_dags/example_short_circuit_operator.py
[2025-03-06T13:22:15.122+0000] {processor.py:829} INFO - Processing file /home/airflow/.local/lib/python3.8/site-packages/airflow/example_dags/example_short_circuit_operator.py for tasks to queue
[2025-03-06T13:22:15.122+0000] {logging_mixin.py:154} INFO - [2025-03-06T13:22:15.122+0000] {dagbag.py:536} INFO - Filling up the DagBag from /home/airflow/.local/lib/python3.8/site-packages/airflow/example_dags/example_short_circuit_operator.py
[2025-03-06T13:22:15.126+0000] {processor.py:839} INFO - DAG(s) dict_keys(['example_short_circuit_operator']) retrieved from /home/airflow/.local/lib/python3.8/site-packages/airflow/example_dags/example_short_circuit_operator.py
[2025-03-06T13:22:15.136+0000] {logging_mixin.py:154} INFO - [2025-03-06T13:22:15.136+0000] {dag.py:2941} INFO - Sync 1 DAGs
[2025-03-06T13:22:15.238+0000] {logging_mixin.py:154} INFO - [2025-03-06T13:22:15.238+0000] {dag.py:3722} INFO - Setting next_dagrun for example_short_circuit_operator to 2025-03-05T13:22:15.238525+00:00, run_after=2025-03-06T13:22:15.238525+00:00
[2025-03-06T13:22:15.249+0000] {processor.py:179} INFO - Processing /home/airflow/.local/lib/python3.8/site-packages/airflow/example_dags/example_short_circuit_operator.py took 0.129 seconds
[2025-03-06T13:22:45.357+0000] {processor.py:157} INFO - Started process (PID=19528) to work on /home/airflow/.local/lib/python3.8/site-packages/airflow/example_dags/example_short_circuit_operator.py
[2025-03-06T13:22:45.358+0000] {processor.py:829} INFO - Processing file /home/airflow/.local/lib/python3.8/site-packages/airflow/example_dags/example_short_circuit_operator.py for tasks to queue
[2025-03-06T13:22:45.358+0000] {logging_mixin.py:154} INFO - [2025-03-06T13:22:45.358+0000] {dagbag.py:536} INFO - Filling up the DagBag from /home/airflow/.local/lib/python3.8/site-packages/airflow/example_dags/example_short_circuit_operator.py
[2025-03-06T13:22:45.362+0000] {processor.py:839} INFO - DAG(s) dict_keys(['example_short_circuit_operator']) retrieved from /home/airflow/.local/lib/python3.8/site-packages/airflow/example_dags/example_short_circuit_operator.py
[2025-03-06T13:22:45.371+0000] {logging_mixin.py:154} INFO - [2025-03-06T13:22:45.371+0000] {dag.py:2941} INFO - Sync 1 DAGs
[2025-03-06T13:22:45.380+0000] {logging_mixin.py:154} INFO - [2025-03-06T13:22:45.380+0000] {dag.py:3722} INFO - Setting next_dagrun for example_short_circuit_operator to 2025-03-05T13:22:45.380307+00:00, run_after=2025-03-06T13:22:45.380307+00:00
[2025-03-06T13:22:45.390+0000] {processor.py:179} INFO - Processing /home/airflow/.local/lib/python3.8/site-packages/airflow/example_dags/example_short_circuit_operator.py took 0.035 seconds
[2025-03-06T13:23:15.970+0000] {processor.py:157} INFO - Started process (PID=19585) to work on /home/airflow/.local/lib/python3.8/site-packages/airflow/example_dags/example_short_circuit_operator.py
[2025-03-06T13:23:15.971+0000] {processor.py:829} INFO - Processing file /home/airflow/.local/lib/python3.8/site-packages/airflow/example_dags/example_short_circuit_operator.py for tasks to queue
[2025-03-06T13:23:15.971+0000] {logging_mixin.py:154} INFO - [2025-03-06T13:23:15.971+0000] {dagbag.py:536} INFO - Filling up the DagBag from /home/airflow/.local/lib/python3.8/site-packages/airflow/example_dags/example_short_circuit_operator.py
[2025-03-06T13:23:15.976+0000] {processor.py:839} INFO - DAG(s) dict_keys(['example_short_circuit_operator']) retrieved from /home/airflow/.local/lib/python3.8/site-packages/airflow/example_dags/example_short_circuit_operator.py
[2025-03-06T13:23:15.987+0000] {logging_mixin.py:154} INFO - [2025-03-06T13:23:15.986+0000] {dag.py:2941} INFO - Sync 1 DAGs
[2025-03-06T13:23:15.996+0000] {logging_mixin.py:154} INFO - [2025-03-06T13:23:15.996+0000] {dag.py:3722} INFO - Setting next_dagrun for example_short_circuit_operator to 2025-03-05T13:23:15.996122+00:00, run_after=2025-03-06T13:23:15.996122+00:00
[2025-03-06T13:23:16.003+0000] {processor.py:179} INFO - Processing /home/airflow/.local/lib/python3.8/site-packages/airflow/example_dags/example_short_circuit_operator.py took 0.034 seconds
[2025-03-06T13:23:46.553+0000] {processor.py:157} INFO - Started process (PID=19640) to work on /home/airflow/.local/lib/python3.8/site-packages/airflow/example_dags/example_short_circuit_operator.py
[2025-03-06T13:23:46.554+0000] {processor.py:829} INFO - Processing file /home/airflow/.local/lib/python3.8/site-packages/airflow/example_dags/example_short_circuit_operator.py for tasks to queue
[2025-03-06T13:23:46.555+0000] {logging_mixin.py:154} INFO - [2025-03-06T13:23:46.555+0000] {dagbag.py:536} INFO - Filling up the DagBag from /home/airflow/.local/lib/python3.8/site-packages/airflow/example_dags/example_short_circuit_operator.py
[2025-03-06T13:23:46.561+0000] {processor.py:839} INFO - DAG(s) dict_keys(['example_short_circuit_operator']) retrieved from /home/airflow/.local/lib/python3.8/site-packages/airflow/example_dags/example_short_circuit_operator.py
[2025-03-06T13:23:46.570+0000] {logging_mixin.py:154} INFO - [2025-03-06T13:23:46.570+0000] {dag.py:2941} INFO - Sync 1 DAGs
[2025-03-06T13:23:46.579+0000] {logging_mixin.py:154} INFO - [2025-03-06T13:23:46.579+0000] {dag.py:3722} INFO - Setting next_dagrun for example_short_circuit_operator to 2025-03-05T13:23:46.578957+00:00, run_after=2025-03-06T13:23:46.578957+00:00
[2025-03-06T13:23:46.589+0000] {processor.py:179} INFO - Processing /home/airflow/.local/lib/python3.8/site-packages/airflow/example_dags/example_short_circuit_operator.py took 0.038 seconds
[2025-03-06T13:24:17.015+0000] {processor.py:157} INFO - Started process (PID=19696) to work on /home/airflow/.local/lib/python3.8/site-packages/airflow/example_dags/example_short_circuit_operator.py
[2025-03-06T13:24:17.017+0000] {processor.py:829} INFO - Processing file /home/airflow/.local/lib/python3.8/site-packages/airflow/example_dags/example_short_circuit_operator.py for tasks to queue
[2025-03-06T13:24:17.018+0000] {logging_mixin.py:154} INFO - [2025-03-06T13:24:17.018+0000] {dagbag.py:536} INFO - Filling up the DagBag from /home/airflow/.local/lib/python3.8/site-packages/airflow/example_dags/example_short_circuit_operator.py
[2025-03-06T13:24:17.023+0000] {processor.py:839} INFO - DAG(s) dict_keys(['example_short_circuit_operator']) retrieved from /home/airflow/.local/lib/python3.8/site-packages/airflow/example_dags/example_short_circuit_operator.py
[2025-03-06T13:24:17.033+0000] {logging_mixin.py:154} INFO - [2025-03-06T13:24:17.032+0000] {dag.py:2941} INFO - Sync 1 DAGs
[2025-03-06T13:24:17.040+0000] {logging_mixin.py:154} INFO - [2025-03-06T13:24:17.040+0000] {dag.py:3722} INFO - Setting next_dagrun for example_short_circuit_operator to 2025-03-05T13:24:17.040635+00:00, run_after=2025-03-06T13:24:17.040635+00:00
[2025-03-06T13:24:17.046+0000] {processor.py:179} INFO - Processing /home/airflow/.local/lib/python3.8/site-packages/airflow/example_dags/example_short_circuit_operator.py took 0.033 seconds
[2025-03-06T13:24:47.601+0000] {processor.py:157} INFO - Started process (PID=19752) to work on /home/airflow/.local/lib/python3.8/site-packages/airflow/example_dags/example_short_circuit_operator.py
[2025-03-06T13:24:47.602+0000] {processor.py:829} INFO - Processing file /home/airflow/.local/lib/python3.8/site-packages/airflow/example_dags/example_short_circuit_operator.py for tasks to queue
[2025-03-06T13:24:47.602+0000] {logging_mixin.py:154} INFO - [2025-03-06T13:24:47.602+0000] {dagbag.py:536} INFO - Filling up the DagBag from /home/airflow/.local/lib/python3.8/site-packages/airflow/example_dags/example_short_circuit_operator.py
[2025-03-06T13:24:47.606+0000] {processor.py:839} INFO - DAG(s) dict_keys(['example_short_circuit_operator']) retrieved from /home/airflow/.local/lib/python3.8/site-packages/airflow/example_dags/example_short_circuit_operator.py
[2025-03-06T13:24:47.618+0000] {logging_mixin.py:154} INFO - [2025-03-06T13:24:47.617+0000] {dag.py:2941} INFO - Sync 1 DAGs
[2025-03-06T13:24:47.627+0000] {logging_mixin.py:154} INFO - [2025-03-06T13:24:47.627+0000] {dag.py:3722} INFO - Setting next_dagrun for example_short_circuit_operator to 2025-03-05T13:24:47.627380+00:00, run_after=2025-03-06T13:24:47.627380+00:00
[2025-03-06T13:24:47.639+0000] {processor.py:179} INFO - Processing /home/airflow/.local/lib/python3.8/site-packages/airflow/example_dags/example_short_circuit_operator.py took 0.040 seconds
[2025-03-06T13:25:18.172+0000] {processor.py:157} INFO - Started process (PID=19808) to work on /home/airflow/.local/lib/python3.8/site-packages/airflow/example_dags/example_short_circuit_operator.py
[2025-03-06T13:25:18.173+0000] {processor.py:829} INFO - Processing file /home/airflow/.local/lib/python3.8/site-packages/airflow/example_dags/example_short_circuit_operator.py for tasks to queue
[2025-03-06T13:25:18.173+0000] {logging_mixin.py:154} INFO - [2025-03-06T13:25:18.173+0000] {dagbag.py:536} INFO - Filling up the DagBag from /home/airflow/.local/lib/python3.8/site-packages/airflow/example_dags/example_short_circuit_operator.py
[2025-03-06T13:25:18.177+0000] {processor.py:839} INFO - DAG(s) dict_keys(['example_short_circuit_operator']) retrieved from /home/airflow/.local/lib/python3.8/site-packages/airflow/example_dags/example_short_circuit_operator.py
[2025-03-06T13:25:18.188+0000] {logging_mixin.py:154} INFO - [2025-03-06T13:25:18.188+0000] {dag.py:2941} INFO - Sync 1 DAGs
[2025-03-06T13:25:18.197+0000] {logging_mixin.py:154} INFO - [2025-03-06T13:25:18.197+0000] {dag.py:3722} INFO - Setting next_dagrun for example_short_circuit_operator to 2025-03-05T13:25:18.197046+00:00, run_after=2025-03-06T13:25:18.197046+00:00
[2025-03-06T13:25:18.203+0000] {processor.py:179} INFO - Processing /home/airflow/.local/lib/python3.8/site-packages/airflow/example_dags/example_short_circuit_operator.py took 0.033 seconds
[2025-03-06T13:25:48.737+0000] {processor.py:157} INFO - Started process (PID=19864) to work on /home/airflow/.local/lib/python3.8/site-packages/airflow/example_dags/example_short_circuit_operator.py
[2025-03-06T13:25:48.737+0000] {processor.py:829} INFO - Processing file /home/airflow/.local/lib/python3.8/site-packages/airflow/example_dags/example_short_circuit_operator.py for tasks to queue
[2025-03-06T13:25:48.738+0000] {logging_mixin.py:154} INFO - [2025-03-06T13:25:48.738+0000] {dagbag.py:536} INFO - Filling up the DagBag from /home/airflow/.local/lib/python3.8/site-packages/airflow/example_dags/example_short_circuit_operator.py
[2025-03-06T13:25:48.742+0000] {processor.py:839} INFO - DAG(s) dict_keys(['example_short_circuit_operator']) retrieved from /home/airflow/.local/lib/python3.8/site-packages/airflow/example_dags/example_short_circuit_operator.py
[2025-03-06T13:25:48.752+0000] {logging_mixin.py:154} INFO - [2025-03-06T13:25:48.752+0000] {dag.py:2941} INFO - Sync 1 DAGs
[2025-03-06T13:25:48.761+0000] {logging_mixin.py:154} INFO - [2025-03-06T13:25:48.761+0000] {dag.py:3722} INFO - Setting next_dagrun for example_short_circuit_operator to 2025-03-05T13:25:48.761128+00:00, run_after=2025-03-06T13:25:48.761128+00:00
[2025-03-06T13:25:48.769+0000] {processor.py:179} INFO - Processing /home/airflow/.local/lib/python3.8/site-packages/airflow/example_dags/example_short_circuit_operator.py took 0.033 seconds
[2025-03-06T13:26:19.288+0000] {processor.py:157} INFO - Started process (PID=19920) to work on /home/airflow/.local/lib/python3.8/site-packages/airflow/example_dags/example_short_circuit_operator.py
[2025-03-06T13:26:19.288+0000] {processor.py:829} INFO - Processing file /home/airflow/.local/lib/python3.8/site-packages/airflow/example_dags/example_short_circuit_operator.py for tasks to queue
[2025-03-06T13:26:19.289+0000] {logging_mixin.py:154} INFO - [2025-03-06T13:26:19.289+0000] {dagbag.py:536} INFO - Filling up the DagBag from /home/airflow/.local/lib/python3.8/site-packages/airflow/example_dags/example_short_circuit_operator.py
[2025-03-06T13:26:19.293+0000] {processor.py:839} INFO - DAG(s) dict_keys(['example_short_circuit_operator']) retrieved from /home/airflow/.local/lib/python3.8/site-packages/airflow/example_dags/example_short_circuit_operator.py
[2025-03-06T13:26:19.303+0000] {logging_mixin.py:154} INFO - [2025-03-06T13:26:19.303+0000] {dag.py:2941} INFO - Sync 1 DAGs
[2025-03-06T13:26:19.313+0000] {logging_mixin.py:154} INFO - [2025-03-06T13:26:19.313+0000] {dag.py:3722} INFO - Setting next_dagrun for example_short_circuit_operator to 2025-03-05T13:26:19.313563+00:00, run_after=2025-03-06T13:26:19.313563+00:00
[2025-03-06T13:26:19.321+0000] {processor.py:179} INFO - Processing /home/airflow/.local/lib/python3.8/site-packages/airflow/example_dags/example_short_circuit_operator.py took 0.035 seconds
[2025-03-06T13:26:49.836+0000] {processor.py:157} INFO - Started process (PID=19976) to work on /home/airflow/.local/lib/python3.8/site-packages/airflow/example_dags/example_short_circuit_operator.py
[2025-03-06T13:26:49.836+0000] {processor.py:829} INFO - Processing file /home/airflow/.local/lib/python3.8/site-packages/airflow/example_dags/example_short_circuit_operator.py for tasks to queue
[2025-03-06T13:26:49.837+0000] {logging_mixin.py:154} INFO - [2025-03-06T13:26:49.836+0000] {dagbag.py:536} INFO - Filling up the DagBag from /home/airflow/.local/lib/python3.8/site-packages/airflow/example_dags/example_short_circuit_operator.py
[2025-03-06T13:26:49.841+0000] {processor.py:839} INFO - DAG(s) dict_keys(['example_short_circuit_operator']) retrieved from /home/airflow/.local/lib/python3.8/site-packages/airflow/example_dags/example_short_circuit_operator.py
[2025-03-06T13:26:49.850+0000] {logging_mixin.py:154} INFO - [2025-03-06T13:26:49.850+0000] {dag.py:2941} INFO - Sync 1 DAGs
[2025-03-06T13:26:49.858+0000] {logging_mixin.py:154} INFO - [2025-03-06T13:26:49.858+0000] {dag.py:3722} INFO - Setting next_dagrun for example_short_circuit_operator to 2025-03-05T13:26:49.858373+00:00, run_after=2025-03-06T13:26:49.858373+00:00
[2025-03-06T13:26:49.864+0000] {processor.py:179} INFO - Processing /home/airflow/.local/lib/python3.8/site-packages/airflow/example_dags/example_short_circuit_operator.py took 0.030 seconds
[2025-03-06T13:27:20.410+0000] {processor.py:157} INFO - Started process (PID=20032) to work on /home/airflow/.local/lib/python3.8/site-packages/airflow/example_dags/example_short_circuit_operator.py
[2025-03-06T13:27:20.411+0000] {processor.py:829} INFO - Processing file /home/airflow/.local/lib/python3.8/site-packages/airflow/example_dags/example_short_circuit_operator.py for tasks to queue
[2025-03-06T13:27:20.411+0000] {logging_mixin.py:154} INFO - [2025-03-06T13:27:20.411+0000] {dagbag.py:536} INFO - Filling up the DagBag from /home/airflow/.local/lib/python3.8/site-packages/airflow/example_dags/example_short_circuit_operator.py
[2025-03-06T13:27:20.415+0000] {processor.py:839} INFO - DAG(s) dict_keys(['example_short_circuit_operator']) retrieved from /home/airflow/.local/lib/python3.8/site-packages/airflow/example_dags/example_short_circuit_operator.py
[2025-03-06T13:27:20.425+0000] {logging_mixin.py:154} INFO - [2025-03-06T13:27:20.425+0000] {dag.py:2941} INFO - Sync 1 DAGs
[2025-03-06T13:27:20.434+0000] {logging_mixin.py:154} INFO - [2025-03-06T13:27:20.434+0000] {dag.py:3722} INFO - Setting next_dagrun for example_short_circuit_operator to 2025-03-05T13:27:20.434797+00:00, run_after=2025-03-06T13:27:20.434797+00:00
[2025-03-06T13:27:20.449+0000] {processor.py:179} INFO - Processing /home/airflow/.local/lib/python3.8/site-packages/airflow/example_dags/example_short_circuit_operator.py took 0.041 seconds
[2025-03-06T13:27:50.997+0000] {processor.py:157} INFO - Started process (PID=20088) to work on /home/airflow/.local/lib/python3.8/site-packages/airflow/example_dags/example_short_circuit_operator.py
[2025-03-06T13:27:50.998+0000] {processor.py:829} INFO - Processing file /home/airflow/.local/lib/python3.8/site-packages/airflow/example_dags/example_short_circuit_operator.py for tasks to queue
[2025-03-06T13:27:50.999+0000] {logging_mixin.py:154} INFO - [2025-03-06T13:27:50.999+0000] {dagbag.py:536} INFO - Filling up the DagBag from /home/airflow/.local/lib/python3.8/site-packages/airflow/example_dags/example_short_circuit_operator.py
[2025-03-06T13:27:51.003+0000] {processor.py:839} INFO - DAG(s) dict_keys(['example_short_circuit_operator']) retrieved from /home/airflow/.local/lib/python3.8/site-packages/airflow/example_dags/example_short_circuit_operator.py
[2025-03-06T13:27:51.013+0000] {logging_mixin.py:154} INFO - [2025-03-06T13:27:51.013+0000] {dag.py:2941} INFO - Sync 1 DAGs
[2025-03-06T13:27:51.021+0000] {logging_mixin.py:154} INFO - [2025-03-06T13:27:51.021+0000] {dag.py:3722} INFO - Setting next_dagrun for example_short_circuit_operator to 2025-03-05T13:27:51.021119+00:00, run_after=2025-03-06T13:27:51.021119+00:00
[2025-03-06T13:27:51.027+0000] {processor.py:179} INFO - Processing /home/airflow/.local/lib/python3.8/site-packages/airflow/example_dags/example_short_circuit_operator.py took 0.032 seconds
[2025-03-06T13:28:21.609+0000] {processor.py:157} INFO - Started process (PID=20151) to work on /home/airflow/.local/lib/python3.8/site-packages/airflow/example_dags/example_short_circuit_operator.py
[2025-03-06T13:28:21.611+0000] {processor.py:829} INFO - Processing file /home/airflow/.local/lib/python3.8/site-packages/airflow/example_dags/example_short_circuit_operator.py for tasks to queue
[2025-03-06T13:28:21.612+0000] {logging_mixin.py:154} INFO - [2025-03-06T13:28:21.612+0000] {dagbag.py:536} INFO - Filling up the DagBag from /home/airflow/.local/lib/python3.8/site-packages/airflow/example_dags/example_short_circuit_operator.py
[2025-03-06T13:28:21.616+0000] {processor.py:839} INFO - DAG(s) dict_keys(['example_short_circuit_operator']) retrieved from /home/airflow/.local/lib/python3.8/site-packages/airflow/example_dags/example_short_circuit_operator.py
[2025-03-06T13:28:21.626+0000] {logging_mixin.py:154} INFO - [2025-03-06T13:28:21.625+0000] {dag.py:2941} INFO - Sync 1 DAGs
[2025-03-06T13:28:21.633+0000] {logging_mixin.py:154} INFO - [2025-03-06T13:28:21.633+0000] {dag.py:3722} INFO - Setting next_dagrun for example_short_circuit_operator to 2025-03-05T13:28:21.633509+00:00, run_after=2025-03-06T13:28:21.633509+00:00
[2025-03-06T13:28:21.641+0000] {processor.py:179} INFO - Processing /home/airflow/.local/lib/python3.8/site-packages/airflow/example_dags/example_short_circuit_operator.py took 0.034 seconds
[2025-03-06T13:28:52.198+0000] {processor.py:157} INFO - Started process (PID=20207) to work on /home/airflow/.local/lib/python3.8/site-packages/airflow/example_dags/example_short_circuit_operator.py
[2025-03-06T13:28:52.199+0000] {processor.py:829} INFO - Processing file /home/airflow/.local/lib/python3.8/site-packages/airflow/example_dags/example_short_circuit_operator.py for tasks to queue
[2025-03-06T13:28:52.199+0000] {logging_mixin.py:154} INFO - [2025-03-06T13:28:52.199+0000] {dagbag.py:536} INFO - Filling up the DagBag from /home/airflow/.local/lib/python3.8/site-packages/airflow/example_dags/example_short_circuit_operator.py
[2025-03-06T13:28:52.203+0000] {processor.py:839} INFO - DAG(s) dict_keys(['example_short_circuit_operator']) retrieved from /home/airflow/.local/lib/python3.8/site-packages/airflow/example_dags/example_short_circuit_operator.py
[2025-03-06T13:28:52.213+0000] {logging_mixin.py:154} INFO - [2025-03-06T13:28:52.213+0000] {dag.py:2941} INFO - Sync 1 DAGs
[2025-03-06T13:28:52.222+0000] {logging_mixin.py:154} INFO - [2025-03-06T13:28:52.222+0000] {dag.py:3722} INFO - Setting next_dagrun for example_short_circuit_operator to 2025-03-05T13:28:52.222334+00:00, run_after=2025-03-06T13:28:52.222334+00:00
[2025-03-06T13:28:52.230+0000] {processor.py:179} INFO - Processing /home/airflow/.local/lib/python3.8/site-packages/airflow/example_dags/example_short_circuit_operator.py took 0.034 seconds
[2025-03-06T13:29:22.742+0000] {processor.py:157} INFO - Started process (PID=20263) to work on /home/airflow/.local/lib/python3.8/site-packages/airflow/example_dags/example_short_circuit_operator.py
[2025-03-06T13:29:22.743+0000] {processor.py:829} INFO - Processing file /home/airflow/.local/lib/python3.8/site-packages/airflow/example_dags/example_short_circuit_operator.py for tasks to queue
[2025-03-06T13:29:22.745+0000] {logging_mixin.py:154} INFO - [2025-03-06T13:29:22.743+0000] {dagbag.py:536} INFO - Filling up the DagBag from /home/airflow/.local/lib/python3.8/site-packages/airflow/example_dags/example_short_circuit_operator.py
[2025-03-06T13:29:22.750+0000] {processor.py:839} INFO - DAG(s) dict_keys(['example_short_circuit_operator']) retrieved from /home/airflow/.local/lib/python3.8/site-packages/airflow/example_dags/example_short_circuit_operator.py
[2025-03-06T13:29:22.760+0000] {logging_mixin.py:154} INFO - [2025-03-06T13:29:22.759+0000] {dag.py:2941} INFO - Sync 1 DAGs
[2025-03-06T13:29:22.770+0000] {logging_mixin.py:154} INFO - [2025-03-06T13:29:22.769+0000] {dag.py:3722} INFO - Setting next_dagrun for example_short_circuit_operator to 2025-03-05T13:29:22.769894+00:00, run_after=2025-03-06T13:29:22.769894+00:00
[2025-03-06T13:29:22.780+0000] {processor.py:179} INFO - Processing /home/airflow/.local/lib/python3.8/site-packages/airflow/example_dags/example_short_circuit_operator.py took 0.040 seconds
[2025-03-06T13:29:53.337+0000] {processor.py:157} INFO - Started process (PID=20319) to work on /home/airflow/.local/lib/python3.8/site-packages/airflow/example_dags/example_short_circuit_operator.py
[2025-03-06T13:29:53.339+0000] {processor.py:829} INFO - Processing file /home/airflow/.local/lib/python3.8/site-packages/airflow/example_dags/example_short_circuit_operator.py for tasks to queue
[2025-03-06T13:29:53.340+0000] {logging_mixin.py:154} INFO - [2025-03-06T13:29:53.340+0000] {dagbag.py:536} INFO - Filling up the DagBag from /home/airflow/.local/lib/python3.8/site-packages/airflow/example_dags/example_short_circuit_operator.py
[2025-03-06T13:29:53.344+0000] {processor.py:839} INFO - DAG(s) dict_keys(['example_short_circuit_operator']) retrieved from /home/airflow/.local/lib/python3.8/site-packages/airflow/example_dags/example_short_circuit_operator.py
[2025-03-06T13:29:53.355+0000] {logging_mixin.py:154} INFO - [2025-03-06T13:29:53.355+0000] {dag.py:2941} INFO - Sync 1 DAGs
[2025-03-06T13:29:53.365+0000] {logging_mixin.py:154} INFO - [2025-03-06T13:29:53.365+0000] {dag.py:3722} INFO - Setting next_dagrun for example_short_circuit_operator to 2025-03-05T13:29:53.365615+00:00, run_after=2025-03-06T13:29:53.365615+00:00
[2025-03-06T13:29:53.372+0000] {processor.py:179} INFO - Processing /home/airflow/.local/lib/python3.8/site-packages/airflow/example_dags/example_short_circuit_operator.py took 0.037 seconds
[2025-03-06T13:30:23.921+0000] {processor.py:157} INFO - Started process (PID=20375) to work on /home/airflow/.local/lib/python3.8/site-packages/airflow/example_dags/example_short_circuit_operator.py
[2025-03-06T13:30:23.921+0000] {processor.py:829} INFO - Processing file /home/airflow/.local/lib/python3.8/site-packages/airflow/example_dags/example_short_circuit_operator.py for tasks to queue
[2025-03-06T13:30:23.922+0000] {logging_mixin.py:154} INFO - [2025-03-06T13:30:23.922+0000] {dagbag.py:536} INFO - Filling up the DagBag from /home/airflow/.local/lib/python3.8/site-packages/airflow/example_dags/example_short_circuit_operator.py
[2025-03-06T13:30:23.927+0000] {processor.py:839} INFO - DAG(s) dict_keys(['example_short_circuit_operator']) retrieved from /home/airflow/.local/lib/python3.8/site-packages/airflow/example_dags/example_short_circuit_operator.py
[2025-03-06T13:30:23.937+0000] {logging_mixin.py:154} INFO - [2025-03-06T13:30:23.936+0000] {dag.py:2941} INFO - Sync 1 DAGs
[2025-03-06T13:30:23.947+0000] {logging_mixin.py:154} INFO - [2025-03-06T13:30:23.947+0000] {dag.py:3722} INFO - Setting next_dagrun for example_short_circuit_operator to 2025-03-05T13:30:23.947253+00:00, run_after=2025-03-06T13:30:23.947253+00:00
[2025-03-06T13:30:23.959+0000] {processor.py:179} INFO - Processing /home/airflow/.local/lib/python3.8/site-packages/airflow/example_dags/example_short_circuit_operator.py took 0.040 seconds
[2025-03-06T13:30:54.495+0000] {processor.py:157} INFO - Started process (PID=20431) to work on /home/airflow/.local/lib/python3.8/site-packages/airflow/example_dags/example_short_circuit_operator.py
[2025-03-06T13:30:54.496+0000] {processor.py:829} INFO - Processing file /home/airflow/.local/lib/python3.8/site-packages/airflow/example_dags/example_short_circuit_operator.py for tasks to queue
[2025-03-06T13:30:54.496+0000] {logging_mixin.py:154} INFO - [2025-03-06T13:30:54.496+0000] {dagbag.py:536} INFO - Filling up the DagBag from /home/airflow/.local/lib/python3.8/site-packages/airflow/example_dags/example_short_circuit_operator.py
[2025-03-06T13:30:54.500+0000] {processor.py:839} INFO - DAG(s) dict_keys(['example_short_circuit_operator']) retrieved from /home/airflow/.local/lib/python3.8/site-packages/airflow/example_dags/example_short_circuit_operator.py
[2025-03-06T13:30:54.515+0000] {logging_mixin.py:154} INFO - [2025-03-06T13:30:54.515+0000] {dag.py:2941} INFO - Sync 1 DAGs
[2025-03-06T13:30:54.523+0000] {logging_mixin.py:154} INFO - [2025-03-06T13:30:54.523+0000] {dag.py:3722} INFO - Setting next_dagrun for example_short_circuit_operator to 2025-03-05T13:30:54.523324+00:00, run_after=2025-03-06T13:30:54.523324+00:00
[2025-03-06T13:30:54.531+0000] {processor.py:179} INFO - Processing /home/airflow/.local/lib/python3.8/site-packages/airflow/example_dags/example_short_circuit_operator.py took 0.037 seconds
[2025-03-06T13:31:25.063+0000] {processor.py:157} INFO - Started process (PID=20487) to work on /home/airflow/.local/lib/python3.8/site-packages/airflow/example_dags/example_short_circuit_operator.py
[2025-03-06T13:31:25.063+0000] {processor.py:829} INFO - Processing file /home/airflow/.local/lib/python3.8/site-packages/airflow/example_dags/example_short_circuit_operator.py for tasks to queue
[2025-03-06T13:31:25.064+0000] {logging_mixin.py:154} INFO - [2025-03-06T13:31:25.063+0000] {dagbag.py:536} INFO - Filling up the DagBag from /home/airflow/.local/lib/python3.8/site-packages/airflow/example_dags/example_short_circuit_operator.py
[2025-03-06T13:31:25.069+0000] {processor.py:839} INFO - DAG(s) dict_keys(['example_short_circuit_operator']) retrieved from /home/airflow/.local/lib/python3.8/site-packages/airflow/example_dags/example_short_circuit_operator.py
[2025-03-06T13:31:25.078+0000] {logging_mixin.py:154} INFO - [2025-03-06T13:31:25.078+0000] {dag.py:2941} INFO - Sync 1 DAGs
[2025-03-06T13:31:25.087+0000] {logging_mixin.py:154} INFO - [2025-03-06T13:31:25.087+0000] {dag.py:3722} INFO - Setting next_dagrun for example_short_circuit_operator to 2025-03-05T13:31:25.087203+00:00, run_after=2025-03-06T13:31:25.087203+00:00
[2025-03-06T13:31:25.098+0000] {processor.py:179} INFO - Processing /home/airflow/.local/lib/python3.8/site-packages/airflow/example_dags/example_short_circuit_operator.py took 0.037 seconds
[2025-03-06T13:31:55.665+0000] {processor.py:157} INFO - Started process (PID=20543) to work on /home/airflow/.local/lib/python3.8/site-packages/airflow/example_dags/example_short_circuit_operator.py
[2025-03-06T13:31:55.666+0000] {processor.py:829} INFO - Processing file /home/airflow/.local/lib/python3.8/site-packages/airflow/example_dags/example_short_circuit_operator.py for tasks to queue
[2025-03-06T13:31:55.666+0000] {logging_mixin.py:154} INFO - [2025-03-06T13:31:55.666+0000] {dagbag.py:536} INFO - Filling up the DagBag from /home/airflow/.local/lib/python3.8/site-packages/airflow/example_dags/example_short_circuit_operator.py
[2025-03-06T13:31:55.669+0000] {processor.py:839} INFO - DAG(s) dict_keys(['example_short_circuit_operator']) retrieved from /home/airflow/.local/lib/python3.8/site-packages/airflow/example_dags/example_short_circuit_operator.py
[2025-03-06T13:31:55.681+0000] {logging_mixin.py:154} INFO - [2025-03-06T13:31:55.681+0000] {dag.py:2941} INFO - Sync 1 DAGs
[2025-03-06T13:31:55.691+0000] {logging_mixin.py:154} INFO - [2025-03-06T13:31:55.691+0000] {dag.py:3722} INFO - Setting next_dagrun for example_short_circuit_operator to 2025-03-05T13:31:55.691733+00:00, run_after=2025-03-06T13:31:55.691733+00:00
[2025-03-06T13:31:55.698+0000] {processor.py:179} INFO - Processing /home/airflow/.local/lib/python3.8/site-packages/airflow/example_dags/example_short_circuit_operator.py took 0.034 seconds
[2025-03-06T13:32:26.413+0000] {processor.py:157} INFO - Started process (PID=20599) to work on /home/airflow/.local/lib/python3.8/site-packages/airflow/example_dags/example_short_circuit_operator.py
[2025-03-06T13:32:26.414+0000] {processor.py:829} INFO - Processing file /home/airflow/.local/lib/python3.8/site-packages/airflow/example_dags/example_short_circuit_operator.py for tasks to queue
[2025-03-06T13:32:26.414+0000] {logging_mixin.py:154} INFO - [2025-03-06T13:32:26.414+0000] {dagbag.py:536} INFO - Filling up the DagBag from /home/airflow/.local/lib/python3.8/site-packages/airflow/example_dags/example_short_circuit_operator.py
[2025-03-06T13:32:26.419+0000] {processor.py:839} INFO - DAG(s) dict_keys(['example_short_circuit_operator']) retrieved from /home/airflow/.local/lib/python3.8/site-packages/airflow/example_dags/example_short_circuit_operator.py
[2025-03-06T13:32:26.437+0000] {logging_mixin.py:154} INFO - [2025-03-06T13:32:26.437+0000] {dag.py:2941} INFO - Sync 1 DAGs
[2025-03-06T13:32:26.446+0000] {logging_mixin.py:154} INFO - [2025-03-06T13:32:26.446+0000] {dag.py:3722} INFO - Setting next_dagrun for example_short_circuit_operator to 2025-03-05T13:32:26.445972+00:00, run_after=2025-03-06T13:32:26.445972+00:00
[2025-03-06T13:32:26.455+0000] {processor.py:179} INFO - Processing /home/airflow/.local/lib/python3.8/site-packages/airflow/example_dags/example_short_circuit_operator.py took 0.043 seconds
[2025-03-06T13:32:57.055+0000] {processor.py:157} INFO - Started process (PID=20655) to work on /home/airflow/.local/lib/python3.8/site-packages/airflow/example_dags/example_short_circuit_operator.py
[2025-03-06T13:32:57.056+0000] {processor.py:829} INFO - Processing file /home/airflow/.local/lib/python3.8/site-packages/airflow/example_dags/example_short_circuit_operator.py for tasks to queue
[2025-03-06T13:32:57.057+0000] {logging_mixin.py:154} INFO - [2025-03-06T13:32:57.057+0000] {dagbag.py:536} INFO - Filling up the DagBag from /home/airflow/.local/lib/python3.8/site-packages/airflow/example_dags/example_short_circuit_operator.py
[2025-03-06T13:32:57.061+0000] {processor.py:839} INFO - DAG(s) dict_keys(['example_short_circuit_operator']) retrieved from /home/airflow/.local/lib/python3.8/site-packages/airflow/example_dags/example_short_circuit_operator.py
[2025-03-06T13:32:57.073+0000] {logging_mixin.py:154} INFO - [2025-03-06T13:32:57.073+0000] {dag.py:2941} INFO - Sync 1 DAGs
[2025-03-06T13:32:57.082+0000] {logging_mixin.py:154} INFO - [2025-03-06T13:32:57.081+0000] {dag.py:3722} INFO - Setting next_dagrun for example_short_circuit_operator to 2025-03-05T13:32:57.081873+00:00, run_after=2025-03-06T13:32:57.081873+00:00
[2025-03-06T13:32:57.093+0000] {processor.py:179} INFO - Processing /home/airflow/.local/lib/python3.8/site-packages/airflow/example_dags/example_short_circuit_operator.py took 0.039 seconds
[2025-03-06T13:33:27.617+0000] {processor.py:157} INFO - Started process (PID=20711) to work on /home/airflow/.local/lib/python3.8/site-packages/airflow/example_dags/example_short_circuit_operator.py
[2025-03-06T13:33:27.618+0000] {processor.py:829} INFO - Processing file /home/airflow/.local/lib/python3.8/site-packages/airflow/example_dags/example_short_circuit_operator.py for tasks to queue
[2025-03-06T13:33:27.618+0000] {logging_mixin.py:154} INFO - [2025-03-06T13:33:27.618+0000] {dagbag.py:536} INFO - Filling up the DagBag from /home/airflow/.local/lib/python3.8/site-packages/airflow/example_dags/example_short_circuit_operator.py
[2025-03-06T13:33:27.623+0000] {processor.py:839} INFO - DAG(s) dict_keys(['example_short_circuit_operator']) retrieved from /home/airflow/.local/lib/python3.8/site-packages/airflow/example_dags/example_short_circuit_operator.py
[2025-03-06T13:33:27.633+0000] {logging_mixin.py:154} INFO - [2025-03-06T13:33:27.633+0000] {dag.py:2941} INFO - Sync 1 DAGs
[2025-03-06T13:33:27.644+0000] {logging_mixin.py:154} INFO - [2025-03-06T13:33:27.643+0000] {dag.py:3722} INFO - Setting next_dagrun for example_short_circuit_operator to 2025-03-05T13:33:27.643875+00:00, run_after=2025-03-06T13:33:27.643875+00:00
[2025-03-06T13:33:27.651+0000] {processor.py:179} INFO - Processing /home/airflow/.local/lib/python3.8/site-packages/airflow/example_dags/example_short_circuit_operator.py took 0.035 seconds
[2025-03-06T13:33:58.166+0000] {processor.py:157} INFO - Started process (PID=20767) to work on /home/airflow/.local/lib/python3.8/site-packages/airflow/example_dags/example_short_circuit_operator.py
[2025-03-06T13:33:58.168+0000] {processor.py:829} INFO - Processing file /home/airflow/.local/lib/python3.8/site-packages/airflow/example_dags/example_short_circuit_operator.py for tasks to queue
[2025-03-06T13:33:58.168+0000] {logging_mixin.py:154} INFO - [2025-03-06T13:33:58.168+0000] {dagbag.py:536} INFO - Filling up the DagBag from /home/airflow/.local/lib/python3.8/site-packages/airflow/example_dags/example_short_circuit_operator.py
[2025-03-06T13:33:58.172+0000] {processor.py:839} INFO - DAG(s) dict_keys(['example_short_circuit_operator']) retrieved from /home/airflow/.local/lib/python3.8/site-packages/airflow/example_dags/example_short_circuit_operator.py
[2025-03-06T13:33:58.182+0000] {logging_mixin.py:154} INFO - [2025-03-06T13:33:58.182+0000] {dag.py:2941} INFO - Sync 1 DAGs
[2025-03-06T13:33:58.191+0000] {logging_mixin.py:154} INFO - [2025-03-06T13:33:58.191+0000] {dag.py:3722} INFO - Setting next_dagrun for example_short_circuit_operator to 2025-03-05T13:33:58.191690+00:00, run_after=2025-03-06T13:33:58.191690+00:00
[2025-03-06T13:33:58.201+0000] {processor.py:179} INFO - Processing /home/airflow/.local/lib/python3.8/site-packages/airflow/example_dags/example_short_circuit_operator.py took 0.036 seconds
[2025-03-06T13:34:28.692+0000] {processor.py:157} INFO - Started process (PID=20823) to work on /home/airflow/.local/lib/python3.8/site-packages/airflow/example_dags/example_short_circuit_operator.py
[2025-03-06T13:34:28.692+0000] {processor.py:829} INFO - Processing file /home/airflow/.local/lib/python3.8/site-packages/airflow/example_dags/example_short_circuit_operator.py for tasks to queue
[2025-03-06T13:34:28.692+0000] {logging_mixin.py:154} INFO - [2025-03-06T13:34:28.692+0000] {dagbag.py:536} INFO - Filling up the DagBag from /home/airflow/.local/lib/python3.8/site-packages/airflow/example_dags/example_short_circuit_operator.py
[2025-03-06T13:34:28.697+0000] {processor.py:839} INFO - DAG(s) dict_keys(['example_short_circuit_operator']) retrieved from /home/airflow/.local/lib/python3.8/site-packages/airflow/example_dags/example_short_circuit_operator.py
[2025-03-06T13:34:28.708+0000] {logging_mixin.py:154} INFO - [2025-03-06T13:34:28.708+0000] {dag.py:2941} INFO - Sync 1 DAGs
[2025-03-06T13:34:28.717+0000] {logging_mixin.py:154} INFO - [2025-03-06T13:34:28.717+0000] {dag.py:3722} INFO - Setting next_dagrun for example_short_circuit_operator to 2025-03-05T13:34:28.717258+00:00, run_after=2025-03-06T13:34:28.717258+00:00
[2025-03-06T13:34:28.726+0000] {processor.py:179} INFO - Processing /home/airflow/.local/lib/python3.8/site-packages/airflow/example_dags/example_short_circuit_operator.py took 0.036 seconds
[2025-03-06T13:34:59.167+0000] {processor.py:157} INFO - Started process (PID=20879) to work on /home/airflow/.local/lib/python3.8/site-packages/airflow/example_dags/example_short_circuit_operator.py
[2025-03-06T13:34:59.169+0000] {processor.py:829} INFO - Processing file /home/airflow/.local/lib/python3.8/site-packages/airflow/example_dags/example_short_circuit_operator.py for tasks to queue
[2025-03-06T13:34:59.171+0000] {logging_mixin.py:154} INFO - [2025-03-06T13:34:59.171+0000] {dagbag.py:536} INFO - Filling up the DagBag from /home/airflow/.local/lib/python3.8/site-packages/airflow/example_dags/example_short_circuit_operator.py
[2025-03-06T13:34:59.175+0000] {processor.py:839} INFO - DAG(s) dict_keys(['example_short_circuit_operator']) retrieved from /home/airflow/.local/lib/python3.8/site-packages/airflow/example_dags/example_short_circuit_operator.py
[2025-03-06T13:34:59.185+0000] {logging_mixin.py:154} INFO - [2025-03-06T13:34:59.185+0000] {dag.py:2941} INFO - Sync 1 DAGs
[2025-03-06T13:34:59.194+0000] {logging_mixin.py:154} INFO - [2025-03-06T13:34:59.194+0000] {dag.py:3722} INFO - Setting next_dagrun for example_short_circuit_operator to 2025-03-05T13:34:59.194775+00:00, run_after=2025-03-06T13:34:59.194775+00:00
[2025-03-06T13:34:59.201+0000] {processor.py:179} INFO - Processing /home/airflow/.local/lib/python3.8/site-packages/airflow/example_dags/example_short_circuit_operator.py took 0.036 seconds
[2025-03-06T13:35:29.677+0000] {processor.py:157} INFO - Started process (PID=20935) to work on /home/airflow/.local/lib/python3.8/site-packages/airflow/example_dags/example_short_circuit_operator.py
[2025-03-06T13:35:29.677+0000] {processor.py:829} INFO - Processing file /home/airflow/.local/lib/python3.8/site-packages/airflow/example_dags/example_short_circuit_operator.py for tasks to queue
[2025-03-06T13:35:29.677+0000] {logging_mixin.py:154} INFO - [2025-03-06T13:35:29.677+0000] {dagbag.py:536} INFO - Filling up the DagBag from /home/airflow/.local/lib/python3.8/site-packages/airflow/example_dags/example_short_circuit_operator.py
[2025-03-06T13:35:29.681+0000] {processor.py:839} INFO - DAG(s) dict_keys(['example_short_circuit_operator']) retrieved from /home/airflow/.local/lib/python3.8/site-packages/airflow/example_dags/example_short_circuit_operator.py
[2025-03-06T13:35:29.693+0000] {logging_mixin.py:154} INFO - [2025-03-06T13:35:29.693+0000] {dag.py:2941} INFO - Sync 1 DAGs
[2025-03-06T13:35:29.703+0000] {logging_mixin.py:154} INFO - [2025-03-06T13:35:29.703+0000] {dag.py:3722} INFO - Setting next_dagrun for example_short_circuit_operator to 2025-03-05T13:35:29.703227+00:00, run_after=2025-03-06T13:35:29.703227+00:00
[2025-03-06T13:35:29.709+0000] {processor.py:179} INFO - Processing /home/airflow/.local/lib/python3.8/site-packages/airflow/example_dags/example_short_circuit_operator.py took 0.034 seconds
[2025-03-06T13:36:00.270+0000] {processor.py:157} INFO - Started process (PID=20991) to work on /home/airflow/.local/lib/python3.8/site-packages/airflow/example_dags/example_short_circuit_operator.py
[2025-03-06T13:36:00.271+0000] {processor.py:829} INFO - Processing file /home/airflow/.local/lib/python3.8/site-packages/airflow/example_dags/example_short_circuit_operator.py for tasks to queue
[2025-03-06T13:36:00.271+0000] {logging_mixin.py:154} INFO - [2025-03-06T13:36:00.271+0000] {dagbag.py:536} INFO - Filling up the DagBag from /home/airflow/.local/lib/python3.8/site-packages/airflow/example_dags/example_short_circuit_operator.py
[2025-03-06T13:36:00.276+0000] {processor.py:839} INFO - DAG(s) dict_keys(['example_short_circuit_operator']) retrieved from /home/airflow/.local/lib/python3.8/site-packages/airflow/example_dags/example_short_circuit_operator.py
[2025-03-06T13:36:00.289+0000] {logging_mixin.py:154} INFO - [2025-03-06T13:36:00.289+0000] {dag.py:2941} INFO - Sync 1 DAGs
[2025-03-06T13:36:00.299+0000] {logging_mixin.py:154} INFO - [2025-03-06T13:36:00.299+0000] {dag.py:3722} INFO - Setting next_dagrun for example_short_circuit_operator to 2025-03-05T13:36:00.299493+00:00, run_after=2025-03-06T13:36:00.299493+00:00
[2025-03-06T13:36:00.308+0000] {processor.py:179} INFO - Processing /home/airflow/.local/lib/python3.8/site-packages/airflow/example_dags/example_short_circuit_operator.py took 0.040 seconds
[2025-03-06T13:36:30.838+0000] {processor.py:157} INFO - Started process (PID=21047) to work on /home/airflow/.local/lib/python3.8/site-packages/airflow/example_dags/example_short_circuit_operator.py
[2025-03-06T13:36:30.839+0000] {processor.py:829} INFO - Processing file /home/airflow/.local/lib/python3.8/site-packages/airflow/example_dags/example_short_circuit_operator.py for tasks to queue
[2025-03-06T13:36:30.839+0000] {logging_mixin.py:154} INFO - [2025-03-06T13:36:30.839+0000] {dagbag.py:536} INFO - Filling up the DagBag from /home/airflow/.local/lib/python3.8/site-packages/airflow/example_dags/example_short_circuit_operator.py
[2025-03-06T13:36:30.844+0000] {processor.py:839} INFO - DAG(s) dict_keys(['example_short_circuit_operator']) retrieved from /home/airflow/.local/lib/python3.8/site-packages/airflow/example_dags/example_short_circuit_operator.py
[2025-03-06T13:36:30.855+0000] {logging_mixin.py:154} INFO - [2025-03-06T13:36:30.855+0000] {dag.py:2941} INFO - Sync 1 DAGs
[2025-03-06T13:36:30.864+0000] {logging_mixin.py:154} INFO - [2025-03-06T13:36:30.864+0000] {dag.py:3722} INFO - Setting next_dagrun for example_short_circuit_operator to 2025-03-05T13:36:30.864652+00:00, run_after=2025-03-06T13:36:30.864652+00:00
[2025-03-06T13:36:30.873+0000] {processor.py:179} INFO - Processing /home/airflow/.local/lib/python3.8/site-packages/airflow/example_dags/example_short_circuit_operator.py took 0.036 seconds
[2025-03-06T13:37:01.449+0000] {processor.py:157} INFO - Started process (PID=21103) to work on /home/airflow/.local/lib/python3.8/site-packages/airflow/example_dags/example_short_circuit_operator.py
[2025-03-06T13:37:01.449+0000] {processor.py:829} INFO - Processing file /home/airflow/.local/lib/python3.8/site-packages/airflow/example_dags/example_short_circuit_operator.py for tasks to queue
[2025-03-06T13:37:01.450+0000] {logging_mixin.py:154} INFO - [2025-03-06T13:37:01.450+0000] {dagbag.py:536} INFO - Filling up the DagBag from /home/airflow/.local/lib/python3.8/site-packages/airflow/example_dags/example_short_circuit_operator.py
[2025-03-06T13:37:01.454+0000] {processor.py:839} INFO - DAG(s) dict_keys(['example_short_circuit_operator']) retrieved from /home/airflow/.local/lib/python3.8/site-packages/airflow/example_dags/example_short_circuit_operator.py
[2025-03-06T13:37:01.466+0000] {logging_mixin.py:154} INFO - [2025-03-06T13:37:01.466+0000] {dag.py:2941} INFO - Sync 1 DAGs
[2025-03-06T13:37:01.475+0000] {logging_mixin.py:154} INFO - [2025-03-06T13:37:01.475+0000] {dag.py:3722} INFO - Setting next_dagrun for example_short_circuit_operator to 2025-03-05T13:37:01.475259+00:00, run_after=2025-03-06T13:37:01.475259+00:00
[2025-03-06T13:37:01.486+0000] {processor.py:179} INFO - Processing /home/airflow/.local/lib/python3.8/site-packages/airflow/example_dags/example_short_circuit_operator.py took 0.039 seconds
[2025-03-06T13:37:32.157+0000] {processor.py:157} INFO - Started process (PID=21159) to work on /home/airflow/.local/lib/python3.8/site-packages/airflow/example_dags/example_short_circuit_operator.py
[2025-03-06T13:37:32.158+0000] {processor.py:829} INFO - Processing file /home/airflow/.local/lib/python3.8/site-packages/airflow/example_dags/example_short_circuit_operator.py for tasks to queue
[2025-03-06T13:37:32.158+0000] {logging_mixin.py:154} INFO - [2025-03-06T13:37:32.158+0000] {dagbag.py:536} INFO - Filling up the DagBag from /home/airflow/.local/lib/python3.8/site-packages/airflow/example_dags/example_short_circuit_operator.py
[2025-03-06T13:37:32.162+0000] {processor.py:839} INFO - DAG(s) dict_keys(['example_short_circuit_operator']) retrieved from /home/airflow/.local/lib/python3.8/site-packages/airflow/example_dags/example_short_circuit_operator.py
[2025-03-06T13:37:32.172+0000] {logging_mixin.py:154} INFO - [2025-03-06T13:37:32.172+0000] {dag.py:2941} INFO - Sync 1 DAGs
[2025-03-06T13:37:32.181+0000] {logging_mixin.py:154} INFO - [2025-03-06T13:37:32.181+0000] {dag.py:3722} INFO - Setting next_dagrun for example_short_circuit_operator to 2025-03-05T13:37:32.181413+00:00, run_after=2025-03-06T13:37:32.181413+00:00
[2025-03-06T13:37:32.188+0000] {processor.py:179} INFO - Processing /home/airflow/.local/lib/python3.8/site-packages/airflow/example_dags/example_short_circuit_operator.py took 0.032 seconds
[2025-03-06T13:38:02.722+0000] {processor.py:157} INFO - Started process (PID=21215) to work on /home/airflow/.local/lib/python3.8/site-packages/airflow/example_dags/example_short_circuit_operator.py
[2025-03-06T13:38:02.723+0000] {processor.py:829} INFO - Processing file /home/airflow/.local/lib/python3.8/site-packages/airflow/example_dags/example_short_circuit_operator.py for tasks to queue
[2025-03-06T13:38:02.723+0000] {logging_mixin.py:154} INFO - [2025-03-06T13:38:02.723+0000] {dagbag.py:536} INFO - Filling up the DagBag from /home/airflow/.local/lib/python3.8/site-packages/airflow/example_dags/example_short_circuit_operator.py
[2025-03-06T13:38:02.727+0000] {processor.py:839} INFO - DAG(s) dict_keys(['example_short_circuit_operator']) retrieved from /home/airflow/.local/lib/python3.8/site-packages/airflow/example_dags/example_short_circuit_operator.py
[2025-03-06T13:38:02.737+0000] {logging_mixin.py:154} INFO - [2025-03-06T13:38:02.737+0000] {dag.py:2941} INFO - Sync 1 DAGs
[2025-03-06T13:38:02.747+0000] {logging_mixin.py:154} INFO - [2025-03-06T13:38:02.747+0000] {dag.py:3722} INFO - Setting next_dagrun for example_short_circuit_operator to 2025-03-05T13:38:02.747822+00:00, run_after=2025-03-06T13:38:02.747822+00:00
[2025-03-06T13:38:02.753+0000] {processor.py:179} INFO - Processing /home/airflow/.local/lib/python3.8/site-packages/airflow/example_dags/example_short_circuit_operator.py took 0.033 seconds
[2025-03-06T13:38:33.166+0000] {processor.py:157} INFO - Started process (PID=21271) to work on /home/airflow/.local/lib/python3.8/site-packages/airflow/example_dags/example_short_circuit_operator.py
[2025-03-06T13:38:33.167+0000] {processor.py:829} INFO - Processing file /home/airflow/.local/lib/python3.8/site-packages/airflow/example_dags/example_short_circuit_operator.py for tasks to queue
[2025-03-06T13:38:33.168+0000] {logging_mixin.py:154} INFO - [2025-03-06T13:38:33.167+0000] {dagbag.py:536} INFO - Filling up the DagBag from /home/airflow/.local/lib/python3.8/site-packages/airflow/example_dags/example_short_circuit_operator.py
[2025-03-06T13:38:33.172+0000] {processor.py:839} INFO - DAG(s) dict_keys(['example_short_circuit_operator']) retrieved from /home/airflow/.local/lib/python3.8/site-packages/airflow/example_dags/example_short_circuit_operator.py
[2025-03-06T13:38:33.181+0000] {logging_mixin.py:154} INFO - [2025-03-06T13:38:33.181+0000] {dag.py:2941} INFO - Sync 1 DAGs
[2025-03-06T13:38:33.192+0000] {logging_mixin.py:154} INFO - [2025-03-06T13:38:33.192+0000] {dag.py:3722} INFO - Setting next_dagrun for example_short_circuit_operator to 2025-03-05T13:38:33.192166+00:00, run_after=2025-03-06T13:38:33.192166+00:00
[2025-03-06T13:38:33.202+0000] {processor.py:179} INFO - Processing /home/airflow/.local/lib/python3.8/site-packages/airflow/example_dags/example_short_circuit_operator.py took 0.037 seconds
[2025-03-06T13:39:03.656+0000] {processor.py:157} INFO - Started process (PID=21327) to work on /home/airflow/.local/lib/python3.8/site-packages/airflow/example_dags/example_short_circuit_operator.py
[2025-03-06T13:39:03.656+0000] {processor.py:829} INFO - Processing file /home/airflow/.local/lib/python3.8/site-packages/airflow/example_dags/example_short_circuit_operator.py for tasks to queue
[2025-03-06T13:39:03.657+0000] {logging_mixin.py:154} INFO - [2025-03-06T13:39:03.657+0000] {dagbag.py:536} INFO - Filling up the DagBag from /home/airflow/.local/lib/python3.8/site-packages/airflow/example_dags/example_short_circuit_operator.py
[2025-03-06T13:39:03.661+0000] {processor.py:839} INFO - DAG(s) dict_keys(['example_short_circuit_operator']) retrieved from /home/airflow/.local/lib/python3.8/site-packages/airflow/example_dags/example_short_circuit_operator.py
[2025-03-06T13:39:03.671+0000] {logging_mixin.py:154} INFO - [2025-03-06T13:39:03.671+0000] {dag.py:2941} INFO - Sync 1 DAGs
[2025-03-06T13:39:03.680+0000] {logging_mixin.py:154} INFO - [2025-03-06T13:39:03.680+0000] {dag.py:3722} INFO - Setting next_dagrun for example_short_circuit_operator to 2025-03-05T13:39:03.680022+00:00, run_after=2025-03-06T13:39:03.680022+00:00
[2025-03-06T13:39:03.688+0000] {processor.py:179} INFO - Processing /home/airflow/.local/lib/python3.8/site-packages/airflow/example_dags/example_short_circuit_operator.py took 0.034 seconds
[2025-03-06T13:39:34.200+0000] {processor.py:157} INFO - Started process (PID=21383) to work on /home/airflow/.local/lib/python3.8/site-packages/airflow/example_dags/example_short_circuit_operator.py
[2025-03-06T13:39:34.201+0000] {processor.py:829} INFO - Processing file /home/airflow/.local/lib/python3.8/site-packages/airflow/example_dags/example_short_circuit_operator.py for tasks to queue
[2025-03-06T13:39:34.201+0000] {logging_mixin.py:154} INFO - [2025-03-06T13:39:34.201+0000] {dagbag.py:536} INFO - Filling up the DagBag from /home/airflow/.local/lib/python3.8/site-packages/airflow/example_dags/example_short_circuit_operator.py
[2025-03-06T13:39:34.205+0000] {processor.py:839} INFO - DAG(s) dict_keys(['example_short_circuit_operator']) retrieved from /home/airflow/.local/lib/python3.8/site-packages/airflow/example_dags/example_short_circuit_operator.py
[2025-03-06T13:39:34.216+0000] {logging_mixin.py:154} INFO - [2025-03-06T13:39:34.216+0000] {dag.py:2941} INFO - Sync 1 DAGs
[2025-03-06T13:39:34.225+0000] {logging_mixin.py:154} INFO - [2025-03-06T13:39:34.224+0000] {dag.py:3722} INFO - Setting next_dagrun for example_short_circuit_operator to 2025-03-05T13:39:34.224890+00:00, run_after=2025-03-06T13:39:34.224890+00:00
[2025-03-06T13:39:34.234+0000] {processor.py:179} INFO - Processing /home/airflow/.local/lib/python3.8/site-packages/airflow/example_dags/example_short_circuit_operator.py took 0.035 seconds
[2025-03-06T13:40:04.676+0000] {processor.py:157} INFO - Started process (PID=21439) to work on /home/airflow/.local/lib/python3.8/site-packages/airflow/example_dags/example_short_circuit_operator.py
[2025-03-06T13:40:04.679+0000] {processor.py:829} INFO - Processing file /home/airflow/.local/lib/python3.8/site-packages/airflow/example_dags/example_short_circuit_operator.py for tasks to queue
[2025-03-06T13:40:04.679+0000] {logging_mixin.py:154} INFO - [2025-03-06T13:40:04.679+0000] {dagbag.py:536} INFO - Filling up the DagBag from /home/airflow/.local/lib/python3.8/site-packages/airflow/example_dags/example_short_circuit_operator.py
[2025-03-06T13:40:04.683+0000] {processor.py:839} INFO - DAG(s) dict_keys(['example_short_circuit_operator']) retrieved from /home/airflow/.local/lib/python3.8/site-packages/airflow/example_dags/example_short_circuit_operator.py
[2025-03-06T13:40:04.692+0000] {logging_mixin.py:154} INFO - [2025-03-06T13:40:04.692+0000] {dag.py:2941} INFO - Sync 1 DAGs
[2025-03-06T13:40:04.700+0000] {logging_mixin.py:154} INFO - [2025-03-06T13:40:04.700+0000] {dag.py:3722} INFO - Setting next_dagrun for example_short_circuit_operator to 2025-03-05T13:40:04.700619+00:00, run_after=2025-03-06T13:40:04.700619+00:00
[2025-03-06T13:40:04.709+0000] {processor.py:179} INFO - Processing /home/airflow/.local/lib/python3.8/site-packages/airflow/example_dags/example_short_circuit_operator.py took 0.035 seconds
[2025-03-06T13:40:35.149+0000] {processor.py:157} INFO - Started process (PID=21495) to work on /home/airflow/.local/lib/python3.8/site-packages/airflow/example_dags/example_short_circuit_operator.py
[2025-03-06T13:40:35.149+0000] {processor.py:829} INFO - Processing file /home/airflow/.local/lib/python3.8/site-packages/airflow/example_dags/example_short_circuit_operator.py for tasks to queue
[2025-03-06T13:40:35.150+0000] {logging_mixin.py:154} INFO - [2025-03-06T13:40:35.149+0000] {dagbag.py:536} INFO - Filling up the DagBag from /home/airflow/.local/lib/python3.8/site-packages/airflow/example_dags/example_short_circuit_operator.py
[2025-03-06T13:40:35.154+0000] {processor.py:839} INFO - DAG(s) dict_keys(['example_short_circuit_operator']) retrieved from /home/airflow/.local/lib/python3.8/site-packages/airflow/example_dags/example_short_circuit_operator.py
[2025-03-06T13:40:35.164+0000] {logging_mixin.py:154} INFO - [2025-03-06T13:40:35.164+0000] {dag.py:2941} INFO - Sync 1 DAGs
[2025-03-06T13:40:35.172+0000] {logging_mixin.py:154} INFO - [2025-03-06T13:40:35.172+0000] {dag.py:3722} INFO - Setting next_dagrun for example_short_circuit_operator to 2025-03-05T13:40:35.172581+00:00, run_after=2025-03-06T13:40:35.172581+00:00
[2025-03-06T13:40:35.181+0000] {processor.py:179} INFO - Processing /home/airflow/.local/lib/python3.8/site-packages/airflow/example_dags/example_short_circuit_operator.py took 0.034 seconds
[2025-03-06T13:41:05.728+0000] {processor.py:157} INFO - Started process (PID=21551) to work on /home/airflow/.local/lib/python3.8/site-packages/airflow/example_dags/example_short_circuit_operator.py
[2025-03-06T13:41:05.729+0000] {processor.py:829} INFO - Processing file /home/airflow/.local/lib/python3.8/site-packages/airflow/example_dags/example_short_circuit_operator.py for tasks to queue
[2025-03-06T13:41:05.729+0000] {logging_mixin.py:154} INFO - [2025-03-06T13:41:05.729+0000] {dagbag.py:536} INFO - Filling up the DagBag from /home/airflow/.local/lib/python3.8/site-packages/airflow/example_dags/example_short_circuit_operator.py
[2025-03-06T13:41:05.733+0000] {processor.py:839} INFO - DAG(s) dict_keys(['example_short_circuit_operator']) retrieved from /home/airflow/.local/lib/python3.8/site-packages/airflow/example_dags/example_short_circuit_operator.py
[2025-03-06T13:41:05.742+0000] {logging_mixin.py:154} INFO - [2025-03-06T13:41:05.742+0000] {dag.py:2941} INFO - Sync 1 DAGs
[2025-03-06T13:41:05.750+0000] {logging_mixin.py:154} INFO - [2025-03-06T13:41:05.749+0000] {dag.py:3722} INFO - Setting next_dagrun for example_short_circuit_operator to 2025-03-05T13:41:05.749887+00:00, run_after=2025-03-06T13:41:05.749887+00:00
[2025-03-06T13:41:05.758+0000] {processor.py:179} INFO - Processing /home/airflow/.local/lib/python3.8/site-packages/airflow/example_dags/example_short_circuit_operator.py took 0.032 seconds
[2025-03-06T13:41:36.224+0000] {processor.py:157} INFO - Started process (PID=21607) to work on /home/airflow/.local/lib/python3.8/site-packages/airflow/example_dags/example_short_circuit_operator.py
[2025-03-06T13:41:36.225+0000] {processor.py:829} INFO - Processing file /home/airflow/.local/lib/python3.8/site-packages/airflow/example_dags/example_short_circuit_operator.py for tasks to queue
[2025-03-06T13:41:36.225+0000] {logging_mixin.py:154} INFO - [2025-03-06T13:41:36.225+0000] {dagbag.py:536} INFO - Filling up the DagBag from /home/airflow/.local/lib/python3.8/site-packages/airflow/example_dags/example_short_circuit_operator.py
[2025-03-06T13:41:36.230+0000] {processor.py:839} INFO - DAG(s) dict_keys(['example_short_circuit_operator']) retrieved from /home/airflow/.local/lib/python3.8/site-packages/airflow/example_dags/example_short_circuit_operator.py
[2025-03-06T13:41:36.242+0000] {logging_mixin.py:154} INFO - [2025-03-06T13:41:36.242+0000] {dag.py:2941} INFO - Sync 1 DAGs
[2025-03-06T13:41:36.251+0000] {logging_mixin.py:154} INFO - [2025-03-06T13:41:36.251+0000] {dag.py:3722} INFO - Setting next_dagrun for example_short_circuit_operator to 2025-03-05T13:41:36.251362+00:00, run_after=2025-03-06T13:41:36.251362+00:00
[2025-03-06T13:41:36.261+0000] {processor.py:179} INFO - Processing /home/airflow/.local/lib/python3.8/site-packages/airflow/example_dags/example_short_circuit_operator.py took 0.038 seconds
[2025-03-06T13:42:06.784+0000] {processor.py:157} INFO - Started process (PID=21663) to work on /home/airflow/.local/lib/python3.8/site-packages/airflow/example_dags/example_short_circuit_operator.py
[2025-03-06T13:42:06.785+0000] {processor.py:829} INFO - Processing file /home/airflow/.local/lib/python3.8/site-packages/airflow/example_dags/example_short_circuit_operator.py for tasks to queue
[2025-03-06T13:42:06.786+0000] {logging_mixin.py:154} INFO - [2025-03-06T13:42:06.785+0000] {dagbag.py:536} INFO - Filling up the DagBag from /home/airflow/.local/lib/python3.8/site-packages/airflow/example_dags/example_short_circuit_operator.py
[2025-03-06T13:42:06.792+0000] {processor.py:839} INFO - DAG(s) dict_keys(['example_short_circuit_operator']) retrieved from /home/airflow/.local/lib/python3.8/site-packages/airflow/example_dags/example_short_circuit_operator.py
[2025-03-06T13:42:06.802+0000] {logging_mixin.py:154} INFO - [2025-03-06T13:42:06.802+0000] {dag.py:2941} INFO - Sync 1 DAGs
[2025-03-06T13:42:06.810+0000] {logging_mixin.py:154} INFO - [2025-03-06T13:42:06.810+0000] {dag.py:3722} INFO - Setting next_dagrun for example_short_circuit_operator to 2025-03-05T13:42:06.810517+00:00, run_after=2025-03-06T13:42:06.810517+00:00
[2025-03-06T13:42:06.818+0000] {processor.py:179} INFO - Processing /home/airflow/.local/lib/python3.8/site-packages/airflow/example_dags/example_short_circuit_operator.py took 0.036 seconds
[2025-03-06T13:45:59.438+0000] {processor.py:157} INFO - Started process (PID=21719) to work on /home/airflow/.local/lib/python3.8/site-packages/airflow/example_dags/example_short_circuit_operator.py
[2025-03-06T13:45:59.439+0000] {processor.py:829} INFO - Processing file /home/airflow/.local/lib/python3.8/site-packages/airflow/example_dags/example_short_circuit_operator.py for tasks to queue
[2025-03-06T13:45:59.439+0000] {logging_mixin.py:154} INFO - [2025-03-06T13:45:59.439+0000] {dagbag.py:536} INFO - Filling up the DagBag from /home/airflow/.local/lib/python3.8/site-packages/airflow/example_dags/example_short_circuit_operator.py
[2025-03-06T13:45:59.444+0000] {processor.py:839} INFO - DAG(s) dict_keys(['example_short_circuit_operator']) retrieved from /home/airflow/.local/lib/python3.8/site-packages/airflow/example_dags/example_short_circuit_operator.py
[2025-03-06T13:45:59.459+0000] {logging_mixin.py:154} INFO - [2025-03-06T13:45:59.458+0000] {dag.py:2941} INFO - Sync 1 DAGs
[2025-03-06T13:45:59.472+0000] {logging_mixin.py:154} INFO - [2025-03-06T13:45:59.471+0000] {dag.py:3722} INFO - Setting next_dagrun for example_short_circuit_operator to 2025-03-05T13:45:59.471736+00:00, run_after=2025-03-06T13:45:59.471736+00:00
[2025-03-06T13:45:59.481+0000] {processor.py:179} INFO - Processing /home/airflow/.local/lib/python3.8/site-packages/airflow/example_dags/example_short_circuit_operator.py took 0.045 seconds
[2025-03-06T13:50:53.671+0000] {processor.py:157} INFO - Started process (PID=21774) to work on /home/airflow/.local/lib/python3.8/site-packages/airflow/example_dags/example_short_circuit_operator.py
[2025-03-06T13:50:53.672+0000] {processor.py:829} INFO - Processing file /home/airflow/.local/lib/python3.8/site-packages/airflow/example_dags/example_short_circuit_operator.py for tasks to queue
[2025-03-06T13:50:53.673+0000] {logging_mixin.py:154} INFO - [2025-03-06T13:50:53.672+0000] {dagbag.py:536} INFO - Filling up the DagBag from /home/airflow/.local/lib/python3.8/site-packages/airflow/example_dags/example_short_circuit_operator.py
[2025-03-06T13:50:53.678+0000] {processor.py:839} INFO - DAG(s) dict_keys(['example_short_circuit_operator']) retrieved from /home/airflow/.local/lib/python3.8/site-packages/airflow/example_dags/example_short_circuit_operator.py
[2025-03-06T13:50:53.695+0000] {logging_mixin.py:154} INFO - [2025-03-06T13:50:53.695+0000] {dag.py:2941} INFO - Sync 1 DAGs
[2025-03-06T13:50:53.710+0000] {logging_mixin.py:154} INFO - [2025-03-06T13:50:53.710+0000] {dag.py:3722} INFO - Setting next_dagrun for example_short_circuit_operator to 2025-03-05T13:50:53.710701+00:00, run_after=2025-03-06T13:50:53.710701+00:00
[2025-03-06T13:50:53.726+0000] {processor.py:179} INFO - Processing /home/airflow/.local/lib/python3.8/site-packages/airflow/example_dags/example_short_circuit_operator.py took 0.058 seconds
[2025-03-06T13:51:24.531+0000] {processor.py:157} INFO - Started process (PID=21830) to work on /home/airflow/.local/lib/python3.8/site-packages/airflow/example_dags/example_short_circuit_operator.py
[2025-03-06T13:51:24.532+0000] {processor.py:829} INFO - Processing file /home/airflow/.local/lib/python3.8/site-packages/airflow/example_dags/example_short_circuit_operator.py for tasks to queue
[2025-03-06T13:51:24.533+0000] {logging_mixin.py:154} INFO - [2025-03-06T13:51:24.533+0000] {dagbag.py:536} INFO - Filling up the DagBag from /home/airflow/.local/lib/python3.8/site-packages/airflow/example_dags/example_short_circuit_operator.py
[2025-03-06T13:51:24.537+0000] {processor.py:839} INFO - DAG(s) dict_keys(['example_short_circuit_operator']) retrieved from /home/airflow/.local/lib/python3.8/site-packages/airflow/example_dags/example_short_circuit_operator.py
[2025-03-06T13:51:24.547+0000] {logging_mixin.py:154} INFO - [2025-03-06T13:51:24.547+0000] {dag.py:2941} INFO - Sync 1 DAGs
[2025-03-06T13:51:24.561+0000] {logging_mixin.py:154} INFO - [2025-03-06T13:51:24.560+0000] {dag.py:3722} INFO - Setting next_dagrun for example_short_circuit_operator to 2025-03-05T13:51:24.560874+00:00, run_after=2025-03-06T13:51:24.560874+00:00
[2025-03-06T13:51:24.573+0000] {processor.py:179} INFO - Processing /home/airflow/.local/lib/python3.8/site-packages/airflow/example_dags/example_short_circuit_operator.py took 0.044 seconds
[2025-03-06T13:51:55.076+0000] {processor.py:157} INFO - Started process (PID=21886) to work on /home/airflow/.local/lib/python3.8/site-packages/airflow/example_dags/example_short_circuit_operator.py
[2025-03-06T13:51:55.080+0000] {processor.py:829} INFO - Processing file /home/airflow/.local/lib/python3.8/site-packages/airflow/example_dags/example_short_circuit_operator.py for tasks to queue
[2025-03-06T13:51:55.080+0000] {logging_mixin.py:154} INFO - [2025-03-06T13:51:55.080+0000] {dagbag.py:536} INFO - Filling up the DagBag from /home/airflow/.local/lib/python3.8/site-packages/airflow/example_dags/example_short_circuit_operator.py
[2025-03-06T13:51:55.084+0000] {processor.py:839} INFO - DAG(s) dict_keys(['example_short_circuit_operator']) retrieved from /home/airflow/.local/lib/python3.8/site-packages/airflow/example_dags/example_short_circuit_operator.py
[2025-03-06T13:51:55.094+0000] {logging_mixin.py:154} INFO - [2025-03-06T13:51:55.094+0000] {dag.py:2941} INFO - Sync 1 DAGs
[2025-03-06T13:51:55.103+0000] {logging_mixin.py:154} INFO - [2025-03-06T13:51:55.103+0000] {dag.py:3722} INFO - Setting next_dagrun for example_short_circuit_operator to 2025-03-05T13:51:55.103050+00:00, run_after=2025-03-06T13:51:55.103050+00:00
[2025-03-06T13:51:55.109+0000] {processor.py:179} INFO - Processing /home/airflow/.local/lib/python3.8/site-packages/airflow/example_dags/example_short_circuit_operator.py took 0.035 seconds
[2025-03-06T13:52:25.612+0000] {processor.py:157} INFO - Started process (PID=21942) to work on /home/airflow/.local/lib/python3.8/site-packages/airflow/example_dags/example_short_circuit_operator.py
[2025-03-06T13:52:25.613+0000] {processor.py:829} INFO - Processing file /home/airflow/.local/lib/python3.8/site-packages/airflow/example_dags/example_short_circuit_operator.py for tasks to queue
[2025-03-06T13:52:25.613+0000] {logging_mixin.py:154} INFO - [2025-03-06T13:52:25.613+0000] {dagbag.py:536} INFO - Filling up the DagBag from /home/airflow/.local/lib/python3.8/site-packages/airflow/example_dags/example_short_circuit_operator.py
[2025-03-06T13:52:25.617+0000] {processor.py:839} INFO - DAG(s) dict_keys(['example_short_circuit_operator']) retrieved from /home/airflow/.local/lib/python3.8/site-packages/airflow/example_dags/example_short_circuit_operator.py
[2025-03-06T13:52:25.630+0000] {logging_mixin.py:154} INFO - [2025-03-06T13:52:25.630+0000] {dag.py:2941} INFO - Sync 1 DAGs
[2025-03-06T13:52:25.639+0000] {logging_mixin.py:154} INFO - [2025-03-06T13:52:25.639+0000] {dag.py:3722} INFO - Setting next_dagrun for example_short_circuit_operator to 2025-03-05T13:52:25.639149+00:00, run_after=2025-03-06T13:52:25.639149+00:00
[2025-03-06T13:52:25.645+0000] {processor.py:179} INFO - Processing /home/airflow/.local/lib/python3.8/site-packages/airflow/example_dags/example_short_circuit_operator.py took 0.035 seconds
[2025-03-06T13:52:56.162+0000] {processor.py:157} INFO - Started process (PID=21998) to work on /home/airflow/.local/lib/python3.8/site-packages/airflow/example_dags/example_short_circuit_operator.py
[2025-03-06T13:52:56.163+0000] {processor.py:829} INFO - Processing file /home/airflow/.local/lib/python3.8/site-packages/airflow/example_dags/example_short_circuit_operator.py for tasks to queue
[2025-03-06T13:52:56.163+0000] {logging_mixin.py:154} INFO - [2025-03-06T13:52:56.163+0000] {dagbag.py:536} INFO - Filling up the DagBag from /home/airflow/.local/lib/python3.8/site-packages/airflow/example_dags/example_short_circuit_operator.py
[2025-03-06T13:52:56.167+0000] {processor.py:839} INFO - DAG(s) dict_keys(['example_short_circuit_operator']) retrieved from /home/airflow/.local/lib/python3.8/site-packages/airflow/example_dags/example_short_circuit_operator.py
[2025-03-06T13:52:56.177+0000] {logging_mixin.py:154} INFO - [2025-03-06T13:52:56.177+0000] {dag.py:2941} INFO - Sync 1 DAGs
[2025-03-06T13:52:56.185+0000] {logging_mixin.py:154} INFO - [2025-03-06T13:52:56.185+0000] {dag.py:3722} INFO - Setting next_dagrun for example_short_circuit_operator to 2025-03-05T13:52:56.185579+00:00, run_after=2025-03-06T13:52:56.185579+00:00
[2025-03-06T13:52:56.196+0000] {processor.py:179} INFO - Processing /home/airflow/.local/lib/python3.8/site-packages/airflow/example_dags/example_short_circuit_operator.py took 0.035 seconds
[2025-03-06T13:53:26.705+0000] {processor.py:157} INFO - Started process (PID=22054) to work on /home/airflow/.local/lib/python3.8/site-packages/airflow/example_dags/example_short_circuit_operator.py
[2025-03-06T13:53:26.705+0000] {processor.py:829} INFO - Processing file /home/airflow/.local/lib/python3.8/site-packages/airflow/example_dags/example_short_circuit_operator.py for tasks to queue
[2025-03-06T13:53:26.706+0000] {logging_mixin.py:154} INFO - [2025-03-06T13:53:26.706+0000] {dagbag.py:536} INFO - Filling up the DagBag from /home/airflow/.local/lib/python3.8/site-packages/airflow/example_dags/example_short_circuit_operator.py
[2025-03-06T13:53:26.710+0000] {processor.py:839} INFO - DAG(s) dict_keys(['example_short_circuit_operator']) retrieved from /home/airflow/.local/lib/python3.8/site-packages/airflow/example_dags/example_short_circuit_operator.py
[2025-03-06T13:53:26.723+0000] {logging_mixin.py:154} INFO - [2025-03-06T13:53:26.723+0000] {dag.py:2941} INFO - Sync 1 DAGs
[2025-03-06T13:53:26.732+0000] {logging_mixin.py:154} INFO - [2025-03-06T13:53:26.732+0000] {dag.py:3722} INFO - Setting next_dagrun for example_short_circuit_operator to 2025-03-05T13:53:26.732270+00:00, run_after=2025-03-06T13:53:26.732270+00:00
[2025-03-06T13:53:26.743+0000] {processor.py:179} INFO - Processing /home/airflow/.local/lib/python3.8/site-packages/airflow/example_dags/example_short_circuit_operator.py took 0.040 seconds
[2025-03-06T13:53:57.303+0000] {processor.py:157} INFO - Started process (PID=22110) to work on /home/airflow/.local/lib/python3.8/site-packages/airflow/example_dags/example_short_circuit_operator.py
[2025-03-06T13:53:57.304+0000] {processor.py:829} INFO - Processing file /home/airflow/.local/lib/python3.8/site-packages/airflow/example_dags/example_short_circuit_operator.py for tasks to queue
[2025-03-06T13:53:57.305+0000] {logging_mixin.py:154} INFO - [2025-03-06T13:53:57.304+0000] {dagbag.py:536} INFO - Filling up the DagBag from /home/airflow/.local/lib/python3.8/site-packages/airflow/example_dags/example_short_circuit_operator.py
[2025-03-06T13:53:57.309+0000] {processor.py:839} INFO - DAG(s) dict_keys(['example_short_circuit_operator']) retrieved from /home/airflow/.local/lib/python3.8/site-packages/airflow/example_dags/example_short_circuit_operator.py
[2025-03-06T13:53:57.319+0000] {logging_mixin.py:154} INFO - [2025-03-06T13:53:57.318+0000] {dag.py:2941} INFO - Sync 1 DAGs
[2025-03-06T13:53:57.328+0000] {logging_mixin.py:154} INFO - [2025-03-06T13:53:57.328+0000] {dag.py:3722} INFO - Setting next_dagrun for example_short_circuit_operator to 2025-03-05T13:53:57.328623+00:00, run_after=2025-03-06T13:53:57.328623+00:00
[2025-03-06T13:53:57.341+0000] {processor.py:179} INFO - Processing /home/airflow/.local/lib/python3.8/site-packages/airflow/example_dags/example_short_circuit_operator.py took 0.039 seconds
[2025-03-06T13:54:27.760+0000] {processor.py:157} INFO - Started process (PID=22165) to work on /home/airflow/.local/lib/python3.8/site-packages/airflow/example_dags/example_short_circuit_operator.py
[2025-03-06T13:54:27.761+0000] {processor.py:829} INFO - Processing file /home/airflow/.local/lib/python3.8/site-packages/airflow/example_dags/example_short_circuit_operator.py for tasks to queue
[2025-03-06T13:54:27.761+0000] {logging_mixin.py:154} INFO - [2025-03-06T13:54:27.761+0000] {dagbag.py:536} INFO - Filling up the DagBag from /home/airflow/.local/lib/python3.8/site-packages/airflow/example_dags/example_short_circuit_operator.py
[2025-03-06T13:54:27.765+0000] {processor.py:839} INFO - DAG(s) dict_keys(['example_short_circuit_operator']) retrieved from /home/airflow/.local/lib/python3.8/site-packages/airflow/example_dags/example_short_circuit_operator.py
[2025-03-06T13:54:27.776+0000] {logging_mixin.py:154} INFO - [2025-03-06T13:54:27.775+0000] {dag.py:2941} INFO - Sync 1 DAGs
[2025-03-06T13:54:27.783+0000] {logging_mixin.py:154} INFO - [2025-03-06T13:54:27.783+0000] {dag.py:3722} INFO - Setting next_dagrun for example_short_circuit_operator to 2025-03-05T13:54:27.783519+00:00, run_after=2025-03-06T13:54:27.783519+00:00
[2025-03-06T13:54:27.792+0000] {processor.py:179} INFO - Processing /home/airflow/.local/lib/python3.8/site-packages/airflow/example_dags/example_short_circuit_operator.py took 0.034 seconds
[2025-03-06T13:54:58.356+0000] {processor.py:157} INFO - Started process (PID=22221) to work on /home/airflow/.local/lib/python3.8/site-packages/airflow/example_dags/example_short_circuit_operator.py
[2025-03-06T13:54:58.357+0000] {processor.py:829} INFO - Processing file /home/airflow/.local/lib/python3.8/site-packages/airflow/example_dags/example_short_circuit_operator.py for tasks to queue
[2025-03-06T13:54:58.357+0000] {logging_mixin.py:154} INFO - [2025-03-06T13:54:58.357+0000] {dagbag.py:536} INFO - Filling up the DagBag from /home/airflow/.local/lib/python3.8/site-packages/airflow/example_dags/example_short_circuit_operator.py
[2025-03-06T13:54:58.361+0000] {processor.py:839} INFO - DAG(s) dict_keys(['example_short_circuit_operator']) retrieved from /home/airflow/.local/lib/python3.8/site-packages/airflow/example_dags/example_short_circuit_operator.py
[2025-03-06T13:54:58.371+0000] {logging_mixin.py:154} INFO - [2025-03-06T13:54:58.370+0000] {dag.py:2941} INFO - Sync 1 DAGs
[2025-03-06T13:54:58.379+0000] {logging_mixin.py:154} INFO - [2025-03-06T13:54:58.379+0000] {dag.py:3722} INFO - Setting next_dagrun for example_short_circuit_operator to 2025-03-05T13:54:58.379096+00:00, run_after=2025-03-06T13:54:58.379096+00:00
[2025-03-06T13:54:58.388+0000] {processor.py:179} INFO - Processing /home/airflow/.local/lib/python3.8/site-packages/airflow/example_dags/example_short_circuit_operator.py took 0.033 seconds
[2025-03-06T13:55:28.903+0000] {processor.py:157} INFO - Started process (PID=22277) to work on /home/airflow/.local/lib/python3.8/site-packages/airflow/example_dags/example_short_circuit_operator.py
[2025-03-06T13:55:28.903+0000] {processor.py:829} INFO - Processing file /home/airflow/.local/lib/python3.8/site-packages/airflow/example_dags/example_short_circuit_operator.py for tasks to queue
[2025-03-06T13:55:28.904+0000] {logging_mixin.py:154} INFO - [2025-03-06T13:55:28.904+0000] {dagbag.py:536} INFO - Filling up the DagBag from /home/airflow/.local/lib/python3.8/site-packages/airflow/example_dags/example_short_circuit_operator.py
[2025-03-06T13:55:28.909+0000] {processor.py:839} INFO - DAG(s) dict_keys(['example_short_circuit_operator']) retrieved from /home/airflow/.local/lib/python3.8/site-packages/airflow/example_dags/example_short_circuit_operator.py
[2025-03-06T13:55:28.921+0000] {logging_mixin.py:154} INFO - [2025-03-06T13:55:28.921+0000] {dag.py:2941} INFO - Sync 1 DAGs
[2025-03-06T13:55:28.932+0000] {logging_mixin.py:154} INFO - [2025-03-06T13:55:28.931+0000] {dag.py:3722} INFO - Setting next_dagrun for example_short_circuit_operator to 2025-03-05T13:55:28.931817+00:00, run_after=2025-03-06T13:55:28.931817+00:00
[2025-03-06T13:55:28.939+0000] {processor.py:179} INFO - Processing /home/airflow/.local/lib/python3.8/site-packages/airflow/example_dags/example_short_circuit_operator.py took 0.038 seconds
[2025-03-06T13:55:59.383+0000] {processor.py:157} INFO - Started process (PID=22333) to work on /home/airflow/.local/lib/python3.8/site-packages/airflow/example_dags/example_short_circuit_operator.py
[2025-03-06T13:55:59.384+0000] {processor.py:829} INFO - Processing file /home/airflow/.local/lib/python3.8/site-packages/airflow/example_dags/example_short_circuit_operator.py for tasks to queue
[2025-03-06T13:55:59.384+0000] {logging_mixin.py:154} INFO - [2025-03-06T13:55:59.384+0000] {dagbag.py:536} INFO - Filling up the DagBag from /home/airflow/.local/lib/python3.8/site-packages/airflow/example_dags/example_short_circuit_operator.py
[2025-03-06T13:55:59.388+0000] {processor.py:839} INFO - DAG(s) dict_keys(['example_short_circuit_operator']) retrieved from /home/airflow/.local/lib/python3.8/site-packages/airflow/example_dags/example_short_circuit_operator.py
[2025-03-06T13:55:59.398+0000] {logging_mixin.py:154} INFO - [2025-03-06T13:55:59.398+0000] {dag.py:2941} INFO - Sync 1 DAGs
[2025-03-06T13:55:59.406+0000] {logging_mixin.py:154} INFO - [2025-03-06T13:55:59.406+0000] {dag.py:3722} INFO - Setting next_dagrun for example_short_circuit_operator to 2025-03-05T13:55:59.406260+00:00, run_after=2025-03-06T13:55:59.406260+00:00
[2025-03-06T13:55:59.412+0000] {processor.py:179} INFO - Processing /home/airflow/.local/lib/python3.8/site-packages/airflow/example_dags/example_short_circuit_operator.py took 0.030 seconds
[2025-03-06T13:56:29.851+0000] {processor.py:157} INFO - Started process (PID=22389) to work on /home/airflow/.local/lib/python3.8/site-packages/airflow/example_dags/example_short_circuit_operator.py
[2025-03-06T13:56:29.851+0000] {processor.py:829} INFO - Processing file /home/airflow/.local/lib/python3.8/site-packages/airflow/example_dags/example_short_circuit_operator.py for tasks to queue
[2025-03-06T13:56:29.851+0000] {logging_mixin.py:154} INFO - [2025-03-06T13:56:29.851+0000] {dagbag.py:536} INFO - Filling up the DagBag from /home/airflow/.local/lib/python3.8/site-packages/airflow/example_dags/example_short_circuit_operator.py
[2025-03-06T13:56:29.855+0000] {processor.py:839} INFO - DAG(s) dict_keys(['example_short_circuit_operator']) retrieved from /home/airflow/.local/lib/python3.8/site-packages/airflow/example_dags/example_short_circuit_operator.py
[2025-03-06T13:56:29.864+0000] {logging_mixin.py:154} INFO - [2025-03-06T13:56:29.864+0000] {dag.py:2941} INFO - Sync 1 DAGs
[2025-03-06T13:56:29.873+0000] {logging_mixin.py:154} INFO - [2025-03-06T13:56:29.873+0000] {dag.py:3722} INFO - Setting next_dagrun for example_short_circuit_operator to 2025-03-05T13:56:29.873253+00:00, run_after=2025-03-06T13:56:29.873253+00:00
[2025-03-06T13:56:29.879+0000] {processor.py:179} INFO - Processing /home/airflow/.local/lib/python3.8/site-packages/airflow/example_dags/example_short_circuit_operator.py took 0.030 seconds
[2025-03-06T13:57:00.365+0000] {processor.py:157} INFO - Started process (PID=22445) to work on /home/airflow/.local/lib/python3.8/site-packages/airflow/example_dags/example_short_circuit_operator.py
[2025-03-06T13:57:00.366+0000] {processor.py:829} INFO - Processing file /home/airflow/.local/lib/python3.8/site-packages/airflow/example_dags/example_short_circuit_operator.py for tasks to queue
[2025-03-06T13:57:00.366+0000] {logging_mixin.py:154} INFO - [2025-03-06T13:57:00.366+0000] {dagbag.py:536} INFO - Filling up the DagBag from /home/airflow/.local/lib/python3.8/site-packages/airflow/example_dags/example_short_circuit_operator.py
[2025-03-06T13:57:00.370+0000] {processor.py:839} INFO - DAG(s) dict_keys(['example_short_circuit_operator']) retrieved from /home/airflow/.local/lib/python3.8/site-packages/airflow/example_dags/example_short_circuit_operator.py
[2025-03-06T13:57:00.380+0000] {logging_mixin.py:154} INFO - [2025-03-06T13:57:00.380+0000] {dag.py:2941} INFO - Sync 1 DAGs
[2025-03-06T13:57:00.390+0000] {logging_mixin.py:154} INFO - [2025-03-06T13:57:00.390+0000] {dag.py:3722} INFO - Setting next_dagrun for example_short_circuit_operator to 2025-03-05T13:57:00.390736+00:00, run_after=2025-03-06T13:57:00.390736+00:00
[2025-03-06T13:57:00.397+0000] {processor.py:179} INFO - Processing /home/airflow/.local/lib/python3.8/site-packages/airflow/example_dags/example_short_circuit_operator.py took 0.034 seconds
[2025-03-06T13:57:30.920+0000] {processor.py:157} INFO - Started process (PID=22501) to work on /home/airflow/.local/lib/python3.8/site-packages/airflow/example_dags/example_short_circuit_operator.py
[2025-03-06T13:57:30.922+0000] {processor.py:829} INFO - Processing file /home/airflow/.local/lib/python3.8/site-packages/airflow/example_dags/example_short_circuit_operator.py for tasks to queue
[2025-03-06T13:57:30.922+0000] {logging_mixin.py:154} INFO - [2025-03-06T13:57:30.922+0000] {dagbag.py:536} INFO - Filling up the DagBag from /home/airflow/.local/lib/python3.8/site-packages/airflow/example_dags/example_short_circuit_operator.py
[2025-03-06T13:57:30.926+0000] {processor.py:839} INFO - DAG(s) dict_keys(['example_short_circuit_operator']) retrieved from /home/airflow/.local/lib/python3.8/site-packages/airflow/example_dags/example_short_circuit_operator.py
[2025-03-06T13:57:30.936+0000] {logging_mixin.py:154} INFO - [2025-03-06T13:57:30.936+0000] {dag.py:2941} INFO - Sync 1 DAGs
[2025-03-06T13:57:30.944+0000] {logging_mixin.py:154} INFO - [2025-03-06T13:57:30.944+0000] {dag.py:3722} INFO - Setting next_dagrun for example_short_circuit_operator to 2025-03-05T13:57:30.944425+00:00, run_after=2025-03-06T13:57:30.944425+00:00
[2025-03-06T13:57:30.951+0000] {processor.py:179} INFO - Processing /home/airflow/.local/lib/python3.8/site-packages/airflow/example_dags/example_short_circuit_operator.py took 0.033 seconds
[2025-03-06T13:58:01.470+0000] {processor.py:157} INFO - Started process (PID=22557) to work on /home/airflow/.local/lib/python3.8/site-packages/airflow/example_dags/example_short_circuit_operator.py
[2025-03-06T13:58:01.471+0000] {processor.py:829} INFO - Processing file /home/airflow/.local/lib/python3.8/site-packages/airflow/example_dags/example_short_circuit_operator.py for tasks to queue
[2025-03-06T13:58:01.472+0000] {logging_mixin.py:154} INFO - [2025-03-06T13:58:01.472+0000] {dagbag.py:536} INFO - Filling up the DagBag from /home/airflow/.local/lib/python3.8/site-packages/airflow/example_dags/example_short_circuit_operator.py
[2025-03-06T13:58:01.477+0000] {processor.py:839} INFO - DAG(s) dict_keys(['example_short_circuit_operator']) retrieved from /home/airflow/.local/lib/python3.8/site-packages/airflow/example_dags/example_short_circuit_operator.py
[2025-03-06T13:58:01.487+0000] {logging_mixin.py:154} INFO - [2025-03-06T13:58:01.486+0000] {dag.py:2941} INFO - Sync 1 DAGs
[2025-03-06T13:58:01.494+0000] {logging_mixin.py:154} INFO - [2025-03-06T13:58:01.494+0000] {dag.py:3722} INFO - Setting next_dagrun for example_short_circuit_operator to 2025-03-05T13:58:01.494574+00:00, run_after=2025-03-06T13:58:01.494574+00:00
[2025-03-06T13:58:01.503+0000] {processor.py:179} INFO - Processing /home/airflow/.local/lib/python3.8/site-packages/airflow/example_dags/example_short_circuit_operator.py took 0.034 seconds
[2025-03-06T13:58:31.927+0000] {processor.py:157} INFO - Started process (PID=22613) to work on /home/airflow/.local/lib/python3.8/site-packages/airflow/example_dags/example_short_circuit_operator.py
[2025-03-06T13:58:31.928+0000] {processor.py:829} INFO - Processing file /home/airflow/.local/lib/python3.8/site-packages/airflow/example_dags/example_short_circuit_operator.py for tasks to queue
[2025-03-06T13:58:31.929+0000] {logging_mixin.py:154} INFO - [2025-03-06T13:58:31.929+0000] {dagbag.py:536} INFO - Filling up the DagBag from /home/airflow/.local/lib/python3.8/site-packages/airflow/example_dags/example_short_circuit_operator.py
[2025-03-06T13:58:31.934+0000] {processor.py:839} INFO - DAG(s) dict_keys(['example_short_circuit_operator']) retrieved from /home/airflow/.local/lib/python3.8/site-packages/airflow/example_dags/example_short_circuit_operator.py
[2025-03-06T13:58:31.944+0000] {logging_mixin.py:154} INFO - [2025-03-06T13:58:31.944+0000] {dag.py:2941} INFO - Sync 1 DAGs
[2025-03-06T13:58:31.954+0000] {logging_mixin.py:154} INFO - [2025-03-06T13:58:31.954+0000] {dag.py:3722} INFO - Setting next_dagrun for example_short_circuit_operator to 2025-03-05T13:58:31.954097+00:00, run_after=2025-03-06T13:58:31.954097+00:00
[2025-03-06T13:58:31.963+0000] {processor.py:179} INFO - Processing /home/airflow/.local/lib/python3.8/site-packages/airflow/example_dags/example_short_circuit_operator.py took 0.038 seconds
[2025-03-06T13:59:02.531+0000] {processor.py:157} INFO - Started process (PID=22669) to work on /home/airflow/.local/lib/python3.8/site-packages/airflow/example_dags/example_short_circuit_operator.py
[2025-03-06T13:59:02.531+0000] {processor.py:829} INFO - Processing file /home/airflow/.local/lib/python3.8/site-packages/airflow/example_dags/example_short_circuit_operator.py for tasks to queue
[2025-03-06T13:59:02.531+0000] {logging_mixin.py:154} INFO - [2025-03-06T13:59:02.531+0000] {dagbag.py:536} INFO - Filling up the DagBag from /home/airflow/.local/lib/python3.8/site-packages/airflow/example_dags/example_short_circuit_operator.py
[2025-03-06T13:59:02.535+0000] {processor.py:839} INFO - DAG(s) dict_keys(['example_short_circuit_operator']) retrieved from /home/airflow/.local/lib/python3.8/site-packages/airflow/example_dags/example_short_circuit_operator.py
[2025-03-06T13:59:02.545+0000] {logging_mixin.py:154} INFO - [2025-03-06T13:59:02.545+0000] {dag.py:2941} INFO - Sync 1 DAGs
[2025-03-06T13:59:02.553+0000] {logging_mixin.py:154} INFO - [2025-03-06T13:59:02.553+0000] {dag.py:3722} INFO - Setting next_dagrun for example_short_circuit_operator to 2025-03-05T13:59:02.553263+00:00, run_after=2025-03-06T13:59:02.553263+00:00
[2025-03-06T13:59:02.559+0000] {processor.py:179} INFO - Processing /home/airflow/.local/lib/python3.8/site-packages/airflow/example_dags/example_short_circuit_operator.py took 0.030 seconds
[2025-03-06T13:59:33.056+0000] {processor.py:157} INFO - Started process (PID=22725) to work on /home/airflow/.local/lib/python3.8/site-packages/airflow/example_dags/example_short_circuit_operator.py
[2025-03-06T13:59:33.057+0000] {processor.py:829} INFO - Processing file /home/airflow/.local/lib/python3.8/site-packages/airflow/example_dags/example_short_circuit_operator.py for tasks to queue
[2025-03-06T13:59:33.057+0000] {logging_mixin.py:154} INFO - [2025-03-06T13:59:33.057+0000] {dagbag.py:536} INFO - Filling up the DagBag from /home/airflow/.local/lib/python3.8/site-packages/airflow/example_dags/example_short_circuit_operator.py
[2025-03-06T13:59:33.061+0000] {processor.py:839} INFO - DAG(s) dict_keys(['example_short_circuit_operator']) retrieved from /home/airflow/.local/lib/python3.8/site-packages/airflow/example_dags/example_short_circuit_operator.py
[2025-03-06T13:59:33.071+0000] {logging_mixin.py:154} INFO - [2025-03-06T13:59:33.071+0000] {dag.py:2941} INFO - Sync 1 DAGs
[2025-03-06T13:59:33.080+0000] {logging_mixin.py:154} INFO - [2025-03-06T13:59:33.080+0000] {dag.py:3722} INFO - Setting next_dagrun for example_short_circuit_operator to 2025-03-05T13:59:33.080035+00:00, run_after=2025-03-06T13:59:33.080035+00:00
[2025-03-06T13:59:33.087+0000] {processor.py:179} INFO - Processing /home/airflow/.local/lib/python3.8/site-packages/airflow/example_dags/example_short_circuit_operator.py took 0.032 seconds
[2025-03-06T14:00:03.525+0000] {processor.py:157} INFO - Started process (PID=22781) to work on /home/airflow/.local/lib/python3.8/site-packages/airflow/example_dags/example_short_circuit_operator.py
[2025-03-06T14:00:03.526+0000] {processor.py:829} INFO - Processing file /home/airflow/.local/lib/python3.8/site-packages/airflow/example_dags/example_short_circuit_operator.py for tasks to queue
[2025-03-06T14:00:03.526+0000] {logging_mixin.py:154} INFO - [2025-03-06T14:00:03.526+0000] {dagbag.py:536} INFO - Filling up the DagBag from /home/airflow/.local/lib/python3.8/site-packages/airflow/example_dags/example_short_circuit_operator.py
[2025-03-06T14:00:03.530+0000] {processor.py:839} INFO - DAG(s) dict_keys(['example_short_circuit_operator']) retrieved from /home/airflow/.local/lib/python3.8/site-packages/airflow/example_dags/example_short_circuit_operator.py
[2025-03-06T14:00:03.539+0000] {logging_mixin.py:154} INFO - [2025-03-06T14:00:03.539+0000] {dag.py:2941} INFO - Sync 1 DAGs
[2025-03-06T14:00:03.549+0000] {logging_mixin.py:154} INFO - [2025-03-06T14:00:03.549+0000] {dag.py:3722} INFO - Setting next_dagrun for example_short_circuit_operator to 2025-03-05T14:00:03.549257+00:00, run_after=2025-03-06T14:00:03.549257+00:00
[2025-03-06T14:00:03.557+0000] {processor.py:179} INFO - Processing /home/airflow/.local/lib/python3.8/site-packages/airflow/example_dags/example_short_circuit_operator.py took 0.034 seconds
[2025-03-06T14:00:33.950+0000] {processor.py:157} INFO - Started process (PID=22837) to work on /home/airflow/.local/lib/python3.8/site-packages/airflow/example_dags/example_short_circuit_operator.py
[2025-03-06T14:00:33.950+0000] {processor.py:829} INFO - Processing file /home/airflow/.local/lib/python3.8/site-packages/airflow/example_dags/example_short_circuit_operator.py for tasks to queue
[2025-03-06T14:00:33.951+0000] {logging_mixin.py:154} INFO - [2025-03-06T14:00:33.951+0000] {dagbag.py:536} INFO - Filling up the DagBag from /home/airflow/.local/lib/python3.8/site-packages/airflow/example_dags/example_short_circuit_operator.py
[2025-03-06T14:00:33.955+0000] {processor.py:839} INFO - DAG(s) dict_keys(['example_short_circuit_operator']) retrieved from /home/airflow/.local/lib/python3.8/site-packages/airflow/example_dags/example_short_circuit_operator.py
[2025-03-06T14:00:33.965+0000] {logging_mixin.py:154} INFO - [2025-03-06T14:00:33.965+0000] {dag.py:2941} INFO - Sync 1 DAGs
[2025-03-06T14:00:33.976+0000] {logging_mixin.py:154} INFO - [2025-03-06T14:00:33.976+0000] {dag.py:3722} INFO - Setting next_dagrun for example_short_circuit_operator to 2025-03-05T14:00:33.976015+00:00, run_after=2025-03-06T14:00:33.976015+00:00
[2025-03-06T14:00:33.985+0000] {processor.py:179} INFO - Processing /home/airflow/.local/lib/python3.8/site-packages/airflow/example_dags/example_short_circuit_operator.py took 0.037 seconds
[2025-03-06T14:01:04.383+0000] {processor.py:157} INFO - Started process (PID=22893) to work on /home/airflow/.local/lib/python3.8/site-packages/airflow/example_dags/example_short_circuit_operator.py
[2025-03-06T14:01:04.383+0000] {processor.py:829} INFO - Processing file /home/airflow/.local/lib/python3.8/site-packages/airflow/example_dags/example_short_circuit_operator.py for tasks to queue
[2025-03-06T14:01:04.384+0000] {logging_mixin.py:154} INFO - [2025-03-06T14:01:04.384+0000] {dagbag.py:536} INFO - Filling up the DagBag from /home/airflow/.local/lib/python3.8/site-packages/airflow/example_dags/example_short_circuit_operator.py
[2025-03-06T14:01:04.389+0000] {processor.py:839} INFO - DAG(s) dict_keys(['example_short_circuit_operator']) retrieved from /home/airflow/.local/lib/python3.8/site-packages/airflow/example_dags/example_short_circuit_operator.py
[2025-03-06T14:01:04.400+0000] {logging_mixin.py:154} INFO - [2025-03-06T14:01:04.399+0000] {dag.py:2941} INFO - Sync 1 DAGs
[2025-03-06T14:01:04.409+0000] {logging_mixin.py:154} INFO - [2025-03-06T14:01:04.408+0000] {dag.py:3722} INFO - Setting next_dagrun for example_short_circuit_operator to 2025-03-05T14:01:04.408901+00:00, run_after=2025-03-06T14:01:04.408901+00:00
[2025-03-06T14:01:04.416+0000] {processor.py:179} INFO - Processing /home/airflow/.local/lib/python3.8/site-packages/airflow/example_dags/example_short_circuit_operator.py took 0.035 seconds
[2025-03-06T14:01:34.838+0000] {processor.py:157} INFO - Started process (PID=22949) to work on /home/airflow/.local/lib/python3.8/site-packages/airflow/example_dags/example_short_circuit_operator.py
[2025-03-06T14:01:34.838+0000] {processor.py:829} INFO - Processing file /home/airflow/.local/lib/python3.8/site-packages/airflow/example_dags/example_short_circuit_operator.py for tasks to queue
[2025-03-06T14:01:34.840+0000] {logging_mixin.py:154} INFO - [2025-03-06T14:01:34.839+0000] {dagbag.py:536} INFO - Filling up the DagBag from /home/airflow/.local/lib/python3.8/site-packages/airflow/example_dags/example_short_circuit_operator.py
[2025-03-06T14:01:34.845+0000] {processor.py:839} INFO - DAG(s) dict_keys(['example_short_circuit_operator']) retrieved from /home/airflow/.local/lib/python3.8/site-packages/airflow/example_dags/example_short_circuit_operator.py
[2025-03-06T14:01:34.856+0000] {logging_mixin.py:154} INFO - [2025-03-06T14:01:34.855+0000] {dag.py:2941} INFO - Sync 1 DAGs
[2025-03-06T14:01:34.865+0000] {logging_mixin.py:154} INFO - [2025-03-06T14:01:34.864+0000] {dag.py:3722} INFO - Setting next_dagrun for example_short_circuit_operator to 2025-03-05T14:01:34.864865+00:00, run_after=2025-03-06T14:01:34.864865+00:00
[2025-03-06T14:01:34.878+0000] {processor.py:179} INFO - Processing /home/airflow/.local/lib/python3.8/site-packages/airflow/example_dags/example_short_circuit_operator.py took 0.041 seconds
[2025-03-06T14:02:05.326+0000] {processor.py:157} INFO - Started process (PID=23005) to work on /home/airflow/.local/lib/python3.8/site-packages/airflow/example_dags/example_short_circuit_operator.py
[2025-03-06T14:02:05.327+0000] {processor.py:829} INFO - Processing file /home/airflow/.local/lib/python3.8/site-packages/airflow/example_dags/example_short_circuit_operator.py for tasks to queue
[2025-03-06T14:02:05.328+0000] {logging_mixin.py:154} INFO - [2025-03-06T14:02:05.328+0000] {dagbag.py:536} INFO - Filling up the DagBag from /home/airflow/.local/lib/python3.8/site-packages/airflow/example_dags/example_short_circuit_operator.py
[2025-03-06T14:02:05.332+0000] {processor.py:839} INFO - DAG(s) dict_keys(['example_short_circuit_operator']) retrieved from /home/airflow/.local/lib/python3.8/site-packages/airflow/example_dags/example_short_circuit_operator.py
[2025-03-06T14:02:05.342+0000] {logging_mixin.py:154} INFO - [2025-03-06T14:02:05.341+0000] {dag.py:2941} INFO - Sync 1 DAGs
[2025-03-06T14:02:05.351+0000] {logging_mixin.py:154} INFO - [2025-03-06T14:02:05.351+0000] {dag.py:3722} INFO - Setting next_dagrun for example_short_circuit_operator to 2025-03-05T14:02:05.351581+00:00, run_after=2025-03-06T14:02:05.351581+00:00
[2025-03-06T14:02:05.361+0000] {processor.py:179} INFO - Processing /home/airflow/.local/lib/python3.8/site-packages/airflow/example_dags/example_short_circuit_operator.py took 0.037 seconds
[2025-03-06T14:02:35.886+0000] {processor.py:157} INFO - Started process (PID=23061) to work on /home/airflow/.local/lib/python3.8/site-packages/airflow/example_dags/example_short_circuit_operator.py
[2025-03-06T14:02:35.886+0000] {processor.py:829} INFO - Processing file /home/airflow/.local/lib/python3.8/site-packages/airflow/example_dags/example_short_circuit_operator.py for tasks to queue
[2025-03-06T14:02:35.887+0000] {logging_mixin.py:154} INFO - [2025-03-06T14:02:35.887+0000] {dagbag.py:536} INFO - Filling up the DagBag from /home/airflow/.local/lib/python3.8/site-packages/airflow/example_dags/example_short_circuit_operator.py
[2025-03-06T14:02:35.891+0000] {processor.py:839} INFO - DAG(s) dict_keys(['example_short_circuit_operator']) retrieved from /home/airflow/.local/lib/python3.8/site-packages/airflow/example_dags/example_short_circuit_operator.py
[2025-03-06T14:02:35.901+0000] {logging_mixin.py:154} INFO - [2025-03-06T14:02:35.901+0000] {dag.py:2941} INFO - Sync 1 DAGs
[2025-03-06T14:02:35.911+0000] {logging_mixin.py:154} INFO - [2025-03-06T14:02:35.911+0000] {dag.py:3722} INFO - Setting next_dagrun for example_short_circuit_operator to 2025-03-05T14:02:35.911270+00:00, run_after=2025-03-06T14:02:35.911270+00:00
[2025-03-06T14:02:35.924+0000] {processor.py:179} INFO - Processing /home/airflow/.local/lib/python3.8/site-packages/airflow/example_dags/example_short_circuit_operator.py took 0.040 seconds
[2025-03-06T14:03:06.359+0000] {processor.py:157} INFO - Started process (PID=23117) to work on /home/airflow/.local/lib/python3.8/site-packages/airflow/example_dags/example_short_circuit_operator.py
[2025-03-06T14:03:06.361+0000] {processor.py:829} INFO - Processing file /home/airflow/.local/lib/python3.8/site-packages/airflow/example_dags/example_short_circuit_operator.py for tasks to queue
[2025-03-06T14:03:06.362+0000] {logging_mixin.py:154} INFO - [2025-03-06T14:03:06.362+0000] {dagbag.py:536} INFO - Filling up the DagBag from /home/airflow/.local/lib/python3.8/site-packages/airflow/example_dags/example_short_circuit_operator.py
[2025-03-06T14:03:06.366+0000] {processor.py:839} INFO - DAG(s) dict_keys(['example_short_circuit_operator']) retrieved from /home/airflow/.local/lib/python3.8/site-packages/airflow/example_dags/example_short_circuit_operator.py
[2025-03-06T14:03:06.376+0000] {logging_mixin.py:154} INFO - [2025-03-06T14:03:06.375+0000] {dag.py:2941} INFO - Sync 1 DAGs
[2025-03-06T14:03:06.384+0000] {logging_mixin.py:154} INFO - [2025-03-06T14:03:06.384+0000] {dag.py:3722} INFO - Setting next_dagrun for example_short_circuit_operator to 2025-03-05T14:03:06.384546+00:00, run_after=2025-03-06T14:03:06.384546+00:00
[2025-03-06T14:03:06.391+0000] {processor.py:179} INFO - Processing /home/airflow/.local/lib/python3.8/site-packages/airflow/example_dags/example_short_circuit_operator.py took 0.033 seconds
[2025-03-06T14:03:36.888+0000] {processor.py:157} INFO - Started process (PID=23173) to work on /home/airflow/.local/lib/python3.8/site-packages/airflow/example_dags/example_short_circuit_operator.py
[2025-03-06T14:03:36.888+0000] {processor.py:829} INFO - Processing file /home/airflow/.local/lib/python3.8/site-packages/airflow/example_dags/example_short_circuit_operator.py for tasks to queue
[2025-03-06T14:03:36.889+0000] {logging_mixin.py:154} INFO - [2025-03-06T14:03:36.888+0000] {dagbag.py:536} INFO - Filling up the DagBag from /home/airflow/.local/lib/python3.8/site-packages/airflow/example_dags/example_short_circuit_operator.py
[2025-03-06T14:03:36.892+0000] {processor.py:839} INFO - DAG(s) dict_keys(['example_short_circuit_operator']) retrieved from /home/airflow/.local/lib/python3.8/site-packages/airflow/example_dags/example_short_circuit_operator.py
[2025-03-06T14:03:36.905+0000] {logging_mixin.py:154} INFO - [2025-03-06T14:03:36.905+0000] {dag.py:2941} INFO - Sync 1 DAGs
[2025-03-06T14:03:36.914+0000] {logging_mixin.py:154} INFO - [2025-03-06T14:03:36.913+0000] {dag.py:3722} INFO - Setting next_dagrun for example_short_circuit_operator to 2025-03-05T14:03:36.913871+00:00, run_after=2025-03-06T14:03:36.913871+00:00
[2025-03-06T14:03:36.923+0000] {processor.py:179} INFO - Processing /home/airflow/.local/lib/python3.8/site-packages/airflow/example_dags/example_short_circuit_operator.py took 0.037 seconds
[2025-03-06T14:04:07.368+0000] {processor.py:157} INFO - Started process (PID=23229) to work on /home/airflow/.local/lib/python3.8/site-packages/airflow/example_dags/example_short_circuit_operator.py
[2025-03-06T14:04:07.368+0000] {processor.py:829} INFO - Processing file /home/airflow/.local/lib/python3.8/site-packages/airflow/example_dags/example_short_circuit_operator.py for tasks to queue
[2025-03-06T14:04:07.368+0000] {logging_mixin.py:154} INFO - [2025-03-06T14:04:07.368+0000] {dagbag.py:536} INFO - Filling up the DagBag from /home/airflow/.local/lib/python3.8/site-packages/airflow/example_dags/example_short_circuit_operator.py
[2025-03-06T14:04:07.372+0000] {processor.py:839} INFO - DAG(s) dict_keys(['example_short_circuit_operator']) retrieved from /home/airflow/.local/lib/python3.8/site-packages/airflow/example_dags/example_short_circuit_operator.py
[2025-03-06T14:04:07.384+0000] {logging_mixin.py:154} INFO - [2025-03-06T14:04:07.383+0000] {dag.py:2941} INFO - Sync 1 DAGs
[2025-03-06T14:04:07.394+0000] {logging_mixin.py:154} INFO - [2025-03-06T14:04:07.394+0000] {dag.py:3722} INFO - Setting next_dagrun for example_short_circuit_operator to 2025-03-05T14:04:07.394626+00:00, run_after=2025-03-06T14:04:07.394626+00:00
[2025-03-06T14:04:07.404+0000] {processor.py:179} INFO - Processing /home/airflow/.local/lib/python3.8/site-packages/airflow/example_dags/example_short_circuit_operator.py took 0.038 seconds
[2025-03-06T14:04:37.856+0000] {processor.py:157} INFO - Started process (PID=23285) to work on /home/airflow/.local/lib/python3.8/site-packages/airflow/example_dags/example_short_circuit_operator.py
[2025-03-06T14:04:37.856+0000] {processor.py:829} INFO - Processing file /home/airflow/.local/lib/python3.8/site-packages/airflow/example_dags/example_short_circuit_operator.py for tasks to queue
[2025-03-06T14:04:37.856+0000] {logging_mixin.py:154} INFO - [2025-03-06T14:04:37.856+0000] {dagbag.py:536} INFO - Filling up the DagBag from /home/airflow/.local/lib/python3.8/site-packages/airflow/example_dags/example_short_circuit_operator.py
[2025-03-06T14:04:37.860+0000] {processor.py:839} INFO - DAG(s) dict_keys(['example_short_circuit_operator']) retrieved from /home/airflow/.local/lib/python3.8/site-packages/airflow/example_dags/example_short_circuit_operator.py
[2025-03-06T14:04:37.871+0000] {logging_mixin.py:154} INFO - [2025-03-06T14:04:37.870+0000] {dag.py:2941} INFO - Sync 1 DAGs
[2025-03-06T14:04:37.880+0000] {logging_mixin.py:154} INFO - [2025-03-06T14:04:37.880+0000] {dag.py:3722} INFO - Setting next_dagrun for example_short_circuit_operator to 2025-03-05T14:04:37.879983+00:00, run_after=2025-03-06T14:04:37.879983+00:00
[2025-03-06T14:04:37.889+0000] {processor.py:179} INFO - Processing /home/airflow/.local/lib/python3.8/site-packages/airflow/example_dags/example_short_circuit_operator.py took 0.034 seconds
[2025-03-06T14:05:08.358+0000] {processor.py:157} INFO - Started process (PID=23341) to work on /home/airflow/.local/lib/python3.8/site-packages/airflow/example_dags/example_short_circuit_operator.py
[2025-03-06T14:05:08.360+0000] {processor.py:829} INFO - Processing file /home/airflow/.local/lib/python3.8/site-packages/airflow/example_dags/example_short_circuit_operator.py for tasks to queue
[2025-03-06T14:05:08.361+0000] {logging_mixin.py:154} INFO - [2025-03-06T14:05:08.361+0000] {dagbag.py:536} INFO - Filling up the DagBag from /home/airflow/.local/lib/python3.8/site-packages/airflow/example_dags/example_short_circuit_operator.py
[2025-03-06T14:05:08.365+0000] {processor.py:839} INFO - DAG(s) dict_keys(['example_short_circuit_operator']) retrieved from /home/airflow/.local/lib/python3.8/site-packages/airflow/example_dags/example_short_circuit_operator.py
[2025-03-06T14:05:08.380+0000] {logging_mixin.py:154} INFO - [2025-03-06T14:05:08.380+0000] {dag.py:2941} INFO - Sync 1 DAGs
[2025-03-06T14:05:08.389+0000] {logging_mixin.py:154} INFO - [2025-03-06T14:05:08.389+0000] {dag.py:3722} INFO - Setting next_dagrun for example_short_circuit_operator to 2025-03-05T14:05:08.389682+00:00, run_after=2025-03-06T14:05:08.389682+00:00
[2025-03-06T14:05:08.400+0000] {processor.py:179} INFO - Processing /home/airflow/.local/lib/python3.8/site-packages/airflow/example_dags/example_short_circuit_operator.py took 0.043 seconds
[2025-03-06T14:05:38.860+0000] {processor.py:157} INFO - Started process (PID=23397) to work on /home/airflow/.local/lib/python3.8/site-packages/airflow/example_dags/example_short_circuit_operator.py
[2025-03-06T14:05:38.861+0000] {processor.py:829} INFO - Processing file /home/airflow/.local/lib/python3.8/site-packages/airflow/example_dags/example_short_circuit_operator.py for tasks to queue
[2025-03-06T14:05:38.861+0000] {logging_mixin.py:154} INFO - [2025-03-06T14:05:38.861+0000] {dagbag.py:536} INFO - Filling up the DagBag from /home/airflow/.local/lib/python3.8/site-packages/airflow/example_dags/example_short_circuit_operator.py
[2025-03-06T14:05:38.867+0000] {processor.py:839} INFO - DAG(s) dict_keys(['example_short_circuit_operator']) retrieved from /home/airflow/.local/lib/python3.8/site-packages/airflow/example_dags/example_short_circuit_operator.py
[2025-03-06T14:05:38.882+0000] {logging_mixin.py:154} INFO - [2025-03-06T14:05:38.881+0000] {dag.py:2941} INFO - Sync 1 DAGs
[2025-03-06T14:05:38.893+0000] {logging_mixin.py:154} INFO - [2025-03-06T14:05:38.893+0000] {dag.py:3722} INFO - Setting next_dagrun for example_short_circuit_operator to 2025-03-05T14:05:38.893534+00:00, run_after=2025-03-06T14:05:38.893534+00:00
[2025-03-06T14:05:38.901+0000] {processor.py:179} INFO - Processing /home/airflow/.local/lib/python3.8/site-packages/airflow/example_dags/example_short_circuit_operator.py took 0.043 seconds
[2025-03-06T14:06:09.459+0000] {processor.py:157} INFO - Started process (PID=23453) to work on /home/airflow/.local/lib/python3.8/site-packages/airflow/example_dags/example_short_circuit_operator.py
[2025-03-06T14:06:09.460+0000] {processor.py:829} INFO - Processing file /home/airflow/.local/lib/python3.8/site-packages/airflow/example_dags/example_short_circuit_operator.py for tasks to queue
[2025-03-06T14:06:09.460+0000] {logging_mixin.py:154} INFO - [2025-03-06T14:06:09.460+0000] {dagbag.py:536} INFO - Filling up the DagBag from /home/airflow/.local/lib/python3.8/site-packages/airflow/example_dags/example_short_circuit_operator.py
[2025-03-06T14:06:09.465+0000] {processor.py:839} INFO - DAG(s) dict_keys(['example_short_circuit_operator']) retrieved from /home/airflow/.local/lib/python3.8/site-packages/airflow/example_dags/example_short_circuit_operator.py
[2025-03-06T14:06:09.477+0000] {logging_mixin.py:154} INFO - [2025-03-06T14:06:09.477+0000] {dag.py:2941} INFO - Sync 1 DAGs
[2025-03-06T14:06:09.485+0000] {logging_mixin.py:154} INFO - [2025-03-06T14:06:09.485+0000] {dag.py:3722} INFO - Setting next_dagrun for example_short_circuit_operator to 2025-03-05T14:06:09.485469+00:00, run_after=2025-03-06T14:06:09.485469+00:00
[2025-03-06T14:06:09.492+0000] {processor.py:179} INFO - Processing /home/airflow/.local/lib/python3.8/site-packages/airflow/example_dags/example_short_circuit_operator.py took 0.035 seconds
[2025-03-06T14:06:39.925+0000] {processor.py:157} INFO - Started process (PID=23509) to work on /home/airflow/.local/lib/python3.8/site-packages/airflow/example_dags/example_short_circuit_operator.py
[2025-03-06T14:06:39.926+0000] {processor.py:829} INFO - Processing file /home/airflow/.local/lib/python3.8/site-packages/airflow/example_dags/example_short_circuit_operator.py for tasks to queue
[2025-03-06T14:06:39.926+0000] {logging_mixin.py:154} INFO - [2025-03-06T14:06:39.926+0000] {dagbag.py:536} INFO - Filling up the DagBag from /home/airflow/.local/lib/python3.8/site-packages/airflow/example_dags/example_short_circuit_operator.py
[2025-03-06T14:06:39.930+0000] {processor.py:839} INFO - DAG(s) dict_keys(['example_short_circuit_operator']) retrieved from /home/airflow/.local/lib/python3.8/site-packages/airflow/example_dags/example_short_circuit_operator.py
[2025-03-06T14:06:39.939+0000] {logging_mixin.py:154} INFO - [2025-03-06T14:06:39.939+0000] {dag.py:2941} INFO - Sync 1 DAGs
[2025-03-06T14:06:39.947+0000] {logging_mixin.py:154} INFO - [2025-03-06T14:06:39.947+0000] {dag.py:3722} INFO - Setting next_dagrun for example_short_circuit_operator to 2025-03-05T14:06:39.946999+00:00, run_after=2025-03-06T14:06:39.946999+00:00
[2025-03-06T14:06:39.954+0000] {processor.py:179} INFO - Processing /home/airflow/.local/lib/python3.8/site-packages/airflow/example_dags/example_short_circuit_operator.py took 0.031 seconds
[2025-03-06T14:07:10.448+0000] {processor.py:157} INFO - Started process (PID=23565) to work on /home/airflow/.local/lib/python3.8/site-packages/airflow/example_dags/example_short_circuit_operator.py
[2025-03-06T14:07:10.450+0000] {processor.py:829} INFO - Processing file /home/airflow/.local/lib/python3.8/site-packages/airflow/example_dags/example_short_circuit_operator.py for tasks to queue
[2025-03-06T14:07:10.450+0000] {logging_mixin.py:154} INFO - [2025-03-06T14:07:10.450+0000] {dagbag.py:536} INFO - Filling up the DagBag from /home/airflow/.local/lib/python3.8/site-packages/airflow/example_dags/example_short_circuit_operator.py
[2025-03-06T14:07:10.454+0000] {processor.py:839} INFO - DAG(s) dict_keys(['example_short_circuit_operator']) retrieved from /home/airflow/.local/lib/python3.8/site-packages/airflow/example_dags/example_short_circuit_operator.py
[2025-03-06T14:07:10.466+0000] {logging_mixin.py:154} INFO - [2025-03-06T14:07:10.465+0000] {dag.py:2941} INFO - Sync 1 DAGs
[2025-03-06T14:07:10.475+0000] {logging_mixin.py:154} INFO - [2025-03-06T14:07:10.475+0000] {dag.py:3722} INFO - Setting next_dagrun for example_short_circuit_operator to 2025-03-05T14:07:10.475252+00:00, run_after=2025-03-06T14:07:10.475252+00:00
[2025-03-06T14:07:10.483+0000] {processor.py:179} INFO - Processing /home/airflow/.local/lib/python3.8/site-packages/airflow/example_dags/example_short_circuit_operator.py took 0.036 seconds
[2025-03-06T14:07:40.882+0000] {processor.py:157} INFO - Started process (PID=23621) to work on /home/airflow/.local/lib/python3.8/site-packages/airflow/example_dags/example_short_circuit_operator.py
[2025-03-06T14:07:40.883+0000] {processor.py:829} INFO - Processing file /home/airflow/.local/lib/python3.8/site-packages/airflow/example_dags/example_short_circuit_operator.py for tasks to queue
[2025-03-06T14:07:40.885+0000] {logging_mixin.py:154} INFO - [2025-03-06T14:07:40.885+0000] {dagbag.py:536} INFO - Filling up the DagBag from /home/airflow/.local/lib/python3.8/site-packages/airflow/example_dags/example_short_circuit_operator.py
[2025-03-06T14:07:40.889+0000] {processor.py:839} INFO - DAG(s) dict_keys(['example_short_circuit_operator']) retrieved from /home/airflow/.local/lib/python3.8/site-packages/airflow/example_dags/example_short_circuit_operator.py
[2025-03-06T14:07:40.899+0000] {logging_mixin.py:154} INFO - [2025-03-06T14:07:40.899+0000] {dag.py:2941} INFO - Sync 1 DAGs
[2025-03-06T14:07:40.910+0000] {logging_mixin.py:154} INFO - [2025-03-06T14:07:40.910+0000] {dag.py:3722} INFO - Setting next_dagrun for example_short_circuit_operator to 2025-03-05T14:07:40.910222+00:00, run_after=2025-03-06T14:07:40.910222+00:00
[2025-03-06T14:07:40.917+0000] {processor.py:179} INFO - Processing /home/airflow/.local/lib/python3.8/site-packages/airflow/example_dags/example_short_circuit_operator.py took 0.037 seconds
[2025-03-06T14:08:11.347+0000] {processor.py:157} INFO - Started process (PID=23677) to work on /home/airflow/.local/lib/python3.8/site-packages/airflow/example_dags/example_short_circuit_operator.py
[2025-03-06T14:08:11.348+0000] {processor.py:829} INFO - Processing file /home/airflow/.local/lib/python3.8/site-packages/airflow/example_dags/example_short_circuit_operator.py for tasks to queue
[2025-03-06T14:08:11.348+0000] {logging_mixin.py:154} INFO - [2025-03-06T14:08:11.348+0000] {dagbag.py:536} INFO - Filling up the DagBag from /home/airflow/.local/lib/python3.8/site-packages/airflow/example_dags/example_short_circuit_operator.py
[2025-03-06T14:08:11.352+0000] {processor.py:839} INFO - DAG(s) dict_keys(['example_short_circuit_operator']) retrieved from /home/airflow/.local/lib/python3.8/site-packages/airflow/example_dags/example_short_circuit_operator.py
[2025-03-06T14:08:11.362+0000] {logging_mixin.py:154} INFO - [2025-03-06T14:08:11.362+0000] {dag.py:2941} INFO - Sync 1 DAGs
[2025-03-06T14:08:11.371+0000] {logging_mixin.py:154} INFO - [2025-03-06T14:08:11.371+0000] {dag.py:3722} INFO - Setting next_dagrun for example_short_circuit_operator to 2025-03-05T14:08:11.371250+00:00, run_after=2025-03-06T14:08:11.371250+00:00
[2025-03-06T14:08:11.379+0000] {processor.py:179} INFO - Processing /home/airflow/.local/lib/python3.8/site-packages/airflow/example_dags/example_short_circuit_operator.py took 0.033 seconds
[2025-03-06T14:08:41.862+0000] {processor.py:157} INFO - Started process (PID=23733) to work on /home/airflow/.local/lib/python3.8/site-packages/airflow/example_dags/example_short_circuit_operator.py
[2025-03-06T14:08:41.862+0000] {processor.py:829} INFO - Processing file /home/airflow/.local/lib/python3.8/site-packages/airflow/example_dags/example_short_circuit_operator.py for tasks to queue
[2025-03-06T14:08:41.862+0000] {logging_mixin.py:154} INFO - [2025-03-06T14:08:41.862+0000] {dagbag.py:536} INFO - Filling up the DagBag from /home/airflow/.local/lib/python3.8/site-packages/airflow/example_dags/example_short_circuit_operator.py
[2025-03-06T14:08:41.867+0000] {processor.py:839} INFO - DAG(s) dict_keys(['example_short_circuit_operator']) retrieved from /home/airflow/.local/lib/python3.8/site-packages/airflow/example_dags/example_short_circuit_operator.py
[2025-03-06T14:08:41.879+0000] {logging_mixin.py:154} INFO - [2025-03-06T14:08:41.879+0000] {dag.py:2941} INFO - Sync 1 DAGs
[2025-03-06T14:08:41.890+0000] {logging_mixin.py:154} INFO - [2025-03-06T14:08:41.890+0000] {dag.py:3722} INFO - Setting next_dagrun for example_short_circuit_operator to 2025-03-05T14:08:41.890248+00:00, run_after=2025-03-06T14:08:41.890248+00:00
[2025-03-06T14:08:41.901+0000] {processor.py:179} INFO - Processing /home/airflow/.local/lib/python3.8/site-packages/airflow/example_dags/example_short_circuit_operator.py took 0.041 seconds
[2025-03-06T14:09:12.378+0000] {processor.py:157} INFO - Started process (PID=23789) to work on /home/airflow/.local/lib/python3.8/site-packages/airflow/example_dags/example_short_circuit_operator.py
[2025-03-06T14:09:12.379+0000] {processor.py:829} INFO - Processing file /home/airflow/.local/lib/python3.8/site-packages/airflow/example_dags/example_short_circuit_operator.py for tasks to queue
[2025-03-06T14:09:12.380+0000] {logging_mixin.py:154} INFO - [2025-03-06T14:09:12.380+0000] {dagbag.py:536} INFO - Filling up the DagBag from /home/airflow/.local/lib/python3.8/site-packages/airflow/example_dags/example_short_circuit_operator.py
[2025-03-06T14:09:12.384+0000] {processor.py:839} INFO - DAG(s) dict_keys(['example_short_circuit_operator']) retrieved from /home/airflow/.local/lib/python3.8/site-packages/airflow/example_dags/example_short_circuit_operator.py
[2025-03-06T14:09:12.397+0000] {logging_mixin.py:154} INFO - [2025-03-06T14:09:12.396+0000] {dag.py:2941} INFO - Sync 1 DAGs
[2025-03-06T14:09:12.405+0000] {logging_mixin.py:154} INFO - [2025-03-06T14:09:12.405+0000] {dag.py:3722} INFO - Setting next_dagrun for example_short_circuit_operator to 2025-03-05T14:09:12.405656+00:00, run_after=2025-03-06T14:09:12.405656+00:00
[2025-03-06T14:09:12.415+0000] {processor.py:179} INFO - Processing /home/airflow/.local/lib/python3.8/site-packages/airflow/example_dags/example_short_circuit_operator.py took 0.039 seconds
[2025-03-06T14:09:42.922+0000] {processor.py:157} INFO - Started process (PID=23845) to work on /home/airflow/.local/lib/python3.8/site-packages/airflow/example_dags/example_short_circuit_operator.py
[2025-03-06T14:09:42.925+0000] {processor.py:829} INFO - Processing file /home/airflow/.local/lib/python3.8/site-packages/airflow/example_dags/example_short_circuit_operator.py for tasks to queue
[2025-03-06T14:09:42.925+0000] {logging_mixin.py:154} INFO - [2025-03-06T14:09:42.925+0000] {dagbag.py:536} INFO - Filling up the DagBag from /home/airflow/.local/lib/python3.8/site-packages/airflow/example_dags/example_short_circuit_operator.py
[2025-03-06T14:09:42.929+0000] {processor.py:839} INFO - DAG(s) dict_keys(['example_short_circuit_operator']) retrieved from /home/airflow/.local/lib/python3.8/site-packages/airflow/example_dags/example_short_circuit_operator.py
[2025-03-06T14:09:42.938+0000] {logging_mixin.py:154} INFO - [2025-03-06T14:09:42.938+0000] {dag.py:2941} INFO - Sync 1 DAGs
[2025-03-06T14:09:42.947+0000] {logging_mixin.py:154} INFO - [2025-03-06T14:09:42.947+0000] {dag.py:3722} INFO - Setting next_dagrun for example_short_circuit_operator to 2025-03-05T14:09:42.947412+00:00, run_after=2025-03-06T14:09:42.947412+00:00
[2025-03-06T14:09:42.956+0000] {processor.py:179} INFO - Processing /home/airflow/.local/lib/python3.8/site-packages/airflow/example_dags/example_short_circuit_operator.py took 0.035 seconds
[2025-03-06T14:10:13.540+0000] {processor.py:157} INFO - Started process (PID=23901) to work on /home/airflow/.local/lib/python3.8/site-packages/airflow/example_dags/example_short_circuit_operator.py
[2025-03-06T14:10:13.541+0000] {processor.py:829} INFO - Processing file /home/airflow/.local/lib/python3.8/site-packages/airflow/example_dags/example_short_circuit_operator.py for tasks to queue
[2025-03-06T14:10:13.541+0000] {logging_mixin.py:154} INFO - [2025-03-06T14:10:13.541+0000] {dagbag.py:536} INFO - Filling up the DagBag from /home/airflow/.local/lib/python3.8/site-packages/airflow/example_dags/example_short_circuit_operator.py
[2025-03-06T14:10:13.545+0000] {processor.py:839} INFO - DAG(s) dict_keys(['example_short_circuit_operator']) retrieved from /home/airflow/.local/lib/python3.8/site-packages/airflow/example_dags/example_short_circuit_operator.py
[2025-03-06T14:10:13.554+0000] {logging_mixin.py:154} INFO - [2025-03-06T14:10:13.554+0000] {dag.py:2941} INFO - Sync 1 DAGs
[2025-03-06T14:10:13.562+0000] {logging_mixin.py:154} INFO - [2025-03-06T14:10:13.562+0000] {dag.py:3722} INFO - Setting next_dagrun for example_short_circuit_operator to 2025-03-05T14:10:13.562805+00:00, run_after=2025-03-06T14:10:13.562805+00:00
[2025-03-06T14:10:13.570+0000] {processor.py:179} INFO - Processing /home/airflow/.local/lib/python3.8/site-packages/airflow/example_dags/example_short_circuit_operator.py took 0.031 seconds
[2025-03-06T14:10:44.069+0000] {processor.py:157} INFO - Started process (PID=23957) to work on /home/airflow/.local/lib/python3.8/site-packages/airflow/example_dags/example_short_circuit_operator.py
[2025-03-06T14:10:44.069+0000] {processor.py:829} INFO - Processing file /home/airflow/.local/lib/python3.8/site-packages/airflow/example_dags/example_short_circuit_operator.py for tasks to queue
[2025-03-06T14:10:44.069+0000] {logging_mixin.py:154} INFO - [2025-03-06T14:10:44.069+0000] {dagbag.py:536} INFO - Filling up the DagBag from /home/airflow/.local/lib/python3.8/site-packages/airflow/example_dags/example_short_circuit_operator.py
[2025-03-06T14:10:44.073+0000] {processor.py:839} INFO - DAG(s) dict_keys(['example_short_circuit_operator']) retrieved from /home/airflow/.local/lib/python3.8/site-packages/airflow/example_dags/example_short_circuit_operator.py
[2025-03-06T14:10:44.086+0000] {logging_mixin.py:154} INFO - [2025-03-06T14:10:44.086+0000] {dag.py:2941} INFO - Sync 1 DAGs
[2025-03-06T14:10:44.094+0000] {logging_mixin.py:154} INFO - [2025-03-06T14:10:44.094+0000] {dag.py:3722} INFO - Setting next_dagrun for example_short_circuit_operator to 2025-03-05T14:10:44.094284+00:00, run_after=2025-03-06T14:10:44.094284+00:00
[2025-03-06T14:10:44.110+0000] {processor.py:179} INFO - Processing /home/airflow/.local/lib/python3.8/site-packages/airflow/example_dags/example_short_circuit_operator.py took 0.043 seconds
[2025-03-06T14:11:14.594+0000] {processor.py:157} INFO - Started process (PID=24013) to work on /home/airflow/.local/lib/python3.8/site-packages/airflow/example_dags/example_short_circuit_operator.py
[2025-03-06T14:11:14.595+0000] {processor.py:829} INFO - Processing file /home/airflow/.local/lib/python3.8/site-packages/airflow/example_dags/example_short_circuit_operator.py for tasks to queue
[2025-03-06T14:11:14.596+0000] {logging_mixin.py:154} INFO - [2025-03-06T14:11:14.596+0000] {dagbag.py:536} INFO - Filling up the DagBag from /home/airflow/.local/lib/python3.8/site-packages/airflow/example_dags/example_short_circuit_operator.py
[2025-03-06T14:11:14.600+0000] {processor.py:839} INFO - DAG(s) dict_keys(['example_short_circuit_operator']) retrieved from /home/airflow/.local/lib/python3.8/site-packages/airflow/example_dags/example_short_circuit_operator.py
[2025-03-06T14:11:14.610+0000] {logging_mixin.py:154} INFO - [2025-03-06T14:11:14.610+0000] {dag.py:2941} INFO - Sync 1 DAGs
[2025-03-06T14:11:14.620+0000] {logging_mixin.py:154} INFO - [2025-03-06T14:11:14.619+0000] {dag.py:3722} INFO - Setting next_dagrun for example_short_circuit_operator to 2025-03-05T14:11:14.619892+00:00, run_after=2025-03-06T14:11:14.619892+00:00
[2025-03-06T14:11:14.627+0000] {processor.py:179} INFO - Processing /home/airflow/.local/lib/python3.8/site-packages/airflow/example_dags/example_short_circuit_operator.py took 0.035 seconds
[2025-03-06T14:11:45.154+0000] {processor.py:157} INFO - Started process (PID=24069) to work on /home/airflow/.local/lib/python3.8/site-packages/airflow/example_dags/example_short_circuit_operator.py
[2025-03-06T14:11:45.154+0000] {processor.py:829} INFO - Processing file /home/airflow/.local/lib/python3.8/site-packages/airflow/example_dags/example_short_circuit_operator.py for tasks to queue
[2025-03-06T14:11:45.155+0000] {logging_mixin.py:154} INFO - [2025-03-06T14:11:45.155+0000] {dagbag.py:536} INFO - Filling up the DagBag from /home/airflow/.local/lib/python3.8/site-packages/airflow/example_dags/example_short_circuit_operator.py
[2025-03-06T14:11:45.160+0000] {processor.py:839} INFO - DAG(s) dict_keys(['example_short_circuit_operator']) retrieved from /home/airflow/.local/lib/python3.8/site-packages/airflow/example_dags/example_short_circuit_operator.py
[2025-03-06T14:11:45.171+0000] {logging_mixin.py:154} INFO - [2025-03-06T14:11:45.171+0000] {dag.py:2941} INFO - Sync 1 DAGs
[2025-03-06T14:11:45.182+0000] {logging_mixin.py:154} INFO - [2025-03-06T14:11:45.182+0000] {dag.py:3722} INFO - Setting next_dagrun for example_short_circuit_operator to 2025-03-05T14:11:45.182755+00:00, run_after=2025-03-06T14:11:45.182755+00:00
[2025-03-06T14:11:45.190+0000] {processor.py:179} INFO - Processing /home/airflow/.local/lib/python3.8/site-packages/airflow/example_dags/example_short_circuit_operator.py took 0.037 seconds
[2025-03-06T14:12:15.663+0000] {processor.py:157} INFO - Started process (PID=24125) to work on /home/airflow/.local/lib/python3.8/site-packages/airflow/example_dags/example_short_circuit_operator.py
[2025-03-06T14:12:15.664+0000] {processor.py:829} INFO - Processing file /home/airflow/.local/lib/python3.8/site-packages/airflow/example_dags/example_short_circuit_operator.py for tasks to queue
[2025-03-06T14:12:15.668+0000] {logging_mixin.py:154} INFO - [2025-03-06T14:12:15.668+0000] {dagbag.py:536} INFO - Filling up the DagBag from /home/airflow/.local/lib/python3.8/site-packages/airflow/example_dags/example_short_circuit_operator.py
[2025-03-06T14:12:15.671+0000] {processor.py:839} INFO - DAG(s) dict_keys(['example_short_circuit_operator']) retrieved from /home/airflow/.local/lib/python3.8/site-packages/airflow/example_dags/example_short_circuit_operator.py
[2025-03-06T14:12:15.681+0000] {logging_mixin.py:154} INFO - [2025-03-06T14:12:15.681+0000] {dag.py:2941} INFO - Sync 1 DAGs
[2025-03-06T14:12:15.690+0000] {logging_mixin.py:154} INFO - [2025-03-06T14:12:15.690+0000] {dag.py:3722} INFO - Setting next_dagrun for example_short_circuit_operator to 2025-03-05T14:12:15.690643+00:00, run_after=2025-03-06T14:12:15.690643+00:00
[2025-03-06T14:12:15.696+0000] {processor.py:179} INFO - Processing /home/airflow/.local/lib/python3.8/site-packages/airflow/example_dags/example_short_circuit_operator.py took 0.034 seconds
[2025-03-06T14:12:46.202+0000] {processor.py:157} INFO - Started process (PID=24181) to work on /home/airflow/.local/lib/python3.8/site-packages/airflow/example_dags/example_short_circuit_operator.py
[2025-03-06T14:12:46.203+0000] {processor.py:829} INFO - Processing file /home/airflow/.local/lib/python3.8/site-packages/airflow/example_dags/example_short_circuit_operator.py for tasks to queue
[2025-03-06T14:12:46.203+0000] {logging_mixin.py:154} INFO - [2025-03-06T14:12:46.203+0000] {dagbag.py:536} INFO - Filling up the DagBag from /home/airflow/.local/lib/python3.8/site-packages/airflow/example_dags/example_short_circuit_operator.py
[2025-03-06T14:12:46.207+0000] {processor.py:839} INFO - DAG(s) dict_keys(['example_short_circuit_operator']) retrieved from /home/airflow/.local/lib/python3.8/site-packages/airflow/example_dags/example_short_circuit_operator.py
[2025-03-06T14:12:46.217+0000] {logging_mixin.py:154} INFO - [2025-03-06T14:12:46.217+0000] {dag.py:2941} INFO - Sync 1 DAGs
[2025-03-06T14:12:46.226+0000] {logging_mixin.py:154} INFO - [2025-03-06T14:12:46.226+0000] {dag.py:3722} INFO - Setting next_dagrun for example_short_circuit_operator to 2025-03-05T14:12:46.226425+00:00, run_after=2025-03-06T14:12:46.226425+00:00
[2025-03-06T14:12:46.236+0000] {processor.py:179} INFO - Processing /home/airflow/.local/lib/python3.8/site-packages/airflow/example_dags/example_short_circuit_operator.py took 0.036 seconds
[2025-03-06T14:13:16.746+0000] {processor.py:157} INFO - Started process (PID=24237) to work on /home/airflow/.local/lib/python3.8/site-packages/airflow/example_dags/example_short_circuit_operator.py
[2025-03-06T14:13:16.746+0000] {processor.py:829} INFO - Processing file /home/airflow/.local/lib/python3.8/site-packages/airflow/example_dags/example_short_circuit_operator.py for tasks to queue
[2025-03-06T14:13:16.747+0000] {logging_mixin.py:154} INFO - [2025-03-06T14:13:16.747+0000] {dagbag.py:536} INFO - Filling up the DagBag from /home/airflow/.local/lib/python3.8/site-packages/airflow/example_dags/example_short_circuit_operator.py
[2025-03-06T14:13:16.751+0000] {processor.py:839} INFO - DAG(s) dict_keys(['example_short_circuit_operator']) retrieved from /home/airflow/.local/lib/python3.8/site-packages/airflow/example_dags/example_short_circuit_operator.py
[2025-03-06T14:13:16.761+0000] {logging_mixin.py:154} INFO - [2025-03-06T14:13:16.761+0000] {dag.py:2941} INFO - Sync 1 DAGs
[2025-03-06T14:13:16.771+0000] {logging_mixin.py:154} INFO - [2025-03-06T14:13:16.771+0000] {dag.py:3722} INFO - Setting next_dagrun for example_short_circuit_operator to 2025-03-05T14:13:16.770952+00:00, run_after=2025-03-06T14:13:16.770952+00:00
[2025-03-06T14:13:16.786+0000] {processor.py:179} INFO - Processing /home/airflow/.local/lib/python3.8/site-packages/airflow/example_dags/example_short_circuit_operator.py took 0.042 seconds
[2025-03-06T14:13:47.269+0000] {processor.py:157} INFO - Started process (PID=24293) to work on /home/airflow/.local/lib/python3.8/site-packages/airflow/example_dags/example_short_circuit_operator.py
[2025-03-06T14:13:47.269+0000] {processor.py:829} INFO - Processing file /home/airflow/.local/lib/python3.8/site-packages/airflow/example_dags/example_short_circuit_operator.py for tasks to queue
[2025-03-06T14:13:47.270+0000] {logging_mixin.py:154} INFO - [2025-03-06T14:13:47.269+0000] {dagbag.py:536} INFO - Filling up the DagBag from /home/airflow/.local/lib/python3.8/site-packages/airflow/example_dags/example_short_circuit_operator.py
[2025-03-06T14:13:47.273+0000] {processor.py:839} INFO - DAG(s) dict_keys(['example_short_circuit_operator']) retrieved from /home/airflow/.local/lib/python3.8/site-packages/airflow/example_dags/example_short_circuit_operator.py
[2025-03-06T14:13:47.283+0000] {logging_mixin.py:154} INFO - [2025-03-06T14:13:47.283+0000] {dag.py:2941} INFO - Sync 1 DAGs
[2025-03-06T14:13:47.291+0000] {logging_mixin.py:154} INFO - [2025-03-06T14:13:47.291+0000] {dag.py:3722} INFO - Setting next_dagrun for example_short_circuit_operator to 2025-03-05T14:13:47.291544+00:00, run_after=2025-03-06T14:13:47.291544+00:00
[2025-03-06T14:13:47.297+0000] {processor.py:179} INFO - Processing /home/airflow/.local/lib/python3.8/site-packages/airflow/example_dags/example_short_circuit_operator.py took 0.030 seconds
[2025-03-06T14:14:17.674+0000] {processor.py:157} INFO - Started process (PID=24349) to work on /home/airflow/.local/lib/python3.8/site-packages/airflow/example_dags/example_short_circuit_operator.py
[2025-03-06T14:14:17.674+0000] {processor.py:829} INFO - Processing file /home/airflow/.local/lib/python3.8/site-packages/airflow/example_dags/example_short_circuit_operator.py for tasks to queue
[2025-03-06T14:14:17.675+0000] {logging_mixin.py:154} INFO - [2025-03-06T14:14:17.675+0000] {dagbag.py:536} INFO - Filling up the DagBag from /home/airflow/.local/lib/python3.8/site-packages/airflow/example_dags/example_short_circuit_operator.py
[2025-03-06T14:14:17.679+0000] {processor.py:839} INFO - DAG(s) dict_keys(['example_short_circuit_operator']) retrieved from /home/airflow/.local/lib/python3.8/site-packages/airflow/example_dags/example_short_circuit_operator.py
[2025-03-06T14:14:17.691+0000] {logging_mixin.py:154} INFO - [2025-03-06T14:14:17.691+0000] {dag.py:2941} INFO - Sync 1 DAGs
[2025-03-06T14:14:17.700+0000] {logging_mixin.py:154} INFO - [2025-03-06T14:14:17.700+0000] {dag.py:3722} INFO - Setting next_dagrun for example_short_circuit_operator to 2025-03-05T14:14:17.700462+00:00, run_after=2025-03-06T14:14:17.700462+00:00
[2025-03-06T14:14:17.708+0000] {processor.py:179} INFO - Processing /home/airflow/.local/lib/python3.8/site-packages/airflow/example_dags/example_short_circuit_operator.py took 0.035 seconds
[2025-03-06T14:14:48.224+0000] {processor.py:157} INFO - Started process (PID=24405) to work on /home/airflow/.local/lib/python3.8/site-packages/airflow/example_dags/example_short_circuit_operator.py
[2025-03-06T14:14:48.225+0000] {processor.py:829} INFO - Processing file /home/airflow/.local/lib/python3.8/site-packages/airflow/example_dags/example_short_circuit_operator.py for tasks to queue
[2025-03-06T14:14:48.225+0000] {logging_mixin.py:154} INFO - [2025-03-06T14:14:48.225+0000] {dagbag.py:536} INFO - Filling up the DagBag from /home/airflow/.local/lib/python3.8/site-packages/airflow/example_dags/example_short_circuit_operator.py
[2025-03-06T14:14:48.228+0000] {processor.py:839} INFO - DAG(s) dict_keys(['example_short_circuit_operator']) retrieved from /home/airflow/.local/lib/python3.8/site-packages/airflow/example_dags/example_short_circuit_operator.py
[2025-03-06T14:14:48.240+0000] {logging_mixin.py:154} INFO - [2025-03-06T14:14:48.240+0000] {dag.py:2941} INFO - Sync 1 DAGs
[2025-03-06T14:14:48.249+0000] {logging_mixin.py:154} INFO - [2025-03-06T14:14:48.249+0000] {dag.py:3722} INFO - Setting next_dagrun for example_short_circuit_operator to 2025-03-05T14:14:48.249261+00:00, run_after=2025-03-06T14:14:48.249261+00:00
[2025-03-06T14:14:48.255+0000] {processor.py:179} INFO - Processing /home/airflow/.local/lib/python3.8/site-packages/airflow/example_dags/example_short_circuit_operator.py took 0.033 seconds
[2025-03-06T14:15:18.720+0000] {processor.py:157} INFO - Started process (PID=24461) to work on /home/airflow/.local/lib/python3.8/site-packages/airflow/example_dags/example_short_circuit_operator.py
[2025-03-06T14:15:18.721+0000] {processor.py:829} INFO - Processing file /home/airflow/.local/lib/python3.8/site-packages/airflow/example_dags/example_short_circuit_operator.py for tasks to queue
[2025-03-06T14:15:18.722+0000] {logging_mixin.py:154} INFO - [2025-03-06T14:15:18.722+0000] {dagbag.py:536} INFO - Filling up the DagBag from /home/airflow/.local/lib/python3.8/site-packages/airflow/example_dags/example_short_circuit_operator.py
[2025-03-06T14:15:18.726+0000] {processor.py:839} INFO - DAG(s) dict_keys(['example_short_circuit_operator']) retrieved from /home/airflow/.local/lib/python3.8/site-packages/airflow/example_dags/example_short_circuit_operator.py
[2025-03-06T14:15:18.736+0000] {logging_mixin.py:154} INFO - [2025-03-06T14:15:18.736+0000] {dag.py:2941} INFO - Sync 1 DAGs
[2025-03-06T14:15:18.746+0000] {logging_mixin.py:154} INFO - [2025-03-06T14:15:18.746+0000] {dag.py:3722} INFO - Setting next_dagrun for example_short_circuit_operator to 2025-03-05T14:15:18.746772+00:00, run_after=2025-03-06T14:15:18.746772+00:00
[2025-03-06T14:15:18.754+0000] {processor.py:179} INFO - Processing /home/airflow/.local/lib/python3.8/site-packages/airflow/example_dags/example_short_circuit_operator.py took 0.035 seconds
[2025-03-06T14:15:49.237+0000] {processor.py:157} INFO - Started process (PID=24517) to work on /home/airflow/.local/lib/python3.8/site-packages/airflow/example_dags/example_short_circuit_operator.py
[2025-03-06T14:15:49.237+0000] {processor.py:829} INFO - Processing file /home/airflow/.local/lib/python3.8/site-packages/airflow/example_dags/example_short_circuit_operator.py for tasks to queue
[2025-03-06T14:15:49.238+0000] {logging_mixin.py:154} INFO - [2025-03-06T14:15:49.238+0000] {dagbag.py:536} INFO - Filling up the DagBag from /home/airflow/.local/lib/python3.8/site-packages/airflow/example_dags/example_short_circuit_operator.py
[2025-03-06T14:15:49.244+0000] {processor.py:839} INFO - DAG(s) dict_keys(['example_short_circuit_operator']) retrieved from /home/airflow/.local/lib/python3.8/site-packages/airflow/example_dags/example_short_circuit_operator.py
[2025-03-06T14:15:49.254+0000] {logging_mixin.py:154} INFO - [2025-03-06T14:15:49.254+0000] {dag.py:2941} INFO - Sync 1 DAGs
[2025-03-06T14:15:49.264+0000] {logging_mixin.py:154} INFO - [2025-03-06T14:15:49.264+0000] {dag.py:3722} INFO - Setting next_dagrun for example_short_circuit_operator to 2025-03-05T14:15:49.264445+00:00, run_after=2025-03-06T14:15:49.264445+00:00
[2025-03-06T14:15:49.274+0000] {processor.py:179} INFO - Processing /home/airflow/.local/lib/python3.8/site-packages/airflow/example_dags/example_short_circuit_operator.py took 0.039 seconds
[2025-03-06T14:16:19.740+0000] {processor.py:157} INFO - Started process (PID=24573) to work on /home/airflow/.local/lib/python3.8/site-packages/airflow/example_dags/example_short_circuit_operator.py
[2025-03-06T14:16:19.741+0000] {processor.py:829} INFO - Processing file /home/airflow/.local/lib/python3.8/site-packages/airflow/example_dags/example_short_circuit_operator.py for tasks to queue
[2025-03-06T14:16:19.741+0000] {logging_mixin.py:154} INFO - [2025-03-06T14:16:19.741+0000] {dagbag.py:536} INFO - Filling up the DagBag from /home/airflow/.local/lib/python3.8/site-packages/airflow/example_dags/example_short_circuit_operator.py
[2025-03-06T14:16:19.746+0000] {processor.py:839} INFO - DAG(s) dict_keys(['example_short_circuit_operator']) retrieved from /home/airflow/.local/lib/python3.8/site-packages/airflow/example_dags/example_short_circuit_operator.py
[2025-03-06T14:16:19.757+0000] {logging_mixin.py:154} INFO - [2025-03-06T14:16:19.756+0000] {dag.py:2941} INFO - Sync 1 DAGs
[2025-03-06T14:16:19.765+0000] {logging_mixin.py:154} INFO - [2025-03-06T14:16:19.765+0000] {dag.py:3722} INFO - Setting next_dagrun for example_short_circuit_operator to 2025-03-05T14:16:19.765776+00:00, run_after=2025-03-06T14:16:19.765776+00:00
[2025-03-06T14:16:19.774+0000] {processor.py:179} INFO - Processing /home/airflow/.local/lib/python3.8/site-packages/airflow/example_dags/example_short_circuit_operator.py took 0.036 seconds
[2025-03-06T14:16:50.186+0000] {processor.py:157} INFO - Started process (PID=24629) to work on /home/airflow/.local/lib/python3.8/site-packages/airflow/example_dags/example_short_circuit_operator.py
[2025-03-06T14:16:50.187+0000] {processor.py:829} INFO - Processing file /home/airflow/.local/lib/python3.8/site-packages/airflow/example_dags/example_short_circuit_operator.py for tasks to queue
[2025-03-06T14:16:50.188+0000] {logging_mixin.py:154} INFO - [2025-03-06T14:16:50.188+0000] {dagbag.py:536} INFO - Filling up the DagBag from /home/airflow/.local/lib/python3.8/site-packages/airflow/example_dags/example_short_circuit_operator.py
[2025-03-06T14:16:50.193+0000] {processor.py:839} INFO - DAG(s) dict_keys(['example_short_circuit_operator']) retrieved from /home/airflow/.local/lib/python3.8/site-packages/airflow/example_dags/example_short_circuit_operator.py
[2025-03-06T14:16:50.203+0000] {logging_mixin.py:154} INFO - [2025-03-06T14:16:50.203+0000] {dag.py:2941} INFO - Sync 1 DAGs
[2025-03-06T14:16:50.210+0000] {logging_mixin.py:154} INFO - [2025-03-06T14:16:50.210+0000] {dag.py:3722} INFO - Setting next_dagrun for example_short_circuit_operator to 2025-03-05T14:16:50.210538+00:00, run_after=2025-03-06T14:16:50.210538+00:00
[2025-03-06T14:16:50.216+0000] {processor.py:179} INFO - Processing /home/airflow/.local/lib/python3.8/site-packages/airflow/example_dags/example_short_circuit_operator.py took 0.032 seconds
[2025-03-06T14:17:20.737+0000] {processor.py:157} INFO - Started process (PID=24685) to work on /home/airflow/.local/lib/python3.8/site-packages/airflow/example_dags/example_short_circuit_operator.py
[2025-03-06T14:17:20.738+0000] {processor.py:829} INFO - Processing file /home/airflow/.local/lib/python3.8/site-packages/airflow/example_dags/example_short_circuit_operator.py for tasks to queue
[2025-03-06T14:17:20.739+0000] {logging_mixin.py:154} INFO - [2025-03-06T14:17:20.739+0000] {dagbag.py:536} INFO - Filling up the DagBag from /home/airflow/.local/lib/python3.8/site-packages/airflow/example_dags/example_short_circuit_operator.py
[2025-03-06T14:17:20.744+0000] {processor.py:839} INFO - DAG(s) dict_keys(['example_short_circuit_operator']) retrieved from /home/airflow/.local/lib/python3.8/site-packages/airflow/example_dags/example_short_circuit_operator.py
[2025-03-06T14:17:20.753+0000] {logging_mixin.py:154} INFO - [2025-03-06T14:17:20.753+0000] {dag.py:2941} INFO - Sync 1 DAGs
[2025-03-06T14:17:20.761+0000] {logging_mixin.py:154} INFO - [2025-03-06T14:17:20.761+0000] {dag.py:3722} INFO - Setting next_dagrun for example_short_circuit_operator to 2025-03-05T14:17:20.761422+00:00, run_after=2025-03-06T14:17:20.761422+00:00
[2025-03-06T14:17:20.768+0000] {processor.py:179} INFO - Processing /home/airflow/.local/lib/python3.8/site-packages/airflow/example_dags/example_short_circuit_operator.py took 0.033 seconds
[2025-03-06T14:17:51.219+0000] {processor.py:157} INFO - Started process (PID=24741) to work on /home/airflow/.local/lib/python3.8/site-packages/airflow/example_dags/example_short_circuit_operator.py
[2025-03-06T14:17:51.219+0000] {processor.py:829} INFO - Processing file /home/airflow/.local/lib/python3.8/site-packages/airflow/example_dags/example_short_circuit_operator.py for tasks to queue
[2025-03-06T14:17:51.220+0000] {logging_mixin.py:154} INFO - [2025-03-06T14:17:51.220+0000] {dagbag.py:536} INFO - Filling up the DagBag from /home/airflow/.local/lib/python3.8/site-packages/airflow/example_dags/example_short_circuit_operator.py
[2025-03-06T14:17:51.225+0000] {processor.py:839} INFO - DAG(s) dict_keys(['example_short_circuit_operator']) retrieved from /home/airflow/.local/lib/python3.8/site-packages/airflow/example_dags/example_short_circuit_operator.py
[2025-03-06T14:17:51.236+0000] {logging_mixin.py:154} INFO - [2025-03-06T14:17:51.236+0000] {dag.py:2941} INFO - Sync 1 DAGs
[2025-03-06T14:17:51.244+0000] {logging_mixin.py:154} INFO - [2025-03-06T14:17:51.244+0000] {dag.py:3722} INFO - Setting next_dagrun for example_short_circuit_operator to 2025-03-05T14:17:51.244365+00:00, run_after=2025-03-06T14:17:51.244365+00:00
[2025-03-06T14:17:51.252+0000] {processor.py:179} INFO - Processing /home/airflow/.local/lib/python3.8/site-packages/airflow/example_dags/example_short_circuit_operator.py took 0.034 seconds
[2025-03-06T14:18:21.705+0000] {processor.py:157} INFO - Started process (PID=24797) to work on /home/airflow/.local/lib/python3.8/site-packages/airflow/example_dags/example_short_circuit_operator.py
[2025-03-06T14:18:21.705+0000] {processor.py:829} INFO - Processing file /home/airflow/.local/lib/python3.8/site-packages/airflow/example_dags/example_short_circuit_operator.py for tasks to queue
[2025-03-06T14:18:21.706+0000] {logging_mixin.py:154} INFO - [2025-03-06T14:18:21.706+0000] {dagbag.py:536} INFO - Filling up the DagBag from /home/airflow/.local/lib/python3.8/site-packages/airflow/example_dags/example_short_circuit_operator.py
[2025-03-06T14:18:21.710+0000] {processor.py:839} INFO - DAG(s) dict_keys(['example_short_circuit_operator']) retrieved from /home/airflow/.local/lib/python3.8/site-packages/airflow/example_dags/example_short_circuit_operator.py
[2025-03-06T14:18:21.722+0000] {logging_mixin.py:154} INFO - [2025-03-06T14:18:21.722+0000] {dag.py:2941} INFO - Sync 1 DAGs
[2025-03-06T14:18:21.731+0000] {logging_mixin.py:154} INFO - [2025-03-06T14:18:21.731+0000] {dag.py:3722} INFO - Setting next_dagrun for example_short_circuit_operator to 2025-03-05T14:18:21.731511+00:00, run_after=2025-03-06T14:18:21.731511+00:00
[2025-03-06T14:18:21.742+0000] {processor.py:179} INFO - Processing /home/airflow/.local/lib/python3.8/site-packages/airflow/example_dags/example_short_circuit_operator.py took 0.039 seconds
[2025-03-06T14:18:52.261+0000] {processor.py:157} INFO - Started process (PID=24853) to work on /home/airflow/.local/lib/python3.8/site-packages/airflow/example_dags/example_short_circuit_operator.py
[2025-03-06T14:18:52.263+0000] {processor.py:829} INFO - Processing file /home/airflow/.local/lib/python3.8/site-packages/airflow/example_dags/example_short_circuit_operator.py for tasks to queue
[2025-03-06T14:18:52.263+0000] {logging_mixin.py:154} INFO - [2025-03-06T14:18:52.263+0000] {dagbag.py:536} INFO - Filling up the DagBag from /home/airflow/.local/lib/python3.8/site-packages/airflow/example_dags/example_short_circuit_operator.py
[2025-03-06T14:18:52.268+0000] {processor.py:839} INFO - DAG(s) dict_keys(['example_short_circuit_operator']) retrieved from /home/airflow/.local/lib/python3.8/site-packages/airflow/example_dags/example_short_circuit_operator.py
[2025-03-06T14:18:52.280+0000] {logging_mixin.py:154} INFO - [2025-03-06T14:18:52.280+0000] {dag.py:2941} INFO - Sync 1 DAGs
[2025-03-06T14:18:52.289+0000] {logging_mixin.py:154} INFO - [2025-03-06T14:18:52.288+0000] {dag.py:3722} INFO - Setting next_dagrun for example_short_circuit_operator to 2025-03-05T14:18:52.288845+00:00, run_after=2025-03-06T14:18:52.288845+00:00
[2025-03-06T14:18:52.297+0000] {processor.py:179} INFO - Processing /home/airflow/.local/lib/python3.8/site-packages/airflow/example_dags/example_short_circuit_operator.py took 0.038 seconds
[2025-03-06T14:19:22.744+0000] {processor.py:157} INFO - Started process (PID=24909) to work on /home/airflow/.local/lib/python3.8/site-packages/airflow/example_dags/example_short_circuit_operator.py
[2025-03-06T14:19:22.745+0000] {processor.py:829} INFO - Processing file /home/airflow/.local/lib/python3.8/site-packages/airflow/example_dags/example_short_circuit_operator.py for tasks to queue
[2025-03-06T14:19:22.746+0000] {logging_mixin.py:154} INFO - [2025-03-06T14:19:22.745+0000] {dagbag.py:536} INFO - Filling up the DagBag from /home/airflow/.local/lib/python3.8/site-packages/airflow/example_dags/example_short_circuit_operator.py
[2025-03-06T14:19:22.751+0000] {processor.py:839} INFO - DAG(s) dict_keys(['example_short_circuit_operator']) retrieved from /home/airflow/.local/lib/python3.8/site-packages/airflow/example_dags/example_short_circuit_operator.py
[2025-03-06T14:19:22.765+0000] {logging_mixin.py:154} INFO - [2025-03-06T14:19:22.765+0000] {dag.py:2941} INFO - Sync 1 DAGs
[2025-03-06T14:19:22.774+0000] {logging_mixin.py:154} INFO - [2025-03-06T14:19:22.774+0000] {dag.py:3722} INFO - Setting next_dagrun for example_short_circuit_operator to 2025-03-05T14:19:22.774222+00:00, run_after=2025-03-06T14:19:22.774222+00:00
[2025-03-06T14:19:22.782+0000] {processor.py:179} INFO - Processing /home/airflow/.local/lib/python3.8/site-packages/airflow/example_dags/example_short_circuit_operator.py took 0.040 seconds
[2025-03-06T14:19:53.212+0000] {processor.py:157} INFO - Started process (PID=24965) to work on /home/airflow/.local/lib/python3.8/site-packages/airflow/example_dags/example_short_circuit_operator.py
[2025-03-06T14:19:53.214+0000] {processor.py:829} INFO - Processing file /home/airflow/.local/lib/python3.8/site-packages/airflow/example_dags/example_short_circuit_operator.py for tasks to queue
[2025-03-06T14:19:53.215+0000] {logging_mixin.py:154} INFO - [2025-03-06T14:19:53.215+0000] {dagbag.py:536} INFO - Filling up the DagBag from /home/airflow/.local/lib/python3.8/site-packages/airflow/example_dags/example_short_circuit_operator.py
[2025-03-06T14:19:53.219+0000] {processor.py:839} INFO - DAG(s) dict_keys(['example_short_circuit_operator']) retrieved from /home/airflow/.local/lib/python3.8/site-packages/airflow/example_dags/example_short_circuit_operator.py
[2025-03-06T14:19:53.230+0000] {logging_mixin.py:154} INFO - [2025-03-06T14:19:53.230+0000] {dag.py:2941} INFO - Sync 1 DAGs
[2025-03-06T14:19:53.238+0000] {logging_mixin.py:154} INFO - [2025-03-06T14:19:53.238+0000] {dag.py:3722} INFO - Setting next_dagrun for example_short_circuit_operator to 2025-03-05T14:19:53.238563+00:00, run_after=2025-03-06T14:19:53.238563+00:00
[2025-03-06T14:19:53.247+0000] {processor.py:179} INFO - Processing /home/airflow/.local/lib/python3.8/site-packages/airflow/example_dags/example_short_circuit_operator.py took 0.036 seconds
[2025-03-06T14:20:23.714+0000] {processor.py:157} INFO - Started process (PID=25021) to work on /home/airflow/.local/lib/python3.8/site-packages/airflow/example_dags/example_short_circuit_operator.py
[2025-03-06T14:20:23.715+0000] {processor.py:829} INFO - Processing file /home/airflow/.local/lib/python3.8/site-packages/airflow/example_dags/example_short_circuit_operator.py for tasks to queue
[2025-03-06T14:20:23.716+0000] {logging_mixin.py:154} INFO - [2025-03-06T14:20:23.716+0000] {dagbag.py:536} INFO - Filling up the DagBag from /home/airflow/.local/lib/python3.8/site-packages/airflow/example_dags/example_short_circuit_operator.py
[2025-03-06T14:20:23.720+0000] {processor.py:839} INFO - DAG(s) dict_keys(['example_short_circuit_operator']) retrieved from /home/airflow/.local/lib/python3.8/site-packages/airflow/example_dags/example_short_circuit_operator.py
[2025-03-06T14:20:23.731+0000] {logging_mixin.py:154} INFO - [2025-03-06T14:20:23.731+0000] {dag.py:2941} INFO - Sync 1 DAGs
[2025-03-06T14:20:23.739+0000] {logging_mixin.py:154} INFO - [2025-03-06T14:20:23.739+0000] {dag.py:3722} INFO - Setting next_dagrun for example_short_circuit_operator to 2025-03-05T14:20:23.739416+00:00, run_after=2025-03-06T14:20:23.739416+00:00
[2025-03-06T14:20:23.745+0000] {processor.py:179} INFO - Processing /home/airflow/.local/lib/python3.8/site-packages/airflow/example_dags/example_short_circuit_operator.py took 0.033 seconds
[2025-03-06T14:20:54.264+0000] {processor.py:157} INFO - Started process (PID=25076) to work on /home/airflow/.local/lib/python3.8/site-packages/airflow/example_dags/example_short_circuit_operator.py
[2025-03-06T14:20:54.264+0000] {processor.py:829} INFO - Processing file /home/airflow/.local/lib/python3.8/site-packages/airflow/example_dags/example_short_circuit_operator.py for tasks to queue
[2025-03-06T14:20:54.265+0000] {logging_mixin.py:154} INFO - [2025-03-06T14:20:54.264+0000] {dagbag.py:536} INFO - Filling up the DagBag from /home/airflow/.local/lib/python3.8/site-packages/airflow/example_dags/example_short_circuit_operator.py
[2025-03-06T14:20:54.271+0000] {processor.py:839} INFO - DAG(s) dict_keys(['example_short_circuit_operator']) retrieved from /home/airflow/.local/lib/python3.8/site-packages/airflow/example_dags/example_short_circuit_operator.py
[2025-03-06T14:20:54.284+0000] {logging_mixin.py:154} INFO - [2025-03-06T14:20:54.284+0000] {dag.py:2941} INFO - Sync 1 DAGs
[2025-03-06T14:20:54.297+0000] {logging_mixin.py:154} INFO - [2025-03-06T14:20:54.297+0000] {dag.py:3722} INFO - Setting next_dagrun for example_short_circuit_operator to 2025-03-05T14:20:54.296991+00:00, run_after=2025-03-06T14:20:54.296991+00:00
[2025-03-06T14:20:54.305+0000] {processor.py:179} INFO - Processing /home/airflow/.local/lib/python3.8/site-packages/airflow/example_dags/example_short_circuit_operator.py took 0.043 seconds
[2025-03-06T14:21:24.795+0000] {processor.py:157} INFO - Started process (PID=25132) to work on /home/airflow/.local/lib/python3.8/site-packages/airflow/example_dags/example_short_circuit_operator.py
[2025-03-06T14:21:24.795+0000] {processor.py:829} INFO - Processing file /home/airflow/.local/lib/python3.8/site-packages/airflow/example_dags/example_short_circuit_operator.py for tasks to queue
[2025-03-06T14:21:24.796+0000] {logging_mixin.py:154} INFO - [2025-03-06T14:21:24.795+0000] {dagbag.py:536} INFO - Filling up the DagBag from /home/airflow/.local/lib/python3.8/site-packages/airflow/example_dags/example_short_circuit_operator.py
[2025-03-06T14:21:24.800+0000] {processor.py:839} INFO - DAG(s) dict_keys(['example_short_circuit_operator']) retrieved from /home/airflow/.local/lib/python3.8/site-packages/airflow/example_dags/example_short_circuit_operator.py
[2025-03-06T14:21:24.810+0000] {logging_mixin.py:154} INFO - [2025-03-06T14:21:24.810+0000] {dag.py:2941} INFO - Sync 1 DAGs
[2025-03-06T14:21:24.819+0000] {logging_mixin.py:154} INFO - [2025-03-06T14:21:24.819+0000] {dag.py:3722} INFO - Setting next_dagrun for example_short_circuit_operator to 2025-03-05T14:21:24.819157+00:00, run_after=2025-03-06T14:21:24.819157+00:00
[2025-03-06T14:21:24.828+0000] {processor.py:179} INFO - Processing /home/airflow/.local/lib/python3.8/site-packages/airflow/example_dags/example_short_circuit_operator.py took 0.034 seconds
[2025-03-06T14:21:55.322+0000] {processor.py:157} INFO - Started process (PID=25188) to work on /home/airflow/.local/lib/python3.8/site-packages/airflow/example_dags/example_short_circuit_operator.py
[2025-03-06T14:21:55.323+0000] {processor.py:829} INFO - Processing file /home/airflow/.local/lib/python3.8/site-packages/airflow/example_dags/example_short_circuit_operator.py for tasks to queue
[2025-03-06T14:21:55.323+0000] {logging_mixin.py:154} INFO - [2025-03-06T14:21:55.323+0000] {dagbag.py:536} INFO - Filling up the DagBag from /home/airflow/.local/lib/python3.8/site-packages/airflow/example_dags/example_short_circuit_operator.py
[2025-03-06T14:21:55.329+0000] {processor.py:839} INFO - DAG(s) dict_keys(['example_short_circuit_operator']) retrieved from /home/airflow/.local/lib/python3.8/site-packages/airflow/example_dags/example_short_circuit_operator.py
[2025-03-06T14:21:55.338+0000] {logging_mixin.py:154} INFO - [2025-03-06T14:21:55.338+0000] {dag.py:2941} INFO - Sync 1 DAGs
[2025-03-06T14:21:55.346+0000] {logging_mixin.py:154} INFO - [2025-03-06T14:21:55.346+0000] {dag.py:3722} INFO - Setting next_dagrun for example_short_circuit_operator to 2025-03-05T14:21:55.346573+00:00, run_after=2025-03-06T14:21:55.346573+00:00
[2025-03-06T14:21:55.355+0000] {processor.py:179} INFO - Processing /home/airflow/.local/lib/python3.8/site-packages/airflow/example_dags/example_short_circuit_operator.py took 0.035 seconds
[2025-03-06T14:22:25.772+0000] {processor.py:157} INFO - Started process (PID=25244) to work on /home/airflow/.local/lib/python3.8/site-packages/airflow/example_dags/example_short_circuit_operator.py
[2025-03-06T14:22:25.772+0000] {processor.py:829} INFO - Processing file /home/airflow/.local/lib/python3.8/site-packages/airflow/example_dags/example_short_circuit_operator.py for tasks to queue
[2025-03-06T14:22:25.773+0000] {logging_mixin.py:154} INFO - [2025-03-06T14:22:25.772+0000] {dagbag.py:536} INFO - Filling up the DagBag from /home/airflow/.local/lib/python3.8/site-packages/airflow/example_dags/example_short_circuit_operator.py
[2025-03-06T14:22:25.777+0000] {processor.py:839} INFO - DAG(s) dict_keys(['example_short_circuit_operator']) retrieved from /home/airflow/.local/lib/python3.8/site-packages/airflow/example_dags/example_short_circuit_operator.py
[2025-03-06T14:22:25.786+0000] {logging_mixin.py:154} INFO - [2025-03-06T14:22:25.786+0000] {dag.py:2941} INFO - Sync 1 DAGs
[2025-03-06T14:22:25.793+0000] {logging_mixin.py:154} INFO - [2025-03-06T14:22:25.793+0000] {dag.py:3722} INFO - Setting next_dagrun for example_short_circuit_operator to 2025-03-05T14:22:25.793729+00:00, run_after=2025-03-06T14:22:25.793729+00:00
[2025-03-06T14:22:25.802+0000] {processor.py:179} INFO - Processing /home/airflow/.local/lib/python3.8/site-packages/airflow/example_dags/example_short_circuit_operator.py took 0.032 seconds
[2025-03-06T14:22:56.214+0000] {processor.py:157} INFO - Started process (PID=25300) to work on /home/airflow/.local/lib/python3.8/site-packages/airflow/example_dags/example_short_circuit_operator.py
[2025-03-06T14:22:56.215+0000] {processor.py:829} INFO - Processing file /home/airflow/.local/lib/python3.8/site-packages/airflow/example_dags/example_short_circuit_operator.py for tasks to queue
[2025-03-06T14:22:56.216+0000] {logging_mixin.py:154} INFO - [2025-03-06T14:22:56.216+0000] {dagbag.py:536} INFO - Filling up the DagBag from /home/airflow/.local/lib/python3.8/site-packages/airflow/example_dags/example_short_circuit_operator.py
[2025-03-06T14:22:56.221+0000] {processor.py:839} INFO - DAG(s) dict_keys(['example_short_circuit_operator']) retrieved from /home/airflow/.local/lib/python3.8/site-packages/airflow/example_dags/example_short_circuit_operator.py
[2025-03-06T14:22:56.231+0000] {logging_mixin.py:154} INFO - [2025-03-06T14:22:56.230+0000] {dag.py:2941} INFO - Sync 1 DAGs
[2025-03-06T14:22:56.239+0000] {logging_mixin.py:154} INFO - [2025-03-06T14:22:56.239+0000] {dag.py:3722} INFO - Setting next_dagrun for example_short_circuit_operator to 2025-03-05T14:22:56.239441+00:00, run_after=2025-03-06T14:22:56.239441+00:00
[2025-03-06T14:22:56.249+0000] {processor.py:179} INFO - Processing /home/airflow/.local/lib/python3.8/site-packages/airflow/example_dags/example_short_circuit_operator.py took 0.037 seconds
[2025-03-06T14:23:26.725+0000] {processor.py:157} INFO - Started process (PID=25356) to work on /home/airflow/.local/lib/python3.8/site-packages/airflow/example_dags/example_short_circuit_operator.py
[2025-03-06T14:23:26.726+0000] {processor.py:829} INFO - Processing file /home/airflow/.local/lib/python3.8/site-packages/airflow/example_dags/example_short_circuit_operator.py for tasks to queue
[2025-03-06T14:23:26.726+0000] {logging_mixin.py:154} INFO - [2025-03-06T14:23:26.726+0000] {dagbag.py:536} INFO - Filling up the DagBag from /home/airflow/.local/lib/python3.8/site-packages/airflow/example_dags/example_short_circuit_operator.py
[2025-03-06T14:23:26.730+0000] {processor.py:839} INFO - DAG(s) dict_keys(['example_short_circuit_operator']) retrieved from /home/airflow/.local/lib/python3.8/site-packages/airflow/example_dags/example_short_circuit_operator.py
[2025-03-06T14:23:26.740+0000] {logging_mixin.py:154} INFO - [2025-03-06T14:23:26.740+0000] {dag.py:2941} INFO - Sync 1 DAGs
[2025-03-06T14:23:26.748+0000] {logging_mixin.py:154} INFO - [2025-03-06T14:23:26.748+0000] {dag.py:3722} INFO - Setting next_dagrun for example_short_circuit_operator to 2025-03-05T14:23:26.748722+00:00, run_after=2025-03-06T14:23:26.748722+00:00
[2025-03-06T14:23:26.756+0000] {processor.py:179} INFO - Processing /home/airflow/.local/lib/python3.8/site-packages/airflow/example_dags/example_short_circuit_operator.py took 0.033 seconds
[2025-03-06T14:23:57.279+0000] {processor.py:157} INFO - Started process (PID=25419) to work on /home/airflow/.local/lib/python3.8/site-packages/airflow/example_dags/example_short_circuit_operator.py
[2025-03-06T14:23:57.281+0000] {processor.py:829} INFO - Processing file /home/airflow/.local/lib/python3.8/site-packages/airflow/example_dags/example_short_circuit_operator.py for tasks to queue
[2025-03-06T14:23:57.284+0000] {logging_mixin.py:154} INFO - [2025-03-06T14:23:57.283+0000] {dagbag.py:536} INFO - Filling up the DagBag from /home/airflow/.local/lib/python3.8/site-packages/airflow/example_dags/example_short_circuit_operator.py
[2025-03-06T14:23:57.288+0000] {processor.py:839} INFO - DAG(s) dict_keys(['example_short_circuit_operator']) retrieved from /home/airflow/.local/lib/python3.8/site-packages/airflow/example_dags/example_short_circuit_operator.py
[2025-03-06T14:23:57.298+0000] {logging_mixin.py:154} INFO - [2025-03-06T14:23:57.298+0000] {dag.py:2941} INFO - Sync 1 DAGs
[2025-03-06T14:23:57.308+0000] {logging_mixin.py:154} INFO - [2025-03-06T14:23:57.308+0000] {dag.py:3722} INFO - Setting next_dagrun for example_short_circuit_operator to 2025-03-05T14:23:57.308362+00:00, run_after=2025-03-06T14:23:57.308362+00:00
[2025-03-06T14:23:57.315+0000] {processor.py:179} INFO - Processing /home/airflow/.local/lib/python3.8/site-packages/airflow/example_dags/example_short_circuit_operator.py took 0.038 seconds
[2025-03-06T14:24:27.785+0000] {processor.py:157} INFO - Started process (PID=25475) to work on /home/airflow/.local/lib/python3.8/site-packages/airflow/example_dags/example_short_circuit_operator.py
[2025-03-06T14:24:27.786+0000] {processor.py:829} INFO - Processing file /home/airflow/.local/lib/python3.8/site-packages/airflow/example_dags/example_short_circuit_operator.py for tasks to queue
[2025-03-06T14:24:27.787+0000] {logging_mixin.py:154} INFO - [2025-03-06T14:24:27.787+0000] {dagbag.py:536} INFO - Filling up the DagBag from /home/airflow/.local/lib/python3.8/site-packages/airflow/example_dags/example_short_circuit_operator.py
[2025-03-06T14:24:27.792+0000] {processor.py:839} INFO - DAG(s) dict_keys(['example_short_circuit_operator']) retrieved from /home/airflow/.local/lib/python3.8/site-packages/airflow/example_dags/example_short_circuit_operator.py
[2025-03-06T14:24:27.802+0000] {logging_mixin.py:154} INFO - [2025-03-06T14:24:27.802+0000] {dag.py:2941} INFO - Sync 1 DAGs
[2025-03-06T14:24:27.812+0000] {logging_mixin.py:154} INFO - [2025-03-06T14:24:27.812+0000] {dag.py:3722} INFO - Setting next_dagrun for example_short_circuit_operator to 2025-03-05T14:24:27.812615+00:00, run_after=2025-03-06T14:24:27.812615+00:00
[2025-03-06T14:24:27.819+0000] {processor.py:179} INFO - Processing /home/airflow/.local/lib/python3.8/site-packages/airflow/example_dags/example_short_circuit_operator.py took 0.036 seconds
[2025-03-06T14:24:58.387+0000] {processor.py:157} INFO - Started process (PID=25531) to work on /home/airflow/.local/lib/python3.8/site-packages/airflow/example_dags/example_short_circuit_operator.py
[2025-03-06T14:24:58.388+0000] {processor.py:829} INFO - Processing file /home/airflow/.local/lib/python3.8/site-packages/airflow/example_dags/example_short_circuit_operator.py for tasks to queue
[2025-03-06T14:24:58.388+0000] {logging_mixin.py:154} INFO - [2025-03-06T14:24:58.388+0000] {dagbag.py:536} INFO - Filling up the DagBag from /home/airflow/.local/lib/python3.8/site-packages/airflow/example_dags/example_short_circuit_operator.py
[2025-03-06T14:24:58.392+0000] {processor.py:839} INFO - DAG(s) dict_keys(['example_short_circuit_operator']) retrieved from /home/airflow/.local/lib/python3.8/site-packages/airflow/example_dags/example_short_circuit_operator.py
[2025-03-06T14:24:58.405+0000] {logging_mixin.py:154} INFO - [2025-03-06T14:24:58.405+0000] {dag.py:2941} INFO - Sync 1 DAGs
[2025-03-06T14:24:58.416+0000] {logging_mixin.py:154} INFO - [2025-03-06T14:24:58.416+0000] {dag.py:3722} INFO - Setting next_dagrun for example_short_circuit_operator to 2025-03-05T14:24:58.416288+00:00, run_after=2025-03-06T14:24:58.416288+00:00
[2025-03-06T14:24:58.426+0000] {processor.py:179} INFO - Processing /home/airflow/.local/lib/python3.8/site-packages/airflow/example_dags/example_short_circuit_operator.py took 0.040 seconds
[2025-03-06T14:25:28.911+0000] {processor.py:157} INFO - Started process (PID=25587) to work on /home/airflow/.local/lib/python3.8/site-packages/airflow/example_dags/example_short_circuit_operator.py
[2025-03-06T14:25:28.912+0000] {processor.py:829} INFO - Processing file /home/airflow/.local/lib/python3.8/site-packages/airflow/example_dags/example_short_circuit_operator.py for tasks to queue
[2025-03-06T14:25:28.912+0000] {logging_mixin.py:154} INFO - [2025-03-06T14:25:28.912+0000] {dagbag.py:536} INFO - Filling up the DagBag from /home/airflow/.local/lib/python3.8/site-packages/airflow/example_dags/example_short_circuit_operator.py
[2025-03-06T14:25:28.916+0000] {processor.py:839} INFO - DAG(s) dict_keys(['example_short_circuit_operator']) retrieved from /home/airflow/.local/lib/python3.8/site-packages/airflow/example_dags/example_short_circuit_operator.py
[2025-03-06T14:25:28.926+0000] {logging_mixin.py:154} INFO - [2025-03-06T14:25:28.925+0000] {dag.py:2941} INFO - Sync 1 DAGs
[2025-03-06T14:25:28.934+0000] {logging_mixin.py:154} INFO - [2025-03-06T14:25:28.934+0000] {dag.py:3722} INFO - Setting next_dagrun for example_short_circuit_operator to 2025-03-05T14:25:28.933991+00:00, run_after=2025-03-06T14:25:28.933991+00:00
[2025-03-06T14:25:28.941+0000] {processor.py:179} INFO - Processing /home/airflow/.local/lib/python3.8/site-packages/airflow/example_dags/example_short_circuit_operator.py took 0.032 seconds
[2025-03-06T14:25:59.536+0000] {processor.py:157} INFO - Started process (PID=25642) to work on /home/airflow/.local/lib/python3.8/site-packages/airflow/example_dags/example_short_circuit_operator.py
[2025-03-06T14:25:59.537+0000] {processor.py:829} INFO - Processing file /home/airflow/.local/lib/python3.8/site-packages/airflow/example_dags/example_short_circuit_operator.py for tasks to queue
[2025-03-06T14:25:59.538+0000] {logging_mixin.py:154} INFO - [2025-03-06T14:25:59.538+0000] {dagbag.py:536} INFO - Filling up the DagBag from /home/airflow/.local/lib/python3.8/site-packages/airflow/example_dags/example_short_circuit_operator.py
[2025-03-06T14:25:59.544+0000] {processor.py:839} INFO - DAG(s) dict_keys(['example_short_circuit_operator']) retrieved from /home/airflow/.local/lib/python3.8/site-packages/airflow/example_dags/example_short_circuit_operator.py
[2025-03-06T14:25:59.554+0000] {logging_mixin.py:154} INFO - [2025-03-06T14:25:59.554+0000] {dag.py:2941} INFO - Sync 1 DAGs
[2025-03-06T14:25:59.563+0000] {logging_mixin.py:154} INFO - [2025-03-06T14:25:59.563+0000] {dag.py:3722} INFO - Setting next_dagrun for example_short_circuit_operator to 2025-03-05T14:25:59.562947+00:00, run_after=2025-03-06T14:25:59.562947+00:00
[2025-03-06T14:25:59.569+0000] {processor.py:179} INFO - Processing /home/airflow/.local/lib/python3.8/site-packages/airflow/example_dags/example_short_circuit_operator.py took 0.034 seconds
[2025-03-06T14:26:30.089+0000] {processor.py:157} INFO - Started process (PID=25697) to work on /home/airflow/.local/lib/python3.8/site-packages/airflow/example_dags/example_short_circuit_operator.py
[2025-03-06T14:26:30.090+0000] {processor.py:829} INFO - Processing file /home/airflow/.local/lib/python3.8/site-packages/airflow/example_dags/example_short_circuit_operator.py for tasks to queue
[2025-03-06T14:26:30.090+0000] {logging_mixin.py:154} INFO - [2025-03-06T14:26:30.090+0000] {dagbag.py:536} INFO - Filling up the DagBag from /home/airflow/.local/lib/python3.8/site-packages/airflow/example_dags/example_short_circuit_operator.py
[2025-03-06T14:26:30.094+0000] {processor.py:839} INFO - DAG(s) dict_keys(['example_short_circuit_operator']) retrieved from /home/airflow/.local/lib/python3.8/site-packages/airflow/example_dags/example_short_circuit_operator.py
[2025-03-06T14:26:30.108+0000] {logging_mixin.py:154} INFO - [2025-03-06T14:26:30.108+0000] {dag.py:2941} INFO - Sync 1 DAGs
[2025-03-06T14:26:30.117+0000] {logging_mixin.py:154} INFO - [2025-03-06T14:26:30.117+0000] {dag.py:3722} INFO - Setting next_dagrun for example_short_circuit_operator to 2025-03-05T14:26:30.117064+00:00, run_after=2025-03-06T14:26:30.117064+00:00
[2025-03-06T14:26:30.123+0000] {processor.py:179} INFO - Processing /home/airflow/.local/lib/python3.8/site-packages/airflow/example_dags/example_short_circuit_operator.py took 0.035 seconds
[2025-03-06T14:27:00.687+0000] {processor.py:157} INFO - Started process (PID=25753) to work on /home/airflow/.local/lib/python3.8/site-packages/airflow/example_dags/example_short_circuit_operator.py
[2025-03-06T14:27:00.688+0000] {processor.py:829} INFO - Processing file /home/airflow/.local/lib/python3.8/site-packages/airflow/example_dags/example_short_circuit_operator.py for tasks to queue
[2025-03-06T14:27:00.689+0000] {logging_mixin.py:154} INFO - [2025-03-06T14:27:00.689+0000] {dagbag.py:536} INFO - Filling up the DagBag from /home/airflow/.local/lib/python3.8/site-packages/airflow/example_dags/example_short_circuit_operator.py
[2025-03-06T14:27:00.693+0000] {processor.py:839} INFO - DAG(s) dict_keys(['example_short_circuit_operator']) retrieved from /home/airflow/.local/lib/python3.8/site-packages/airflow/example_dags/example_short_circuit_operator.py
[2025-03-06T14:27:00.703+0000] {logging_mixin.py:154} INFO - [2025-03-06T14:27:00.703+0000] {dag.py:2941} INFO - Sync 1 DAGs
[2025-03-06T14:27:00.711+0000] {logging_mixin.py:154} INFO - [2025-03-06T14:27:00.710+0000] {dag.py:3722} INFO - Setting next_dagrun for example_short_circuit_operator to 2025-03-05T14:27:00.710910+00:00, run_after=2025-03-06T14:27:00.710910+00:00
[2025-03-06T14:27:00.719+0000] {processor.py:179} INFO - Processing /home/airflow/.local/lib/python3.8/site-packages/airflow/example_dags/example_short_circuit_operator.py took 0.033 seconds
[2025-03-06T14:27:31.269+0000] {processor.py:157} INFO - Started process (PID=25809) to work on /home/airflow/.local/lib/python3.8/site-packages/airflow/example_dags/example_short_circuit_operator.py
[2025-03-06T14:27:31.269+0000] {processor.py:829} INFO - Processing file /home/airflow/.local/lib/python3.8/site-packages/airflow/example_dags/example_short_circuit_operator.py for tasks to queue
[2025-03-06T14:27:31.269+0000] {logging_mixin.py:154} INFO - [2025-03-06T14:27:31.269+0000] {dagbag.py:536} INFO - Filling up the DagBag from /home/airflow/.local/lib/python3.8/site-packages/airflow/example_dags/example_short_circuit_operator.py
[2025-03-06T14:27:31.273+0000] {processor.py:839} INFO - DAG(s) dict_keys(['example_short_circuit_operator']) retrieved from /home/airflow/.local/lib/python3.8/site-packages/airflow/example_dags/example_short_circuit_operator.py
[2025-03-06T14:27:31.283+0000] {logging_mixin.py:154} INFO - [2025-03-06T14:27:31.282+0000] {dag.py:2941} INFO - Sync 1 DAGs
[2025-03-06T14:27:31.292+0000] {logging_mixin.py:154} INFO - [2025-03-06T14:27:31.292+0000] {dag.py:3722} INFO - Setting next_dagrun for example_short_circuit_operator to 2025-03-05T14:27:31.292304+00:00, run_after=2025-03-06T14:27:31.292304+00:00
[2025-03-06T14:27:31.300+0000] {processor.py:179} INFO - Processing /home/airflow/.local/lib/python3.8/site-packages/airflow/example_dags/example_short_circuit_operator.py took 0.033 seconds
[2025-03-06T14:28:01.745+0000] {processor.py:157} INFO - Started process (PID=25865) to work on /home/airflow/.local/lib/python3.8/site-packages/airflow/example_dags/example_short_circuit_operator.py
[2025-03-06T14:28:01.746+0000] {processor.py:829} INFO - Processing file /home/airflow/.local/lib/python3.8/site-packages/airflow/example_dags/example_short_circuit_operator.py for tasks to queue
[2025-03-06T14:28:01.746+0000] {logging_mixin.py:154} INFO - [2025-03-06T14:28:01.746+0000] {dagbag.py:536} INFO - Filling up the DagBag from /home/airflow/.local/lib/python3.8/site-packages/airflow/example_dags/example_short_circuit_operator.py
[2025-03-06T14:28:01.750+0000] {processor.py:839} INFO - DAG(s) dict_keys(['example_short_circuit_operator']) retrieved from /home/airflow/.local/lib/python3.8/site-packages/airflow/example_dags/example_short_circuit_operator.py
[2025-03-06T14:28:01.760+0000] {logging_mixin.py:154} INFO - [2025-03-06T14:28:01.760+0000] {dag.py:2941} INFO - Sync 1 DAGs
[2025-03-06T14:28:01.769+0000] {logging_mixin.py:154} INFO - [2025-03-06T14:28:01.769+0000] {dag.py:3722} INFO - Setting next_dagrun for example_short_circuit_operator to 2025-03-05T14:28:01.769258+00:00, run_after=2025-03-06T14:28:01.769258+00:00
[2025-03-06T14:28:01.778+0000] {processor.py:179} INFO - Processing /home/airflow/.local/lib/python3.8/site-packages/airflow/example_dags/example_short_circuit_operator.py took 0.035 seconds
[2025-03-06T14:28:32.294+0000] {processor.py:157} INFO - Started process (PID=25921) to work on /home/airflow/.local/lib/python3.8/site-packages/airflow/example_dags/example_short_circuit_operator.py
[2025-03-06T14:28:32.296+0000] {processor.py:829} INFO - Processing file /home/airflow/.local/lib/python3.8/site-packages/airflow/example_dags/example_short_circuit_operator.py for tasks to queue
[2025-03-06T14:28:32.296+0000] {logging_mixin.py:154} INFO - [2025-03-06T14:28:32.296+0000] {dagbag.py:536} INFO - Filling up the DagBag from /home/airflow/.local/lib/python3.8/site-packages/airflow/example_dags/example_short_circuit_operator.py
[2025-03-06T14:28:32.300+0000] {processor.py:839} INFO - DAG(s) dict_keys(['example_short_circuit_operator']) retrieved from /home/airflow/.local/lib/python3.8/site-packages/airflow/example_dags/example_short_circuit_operator.py
[2025-03-06T14:28:32.311+0000] {logging_mixin.py:154} INFO - [2025-03-06T14:28:32.311+0000] {dag.py:2941} INFO - Sync 1 DAGs
[2025-03-06T14:28:32.320+0000] {logging_mixin.py:154} INFO - [2025-03-06T14:28:32.320+0000] {dag.py:3722} INFO - Setting next_dagrun for example_short_circuit_operator to 2025-03-05T14:28:32.320399+00:00, run_after=2025-03-06T14:28:32.320399+00:00
[2025-03-06T14:28:32.330+0000] {processor.py:179} INFO - Processing /home/airflow/.local/lib/python3.8/site-packages/airflow/example_dags/example_short_circuit_operator.py took 0.037 seconds
[2025-03-06T14:29:02.803+0000] {processor.py:157} INFO - Started process (PID=25977) to work on /home/airflow/.local/lib/python3.8/site-packages/airflow/example_dags/example_short_circuit_operator.py
[2025-03-06T14:29:02.804+0000] {processor.py:829} INFO - Processing file /home/airflow/.local/lib/python3.8/site-packages/airflow/example_dags/example_short_circuit_operator.py for tasks to queue
[2025-03-06T14:29:02.804+0000] {logging_mixin.py:154} INFO - [2025-03-06T14:29:02.804+0000] {dagbag.py:536} INFO - Filling up the DagBag from /home/airflow/.local/lib/python3.8/site-packages/airflow/example_dags/example_short_circuit_operator.py
[2025-03-06T14:29:02.809+0000] {processor.py:839} INFO - DAG(s) dict_keys(['example_short_circuit_operator']) retrieved from /home/airflow/.local/lib/python3.8/site-packages/airflow/example_dags/example_short_circuit_operator.py
[2025-03-06T14:29:02.821+0000] {logging_mixin.py:154} INFO - [2025-03-06T14:29:02.821+0000] {dag.py:2941} INFO - Sync 1 DAGs
[2025-03-06T14:29:02.830+0000] {logging_mixin.py:154} INFO - [2025-03-06T14:29:02.830+0000] {dag.py:3722} INFO - Setting next_dagrun for example_short_circuit_operator to 2025-03-05T14:29:02.829921+00:00, run_after=2025-03-06T14:29:02.829921+00:00
[2025-03-06T14:29:02.836+0000] {processor.py:179} INFO - Processing /home/airflow/.local/lib/python3.8/site-packages/airflow/example_dags/example_short_circuit_operator.py took 0.035 seconds
[2025-03-06T14:29:33.230+0000] {processor.py:157} INFO - Started process (PID=26033) to work on /home/airflow/.local/lib/python3.8/site-packages/airflow/example_dags/example_short_circuit_operator.py
[2025-03-06T14:29:33.230+0000] {processor.py:829} INFO - Processing file /home/airflow/.local/lib/python3.8/site-packages/airflow/example_dags/example_short_circuit_operator.py for tasks to queue
[2025-03-06T14:29:33.232+0000] {logging_mixin.py:154} INFO - [2025-03-06T14:29:33.231+0000] {dagbag.py:536} INFO - Filling up the DagBag from /home/airflow/.local/lib/python3.8/site-packages/airflow/example_dags/example_short_circuit_operator.py
[2025-03-06T14:29:33.236+0000] {processor.py:839} INFO - DAG(s) dict_keys(['example_short_circuit_operator']) retrieved from /home/airflow/.local/lib/python3.8/site-packages/airflow/example_dags/example_short_circuit_operator.py
[2025-03-06T14:29:33.245+0000] {logging_mixin.py:154} INFO - [2025-03-06T14:29:33.245+0000] {dag.py:2941} INFO - Sync 1 DAGs
[2025-03-06T14:29:33.254+0000] {logging_mixin.py:154} INFO - [2025-03-06T14:29:33.254+0000] {dag.py:3722} INFO - Setting next_dagrun for example_short_circuit_operator to 2025-03-05T14:29:33.254210+00:00, run_after=2025-03-06T14:29:33.254210+00:00
[2025-03-06T14:29:33.263+0000] {processor.py:179} INFO - Processing /home/airflow/.local/lib/python3.8/site-packages/airflow/example_dags/example_short_circuit_operator.py took 0.034 seconds
[2025-03-06T14:30:03.726+0000] {processor.py:157} INFO - Started process (PID=26089) to work on /home/airflow/.local/lib/python3.8/site-packages/airflow/example_dags/example_short_circuit_operator.py
[2025-03-06T14:30:03.726+0000] {processor.py:829} INFO - Processing file /home/airflow/.local/lib/python3.8/site-packages/airflow/example_dags/example_short_circuit_operator.py for tasks to queue
[2025-03-06T14:30:03.726+0000] {logging_mixin.py:154} INFO - [2025-03-06T14:30:03.726+0000] {dagbag.py:536} INFO - Filling up the DagBag from /home/airflow/.local/lib/python3.8/site-packages/airflow/example_dags/example_short_circuit_operator.py
[2025-03-06T14:30:03.730+0000] {processor.py:839} INFO - DAG(s) dict_keys(['example_short_circuit_operator']) retrieved from /home/airflow/.local/lib/python3.8/site-packages/airflow/example_dags/example_short_circuit_operator.py
[2025-03-06T14:30:03.740+0000] {logging_mixin.py:154} INFO - [2025-03-06T14:30:03.740+0000] {dag.py:2941} INFO - Sync 1 DAGs
[2025-03-06T14:30:03.750+0000] {logging_mixin.py:154} INFO - [2025-03-06T14:30:03.750+0000] {dag.py:3722} INFO - Setting next_dagrun for example_short_circuit_operator to 2025-03-05T14:30:03.750104+00:00, run_after=2025-03-06T14:30:03.750104+00:00
[2025-03-06T14:30:03.757+0000] {processor.py:179} INFO - Processing /home/airflow/.local/lib/python3.8/site-packages/airflow/example_dags/example_short_circuit_operator.py took 0.032 seconds
[2025-03-06T14:30:34.151+0000] {processor.py:157} INFO - Started process (PID=26145) to work on /home/airflow/.local/lib/python3.8/site-packages/airflow/example_dags/example_short_circuit_operator.py
[2025-03-06T14:30:34.151+0000] {processor.py:829} INFO - Processing file /home/airflow/.local/lib/python3.8/site-packages/airflow/example_dags/example_short_circuit_operator.py for tasks to queue
[2025-03-06T14:30:34.152+0000] {logging_mixin.py:154} INFO - [2025-03-06T14:30:34.151+0000] {dagbag.py:536} INFO - Filling up the DagBag from /home/airflow/.local/lib/python3.8/site-packages/airflow/example_dags/example_short_circuit_operator.py
[2025-03-06T14:30:34.156+0000] {processor.py:839} INFO - DAG(s) dict_keys(['example_short_circuit_operator']) retrieved from /home/airflow/.local/lib/python3.8/site-packages/airflow/example_dags/example_short_circuit_operator.py
[2025-03-06T14:30:34.166+0000] {logging_mixin.py:154} INFO - [2025-03-06T14:30:34.166+0000] {dag.py:2941} INFO - Sync 1 DAGs
[2025-03-06T14:30:34.174+0000] {logging_mixin.py:154} INFO - [2025-03-06T14:30:34.174+0000] {dag.py:3722} INFO - Setting next_dagrun for example_short_circuit_operator to 2025-03-05T14:30:34.174341+00:00, run_after=2025-03-06T14:30:34.174341+00:00
[2025-03-06T14:30:34.181+0000] {processor.py:179} INFO - Processing /home/airflow/.local/lib/python3.8/site-packages/airflow/example_dags/example_short_circuit_operator.py took 0.032 seconds
[2025-03-06T14:31:04.595+0000] {processor.py:157} INFO - Started process (PID=26201) to work on /home/airflow/.local/lib/python3.8/site-packages/airflow/example_dags/example_short_circuit_operator.py
[2025-03-06T14:31:04.595+0000] {processor.py:829} INFO - Processing file /home/airflow/.local/lib/python3.8/site-packages/airflow/example_dags/example_short_circuit_operator.py for tasks to queue
[2025-03-06T14:31:04.597+0000] {logging_mixin.py:154} INFO - [2025-03-06T14:31:04.596+0000] {dagbag.py:536} INFO - Filling up the DagBag from /home/airflow/.local/lib/python3.8/site-packages/airflow/example_dags/example_short_circuit_operator.py
[2025-03-06T14:31:04.602+0000] {processor.py:839} INFO - DAG(s) dict_keys(['example_short_circuit_operator']) retrieved from /home/airflow/.local/lib/python3.8/site-packages/airflow/example_dags/example_short_circuit_operator.py
[2025-03-06T14:31:04.613+0000] {logging_mixin.py:154} INFO - [2025-03-06T14:31:04.612+0000] {dag.py:2941} INFO - Sync 1 DAGs
[2025-03-06T14:31:04.621+0000] {logging_mixin.py:154} INFO - [2025-03-06T14:31:04.621+0000] {dag.py:3722} INFO - Setting next_dagrun for example_short_circuit_operator to 2025-03-05T14:31:04.621556+00:00, run_after=2025-03-06T14:31:04.621556+00:00
[2025-03-06T14:31:04.629+0000] {processor.py:179} INFO - Processing /home/airflow/.local/lib/python3.8/site-packages/airflow/example_dags/example_short_circuit_operator.py took 0.036 seconds
[2025-03-06T14:31:35.129+0000] {processor.py:157} INFO - Started process (PID=26257) to work on /home/airflow/.local/lib/python3.8/site-packages/airflow/example_dags/example_short_circuit_operator.py
[2025-03-06T14:31:35.130+0000] {processor.py:829} INFO - Processing file /home/airflow/.local/lib/python3.8/site-packages/airflow/example_dags/example_short_circuit_operator.py for tasks to queue
[2025-03-06T14:31:35.130+0000] {logging_mixin.py:154} INFO - [2025-03-06T14:31:35.130+0000] {dagbag.py:536} INFO - Filling up the DagBag from /home/airflow/.local/lib/python3.8/site-packages/airflow/example_dags/example_short_circuit_operator.py
[2025-03-06T14:31:35.134+0000] {processor.py:839} INFO - DAG(s) dict_keys(['example_short_circuit_operator']) retrieved from /home/airflow/.local/lib/python3.8/site-packages/airflow/example_dags/example_short_circuit_operator.py
[2025-03-06T14:31:35.144+0000] {logging_mixin.py:154} INFO - [2025-03-06T14:31:35.144+0000] {dag.py:2941} INFO - Sync 1 DAGs
[2025-03-06T14:31:35.153+0000] {logging_mixin.py:154} INFO - [2025-03-06T14:31:35.153+0000] {dag.py:3722} INFO - Setting next_dagrun for example_short_circuit_operator to 2025-03-05T14:31:35.153439+00:00, run_after=2025-03-06T14:31:35.153439+00:00
[2025-03-06T14:31:35.166+0000] {processor.py:179} INFO - Processing /home/airflow/.local/lib/python3.8/site-packages/airflow/example_dags/example_short_circuit_operator.py took 0.039 seconds
[2025-03-06T14:32:05.645+0000] {processor.py:157} INFO - Started process (PID=26313) to work on /home/airflow/.local/lib/python3.8/site-packages/airflow/example_dags/example_short_circuit_operator.py
[2025-03-06T14:32:05.646+0000] {processor.py:829} INFO - Processing file /home/airflow/.local/lib/python3.8/site-packages/airflow/example_dags/example_short_circuit_operator.py for tasks to queue
[2025-03-06T14:32:05.647+0000] {logging_mixin.py:154} INFO - [2025-03-06T14:32:05.646+0000] {dagbag.py:536} INFO - Filling up the DagBag from /home/airflow/.local/lib/python3.8/site-packages/airflow/example_dags/example_short_circuit_operator.py
[2025-03-06T14:32:05.651+0000] {processor.py:839} INFO - DAG(s) dict_keys(['example_short_circuit_operator']) retrieved from /home/airflow/.local/lib/python3.8/site-packages/airflow/example_dags/example_short_circuit_operator.py
[2025-03-06T14:32:05.661+0000] {logging_mixin.py:154} INFO - [2025-03-06T14:32:05.660+0000] {dag.py:2941} INFO - Sync 1 DAGs
[2025-03-06T14:32:05.669+0000] {logging_mixin.py:154} INFO - [2025-03-06T14:32:05.669+0000] {dag.py:3722} INFO - Setting next_dagrun for example_short_circuit_operator to 2025-03-05T14:32:05.669505+00:00, run_after=2025-03-06T14:32:05.669505+00:00
[2025-03-06T14:32:05.679+0000] {processor.py:179} INFO - Processing /home/airflow/.local/lib/python3.8/site-packages/airflow/example_dags/example_short_circuit_operator.py took 0.036 seconds
[2025-03-06T14:32:36.085+0000] {processor.py:157} INFO - Started process (PID=26369) to work on /home/airflow/.local/lib/python3.8/site-packages/airflow/example_dags/example_short_circuit_operator.py
[2025-03-06T14:32:36.086+0000] {processor.py:829} INFO - Processing file /home/airflow/.local/lib/python3.8/site-packages/airflow/example_dags/example_short_circuit_operator.py for tasks to queue
[2025-03-06T14:32:36.086+0000] {logging_mixin.py:154} INFO - [2025-03-06T14:32:36.086+0000] {dagbag.py:536} INFO - Filling up the DagBag from /home/airflow/.local/lib/python3.8/site-packages/airflow/example_dags/example_short_circuit_operator.py
[2025-03-06T14:32:36.090+0000] {processor.py:839} INFO - DAG(s) dict_keys(['example_short_circuit_operator']) retrieved from /home/airflow/.local/lib/python3.8/site-packages/airflow/example_dags/example_short_circuit_operator.py
[2025-03-06T14:32:36.104+0000] {logging_mixin.py:154} INFO - [2025-03-06T14:32:36.103+0000] {dag.py:2941} INFO - Sync 1 DAGs
[2025-03-06T14:32:36.114+0000] {logging_mixin.py:154} INFO - [2025-03-06T14:32:36.114+0000] {dag.py:3722} INFO - Setting next_dagrun for example_short_circuit_operator to 2025-03-05T14:32:36.114153+00:00, run_after=2025-03-06T14:32:36.114153+00:00
[2025-03-06T14:32:36.124+0000] {processor.py:179} INFO - Processing /home/airflow/.local/lib/python3.8/site-packages/airflow/example_dags/example_short_circuit_operator.py took 0.041 seconds
[2025-03-06T14:33:06.589+0000] {processor.py:157} INFO - Started process (PID=26425) to work on /home/airflow/.local/lib/python3.8/site-packages/airflow/example_dags/example_short_circuit_operator.py
[2025-03-06T14:33:06.590+0000] {processor.py:829} INFO - Processing file /home/airflow/.local/lib/python3.8/site-packages/airflow/example_dags/example_short_circuit_operator.py for tasks to queue
[2025-03-06T14:33:06.592+0000] {logging_mixin.py:154} INFO - [2025-03-06T14:33:06.592+0000] {dagbag.py:536} INFO - Filling up the DagBag from /home/airflow/.local/lib/python3.8/site-packages/airflow/example_dags/example_short_circuit_operator.py
[2025-03-06T14:33:06.596+0000] {processor.py:839} INFO - DAG(s) dict_keys(['example_short_circuit_operator']) retrieved from /home/airflow/.local/lib/python3.8/site-packages/airflow/example_dags/example_short_circuit_operator.py
[2025-03-06T14:33:06.605+0000] {logging_mixin.py:154} INFO - [2025-03-06T14:33:06.605+0000] {dag.py:2941} INFO - Sync 1 DAGs
[2025-03-06T14:33:06.613+0000] {logging_mixin.py:154} INFO - [2025-03-06T14:33:06.613+0000] {dag.py:3722} INFO - Setting next_dagrun for example_short_circuit_operator to 2025-03-05T14:33:06.613376+00:00, run_after=2025-03-06T14:33:06.613376+00:00
[2025-03-06T14:33:06.623+0000] {processor.py:179} INFO - Processing /home/airflow/.local/lib/python3.8/site-packages/airflow/example_dags/example_short_circuit_operator.py took 0.036 seconds
[2025-03-06T14:33:37.141+0000] {processor.py:157} INFO - Started process (PID=26481) to work on /home/airflow/.local/lib/python3.8/site-packages/airflow/example_dags/example_short_circuit_operator.py
[2025-03-06T14:33:37.142+0000] {processor.py:829} INFO - Processing file /home/airflow/.local/lib/python3.8/site-packages/airflow/example_dags/example_short_circuit_operator.py for tasks to queue
[2025-03-06T14:33:37.142+0000] {logging_mixin.py:154} INFO - [2025-03-06T14:33:37.142+0000] {dagbag.py:536} INFO - Filling up the DagBag from /home/airflow/.local/lib/python3.8/site-packages/airflow/example_dags/example_short_circuit_operator.py
[2025-03-06T14:33:37.146+0000] {processor.py:839} INFO - DAG(s) dict_keys(['example_short_circuit_operator']) retrieved from /home/airflow/.local/lib/python3.8/site-packages/airflow/example_dags/example_short_circuit_operator.py
[2025-03-06T14:33:37.160+0000] {logging_mixin.py:154} INFO - [2025-03-06T14:33:37.160+0000] {dag.py:2941} INFO - Sync 1 DAGs
[2025-03-06T14:33:37.169+0000] {logging_mixin.py:154} INFO - [2025-03-06T14:33:37.169+0000] {dag.py:3722} INFO - Setting next_dagrun for example_short_circuit_operator to 2025-03-05T14:33:37.169590+00:00, run_after=2025-03-06T14:33:37.169590+00:00
[2025-03-06T14:33:37.176+0000] {processor.py:179} INFO - Processing /home/airflow/.local/lib/python3.8/site-packages/airflow/example_dags/example_short_circuit_operator.py took 0.036 seconds
[2025-03-06T14:34:07.699+0000] {processor.py:157} INFO - Started process (PID=26537) to work on /home/airflow/.local/lib/python3.8/site-packages/airflow/example_dags/example_short_circuit_operator.py
[2025-03-06T14:34:07.699+0000] {processor.py:829} INFO - Processing file /home/airflow/.local/lib/python3.8/site-packages/airflow/example_dags/example_short_circuit_operator.py for tasks to queue
[2025-03-06T14:34:07.699+0000] {logging_mixin.py:154} INFO - [2025-03-06T14:34:07.699+0000] {dagbag.py:536} INFO - Filling up the DagBag from /home/airflow/.local/lib/python3.8/site-packages/airflow/example_dags/example_short_circuit_operator.py
[2025-03-06T14:34:07.704+0000] {processor.py:839} INFO - DAG(s) dict_keys(['example_short_circuit_operator']) retrieved from /home/airflow/.local/lib/python3.8/site-packages/airflow/example_dags/example_short_circuit_operator.py
[2025-03-06T14:34:07.715+0000] {logging_mixin.py:154} INFO - [2025-03-06T14:34:07.715+0000] {dag.py:2941} INFO - Sync 1 DAGs
[2025-03-06T14:34:07.723+0000] {logging_mixin.py:154} INFO - [2025-03-06T14:34:07.723+0000] {dag.py:3722} INFO - Setting next_dagrun for example_short_circuit_operator to 2025-03-05T14:34:07.723748+00:00, run_after=2025-03-06T14:34:07.723748+00:00
[2025-03-06T14:34:07.732+0000] {processor.py:179} INFO - Processing /home/airflow/.local/lib/python3.8/site-packages/airflow/example_dags/example_short_circuit_operator.py took 0.035 seconds
[2025-03-06T14:34:38.225+0000] {processor.py:157} INFO - Started process (PID=26593) to work on /home/airflow/.local/lib/python3.8/site-packages/airflow/example_dags/example_short_circuit_operator.py
[2025-03-06T14:34:38.226+0000] {processor.py:829} INFO - Processing file /home/airflow/.local/lib/python3.8/site-packages/airflow/example_dags/example_short_circuit_operator.py for tasks to queue
[2025-03-06T14:34:38.227+0000] {logging_mixin.py:154} INFO - [2025-03-06T14:34:38.227+0000] {dagbag.py:536} INFO - Filling up the DagBag from /home/airflow/.local/lib/python3.8/site-packages/airflow/example_dags/example_short_circuit_operator.py
[2025-03-06T14:34:38.231+0000] {processor.py:839} INFO - DAG(s) dict_keys(['example_short_circuit_operator']) retrieved from /home/airflow/.local/lib/python3.8/site-packages/airflow/example_dags/example_short_circuit_operator.py
[2025-03-06T14:34:38.241+0000] {logging_mixin.py:154} INFO - [2025-03-06T14:34:38.241+0000] {dag.py:2941} INFO - Sync 1 DAGs
[2025-03-06T14:34:38.249+0000] {logging_mixin.py:154} INFO - [2025-03-06T14:34:38.249+0000] {dag.py:3722} INFO - Setting next_dagrun for example_short_circuit_operator to 2025-03-05T14:34:38.249413+00:00, run_after=2025-03-06T14:34:38.249413+00:00
[2025-03-06T14:34:38.256+0000] {processor.py:179} INFO - Processing /home/airflow/.local/lib/python3.8/site-packages/airflow/example_dags/example_short_circuit_operator.py took 0.032 seconds
[2025-03-06T14:35:08.765+0000] {processor.py:157} INFO - Started process (PID=26649) to work on /home/airflow/.local/lib/python3.8/site-packages/airflow/example_dags/example_short_circuit_operator.py
[2025-03-06T14:35:08.766+0000] {processor.py:829} INFO - Processing file /home/airflow/.local/lib/python3.8/site-packages/airflow/example_dags/example_short_circuit_operator.py for tasks to queue
[2025-03-06T14:35:08.766+0000] {logging_mixin.py:154} INFO - [2025-03-06T14:35:08.766+0000] {dagbag.py:536} INFO - Filling up the DagBag from /home/airflow/.local/lib/python3.8/site-packages/airflow/example_dags/example_short_circuit_operator.py
[2025-03-06T14:35:08.771+0000] {processor.py:839} INFO - DAG(s) dict_keys(['example_short_circuit_operator']) retrieved from /home/airflow/.local/lib/python3.8/site-packages/airflow/example_dags/example_short_circuit_operator.py
[2025-03-06T14:35:08.784+0000] {logging_mixin.py:154} INFO - [2025-03-06T14:35:08.784+0000] {dag.py:2941} INFO - Sync 1 DAGs
[2025-03-06T14:35:08.795+0000] {logging_mixin.py:154} INFO - [2025-03-06T14:35:08.795+0000] {dag.py:3722} INFO - Setting next_dagrun for example_short_circuit_operator to 2025-03-05T14:35:08.795446+00:00, run_after=2025-03-06T14:35:08.795446+00:00
[2025-03-06T14:35:08.805+0000] {processor.py:179} INFO - Processing /home/airflow/.local/lib/python3.8/site-packages/airflow/example_dags/example_short_circuit_operator.py took 0.042 seconds
[2025-03-06T14:35:39.288+0000] {processor.py:157} INFO - Started process (PID=26705) to work on /home/airflow/.local/lib/python3.8/site-packages/airflow/example_dags/example_short_circuit_operator.py
[2025-03-06T14:35:39.289+0000] {processor.py:829} INFO - Processing file /home/airflow/.local/lib/python3.8/site-packages/airflow/example_dags/example_short_circuit_operator.py for tasks to queue
[2025-03-06T14:35:39.290+0000] {logging_mixin.py:154} INFO - [2025-03-06T14:35:39.290+0000] {dagbag.py:536} INFO - Filling up the DagBag from /home/airflow/.local/lib/python3.8/site-packages/airflow/example_dags/example_short_circuit_operator.py
[2025-03-06T14:35:39.295+0000] {processor.py:839} INFO - DAG(s) dict_keys(['example_short_circuit_operator']) retrieved from /home/airflow/.local/lib/python3.8/site-packages/airflow/example_dags/example_short_circuit_operator.py
[2025-03-06T14:35:39.307+0000] {logging_mixin.py:154} INFO - [2025-03-06T14:35:39.306+0000] {dag.py:2941} INFO - Sync 1 DAGs
[2025-03-06T14:35:39.317+0000] {logging_mixin.py:154} INFO - [2025-03-06T14:35:39.317+0000] {dag.py:3722} INFO - Setting next_dagrun for example_short_circuit_operator to 2025-03-05T14:35:39.317401+00:00, run_after=2025-03-06T14:35:39.317401+00:00
[2025-03-06T14:35:39.325+0000] {processor.py:179} INFO - Processing /home/airflow/.local/lib/python3.8/site-packages/airflow/example_dags/example_short_circuit_operator.py took 0.039 seconds
[2025-03-06T14:36:09.851+0000] {processor.py:157} INFO - Started process (PID=26761) to work on /home/airflow/.local/lib/python3.8/site-packages/airflow/example_dags/example_short_circuit_operator.py
[2025-03-06T14:36:09.852+0000] {processor.py:829} INFO - Processing file /home/airflow/.local/lib/python3.8/site-packages/airflow/example_dags/example_short_circuit_operator.py for tasks to queue
[2025-03-06T14:36:09.854+0000] {logging_mixin.py:154} INFO - [2025-03-06T14:36:09.854+0000] {dagbag.py:536} INFO - Filling up the DagBag from /home/airflow/.local/lib/python3.8/site-packages/airflow/example_dags/example_short_circuit_operator.py
[2025-03-06T14:36:09.858+0000] {processor.py:839} INFO - DAG(s) dict_keys(['example_short_circuit_operator']) retrieved from /home/airflow/.local/lib/python3.8/site-packages/airflow/example_dags/example_short_circuit_operator.py
[2025-03-06T14:36:09.869+0000] {logging_mixin.py:154} INFO - [2025-03-06T14:36:09.869+0000] {dag.py:2941} INFO - Sync 1 DAGs
[2025-03-06T14:36:09.878+0000] {logging_mixin.py:154} INFO - [2025-03-06T14:36:09.878+0000] {dag.py:3722} INFO - Setting next_dagrun for example_short_circuit_operator to 2025-03-05T14:36:09.877915+00:00, run_after=2025-03-06T14:36:09.877915+00:00
[2025-03-06T14:36:09.886+0000] {processor.py:179} INFO - Processing /home/airflow/.local/lib/python3.8/site-packages/airflow/example_dags/example_short_circuit_operator.py took 0.037 seconds
[2025-03-06T14:36:40.486+0000] {processor.py:157} INFO - Started process (PID=26817) to work on /home/airflow/.local/lib/python3.8/site-packages/airflow/example_dags/example_short_circuit_operator.py
[2025-03-06T14:36:40.486+0000] {processor.py:829} INFO - Processing file /home/airflow/.local/lib/python3.8/site-packages/airflow/example_dags/example_short_circuit_operator.py for tasks to queue
[2025-03-06T14:36:40.487+0000] {logging_mixin.py:154} INFO - [2025-03-06T14:36:40.487+0000] {dagbag.py:536} INFO - Filling up the DagBag from /home/airflow/.local/lib/python3.8/site-packages/airflow/example_dags/example_short_circuit_operator.py
[2025-03-06T14:36:40.493+0000] {processor.py:839} INFO - DAG(s) dict_keys(['example_short_circuit_operator']) retrieved from /home/airflow/.local/lib/python3.8/site-packages/airflow/example_dags/example_short_circuit_operator.py
[2025-03-06T14:36:40.503+0000] {logging_mixin.py:154} INFO - [2025-03-06T14:36:40.503+0000] {dag.py:2941} INFO - Sync 1 DAGs
[2025-03-06T14:36:40.513+0000] {logging_mixin.py:154} INFO - [2025-03-06T14:36:40.512+0000] {dag.py:3722} INFO - Setting next_dagrun for example_short_circuit_operator to 2025-03-05T14:36:40.512878+00:00, run_after=2025-03-06T14:36:40.512878+00:00
[2025-03-06T14:36:40.525+0000] {processor.py:179} INFO - Processing /home/airflow/.local/lib/python3.8/site-packages/airflow/example_dags/example_short_circuit_operator.py took 0.041 seconds
[2025-03-06T14:37:11.018+0000] {processor.py:157} INFO - Started process (PID=26873) to work on /home/airflow/.local/lib/python3.8/site-packages/airflow/example_dags/example_short_circuit_operator.py
[2025-03-06T14:37:11.019+0000] {processor.py:829} INFO - Processing file /home/airflow/.local/lib/python3.8/site-packages/airflow/example_dags/example_short_circuit_operator.py for tasks to queue
[2025-03-06T14:37:11.019+0000] {logging_mixin.py:154} INFO - [2025-03-06T14:37:11.019+0000] {dagbag.py:536} INFO - Filling up the DagBag from /home/airflow/.local/lib/python3.8/site-packages/airflow/example_dags/example_short_circuit_operator.py
[2025-03-06T14:37:11.024+0000] {processor.py:839} INFO - DAG(s) dict_keys(['example_short_circuit_operator']) retrieved from /home/airflow/.local/lib/python3.8/site-packages/airflow/example_dags/example_short_circuit_operator.py
[2025-03-06T14:37:11.036+0000] {logging_mixin.py:154} INFO - [2025-03-06T14:37:11.035+0000] {dag.py:2941} INFO - Sync 1 DAGs
[2025-03-06T14:37:11.044+0000] {logging_mixin.py:154} INFO - [2025-03-06T14:37:11.044+0000] {dag.py:3722} INFO - Setting next_dagrun for example_short_circuit_operator to 2025-03-05T14:37:11.044628+00:00, run_after=2025-03-06T14:37:11.044628+00:00
[2025-03-06T14:37:11.055+0000] {processor.py:179} INFO - Processing /home/airflow/.local/lib/python3.8/site-packages/airflow/example_dags/example_short_circuit_operator.py took 0.038 seconds
[2025-03-06T14:37:41.526+0000] {processor.py:157} INFO - Started process (PID=26929) to work on /home/airflow/.local/lib/python3.8/site-packages/airflow/example_dags/example_short_circuit_operator.py
[2025-03-06T14:37:41.528+0000] {processor.py:829} INFO - Processing file /home/airflow/.local/lib/python3.8/site-packages/airflow/example_dags/example_short_circuit_operator.py for tasks to queue
[2025-03-06T14:37:41.529+0000] {logging_mixin.py:154} INFO - [2025-03-06T14:37:41.529+0000] {dagbag.py:536} INFO - Filling up the DagBag from /home/airflow/.local/lib/python3.8/site-packages/airflow/example_dags/example_short_circuit_operator.py
[2025-03-06T14:37:41.534+0000] {processor.py:839} INFO - DAG(s) dict_keys(['example_short_circuit_operator']) retrieved from /home/airflow/.local/lib/python3.8/site-packages/airflow/example_dags/example_short_circuit_operator.py
[2025-03-06T14:37:41.547+0000] {logging_mixin.py:154} INFO - [2025-03-06T14:37:41.547+0000] {dag.py:2941} INFO - Sync 1 DAGs
[2025-03-06T14:37:41.556+0000] {logging_mixin.py:154} INFO - [2025-03-06T14:37:41.556+0000] {dag.py:3722} INFO - Setting next_dagrun for example_short_circuit_operator to 2025-03-05T14:37:41.556395+00:00, run_after=2025-03-06T14:37:41.556395+00:00
[2025-03-06T14:37:41.563+0000] {processor.py:179} INFO - Processing /home/airflow/.local/lib/python3.8/site-packages/airflow/example_dags/example_short_circuit_operator.py took 0.039 seconds
[2025-03-06T14:38:12.049+0000] {processor.py:157} INFO - Started process (PID=26985) to work on /home/airflow/.local/lib/python3.8/site-packages/airflow/example_dags/example_short_circuit_operator.py
[2025-03-06T14:38:12.051+0000] {processor.py:829} INFO - Processing file /home/airflow/.local/lib/python3.8/site-packages/airflow/example_dags/example_short_circuit_operator.py for tasks to queue
[2025-03-06T14:38:12.051+0000] {logging_mixin.py:154} INFO - [2025-03-06T14:38:12.051+0000] {dagbag.py:536} INFO - Filling up the DagBag from /home/airflow/.local/lib/python3.8/site-packages/airflow/example_dags/example_short_circuit_operator.py
[2025-03-06T14:38:12.055+0000] {processor.py:839} INFO - DAG(s) dict_keys(['example_short_circuit_operator']) retrieved from /home/airflow/.local/lib/python3.8/site-packages/airflow/example_dags/example_short_circuit_operator.py
[2025-03-06T14:38:12.066+0000] {logging_mixin.py:154} INFO - [2025-03-06T14:38:12.066+0000] {dag.py:2941} INFO - Sync 1 DAGs
[2025-03-06T14:38:12.075+0000] {logging_mixin.py:154} INFO - [2025-03-06T14:38:12.074+0000] {dag.py:3722} INFO - Setting next_dagrun for example_short_circuit_operator to 2025-03-05T14:38:12.074871+00:00, run_after=2025-03-06T14:38:12.074871+00:00
[2025-03-06T14:38:12.086+0000] {processor.py:179} INFO - Processing /home/airflow/.local/lib/python3.8/site-packages/airflow/example_dags/example_short_circuit_operator.py took 0.039 seconds
[2025-03-06T14:38:42.551+0000] {processor.py:157} INFO - Started process (PID=27041) to work on /home/airflow/.local/lib/python3.8/site-packages/airflow/example_dags/example_short_circuit_operator.py
[2025-03-06T14:38:42.552+0000] {processor.py:829} INFO - Processing file /home/airflow/.local/lib/python3.8/site-packages/airflow/example_dags/example_short_circuit_operator.py for tasks to queue
[2025-03-06T14:38:42.553+0000] {logging_mixin.py:154} INFO - [2025-03-06T14:38:42.553+0000] {dagbag.py:536} INFO - Filling up the DagBag from /home/airflow/.local/lib/python3.8/site-packages/airflow/example_dags/example_short_circuit_operator.py
[2025-03-06T14:38:42.558+0000] {processor.py:839} INFO - DAG(s) dict_keys(['example_short_circuit_operator']) retrieved from /home/airflow/.local/lib/python3.8/site-packages/airflow/example_dags/example_short_circuit_operator.py
[2025-03-06T14:38:42.570+0000] {logging_mixin.py:154} INFO - [2025-03-06T14:38:42.570+0000] {dag.py:2941} INFO - Sync 1 DAGs
[2025-03-06T14:38:42.580+0000] {logging_mixin.py:154} INFO - [2025-03-06T14:38:42.580+0000] {dag.py:3722} INFO - Setting next_dagrun for example_short_circuit_operator to 2025-03-05T14:38:42.580229+00:00, run_after=2025-03-06T14:38:42.580229+00:00
[2025-03-06T14:38:42.592+0000] {processor.py:179} INFO - Processing /home/airflow/.local/lib/python3.8/site-packages/airflow/example_dags/example_short_circuit_operator.py took 0.043 seconds
[2025-03-06T14:39:13.082+0000] {processor.py:157} INFO - Started process (PID=27097) to work on /home/airflow/.local/lib/python3.8/site-packages/airflow/example_dags/example_short_circuit_operator.py
[2025-03-06T14:39:13.082+0000] {processor.py:829} INFO - Processing file /home/airflow/.local/lib/python3.8/site-packages/airflow/example_dags/example_short_circuit_operator.py for tasks to queue
[2025-03-06T14:39:13.083+0000] {logging_mixin.py:154} INFO - [2025-03-06T14:39:13.083+0000] {dagbag.py:536} INFO - Filling up the DagBag from /home/airflow/.local/lib/python3.8/site-packages/airflow/example_dags/example_short_circuit_operator.py
[2025-03-06T14:39:13.088+0000] {processor.py:839} INFO - DAG(s) dict_keys(['example_short_circuit_operator']) retrieved from /home/airflow/.local/lib/python3.8/site-packages/airflow/example_dags/example_short_circuit_operator.py
[2025-03-06T14:39:13.098+0000] {logging_mixin.py:154} INFO - [2025-03-06T14:39:13.098+0000] {dag.py:2941} INFO - Sync 1 DAGs
[2025-03-06T14:39:13.107+0000] {logging_mixin.py:154} INFO - [2025-03-06T14:39:13.107+0000] {dag.py:3722} INFO - Setting next_dagrun for example_short_circuit_operator to 2025-03-05T14:39:13.107636+00:00, run_after=2025-03-06T14:39:13.107636+00:00
[2025-03-06T14:39:13.115+0000] {processor.py:179} INFO - Processing /home/airflow/.local/lib/python3.8/site-packages/airflow/example_dags/example_short_circuit_operator.py took 0.035 seconds
[2025-03-06T14:39:43.562+0000] {processor.py:157} INFO - Started process (PID=27153) to work on /home/airflow/.local/lib/python3.8/site-packages/airflow/example_dags/example_short_circuit_operator.py
[2025-03-06T14:39:43.562+0000] {processor.py:829} INFO - Processing file /home/airflow/.local/lib/python3.8/site-packages/airflow/example_dags/example_short_circuit_operator.py for tasks to queue
[2025-03-06T14:39:43.563+0000] {logging_mixin.py:154} INFO - [2025-03-06T14:39:43.563+0000] {dagbag.py:536} INFO - Filling up the DagBag from /home/airflow/.local/lib/python3.8/site-packages/airflow/example_dags/example_short_circuit_operator.py
[2025-03-06T14:39:43.568+0000] {processor.py:839} INFO - DAG(s) dict_keys(['example_short_circuit_operator']) retrieved from /home/airflow/.local/lib/python3.8/site-packages/airflow/example_dags/example_short_circuit_operator.py
[2025-03-06T14:39:43.577+0000] {logging_mixin.py:154} INFO - [2025-03-06T14:39:43.577+0000] {dag.py:2941} INFO - Sync 1 DAGs
[2025-03-06T14:39:43.588+0000] {logging_mixin.py:154} INFO - [2025-03-06T14:39:43.588+0000] {dag.py:3722} INFO - Setting next_dagrun for example_short_circuit_operator to 2025-03-05T14:39:43.588499+00:00, run_after=2025-03-06T14:39:43.588499+00:00
[2025-03-06T14:39:43.598+0000] {processor.py:179} INFO - Processing /home/airflow/.local/lib/python3.8/site-packages/airflow/example_dags/example_short_circuit_operator.py took 0.038 seconds
[2025-03-06T14:40:13.959+0000] {processor.py:157} INFO - Started process (PID=27209) to work on /home/airflow/.local/lib/python3.8/site-packages/airflow/example_dags/example_short_circuit_operator.py
[2025-03-06T14:40:13.960+0000] {processor.py:829} INFO - Processing file /home/airflow/.local/lib/python3.8/site-packages/airflow/example_dags/example_short_circuit_operator.py for tasks to queue
[2025-03-06T14:40:13.960+0000] {logging_mixin.py:154} INFO - [2025-03-06T14:40:13.960+0000] {dagbag.py:536} INFO - Filling up the DagBag from /home/airflow/.local/lib/python3.8/site-packages/airflow/example_dags/example_short_circuit_operator.py
[2025-03-06T14:40:13.964+0000] {processor.py:839} INFO - DAG(s) dict_keys(['example_short_circuit_operator']) retrieved from /home/airflow/.local/lib/python3.8/site-packages/airflow/example_dags/example_short_circuit_operator.py
[2025-03-06T14:40:13.974+0000] {logging_mixin.py:154} INFO - [2025-03-06T14:40:13.974+0000] {dag.py:2941} INFO - Sync 1 DAGs
[2025-03-06T14:40:13.983+0000] {logging_mixin.py:154} INFO - [2025-03-06T14:40:13.983+0000] {dag.py:3722} INFO - Setting next_dagrun for example_short_circuit_operator to 2025-03-05T14:40:13.983677+00:00, run_after=2025-03-06T14:40:13.983677+00:00
[2025-03-06T14:40:13.994+0000] {processor.py:179} INFO - Processing /home/airflow/.local/lib/python3.8/site-packages/airflow/example_dags/example_short_circuit_operator.py took 0.037 seconds
[2025-03-06T14:40:44.529+0000] {processor.py:157} INFO - Started process (PID=27265) to work on /home/airflow/.local/lib/python3.8/site-packages/airflow/example_dags/example_short_circuit_operator.py
[2025-03-06T14:40:44.530+0000] {processor.py:829} INFO - Processing file /home/airflow/.local/lib/python3.8/site-packages/airflow/example_dags/example_short_circuit_operator.py for tasks to queue
[2025-03-06T14:40:44.530+0000] {logging_mixin.py:154} INFO - [2025-03-06T14:40:44.530+0000] {dagbag.py:536} INFO - Filling up the DagBag from /home/airflow/.local/lib/python3.8/site-packages/airflow/example_dags/example_short_circuit_operator.py
[2025-03-06T14:40:44.534+0000] {processor.py:839} INFO - DAG(s) dict_keys(['example_short_circuit_operator']) retrieved from /home/airflow/.local/lib/python3.8/site-packages/airflow/example_dags/example_short_circuit_operator.py
[2025-03-06T14:40:44.545+0000] {logging_mixin.py:154} INFO - [2025-03-06T14:40:44.544+0000] {dag.py:2941} INFO - Sync 1 DAGs
[2025-03-06T14:40:44.555+0000] {logging_mixin.py:154} INFO - [2025-03-06T14:40:44.555+0000] {dag.py:3722} INFO - Setting next_dagrun for example_short_circuit_operator to 2025-03-05T14:40:44.555247+00:00, run_after=2025-03-06T14:40:44.555247+00:00
[2025-03-06T14:40:44.564+0000] {processor.py:179} INFO - Processing /home/airflow/.local/lib/python3.8/site-packages/airflow/example_dags/example_short_circuit_operator.py took 0.036 seconds
[2025-03-06T14:41:15.064+0000] {processor.py:157} INFO - Started process (PID=27321) to work on /home/airflow/.local/lib/python3.8/site-packages/airflow/example_dags/example_short_circuit_operator.py
[2025-03-06T14:41:15.065+0000] {processor.py:829} INFO - Processing file /home/airflow/.local/lib/python3.8/site-packages/airflow/example_dags/example_short_circuit_operator.py for tasks to queue
[2025-03-06T14:41:15.066+0000] {logging_mixin.py:154} INFO - [2025-03-06T14:41:15.066+0000] {dagbag.py:536} INFO - Filling up the DagBag from /home/airflow/.local/lib/python3.8/site-packages/airflow/example_dags/example_short_circuit_operator.py
[2025-03-06T14:41:15.070+0000] {processor.py:839} INFO - DAG(s) dict_keys(['example_short_circuit_operator']) retrieved from /home/airflow/.local/lib/python3.8/site-packages/airflow/example_dags/example_short_circuit_operator.py
[2025-03-06T14:41:15.080+0000] {logging_mixin.py:154} INFO - [2025-03-06T14:41:15.080+0000] {dag.py:2941} INFO - Sync 1 DAGs
[2025-03-06T14:41:15.091+0000] {logging_mixin.py:154} INFO - [2025-03-06T14:41:15.091+0000] {dag.py:3722} INFO - Setting next_dagrun for example_short_circuit_operator to 2025-03-05T14:41:15.091070+00:00, run_after=2025-03-06T14:41:15.091070+00:00
[2025-03-06T14:41:15.097+0000] {processor.py:179} INFO - Processing /home/airflow/.local/lib/python3.8/site-packages/airflow/example_dags/example_short_circuit_operator.py took 0.035 seconds
[2025-03-06T14:41:45.545+0000] {processor.py:157} INFO - Started process (PID=27377) to work on /home/airflow/.local/lib/python3.8/site-packages/airflow/example_dags/example_short_circuit_operator.py
[2025-03-06T14:41:45.546+0000] {processor.py:829} INFO - Processing file /home/airflow/.local/lib/python3.8/site-packages/airflow/example_dags/example_short_circuit_operator.py for tasks to queue
[2025-03-06T14:41:45.546+0000] {logging_mixin.py:154} INFO - [2025-03-06T14:41:45.546+0000] {dagbag.py:536} INFO - Filling up the DagBag from /home/airflow/.local/lib/python3.8/site-packages/airflow/example_dags/example_short_circuit_operator.py
[2025-03-06T14:41:45.550+0000] {processor.py:839} INFO - DAG(s) dict_keys(['example_short_circuit_operator']) retrieved from /home/airflow/.local/lib/python3.8/site-packages/airflow/example_dags/example_short_circuit_operator.py
[2025-03-06T14:41:45.559+0000] {logging_mixin.py:154} INFO - [2025-03-06T14:41:45.559+0000] {dag.py:2941} INFO - Sync 1 DAGs
[2025-03-06T14:41:45.567+0000] {logging_mixin.py:154} INFO - [2025-03-06T14:41:45.567+0000] {dag.py:3722} INFO - Setting next_dagrun for example_short_circuit_operator to 2025-03-05T14:41:45.567825+00:00, run_after=2025-03-06T14:41:45.567825+00:00
[2025-03-06T14:41:45.574+0000] {processor.py:179} INFO - Processing /home/airflow/.local/lib/python3.8/site-packages/airflow/example_dags/example_short_circuit_operator.py took 0.030 seconds
[2025-03-06T14:42:16.014+0000] {processor.py:157} INFO - Started process (PID=27433) to work on /home/airflow/.local/lib/python3.8/site-packages/airflow/example_dags/example_short_circuit_operator.py
[2025-03-06T14:42:16.016+0000] {processor.py:829} INFO - Processing file /home/airflow/.local/lib/python3.8/site-packages/airflow/example_dags/example_short_circuit_operator.py for tasks to queue
[2025-03-06T14:42:16.016+0000] {logging_mixin.py:154} INFO - [2025-03-06T14:42:16.016+0000] {dagbag.py:536} INFO - Filling up the DagBag from /home/airflow/.local/lib/python3.8/site-packages/airflow/example_dags/example_short_circuit_operator.py
[2025-03-06T14:42:16.021+0000] {processor.py:839} INFO - DAG(s) dict_keys(['example_short_circuit_operator']) retrieved from /home/airflow/.local/lib/python3.8/site-packages/airflow/example_dags/example_short_circuit_operator.py
[2025-03-06T14:42:16.033+0000] {logging_mixin.py:154} INFO - [2025-03-06T14:42:16.032+0000] {dag.py:2941} INFO - Sync 1 DAGs
[2025-03-06T14:42:16.041+0000] {logging_mixin.py:154} INFO - [2025-03-06T14:42:16.041+0000] {dag.py:3722} INFO - Setting next_dagrun for example_short_circuit_operator to 2025-03-05T14:42:16.041203+00:00, run_after=2025-03-06T14:42:16.041203+00:00
[2025-03-06T14:42:16.050+0000] {processor.py:179} INFO - Processing /home/airflow/.local/lib/python3.8/site-packages/airflow/example_dags/example_short_circuit_operator.py took 0.037 seconds
[2025-03-06T14:42:46.526+0000] {processor.py:157} INFO - Started process (PID=27489) to work on /home/airflow/.local/lib/python3.8/site-packages/airflow/example_dags/example_short_circuit_operator.py
[2025-03-06T14:42:46.527+0000] {processor.py:829} INFO - Processing file /home/airflow/.local/lib/python3.8/site-packages/airflow/example_dags/example_short_circuit_operator.py for tasks to queue
[2025-03-06T14:42:46.527+0000] {logging_mixin.py:154} INFO - [2025-03-06T14:42:46.527+0000] {dagbag.py:536} INFO - Filling up the DagBag from /home/airflow/.local/lib/python3.8/site-packages/airflow/example_dags/example_short_circuit_operator.py
[2025-03-06T14:42:46.531+0000] {processor.py:839} INFO - DAG(s) dict_keys(['example_short_circuit_operator']) retrieved from /home/airflow/.local/lib/python3.8/site-packages/airflow/example_dags/example_short_circuit_operator.py
[2025-03-06T14:42:46.541+0000] {logging_mixin.py:154} INFO - [2025-03-06T14:42:46.541+0000] {dag.py:2941} INFO - Sync 1 DAGs
[2025-03-06T14:42:46.550+0000] {logging_mixin.py:154} INFO - [2025-03-06T14:42:46.550+0000] {dag.py:3722} INFO - Setting next_dagrun for example_short_circuit_operator to 2025-03-05T14:42:46.550229+00:00, run_after=2025-03-06T14:42:46.550229+00:00
[2025-03-06T14:42:46.556+0000] {processor.py:179} INFO - Processing /home/airflow/.local/lib/python3.8/site-packages/airflow/example_dags/example_short_circuit_operator.py took 0.031 seconds
[2025-03-06T14:43:17.071+0000] {processor.py:157} INFO - Started process (PID=27545) to work on /home/airflow/.local/lib/python3.8/site-packages/airflow/example_dags/example_short_circuit_operator.py
[2025-03-06T14:43:17.074+0000] {processor.py:829} INFO - Processing file /home/airflow/.local/lib/python3.8/site-packages/airflow/example_dags/example_short_circuit_operator.py for tasks to queue
[2025-03-06T14:43:17.075+0000] {logging_mixin.py:154} INFO - [2025-03-06T14:43:17.074+0000] {dagbag.py:536} INFO - Filling up the DagBag from /home/airflow/.local/lib/python3.8/site-packages/airflow/example_dags/example_short_circuit_operator.py
[2025-03-06T14:43:17.079+0000] {processor.py:839} INFO - DAG(s) dict_keys(['example_short_circuit_operator']) retrieved from /home/airflow/.local/lib/python3.8/site-packages/airflow/example_dags/example_short_circuit_operator.py
[2025-03-06T14:43:17.090+0000] {logging_mixin.py:154} INFO - [2025-03-06T14:43:17.089+0000] {dag.py:2941} INFO - Sync 1 DAGs
[2025-03-06T14:43:17.098+0000] {logging_mixin.py:154} INFO - [2025-03-06T14:43:17.098+0000] {dag.py:3722} INFO - Setting next_dagrun for example_short_circuit_operator to 2025-03-05T14:43:17.098681+00:00, run_after=2025-03-06T14:43:17.098681+00:00
[2025-03-06T14:43:17.107+0000] {processor.py:179} INFO - Processing /home/airflow/.local/lib/python3.8/site-packages/airflow/example_dags/example_short_circuit_operator.py took 0.037 seconds
[2025-03-06T14:43:47.533+0000] {processor.py:157} INFO - Started process (PID=27601) to work on /home/airflow/.local/lib/python3.8/site-packages/airflow/example_dags/example_short_circuit_operator.py
[2025-03-06T14:43:47.534+0000] {processor.py:829} INFO - Processing file /home/airflow/.local/lib/python3.8/site-packages/airflow/example_dags/example_short_circuit_operator.py for tasks to queue
[2025-03-06T14:43:47.535+0000] {logging_mixin.py:154} INFO - [2025-03-06T14:43:47.534+0000] {dagbag.py:536} INFO - Filling up the DagBag from /home/airflow/.local/lib/python3.8/site-packages/airflow/example_dags/example_short_circuit_operator.py
[2025-03-06T14:43:47.539+0000] {processor.py:839} INFO - DAG(s) dict_keys(['example_short_circuit_operator']) retrieved from /home/airflow/.local/lib/python3.8/site-packages/airflow/example_dags/example_short_circuit_operator.py
[2025-03-06T14:43:47.549+0000] {logging_mixin.py:154} INFO - [2025-03-06T14:43:47.549+0000] {dag.py:2941} INFO - Sync 1 DAGs
[2025-03-06T14:43:47.557+0000] {logging_mixin.py:154} INFO - [2025-03-06T14:43:47.557+0000] {dag.py:3722} INFO - Setting next_dagrun for example_short_circuit_operator to 2025-03-05T14:43:47.557612+00:00, run_after=2025-03-06T14:43:47.557612+00:00
[2025-03-06T14:43:47.566+0000] {processor.py:179} INFO - Processing /home/airflow/.local/lib/python3.8/site-packages/airflow/example_dags/example_short_circuit_operator.py took 0.034 seconds
[2025-03-06T14:44:18.025+0000] {processor.py:157} INFO - Started process (PID=27657) to work on /home/airflow/.local/lib/python3.8/site-packages/airflow/example_dags/example_short_circuit_operator.py
[2025-03-06T14:44:18.028+0000] {processor.py:829} INFO - Processing file /home/airflow/.local/lib/python3.8/site-packages/airflow/example_dags/example_short_circuit_operator.py for tasks to queue
[2025-03-06T14:44:18.028+0000] {logging_mixin.py:154} INFO - [2025-03-06T14:44:18.028+0000] {dagbag.py:536} INFO - Filling up the DagBag from /home/airflow/.local/lib/python3.8/site-packages/airflow/example_dags/example_short_circuit_operator.py
[2025-03-06T14:44:18.033+0000] {processor.py:839} INFO - DAG(s) dict_keys(['example_short_circuit_operator']) retrieved from /home/airflow/.local/lib/python3.8/site-packages/airflow/example_dags/example_short_circuit_operator.py
[2025-03-06T14:44:18.043+0000] {logging_mixin.py:154} INFO - [2025-03-06T14:44:18.043+0000] {dag.py:2941} INFO - Sync 1 DAGs
[2025-03-06T14:44:18.051+0000] {logging_mixin.py:154} INFO - [2025-03-06T14:44:18.051+0000] {dag.py:3722} INFO - Setting next_dagrun for example_short_circuit_operator to 2025-03-05T14:44:18.051395+00:00, run_after=2025-03-06T14:44:18.051395+00:00
[2025-03-06T14:44:18.058+0000] {processor.py:179} INFO - Processing /home/airflow/.local/lib/python3.8/site-packages/airflow/example_dags/example_short_circuit_operator.py took 0.034 seconds
[2025-03-06T14:44:48.435+0000] {processor.py:157} INFO - Started process (PID=27713) to work on /home/airflow/.local/lib/python3.8/site-packages/airflow/example_dags/example_short_circuit_operator.py
[2025-03-06T14:44:48.436+0000] {processor.py:829} INFO - Processing file /home/airflow/.local/lib/python3.8/site-packages/airflow/example_dags/example_short_circuit_operator.py for tasks to queue
[2025-03-06T14:44:48.437+0000] {logging_mixin.py:154} INFO - [2025-03-06T14:44:48.437+0000] {dagbag.py:536} INFO - Filling up the DagBag from /home/airflow/.local/lib/python3.8/site-packages/airflow/example_dags/example_short_circuit_operator.py
[2025-03-06T14:44:48.442+0000] {processor.py:839} INFO - DAG(s) dict_keys(['example_short_circuit_operator']) retrieved from /home/airflow/.local/lib/python3.8/site-packages/airflow/example_dags/example_short_circuit_operator.py
[2025-03-06T14:44:48.451+0000] {logging_mixin.py:154} INFO - [2025-03-06T14:44:48.451+0000] {dag.py:2941} INFO - Sync 1 DAGs
[2025-03-06T14:44:48.459+0000] {logging_mixin.py:154} INFO - [2025-03-06T14:44:48.459+0000] {dag.py:3722} INFO - Setting next_dagrun for example_short_circuit_operator to 2025-03-05T14:44:48.459539+00:00, run_after=2025-03-06T14:44:48.459539+00:00
[2025-03-06T14:44:48.469+0000] {processor.py:179} INFO - Processing /home/airflow/.local/lib/python3.8/site-packages/airflow/example_dags/example_short_circuit_operator.py took 0.035 seconds
[2025-03-06T14:45:18.976+0000] {processor.py:157} INFO - Started process (PID=27769) to work on /home/airflow/.local/lib/python3.8/site-packages/airflow/example_dags/example_short_circuit_operator.py
[2025-03-06T14:45:18.976+0000] {processor.py:829} INFO - Processing file /home/airflow/.local/lib/python3.8/site-packages/airflow/example_dags/example_short_circuit_operator.py for tasks to queue
[2025-03-06T14:45:18.977+0000] {logging_mixin.py:154} INFO - [2025-03-06T14:45:18.977+0000] {dagbag.py:536} INFO - Filling up the DagBag from /home/airflow/.local/lib/python3.8/site-packages/airflow/example_dags/example_short_circuit_operator.py
[2025-03-06T14:45:18.981+0000] {processor.py:839} INFO - DAG(s) dict_keys(['example_short_circuit_operator']) retrieved from /home/airflow/.local/lib/python3.8/site-packages/airflow/example_dags/example_short_circuit_operator.py
[2025-03-06T14:45:18.991+0000] {logging_mixin.py:154} INFO - [2025-03-06T14:45:18.991+0000] {dag.py:2941} INFO - Sync 1 DAGs
[2025-03-06T14:45:18.999+0000] {logging_mixin.py:154} INFO - [2025-03-06T14:45:18.999+0000] {dag.py:3722} INFO - Setting next_dagrun for example_short_circuit_operator to 2025-03-05T14:45:18.999738+00:00, run_after=2025-03-06T14:45:18.999738+00:00
[2025-03-06T14:45:19.007+0000] {processor.py:179} INFO - Processing /home/airflow/.local/lib/python3.8/site-packages/airflow/example_dags/example_short_circuit_operator.py took 0.032 seconds
[2025-03-06T14:45:49.526+0000] {processor.py:157} INFO - Started process (PID=27825) to work on /home/airflow/.local/lib/python3.8/site-packages/airflow/example_dags/example_short_circuit_operator.py
[2025-03-06T14:45:49.527+0000] {processor.py:829} INFO - Processing file /home/airflow/.local/lib/python3.8/site-packages/airflow/example_dags/example_short_circuit_operator.py for tasks to queue
[2025-03-06T14:45:49.528+0000] {logging_mixin.py:154} INFO - [2025-03-06T14:45:49.528+0000] {dagbag.py:536} INFO - Filling up the DagBag from /home/airflow/.local/lib/python3.8/site-packages/airflow/example_dags/example_short_circuit_operator.py
[2025-03-06T14:45:49.533+0000] {processor.py:839} INFO - DAG(s) dict_keys(['example_short_circuit_operator']) retrieved from /home/airflow/.local/lib/python3.8/site-packages/airflow/example_dags/example_short_circuit_operator.py
[2025-03-06T14:45:49.543+0000] {logging_mixin.py:154} INFO - [2025-03-06T14:45:49.543+0000] {dag.py:2941} INFO - Sync 1 DAGs
[2025-03-06T14:45:49.554+0000] {logging_mixin.py:154} INFO - [2025-03-06T14:45:49.554+0000] {dag.py:3722} INFO - Setting next_dagrun for example_short_circuit_operator to 2025-03-05T14:45:49.554092+00:00, run_after=2025-03-06T14:45:49.554092+00:00
[2025-03-06T14:45:49.567+0000] {processor.py:179} INFO - Processing /home/airflow/.local/lib/python3.8/site-packages/airflow/example_dags/example_short_circuit_operator.py took 0.043 seconds
[2025-03-06T14:46:20.065+0000] {processor.py:157} INFO - Started process (PID=27880) to work on /home/airflow/.local/lib/python3.8/site-packages/airflow/example_dags/example_short_circuit_operator.py
[2025-03-06T14:46:20.066+0000] {processor.py:829} INFO - Processing file /home/airflow/.local/lib/python3.8/site-packages/airflow/example_dags/example_short_circuit_operator.py for tasks to queue
[2025-03-06T14:46:20.068+0000] {logging_mixin.py:154} INFO - [2025-03-06T14:46:20.068+0000] {dagbag.py:536} INFO - Filling up the DagBag from /home/airflow/.local/lib/python3.8/site-packages/airflow/example_dags/example_short_circuit_operator.py
[2025-03-06T14:46:20.072+0000] {processor.py:839} INFO - DAG(s) dict_keys(['example_short_circuit_operator']) retrieved from /home/airflow/.local/lib/python3.8/site-packages/airflow/example_dags/example_short_circuit_operator.py
[2025-03-06T14:46:20.082+0000] {logging_mixin.py:154} INFO - [2025-03-06T14:46:20.081+0000] {dag.py:2941} INFO - Sync 1 DAGs
[2025-03-06T14:46:20.089+0000] {logging_mixin.py:154} INFO - [2025-03-06T14:46:20.089+0000] {dag.py:3722} INFO - Setting next_dagrun for example_short_circuit_operator to 2025-03-05T14:46:20.089823+00:00, run_after=2025-03-06T14:46:20.089823+00:00
[2025-03-06T14:46:20.097+0000] {processor.py:179} INFO - Processing /home/airflow/.local/lib/python3.8/site-packages/airflow/example_dags/example_short_circuit_operator.py took 0.033 seconds
[2025-03-06T14:46:50.562+0000] {processor.py:157} INFO - Started process (PID=27936) to work on /home/airflow/.local/lib/python3.8/site-packages/airflow/example_dags/example_short_circuit_operator.py
[2025-03-06T14:46:50.562+0000] {processor.py:829} INFO - Processing file /home/airflow/.local/lib/python3.8/site-packages/airflow/example_dags/example_short_circuit_operator.py for tasks to queue
[2025-03-06T14:46:50.563+0000] {logging_mixin.py:154} INFO - [2025-03-06T14:46:50.563+0000] {dagbag.py:536} INFO - Filling up the DagBag from /home/airflow/.local/lib/python3.8/site-packages/airflow/example_dags/example_short_circuit_operator.py
[2025-03-06T14:46:50.569+0000] {processor.py:839} INFO - DAG(s) dict_keys(['example_short_circuit_operator']) retrieved from /home/airflow/.local/lib/python3.8/site-packages/airflow/example_dags/example_short_circuit_operator.py
[2025-03-06T14:46:50.579+0000] {logging_mixin.py:154} INFO - [2025-03-06T14:46:50.579+0000] {dag.py:2941} INFO - Sync 1 DAGs
[2025-03-06T14:46:50.589+0000] {logging_mixin.py:154} INFO - [2025-03-06T14:46:50.589+0000] {dag.py:3722} INFO - Setting next_dagrun for example_short_circuit_operator to 2025-03-05T14:46:50.589535+00:00, run_after=2025-03-06T14:46:50.589535+00:00
[2025-03-06T14:46:50.599+0000] {processor.py:179} INFO - Processing /home/airflow/.local/lib/python3.8/site-packages/airflow/example_dags/example_short_circuit_operator.py took 0.039 seconds
[2025-03-06T14:47:21.074+0000] {processor.py:157} INFO - Started process (PID=27992) to work on /home/airflow/.local/lib/python3.8/site-packages/airflow/example_dags/example_short_circuit_operator.py
[2025-03-06T14:47:21.077+0000] {processor.py:829} INFO - Processing file /home/airflow/.local/lib/python3.8/site-packages/airflow/example_dags/example_short_circuit_operator.py for tasks to queue
[2025-03-06T14:47:21.078+0000] {logging_mixin.py:154} INFO - [2025-03-06T14:47:21.078+0000] {dagbag.py:536} INFO - Filling up the DagBag from /home/airflow/.local/lib/python3.8/site-packages/airflow/example_dags/example_short_circuit_operator.py
[2025-03-06T14:47:21.082+0000] {processor.py:839} INFO - DAG(s) dict_keys(['example_short_circuit_operator']) retrieved from /home/airflow/.local/lib/python3.8/site-packages/airflow/example_dags/example_short_circuit_operator.py
[2025-03-06T14:47:21.094+0000] {logging_mixin.py:154} INFO - [2025-03-06T14:47:21.094+0000] {dag.py:2941} INFO - Sync 1 DAGs
[2025-03-06T14:47:21.102+0000] {logging_mixin.py:154} INFO - [2025-03-06T14:47:21.102+0000] {dag.py:3722} INFO - Setting next_dagrun for example_short_circuit_operator to 2025-03-05T14:47:21.102743+00:00, run_after=2025-03-06T14:47:21.102743+00:00
[2025-03-06T14:47:21.112+0000] {processor.py:179} INFO - Processing /home/airflow/.local/lib/python3.8/site-packages/airflow/example_dags/example_short_circuit_operator.py took 0.039 seconds
[2025-03-06T14:47:51.526+0000] {processor.py:157} INFO - Started process (PID=28048) to work on /home/airflow/.local/lib/python3.8/site-packages/airflow/example_dags/example_short_circuit_operator.py
[2025-03-06T14:47:51.527+0000] {processor.py:829} INFO - Processing file /home/airflow/.local/lib/python3.8/site-packages/airflow/example_dags/example_short_circuit_operator.py for tasks to queue
[2025-03-06T14:47:51.527+0000] {logging_mixin.py:154} INFO - [2025-03-06T14:47:51.527+0000] {dagbag.py:536} INFO - Filling up the DagBag from /home/airflow/.local/lib/python3.8/site-packages/airflow/example_dags/example_short_circuit_operator.py
[2025-03-06T14:47:51.531+0000] {processor.py:839} INFO - DAG(s) dict_keys(['example_short_circuit_operator']) retrieved from /home/airflow/.local/lib/python3.8/site-packages/airflow/example_dags/example_short_circuit_operator.py
[2025-03-06T14:47:51.542+0000] {logging_mixin.py:154} INFO - [2025-03-06T14:47:51.542+0000] {dag.py:2941} INFO - Sync 1 DAGs
[2025-03-06T14:47:51.551+0000] {logging_mixin.py:154} INFO - [2025-03-06T14:47:51.551+0000] {dag.py:3722} INFO - Setting next_dagrun for example_short_circuit_operator to 2025-03-05T14:47:51.550910+00:00, run_after=2025-03-06T14:47:51.550910+00:00
[2025-03-06T14:47:51.561+0000] {processor.py:179} INFO - Processing /home/airflow/.local/lib/python3.8/site-packages/airflow/example_dags/example_short_circuit_operator.py took 0.036 seconds
[2025-03-06T14:48:22.077+0000] {processor.py:157} INFO - Started process (PID=28104) to work on /home/airflow/.local/lib/python3.8/site-packages/airflow/example_dags/example_short_circuit_operator.py
[2025-03-06T14:48:22.078+0000] {processor.py:829} INFO - Processing file /home/airflow/.local/lib/python3.8/site-packages/airflow/example_dags/example_short_circuit_operator.py for tasks to queue
[2025-03-06T14:48:22.078+0000] {logging_mixin.py:154} INFO - [2025-03-06T14:48:22.078+0000] {dagbag.py:536} INFO - Filling up the DagBag from /home/airflow/.local/lib/python3.8/site-packages/airflow/example_dags/example_short_circuit_operator.py
[2025-03-06T14:48:22.083+0000] {processor.py:839} INFO - DAG(s) dict_keys(['example_short_circuit_operator']) retrieved from /home/airflow/.local/lib/python3.8/site-packages/airflow/example_dags/example_short_circuit_operator.py
[2025-03-06T14:48:22.095+0000] {logging_mixin.py:154} INFO - [2025-03-06T14:48:22.094+0000] {dag.py:2941} INFO - Sync 1 DAGs
[2025-03-06T14:48:22.105+0000] {logging_mixin.py:154} INFO - [2025-03-06T14:48:22.104+0000] {dag.py:3722} INFO - Setting next_dagrun for example_short_circuit_operator to 2025-03-05T14:48:22.104820+00:00, run_after=2025-03-06T14:48:22.104820+00:00
[2025-03-06T14:48:22.114+0000] {processor.py:179} INFO - Processing /home/airflow/.local/lib/python3.8/site-packages/airflow/example_dags/example_short_circuit_operator.py took 0.038 seconds
[2025-03-06T14:48:52.630+0000] {processor.py:157} INFO - Started process (PID=28160) to work on /home/airflow/.local/lib/python3.8/site-packages/airflow/example_dags/example_short_circuit_operator.py
[2025-03-06T14:48:52.631+0000] {processor.py:829} INFO - Processing file /home/airflow/.local/lib/python3.8/site-packages/airflow/example_dags/example_short_circuit_operator.py for tasks to queue
[2025-03-06T14:48:52.632+0000] {logging_mixin.py:154} INFO - [2025-03-06T14:48:52.632+0000] {dagbag.py:536} INFO - Filling up the DagBag from /home/airflow/.local/lib/python3.8/site-packages/airflow/example_dags/example_short_circuit_operator.py
[2025-03-06T14:48:52.637+0000] {processor.py:839} INFO - DAG(s) dict_keys(['example_short_circuit_operator']) retrieved from /home/airflow/.local/lib/python3.8/site-packages/airflow/example_dags/example_short_circuit_operator.py
[2025-03-06T14:48:52.648+0000] {logging_mixin.py:154} INFO - [2025-03-06T14:48:52.648+0000] {dag.py:2941} INFO - Sync 1 DAGs
[2025-03-06T14:48:52.657+0000] {logging_mixin.py:154} INFO - [2025-03-06T14:48:52.657+0000] {dag.py:3722} INFO - Setting next_dagrun for example_short_circuit_operator to 2025-03-05T14:48:52.657750+00:00, run_after=2025-03-06T14:48:52.657750+00:00
[2025-03-06T14:48:52.667+0000] {processor.py:179} INFO - Processing /home/airflow/.local/lib/python3.8/site-packages/airflow/example_dags/example_short_circuit_operator.py took 0.039 seconds
[2025-03-06T14:49:23.364+0000] {processor.py:157} INFO - Started process (PID=28216) to work on /home/airflow/.local/lib/python3.8/site-packages/airflow/example_dags/example_short_circuit_operator.py
[2025-03-06T14:49:23.365+0000] {processor.py:829} INFO - Processing file /home/airflow/.local/lib/python3.8/site-packages/airflow/example_dags/example_short_circuit_operator.py for tasks to queue
[2025-03-06T14:49:23.366+0000] {logging_mixin.py:154} INFO - [2025-03-06T14:49:23.366+0000] {dagbag.py:536} INFO - Filling up the DagBag from /home/airflow/.local/lib/python3.8/site-packages/airflow/example_dags/example_short_circuit_operator.py
[2025-03-06T14:49:23.371+0000] {processor.py:839} INFO - DAG(s) dict_keys(['example_short_circuit_operator']) retrieved from /home/airflow/.local/lib/python3.8/site-packages/airflow/example_dags/example_short_circuit_operator.py
[2025-03-06T14:49:23.381+0000] {logging_mixin.py:154} INFO - [2025-03-06T14:49:23.381+0000] {dag.py:2941} INFO - Sync 1 DAGs
[2025-03-06T14:49:23.391+0000] {logging_mixin.py:154} INFO - [2025-03-06T14:49:23.391+0000] {dag.py:3722} INFO - Setting next_dagrun for example_short_circuit_operator to 2025-03-05T14:49:23.391593+00:00, run_after=2025-03-06T14:49:23.391593+00:00
[2025-03-06T14:49:23.401+0000] {processor.py:179} INFO - Processing /home/airflow/.local/lib/python3.8/site-packages/airflow/example_dags/example_short_circuit_operator.py took 0.038 seconds
[2025-03-06T14:49:54.021+0000] {processor.py:157} INFO - Started process (PID=28272) to work on /home/airflow/.local/lib/python3.8/site-packages/airflow/example_dags/example_short_circuit_operator.py
[2025-03-06T14:49:54.023+0000] {processor.py:829} INFO - Processing file /home/airflow/.local/lib/python3.8/site-packages/airflow/example_dags/example_short_circuit_operator.py for tasks to queue
[2025-03-06T14:49:54.023+0000] {logging_mixin.py:154} INFO - [2025-03-06T14:49:54.023+0000] {dagbag.py:536} INFO - Filling up the DagBag from /home/airflow/.local/lib/python3.8/site-packages/airflow/example_dags/example_short_circuit_operator.py
[2025-03-06T14:49:54.028+0000] {processor.py:839} INFO - DAG(s) dict_keys(['example_short_circuit_operator']) retrieved from /home/airflow/.local/lib/python3.8/site-packages/airflow/example_dags/example_short_circuit_operator.py
[2025-03-06T14:49:54.040+0000] {logging_mixin.py:154} INFO - [2025-03-06T14:49:54.040+0000] {dag.py:2941} INFO - Sync 1 DAGs
[2025-03-06T14:49:54.048+0000] {logging_mixin.py:154} INFO - [2025-03-06T14:49:54.048+0000] {dag.py:3722} INFO - Setting next_dagrun for example_short_circuit_operator to 2025-03-05T14:49:54.048596+00:00, run_after=2025-03-06T14:49:54.048596+00:00
[2025-03-06T14:49:54.059+0000] {processor.py:179} INFO - Processing /home/airflow/.local/lib/python3.8/site-packages/airflow/example_dags/example_short_circuit_operator.py took 0.039 seconds
[2025-03-06T14:50:24.677+0000] {processor.py:157} INFO - Started process (PID=28328) to work on /home/airflow/.local/lib/python3.8/site-packages/airflow/example_dags/example_short_circuit_operator.py
[2025-03-06T14:50:24.678+0000] {processor.py:829} INFO - Processing file /home/airflow/.local/lib/python3.8/site-packages/airflow/example_dags/example_short_circuit_operator.py for tasks to queue
[2025-03-06T14:50:24.679+0000] {logging_mixin.py:154} INFO - [2025-03-06T14:50:24.679+0000] {dagbag.py:536} INFO - Filling up the DagBag from /home/airflow/.local/lib/python3.8/site-packages/airflow/example_dags/example_short_circuit_operator.py
[2025-03-06T14:50:24.690+0000] {processor.py:839} INFO - DAG(s) dict_keys(['example_short_circuit_operator']) retrieved from /home/airflow/.local/lib/python3.8/site-packages/airflow/example_dags/example_short_circuit_operator.py
[2025-03-06T14:50:24.704+0000] {logging_mixin.py:154} INFO - [2025-03-06T14:50:24.704+0000] {dag.py:2941} INFO - Sync 1 DAGs
[2025-03-06T14:50:24.732+0000] {logging_mixin.py:154} INFO - [2025-03-06T14:50:24.732+0000] {dag.py:3722} INFO - Setting next_dagrun for example_short_circuit_operator to 2025-03-05T14:50:24.732080+00:00, run_after=2025-03-06T14:50:24.732080+00:00
[2025-03-06T14:50:24.751+0000] {processor.py:179} INFO - Processing /home/airflow/.local/lib/python3.8/site-packages/airflow/example_dags/example_short_circuit_operator.py took 0.076 seconds
[2025-03-06T14:50:55.368+0000] {processor.py:157} INFO - Started process (PID=28384) to work on /home/airflow/.local/lib/python3.8/site-packages/airflow/example_dags/example_short_circuit_operator.py
[2025-03-06T14:50:55.368+0000] {processor.py:829} INFO - Processing file /home/airflow/.local/lib/python3.8/site-packages/airflow/example_dags/example_short_circuit_operator.py for tasks to queue
[2025-03-06T14:50:55.368+0000] {logging_mixin.py:154} INFO - [2025-03-06T14:50:55.368+0000] {dagbag.py:536} INFO - Filling up the DagBag from /home/airflow/.local/lib/python3.8/site-packages/airflow/example_dags/example_short_circuit_operator.py
[2025-03-06T14:50:55.373+0000] {processor.py:839} INFO - DAG(s) dict_keys(['example_short_circuit_operator']) retrieved from /home/airflow/.local/lib/python3.8/site-packages/airflow/example_dags/example_short_circuit_operator.py
[2025-03-06T14:50:55.385+0000] {logging_mixin.py:154} INFO - [2025-03-06T14:50:55.385+0000] {dag.py:2941} INFO - Sync 1 DAGs
[2025-03-06T14:50:55.394+0000] {logging_mixin.py:154} INFO - [2025-03-06T14:50:55.394+0000] {dag.py:3722} INFO - Setting next_dagrun for example_short_circuit_operator to 2025-03-05T14:50:55.394730+00:00, run_after=2025-03-06T14:50:55.394730+00:00
[2025-03-06T14:50:55.405+0000] {processor.py:179} INFO - Processing /home/airflow/.local/lib/python3.8/site-packages/airflow/example_dags/example_short_circuit_operator.py took 0.039 seconds
[2025-03-06T14:51:26.119+0000] {processor.py:157} INFO - Started process (PID=28440) to work on /home/airflow/.local/lib/python3.8/site-packages/airflow/example_dags/example_short_circuit_operator.py
[2025-03-06T14:51:26.120+0000] {processor.py:829} INFO - Processing file /home/airflow/.local/lib/python3.8/site-packages/airflow/example_dags/example_short_circuit_operator.py for tasks to queue
[2025-03-06T14:51:26.120+0000] {logging_mixin.py:154} INFO - [2025-03-06T14:51:26.120+0000] {dagbag.py:536} INFO - Filling up the DagBag from /home/airflow/.local/lib/python3.8/site-packages/airflow/example_dags/example_short_circuit_operator.py
[2025-03-06T14:51:26.126+0000] {processor.py:839} INFO - DAG(s) dict_keys(['example_short_circuit_operator']) retrieved from /home/airflow/.local/lib/python3.8/site-packages/airflow/example_dags/example_short_circuit_operator.py
[2025-03-06T14:51:26.137+0000] {logging_mixin.py:154} INFO - [2025-03-06T14:51:26.137+0000] {dag.py:2941} INFO - Sync 1 DAGs
[2025-03-06T14:51:26.148+0000] {logging_mixin.py:154} INFO - [2025-03-06T14:51:26.148+0000] {dag.py:3722} INFO - Setting next_dagrun for example_short_circuit_operator to 2025-03-05T14:51:26.148468+00:00, run_after=2025-03-06T14:51:26.148468+00:00
[2025-03-06T14:51:26.157+0000] {processor.py:179} INFO - Processing /home/airflow/.local/lib/python3.8/site-packages/airflow/example_dags/example_short_circuit_operator.py took 0.039 seconds
[2025-03-06T14:51:56.622+0000] {processor.py:157} INFO - Started process (PID=28496) to work on /home/airflow/.local/lib/python3.8/site-packages/airflow/example_dags/example_short_circuit_operator.py
[2025-03-06T14:51:56.623+0000] {processor.py:829} INFO - Processing file /home/airflow/.local/lib/python3.8/site-packages/airflow/example_dags/example_short_circuit_operator.py for tasks to queue
[2025-03-06T14:51:56.625+0000] {logging_mixin.py:154} INFO - [2025-03-06T14:51:56.624+0000] {dagbag.py:536} INFO - Filling up the DagBag from /home/airflow/.local/lib/python3.8/site-packages/airflow/example_dags/example_short_circuit_operator.py
[2025-03-06T14:51:56.629+0000] {processor.py:839} INFO - DAG(s) dict_keys(['example_short_circuit_operator']) retrieved from /home/airflow/.local/lib/python3.8/site-packages/airflow/example_dags/example_short_circuit_operator.py
[2025-03-06T14:51:56.642+0000] {logging_mixin.py:154} INFO - [2025-03-06T14:51:56.642+0000] {dag.py:2941} INFO - Sync 1 DAGs
[2025-03-06T14:51:56.651+0000] {logging_mixin.py:154} INFO - [2025-03-06T14:51:56.651+0000] {dag.py:3722} INFO - Setting next_dagrun for example_short_circuit_operator to 2025-03-05T14:51:56.651406+00:00, run_after=2025-03-06T14:51:56.651406+00:00
[2025-03-06T14:51:56.658+0000] {processor.py:179} INFO - Processing /home/airflow/.local/lib/python3.8/site-packages/airflow/example_dags/example_short_circuit_operator.py took 0.037 seconds
[2025-03-06T14:52:27.220+0000] {processor.py:157} INFO - Started process (PID=28552) to work on /home/airflow/.local/lib/python3.8/site-packages/airflow/example_dags/example_short_circuit_operator.py
[2025-03-06T14:52:27.220+0000] {processor.py:829} INFO - Processing file /home/airflow/.local/lib/python3.8/site-packages/airflow/example_dags/example_short_circuit_operator.py for tasks to queue
[2025-03-06T14:52:27.221+0000] {logging_mixin.py:154} INFO - [2025-03-06T14:52:27.220+0000] {dagbag.py:536} INFO - Filling up the DagBag from /home/airflow/.local/lib/python3.8/site-packages/airflow/example_dags/example_short_circuit_operator.py
[2025-03-06T14:52:27.224+0000] {processor.py:839} INFO - DAG(s) dict_keys(['example_short_circuit_operator']) retrieved from /home/airflow/.local/lib/python3.8/site-packages/airflow/example_dags/example_short_circuit_operator.py
[2025-03-06T14:52:27.237+0000] {logging_mixin.py:154} INFO - [2025-03-06T14:52:27.237+0000] {dag.py:2941} INFO - Sync 1 DAGs
[2025-03-06T14:52:27.247+0000] {logging_mixin.py:154} INFO - [2025-03-06T14:52:27.247+0000] {dag.py:3722} INFO - Setting next_dagrun for example_short_circuit_operator to 2025-03-05T14:52:27.247236+00:00, run_after=2025-03-06T14:52:27.247236+00:00
[2025-03-06T14:52:27.255+0000] {processor.py:179} INFO - Processing /home/airflow/.local/lib/python3.8/site-packages/airflow/example_dags/example_short_circuit_operator.py took 0.037 seconds
[2025-03-06T14:52:57.794+0000] {processor.py:157} INFO - Started process (PID=28608) to work on /home/airflow/.local/lib/python3.8/site-packages/airflow/example_dags/example_short_circuit_operator.py
[2025-03-06T14:52:57.795+0000] {processor.py:829} INFO - Processing file /home/airflow/.local/lib/python3.8/site-packages/airflow/example_dags/example_short_circuit_operator.py for tasks to queue
[2025-03-06T14:52:57.795+0000] {logging_mixin.py:154} INFO - [2025-03-06T14:52:57.795+0000] {dagbag.py:536} INFO - Filling up the DagBag from /home/airflow/.local/lib/python3.8/site-packages/airflow/example_dags/example_short_circuit_operator.py
[2025-03-06T14:52:57.799+0000] {processor.py:839} INFO - DAG(s) dict_keys(['example_short_circuit_operator']) retrieved from /home/airflow/.local/lib/python3.8/site-packages/airflow/example_dags/example_short_circuit_operator.py
[2025-03-06T14:52:57.809+0000] {logging_mixin.py:154} INFO - [2025-03-06T14:52:57.809+0000] {dag.py:2941} INFO - Sync 1 DAGs
[2025-03-06T14:52:57.820+0000] {logging_mixin.py:154} INFO - [2025-03-06T14:52:57.820+0000] {dag.py:3722} INFO - Setting next_dagrun for example_short_circuit_operator to 2025-03-05T14:52:57.820129+00:00, run_after=2025-03-06T14:52:57.820129+00:00
[2025-03-06T14:52:57.925+0000] {processor.py:179} INFO - Processing /home/airflow/.local/lib/python3.8/site-packages/airflow/example_dags/example_short_circuit_operator.py took 0.132 seconds
[2025-03-06T14:53:28.611+0000] {processor.py:157} INFO - Started process (PID=28664) to work on /home/airflow/.local/lib/python3.8/site-packages/airflow/example_dags/example_short_circuit_operator.py
[2025-03-06T14:53:28.611+0000] {processor.py:829} INFO - Processing file /home/airflow/.local/lib/python3.8/site-packages/airflow/example_dags/example_short_circuit_operator.py for tasks to queue
[2025-03-06T14:53:28.611+0000] {logging_mixin.py:154} INFO - [2025-03-06T14:53:28.611+0000] {dagbag.py:536} INFO - Filling up the DagBag from /home/airflow/.local/lib/python3.8/site-packages/airflow/example_dags/example_short_circuit_operator.py
[2025-03-06T14:53:28.617+0000] {processor.py:839} INFO - DAG(s) dict_keys(['example_short_circuit_operator']) retrieved from /home/airflow/.local/lib/python3.8/site-packages/airflow/example_dags/example_short_circuit_operator.py
[2025-03-06T14:53:28.627+0000] {logging_mixin.py:154} INFO - [2025-03-06T14:53:28.626+0000] {dag.py:2941} INFO - Sync 1 DAGs
[2025-03-06T14:53:28.635+0000] {logging_mixin.py:154} INFO - [2025-03-06T14:53:28.635+0000] {dag.py:3722} INFO - Setting next_dagrun for example_short_circuit_operator to 2025-03-05T14:53:28.634994+00:00, run_after=2025-03-06T14:53:28.634994+00:00
[2025-03-06T14:53:28.643+0000] {processor.py:179} INFO - Processing /home/airflow/.local/lib/python3.8/site-packages/airflow/example_dags/example_short_circuit_operator.py took 0.034 seconds
[2025-03-06T14:53:59.389+0000] {processor.py:157} INFO - Started process (PID=28720) to work on /home/airflow/.local/lib/python3.8/site-packages/airflow/example_dags/example_short_circuit_operator.py
[2025-03-06T14:53:59.390+0000] {processor.py:829} INFO - Processing file /home/airflow/.local/lib/python3.8/site-packages/airflow/example_dags/example_short_circuit_operator.py for tasks to queue
[2025-03-06T14:53:59.390+0000] {logging_mixin.py:154} INFO - [2025-03-06T14:53:59.390+0000] {dagbag.py:536} INFO - Filling up the DagBag from /home/airflow/.local/lib/python3.8/site-packages/airflow/example_dags/example_short_circuit_operator.py
[2025-03-06T14:53:59.394+0000] {processor.py:839} INFO - DAG(s) dict_keys(['example_short_circuit_operator']) retrieved from /home/airflow/.local/lib/python3.8/site-packages/airflow/example_dags/example_short_circuit_operator.py
[2025-03-06T14:53:59.404+0000] {logging_mixin.py:154} INFO - [2025-03-06T14:53:59.404+0000] {dag.py:2941} INFO - Sync 1 DAGs
[2025-03-06T14:53:59.413+0000] {logging_mixin.py:154} INFO - [2025-03-06T14:53:59.413+0000] {dag.py:3722} INFO - Setting next_dagrun for example_short_circuit_operator to 2025-03-05T14:53:59.413218+00:00, run_after=2025-03-06T14:53:59.413218+00:00
[2025-03-06T14:53:59.419+0000] {processor.py:179} INFO - Processing /home/airflow/.local/lib/python3.8/site-packages/airflow/example_dags/example_short_circuit_operator.py took 0.032 seconds
[2025-03-06T14:54:30.136+0000] {processor.py:157} INFO - Started process (PID=28776) to work on /home/airflow/.local/lib/python3.8/site-packages/airflow/example_dags/example_short_circuit_operator.py
[2025-03-06T14:54:30.137+0000] {processor.py:829} INFO - Processing file /home/airflow/.local/lib/python3.8/site-packages/airflow/example_dags/example_short_circuit_operator.py for tasks to queue
[2025-03-06T14:54:30.138+0000] {logging_mixin.py:154} INFO - [2025-03-06T14:54:30.138+0000] {dagbag.py:536} INFO - Filling up the DagBag from /home/airflow/.local/lib/python3.8/site-packages/airflow/example_dags/example_short_circuit_operator.py
[2025-03-06T14:54:30.144+0000] {processor.py:839} INFO - DAG(s) dict_keys(['example_short_circuit_operator']) retrieved from /home/airflow/.local/lib/python3.8/site-packages/airflow/example_dags/example_short_circuit_operator.py
[2025-03-06T14:54:30.155+0000] {logging_mixin.py:154} INFO - [2025-03-06T14:54:30.155+0000] {dag.py:2941} INFO - Sync 1 DAGs
[2025-03-06T14:54:30.163+0000] {logging_mixin.py:154} INFO - [2025-03-06T14:54:30.163+0000] {dag.py:3722} INFO - Setting next_dagrun for example_short_circuit_operator to 2025-03-05T14:54:30.163420+00:00, run_after=2025-03-06T14:54:30.163420+00:00
[2025-03-06T14:54:30.173+0000] {processor.py:179} INFO - Processing /home/airflow/.local/lib/python3.8/site-packages/airflow/example_dags/example_short_circuit_operator.py took 0.039 seconds
[2025-03-06T14:55:02.019+0000] {processor.py:157} INFO - Started process (PID=28839) to work on /home/airflow/.local/lib/python3.8/site-packages/airflow/example_dags/example_short_circuit_operator.py
[2025-03-06T14:55:02.019+0000] {processor.py:829} INFO - Processing file /home/airflow/.local/lib/python3.8/site-packages/airflow/example_dags/example_short_circuit_operator.py for tasks to queue
[2025-03-06T14:55:02.019+0000] {logging_mixin.py:154} INFO - [2025-03-06T14:55:02.019+0000] {dagbag.py:536} INFO - Filling up the DagBag from /home/airflow/.local/lib/python3.8/site-packages/airflow/example_dags/example_short_circuit_operator.py
[2025-03-06T14:55:02.024+0000] {processor.py:839} INFO - DAG(s) dict_keys(['example_short_circuit_operator']) retrieved from /home/airflow/.local/lib/python3.8/site-packages/airflow/example_dags/example_short_circuit_operator.py
[2025-03-06T14:55:02.034+0000] {logging_mixin.py:154} INFO - [2025-03-06T14:55:02.034+0000] {dag.py:2941} INFO - Sync 1 DAGs
[2025-03-06T14:55:02.042+0000] {logging_mixin.py:154} INFO - [2025-03-06T14:55:02.042+0000] {dag.py:3722} INFO - Setting next_dagrun for example_short_circuit_operator to 2025-03-05T14:55:02.042738+00:00, run_after=2025-03-06T14:55:02.042738+00:00
[2025-03-06T14:55:02.049+0000] {processor.py:179} INFO - Processing /home/airflow/.local/lib/python3.8/site-packages/airflow/example_dags/example_short_circuit_operator.py took 0.032 seconds
[2025-03-06T14:55:32.121+0000] {processor.py:157} INFO - Started process (PID=28894) to work on /home/airflow/.local/lib/python3.8/site-packages/airflow/example_dags/example_short_circuit_operator.py
[2025-03-06T14:55:32.122+0000] {processor.py:829} INFO - Processing file /home/airflow/.local/lib/python3.8/site-packages/airflow/example_dags/example_short_circuit_operator.py for tasks to queue
[2025-03-06T14:55:32.123+0000] {logging_mixin.py:154} INFO - [2025-03-06T14:55:32.123+0000] {dagbag.py:536} INFO - Filling up the DagBag from /home/airflow/.local/lib/python3.8/site-packages/airflow/example_dags/example_short_circuit_operator.py
[2025-03-06T14:55:32.127+0000] {processor.py:839} INFO - DAG(s) dict_keys(['example_short_circuit_operator']) retrieved from /home/airflow/.local/lib/python3.8/site-packages/airflow/example_dags/example_short_circuit_operator.py
[2025-03-06T14:55:32.138+0000] {logging_mixin.py:154} INFO - [2025-03-06T14:55:32.137+0000] {dag.py:2941} INFO - Sync 1 DAGs
[2025-03-06T14:55:32.245+0000] {logging_mixin.py:154} INFO - [2025-03-06T14:55:32.245+0000] {dag.py:3722} INFO - Setting next_dagrun for example_short_circuit_operator to 2025-03-05T14:55:32.245746+00:00, run_after=2025-03-06T14:55:32.245746+00:00
[2025-03-06T14:55:32.258+0000] {processor.py:179} INFO - Processing /home/airflow/.local/lib/python3.8/site-packages/airflow/example_dags/example_short_circuit_operator.py took 0.139 seconds
[2025-03-06T14:56:02.300+0000] {processor.py:157} INFO - Started process (PID=28950) to work on /home/airflow/.local/lib/python3.8/site-packages/airflow/example_dags/example_short_circuit_operator.py
[2025-03-06T14:56:02.301+0000] {processor.py:829} INFO - Processing file /home/airflow/.local/lib/python3.8/site-packages/airflow/example_dags/example_short_circuit_operator.py for tasks to queue
[2025-03-06T14:56:02.301+0000] {logging_mixin.py:154} INFO - [2025-03-06T14:56:02.301+0000] {dagbag.py:536} INFO - Filling up the DagBag from /home/airflow/.local/lib/python3.8/site-packages/airflow/example_dags/example_short_circuit_operator.py
[2025-03-06T14:56:02.306+0000] {processor.py:839} INFO - DAG(s) dict_keys(['example_short_circuit_operator']) retrieved from /home/airflow/.local/lib/python3.8/site-packages/airflow/example_dags/example_short_circuit_operator.py
[2025-03-06T14:56:02.320+0000] {logging_mixin.py:154} INFO - [2025-03-06T14:56:02.320+0000] {dag.py:2941} INFO - Sync 1 DAGs
[2025-03-06T14:56:02.329+0000] {logging_mixin.py:154} INFO - [2025-03-06T14:56:02.329+0000] {dag.py:3722} INFO - Setting next_dagrun for example_short_circuit_operator to 2025-03-05T14:56:02.328928+00:00, run_after=2025-03-06T14:56:02.328928+00:00
[2025-03-06T14:56:02.430+0000] {processor.py:179} INFO - Processing /home/airflow/.local/lib/python3.8/site-packages/airflow/example_dags/example_short_circuit_operator.py took 0.132 seconds
[2025-03-06T14:56:32.661+0000] {processor.py:157} INFO - Started process (PID=29006) to work on /home/airflow/.local/lib/python3.8/site-packages/airflow/example_dags/example_short_circuit_operator.py
[2025-03-06T14:56:32.662+0000] {processor.py:829} INFO - Processing file /home/airflow/.local/lib/python3.8/site-packages/airflow/example_dags/example_short_circuit_operator.py for tasks to queue
[2025-03-06T14:56:32.663+0000] {logging_mixin.py:154} INFO - [2025-03-06T14:56:32.663+0000] {dagbag.py:536} INFO - Filling up the DagBag from /home/airflow/.local/lib/python3.8/site-packages/airflow/example_dags/example_short_circuit_operator.py
[2025-03-06T14:56:32.668+0000] {processor.py:839} INFO - DAG(s) dict_keys(['example_short_circuit_operator']) retrieved from /home/airflow/.local/lib/python3.8/site-packages/airflow/example_dags/example_short_circuit_operator.py
[2025-03-06T14:56:32.682+0000] {logging_mixin.py:154} INFO - [2025-03-06T14:56:32.682+0000] {dag.py:2941} INFO - Sync 1 DAGs
[2025-03-06T14:56:32.691+0000] {logging_mixin.py:154} INFO - [2025-03-06T14:56:32.691+0000] {dag.py:3722} INFO - Setting next_dagrun for example_short_circuit_operator to 2025-03-05T14:56:32.691034+00:00, run_after=2025-03-06T14:56:32.691034+00:00
[2025-03-06T14:56:32.698+0000] {processor.py:179} INFO - Processing /home/airflow/.local/lib/python3.8/site-packages/airflow/example_dags/example_short_circuit_operator.py took 0.040 seconds
[2025-03-06T14:57:03.982+0000] {processor.py:157} INFO - Started process (PID=29063) to work on /home/airflow/.local/lib/python3.8/site-packages/airflow/example_dags/example_short_circuit_operator.py
[2025-03-06T14:57:03.983+0000] {processor.py:829} INFO - Processing file /home/airflow/.local/lib/python3.8/site-packages/airflow/example_dags/example_short_circuit_operator.py for tasks to queue
[2025-03-06T14:57:03.984+0000] {logging_mixin.py:154} INFO - [2025-03-06T14:57:03.983+0000] {dagbag.py:536} INFO - Filling up the DagBag from /home/airflow/.local/lib/python3.8/site-packages/airflow/example_dags/example_short_circuit_operator.py
[2025-03-06T14:57:03.988+0000] {processor.py:839} INFO - DAG(s) dict_keys(['example_short_circuit_operator']) retrieved from /home/airflow/.local/lib/python3.8/site-packages/airflow/example_dags/example_short_circuit_operator.py
[2025-03-06T14:57:03.997+0000] {logging_mixin.py:154} INFO - [2025-03-06T14:57:03.997+0000] {dag.py:2941} INFO - Sync 1 DAGs
[2025-03-06T14:57:04.007+0000] {logging_mixin.py:154} INFO - [2025-03-06T14:57:04.007+0000] {dag.py:3722} INFO - Setting next_dagrun for example_short_circuit_operator to 2025-03-05T14:57:04.007134+00:00, run_after=2025-03-06T14:57:04.007134+00:00
[2025-03-06T14:57:04.019+0000] {processor.py:179} INFO - Processing /home/airflow/.local/lib/python3.8/site-packages/airflow/example_dags/example_short_circuit_operator.py took 0.038 seconds
[2025-03-06T14:57:36.412+0000] {processor.py:157} INFO - Started process (PID=29119) to work on /home/airflow/.local/lib/python3.8/site-packages/airflow/example_dags/example_short_circuit_operator.py
[2025-03-06T14:57:36.412+0000] {processor.py:829} INFO - Processing file /home/airflow/.local/lib/python3.8/site-packages/airflow/example_dags/example_short_circuit_operator.py for tasks to queue
[2025-03-06T14:57:36.412+0000] {logging_mixin.py:154} INFO - [2025-03-06T14:57:36.412+0000] {dagbag.py:536} INFO - Filling up the DagBag from /home/airflow/.local/lib/python3.8/site-packages/airflow/example_dags/example_short_circuit_operator.py
[2025-03-06T14:57:36.417+0000] {processor.py:839} INFO - DAG(s) dict_keys(['example_short_circuit_operator']) retrieved from /home/airflow/.local/lib/python3.8/site-packages/airflow/example_dags/example_short_circuit_operator.py
[2025-03-06T14:57:36.428+0000] {logging_mixin.py:154} INFO - [2025-03-06T14:57:36.427+0000] {dag.py:2941} INFO - Sync 1 DAGs
[2025-03-06T14:57:36.534+0000] {logging_mixin.py:154} INFO - [2025-03-06T14:57:36.534+0000] {dag.py:3722} INFO - Setting next_dagrun for example_short_circuit_operator to 2025-03-05T14:57:36.534504+00:00, run_after=2025-03-06T14:57:36.534504+00:00
[2025-03-06T14:57:36.546+0000] {processor.py:179} INFO - Processing /home/airflow/.local/lib/python3.8/site-packages/airflow/example_dags/example_short_circuit_operator.py took 0.136 seconds
[2025-03-06T14:58:07.034+0000] {processor.py:157} INFO - Started process (PID=29175) to work on /home/airflow/.local/lib/python3.8/site-packages/airflow/example_dags/example_short_circuit_operator.py
[2025-03-06T14:58:07.034+0000] {processor.py:829} INFO - Processing file /home/airflow/.local/lib/python3.8/site-packages/airflow/example_dags/example_short_circuit_operator.py for tasks to queue
[2025-03-06T14:58:07.035+0000] {logging_mixin.py:154} INFO - [2025-03-06T14:58:07.034+0000] {dagbag.py:536} INFO - Filling up the DagBag from /home/airflow/.local/lib/python3.8/site-packages/airflow/example_dags/example_short_circuit_operator.py
[2025-03-06T14:58:07.039+0000] {processor.py:839} INFO - DAG(s) dict_keys(['example_short_circuit_operator']) retrieved from /home/airflow/.local/lib/python3.8/site-packages/airflow/example_dags/example_short_circuit_operator.py
[2025-03-06T14:58:07.049+0000] {logging_mixin.py:154} INFO - [2025-03-06T14:58:07.049+0000] {dag.py:2941} INFO - Sync 1 DAGs
[2025-03-06T14:58:07.148+0000] {logging_mixin.py:154} INFO - [2025-03-06T14:58:07.148+0000] {dag.py:3722} INFO - Setting next_dagrun for example_short_circuit_operator to 2025-03-05T14:58:07.148764+00:00, run_after=2025-03-06T14:58:07.148764+00:00
[2025-03-06T14:58:07.160+0000] {processor.py:179} INFO - Processing /home/airflow/.local/lib/python3.8/site-packages/airflow/example_dags/example_short_circuit_operator.py took 0.128 seconds
[2025-03-06T14:58:37.233+0000] {processor.py:157} INFO - Started process (PID=29230) to work on /home/airflow/.local/lib/python3.8/site-packages/airflow/example_dags/example_short_circuit_operator.py
[2025-03-06T14:58:37.234+0000] {processor.py:829} INFO - Processing file /home/airflow/.local/lib/python3.8/site-packages/airflow/example_dags/example_short_circuit_operator.py for tasks to queue
[2025-03-06T14:58:37.234+0000] {logging_mixin.py:154} INFO - [2025-03-06T14:58:37.234+0000] {dagbag.py:536} INFO - Filling up the DagBag from /home/airflow/.local/lib/python3.8/site-packages/airflow/example_dags/example_short_circuit_operator.py
[2025-03-06T14:58:37.238+0000] {processor.py:839} INFO - DAG(s) dict_keys(['example_short_circuit_operator']) retrieved from /home/airflow/.local/lib/python3.8/site-packages/airflow/example_dags/example_short_circuit_operator.py
[2025-03-06T14:58:37.249+0000] {logging_mixin.py:154} INFO - [2025-03-06T14:58:37.249+0000] {dag.py:2941} INFO - Sync 1 DAGs
[2025-03-06T14:58:37.257+0000] {logging_mixin.py:154} INFO - [2025-03-06T14:58:37.257+0000] {dag.py:3722} INFO - Setting next_dagrun for example_short_circuit_operator to 2025-03-05T14:58:37.257670+00:00, run_after=2025-03-06T14:58:37.257670+00:00
[2025-03-06T14:58:37.264+0000] {processor.py:179} INFO - Processing /home/airflow/.local/lib/python3.8/site-packages/airflow/example_dags/example_short_circuit_operator.py took 0.032 seconds
[2025-03-06T14:59:08.860+0000] {processor.py:157} INFO - Started process (PID=29287) to work on /home/airflow/.local/lib/python3.8/site-packages/airflow/example_dags/example_short_circuit_operator.py
[2025-03-06T14:59:08.860+0000] {processor.py:829} INFO - Processing file /home/airflow/.local/lib/python3.8/site-packages/airflow/example_dags/example_short_circuit_operator.py for tasks to queue
[2025-03-06T14:59:08.861+0000] {logging_mixin.py:154} INFO - [2025-03-06T14:59:08.861+0000] {dagbag.py:536} INFO - Filling up the DagBag from /home/airflow/.local/lib/python3.8/site-packages/airflow/example_dags/example_short_circuit_operator.py
[2025-03-06T14:59:08.865+0000] {processor.py:839} INFO - DAG(s) dict_keys(['example_short_circuit_operator']) retrieved from /home/airflow/.local/lib/python3.8/site-packages/airflow/example_dags/example_short_circuit_operator.py
[2025-03-06T14:59:08.970+0000] {logging_mixin.py:154} INFO - [2025-03-06T14:59:08.969+0000] {dag.py:2941} INFO - Sync 1 DAGs
[2025-03-06T14:59:08.977+0000] {logging_mixin.py:154} INFO - [2025-03-06T14:59:08.977+0000] {dag.py:3722} INFO - Setting next_dagrun for example_short_circuit_operator to 2025-03-05T14:59:08.977778+00:00, run_after=2025-03-06T14:59:08.977778+00:00
[2025-03-06T14:59:08.984+0000] {processor.py:179} INFO - Processing /home/airflow/.local/lib/python3.8/site-packages/airflow/example_dags/example_short_circuit_operator.py took 0.125 seconds
[2025-03-06T14:59:39.150+0000] {processor.py:157} INFO - Started process (PID=29343) to work on /home/airflow/.local/lib/python3.8/site-packages/airflow/example_dags/example_short_circuit_operator.py
[2025-03-06T14:59:39.151+0000] {processor.py:829} INFO - Processing file /home/airflow/.local/lib/python3.8/site-packages/airflow/example_dags/example_short_circuit_operator.py for tasks to queue
[2025-03-06T14:59:39.151+0000] {logging_mixin.py:154} INFO - [2025-03-06T14:59:39.151+0000] {dagbag.py:536} INFO - Filling up the DagBag from /home/airflow/.local/lib/python3.8/site-packages/airflow/example_dags/example_short_circuit_operator.py
[2025-03-06T14:59:39.155+0000] {processor.py:839} INFO - DAG(s) dict_keys(['example_short_circuit_operator']) retrieved from /home/airflow/.local/lib/python3.8/site-packages/airflow/example_dags/example_short_circuit_operator.py
[2025-03-06T14:59:39.166+0000] {logging_mixin.py:154} INFO - [2025-03-06T14:59:39.165+0000] {dag.py:2941} INFO - Sync 1 DAGs
[2025-03-06T14:59:39.176+0000] {logging_mixin.py:154} INFO - [2025-03-06T14:59:39.176+0000] {dag.py:3722} INFO - Setting next_dagrun for example_short_circuit_operator to 2025-03-05T14:59:39.175908+00:00, run_after=2025-03-06T14:59:39.175908+00:00
[2025-03-06T14:59:39.185+0000] {processor.py:179} INFO - Processing /home/airflow/.local/lib/python3.8/site-packages/airflow/example_dags/example_short_circuit_operator.py took 0.036 seconds
[2025-03-06T15:00:09.822+0000] {processor.py:157} INFO - Started process (PID=29399) to work on /home/airflow/.local/lib/python3.8/site-packages/airflow/example_dags/example_short_circuit_operator.py
[2025-03-06T15:00:09.824+0000] {processor.py:829} INFO - Processing file /home/airflow/.local/lib/python3.8/site-packages/airflow/example_dags/example_short_circuit_operator.py for tasks to queue
[2025-03-06T15:00:09.824+0000] {logging_mixin.py:154} INFO - [2025-03-06T15:00:09.824+0000] {dagbag.py:536} INFO - Filling up the DagBag from /home/airflow/.local/lib/python3.8/site-packages/airflow/example_dags/example_short_circuit_operator.py
[2025-03-06T15:00:09.829+0000] {processor.py:839} INFO - DAG(s) dict_keys(['example_short_circuit_operator']) retrieved from /home/airflow/.local/lib/python3.8/site-packages/airflow/example_dags/example_short_circuit_operator.py
[2025-03-06T15:00:09.843+0000] {logging_mixin.py:154} INFO - [2025-03-06T15:00:09.842+0000] {dag.py:2941} INFO - Sync 1 DAGs
[2025-03-06T15:00:09.853+0000] {logging_mixin.py:154} INFO - [2025-03-06T15:00:09.853+0000] {dag.py:3722} INFO - Setting next_dagrun for example_short_circuit_operator to 2025-03-05T15:00:09.853563+00:00, run_after=2025-03-06T15:00:09.853563+00:00
[2025-03-06T15:00:09.862+0000] {processor.py:179} INFO - Processing /home/airflow/.local/lib/python3.8/site-packages/airflow/example_dags/example_short_circuit_operator.py took 0.041 seconds
[2025-03-06T15:00:40.434+0000] {processor.py:157} INFO - Started process (PID=29455) to work on /home/airflow/.local/lib/python3.8/site-packages/airflow/example_dags/example_short_circuit_operator.py
[2025-03-06T15:00:40.435+0000] {processor.py:829} INFO - Processing file /home/airflow/.local/lib/python3.8/site-packages/airflow/example_dags/example_short_circuit_operator.py for tasks to queue
[2025-03-06T15:00:40.435+0000] {logging_mixin.py:154} INFO - [2025-03-06T15:00:40.435+0000] {dagbag.py:536} INFO - Filling up the DagBag from /home/airflow/.local/lib/python3.8/site-packages/airflow/example_dags/example_short_circuit_operator.py
[2025-03-06T15:00:40.440+0000] {processor.py:839} INFO - DAG(s) dict_keys(['example_short_circuit_operator']) retrieved from /home/airflow/.local/lib/python3.8/site-packages/airflow/example_dags/example_short_circuit_operator.py
[2025-03-06T15:00:40.449+0000] {logging_mixin.py:154} INFO - [2025-03-06T15:00:40.449+0000] {dag.py:2941} INFO - Sync 1 DAGs
[2025-03-06T15:00:40.459+0000] {logging_mixin.py:154} INFO - [2025-03-06T15:00:40.458+0000] {dag.py:3722} INFO - Setting next_dagrun for example_short_circuit_operator to 2025-03-05T15:00:40.458828+00:00, run_after=2025-03-06T15:00:40.458828+00:00
[2025-03-06T15:00:40.466+0000] {processor.py:179} INFO - Processing /home/airflow/.local/lib/python3.8/site-packages/airflow/example_dags/example_short_circuit_operator.py took 0.033 seconds
[2025-03-06T15:01:11.038+0000] {processor.py:157} INFO - Started process (PID=29511) to work on /home/airflow/.local/lib/python3.8/site-packages/airflow/example_dags/example_short_circuit_operator.py
[2025-03-06T15:01:11.039+0000] {processor.py:829} INFO - Processing file /home/airflow/.local/lib/python3.8/site-packages/airflow/example_dags/example_short_circuit_operator.py for tasks to queue
[2025-03-06T15:01:11.040+0000] {logging_mixin.py:154} INFO - [2025-03-06T15:01:11.040+0000] {dagbag.py:536} INFO - Filling up the DagBag from /home/airflow/.local/lib/python3.8/site-packages/airflow/example_dags/example_short_circuit_operator.py
[2025-03-06T15:01:11.045+0000] {processor.py:839} INFO - DAG(s) dict_keys(['example_short_circuit_operator']) retrieved from /home/airflow/.local/lib/python3.8/site-packages/airflow/example_dags/example_short_circuit_operator.py
[2025-03-06T15:01:11.058+0000] {logging_mixin.py:154} INFO - [2025-03-06T15:01:11.058+0000] {dag.py:2941} INFO - Sync 1 DAGs
[2025-03-06T15:01:11.066+0000] {logging_mixin.py:154} INFO - [2025-03-06T15:01:11.066+0000] {dag.py:3722} INFO - Setting next_dagrun for example_short_circuit_operator to 2025-03-05T15:01:11.066292+00:00, run_after=2025-03-06T15:01:11.066292+00:00
[2025-03-06T15:01:11.075+0000] {processor.py:179} INFO - Processing /home/airflow/.local/lib/python3.8/site-packages/airflow/example_dags/example_short_circuit_operator.py took 0.039 seconds
[2025-03-06T15:01:41.696+0000] {processor.py:157} INFO - Started process (PID=29567) to work on /home/airflow/.local/lib/python3.8/site-packages/airflow/example_dags/example_short_circuit_operator.py
[2025-03-06T15:01:41.696+0000] {processor.py:829} INFO - Processing file /home/airflow/.local/lib/python3.8/site-packages/airflow/example_dags/example_short_circuit_operator.py for tasks to queue
[2025-03-06T15:01:41.696+0000] {logging_mixin.py:154} INFO - [2025-03-06T15:01:41.696+0000] {dagbag.py:536} INFO - Filling up the DagBag from /home/airflow/.local/lib/python3.8/site-packages/airflow/example_dags/example_short_circuit_operator.py
[2025-03-06T15:01:41.700+0000] {processor.py:839} INFO - DAG(s) dict_keys(['example_short_circuit_operator']) retrieved from /home/airflow/.local/lib/python3.8/site-packages/airflow/example_dags/example_short_circuit_operator.py
[2025-03-06T15:01:41.715+0000] {logging_mixin.py:154} INFO - [2025-03-06T15:01:41.714+0000] {dag.py:2941} INFO - Sync 1 DAGs
[2025-03-06T15:01:41.726+0000] {logging_mixin.py:154} INFO - [2025-03-06T15:01:41.726+0000] {dag.py:3722} INFO - Setting next_dagrun for example_short_circuit_operator to 2025-03-05T15:01:41.726333+00:00, run_after=2025-03-06T15:01:41.726333+00:00
[2025-03-06T15:01:41.735+0000] {processor.py:179} INFO - Processing /home/airflow/.local/lib/python3.8/site-packages/airflow/example_dags/example_short_circuit_operator.py took 0.040 seconds
[2025-03-06T15:02:12.197+0000] {processor.py:157} INFO - Started process (PID=29623) to work on /home/airflow/.local/lib/python3.8/site-packages/airflow/example_dags/example_short_circuit_operator.py
[2025-03-06T15:02:12.197+0000] {processor.py:829} INFO - Processing file /home/airflow/.local/lib/python3.8/site-packages/airflow/example_dags/example_short_circuit_operator.py for tasks to queue
[2025-03-06T15:02:12.198+0000] {logging_mixin.py:154} INFO - [2025-03-06T15:02:12.198+0000] {dagbag.py:536} INFO - Filling up the DagBag from /home/airflow/.local/lib/python3.8/site-packages/airflow/example_dags/example_short_circuit_operator.py
[2025-03-06T15:02:12.201+0000] {processor.py:839} INFO - DAG(s) dict_keys(['example_short_circuit_operator']) retrieved from /home/airflow/.local/lib/python3.8/site-packages/airflow/example_dags/example_short_circuit_operator.py
[2025-03-06T15:02:12.212+0000] {logging_mixin.py:154} INFO - [2025-03-06T15:02:12.212+0000] {dag.py:2941} INFO - Sync 1 DAGs
[2025-03-06T15:02:12.222+0000] {logging_mixin.py:154} INFO - [2025-03-06T15:02:12.222+0000] {dag.py:3722} INFO - Setting next_dagrun for example_short_circuit_operator to 2025-03-05T15:02:12.221929+00:00, run_after=2025-03-06T15:02:12.221929+00:00
[2025-03-06T15:02:12.228+0000] {processor.py:179} INFO - Processing /home/airflow/.local/lib/python3.8/site-packages/airflow/example_dags/example_short_circuit_operator.py took 0.032 seconds
[2025-03-06T15:02:42.784+0000] {processor.py:157} INFO - Started process (PID=29679) to work on /home/airflow/.local/lib/python3.8/site-packages/airflow/example_dags/example_short_circuit_operator.py
[2025-03-06T15:02:42.785+0000] {processor.py:829} INFO - Processing file /home/airflow/.local/lib/python3.8/site-packages/airflow/example_dags/example_short_circuit_operator.py for tasks to queue
[2025-03-06T15:02:42.786+0000] {logging_mixin.py:154} INFO - [2025-03-06T15:02:42.786+0000] {dagbag.py:536} INFO - Filling up the DagBag from /home/airflow/.local/lib/python3.8/site-packages/airflow/example_dags/example_short_circuit_operator.py
[2025-03-06T15:02:42.791+0000] {processor.py:839} INFO - DAG(s) dict_keys(['example_short_circuit_operator']) retrieved from /home/airflow/.local/lib/python3.8/site-packages/airflow/example_dags/example_short_circuit_operator.py
[2025-03-06T15:02:42.801+0000] {logging_mixin.py:154} INFO - [2025-03-06T15:02:42.801+0000] {dag.py:2941} INFO - Sync 1 DAGs
[2025-03-06T15:02:42.810+0000] {logging_mixin.py:154} INFO - [2025-03-06T15:02:42.810+0000] {dag.py:3722} INFO - Setting next_dagrun for example_short_circuit_operator to 2025-03-05T15:02:42.810810+00:00, run_after=2025-03-06T15:02:42.810810+00:00
[2025-03-06T15:02:42.817+0000] {processor.py:179} INFO - Processing /home/airflow/.local/lib/python3.8/site-packages/airflow/example_dags/example_short_circuit_operator.py took 0.035 seconds
[2025-03-06T15:03:13.324+0000] {processor.py:157} INFO - Started process (PID=29735) to work on /home/airflow/.local/lib/python3.8/site-packages/airflow/example_dags/example_short_circuit_operator.py
[2025-03-06T15:03:13.324+0000] {processor.py:829} INFO - Processing file /home/airflow/.local/lib/python3.8/site-packages/airflow/example_dags/example_short_circuit_operator.py for tasks to queue
[2025-03-06T15:03:13.324+0000] {logging_mixin.py:154} INFO - [2025-03-06T15:03:13.324+0000] {dagbag.py:536} INFO - Filling up the DagBag from /home/airflow/.local/lib/python3.8/site-packages/airflow/example_dags/example_short_circuit_operator.py
[2025-03-06T15:03:13.329+0000] {processor.py:839} INFO - DAG(s) dict_keys(['example_short_circuit_operator']) retrieved from /home/airflow/.local/lib/python3.8/site-packages/airflow/example_dags/example_short_circuit_operator.py
[2025-03-06T15:03:13.339+0000] {logging_mixin.py:154} INFO - [2025-03-06T15:03:13.339+0000] {dag.py:2941} INFO - Sync 1 DAGs
[2025-03-06T15:03:13.348+0000] {logging_mixin.py:154} INFO - [2025-03-06T15:03:13.348+0000] {dag.py:3722} INFO - Setting next_dagrun for example_short_circuit_operator to 2025-03-05T15:03:13.348143+00:00, run_after=2025-03-06T15:03:13.348143+00:00
[2025-03-06T15:03:13.360+0000] {processor.py:179} INFO - Processing /home/airflow/.local/lib/python3.8/site-packages/airflow/example_dags/example_short_circuit_operator.py took 0.038 seconds
[2025-03-06T15:03:43.816+0000] {processor.py:157} INFO - Started process (PID=29791) to work on /home/airflow/.local/lib/python3.8/site-packages/airflow/example_dags/example_short_circuit_operator.py
[2025-03-06T15:03:43.817+0000] {processor.py:829} INFO - Processing file /home/airflow/.local/lib/python3.8/site-packages/airflow/example_dags/example_short_circuit_operator.py for tasks to queue
[2025-03-06T15:03:43.817+0000] {logging_mixin.py:154} INFO - [2025-03-06T15:03:43.817+0000] {dagbag.py:536} INFO - Filling up the DagBag from /home/airflow/.local/lib/python3.8/site-packages/airflow/example_dags/example_short_circuit_operator.py
[2025-03-06T15:03:43.822+0000] {processor.py:839} INFO - DAG(s) dict_keys(['example_short_circuit_operator']) retrieved from /home/airflow/.local/lib/python3.8/site-packages/airflow/example_dags/example_short_circuit_operator.py
[2025-03-06T15:03:43.832+0000] {logging_mixin.py:154} INFO - [2025-03-06T15:03:43.832+0000] {dag.py:2941} INFO - Sync 1 DAGs
[2025-03-06T15:03:43.842+0000] {logging_mixin.py:154} INFO - [2025-03-06T15:03:43.842+0000] {dag.py:3722} INFO - Setting next_dagrun for example_short_circuit_operator to 2025-03-05T15:03:43.842031+00:00, run_after=2025-03-06T15:03:43.842031+00:00
[2025-03-06T15:03:43.849+0000] {processor.py:179} INFO - Processing /home/airflow/.local/lib/python3.8/site-packages/airflow/example_dags/example_short_circuit_operator.py took 0.034 seconds
[2025-03-06T15:04:14.424+0000] {processor.py:157} INFO - Started process (PID=29847) to work on /home/airflow/.local/lib/python3.8/site-packages/airflow/example_dags/example_short_circuit_operator.py
[2025-03-06T15:04:14.426+0000] {processor.py:829} INFO - Processing file /home/airflow/.local/lib/python3.8/site-packages/airflow/example_dags/example_short_circuit_operator.py for tasks to queue
[2025-03-06T15:04:14.427+0000] {logging_mixin.py:154} INFO - [2025-03-06T15:04:14.427+0000] {dagbag.py:536} INFO - Filling up the DagBag from /home/airflow/.local/lib/python3.8/site-packages/airflow/example_dags/example_short_circuit_operator.py
[2025-03-06T15:04:14.432+0000] {processor.py:839} INFO - DAG(s) dict_keys(['example_short_circuit_operator']) retrieved from /home/airflow/.local/lib/python3.8/site-packages/airflow/example_dags/example_short_circuit_operator.py
[2025-03-06T15:04:14.443+0000] {logging_mixin.py:154} INFO - [2025-03-06T15:04:14.443+0000] {dag.py:2941} INFO - Sync 1 DAGs
[2025-03-06T15:04:14.452+0000] {logging_mixin.py:154} INFO - [2025-03-06T15:04:14.452+0000] {dag.py:3722} INFO - Setting next_dagrun for example_short_circuit_operator to 2025-03-05T15:04:14.452286+00:00, run_after=2025-03-06T15:04:14.452286+00:00
[2025-03-06T15:04:14.459+0000] {processor.py:179} INFO - Processing /home/airflow/.local/lib/python3.8/site-packages/airflow/example_dags/example_short_circuit_operator.py took 0.036 seconds
[2025-03-06T15:04:44.981+0000] {processor.py:157} INFO - Started process (PID=29903) to work on /home/airflow/.local/lib/python3.8/site-packages/airflow/example_dags/example_short_circuit_operator.py
[2025-03-06T15:04:44.984+0000] {processor.py:829} INFO - Processing file /home/airflow/.local/lib/python3.8/site-packages/airflow/example_dags/example_short_circuit_operator.py for tasks to queue
[2025-03-06T15:04:44.985+0000] {logging_mixin.py:154} INFO - [2025-03-06T15:04:44.985+0000] {dagbag.py:536} INFO - Filling up the DagBag from /home/airflow/.local/lib/python3.8/site-packages/airflow/example_dags/example_short_circuit_operator.py
[2025-03-06T15:04:44.990+0000] {processor.py:839} INFO - DAG(s) dict_keys(['example_short_circuit_operator']) retrieved from /home/airflow/.local/lib/python3.8/site-packages/airflow/example_dags/example_short_circuit_operator.py
[2025-03-06T15:04:45.003+0000] {logging_mixin.py:154} INFO - [2025-03-06T15:04:45.003+0000] {dag.py:2941} INFO - Sync 1 DAGs
[2025-03-06T15:04:45.013+0000] {logging_mixin.py:154} INFO - [2025-03-06T15:04:45.013+0000] {dag.py:3722} INFO - Setting next_dagrun for example_short_circuit_operator to 2025-03-05T15:04:45.013148+00:00, run_after=2025-03-06T15:04:45.013148+00:00
[2025-03-06T15:04:45.021+0000] {processor.py:179} INFO - Processing /home/airflow/.local/lib/python3.8/site-packages/airflow/example_dags/example_short_circuit_operator.py took 0.041 seconds
[2025-03-06T15:05:15.612+0000] {processor.py:157} INFO - Started process (PID=29958) to work on /home/airflow/.local/lib/python3.8/site-packages/airflow/example_dags/example_short_circuit_operator.py
[2025-03-06T15:05:15.613+0000] {processor.py:829} INFO - Processing file /home/airflow/.local/lib/python3.8/site-packages/airflow/example_dags/example_short_circuit_operator.py for tasks to queue
[2025-03-06T15:05:15.613+0000] {logging_mixin.py:154} INFO - [2025-03-06T15:05:15.613+0000] {dagbag.py:536} INFO - Filling up the DagBag from /home/airflow/.local/lib/python3.8/site-packages/airflow/example_dags/example_short_circuit_operator.py
[2025-03-06T15:05:15.618+0000] {processor.py:839} INFO - DAG(s) dict_keys(['example_short_circuit_operator']) retrieved from /home/airflow/.local/lib/python3.8/site-packages/airflow/example_dags/example_short_circuit_operator.py
[2025-03-06T15:05:15.630+0000] {logging_mixin.py:154} INFO - [2025-03-06T15:05:15.630+0000] {dag.py:2941} INFO - Sync 1 DAGs
[2025-03-06T15:05:15.639+0000] {logging_mixin.py:154} INFO - [2025-03-06T15:05:15.639+0000] {dag.py:3722} INFO - Setting next_dagrun for example_short_circuit_operator to 2025-03-05T15:05:15.639645+00:00, run_after=2025-03-06T15:05:15.639645+00:00
[2025-03-06T15:05:15.647+0000] {processor.py:179} INFO - Processing /home/airflow/.local/lib/python3.8/site-packages/airflow/example_dags/example_short_circuit_operator.py took 0.037 seconds
[2025-03-06T15:05:46.129+0000] {processor.py:157} INFO - Started process (PID=30014) to work on /home/airflow/.local/lib/python3.8/site-packages/airflow/example_dags/example_short_circuit_operator.py
[2025-03-06T15:05:46.129+0000] {processor.py:829} INFO - Processing file /home/airflow/.local/lib/python3.8/site-packages/airflow/example_dags/example_short_circuit_operator.py for tasks to queue
[2025-03-06T15:05:46.130+0000] {logging_mixin.py:154} INFO - [2025-03-06T15:05:46.130+0000] {dagbag.py:536} INFO - Filling up the DagBag from /home/airflow/.local/lib/python3.8/site-packages/airflow/example_dags/example_short_circuit_operator.py
[2025-03-06T15:05:46.134+0000] {processor.py:839} INFO - DAG(s) dict_keys(['example_short_circuit_operator']) retrieved from /home/airflow/.local/lib/python3.8/site-packages/airflow/example_dags/example_short_circuit_operator.py
[2025-03-06T15:05:46.144+0000] {logging_mixin.py:154} INFO - [2025-03-06T15:05:46.143+0000] {dag.py:2941} INFO - Sync 1 DAGs
[2025-03-06T15:05:46.152+0000] {logging_mixin.py:154} INFO - [2025-03-06T15:05:46.152+0000] {dag.py:3722} INFO - Setting next_dagrun for example_short_circuit_operator to 2025-03-05T15:05:46.152831+00:00, run_after=2025-03-06T15:05:46.152831+00:00
[2025-03-06T15:05:46.162+0000] {processor.py:179} INFO - Processing /home/airflow/.local/lib/python3.8/site-packages/airflow/example_dags/example_short_circuit_operator.py took 0.035 seconds
[2025-03-06T15:06:16.727+0000] {processor.py:157} INFO - Started process (PID=30070) to work on /home/airflow/.local/lib/python3.8/site-packages/airflow/example_dags/example_short_circuit_operator.py
[2025-03-06T15:06:16.727+0000] {processor.py:829} INFO - Processing file /home/airflow/.local/lib/python3.8/site-packages/airflow/example_dags/example_short_circuit_operator.py for tasks to queue
[2025-03-06T15:06:16.728+0000] {logging_mixin.py:154} INFO - [2025-03-06T15:06:16.728+0000] {dagbag.py:536} INFO - Filling up the DagBag from /home/airflow/.local/lib/python3.8/site-packages/airflow/example_dags/example_short_circuit_operator.py
[2025-03-06T15:06:16.732+0000] {processor.py:839} INFO - DAG(s) dict_keys(['example_short_circuit_operator']) retrieved from /home/airflow/.local/lib/python3.8/site-packages/airflow/example_dags/example_short_circuit_operator.py
[2025-03-06T15:06:16.741+0000] {logging_mixin.py:154} INFO - [2025-03-06T15:06:16.741+0000] {dag.py:2941} INFO - Sync 1 DAGs
[2025-03-06T15:06:16.750+0000] {logging_mixin.py:154} INFO - [2025-03-06T15:06:16.750+0000] {dag.py:3722} INFO - Setting next_dagrun for example_short_circuit_operator to 2025-03-05T15:06:16.750438+00:00, run_after=2025-03-06T15:06:16.750438+00:00
[2025-03-06T15:06:16.757+0000] {processor.py:179} INFO - Processing /home/airflow/.local/lib/python3.8/site-packages/airflow/example_dags/example_short_circuit_operator.py took 0.032 seconds
[2025-03-06T15:06:47.349+0000] {processor.py:157} INFO - Started process (PID=30126) to work on /home/airflow/.local/lib/python3.8/site-packages/airflow/example_dags/example_short_circuit_operator.py
[2025-03-06T15:06:47.350+0000] {processor.py:829} INFO - Processing file /home/airflow/.local/lib/python3.8/site-packages/airflow/example_dags/example_short_circuit_operator.py for tasks to queue
[2025-03-06T15:06:47.350+0000] {logging_mixin.py:154} INFO - [2025-03-06T15:06:47.350+0000] {dagbag.py:536} INFO - Filling up the DagBag from /home/airflow/.local/lib/python3.8/site-packages/airflow/example_dags/example_short_circuit_operator.py
[2025-03-06T15:06:47.354+0000] {processor.py:839} INFO - DAG(s) dict_keys(['example_short_circuit_operator']) retrieved from /home/airflow/.local/lib/python3.8/site-packages/airflow/example_dags/example_short_circuit_operator.py
[2025-03-06T15:06:47.364+0000] {logging_mixin.py:154} INFO - [2025-03-06T15:06:47.364+0000] {dag.py:2941} INFO - Sync 1 DAGs
[2025-03-06T15:06:47.373+0000] {logging_mixin.py:154} INFO - [2025-03-06T15:06:47.373+0000] {dag.py:3722} INFO - Setting next_dagrun for example_short_circuit_operator to 2025-03-05T15:06:47.373310+00:00, run_after=2025-03-06T15:06:47.373310+00:00
[2025-03-06T15:06:47.380+0000] {processor.py:179} INFO - Processing /home/airflow/.local/lib/python3.8/site-packages/airflow/example_dags/example_short_circuit_operator.py took 0.032 seconds
[2025-03-06T15:07:17.960+0000] {processor.py:157} INFO - Started process (PID=30181) to work on /home/airflow/.local/lib/python3.8/site-packages/airflow/example_dags/example_short_circuit_operator.py
[2025-03-06T15:07:17.960+0000] {processor.py:829} INFO - Processing file /home/airflow/.local/lib/python3.8/site-packages/airflow/example_dags/example_short_circuit_operator.py for tasks to queue
[2025-03-06T15:07:17.961+0000] {logging_mixin.py:154} INFO - [2025-03-06T15:07:17.961+0000] {dagbag.py:536} INFO - Filling up the DagBag from /home/airflow/.local/lib/python3.8/site-packages/airflow/example_dags/example_short_circuit_operator.py
[2025-03-06T15:07:17.966+0000] {processor.py:839} INFO - DAG(s) dict_keys(['example_short_circuit_operator']) retrieved from /home/airflow/.local/lib/python3.8/site-packages/airflow/example_dags/example_short_circuit_operator.py
[2025-03-06T15:07:17.976+0000] {logging_mixin.py:154} INFO - [2025-03-06T15:07:17.975+0000] {dag.py:2941} INFO - Sync 1 DAGs
[2025-03-06T15:07:17.984+0000] {logging_mixin.py:154} INFO - [2025-03-06T15:07:17.984+0000] {dag.py:3722} INFO - Setting next_dagrun for example_short_circuit_operator to 2025-03-05T15:07:17.984042+00:00, run_after=2025-03-06T15:07:17.984042+00:00
[2025-03-06T15:07:17.992+0000] {processor.py:179} INFO - Processing /home/airflow/.local/lib/python3.8/site-packages/airflow/example_dags/example_short_circuit_operator.py took 0.034 seconds
[2025-03-06T15:07:48.686+0000] {processor.py:157} INFO - Started process (PID=30237) to work on /home/airflow/.local/lib/python3.8/site-packages/airflow/example_dags/example_short_circuit_operator.py
[2025-03-06T15:07:48.687+0000] {processor.py:829} INFO - Processing file /home/airflow/.local/lib/python3.8/site-packages/airflow/example_dags/example_short_circuit_operator.py for tasks to queue
[2025-03-06T15:07:48.689+0000] {logging_mixin.py:154} INFO - [2025-03-06T15:07:48.689+0000] {dagbag.py:536} INFO - Filling up the DagBag from /home/airflow/.local/lib/python3.8/site-packages/airflow/example_dags/example_short_circuit_operator.py
[2025-03-06T15:07:48.693+0000] {processor.py:839} INFO - DAG(s) dict_keys(['example_short_circuit_operator']) retrieved from /home/airflow/.local/lib/python3.8/site-packages/airflow/example_dags/example_short_circuit_operator.py
[2025-03-06T15:07:48.703+0000] {logging_mixin.py:154} INFO - [2025-03-06T15:07:48.702+0000] {dag.py:2941} INFO - Sync 1 DAGs
[2025-03-06T15:07:48.713+0000] {logging_mixin.py:154} INFO - [2025-03-06T15:07:48.713+0000] {dag.py:3722} INFO - Setting next_dagrun for example_short_circuit_operator to 2025-03-05T15:07:48.713132+00:00, run_after=2025-03-06T15:07:48.713132+00:00
[2025-03-06T15:07:48.723+0000] {processor.py:179} INFO - Processing /home/airflow/.local/lib/python3.8/site-packages/airflow/example_dags/example_short_circuit_operator.py took 0.038 seconds
[2025-03-06T15:29:27.875+0000] {processor.py:157} INFO - Started process (PID=30286) to work on /home/airflow/.local/lib/python3.8/site-packages/airflow/example_dags/example_short_circuit_operator.py
[2025-03-06T15:29:27.876+0000] {processor.py:829} INFO - Processing file /home/airflow/.local/lib/python3.8/site-packages/airflow/example_dags/example_short_circuit_operator.py for tasks to queue
[2025-03-06T15:29:27.876+0000] {logging_mixin.py:154} INFO - [2025-03-06T15:29:27.876+0000] {dagbag.py:536} INFO - Filling up the DagBag from /home/airflow/.local/lib/python3.8/site-packages/airflow/example_dags/example_short_circuit_operator.py
[2025-03-06T15:29:27.880+0000] {processor.py:839} INFO - DAG(s) dict_keys(['example_short_circuit_operator']) retrieved from /home/airflow/.local/lib/python3.8/site-packages/airflow/example_dags/example_short_circuit_operator.py
[2025-03-06T15:29:27.892+0000] {logging_mixin.py:154} INFO - [2025-03-06T15:29:27.892+0000] {dag.py:2941} INFO - Sync 1 DAGs
[2025-03-06T15:29:27.903+0000] {logging_mixin.py:154} INFO - [2025-03-06T15:29:27.903+0000] {dag.py:3722} INFO - Setting next_dagrun for example_short_circuit_operator to 2025-03-05T15:29:27.903013+00:00, run_after=2025-03-06T15:29:27.903013+00:00
[2025-03-06T15:29:27.910+0000] {processor.py:179} INFO - Processing /home/airflow/.local/lib/python3.8/site-packages/airflow/example_dags/example_short_circuit_operator.py took 0.037 seconds
[2025-03-06T15:29:58.438+0000] {processor.py:157} INFO - Started process (PID=30342) to work on /home/airflow/.local/lib/python3.8/site-packages/airflow/example_dags/example_short_circuit_operator.py
[2025-03-06T15:29:58.439+0000] {processor.py:829} INFO - Processing file /home/airflow/.local/lib/python3.8/site-packages/airflow/example_dags/example_short_circuit_operator.py for tasks to queue
[2025-03-06T15:29:58.439+0000] {logging_mixin.py:154} INFO - [2025-03-06T15:29:58.439+0000] {dagbag.py:536} INFO - Filling up the DagBag from /home/airflow/.local/lib/python3.8/site-packages/airflow/example_dags/example_short_circuit_operator.py
[2025-03-06T15:29:58.443+0000] {processor.py:839} INFO - DAG(s) dict_keys(['example_short_circuit_operator']) retrieved from /home/airflow/.local/lib/python3.8/site-packages/airflow/example_dags/example_short_circuit_operator.py
[2025-03-06T15:29:58.452+0000] {logging_mixin.py:154} INFO - [2025-03-06T15:29:58.452+0000] {dag.py:2941} INFO - Sync 1 DAGs
[2025-03-06T15:29:58.460+0000] {logging_mixin.py:154} INFO - [2025-03-06T15:29:58.460+0000] {dag.py:3722} INFO - Setting next_dagrun for example_short_circuit_operator to 2025-03-05T15:29:58.460263+00:00, run_after=2025-03-06T15:29:58.460263+00:00
[2025-03-06T15:29:58.466+0000] {processor.py:179} INFO - Processing /home/airflow/.local/lib/python3.8/site-packages/airflow/example_dags/example_short_circuit_operator.py took 0.029 seconds
[2025-03-06T15:30:29.054+0000] {processor.py:157} INFO - Started process (PID=30398) to work on /home/airflow/.local/lib/python3.8/site-packages/airflow/example_dags/example_short_circuit_operator.py
[2025-03-06T15:30:29.055+0000] {processor.py:829} INFO - Processing file /home/airflow/.local/lib/python3.8/site-packages/airflow/example_dags/example_short_circuit_operator.py for tasks to queue
[2025-03-06T15:30:29.055+0000] {logging_mixin.py:154} INFO - [2025-03-06T15:30:29.055+0000] {dagbag.py:536} INFO - Filling up the DagBag from /home/airflow/.local/lib/python3.8/site-packages/airflow/example_dags/example_short_circuit_operator.py
[2025-03-06T15:30:29.059+0000] {processor.py:839} INFO - DAG(s) dict_keys(['example_short_circuit_operator']) retrieved from /home/airflow/.local/lib/python3.8/site-packages/airflow/example_dags/example_short_circuit_operator.py
[2025-03-06T15:30:29.072+0000] {logging_mixin.py:154} INFO - [2025-03-06T15:30:29.071+0000] {dag.py:2941} INFO - Sync 1 DAGs
[2025-03-06T15:30:29.083+0000] {logging_mixin.py:154} INFO - [2025-03-06T15:30:29.083+0000] {dag.py:3722} INFO - Setting next_dagrun for example_short_circuit_operator to 2025-03-05T15:30:29.083064+00:00, run_after=2025-03-06T15:30:29.083064+00:00
[2025-03-06T15:30:29.092+0000] {processor.py:179} INFO - Processing /home/airflow/.local/lib/python3.8/site-packages/airflow/example_dags/example_short_circuit_operator.py took 0.039 seconds
[2025-03-06T15:30:59.571+0000] {processor.py:157} INFO - Started process (PID=30454) to work on /home/airflow/.local/lib/python3.8/site-packages/airflow/example_dags/example_short_circuit_operator.py
[2025-03-06T15:30:59.573+0000] {processor.py:829} INFO - Processing file /home/airflow/.local/lib/python3.8/site-packages/airflow/example_dags/example_short_circuit_operator.py for tasks to queue
[2025-03-06T15:30:59.573+0000] {logging_mixin.py:154} INFO - [2025-03-06T15:30:59.573+0000] {dagbag.py:536} INFO - Filling up the DagBag from /home/airflow/.local/lib/python3.8/site-packages/airflow/example_dags/example_short_circuit_operator.py
[2025-03-06T15:30:59.578+0000] {processor.py:839} INFO - DAG(s) dict_keys(['example_short_circuit_operator']) retrieved from /home/airflow/.local/lib/python3.8/site-packages/airflow/example_dags/example_short_circuit_operator.py
[2025-03-06T15:30:59.591+0000] {logging_mixin.py:154} INFO - [2025-03-06T15:30:59.591+0000] {dag.py:2941} INFO - Sync 1 DAGs
[2025-03-06T15:30:59.601+0000] {logging_mixin.py:154} INFO - [2025-03-06T15:30:59.601+0000] {dag.py:3722} INFO - Setting next_dagrun for example_short_circuit_operator to 2025-03-05T15:30:59.601229+00:00, run_after=2025-03-06T15:30:59.601229+00:00
[2025-03-06T15:30:59.610+0000] {processor.py:179} INFO - Processing /home/airflow/.local/lib/python3.8/site-packages/airflow/example_dags/example_short_circuit_operator.py took 0.040 seconds
[2025-03-06T15:31:30.145+0000] {processor.py:157} INFO - Started process (PID=30510) to work on /home/airflow/.local/lib/python3.8/site-packages/airflow/example_dags/example_short_circuit_operator.py
[2025-03-06T15:31:30.148+0000] {processor.py:829} INFO - Processing file /home/airflow/.local/lib/python3.8/site-packages/airflow/example_dags/example_short_circuit_operator.py for tasks to queue
[2025-03-06T15:31:30.149+0000] {logging_mixin.py:154} INFO - [2025-03-06T15:31:30.148+0000] {dagbag.py:536} INFO - Filling up the DagBag from /home/airflow/.local/lib/python3.8/site-packages/airflow/example_dags/example_short_circuit_operator.py
[2025-03-06T15:31:30.153+0000] {processor.py:839} INFO - DAG(s) dict_keys(['example_short_circuit_operator']) retrieved from /home/airflow/.local/lib/python3.8/site-packages/airflow/example_dags/example_short_circuit_operator.py
[2025-03-06T15:31:30.163+0000] {logging_mixin.py:154} INFO - [2025-03-06T15:31:30.163+0000] {dag.py:2941} INFO - Sync 1 DAGs
[2025-03-06T15:31:30.171+0000] {logging_mixin.py:154} INFO - [2025-03-06T15:31:30.171+0000] {dag.py:3722} INFO - Setting next_dagrun for example_short_circuit_operator to 2025-03-05T15:31:30.171660+00:00, run_after=2025-03-06T15:31:30.171660+00:00
[2025-03-06T15:31:30.181+0000] {processor.py:179} INFO - Processing /home/airflow/.local/lib/python3.8/site-packages/airflow/example_dags/example_short_circuit_operator.py took 0.037 seconds
[2025-03-06T15:32:00.781+0000] {processor.py:157} INFO - Started process (PID=30566) to work on /home/airflow/.local/lib/python3.8/site-packages/airflow/example_dags/example_short_circuit_operator.py
[2025-03-06T15:32:00.781+0000] {processor.py:829} INFO - Processing file /home/airflow/.local/lib/python3.8/site-packages/airflow/example_dags/example_short_circuit_operator.py for tasks to queue
[2025-03-06T15:32:00.782+0000] {logging_mixin.py:154} INFO - [2025-03-06T15:32:00.782+0000] {dagbag.py:536} INFO - Filling up the DagBag from /home/airflow/.local/lib/python3.8/site-packages/airflow/example_dags/example_short_circuit_operator.py
[2025-03-06T15:32:00.788+0000] {processor.py:839} INFO - DAG(s) dict_keys(['example_short_circuit_operator']) retrieved from /home/airflow/.local/lib/python3.8/site-packages/airflow/example_dags/example_short_circuit_operator.py
[2025-03-06T15:32:00.799+0000] {logging_mixin.py:154} INFO - [2025-03-06T15:32:00.799+0000] {dag.py:2941} INFO - Sync 1 DAGs
[2025-03-06T15:32:00.807+0000] {logging_mixin.py:154} INFO - [2025-03-06T15:32:00.807+0000] {dag.py:3722} INFO - Setting next_dagrun for example_short_circuit_operator to 2025-03-05T15:32:00.807592+00:00, run_after=2025-03-06T15:32:00.807592+00:00
[2025-03-06T15:32:00.814+0000] {processor.py:179} INFO - Processing /home/airflow/.local/lib/python3.8/site-packages/airflow/example_dags/example_short_circuit_operator.py took 0.035 seconds
[2025-03-06T15:32:31.427+0000] {processor.py:157} INFO - Started process (PID=30622) to work on /home/airflow/.local/lib/python3.8/site-packages/airflow/example_dags/example_short_circuit_operator.py
[2025-03-06T15:32:31.428+0000] {processor.py:829} INFO - Processing file /home/airflow/.local/lib/python3.8/site-packages/airflow/example_dags/example_short_circuit_operator.py for tasks to queue
[2025-03-06T15:32:31.429+0000] {logging_mixin.py:154} INFO - [2025-03-06T15:32:31.429+0000] {dagbag.py:536} INFO - Filling up the DagBag from /home/airflow/.local/lib/python3.8/site-packages/airflow/example_dags/example_short_circuit_operator.py
[2025-03-06T15:32:31.434+0000] {processor.py:839} INFO - DAG(s) dict_keys(['example_short_circuit_operator']) retrieved from /home/airflow/.local/lib/python3.8/site-packages/airflow/example_dags/example_short_circuit_operator.py
[2025-03-06T15:32:31.449+0000] {logging_mixin.py:154} INFO - [2025-03-06T15:32:31.448+0000] {dag.py:2941} INFO - Sync 1 DAGs
[2025-03-06T15:32:31.457+0000] {logging_mixin.py:154} INFO - [2025-03-06T15:32:31.457+0000] {dag.py:3722} INFO - Setting next_dagrun for example_short_circuit_operator to 2025-03-05T15:32:31.457563+00:00, run_after=2025-03-06T15:32:31.457563+00:00
[2025-03-06T15:32:31.464+0000] {processor.py:179} INFO - Processing /home/airflow/.local/lib/python3.8/site-packages/airflow/example_dags/example_short_circuit_operator.py took 0.038 seconds
[2025-03-06T15:33:02.143+0000] {processor.py:157} INFO - Started process (PID=30678) to work on /home/airflow/.local/lib/python3.8/site-packages/airflow/example_dags/example_short_circuit_operator.py
[2025-03-06T15:33:02.144+0000] {processor.py:829} INFO - Processing file /home/airflow/.local/lib/python3.8/site-packages/airflow/example_dags/example_short_circuit_operator.py for tasks to queue
[2025-03-06T15:33:02.144+0000] {logging_mixin.py:154} INFO - [2025-03-06T15:33:02.144+0000] {dagbag.py:536} INFO - Filling up the DagBag from /home/airflow/.local/lib/python3.8/site-packages/airflow/example_dags/example_short_circuit_operator.py
[2025-03-06T15:33:02.149+0000] {processor.py:839} INFO - DAG(s) dict_keys(['example_short_circuit_operator']) retrieved from /home/airflow/.local/lib/python3.8/site-packages/airflow/example_dags/example_short_circuit_operator.py
[2025-03-06T15:33:02.158+0000] {logging_mixin.py:154} INFO - [2025-03-06T15:33:02.158+0000] {dag.py:2941} INFO - Sync 1 DAGs
[2025-03-06T15:33:02.169+0000] {logging_mixin.py:154} INFO - [2025-03-06T15:33:02.168+0000] {dag.py:3722} INFO - Setting next_dagrun for example_short_circuit_operator to 2025-03-05T15:33:02.168826+00:00, run_after=2025-03-06T15:33:02.168826+00:00
[2025-03-06T15:33:02.180+0000] {processor.py:179} INFO - Processing /home/airflow/.local/lib/python3.8/site-packages/airflow/example_dags/example_short_circuit_operator.py took 0.038 seconds
[2025-03-06T15:33:32.762+0000] {processor.py:157} INFO - Started process (PID=30734) to work on /home/airflow/.local/lib/python3.8/site-packages/airflow/example_dags/example_short_circuit_operator.py
[2025-03-06T15:33:32.763+0000] {processor.py:829} INFO - Processing file /home/airflow/.local/lib/python3.8/site-packages/airflow/example_dags/example_short_circuit_operator.py for tasks to queue
[2025-03-06T15:33:32.763+0000] {logging_mixin.py:154} INFO - [2025-03-06T15:33:32.763+0000] {dagbag.py:536} INFO - Filling up the DagBag from /home/airflow/.local/lib/python3.8/site-packages/airflow/example_dags/example_short_circuit_operator.py
[2025-03-06T15:33:32.769+0000] {processor.py:839} INFO - DAG(s) dict_keys(['example_short_circuit_operator']) retrieved from /home/airflow/.local/lib/python3.8/site-packages/airflow/example_dags/example_short_circuit_operator.py
[2025-03-06T15:33:32.782+0000] {logging_mixin.py:154} INFO - [2025-03-06T15:33:32.782+0000] {dag.py:2941} INFO - Sync 1 DAGs
[2025-03-06T15:33:32.793+0000] {logging_mixin.py:154} INFO - [2025-03-06T15:33:32.793+0000] {dag.py:3722} INFO - Setting next_dagrun for example_short_circuit_operator to 2025-03-05T15:33:32.793356+00:00, run_after=2025-03-06T15:33:32.793356+00:00
[2025-03-06T15:33:32.802+0000] {processor.py:179} INFO - Processing /home/airflow/.local/lib/python3.8/site-packages/airflow/example_dags/example_short_circuit_operator.py took 0.042 seconds
[2025-03-06T15:34:03.416+0000] {processor.py:157} INFO - Started process (PID=30790) to work on /home/airflow/.local/lib/python3.8/site-packages/airflow/example_dags/example_short_circuit_operator.py
[2025-03-06T15:34:03.417+0000] {processor.py:829} INFO - Processing file /home/airflow/.local/lib/python3.8/site-packages/airflow/example_dags/example_short_circuit_operator.py for tasks to queue
[2025-03-06T15:34:03.417+0000] {logging_mixin.py:154} INFO - [2025-03-06T15:34:03.417+0000] {dagbag.py:536} INFO - Filling up the DagBag from /home/airflow/.local/lib/python3.8/site-packages/airflow/example_dags/example_short_circuit_operator.py
[2025-03-06T15:34:03.422+0000] {processor.py:839} INFO - DAG(s) dict_keys(['example_short_circuit_operator']) retrieved from /home/airflow/.local/lib/python3.8/site-packages/airflow/example_dags/example_short_circuit_operator.py
[2025-03-06T15:34:03.434+0000] {logging_mixin.py:154} INFO - [2025-03-06T15:34:03.433+0000] {dag.py:2941} INFO - Sync 1 DAGs
[2025-03-06T15:34:03.445+0000] {logging_mixin.py:154} INFO - [2025-03-06T15:34:03.445+0000] {dag.py:3722} INFO - Setting next_dagrun for example_short_circuit_operator to 2025-03-05T15:34:03.445402+00:00, run_after=2025-03-06T15:34:03.445402+00:00
[2025-03-06T15:34:03.459+0000] {processor.py:179} INFO - Processing /home/airflow/.local/lib/python3.8/site-packages/airflow/example_dags/example_short_circuit_operator.py took 0.045 seconds
[2025-03-06T15:34:34.115+0000] {processor.py:157} INFO - Started process (PID=30846) to work on /home/airflow/.local/lib/python3.8/site-packages/airflow/example_dags/example_short_circuit_operator.py
[2025-03-06T15:34:34.117+0000] {processor.py:829} INFO - Processing file /home/airflow/.local/lib/python3.8/site-packages/airflow/example_dags/example_short_circuit_operator.py for tasks to queue
[2025-03-06T15:34:34.118+0000] {logging_mixin.py:154} INFO - [2025-03-06T15:34:34.117+0000] {dagbag.py:536} INFO - Filling up the DagBag from /home/airflow/.local/lib/python3.8/site-packages/airflow/example_dags/example_short_circuit_operator.py
[2025-03-06T15:34:34.122+0000] {processor.py:839} INFO - DAG(s) dict_keys(['example_short_circuit_operator']) retrieved from /home/airflow/.local/lib/python3.8/site-packages/airflow/example_dags/example_short_circuit_operator.py
[2025-03-06T15:34:34.132+0000] {logging_mixin.py:154} INFO - [2025-03-06T15:34:34.131+0000] {dag.py:2941} INFO - Sync 1 DAGs
[2025-03-06T15:34:34.141+0000] {logging_mixin.py:154} INFO - [2025-03-06T15:34:34.141+0000] {dag.py:3722} INFO - Setting next_dagrun for example_short_circuit_operator to 2025-03-05T15:34:34.141370+00:00, run_after=2025-03-06T15:34:34.141370+00:00
[2025-03-06T15:34:34.151+0000] {processor.py:179} INFO - Processing /home/airflow/.local/lib/python3.8/site-packages/airflow/example_dags/example_short_circuit_operator.py took 0.037 seconds
[2025-03-06T15:35:04.768+0000] {processor.py:157} INFO - Started process (PID=30902) to work on /home/airflow/.local/lib/python3.8/site-packages/airflow/example_dags/example_short_circuit_operator.py
[2025-03-06T15:35:04.769+0000] {processor.py:829} INFO - Processing file /home/airflow/.local/lib/python3.8/site-packages/airflow/example_dags/example_short_circuit_operator.py for tasks to queue
[2025-03-06T15:35:04.770+0000] {logging_mixin.py:154} INFO - [2025-03-06T15:35:04.770+0000] {dagbag.py:536} INFO - Filling up the DagBag from /home/airflow/.local/lib/python3.8/site-packages/airflow/example_dags/example_short_circuit_operator.py
[2025-03-06T15:35:04.774+0000] {processor.py:839} INFO - DAG(s) dict_keys(['example_short_circuit_operator']) retrieved from /home/airflow/.local/lib/python3.8/site-packages/airflow/example_dags/example_short_circuit_operator.py
[2025-03-06T15:35:04.785+0000] {logging_mixin.py:154} INFO - [2025-03-06T15:35:04.784+0000] {dag.py:2941} INFO - Sync 1 DAGs
[2025-03-06T15:35:04.793+0000] {logging_mixin.py:154} INFO - [2025-03-06T15:35:04.793+0000] {dag.py:3722} INFO - Setting next_dagrun for example_short_circuit_operator to 2025-03-05T15:35:04.793655+00:00, run_after=2025-03-06T15:35:04.793655+00:00
[2025-03-06T15:35:04.809+0000] {processor.py:179} INFO - Processing /home/airflow/.local/lib/python3.8/site-packages/airflow/example_dags/example_short_circuit_operator.py took 0.042 seconds
[2025-03-06T15:35:35.408+0000] {processor.py:157} INFO - Started process (PID=30965) to work on /home/airflow/.local/lib/python3.8/site-packages/airflow/example_dags/example_short_circuit_operator.py
[2025-03-06T15:35:35.409+0000] {processor.py:829} INFO - Processing file /home/airflow/.local/lib/python3.8/site-packages/airflow/example_dags/example_short_circuit_operator.py for tasks to queue
[2025-03-06T15:35:35.410+0000] {logging_mixin.py:154} INFO - [2025-03-06T15:35:35.410+0000] {dagbag.py:536} INFO - Filling up the DagBag from /home/airflow/.local/lib/python3.8/site-packages/airflow/example_dags/example_short_circuit_operator.py
[2025-03-06T15:35:35.414+0000] {processor.py:839} INFO - DAG(s) dict_keys(['example_short_circuit_operator']) retrieved from /home/airflow/.local/lib/python3.8/site-packages/airflow/example_dags/example_short_circuit_operator.py
[2025-03-06T15:35:35.424+0000] {logging_mixin.py:154} INFO - [2025-03-06T15:35:35.424+0000] {dag.py:2941} INFO - Sync 1 DAGs
[2025-03-06T15:35:35.435+0000] {logging_mixin.py:154} INFO - [2025-03-06T15:35:35.435+0000] {dag.py:3722} INFO - Setting next_dagrun for example_short_circuit_operator to 2025-03-05T15:35:35.435261+00:00, run_after=2025-03-06T15:35:35.435261+00:00
[2025-03-06T15:35:35.446+0000] {processor.py:179} INFO - Processing /home/airflow/.local/lib/python3.8/site-packages/airflow/example_dags/example_short_circuit_operator.py took 0.039 seconds
[2025-03-06T15:36:06.024+0000] {processor.py:157} INFO - Started process (PID=31021) to work on /home/airflow/.local/lib/python3.8/site-packages/airflow/example_dags/example_short_circuit_operator.py
[2025-03-06T15:36:06.027+0000] {processor.py:829} INFO - Processing file /home/airflow/.local/lib/python3.8/site-packages/airflow/example_dags/example_short_circuit_operator.py for tasks to queue
[2025-03-06T15:36:06.027+0000] {logging_mixin.py:154} INFO - [2025-03-06T15:36:06.027+0000] {dagbag.py:536} INFO - Filling up the DagBag from /home/airflow/.local/lib/python3.8/site-packages/airflow/example_dags/example_short_circuit_operator.py
[2025-03-06T15:36:06.031+0000] {processor.py:839} INFO - DAG(s) dict_keys(['example_short_circuit_operator']) retrieved from /home/airflow/.local/lib/python3.8/site-packages/airflow/example_dags/example_short_circuit_operator.py
[2025-03-06T15:36:06.043+0000] {logging_mixin.py:154} INFO - [2025-03-06T15:36:06.042+0000] {dag.py:2941} INFO - Sync 1 DAGs
[2025-03-06T15:36:06.054+0000] {logging_mixin.py:154} INFO - [2025-03-06T15:36:06.053+0000] {dag.py:3722} INFO - Setting next_dagrun for example_short_circuit_operator to 2025-03-05T15:36:06.053889+00:00, run_after=2025-03-06T15:36:06.053889+00:00
[2025-03-06T15:36:06.064+0000] {processor.py:179} INFO - Processing /home/airflow/.local/lib/python3.8/site-packages/airflow/example_dags/example_short_circuit_operator.py took 0.041 seconds
[2025-03-06T15:36:36.641+0000] {processor.py:157} INFO - Started process (PID=31077) to work on /home/airflow/.local/lib/python3.8/site-packages/airflow/example_dags/example_short_circuit_operator.py
[2025-03-06T15:36:36.642+0000] {processor.py:829} INFO - Processing file /home/airflow/.local/lib/python3.8/site-packages/airflow/example_dags/example_short_circuit_operator.py for tasks to queue
[2025-03-06T15:36:36.642+0000] {logging_mixin.py:154} INFO - [2025-03-06T15:36:36.642+0000] {dagbag.py:536} INFO - Filling up the DagBag from /home/airflow/.local/lib/python3.8/site-packages/airflow/example_dags/example_short_circuit_operator.py
[2025-03-06T15:36:36.646+0000] {processor.py:839} INFO - DAG(s) dict_keys(['example_short_circuit_operator']) retrieved from /home/airflow/.local/lib/python3.8/site-packages/airflow/example_dags/example_short_circuit_operator.py
[2025-03-06T15:36:36.656+0000] {logging_mixin.py:154} INFO - [2025-03-06T15:36:36.656+0000] {dag.py:2941} INFO - Sync 1 DAGs
[2025-03-06T15:36:36.666+0000] {logging_mixin.py:154} INFO - [2025-03-06T15:36:36.665+0000] {dag.py:3722} INFO - Setting next_dagrun for example_short_circuit_operator to 2025-03-05T15:36:36.665836+00:00, run_after=2025-03-06T15:36:36.665836+00:00
[2025-03-06T15:36:36.675+0000] {processor.py:179} INFO - Processing /home/airflow/.local/lib/python3.8/site-packages/airflow/example_dags/example_short_circuit_operator.py took 0.036 seconds
[2025-03-06T15:37:07.239+0000] {processor.py:157} INFO - Started process (PID=31133) to work on /home/airflow/.local/lib/python3.8/site-packages/airflow/example_dags/example_short_circuit_operator.py
[2025-03-06T15:37:07.240+0000] {processor.py:829} INFO - Processing file /home/airflow/.local/lib/python3.8/site-packages/airflow/example_dags/example_short_circuit_operator.py for tasks to queue
[2025-03-06T15:37:07.241+0000] {logging_mixin.py:154} INFO - [2025-03-06T15:37:07.241+0000] {dagbag.py:536} INFO - Filling up the DagBag from /home/airflow/.local/lib/python3.8/site-packages/airflow/example_dags/example_short_circuit_operator.py
[2025-03-06T15:37:07.245+0000] {processor.py:839} INFO - DAG(s) dict_keys(['example_short_circuit_operator']) retrieved from /home/airflow/.local/lib/python3.8/site-packages/airflow/example_dags/example_short_circuit_operator.py
[2025-03-06T15:37:07.255+0000] {logging_mixin.py:154} INFO - [2025-03-06T15:37:07.255+0000] {dag.py:2941} INFO - Sync 1 DAGs
[2025-03-06T15:37:07.266+0000] {logging_mixin.py:154} INFO - [2025-03-06T15:37:07.266+0000] {dag.py:3722} INFO - Setting next_dagrun for example_short_circuit_operator to 2025-03-05T15:37:07.265942+00:00, run_after=2025-03-06T15:37:07.265942+00:00
[2025-03-06T15:37:07.272+0000] {processor.py:179} INFO - Processing /home/airflow/.local/lib/python3.8/site-packages/airflow/example_dags/example_short_circuit_operator.py took 0.035 seconds
[2025-03-06T15:37:37.919+0000] {processor.py:157} INFO - Started process (PID=31189) to work on /home/airflow/.local/lib/python3.8/site-packages/airflow/example_dags/example_short_circuit_operator.py
[2025-03-06T15:37:37.919+0000] {processor.py:829} INFO - Processing file /home/airflow/.local/lib/python3.8/site-packages/airflow/example_dags/example_short_circuit_operator.py for tasks to queue
[2025-03-06T15:37:37.919+0000] {logging_mixin.py:154} INFO - [2025-03-06T15:37:37.919+0000] {dagbag.py:536} INFO - Filling up the DagBag from /home/airflow/.local/lib/python3.8/site-packages/airflow/example_dags/example_short_circuit_operator.py
[2025-03-06T15:37:37.923+0000] {processor.py:839} INFO - DAG(s) dict_keys(['example_short_circuit_operator']) retrieved from /home/airflow/.local/lib/python3.8/site-packages/airflow/example_dags/example_short_circuit_operator.py
[2025-03-06T15:37:37.934+0000] {logging_mixin.py:154} INFO - [2025-03-06T15:37:37.934+0000] {dag.py:2941} INFO - Sync 1 DAGs
[2025-03-06T15:37:37.944+0000] {logging_mixin.py:154} INFO - [2025-03-06T15:37:37.943+0000] {dag.py:3722} INFO - Setting next_dagrun for example_short_circuit_operator to 2025-03-05T15:37:37.943814+00:00, run_after=2025-03-06T15:37:37.943814+00:00
[2025-03-06T15:37:37.951+0000] {processor.py:179} INFO - Processing /home/airflow/.local/lib/python3.8/site-packages/airflow/example_dags/example_short_circuit_operator.py took 0.034 seconds
[2025-03-06T15:38:08.496+0000] {processor.py:157} INFO - Started process (PID=31245) to work on /home/airflow/.local/lib/python3.8/site-packages/airflow/example_dags/example_short_circuit_operator.py
[2025-03-06T15:38:08.496+0000] {processor.py:829} INFO - Processing file /home/airflow/.local/lib/python3.8/site-packages/airflow/example_dags/example_short_circuit_operator.py for tasks to queue
[2025-03-06T15:38:08.497+0000] {logging_mixin.py:154} INFO - [2025-03-06T15:38:08.496+0000] {dagbag.py:536} INFO - Filling up the DagBag from /home/airflow/.local/lib/python3.8/site-packages/airflow/example_dags/example_short_circuit_operator.py
[2025-03-06T15:38:08.502+0000] {processor.py:839} INFO - DAG(s) dict_keys(['example_short_circuit_operator']) retrieved from /home/airflow/.local/lib/python3.8/site-packages/airflow/example_dags/example_short_circuit_operator.py
[2025-03-06T15:38:08.514+0000] {logging_mixin.py:154} INFO - [2025-03-06T15:38:08.514+0000] {dag.py:2941} INFO - Sync 1 DAGs
[2025-03-06T15:38:08.525+0000] {logging_mixin.py:154} INFO - [2025-03-06T15:38:08.525+0000] {dag.py:3722} INFO - Setting next_dagrun for example_short_circuit_operator to 2025-03-05T15:38:08.524966+00:00, run_after=2025-03-06T15:38:08.524966+00:00
[2025-03-06T15:38:08.536+0000] {processor.py:179} INFO - Processing /home/airflow/.local/lib/python3.8/site-packages/airflow/example_dags/example_short_circuit_operator.py took 0.042 seconds
[2025-03-06T15:38:39.112+0000] {processor.py:157} INFO - Started process (PID=31301) to work on /home/airflow/.local/lib/python3.8/site-packages/airflow/example_dags/example_short_circuit_operator.py
[2025-03-06T15:38:39.113+0000] {processor.py:829} INFO - Processing file /home/airflow/.local/lib/python3.8/site-packages/airflow/example_dags/example_short_circuit_operator.py for tasks to queue
[2025-03-06T15:38:39.115+0000] {logging_mixin.py:154} INFO - [2025-03-06T15:38:39.115+0000] {dagbag.py:536} INFO - Filling up the DagBag from /home/airflow/.local/lib/python3.8/site-packages/airflow/example_dags/example_short_circuit_operator.py
[2025-03-06T15:38:39.119+0000] {processor.py:839} INFO - DAG(s) dict_keys(['example_short_circuit_operator']) retrieved from /home/airflow/.local/lib/python3.8/site-packages/airflow/example_dags/example_short_circuit_operator.py
[2025-03-06T15:38:39.129+0000] {logging_mixin.py:154} INFO - [2025-03-06T15:38:39.129+0000] {dag.py:2941} INFO - Sync 1 DAGs
[2025-03-06T15:38:39.138+0000] {logging_mixin.py:154} INFO - [2025-03-06T15:38:39.138+0000] {dag.py:3722} INFO - Setting next_dagrun for example_short_circuit_operator to 2025-03-05T15:38:39.138327+00:00, run_after=2025-03-06T15:38:39.138327+00:00
[2025-03-06T15:38:39.151+0000] {processor.py:179} INFO - Processing /home/airflow/.local/lib/python3.8/site-packages/airflow/example_dags/example_short_circuit_operator.py took 0.042 seconds
[2025-03-06T15:39:09.708+0000] {processor.py:157} INFO - Started process (PID=31357) to work on /home/airflow/.local/lib/python3.8/site-packages/airflow/example_dags/example_short_circuit_operator.py
[2025-03-06T15:39:09.709+0000] {processor.py:829} INFO - Processing file /home/airflow/.local/lib/python3.8/site-packages/airflow/example_dags/example_short_circuit_operator.py for tasks to queue
[2025-03-06T15:39:09.709+0000] {logging_mixin.py:154} INFO - [2025-03-06T15:39:09.709+0000] {dagbag.py:536} INFO - Filling up the DagBag from /home/airflow/.local/lib/python3.8/site-packages/airflow/example_dags/example_short_circuit_operator.py
[2025-03-06T15:39:09.714+0000] {processor.py:839} INFO - DAG(s) dict_keys(['example_short_circuit_operator']) retrieved from /home/airflow/.local/lib/python3.8/site-packages/airflow/example_dags/example_short_circuit_operator.py
[2025-03-06T15:39:09.725+0000] {logging_mixin.py:154} INFO - [2025-03-06T15:39:09.725+0000] {dag.py:2941} INFO - Sync 1 DAGs
[2025-03-06T15:39:09.736+0000] {logging_mixin.py:154} INFO - [2025-03-06T15:39:09.735+0000] {dag.py:3722} INFO - Setting next_dagrun for example_short_circuit_operator to 2025-03-05T15:39:09.735840+00:00, run_after=2025-03-06T15:39:09.735840+00:00
[2025-03-06T15:39:09.746+0000] {processor.py:179} INFO - Processing /home/airflow/.local/lib/python3.8/site-packages/airflow/example_dags/example_short_circuit_operator.py took 0.040 seconds
[2025-03-06T15:39:40.400+0000] {processor.py:157} INFO - Started process (PID=31413) to work on /home/airflow/.local/lib/python3.8/site-packages/airflow/example_dags/example_short_circuit_operator.py
[2025-03-06T15:39:40.401+0000] {processor.py:829} INFO - Processing file /home/airflow/.local/lib/python3.8/site-packages/airflow/example_dags/example_short_circuit_operator.py for tasks to queue
[2025-03-06T15:39:40.402+0000] {logging_mixin.py:154} INFO - [2025-03-06T15:39:40.402+0000] {dagbag.py:536} INFO - Filling up the DagBag from /home/airflow/.local/lib/python3.8/site-packages/airflow/example_dags/example_short_circuit_operator.py
[2025-03-06T15:39:40.407+0000] {processor.py:839} INFO - DAG(s) dict_keys(['example_short_circuit_operator']) retrieved from /home/airflow/.local/lib/python3.8/site-packages/airflow/example_dags/example_short_circuit_operator.py
[2025-03-06T15:39:40.417+0000] {logging_mixin.py:154} INFO - [2025-03-06T15:39:40.417+0000] {dag.py:2941} INFO - Sync 1 DAGs
[2025-03-06T15:39:40.426+0000] {logging_mixin.py:154} INFO - [2025-03-06T15:39:40.426+0000] {dag.py:3722} INFO - Setting next_dagrun for example_short_circuit_operator to 2025-03-05T15:39:40.426338+00:00, run_after=2025-03-06T15:39:40.426338+00:00
[2025-03-06T15:39:40.434+0000] {processor.py:179} INFO - Processing /home/airflow/.local/lib/python3.8/site-packages/airflow/example_dags/example_short_circuit_operator.py took 0.036 seconds
[2025-03-06T15:40:11.049+0000] {processor.py:157} INFO - Started process (PID=31469) to work on /home/airflow/.local/lib/python3.8/site-packages/airflow/example_dags/example_short_circuit_operator.py
[2025-03-06T15:40:11.052+0000] {processor.py:829} INFO - Processing file /home/airflow/.local/lib/python3.8/site-packages/airflow/example_dags/example_short_circuit_operator.py for tasks to queue
[2025-03-06T15:40:11.054+0000] {logging_mixin.py:154} INFO - [2025-03-06T15:40:11.054+0000] {dagbag.py:536} INFO - Filling up the DagBag from /home/airflow/.local/lib/python3.8/site-packages/airflow/example_dags/example_short_circuit_operator.py
[2025-03-06T15:40:11.059+0000] {processor.py:839} INFO - DAG(s) dict_keys(['example_short_circuit_operator']) retrieved from /home/airflow/.local/lib/python3.8/site-packages/airflow/example_dags/example_short_circuit_operator.py
[2025-03-06T15:40:11.070+0000] {logging_mixin.py:154} INFO - [2025-03-06T15:40:11.070+0000] {dag.py:2941} INFO - Sync 1 DAGs
[2025-03-06T15:40:11.079+0000] {logging_mixin.py:154} INFO - [2025-03-06T15:40:11.079+0000] {dag.py:3722} INFO - Setting next_dagrun for example_short_circuit_operator to 2025-03-05T15:40:11.079724+00:00, run_after=2025-03-06T15:40:11.079724+00:00
[2025-03-06T15:40:11.087+0000] {processor.py:179} INFO - Processing /home/airflow/.local/lib/python3.8/site-packages/airflow/example_dags/example_short_circuit_operator.py took 0.040 seconds
[2025-03-06T15:40:41.548+0000] {processor.py:157} INFO - Started process (PID=31525) to work on /home/airflow/.local/lib/python3.8/site-packages/airflow/example_dags/example_short_circuit_operator.py
[2025-03-06T15:40:41.550+0000] {processor.py:829} INFO - Processing file /home/airflow/.local/lib/python3.8/site-packages/airflow/example_dags/example_short_circuit_operator.py for tasks to queue
[2025-03-06T15:40:41.551+0000] {logging_mixin.py:154} INFO - [2025-03-06T15:40:41.551+0000] {dagbag.py:536} INFO - Filling up the DagBag from /home/airflow/.local/lib/python3.8/site-packages/airflow/example_dags/example_short_circuit_operator.py
[2025-03-06T15:40:41.555+0000] {processor.py:839} INFO - DAG(s) dict_keys(['example_short_circuit_operator']) retrieved from /home/airflow/.local/lib/python3.8/site-packages/airflow/example_dags/example_short_circuit_operator.py
[2025-03-06T15:40:41.565+0000] {logging_mixin.py:154} INFO - [2025-03-06T15:40:41.565+0000] {dag.py:2941} INFO - Sync 1 DAGs
[2025-03-06T15:40:41.574+0000] {logging_mixin.py:154} INFO - [2025-03-06T15:40:41.574+0000] {dag.py:3722} INFO - Setting next_dagrun for example_short_circuit_operator to 2025-03-05T15:40:41.574475+00:00, run_after=2025-03-06T15:40:41.574475+00:00
[2025-03-06T15:40:41.582+0000] {processor.py:179} INFO - Processing /home/airflow/.local/lib/python3.8/site-packages/airflow/example_dags/example_short_circuit_operator.py took 0.036 seconds
[2025-03-06T15:41:12.176+0000] {processor.py:157} INFO - Started process (PID=31581) to work on /home/airflow/.local/lib/python3.8/site-packages/airflow/example_dags/example_short_circuit_operator.py
[2025-03-06T15:41:12.178+0000] {processor.py:829} INFO - Processing file /home/airflow/.local/lib/python3.8/site-packages/airflow/example_dags/example_short_circuit_operator.py for tasks to queue
[2025-03-06T15:41:12.179+0000] {logging_mixin.py:154} INFO - [2025-03-06T15:41:12.179+0000] {dagbag.py:536} INFO - Filling up the DagBag from /home/airflow/.local/lib/python3.8/site-packages/airflow/example_dags/example_short_circuit_operator.py
[2025-03-06T15:41:12.183+0000] {processor.py:839} INFO - DAG(s) dict_keys(['example_short_circuit_operator']) retrieved from /home/airflow/.local/lib/python3.8/site-packages/airflow/example_dags/example_short_circuit_operator.py
[2025-03-06T15:41:12.194+0000] {logging_mixin.py:154} INFO - [2025-03-06T15:41:12.194+0000] {dag.py:2941} INFO - Sync 1 DAGs
[2025-03-06T15:41:12.203+0000] {logging_mixin.py:154} INFO - [2025-03-06T15:41:12.203+0000] {dag.py:3722} INFO - Setting next_dagrun for example_short_circuit_operator to 2025-03-05T15:41:12.203104+00:00, run_after=2025-03-06T15:41:12.203104+00:00
[2025-03-06T15:41:12.209+0000] {processor.py:179} INFO - Processing /home/airflow/.local/lib/python3.8/site-packages/airflow/example_dags/example_short_circuit_operator.py took 0.035 seconds
[2025-03-06T15:41:42.791+0000] {processor.py:157} INFO - Started process (PID=31637) to work on /home/airflow/.local/lib/python3.8/site-packages/airflow/example_dags/example_short_circuit_operator.py
[2025-03-06T15:41:42.792+0000] {processor.py:829} INFO - Processing file /home/airflow/.local/lib/python3.8/site-packages/airflow/example_dags/example_short_circuit_operator.py for tasks to queue
[2025-03-06T15:41:42.792+0000] {logging_mixin.py:154} INFO - [2025-03-06T15:41:42.792+0000] {dagbag.py:536} INFO - Filling up the DagBag from /home/airflow/.local/lib/python3.8/site-packages/airflow/example_dags/example_short_circuit_operator.py
[2025-03-06T15:41:42.796+0000] {processor.py:839} INFO - DAG(s) dict_keys(['example_short_circuit_operator']) retrieved from /home/airflow/.local/lib/python3.8/site-packages/airflow/example_dags/example_short_circuit_operator.py
[2025-03-06T15:41:42.806+0000] {logging_mixin.py:154} INFO - [2025-03-06T15:41:42.806+0000] {dag.py:2941} INFO - Sync 1 DAGs
[2025-03-06T15:41:42.816+0000] {logging_mixin.py:154} INFO - [2025-03-06T15:41:42.816+0000] {dag.py:3722} INFO - Setting next_dagrun for example_short_circuit_operator to 2025-03-05T15:41:42.816309+00:00, run_after=2025-03-06T15:41:42.816309+00:00
[2025-03-06T15:41:42.824+0000] {processor.py:179} INFO - Processing /home/airflow/.local/lib/python3.8/site-packages/airflow/example_dags/example_short_circuit_operator.py took 0.035 seconds
[2025-03-06T15:42:13.345+0000] {processor.py:157} INFO - Started process (PID=31693) to work on /home/airflow/.local/lib/python3.8/site-packages/airflow/example_dags/example_short_circuit_operator.py
[2025-03-06T15:42:13.346+0000] {processor.py:829} INFO - Processing file /home/airflow/.local/lib/python3.8/site-packages/airflow/example_dags/example_short_circuit_operator.py for tasks to queue
[2025-03-06T15:42:13.348+0000] {logging_mixin.py:154} INFO - [2025-03-06T15:42:13.348+0000] {dagbag.py:536} INFO - Filling up the DagBag from /home/airflow/.local/lib/python3.8/site-packages/airflow/example_dags/example_short_circuit_operator.py
[2025-03-06T15:42:13.352+0000] {processor.py:839} INFO - DAG(s) dict_keys(['example_short_circuit_operator']) retrieved from /home/airflow/.local/lib/python3.8/site-packages/airflow/example_dags/example_short_circuit_operator.py
[2025-03-06T15:42:13.362+0000] {logging_mixin.py:154} INFO - [2025-03-06T15:42:13.362+0000] {dag.py:2941} INFO - Sync 1 DAGs
[2025-03-06T15:42:13.373+0000] {logging_mixin.py:154} INFO - [2025-03-06T15:42:13.372+0000] {dag.py:3722} INFO - Setting next_dagrun for example_short_circuit_operator to 2025-03-05T15:42:13.372221+00:00, run_after=2025-03-06T15:42:13.372221+00:00
[2025-03-06T15:42:13.382+0000] {processor.py:179} INFO - Processing /home/airflow/.local/lib/python3.8/site-packages/airflow/example_dags/example_short_circuit_operator.py took 0.039 seconds
[2025-03-06T15:42:44.020+0000] {processor.py:157} INFO - Started process (PID=31749) to work on /home/airflow/.local/lib/python3.8/site-packages/airflow/example_dags/example_short_circuit_operator.py
[2025-03-06T15:42:44.021+0000] {processor.py:829} INFO - Processing file /home/airflow/.local/lib/python3.8/site-packages/airflow/example_dags/example_short_circuit_operator.py for tasks to queue
[2025-03-06T15:42:44.021+0000] {logging_mixin.py:154} INFO - [2025-03-06T15:42:44.021+0000] {dagbag.py:536} INFO - Filling up the DagBag from /home/airflow/.local/lib/python3.8/site-packages/airflow/example_dags/example_short_circuit_operator.py
[2025-03-06T15:42:44.025+0000] {processor.py:839} INFO - DAG(s) dict_keys(['example_short_circuit_operator']) retrieved from /home/airflow/.local/lib/python3.8/site-packages/airflow/example_dags/example_short_circuit_operator.py
[2025-03-06T15:42:44.035+0000] {logging_mixin.py:154} INFO - [2025-03-06T15:42:44.035+0000] {dag.py:2941} INFO - Sync 1 DAGs
[2025-03-06T15:42:44.043+0000] {logging_mixin.py:154} INFO - [2025-03-06T15:42:44.043+0000] {dag.py:3722} INFO - Setting next_dagrun for example_short_circuit_operator to 2025-03-05T15:42:44.043444+00:00, run_after=2025-03-06T15:42:44.043444+00:00
[2025-03-06T15:42:44.052+0000] {processor.py:179} INFO - Processing /home/airflow/.local/lib/python3.8/site-packages/airflow/example_dags/example_short_circuit_operator.py took 0.033 seconds
[2025-03-06T15:43:14.682+0000] {processor.py:157} INFO - Started process (PID=31805) to work on /home/airflow/.local/lib/python3.8/site-packages/airflow/example_dags/example_short_circuit_operator.py
[2025-03-06T15:43:14.682+0000] {processor.py:829} INFO - Processing file /home/airflow/.local/lib/python3.8/site-packages/airflow/example_dags/example_short_circuit_operator.py for tasks to queue
[2025-03-06T15:43:14.683+0000] {logging_mixin.py:154} INFO - [2025-03-06T15:43:14.683+0000] {dagbag.py:536} INFO - Filling up the DagBag from /home/airflow/.local/lib/python3.8/site-packages/airflow/example_dags/example_short_circuit_operator.py
[2025-03-06T15:43:14.688+0000] {processor.py:839} INFO - DAG(s) dict_keys(['example_short_circuit_operator']) retrieved from /home/airflow/.local/lib/python3.8/site-packages/airflow/example_dags/example_short_circuit_operator.py
[2025-03-06T15:43:14.698+0000] {logging_mixin.py:154} INFO - [2025-03-06T15:43:14.698+0000] {dag.py:2941} INFO - Sync 1 DAGs
[2025-03-06T15:43:14.707+0000] {logging_mixin.py:154} INFO - [2025-03-06T15:43:14.707+0000] {dag.py:3722} INFO - Setting next_dagrun for example_short_circuit_operator to 2025-03-05T15:43:14.707101+00:00, run_after=2025-03-06T15:43:14.707101+00:00
[2025-03-06T15:43:14.714+0000] {processor.py:179} INFO - Processing /home/airflow/.local/lib/python3.8/site-packages/airflow/example_dags/example_short_circuit_operator.py took 0.034 seconds
[2025-03-06T15:43:45.467+0000] {processor.py:157} INFO - Started process (PID=31861) to work on /home/airflow/.local/lib/python3.8/site-packages/airflow/example_dags/example_short_circuit_operator.py
[2025-03-06T15:43:45.468+0000] {processor.py:829} INFO - Processing file /home/airflow/.local/lib/python3.8/site-packages/airflow/example_dags/example_short_circuit_operator.py for tasks to queue
[2025-03-06T15:43:45.468+0000] {logging_mixin.py:154} INFO - [2025-03-06T15:43:45.468+0000] {dagbag.py:536} INFO - Filling up the DagBag from /home/airflow/.local/lib/python3.8/site-packages/airflow/example_dags/example_short_circuit_operator.py
[2025-03-06T15:43:45.472+0000] {processor.py:839} INFO - DAG(s) dict_keys(['example_short_circuit_operator']) retrieved from /home/airflow/.local/lib/python3.8/site-packages/airflow/example_dags/example_short_circuit_operator.py
[2025-03-06T15:43:45.483+0000] {logging_mixin.py:154} INFO - [2025-03-06T15:43:45.483+0000] {dag.py:2941} INFO - Sync 1 DAGs
[2025-03-06T15:43:45.492+0000] {logging_mixin.py:154} INFO - [2025-03-06T15:43:45.492+0000] {dag.py:3722} INFO - Setting next_dagrun for example_short_circuit_operator to 2025-03-05T15:43:45.492526+00:00, run_after=2025-03-06T15:43:45.492526+00:00
[2025-03-06T15:43:45.499+0000] {processor.py:179} INFO - Processing /home/airflow/.local/lib/python3.8/site-packages/airflow/example_dags/example_short_circuit_operator.py took 0.033 seconds
[2025-03-06T15:44:16.102+0000] {processor.py:157} INFO - Started process (PID=31917) to work on /home/airflow/.local/lib/python3.8/site-packages/airflow/example_dags/example_short_circuit_operator.py
[2025-03-06T15:44:16.103+0000] {processor.py:829} INFO - Processing file /home/airflow/.local/lib/python3.8/site-packages/airflow/example_dags/example_short_circuit_operator.py for tasks to queue
[2025-03-06T15:44:16.103+0000] {logging_mixin.py:154} INFO - [2025-03-06T15:44:16.103+0000] {dagbag.py:536} INFO - Filling up the DagBag from /home/airflow/.local/lib/python3.8/site-packages/airflow/example_dags/example_short_circuit_operator.py
[2025-03-06T15:44:16.107+0000] {processor.py:839} INFO - DAG(s) dict_keys(['example_short_circuit_operator']) retrieved from /home/airflow/.local/lib/python3.8/site-packages/airflow/example_dags/example_short_circuit_operator.py
[2025-03-06T15:44:16.119+0000] {logging_mixin.py:154} INFO - [2025-03-06T15:44:16.118+0000] {dag.py:2941} INFO - Sync 1 DAGs
[2025-03-06T15:44:16.128+0000] {logging_mixin.py:154} INFO - [2025-03-06T15:44:16.128+0000] {dag.py:3722} INFO - Setting next_dagrun for example_short_circuit_operator to 2025-03-05T15:44:16.128030+00:00, run_after=2025-03-06T15:44:16.128030+00:00
[2025-03-06T15:44:16.135+0000] {processor.py:179} INFO - Processing /home/airflow/.local/lib/python3.8/site-packages/airflow/example_dags/example_short_circuit_operator.py took 0.034 seconds
[2025-03-06T15:44:46.716+0000] {processor.py:157} INFO - Started process (PID=31973) to work on /home/airflow/.local/lib/python3.8/site-packages/airflow/example_dags/example_short_circuit_operator.py
[2025-03-06T15:44:46.716+0000] {processor.py:829} INFO - Processing file /home/airflow/.local/lib/python3.8/site-packages/airflow/example_dags/example_short_circuit_operator.py for tasks to queue
[2025-03-06T15:44:46.717+0000] {logging_mixin.py:154} INFO - [2025-03-06T15:44:46.717+0000] {dagbag.py:536} INFO - Filling up the DagBag from /home/airflow/.local/lib/python3.8/site-packages/airflow/example_dags/example_short_circuit_operator.py
[2025-03-06T15:44:46.721+0000] {processor.py:839} INFO - DAG(s) dict_keys(['example_short_circuit_operator']) retrieved from /home/airflow/.local/lib/python3.8/site-packages/airflow/example_dags/example_short_circuit_operator.py
[2025-03-06T15:44:46.731+0000] {logging_mixin.py:154} INFO - [2025-03-06T15:44:46.731+0000] {dag.py:2941} INFO - Sync 1 DAGs
[2025-03-06T15:44:46.741+0000] {logging_mixin.py:154} INFO - [2025-03-06T15:44:46.741+0000] {dag.py:3722} INFO - Setting next_dagrun for example_short_circuit_operator to 2025-03-05T15:44:46.741295+00:00, run_after=2025-03-06T15:44:46.741295+00:00
[2025-03-06T15:44:46.752+0000] {processor.py:179} INFO - Processing /home/airflow/.local/lib/python3.8/site-packages/airflow/example_dags/example_short_circuit_operator.py took 0.037 seconds
[2025-03-06T15:45:17.336+0000] {processor.py:157} INFO - Started process (PID=32029) to work on /home/airflow/.local/lib/python3.8/site-packages/airflow/example_dags/example_short_circuit_operator.py
[2025-03-06T15:45:17.337+0000] {processor.py:829} INFO - Processing file /home/airflow/.local/lib/python3.8/site-packages/airflow/example_dags/example_short_circuit_operator.py for tasks to queue
[2025-03-06T15:45:17.338+0000] {logging_mixin.py:154} INFO - [2025-03-06T15:45:17.338+0000] {dagbag.py:536} INFO - Filling up the DagBag from /home/airflow/.local/lib/python3.8/site-packages/airflow/example_dags/example_short_circuit_operator.py
[2025-03-06T15:45:17.342+0000] {processor.py:839} INFO - DAG(s) dict_keys(['example_short_circuit_operator']) retrieved from /home/airflow/.local/lib/python3.8/site-packages/airflow/example_dags/example_short_circuit_operator.py
[2025-03-06T15:45:17.353+0000] {logging_mixin.py:154} INFO - [2025-03-06T15:45:17.353+0000] {dag.py:2941} INFO - Sync 1 DAGs
[2025-03-06T15:45:17.363+0000] {logging_mixin.py:154} INFO - [2025-03-06T15:45:17.363+0000] {dag.py:3722} INFO - Setting next_dagrun for example_short_circuit_operator to 2025-03-05T15:45:17.363382+00:00, run_after=2025-03-06T15:45:17.363382+00:00
[2025-03-06T15:45:17.372+0000] {processor.py:179} INFO - Processing /home/airflow/.local/lib/python3.8/site-packages/airflow/example_dags/example_short_circuit_operator.py took 0.038 seconds
[2025-03-06T15:45:47.986+0000] {processor.py:157} INFO - Started process (PID=32085) to work on /home/airflow/.local/lib/python3.8/site-packages/airflow/example_dags/example_short_circuit_operator.py
[2025-03-06T15:45:47.987+0000] {processor.py:829} INFO - Processing file /home/airflow/.local/lib/python3.8/site-packages/airflow/example_dags/example_short_circuit_operator.py for tasks to queue
[2025-03-06T15:45:47.987+0000] {logging_mixin.py:154} INFO - [2025-03-06T15:45:47.987+0000] {dagbag.py:536} INFO - Filling up the DagBag from /home/airflow/.local/lib/python3.8/site-packages/airflow/example_dags/example_short_circuit_operator.py
[2025-03-06T15:45:47.991+0000] {processor.py:839} INFO - DAG(s) dict_keys(['example_short_circuit_operator']) retrieved from /home/airflow/.local/lib/python3.8/site-packages/airflow/example_dags/example_short_circuit_operator.py
[2025-03-06T15:45:48.004+0000] {logging_mixin.py:154} INFO - [2025-03-06T15:45:48.004+0000] {dag.py:2941} INFO - Sync 1 DAGs
[2025-03-06T15:45:48.012+0000] {logging_mixin.py:154} INFO - [2025-03-06T15:45:48.012+0000] {dag.py:3722} INFO - Setting next_dagrun for example_short_circuit_operator to 2025-03-05T15:45:48.012684+00:00, run_after=2025-03-06T15:45:48.012684+00:00
[2025-03-06T15:45:48.021+0000] {processor.py:179} INFO - Processing /home/airflow/.local/lib/python3.8/site-packages/airflow/example_dags/example_short_circuit_operator.py took 0.036 seconds
[2025-03-06T15:46:18.604+0000] {processor.py:157} INFO - Started process (PID=32141) to work on /home/airflow/.local/lib/python3.8/site-packages/airflow/example_dags/example_short_circuit_operator.py
[2025-03-06T15:46:18.606+0000] {processor.py:829} INFO - Processing file /home/airflow/.local/lib/python3.8/site-packages/airflow/example_dags/example_short_circuit_operator.py for tasks to queue
[2025-03-06T15:46:18.607+0000] {logging_mixin.py:154} INFO - [2025-03-06T15:46:18.607+0000] {dagbag.py:536} INFO - Filling up the DagBag from /home/airflow/.local/lib/python3.8/site-packages/airflow/example_dags/example_short_circuit_operator.py
[2025-03-06T15:46:18.611+0000] {processor.py:839} INFO - DAG(s) dict_keys(['example_short_circuit_operator']) retrieved from /home/airflow/.local/lib/python3.8/site-packages/airflow/example_dags/example_short_circuit_operator.py
[2025-03-06T15:46:18.621+0000] {logging_mixin.py:154} INFO - [2025-03-06T15:46:18.621+0000] {dag.py:2941} INFO - Sync 1 DAGs
[2025-03-06T15:46:18.629+0000] {logging_mixin.py:154} INFO - [2025-03-06T15:46:18.629+0000] {dag.py:3722} INFO - Setting next_dagrun for example_short_circuit_operator to 2025-03-05T15:46:18.629231+00:00, run_after=2025-03-06T15:46:18.629231+00:00
[2025-03-06T15:46:18.635+0000] {processor.py:179} INFO - Processing /home/airflow/.local/lib/python3.8/site-packages/airflow/example_dags/example_short_circuit_operator.py took 0.033 seconds
[2025-03-06T15:46:49.259+0000] {processor.py:157} INFO - Started process (PID=32196) to work on /home/airflow/.local/lib/python3.8/site-packages/airflow/example_dags/example_short_circuit_operator.py
[2025-03-06T15:46:49.261+0000] {processor.py:829} INFO - Processing file /home/airflow/.local/lib/python3.8/site-packages/airflow/example_dags/example_short_circuit_operator.py for tasks to queue
[2025-03-06T15:46:49.261+0000] {logging_mixin.py:154} INFO - [2025-03-06T15:46:49.261+0000] {dagbag.py:536} INFO - Filling up the DagBag from /home/airflow/.local/lib/python3.8/site-packages/airflow/example_dags/example_short_circuit_operator.py
[2025-03-06T15:46:49.265+0000] {processor.py:839} INFO - DAG(s) dict_keys(['example_short_circuit_operator']) retrieved from /home/airflow/.local/lib/python3.8/site-packages/airflow/example_dags/example_short_circuit_operator.py
[2025-03-06T15:46:49.275+0000] {logging_mixin.py:154} INFO - [2025-03-06T15:46:49.275+0000] {dag.py:2941} INFO - Sync 1 DAGs
[2025-03-06T15:46:49.285+0000] {logging_mixin.py:154} INFO - [2025-03-06T15:46:49.285+0000] {dag.py:3722} INFO - Setting next_dagrun for example_short_circuit_operator to 2025-03-05T15:46:49.285014+00:00, run_after=2025-03-06T15:46:49.285014+00:00
[2025-03-06T15:46:49.295+0000] {processor.py:179} INFO - Processing /home/airflow/.local/lib/python3.8/site-packages/airflow/example_dags/example_short_circuit_operator.py took 0.038 seconds
[2025-03-06T15:47:19.925+0000] {processor.py:157} INFO - Started process (PID=32252) to work on /home/airflow/.local/lib/python3.8/site-packages/airflow/example_dags/example_short_circuit_operator.py
[2025-03-06T15:47:19.927+0000] {processor.py:829} INFO - Processing file /home/airflow/.local/lib/python3.8/site-packages/airflow/example_dags/example_short_circuit_operator.py for tasks to queue
[2025-03-06T15:47:19.928+0000] {logging_mixin.py:154} INFO - [2025-03-06T15:47:19.928+0000] {dagbag.py:536} INFO - Filling up the DagBag from /home/airflow/.local/lib/python3.8/site-packages/airflow/example_dags/example_short_circuit_operator.py
[2025-03-06T15:47:19.933+0000] {processor.py:839} INFO - DAG(s) dict_keys(['example_short_circuit_operator']) retrieved from /home/airflow/.local/lib/python3.8/site-packages/airflow/example_dags/example_short_circuit_operator.py
[2025-03-06T15:47:19.943+0000] {logging_mixin.py:154} INFO - [2025-03-06T15:47:19.943+0000] {dag.py:2941} INFO - Sync 1 DAGs
[2025-03-06T15:47:19.952+0000] {logging_mixin.py:154} INFO - [2025-03-06T15:47:19.952+0000] {dag.py:3722} INFO - Setting next_dagrun for example_short_circuit_operator to 2025-03-05T15:47:19.952275+00:00, run_after=2025-03-06T15:47:19.952275+00:00
[2025-03-06T15:47:19.959+0000] {processor.py:179} INFO - Processing /home/airflow/.local/lib/python3.8/site-packages/airflow/example_dags/example_short_circuit_operator.py took 0.036 seconds
[2025-03-06T15:47:50.586+0000] {processor.py:157} INFO - Started process (PID=32308) to work on /home/airflow/.local/lib/python3.8/site-packages/airflow/example_dags/example_short_circuit_operator.py
[2025-03-06T15:47:50.586+0000] {processor.py:829} INFO - Processing file /home/airflow/.local/lib/python3.8/site-packages/airflow/example_dags/example_short_circuit_operator.py for tasks to queue
[2025-03-06T15:47:50.587+0000] {logging_mixin.py:154} INFO - [2025-03-06T15:47:50.587+0000] {dagbag.py:536} INFO - Filling up the DagBag from /home/airflow/.local/lib/python3.8/site-packages/airflow/example_dags/example_short_circuit_operator.py
[2025-03-06T15:47:50.591+0000] {processor.py:839} INFO - DAG(s) dict_keys(['example_short_circuit_operator']) retrieved from /home/airflow/.local/lib/python3.8/site-packages/airflow/example_dags/example_short_circuit_operator.py
[2025-03-06T15:47:50.602+0000] {logging_mixin.py:154} INFO - [2025-03-06T15:47:50.601+0000] {dag.py:2941} INFO - Sync 1 DAGs
[2025-03-06T15:47:50.611+0000] {logging_mixin.py:154} INFO - [2025-03-06T15:47:50.611+0000] {dag.py:3722} INFO - Setting next_dagrun for example_short_circuit_operator to 2025-03-05T15:47:50.611270+00:00, run_after=2025-03-06T15:47:50.611270+00:00
[2025-03-06T15:47:50.623+0000] {processor.py:179} INFO - Processing /home/airflow/.local/lib/python3.8/site-packages/airflow/example_dags/example_short_circuit_operator.py took 0.039 seconds
[2025-03-06T15:48:21.276+0000] {processor.py:157} INFO - Started process (PID=32364) to work on /home/airflow/.local/lib/python3.8/site-packages/airflow/example_dags/example_short_circuit_operator.py
[2025-03-06T15:48:21.276+0000] {processor.py:829} INFO - Processing file /home/airflow/.local/lib/python3.8/site-packages/airflow/example_dags/example_short_circuit_operator.py for tasks to queue
[2025-03-06T15:48:21.279+0000] {logging_mixin.py:154} INFO - [2025-03-06T15:48:21.278+0000] {dagbag.py:536} INFO - Filling up the DagBag from /home/airflow/.local/lib/python3.8/site-packages/airflow/example_dags/example_short_circuit_operator.py
[2025-03-06T15:48:21.283+0000] {processor.py:839} INFO - DAG(s) dict_keys(['example_short_circuit_operator']) retrieved from /home/airflow/.local/lib/python3.8/site-packages/airflow/example_dags/example_short_circuit_operator.py
[2025-03-06T15:48:21.295+0000] {logging_mixin.py:154} INFO - [2025-03-06T15:48:21.294+0000] {dag.py:2941} INFO - Sync 1 DAGs
[2025-03-06T15:48:21.304+0000] {logging_mixin.py:154} INFO - [2025-03-06T15:48:21.304+0000] {dag.py:3722} INFO - Setting next_dagrun for example_short_circuit_operator to 2025-03-05T15:48:21.304411+00:00, run_after=2025-03-06T15:48:21.304411+00:00
[2025-03-06T15:48:21.311+0000] {processor.py:179} INFO - Processing /home/airflow/.local/lib/python3.8/site-packages/airflow/example_dags/example_short_circuit_operator.py took 0.037 seconds
[2025-03-06T15:48:51.931+0000] {processor.py:157} INFO - Started process (PID=32420) to work on /home/airflow/.local/lib/python3.8/site-packages/airflow/example_dags/example_short_circuit_operator.py
[2025-03-06T15:48:51.932+0000] {processor.py:829} INFO - Processing file /home/airflow/.local/lib/python3.8/site-packages/airflow/example_dags/example_short_circuit_operator.py for tasks to queue
[2025-03-06T15:48:51.932+0000] {logging_mixin.py:154} INFO - [2025-03-06T15:48:51.932+0000] {dagbag.py:536} INFO - Filling up the DagBag from /home/airflow/.local/lib/python3.8/site-packages/airflow/example_dags/example_short_circuit_operator.py
[2025-03-06T15:48:51.936+0000] {processor.py:839} INFO - DAG(s) dict_keys(['example_short_circuit_operator']) retrieved from /home/airflow/.local/lib/python3.8/site-packages/airflow/example_dags/example_short_circuit_operator.py
[2025-03-06T15:48:51.946+0000] {logging_mixin.py:154} INFO - [2025-03-06T15:48:51.946+0000] {dag.py:2941} INFO - Sync 1 DAGs
[2025-03-06T15:48:51.957+0000] {logging_mixin.py:154} INFO - [2025-03-06T15:48:51.957+0000] {dag.py:3722} INFO - Setting next_dagrun for example_short_circuit_operator to 2025-03-05T15:48:51.957182+00:00, run_after=2025-03-06T15:48:51.957182+00:00
[2025-03-06T15:48:51.966+0000] {processor.py:179} INFO - Processing /home/airflow/.local/lib/python3.8/site-packages/airflow/example_dags/example_short_circuit_operator.py took 0.036 seconds
[2025-03-06T15:49:22.497+0000] {processor.py:157} INFO - Started process (PID=32476) to work on /home/airflow/.local/lib/python3.8/site-packages/airflow/example_dags/example_short_circuit_operator.py
[2025-03-06T15:49:22.499+0000] {processor.py:829} INFO - Processing file /home/airflow/.local/lib/python3.8/site-packages/airflow/example_dags/example_short_circuit_operator.py for tasks to queue
[2025-03-06T15:49:22.500+0000] {logging_mixin.py:154} INFO - [2025-03-06T15:49:22.500+0000] {dagbag.py:536} INFO - Filling up the DagBag from /home/airflow/.local/lib/python3.8/site-packages/airflow/example_dags/example_short_circuit_operator.py
[2025-03-06T15:49:22.504+0000] {processor.py:839} INFO - DAG(s) dict_keys(['example_short_circuit_operator']) retrieved from /home/airflow/.local/lib/python3.8/site-packages/airflow/example_dags/example_short_circuit_operator.py
[2025-03-06T15:49:22.514+0000] {logging_mixin.py:154} INFO - [2025-03-06T15:49:22.514+0000] {dag.py:2941} INFO - Sync 1 DAGs
[2025-03-06T15:49:22.522+0000] {logging_mixin.py:154} INFO - [2025-03-06T15:49:22.522+0000] {dag.py:3722} INFO - Setting next_dagrun for example_short_circuit_operator to 2025-03-05T15:49:22.522644+00:00, run_after=2025-03-06T15:49:22.522644+00:00
[2025-03-06T15:49:22.529+0000] {processor.py:179} INFO - Processing /home/airflow/.local/lib/python3.8/site-packages/airflow/example_dags/example_short_circuit_operator.py took 0.034 seconds
[2025-03-06T15:49:53.115+0000] {processor.py:157} INFO - Started process (PID=32532) to work on /home/airflow/.local/lib/python3.8/site-packages/airflow/example_dags/example_short_circuit_operator.py
[2025-03-06T15:49:53.115+0000] {processor.py:829} INFO - Processing file /home/airflow/.local/lib/python3.8/site-packages/airflow/example_dags/example_short_circuit_operator.py for tasks to queue
[2025-03-06T15:49:53.116+0000] {logging_mixin.py:154} INFO - [2025-03-06T15:49:53.115+0000] {dagbag.py:536} INFO - Filling up the DagBag from /home/airflow/.local/lib/python3.8/site-packages/airflow/example_dags/example_short_circuit_operator.py
[2025-03-06T15:49:53.119+0000] {processor.py:839} INFO - DAG(s) dict_keys(['example_short_circuit_operator']) retrieved from /home/airflow/.local/lib/python3.8/site-packages/airflow/example_dags/example_short_circuit_operator.py
[2025-03-06T15:49:53.130+0000] {logging_mixin.py:154} INFO - [2025-03-06T15:49:53.130+0000] {dag.py:2941} INFO - Sync 1 DAGs
[2025-03-06T15:49:53.139+0000] {logging_mixin.py:154} INFO - [2025-03-06T15:49:53.139+0000] {dag.py:3722} INFO - Setting next_dagrun for example_short_circuit_operator to 2025-03-05T15:49:53.139188+00:00, run_after=2025-03-06T15:49:53.139188+00:00
[2025-03-06T15:49:53.147+0000] {processor.py:179} INFO - Processing /home/airflow/.local/lib/python3.8/site-packages/airflow/example_dags/example_short_circuit_operator.py took 0.033 seconds
[2025-03-06T15:50:23.707+0000] {processor.py:157} INFO - Started process (PID=32588) to work on /home/airflow/.local/lib/python3.8/site-packages/airflow/example_dags/example_short_circuit_operator.py
[2025-03-06T15:50:23.707+0000] {processor.py:829} INFO - Processing file /home/airflow/.local/lib/python3.8/site-packages/airflow/example_dags/example_short_circuit_operator.py for tasks to queue
[2025-03-06T15:50:23.707+0000] {logging_mixin.py:154} INFO - [2025-03-06T15:50:23.707+0000] {dagbag.py:536} INFO - Filling up the DagBag from /home/airflow/.local/lib/python3.8/site-packages/airflow/example_dags/example_short_circuit_operator.py
[2025-03-06T15:50:23.711+0000] {processor.py:839} INFO - DAG(s) dict_keys(['example_short_circuit_operator']) retrieved from /home/airflow/.local/lib/python3.8/site-packages/airflow/example_dags/example_short_circuit_operator.py
[2025-03-06T15:50:23.721+0000] {logging_mixin.py:154} INFO - [2025-03-06T15:50:23.721+0000] {dag.py:2941} INFO - Sync 1 DAGs
[2025-03-06T15:50:23.729+0000] {logging_mixin.py:154} INFO - [2025-03-06T15:50:23.729+0000] {dag.py:3722} INFO - Setting next_dagrun for example_short_circuit_operator to 2025-03-05T15:50:23.729331+00:00, run_after=2025-03-06T15:50:23.729331+00:00
[2025-03-06T15:50:23.737+0000] {processor.py:179} INFO - Processing /home/airflow/.local/lib/python3.8/site-packages/airflow/example_dags/example_short_circuit_operator.py took 0.032 seconds
[2025-03-06T15:50:54.278+0000] {processor.py:157} INFO - Started process (PID=32644) to work on /home/airflow/.local/lib/python3.8/site-packages/airflow/example_dags/example_short_circuit_operator.py
[2025-03-06T15:50:54.278+0000] {processor.py:829} INFO - Processing file /home/airflow/.local/lib/python3.8/site-packages/airflow/example_dags/example_short_circuit_operator.py for tasks to queue
[2025-03-06T15:50:54.279+0000] {logging_mixin.py:154} INFO - [2025-03-06T15:50:54.279+0000] {dagbag.py:536} INFO - Filling up the DagBag from /home/airflow/.local/lib/python3.8/site-packages/airflow/example_dags/example_short_circuit_operator.py
[2025-03-06T15:50:54.283+0000] {processor.py:839} INFO - DAG(s) dict_keys(['example_short_circuit_operator']) retrieved from /home/airflow/.local/lib/python3.8/site-packages/airflow/example_dags/example_short_circuit_operator.py
[2025-03-06T15:50:54.294+0000] {logging_mixin.py:154} INFO - [2025-03-06T15:50:54.294+0000] {dag.py:2941} INFO - Sync 1 DAGs
[2025-03-06T15:50:54.304+0000] {logging_mixin.py:154} INFO - [2025-03-06T15:50:54.304+0000] {dag.py:3722} INFO - Setting next_dagrun for example_short_circuit_operator to 2025-03-05T15:50:54.304214+00:00, run_after=2025-03-06T15:50:54.304214+00:00
[2025-03-06T15:50:54.311+0000] {processor.py:179} INFO - Processing /home/airflow/.local/lib/python3.8/site-packages/airflow/example_dags/example_short_circuit_operator.py took 0.035 seconds
[2025-03-06T15:51:24.976+0000] {processor.py:157} INFO - Started process (PID=32700) to work on /home/airflow/.local/lib/python3.8/site-packages/airflow/example_dags/example_short_circuit_operator.py
[2025-03-06T15:51:24.977+0000] {processor.py:829} INFO - Processing file /home/airflow/.local/lib/python3.8/site-packages/airflow/example_dags/example_short_circuit_operator.py for tasks to queue
[2025-03-06T15:51:24.977+0000] {logging_mixin.py:154} INFO - [2025-03-06T15:51:24.977+0000] {dagbag.py:536} INFO - Filling up the DagBag from /home/airflow/.local/lib/python3.8/site-packages/airflow/example_dags/example_short_circuit_operator.py
[2025-03-06T15:51:24.981+0000] {processor.py:839} INFO - DAG(s) dict_keys(['example_short_circuit_operator']) retrieved from /home/airflow/.local/lib/python3.8/site-packages/airflow/example_dags/example_short_circuit_operator.py
[2025-03-06T15:51:24.992+0000] {logging_mixin.py:154} INFO - [2025-03-06T15:51:24.992+0000] {dag.py:2941} INFO - Sync 1 DAGs
[2025-03-06T15:51:25.002+0000] {logging_mixin.py:154} INFO - [2025-03-06T15:51:25.002+0000] {dag.py:3722} INFO - Setting next_dagrun for example_short_circuit_operator to 2025-03-05T15:51:25.002706+00:00, run_after=2025-03-06T15:51:25.002706+00:00
[2025-03-06T15:51:25.010+0000] {processor.py:179} INFO - Processing /home/airflow/.local/lib/python3.8/site-packages/airflow/example_dags/example_short_circuit_operator.py took 0.035 seconds
[2025-03-06T15:51:55.712+0000] {processor.py:157} INFO - Started process (PID=32756) to work on /home/airflow/.local/lib/python3.8/site-packages/airflow/example_dags/example_short_circuit_operator.py
[2025-03-06T15:51:55.712+0000] {processor.py:829} INFO - Processing file /home/airflow/.local/lib/python3.8/site-packages/airflow/example_dags/example_short_circuit_operator.py for tasks to queue
[2025-03-06T15:51:55.713+0000] {logging_mixin.py:154} INFO - [2025-03-06T15:51:55.712+0000] {dagbag.py:536} INFO - Filling up the DagBag from /home/airflow/.local/lib/python3.8/site-packages/airflow/example_dags/example_short_circuit_operator.py
[2025-03-06T15:51:55.717+0000] {processor.py:839} INFO - DAG(s) dict_keys(['example_short_circuit_operator']) retrieved from /home/airflow/.local/lib/python3.8/site-packages/airflow/example_dags/example_short_circuit_operator.py
[2025-03-06T15:51:55.730+0000] {logging_mixin.py:154} INFO - [2025-03-06T15:51:55.730+0000] {dag.py:2941} INFO - Sync 1 DAGs
[2025-03-06T15:51:55.741+0000] {logging_mixin.py:154} INFO - [2025-03-06T15:51:55.741+0000] {dag.py:3722} INFO - Setting next_dagrun for example_short_circuit_operator to 2025-03-05T15:51:55.741414+00:00, run_after=2025-03-06T15:51:55.741414+00:00
[2025-03-06T15:51:55.751+0000] {processor.py:179} INFO - Processing /home/airflow/.local/lib/python3.8/site-packages/airflow/example_dags/example_short_circuit_operator.py took 0.041 seconds
[2025-03-06T15:52:26.359+0000] {processor.py:157} INFO - Started process (PID=32812) to work on /home/airflow/.local/lib/python3.8/site-packages/airflow/example_dags/example_short_circuit_operator.py
[2025-03-06T15:52:26.360+0000] {processor.py:829} INFO - Processing file /home/airflow/.local/lib/python3.8/site-packages/airflow/example_dags/example_short_circuit_operator.py for tasks to queue
[2025-03-06T15:52:26.361+0000] {logging_mixin.py:154} INFO - [2025-03-06T15:52:26.361+0000] {dagbag.py:536} INFO - Filling up the DagBag from /home/airflow/.local/lib/python3.8/site-packages/airflow/example_dags/example_short_circuit_operator.py
[2025-03-06T15:52:26.366+0000] {processor.py:839} INFO - DAG(s) dict_keys(['example_short_circuit_operator']) retrieved from /home/airflow/.local/lib/python3.8/site-packages/airflow/example_dags/example_short_circuit_operator.py
[2025-03-06T15:52:26.377+0000] {logging_mixin.py:154} INFO - [2025-03-06T15:52:26.377+0000] {dag.py:2941} INFO - Sync 1 DAGs
[2025-03-06T15:52:26.388+0000] {logging_mixin.py:154} INFO - [2025-03-06T15:52:26.387+0000] {dag.py:3722} INFO - Setting next_dagrun for example_short_circuit_operator to 2025-03-05T15:52:26.387886+00:00, run_after=2025-03-06T15:52:26.387886+00:00
[2025-03-06T15:52:26.396+0000] {processor.py:179} INFO - Processing /home/airflow/.local/lib/python3.8/site-packages/airflow/example_dags/example_short_circuit_operator.py took 0.039 seconds
[2025-03-06T15:52:57.007+0000] {processor.py:157} INFO - Started process (PID=32868) to work on /home/airflow/.local/lib/python3.8/site-packages/airflow/example_dags/example_short_circuit_operator.py
[2025-03-06T15:52:57.009+0000] {processor.py:829} INFO - Processing file /home/airflow/.local/lib/python3.8/site-packages/airflow/example_dags/example_short_circuit_operator.py for tasks to queue
[2025-03-06T15:52:57.009+0000] {logging_mixin.py:154} INFO - [2025-03-06T15:52:57.009+0000] {dagbag.py:536} INFO - Filling up the DagBag from /home/airflow/.local/lib/python3.8/site-packages/airflow/example_dags/example_short_circuit_operator.py
[2025-03-06T15:52:57.014+0000] {processor.py:839} INFO - DAG(s) dict_keys(['example_short_circuit_operator']) retrieved from /home/airflow/.local/lib/python3.8/site-packages/airflow/example_dags/example_short_circuit_operator.py
[2025-03-06T15:52:57.027+0000] {logging_mixin.py:154} INFO - [2025-03-06T15:52:57.027+0000] {dag.py:2941} INFO - Sync 1 DAGs
[2025-03-06T15:52:57.038+0000] {logging_mixin.py:154} INFO - [2025-03-06T15:52:57.037+0000] {dag.py:3722} INFO - Setting next_dagrun for example_short_circuit_operator to 2025-03-05T15:52:57.037862+00:00, run_after=2025-03-06T15:52:57.037862+00:00
[2025-03-06T15:52:57.050+0000] {processor.py:179} INFO - Processing /home/airflow/.local/lib/python3.8/site-packages/airflow/example_dags/example_short_circuit_operator.py took 0.045 seconds
[2025-03-06T15:53:27.667+0000] {processor.py:157} INFO - Started process (PID=32924) to work on /home/airflow/.local/lib/python3.8/site-packages/airflow/example_dags/example_short_circuit_operator.py
[2025-03-06T15:53:27.667+0000] {processor.py:829} INFO - Processing file /home/airflow/.local/lib/python3.8/site-packages/airflow/example_dags/example_short_circuit_operator.py for tasks to queue
[2025-03-06T15:53:27.669+0000] {logging_mixin.py:154} INFO - [2025-03-06T15:53:27.668+0000] {dagbag.py:536} INFO - Filling up the DagBag from /home/airflow/.local/lib/python3.8/site-packages/airflow/example_dags/example_short_circuit_operator.py
[2025-03-06T15:53:27.673+0000] {processor.py:839} INFO - DAG(s) dict_keys(['example_short_circuit_operator']) retrieved from /home/airflow/.local/lib/python3.8/site-packages/airflow/example_dags/example_short_circuit_operator.py
[2025-03-06T15:53:27.684+0000] {logging_mixin.py:154} INFO - [2025-03-06T15:53:27.684+0000] {dag.py:2941} INFO - Sync 1 DAGs
[2025-03-06T15:53:27.694+0000] {logging_mixin.py:154} INFO - [2025-03-06T15:53:27.694+0000] {dag.py:3722} INFO - Setting next_dagrun for example_short_circuit_operator to 2025-03-05T15:53:27.694214+00:00, run_after=2025-03-06T15:53:27.694214+00:00
[2025-03-06T15:53:27.704+0000] {processor.py:179} INFO - Processing /home/airflow/.local/lib/python3.8/site-packages/airflow/example_dags/example_short_circuit_operator.py took 0.039 seconds
[2025-03-06T15:53:58.320+0000] {processor.py:157} INFO - Started process (PID=32980) to work on /home/airflow/.local/lib/python3.8/site-packages/airflow/example_dags/example_short_circuit_operator.py
[2025-03-06T15:53:58.321+0000] {processor.py:829} INFO - Processing file /home/airflow/.local/lib/python3.8/site-packages/airflow/example_dags/example_short_circuit_operator.py for tasks to queue
[2025-03-06T15:53:58.321+0000] {logging_mixin.py:154} INFO - [2025-03-06T15:53:58.321+0000] {dagbag.py:536} INFO - Filling up the DagBag from /home/airflow/.local/lib/python3.8/site-packages/airflow/example_dags/example_short_circuit_operator.py
[2025-03-06T15:53:58.325+0000] {processor.py:839} INFO - DAG(s) dict_keys(['example_short_circuit_operator']) retrieved from /home/airflow/.local/lib/python3.8/site-packages/airflow/example_dags/example_short_circuit_operator.py
[2025-03-06T15:53:58.336+0000] {logging_mixin.py:154} INFO - [2025-03-06T15:53:58.335+0000] {dag.py:2941} INFO - Sync 1 DAGs
[2025-03-06T15:53:58.345+0000] {logging_mixin.py:154} INFO - [2025-03-06T15:53:58.345+0000] {dag.py:3722} INFO - Setting next_dagrun for example_short_circuit_operator to 2025-03-05T15:53:58.345261+00:00, run_after=2025-03-06T15:53:58.345261+00:00
[2025-03-06T15:53:58.352+0000] {processor.py:179} INFO - Processing /home/airflow/.local/lib/python3.8/site-packages/airflow/example_dags/example_short_circuit_operator.py took 0.034 seconds
[2025-03-06T15:54:29.011+0000] {processor.py:157} INFO - Started process (PID=33036) to work on /home/airflow/.local/lib/python3.8/site-packages/airflow/example_dags/example_short_circuit_operator.py
[2025-03-06T15:54:29.011+0000] {processor.py:829} INFO - Processing file /home/airflow/.local/lib/python3.8/site-packages/airflow/example_dags/example_short_circuit_operator.py for tasks to queue
[2025-03-06T15:54:29.012+0000] {logging_mixin.py:154} INFO - [2025-03-06T15:54:29.012+0000] {dagbag.py:536} INFO - Filling up the DagBag from /home/airflow/.local/lib/python3.8/site-packages/airflow/example_dags/example_short_circuit_operator.py
[2025-03-06T15:54:29.016+0000] {processor.py:839} INFO - DAG(s) dict_keys(['example_short_circuit_operator']) retrieved from /home/airflow/.local/lib/python3.8/site-packages/airflow/example_dags/example_short_circuit_operator.py
[2025-03-06T15:54:29.027+0000] {logging_mixin.py:154} INFO - [2025-03-06T15:54:29.026+0000] {dag.py:2941} INFO - Sync 1 DAGs
[2025-03-06T15:54:29.037+0000] {logging_mixin.py:154} INFO - [2025-03-06T15:54:29.037+0000] {dag.py:3722} INFO - Setting next_dagrun for example_short_circuit_operator to 2025-03-05T15:54:29.037114+00:00, run_after=2025-03-06T15:54:29.037114+00:00
[2025-03-06T15:54:29.045+0000] {processor.py:179} INFO - Processing /home/airflow/.local/lib/python3.8/site-packages/airflow/example_dags/example_short_circuit_operator.py took 0.035 seconds
[2025-03-06T15:54:59.626+0000] {processor.py:157} INFO - Started process (PID=33092) to work on /home/airflow/.local/lib/python3.8/site-packages/airflow/example_dags/example_short_circuit_operator.py
[2025-03-06T15:54:59.626+0000] {processor.py:829} INFO - Processing file /home/airflow/.local/lib/python3.8/site-packages/airflow/example_dags/example_short_circuit_operator.py for tasks to queue
[2025-03-06T15:54:59.627+0000] {logging_mixin.py:154} INFO - [2025-03-06T15:54:59.627+0000] {dagbag.py:536} INFO - Filling up the DagBag from /home/airflow/.local/lib/python3.8/site-packages/airflow/example_dags/example_short_circuit_operator.py
[2025-03-06T15:54:59.631+0000] {processor.py:839} INFO - DAG(s) dict_keys(['example_short_circuit_operator']) retrieved from /home/airflow/.local/lib/python3.8/site-packages/airflow/example_dags/example_short_circuit_operator.py
[2025-03-06T15:54:59.641+0000] {logging_mixin.py:154} INFO - [2025-03-06T15:54:59.640+0000] {dag.py:2941} INFO - Sync 1 DAGs
[2025-03-06T15:54:59.651+0000] {logging_mixin.py:154} INFO - [2025-03-06T15:54:59.651+0000] {dag.py:3722} INFO - Setting next_dagrun for example_short_circuit_operator to 2025-03-05T15:54:59.650969+00:00, run_after=2025-03-06T15:54:59.650969+00:00
[2025-03-06T15:54:59.658+0000] {processor.py:179} INFO - Processing /home/airflow/.local/lib/python3.8/site-packages/airflow/example_dags/example_short_circuit_operator.py took 0.034 seconds
[2025-03-06T15:55:30.283+0000] {processor.py:157} INFO - Started process (PID=33148) to work on /home/airflow/.local/lib/python3.8/site-packages/airflow/example_dags/example_short_circuit_operator.py
[2025-03-06T15:55:30.283+0000] {processor.py:829} INFO - Processing file /home/airflow/.local/lib/python3.8/site-packages/airflow/example_dags/example_short_circuit_operator.py for tasks to queue
[2025-03-06T15:55:30.284+0000] {logging_mixin.py:154} INFO - [2025-03-06T15:55:30.284+0000] {dagbag.py:536} INFO - Filling up the DagBag from /home/airflow/.local/lib/python3.8/site-packages/airflow/example_dags/example_short_circuit_operator.py
[2025-03-06T15:55:30.288+0000] {processor.py:839} INFO - DAG(s) dict_keys(['example_short_circuit_operator']) retrieved from /home/airflow/.local/lib/python3.8/site-packages/airflow/example_dags/example_short_circuit_operator.py
[2025-03-06T15:55:30.298+0000] {logging_mixin.py:154} INFO - [2025-03-06T15:55:30.298+0000] {dag.py:2941} INFO - Sync 1 DAGs
[2025-03-06T15:55:30.306+0000] {logging_mixin.py:154} INFO - [2025-03-06T15:55:30.306+0000] {dag.py:3722} INFO - Setting next_dagrun for example_short_circuit_operator to 2025-03-05T15:55:30.306619+00:00, run_after=2025-03-06T15:55:30.306619+00:00
[2025-03-06T15:55:30.313+0000] {processor.py:179} INFO - Processing /home/airflow/.local/lib/python3.8/site-packages/airflow/example_dags/example_short_circuit_operator.py took 0.032 seconds
[2025-03-06T15:56:00.960+0000] {processor.py:157} INFO - Started process (PID=33204) to work on /home/airflow/.local/lib/python3.8/site-packages/airflow/example_dags/example_short_circuit_operator.py
[2025-03-06T15:56:00.961+0000] {processor.py:829} INFO - Processing file /home/airflow/.local/lib/python3.8/site-packages/airflow/example_dags/example_short_circuit_operator.py for tasks to queue
[2025-03-06T15:56:00.961+0000] {logging_mixin.py:154} INFO - [2025-03-06T15:56:00.961+0000] {dagbag.py:536} INFO - Filling up the DagBag from /home/airflow/.local/lib/python3.8/site-packages/airflow/example_dags/example_short_circuit_operator.py
[2025-03-06T15:56:00.966+0000] {processor.py:839} INFO - DAG(s) dict_keys(['example_short_circuit_operator']) retrieved from /home/airflow/.local/lib/python3.8/site-packages/airflow/example_dags/example_short_circuit_operator.py
[2025-03-06T15:56:00.977+0000] {logging_mixin.py:154} INFO - [2025-03-06T15:56:00.977+0000] {dag.py:2941} INFO - Sync 1 DAGs
[2025-03-06T15:56:00.987+0000] {logging_mixin.py:154} INFO - [2025-03-06T15:56:00.987+0000] {dag.py:3722} INFO - Setting next_dagrun for example_short_circuit_operator to 2025-03-05T15:56:00.986975+00:00, run_after=2025-03-06T15:56:00.986975+00:00
[2025-03-06T15:56:00.997+0000] {processor.py:179} INFO - Processing /home/airflow/.local/lib/python3.8/site-packages/airflow/example_dags/example_short_circuit_operator.py took 0.038 seconds
[2025-03-06T15:56:31.570+0000] {processor.py:157} INFO - Started process (PID=33260) to work on /home/airflow/.local/lib/python3.8/site-packages/airflow/example_dags/example_short_circuit_operator.py
[2025-03-06T15:56:31.570+0000] {processor.py:829} INFO - Processing file /home/airflow/.local/lib/python3.8/site-packages/airflow/example_dags/example_short_circuit_operator.py for tasks to queue
[2025-03-06T15:56:31.570+0000] {logging_mixin.py:154} INFO - [2025-03-06T15:56:31.570+0000] {dagbag.py:536} INFO - Filling up the DagBag from /home/airflow/.local/lib/python3.8/site-packages/airflow/example_dags/example_short_circuit_operator.py
[2025-03-06T15:56:31.575+0000] {processor.py:839} INFO - DAG(s) dict_keys(['example_short_circuit_operator']) retrieved from /home/airflow/.local/lib/python3.8/site-packages/airflow/example_dags/example_short_circuit_operator.py
[2025-03-06T15:56:31.588+0000] {logging_mixin.py:154} INFO - [2025-03-06T15:56:31.588+0000] {dag.py:2941} INFO - Sync 1 DAGs
[2025-03-06T15:56:31.597+0000] {logging_mixin.py:154} INFO - [2025-03-06T15:56:31.597+0000] {dag.py:3722} INFO - Setting next_dagrun for example_short_circuit_operator to 2025-03-05T15:56:31.597223+00:00, run_after=2025-03-06T15:56:31.597223+00:00
[2025-03-06T15:56:31.607+0000] {processor.py:179} INFO - Processing /home/airflow/.local/lib/python3.8/site-packages/airflow/example_dags/example_short_circuit_operator.py took 0.039 seconds
[2025-03-06T15:57:02.139+0000] {processor.py:157} INFO - Started process (PID=33316) to work on /home/airflow/.local/lib/python3.8/site-packages/airflow/example_dags/example_short_circuit_operator.py
[2025-03-06T15:57:02.140+0000] {processor.py:829} INFO - Processing file /home/airflow/.local/lib/python3.8/site-packages/airflow/example_dags/example_short_circuit_operator.py for tasks to queue
[2025-03-06T15:57:02.141+0000] {logging_mixin.py:154} INFO - [2025-03-06T15:57:02.141+0000] {dagbag.py:536} INFO - Filling up the DagBag from /home/airflow/.local/lib/python3.8/site-packages/airflow/example_dags/example_short_circuit_operator.py
[2025-03-06T15:57:02.145+0000] {processor.py:839} INFO - DAG(s) dict_keys(['example_short_circuit_operator']) retrieved from /home/airflow/.local/lib/python3.8/site-packages/airflow/example_dags/example_short_circuit_operator.py
[2025-03-06T15:57:02.156+0000] {logging_mixin.py:154} INFO - [2025-03-06T15:57:02.155+0000] {dag.py:2941} INFO - Sync 1 DAGs
[2025-03-06T15:57:02.164+0000] {logging_mixin.py:154} INFO - [2025-03-06T15:57:02.164+0000] {dag.py:3722} INFO - Setting next_dagrun for example_short_circuit_operator to 2025-03-05T15:57:02.164446+00:00, run_after=2025-03-06T15:57:02.164446+00:00
[2025-03-06T15:57:02.171+0000] {processor.py:179} INFO - Processing /home/airflow/.local/lib/python3.8/site-packages/airflow/example_dags/example_short_circuit_operator.py took 0.034 seconds
[2025-03-06T15:57:32.795+0000] {processor.py:157} INFO - Started process (PID=33372) to work on /home/airflow/.local/lib/python3.8/site-packages/airflow/example_dags/example_short_circuit_operator.py
[2025-03-06T15:57:32.795+0000] {processor.py:829} INFO - Processing file /home/airflow/.local/lib/python3.8/site-packages/airflow/example_dags/example_short_circuit_operator.py for tasks to queue
[2025-03-06T15:57:32.796+0000] {logging_mixin.py:154} INFO - [2025-03-06T15:57:32.796+0000] {dagbag.py:536} INFO - Filling up the DagBag from /home/airflow/.local/lib/python3.8/site-packages/airflow/example_dags/example_short_circuit_operator.py
[2025-03-06T15:57:32.802+0000] {processor.py:839} INFO - DAG(s) dict_keys(['example_short_circuit_operator']) retrieved from /home/airflow/.local/lib/python3.8/site-packages/airflow/example_dags/example_short_circuit_operator.py
[2025-03-06T15:57:32.812+0000] {logging_mixin.py:154} INFO - [2025-03-06T15:57:32.812+0000] {dag.py:2941} INFO - Sync 1 DAGs
[2025-03-06T15:57:32.822+0000] {logging_mixin.py:154} INFO - [2025-03-06T15:57:32.822+0000] {dag.py:3722} INFO - Setting next_dagrun for example_short_circuit_operator to 2025-03-05T15:57:32.822738+00:00, run_after=2025-03-06T15:57:32.822738+00:00
[2025-03-06T15:57:32.829+0000] {processor.py:179} INFO - Processing /home/airflow/.local/lib/python3.8/site-packages/airflow/example_dags/example_short_circuit_operator.py took 0.036 seconds
[2025-03-06T15:58:03.348+0000] {processor.py:157} INFO - Started process (PID=33428) to work on /home/airflow/.local/lib/python3.8/site-packages/airflow/example_dags/example_short_circuit_operator.py
[2025-03-06T15:58:03.349+0000] {processor.py:829} INFO - Processing file /home/airflow/.local/lib/python3.8/site-packages/airflow/example_dags/example_short_circuit_operator.py for tasks to queue
[2025-03-06T15:58:03.350+0000] {logging_mixin.py:154} INFO - [2025-03-06T15:58:03.349+0000] {dagbag.py:536} INFO - Filling up the DagBag from /home/airflow/.local/lib/python3.8/site-packages/airflow/example_dags/example_short_circuit_operator.py
[2025-03-06T15:58:03.354+0000] {processor.py:839} INFO - DAG(s) dict_keys(['example_short_circuit_operator']) retrieved from /home/airflow/.local/lib/python3.8/site-packages/airflow/example_dags/example_short_circuit_operator.py
[2025-03-06T15:58:03.365+0000] {logging_mixin.py:154} INFO - [2025-03-06T15:58:03.365+0000] {dag.py:2941} INFO - Sync 1 DAGs
[2025-03-06T15:58:03.375+0000] {logging_mixin.py:154} INFO - [2025-03-06T15:58:03.374+0000] {dag.py:3722} INFO - Setting next_dagrun for example_short_circuit_operator to 2025-03-05T15:58:03.374842+00:00, run_after=2025-03-06T15:58:03.374842+00:00
[2025-03-06T15:58:03.381+0000] {processor.py:179} INFO - Processing /home/airflow/.local/lib/python3.8/site-packages/airflow/example_dags/example_short_circuit_operator.py took 0.035 seconds
[2025-03-06T15:58:33.930+0000] {processor.py:157} INFO - Started process (PID=33484) to work on /home/airflow/.local/lib/python3.8/site-packages/airflow/example_dags/example_short_circuit_operator.py
[2025-03-06T15:58:33.931+0000] {processor.py:829} INFO - Processing file /home/airflow/.local/lib/python3.8/site-packages/airflow/example_dags/example_short_circuit_operator.py for tasks to queue
[2025-03-06T15:58:33.932+0000] {logging_mixin.py:154} INFO - [2025-03-06T15:58:33.932+0000] {dagbag.py:536} INFO - Filling up the DagBag from /home/airflow/.local/lib/python3.8/site-packages/airflow/example_dags/example_short_circuit_operator.py
[2025-03-06T15:58:33.938+0000] {processor.py:839} INFO - DAG(s) dict_keys(['example_short_circuit_operator']) retrieved from /home/airflow/.local/lib/python3.8/site-packages/airflow/example_dags/example_short_circuit_operator.py
[2025-03-06T15:58:33.953+0000] {logging_mixin.py:154} INFO - [2025-03-06T15:58:33.953+0000] {dag.py:2941} INFO - Sync 1 DAGs
[2025-03-06T15:58:33.963+0000] {logging_mixin.py:154} INFO - [2025-03-06T15:58:33.963+0000] {dag.py:3722} INFO - Setting next_dagrun for example_short_circuit_operator to 2025-03-05T15:58:33.963405+00:00, run_after=2025-03-06T15:58:33.963405+00:00
[2025-03-06T15:58:33.974+0000] {processor.py:179} INFO - Processing /home/airflow/.local/lib/python3.8/site-packages/airflow/example_dags/example_short_circuit_operator.py took 0.046 seconds
[2025-03-06T15:59:04.570+0000] {processor.py:157} INFO - Started process (PID=33540) to work on /home/airflow/.local/lib/python3.8/site-packages/airflow/example_dags/example_short_circuit_operator.py
[2025-03-06T15:59:04.571+0000] {processor.py:829} INFO - Processing file /home/airflow/.local/lib/python3.8/site-packages/airflow/example_dags/example_short_circuit_operator.py for tasks to queue
[2025-03-06T15:59:04.572+0000] {logging_mixin.py:154} INFO - [2025-03-06T15:59:04.571+0000] {dagbag.py:536} INFO - Filling up the DagBag from /home/airflow/.local/lib/python3.8/site-packages/airflow/example_dags/example_short_circuit_operator.py
[2025-03-06T15:59:04.578+0000] {processor.py:839} INFO - DAG(s) dict_keys(['example_short_circuit_operator']) retrieved from /home/airflow/.local/lib/python3.8/site-packages/airflow/example_dags/example_short_circuit_operator.py
[2025-03-06T15:59:04.590+0000] {logging_mixin.py:154} INFO - [2025-03-06T15:59:04.590+0000] {dag.py:2941} INFO - Sync 1 DAGs
[2025-03-06T15:59:04.601+0000] {logging_mixin.py:154} INFO - [2025-03-06T15:59:04.601+0000] {dag.py:3722} INFO - Setting next_dagrun for example_short_circuit_operator to 2025-03-05T15:59:04.601151+00:00, run_after=2025-03-06T15:59:04.601151+00:00
[2025-03-06T15:59:04.614+0000] {processor.py:179} INFO - Processing /home/airflow/.local/lib/python3.8/site-packages/airflow/example_dags/example_short_circuit_operator.py took 0.046 seconds
[2025-03-06T15:59:35.223+0000] {processor.py:157} INFO - Started process (PID=33596) to work on /home/airflow/.local/lib/python3.8/site-packages/airflow/example_dags/example_short_circuit_operator.py
[2025-03-06T15:59:35.224+0000] {processor.py:829} INFO - Processing file /home/airflow/.local/lib/python3.8/site-packages/airflow/example_dags/example_short_circuit_operator.py for tasks to queue
[2025-03-06T15:59:35.224+0000] {logging_mixin.py:154} INFO - [2025-03-06T15:59:35.224+0000] {dagbag.py:536} INFO - Filling up the DagBag from /home/airflow/.local/lib/python3.8/site-packages/airflow/example_dags/example_short_circuit_operator.py
[2025-03-06T15:59:35.228+0000] {processor.py:839} INFO - DAG(s) dict_keys(['example_short_circuit_operator']) retrieved from /home/airflow/.local/lib/python3.8/site-packages/airflow/example_dags/example_short_circuit_operator.py
[2025-03-06T15:59:35.239+0000] {logging_mixin.py:154} INFO - [2025-03-06T15:59:35.238+0000] {dag.py:2941} INFO - Sync 1 DAGs
[2025-03-06T15:59:35.249+0000] {logging_mixin.py:154} INFO - [2025-03-06T15:59:35.249+0000] {dag.py:3722} INFO - Setting next_dagrun for example_short_circuit_operator to 2025-03-05T15:59:35.249620+00:00, run_after=2025-03-06T15:59:35.249620+00:00
[2025-03-06T15:59:35.258+0000] {processor.py:179} INFO - Processing /home/airflow/.local/lib/python3.8/site-packages/airflow/example_dags/example_short_circuit_operator.py took 0.037 seconds
[2025-03-06T16:00:05.877+0000] {processor.py:157} INFO - Started process (PID=33651) to work on /home/airflow/.local/lib/python3.8/site-packages/airflow/example_dags/example_short_circuit_operator.py
[2025-03-06T16:00:05.877+0000] {processor.py:829} INFO - Processing file /home/airflow/.local/lib/python3.8/site-packages/airflow/example_dags/example_short_circuit_operator.py for tasks to queue
[2025-03-06T16:00:05.878+0000] {logging_mixin.py:154} INFO - [2025-03-06T16:00:05.878+0000] {dagbag.py:536} INFO - Filling up the DagBag from /home/airflow/.local/lib/python3.8/site-packages/airflow/example_dags/example_short_circuit_operator.py
[2025-03-06T16:00:05.882+0000] {processor.py:839} INFO - DAG(s) dict_keys(['example_short_circuit_operator']) retrieved from /home/airflow/.local/lib/python3.8/site-packages/airflow/example_dags/example_short_circuit_operator.py
[2025-03-06T16:00:05.893+0000] {logging_mixin.py:154} INFO - [2025-03-06T16:00:05.893+0000] {dag.py:2941} INFO - Sync 1 DAGs
[2025-03-06T16:00:05.902+0000] {logging_mixin.py:154} INFO - [2025-03-06T16:00:05.902+0000] {dag.py:3722} INFO - Setting next_dagrun for example_short_circuit_operator to 2025-03-05T16:00:05.902804+00:00, run_after=2025-03-06T16:00:05.902804+00:00
[2025-03-06T16:00:05.910+0000] {processor.py:179} INFO - Processing /home/airflow/.local/lib/python3.8/site-packages/airflow/example_dags/example_short_circuit_operator.py took 0.035 seconds
[2025-03-06T16:00:36.453+0000] {processor.py:157} INFO - Started process (PID=33707) to work on /home/airflow/.local/lib/python3.8/site-packages/airflow/example_dags/example_short_circuit_operator.py
[2025-03-06T16:00:36.454+0000] {processor.py:829} INFO - Processing file /home/airflow/.local/lib/python3.8/site-packages/airflow/example_dags/example_short_circuit_operator.py for tasks to queue
[2025-03-06T16:00:36.454+0000] {logging_mixin.py:154} INFO - [2025-03-06T16:00:36.454+0000] {dagbag.py:536} INFO - Filling up the DagBag from /home/airflow/.local/lib/python3.8/site-packages/airflow/example_dags/example_short_circuit_operator.py
[2025-03-06T16:00:36.460+0000] {processor.py:839} INFO - DAG(s) dict_keys(['example_short_circuit_operator']) retrieved from /home/airflow/.local/lib/python3.8/site-packages/airflow/example_dags/example_short_circuit_operator.py
[2025-03-06T16:00:36.470+0000] {logging_mixin.py:154} INFO - [2025-03-06T16:00:36.470+0000] {dag.py:2941} INFO - Sync 1 DAGs
[2025-03-06T16:00:36.480+0000] {logging_mixin.py:154} INFO - [2025-03-06T16:00:36.480+0000] {dag.py:3722} INFO - Setting next_dagrun for example_short_circuit_operator to 2025-03-05T16:00:36.480031+00:00, run_after=2025-03-06T16:00:36.480031+00:00
[2025-03-06T16:00:36.491+0000] {processor.py:179} INFO - Processing /home/airflow/.local/lib/python3.8/site-packages/airflow/example_dags/example_short_circuit_operator.py took 0.039 seconds
[2025-03-06T16:01:07.025+0000] {processor.py:157} INFO - Started process (PID=33763) to work on /home/airflow/.local/lib/python3.8/site-packages/airflow/example_dags/example_short_circuit_operator.py
[2025-03-06T16:01:07.027+0000] {processor.py:829} INFO - Processing file /home/airflow/.local/lib/python3.8/site-packages/airflow/example_dags/example_short_circuit_operator.py for tasks to queue
[2025-03-06T16:01:07.027+0000] {logging_mixin.py:154} INFO - [2025-03-06T16:01:07.027+0000] {dagbag.py:536} INFO - Filling up the DagBag from /home/airflow/.local/lib/python3.8/site-packages/airflow/example_dags/example_short_circuit_operator.py
[2025-03-06T16:01:07.031+0000] {processor.py:839} INFO - DAG(s) dict_keys(['example_short_circuit_operator']) retrieved from /home/airflow/.local/lib/python3.8/site-packages/airflow/example_dags/example_short_circuit_operator.py
[2025-03-06T16:01:07.042+0000] {logging_mixin.py:154} INFO - [2025-03-06T16:01:07.042+0000] {dag.py:2941} INFO - Sync 1 DAGs
[2025-03-06T16:01:07.052+0000] {logging_mixin.py:154} INFO - [2025-03-06T16:01:07.051+0000] {dag.py:3722} INFO - Setting next_dagrun for example_short_circuit_operator to 2025-03-05T16:01:07.051875+00:00, run_after=2025-03-06T16:01:07.051875+00:00
[2025-03-06T16:01:07.058+0000] {processor.py:179} INFO - Processing /home/airflow/.local/lib/python3.8/site-packages/airflow/example_dags/example_short_circuit_operator.py took 0.035 seconds
[2025-03-06T16:01:37.619+0000] {processor.py:157} INFO - Started process (PID=33818) to work on /home/airflow/.local/lib/python3.8/site-packages/airflow/example_dags/example_short_circuit_operator.py
[2025-03-06T16:01:37.620+0000] {processor.py:829} INFO - Processing file /home/airflow/.local/lib/python3.8/site-packages/airflow/example_dags/example_short_circuit_operator.py for tasks to queue
[2025-03-06T16:01:37.620+0000] {logging_mixin.py:154} INFO - [2025-03-06T16:01:37.620+0000] {dagbag.py:536} INFO - Filling up the DagBag from /home/airflow/.local/lib/python3.8/site-packages/airflow/example_dags/example_short_circuit_operator.py
[2025-03-06T16:01:37.625+0000] {processor.py:839} INFO - DAG(s) dict_keys(['example_short_circuit_operator']) retrieved from /home/airflow/.local/lib/python3.8/site-packages/airflow/example_dags/example_short_circuit_operator.py
[2025-03-06T16:01:37.636+0000] {logging_mixin.py:154} INFO - [2025-03-06T16:01:37.636+0000] {dag.py:2941} INFO - Sync 1 DAGs
[2025-03-06T16:01:37.646+0000] {logging_mixin.py:154} INFO - [2025-03-06T16:01:37.645+0000] {dag.py:3722} INFO - Setting next_dagrun for example_short_circuit_operator to 2025-03-05T16:01:37.645818+00:00, run_after=2025-03-06T16:01:37.645818+00:00
[2025-03-06T16:01:37.654+0000] {processor.py:179} INFO - Processing /home/airflow/.local/lib/python3.8/site-packages/airflow/example_dags/example_short_circuit_operator.py took 0.036 seconds
[2025-03-06T16:02:08.251+0000] {processor.py:157} INFO - Started process (PID=33880) to work on /home/airflow/.local/lib/python3.8/site-packages/airflow/example_dags/example_short_circuit_operator.py
[2025-03-06T16:02:08.251+0000] {processor.py:829} INFO - Processing file /home/airflow/.local/lib/python3.8/site-packages/airflow/example_dags/example_short_circuit_operator.py for tasks to queue
[2025-03-06T16:02:08.251+0000] {logging_mixin.py:154} INFO - [2025-03-06T16:02:08.251+0000] {dagbag.py:536} INFO - Filling up the DagBag from /home/airflow/.local/lib/python3.8/site-packages/airflow/example_dags/example_short_circuit_operator.py
[2025-03-06T16:02:08.255+0000] {processor.py:839} INFO - DAG(s) dict_keys(['example_short_circuit_operator']) retrieved from /home/airflow/.local/lib/python3.8/site-packages/airflow/example_dags/example_short_circuit_operator.py
[2025-03-06T16:02:08.267+0000] {logging_mixin.py:154} INFO - [2025-03-06T16:02:08.266+0000] {dag.py:2941} INFO - Sync 1 DAGs
[2025-03-06T16:02:08.276+0000] {logging_mixin.py:154} INFO - [2025-03-06T16:02:08.276+0000] {dag.py:3722} INFO - Setting next_dagrun for example_short_circuit_operator to 2025-03-05T16:02:08.276396+00:00, run_after=2025-03-06T16:02:08.276396+00:00
[2025-03-06T16:02:08.285+0000] {processor.py:179} INFO - Processing /home/airflow/.local/lib/python3.8/site-packages/airflow/example_dags/example_short_circuit_operator.py took 0.036 seconds
[2025-03-06T16:02:38.829+0000] {processor.py:157} INFO - Started process (PID=33937) to work on /home/airflow/.local/lib/python3.8/site-packages/airflow/example_dags/example_short_circuit_operator.py
[2025-03-06T16:02:38.829+0000] {processor.py:829} INFO - Processing file /home/airflow/.local/lib/python3.8/site-packages/airflow/example_dags/example_short_circuit_operator.py for tasks to queue
[2025-03-06T16:02:38.830+0000] {logging_mixin.py:154} INFO - [2025-03-06T16:02:38.829+0000] {dagbag.py:536} INFO - Filling up the DagBag from /home/airflow/.local/lib/python3.8/site-packages/airflow/example_dags/example_short_circuit_operator.py
[2025-03-06T16:02:38.834+0000] {processor.py:839} INFO - DAG(s) dict_keys(['example_short_circuit_operator']) retrieved from /home/airflow/.local/lib/python3.8/site-packages/airflow/example_dags/example_short_circuit_operator.py
[2025-03-06T16:02:38.846+0000] {logging_mixin.py:154} INFO - [2025-03-06T16:02:38.845+0000] {dag.py:2941} INFO - Sync 1 DAGs
[2025-03-06T16:02:38.858+0000] {logging_mixin.py:154} INFO - [2025-03-06T16:02:38.858+0000] {dag.py:3722} INFO - Setting next_dagrun for example_short_circuit_operator to 2025-03-05T16:02:38.857979+00:00, run_after=2025-03-06T16:02:38.857979+00:00
[2025-03-06T16:02:38.867+0000] {processor.py:179} INFO - Processing /home/airflow/.local/lib/python3.8/site-packages/airflow/example_dags/example_short_circuit_operator.py took 0.040 seconds
[2025-03-06T16:03:09.428+0000] {processor.py:157} INFO - Started process (PID=33993) to work on /home/airflow/.local/lib/python3.8/site-packages/airflow/example_dags/example_short_circuit_operator.py
[2025-03-06T16:03:09.429+0000] {processor.py:829} INFO - Processing file /home/airflow/.local/lib/python3.8/site-packages/airflow/example_dags/example_short_circuit_operator.py for tasks to queue
[2025-03-06T16:03:09.430+0000] {logging_mixin.py:154} INFO - [2025-03-06T16:03:09.430+0000] {dagbag.py:536} INFO - Filling up the DagBag from /home/airflow/.local/lib/python3.8/site-packages/airflow/example_dags/example_short_circuit_operator.py
[2025-03-06T16:03:09.434+0000] {processor.py:839} INFO - DAG(s) dict_keys(['example_short_circuit_operator']) retrieved from /home/airflow/.local/lib/python3.8/site-packages/airflow/example_dags/example_short_circuit_operator.py
[2025-03-06T16:03:09.445+0000] {logging_mixin.py:154} INFO - [2025-03-06T16:03:09.444+0000] {dag.py:2941} INFO - Sync 1 DAGs
[2025-03-06T16:03:09.453+0000] {logging_mixin.py:154} INFO - [2025-03-06T16:03:09.453+0000] {dag.py:3722} INFO - Setting next_dagrun for example_short_circuit_operator to 2025-03-05T16:03:09.453317+00:00, run_after=2025-03-06T16:03:09.453317+00:00
[2025-03-06T16:03:09.466+0000] {processor.py:179} INFO - Processing /home/airflow/.local/lib/python3.8/site-packages/airflow/example_dags/example_short_circuit_operator.py took 0.039 seconds
[2025-03-06T16:03:40.020+0000] {processor.py:157} INFO - Started process (PID=34049) to work on /home/airflow/.local/lib/python3.8/site-packages/airflow/example_dags/example_short_circuit_operator.py
[2025-03-06T16:03:40.020+0000] {processor.py:829} INFO - Processing file /home/airflow/.local/lib/python3.8/site-packages/airflow/example_dags/example_short_circuit_operator.py for tasks to queue
[2025-03-06T16:03:40.021+0000] {logging_mixin.py:154} INFO - [2025-03-06T16:03:40.020+0000] {dagbag.py:536} INFO - Filling up the DagBag from /home/airflow/.local/lib/python3.8/site-packages/airflow/example_dags/example_short_circuit_operator.py
[2025-03-06T16:03:40.029+0000] {processor.py:839} INFO - DAG(s) dict_keys(['example_short_circuit_operator']) retrieved from /home/airflow/.local/lib/python3.8/site-packages/airflow/example_dags/example_short_circuit_operator.py
[2025-03-06T16:03:40.041+0000] {logging_mixin.py:154} INFO - [2025-03-06T16:03:40.041+0000] {dag.py:2941} INFO - Sync 1 DAGs
[2025-03-06T16:03:40.051+0000] {logging_mixin.py:154} INFO - [2025-03-06T16:03:40.051+0000] {dag.py:3722} INFO - Setting next_dagrun for example_short_circuit_operator to 2025-03-05T16:03:40.051460+00:00, run_after=2025-03-06T16:03:40.051460+00:00
[2025-03-06T16:03:40.062+0000] {processor.py:179} INFO - Processing /home/airflow/.local/lib/python3.8/site-packages/airflow/example_dags/example_short_circuit_operator.py took 0.044 seconds
[2025-03-06T16:04:10.678+0000] {processor.py:157} INFO - Started process (PID=34105) to work on /home/airflow/.local/lib/python3.8/site-packages/airflow/example_dags/example_short_circuit_operator.py
[2025-03-06T16:04:10.678+0000] {processor.py:829} INFO - Processing file /home/airflow/.local/lib/python3.8/site-packages/airflow/example_dags/example_short_circuit_operator.py for tasks to queue
[2025-03-06T16:04:10.678+0000] {logging_mixin.py:154} INFO - [2025-03-06T16:04:10.678+0000] {dagbag.py:536} INFO - Filling up the DagBag from /home/airflow/.local/lib/python3.8/site-packages/airflow/example_dags/example_short_circuit_operator.py
[2025-03-06T16:04:10.683+0000] {processor.py:839} INFO - DAG(s) dict_keys(['example_short_circuit_operator']) retrieved from /home/airflow/.local/lib/python3.8/site-packages/airflow/example_dags/example_short_circuit_operator.py
[2025-03-06T16:04:10.698+0000] {logging_mixin.py:154} INFO - [2025-03-06T16:04:10.698+0000] {dag.py:2941} INFO - Sync 1 DAGs
[2025-03-06T16:04:10.709+0000] {logging_mixin.py:154} INFO - [2025-03-06T16:04:10.709+0000] {dag.py:3722} INFO - Setting next_dagrun for example_short_circuit_operator to 2025-03-05T16:04:10.708935+00:00, run_after=2025-03-06T16:04:10.708935+00:00
[2025-03-06T16:04:10.717+0000] {processor.py:179} INFO - Processing /home/airflow/.local/lib/python3.8/site-packages/airflow/example_dags/example_short_circuit_operator.py took 0.041 seconds
[2025-03-06T16:04:41.325+0000] {processor.py:157} INFO - Started process (PID=34161) to work on /home/airflow/.local/lib/python3.8/site-packages/airflow/example_dags/example_short_circuit_operator.py
[2025-03-06T16:04:41.326+0000] {processor.py:829} INFO - Processing file /home/airflow/.local/lib/python3.8/site-packages/airflow/example_dags/example_short_circuit_operator.py for tasks to queue
[2025-03-06T16:04:41.326+0000] {logging_mixin.py:154} INFO - [2025-03-06T16:04:41.326+0000] {dagbag.py:536} INFO - Filling up the DagBag from /home/airflow/.local/lib/python3.8/site-packages/airflow/example_dags/example_short_circuit_operator.py
[2025-03-06T16:04:41.331+0000] {processor.py:839} INFO - DAG(s) dict_keys(['example_short_circuit_operator']) retrieved from /home/airflow/.local/lib/python3.8/site-packages/airflow/example_dags/example_short_circuit_operator.py
[2025-03-06T16:04:41.344+0000] {logging_mixin.py:154} INFO - [2025-03-06T16:04:41.343+0000] {dag.py:2941} INFO - Sync 1 DAGs
[2025-03-06T16:04:41.354+0000] {logging_mixin.py:154} INFO - [2025-03-06T16:04:41.354+0000] {dag.py:3722} INFO - Setting next_dagrun for example_short_circuit_operator to 2025-03-05T16:04:41.353924+00:00, run_after=2025-03-06T16:04:41.353924+00:00
[2025-03-06T16:04:41.362+0000] {processor.py:179} INFO - Processing /home/airflow/.local/lib/python3.8/site-packages/airflow/example_dags/example_short_circuit_operator.py took 0.039 seconds
[2025-03-06T16:05:11.955+0000] {processor.py:157} INFO - Started process (PID=34217) to work on /home/airflow/.local/lib/python3.8/site-packages/airflow/example_dags/example_short_circuit_operator.py
[2025-03-06T16:05:11.955+0000] {processor.py:829} INFO - Processing file /home/airflow/.local/lib/python3.8/site-packages/airflow/example_dags/example_short_circuit_operator.py for tasks to queue
[2025-03-06T16:05:11.955+0000] {logging_mixin.py:154} INFO - [2025-03-06T16:05:11.955+0000] {dagbag.py:536} INFO - Filling up the DagBag from /home/airflow/.local/lib/python3.8/site-packages/airflow/example_dags/example_short_circuit_operator.py
[2025-03-06T16:05:11.960+0000] {processor.py:839} INFO - DAG(s) dict_keys(['example_short_circuit_operator']) retrieved from /home/airflow/.local/lib/python3.8/site-packages/airflow/example_dags/example_short_circuit_operator.py
[2025-03-06T16:05:11.974+0000] {logging_mixin.py:154} INFO - [2025-03-06T16:05:11.973+0000] {dag.py:2941} INFO - Sync 1 DAGs
[2025-03-06T16:05:11.981+0000] {logging_mixin.py:154} INFO - [2025-03-06T16:05:11.981+0000] {dag.py:3722} INFO - Setting next_dagrun for example_short_circuit_operator to 2025-03-05T16:05:11.981511+00:00, run_after=2025-03-06T16:05:11.981511+00:00
[2025-03-06T16:05:11.989+0000] {processor.py:179} INFO - Processing /home/airflow/.local/lib/python3.8/site-packages/airflow/example_dags/example_short_circuit_operator.py took 0.036 seconds
[2025-03-06T16:05:42.552+0000] {processor.py:157} INFO - Started process (PID=34273) to work on /home/airflow/.local/lib/python3.8/site-packages/airflow/example_dags/example_short_circuit_operator.py
[2025-03-06T16:05:42.553+0000] {processor.py:829} INFO - Processing file /home/airflow/.local/lib/python3.8/site-packages/airflow/example_dags/example_short_circuit_operator.py for tasks to queue
[2025-03-06T16:05:42.554+0000] {logging_mixin.py:154} INFO - [2025-03-06T16:05:42.554+0000] {dagbag.py:536} INFO - Filling up the DagBag from /home/airflow/.local/lib/python3.8/site-packages/airflow/example_dags/example_short_circuit_operator.py
[2025-03-06T16:05:42.560+0000] {processor.py:839} INFO - DAG(s) dict_keys(['example_short_circuit_operator']) retrieved from /home/airflow/.local/lib/python3.8/site-packages/airflow/example_dags/example_short_circuit_operator.py
[2025-03-06T16:05:42.577+0000] {logging_mixin.py:154} INFO - [2025-03-06T16:05:42.576+0000] {dag.py:2941} INFO - Sync 1 DAGs
[2025-03-06T16:05:42.585+0000] {logging_mixin.py:154} INFO - [2025-03-06T16:05:42.585+0000] {dag.py:3722} INFO - Setting next_dagrun for example_short_circuit_operator to 2025-03-05T16:05:42.585198+00:00, run_after=2025-03-06T16:05:42.585198+00:00
[2025-03-06T16:05:42.597+0000] {processor.py:179} INFO - Processing /home/airflow/.local/lib/python3.8/site-packages/airflow/example_dags/example_short_circuit_operator.py took 0.046 seconds
[2025-03-06T16:06:13.173+0000] {processor.py:157} INFO - Started process (PID=34329) to work on /home/airflow/.local/lib/python3.8/site-packages/airflow/example_dags/example_short_circuit_operator.py
[2025-03-06T16:06:13.173+0000] {processor.py:829} INFO - Processing file /home/airflow/.local/lib/python3.8/site-packages/airflow/example_dags/example_short_circuit_operator.py for tasks to queue
[2025-03-06T16:06:13.173+0000] {logging_mixin.py:154} INFO - [2025-03-06T16:06:13.173+0000] {dagbag.py:536} INFO - Filling up the DagBag from /home/airflow/.local/lib/python3.8/site-packages/airflow/example_dags/example_short_circuit_operator.py
[2025-03-06T16:06:13.177+0000] {processor.py:839} INFO - DAG(s) dict_keys(['example_short_circuit_operator']) retrieved from /home/airflow/.local/lib/python3.8/site-packages/airflow/example_dags/example_short_circuit_operator.py
[2025-03-06T16:06:13.188+0000] {logging_mixin.py:154} INFO - [2025-03-06T16:06:13.188+0000] {dag.py:2941} INFO - Sync 1 DAGs
[2025-03-06T16:06:13.197+0000] {logging_mixin.py:154} INFO - [2025-03-06T16:06:13.197+0000] {dag.py:3722} INFO - Setting next_dagrun for example_short_circuit_operator to 2025-03-05T16:06:13.197201+00:00, run_after=2025-03-06T16:06:13.197201+00:00
[2025-03-06T16:06:13.205+0000] {processor.py:179} INFO - Processing /home/airflow/.local/lib/python3.8/site-packages/airflow/example_dags/example_short_circuit_operator.py took 0.034 seconds
[2025-03-06T16:06:43.774+0000] {processor.py:157} INFO - Started process (PID=34385) to work on /home/airflow/.local/lib/python3.8/site-packages/airflow/example_dags/example_short_circuit_operator.py
[2025-03-06T16:06:43.775+0000] {processor.py:829} INFO - Processing file /home/airflow/.local/lib/python3.8/site-packages/airflow/example_dags/example_short_circuit_operator.py for tasks to queue
[2025-03-06T16:06:43.776+0000] {logging_mixin.py:154} INFO - [2025-03-06T16:06:43.776+0000] {dagbag.py:536} INFO - Filling up the DagBag from /home/airflow/.local/lib/python3.8/site-packages/airflow/example_dags/example_short_circuit_operator.py
[2025-03-06T16:06:43.780+0000] {processor.py:839} INFO - DAG(s) dict_keys(['example_short_circuit_operator']) retrieved from /home/airflow/.local/lib/python3.8/site-packages/airflow/example_dags/example_short_circuit_operator.py
[2025-03-06T16:06:43.790+0000] {logging_mixin.py:154} INFO - [2025-03-06T16:06:43.790+0000] {dag.py:2941} INFO - Sync 1 DAGs
[2025-03-06T16:06:43.799+0000] {logging_mixin.py:154} INFO - [2025-03-06T16:06:43.799+0000] {dag.py:3722} INFO - Setting next_dagrun for example_short_circuit_operator to 2025-03-05T16:06:43.799280+00:00, run_after=2025-03-06T16:06:43.799280+00:00
[2025-03-06T16:06:43.811+0000] {processor.py:179} INFO - Processing /home/airflow/.local/lib/python3.8/site-packages/airflow/example_dags/example_short_circuit_operator.py took 0.038 seconds
[2025-03-06T16:07:14.383+0000] {processor.py:157} INFO - Started process (PID=34441) to work on /home/airflow/.local/lib/python3.8/site-packages/airflow/example_dags/example_short_circuit_operator.py
[2025-03-06T16:07:14.383+0000] {processor.py:829} INFO - Processing file /home/airflow/.local/lib/python3.8/site-packages/airflow/example_dags/example_short_circuit_operator.py for tasks to queue
[2025-03-06T16:07:14.384+0000] {logging_mixin.py:154} INFO - [2025-03-06T16:07:14.384+0000] {dagbag.py:536} INFO - Filling up the DagBag from /home/airflow/.local/lib/python3.8/site-packages/airflow/example_dags/example_short_circuit_operator.py
[2025-03-06T16:07:14.388+0000] {processor.py:839} INFO - DAG(s) dict_keys(['example_short_circuit_operator']) retrieved from /home/airflow/.local/lib/python3.8/site-packages/airflow/example_dags/example_short_circuit_operator.py
[2025-03-06T16:07:14.399+0000] {logging_mixin.py:154} INFO - [2025-03-06T16:07:14.399+0000] {dag.py:2941} INFO - Sync 1 DAGs
[2025-03-06T16:07:14.409+0000] {logging_mixin.py:154} INFO - [2025-03-06T16:07:14.409+0000] {dag.py:3722} INFO - Setting next_dagrun for example_short_circuit_operator to 2025-03-05T16:07:14.409470+00:00, run_after=2025-03-06T16:07:14.409470+00:00
[2025-03-06T16:07:14.419+0000] {processor.py:179} INFO - Processing /home/airflow/.local/lib/python3.8/site-packages/airflow/example_dags/example_short_circuit_operator.py took 0.038 seconds
[2025-03-06T16:07:45.034+0000] {processor.py:157} INFO - Started process (PID=34497) to work on /home/airflow/.local/lib/python3.8/site-packages/airflow/example_dags/example_short_circuit_operator.py
[2025-03-06T16:07:45.035+0000] {processor.py:829} INFO - Processing file /home/airflow/.local/lib/python3.8/site-packages/airflow/example_dags/example_short_circuit_operator.py for tasks to queue
[2025-03-06T16:07:45.038+0000] {logging_mixin.py:154} INFO - [2025-03-06T16:07:45.038+0000] {dagbag.py:536} INFO - Filling up the DagBag from /home/airflow/.local/lib/python3.8/site-packages/airflow/example_dags/example_short_circuit_operator.py
[2025-03-06T16:07:45.042+0000] {processor.py:839} INFO - DAG(s) dict_keys(['example_short_circuit_operator']) retrieved from /home/airflow/.local/lib/python3.8/site-packages/airflow/example_dags/example_short_circuit_operator.py
[2025-03-06T16:07:45.054+0000] {logging_mixin.py:154} INFO - [2025-03-06T16:07:45.054+0000] {dag.py:2941} INFO - Sync 1 DAGs
[2025-03-06T16:07:45.063+0000] {logging_mixin.py:154} INFO - [2025-03-06T16:07:45.063+0000] {dag.py:3722} INFO - Setting next_dagrun for example_short_circuit_operator to 2025-03-05T16:07:45.063756+00:00, run_after=2025-03-06T16:07:45.063756+00:00
[2025-03-06T16:07:45.074+0000] {processor.py:179} INFO - Processing /home/airflow/.local/lib/python3.8/site-packages/airflow/example_dags/example_short_circuit_operator.py took 0.042 seconds
[2025-03-06T16:08:15.674+0000] {processor.py:157} INFO - Started process (PID=34553) to work on /home/airflow/.local/lib/python3.8/site-packages/airflow/example_dags/example_short_circuit_operator.py
[2025-03-06T16:08:15.675+0000] {processor.py:829} INFO - Processing file /home/airflow/.local/lib/python3.8/site-packages/airflow/example_dags/example_short_circuit_operator.py for tasks to queue
[2025-03-06T16:08:15.675+0000] {logging_mixin.py:154} INFO - [2025-03-06T16:08:15.675+0000] {dagbag.py:536} INFO - Filling up the DagBag from /home/airflow/.local/lib/python3.8/site-packages/airflow/example_dags/example_short_circuit_operator.py
[2025-03-06T16:08:15.679+0000] {processor.py:839} INFO - DAG(s) dict_keys(['example_short_circuit_operator']) retrieved from /home/airflow/.local/lib/python3.8/site-packages/airflow/example_dags/example_short_circuit_operator.py
[2025-03-06T16:08:15.691+0000] {logging_mixin.py:154} INFO - [2025-03-06T16:08:15.691+0000] {dag.py:2941} INFO - Sync 1 DAGs
[2025-03-06T16:08:15.699+0000] {logging_mixin.py:154} INFO - [2025-03-06T16:08:15.699+0000] {dag.py:3722} INFO - Setting next_dagrun for example_short_circuit_operator to 2025-03-05T16:08:15.699576+00:00, run_after=2025-03-06T16:08:15.699576+00:00
[2025-03-06T16:08:15.708+0000] {processor.py:179} INFO - Processing /home/airflow/.local/lib/python3.8/site-packages/airflow/example_dags/example_short_circuit_operator.py took 0.036 seconds
[2025-03-06T16:08:46.268+0000] {processor.py:157} INFO - Started process (PID=34609) to work on /home/airflow/.local/lib/python3.8/site-packages/airflow/example_dags/example_short_circuit_operator.py
[2025-03-06T16:08:46.268+0000] {processor.py:829} INFO - Processing file /home/airflow/.local/lib/python3.8/site-packages/airflow/example_dags/example_short_circuit_operator.py for tasks to queue
[2025-03-06T16:08:46.269+0000] {logging_mixin.py:154} INFO - [2025-03-06T16:08:46.269+0000] {dagbag.py:536} INFO - Filling up the DagBag from /home/airflow/.local/lib/python3.8/site-packages/airflow/example_dags/example_short_circuit_operator.py
[2025-03-06T16:08:46.273+0000] {processor.py:839} INFO - DAG(s) dict_keys(['example_short_circuit_operator']) retrieved from /home/airflow/.local/lib/python3.8/site-packages/airflow/example_dags/example_short_circuit_operator.py
[2025-03-06T16:08:46.285+0000] {logging_mixin.py:154} INFO - [2025-03-06T16:08:46.284+0000] {dag.py:2941} INFO - Sync 1 DAGs
[2025-03-06T16:08:46.294+0000] {logging_mixin.py:154} INFO - [2025-03-06T16:08:46.294+0000] {dag.py:3722} INFO - Setting next_dagrun for example_short_circuit_operator to 2025-03-05T16:08:46.294042+00:00, run_after=2025-03-06T16:08:46.294042+00:00
[2025-03-06T16:08:46.302+0000] {processor.py:179} INFO - Processing /home/airflow/.local/lib/python3.8/site-packages/airflow/example_dags/example_short_circuit_operator.py took 0.036 seconds
[2025-03-06T16:09:16.845+0000] {processor.py:157} INFO - Started process (PID=34665) to work on /home/airflow/.local/lib/python3.8/site-packages/airflow/example_dags/example_short_circuit_operator.py
[2025-03-06T16:09:16.847+0000] {processor.py:829} INFO - Processing file /home/airflow/.local/lib/python3.8/site-packages/airflow/example_dags/example_short_circuit_operator.py for tasks to queue
[2025-03-06T16:09:16.847+0000] {logging_mixin.py:154} INFO - [2025-03-06T16:09:16.847+0000] {dagbag.py:536} INFO - Filling up the DagBag from /home/airflow/.local/lib/python3.8/site-packages/airflow/example_dags/example_short_circuit_operator.py
[2025-03-06T16:09:16.852+0000] {processor.py:839} INFO - DAG(s) dict_keys(['example_short_circuit_operator']) retrieved from /home/airflow/.local/lib/python3.8/site-packages/airflow/example_dags/example_short_circuit_operator.py
[2025-03-06T16:09:16.863+0000] {logging_mixin.py:154} INFO - [2025-03-06T16:09:16.863+0000] {dag.py:2941} INFO - Sync 1 DAGs
[2025-03-06T16:09:16.874+0000] {logging_mixin.py:154} INFO - [2025-03-06T16:09:16.874+0000] {dag.py:3722} INFO - Setting next_dagrun for example_short_circuit_operator to 2025-03-05T16:09:16.874636+00:00, run_after=2025-03-06T16:09:16.874636+00:00
[2025-03-06T16:09:16.884+0000] {processor.py:179} INFO - Processing /home/airflow/.local/lib/python3.8/site-packages/airflow/example_dags/example_short_circuit_operator.py took 0.041 seconds
[2025-03-06T16:09:47.526+0000] {processor.py:157} INFO - Started process (PID=34721) to work on /home/airflow/.local/lib/python3.8/site-packages/airflow/example_dags/example_short_circuit_operator.py
[2025-03-06T16:09:47.528+0000] {processor.py:829} INFO - Processing file /home/airflow/.local/lib/python3.8/site-packages/airflow/example_dags/example_short_circuit_operator.py for tasks to queue
[2025-03-06T16:09:47.530+0000] {logging_mixin.py:154} INFO - [2025-03-06T16:09:47.530+0000] {dagbag.py:536} INFO - Filling up the DagBag from /home/airflow/.local/lib/python3.8/site-packages/airflow/example_dags/example_short_circuit_operator.py
[2025-03-06T16:09:47.534+0000] {processor.py:839} INFO - DAG(s) dict_keys(['example_short_circuit_operator']) retrieved from /home/airflow/.local/lib/python3.8/site-packages/airflow/example_dags/example_short_circuit_operator.py
[2025-03-06T16:09:47.546+0000] {logging_mixin.py:154} INFO - [2025-03-06T16:09:47.546+0000] {dag.py:2941} INFO - Sync 1 DAGs
[2025-03-06T16:09:47.555+0000] {logging_mixin.py:154} INFO - [2025-03-06T16:09:47.555+0000] {dag.py:3722} INFO - Setting next_dagrun for example_short_circuit_operator to 2025-03-05T16:09:47.554914+00:00, run_after=2025-03-06T16:09:47.554914+00:00
[2025-03-06T16:09:47.562+0000] {processor.py:179} INFO - Processing /home/airflow/.local/lib/python3.8/site-packages/airflow/example_dags/example_short_circuit_operator.py took 0.037 seconds
[2025-03-06T16:10:18.189+0000] {processor.py:157} INFO - Started process (PID=34777) to work on /home/airflow/.local/lib/python3.8/site-packages/airflow/example_dags/example_short_circuit_operator.py
[2025-03-06T16:10:18.190+0000] {processor.py:829} INFO - Processing file /home/airflow/.local/lib/python3.8/site-packages/airflow/example_dags/example_short_circuit_operator.py for tasks to queue
[2025-03-06T16:10:18.191+0000] {logging_mixin.py:154} INFO - [2025-03-06T16:10:18.190+0000] {dagbag.py:536} INFO - Filling up the DagBag from /home/airflow/.local/lib/python3.8/site-packages/airflow/example_dags/example_short_circuit_operator.py
[2025-03-06T16:10:18.197+0000] {processor.py:839} INFO - DAG(s) dict_keys(['example_short_circuit_operator']) retrieved from /home/airflow/.local/lib/python3.8/site-packages/airflow/example_dags/example_short_circuit_operator.py
[2025-03-06T16:10:18.207+0000] {logging_mixin.py:154} INFO - [2025-03-06T16:10:18.207+0000] {dag.py:2941} INFO - Sync 1 DAGs
[2025-03-06T16:10:18.217+0000] {logging_mixin.py:154} INFO - [2025-03-06T16:10:18.217+0000] {dag.py:3722} INFO - Setting next_dagrun for example_short_circuit_operator to 2025-03-05T16:10:18.217623+00:00, run_after=2025-03-06T16:10:18.217623+00:00
[2025-03-06T16:10:18.226+0000] {processor.py:179} INFO - Processing /home/airflow/.local/lib/python3.8/site-packages/airflow/example_dags/example_short_circuit_operator.py took 0.039 seconds
[2025-03-06T16:10:48.817+0000] {processor.py:157} INFO - Started process (PID=34833) to work on /home/airflow/.local/lib/python3.8/site-packages/airflow/example_dags/example_short_circuit_operator.py
[2025-03-06T16:10:48.819+0000] {processor.py:829} INFO - Processing file /home/airflow/.local/lib/python3.8/site-packages/airflow/example_dags/example_short_circuit_operator.py for tasks to queue
[2025-03-06T16:10:48.819+0000] {logging_mixin.py:154} INFO - [2025-03-06T16:10:48.819+0000] {dagbag.py:536} INFO - Filling up the DagBag from /home/airflow/.local/lib/python3.8/site-packages/airflow/example_dags/example_short_circuit_operator.py
[2025-03-06T16:10:48.823+0000] {processor.py:839} INFO - DAG(s) dict_keys(['example_short_circuit_operator']) retrieved from /home/airflow/.local/lib/python3.8/site-packages/airflow/example_dags/example_short_circuit_operator.py
[2025-03-06T16:10:48.835+0000] {logging_mixin.py:154} INFO - [2025-03-06T16:10:48.835+0000] {dag.py:2941} INFO - Sync 1 DAGs
[2025-03-06T16:10:48.844+0000] {logging_mixin.py:154} INFO - [2025-03-06T16:10:48.844+0000] {dag.py:3722} INFO - Setting next_dagrun for example_short_circuit_operator to 2025-03-05T16:10:48.844391+00:00, run_after=2025-03-06T16:10:48.844391+00:00
[2025-03-06T16:10:48.853+0000] {processor.py:179} INFO - Processing /home/airflow/.local/lib/python3.8/site-packages/airflow/example_dags/example_short_circuit_operator.py took 0.038 seconds
[2025-03-06T16:11:19.424+0000] {processor.py:157} INFO - Started process (PID=34889) to work on /home/airflow/.local/lib/python3.8/site-packages/airflow/example_dags/example_short_circuit_operator.py
[2025-03-06T16:11:19.425+0000] {processor.py:829} INFO - Processing file /home/airflow/.local/lib/python3.8/site-packages/airflow/example_dags/example_short_circuit_operator.py for tasks to queue
[2025-03-06T16:11:19.426+0000] {logging_mixin.py:154} INFO - [2025-03-06T16:11:19.426+0000] {dagbag.py:536} INFO - Filling up the DagBag from /home/airflow/.local/lib/python3.8/site-packages/airflow/example_dags/example_short_circuit_operator.py
[2025-03-06T16:11:19.430+0000] {processor.py:839} INFO - DAG(s) dict_keys(['example_short_circuit_operator']) retrieved from /home/airflow/.local/lib/python3.8/site-packages/airflow/example_dags/example_short_circuit_operator.py
[2025-03-06T16:11:19.441+0000] {logging_mixin.py:154} INFO - [2025-03-06T16:11:19.441+0000] {dag.py:2941} INFO - Sync 1 DAGs
[2025-03-06T16:11:19.450+0000] {logging_mixin.py:154} INFO - [2025-03-06T16:11:19.450+0000] {dag.py:3722} INFO - Setting next_dagrun for example_short_circuit_operator to 2025-03-05T16:11:19.450394+00:00, run_after=2025-03-06T16:11:19.450394+00:00
[2025-03-06T16:11:19.458+0000] {processor.py:179} INFO - Processing /home/airflow/.local/lib/python3.8/site-packages/airflow/example_dags/example_short_circuit_operator.py took 0.035 seconds
[2025-03-06T16:11:50.018+0000] {processor.py:157} INFO - Started process (PID=34945) to work on /home/airflow/.local/lib/python3.8/site-packages/airflow/example_dags/example_short_circuit_operator.py
[2025-03-06T16:11:50.019+0000] {processor.py:829} INFO - Processing file /home/airflow/.local/lib/python3.8/site-packages/airflow/example_dags/example_short_circuit_operator.py for tasks to queue
[2025-03-06T16:11:50.019+0000] {logging_mixin.py:154} INFO - [2025-03-06T16:11:50.019+0000] {dagbag.py:536} INFO - Filling up the DagBag from /home/airflow/.local/lib/python3.8/site-packages/airflow/example_dags/example_short_circuit_operator.py
[2025-03-06T16:11:50.023+0000] {processor.py:839} INFO - DAG(s) dict_keys(['example_short_circuit_operator']) retrieved from /home/airflow/.local/lib/python3.8/site-packages/airflow/example_dags/example_short_circuit_operator.py
[2025-03-06T16:11:50.033+0000] {logging_mixin.py:154} INFO - [2025-03-06T16:11:50.032+0000] {dag.py:2941} INFO - Sync 1 DAGs
[2025-03-06T16:11:50.041+0000] {logging_mixin.py:154} INFO - [2025-03-06T16:11:50.041+0000] {dag.py:3722} INFO - Setting next_dagrun for example_short_circuit_operator to 2025-03-05T16:11:50.041757+00:00, run_after=2025-03-06T16:11:50.041757+00:00
[2025-03-06T16:11:50.049+0000] {processor.py:179} INFO - Processing /home/airflow/.local/lib/python3.8/site-packages/airflow/example_dags/example_short_circuit_operator.py took 0.032 seconds
[2025-03-06T16:12:20.652+0000] {processor.py:157} INFO - Started process (PID=35001) to work on /home/airflow/.local/lib/python3.8/site-packages/airflow/example_dags/example_short_circuit_operator.py
[2025-03-06T16:12:20.653+0000] {processor.py:829} INFO - Processing file /home/airflow/.local/lib/python3.8/site-packages/airflow/example_dags/example_short_circuit_operator.py for tasks to queue
[2025-03-06T16:12:20.655+0000] {logging_mixin.py:154} INFO - [2025-03-06T16:12:20.655+0000] {dagbag.py:536} INFO - Filling up the DagBag from /home/airflow/.local/lib/python3.8/site-packages/airflow/example_dags/example_short_circuit_operator.py
[2025-03-06T16:12:20.661+0000] {processor.py:839} INFO - DAG(s) dict_keys(['example_short_circuit_operator']) retrieved from /home/airflow/.local/lib/python3.8/site-packages/airflow/example_dags/example_short_circuit_operator.py
[2025-03-06T16:12:20.672+0000] {logging_mixin.py:154} INFO - [2025-03-06T16:12:20.672+0000] {dag.py:2941} INFO - Sync 1 DAGs
[2025-03-06T16:12:20.681+0000] {logging_mixin.py:154} INFO - [2025-03-06T16:12:20.681+0000] {dag.py:3722} INFO - Setting next_dagrun for example_short_circuit_operator to 2025-03-05T16:12:20.681055+00:00, run_after=2025-03-06T16:12:20.681055+00:00
[2025-03-06T16:12:20.688+0000] {processor.py:179} INFO - Processing /home/airflow/.local/lib/python3.8/site-packages/airflow/example_dags/example_short_circuit_operator.py took 0.037 seconds
[2025-03-06T16:12:51.307+0000] {processor.py:157} INFO - Started process (PID=35057) to work on /home/airflow/.local/lib/python3.8/site-packages/airflow/example_dags/example_short_circuit_operator.py
[2025-03-06T16:12:51.307+0000] {processor.py:829} INFO - Processing file /home/airflow/.local/lib/python3.8/site-packages/airflow/example_dags/example_short_circuit_operator.py for tasks to queue
[2025-03-06T16:12:51.309+0000] {logging_mixin.py:154} INFO - [2025-03-06T16:12:51.309+0000] {dagbag.py:536} INFO - Filling up the DagBag from /home/airflow/.local/lib/python3.8/site-packages/airflow/example_dags/example_short_circuit_operator.py
[2025-03-06T16:12:51.314+0000] {processor.py:839} INFO - DAG(s) dict_keys(['example_short_circuit_operator']) retrieved from /home/airflow/.local/lib/python3.8/site-packages/airflow/example_dags/example_short_circuit_operator.py
[2025-03-06T16:12:51.326+0000] {logging_mixin.py:154} INFO - [2025-03-06T16:12:51.326+0000] {dag.py:2941} INFO - Sync 1 DAGs
[2025-03-06T16:12:51.335+0000] {logging_mixin.py:154} INFO - [2025-03-06T16:12:51.335+0000] {dag.py:3722} INFO - Setting next_dagrun for example_short_circuit_operator to 2025-03-05T16:12:51.335253+00:00, run_after=2025-03-06T16:12:51.335253+00:00
[2025-03-06T16:12:51.347+0000] {processor.py:179} INFO - Processing /home/airflow/.local/lib/python3.8/site-packages/airflow/example_dags/example_short_circuit_operator.py took 0.042 seconds
[2025-03-06T16:13:21.915+0000] {processor.py:157} INFO - Started process (PID=35113) to work on /home/airflow/.local/lib/python3.8/site-packages/airflow/example_dags/example_short_circuit_operator.py
[2025-03-06T16:13:21.916+0000] {processor.py:829} INFO - Processing file /home/airflow/.local/lib/python3.8/site-packages/airflow/example_dags/example_short_circuit_operator.py for tasks to queue
[2025-03-06T16:13:21.916+0000] {logging_mixin.py:154} INFO - [2025-03-06T16:13:21.916+0000] {dagbag.py:536} INFO - Filling up the DagBag from /home/airflow/.local/lib/python3.8/site-packages/airflow/example_dags/example_short_circuit_operator.py
[2025-03-06T16:13:21.920+0000] {processor.py:839} INFO - DAG(s) dict_keys(['example_short_circuit_operator']) retrieved from /home/airflow/.local/lib/python3.8/site-packages/airflow/example_dags/example_short_circuit_operator.py
[2025-03-06T16:13:21.932+0000] {logging_mixin.py:154} INFO - [2025-03-06T16:13:21.931+0000] {dag.py:2941} INFO - Sync 1 DAGs
[2025-03-06T16:13:21.941+0000] {logging_mixin.py:154} INFO - [2025-03-06T16:13:21.940+0000] {dag.py:3722} INFO - Setting next_dagrun for example_short_circuit_operator to 2025-03-05T16:13:21.940785+00:00, run_after=2025-03-06T16:13:21.940785+00:00
[2025-03-06T16:13:21.948+0000] {processor.py:179} INFO - Processing /home/airflow/.local/lib/python3.8/site-packages/airflow/example_dags/example_short_circuit_operator.py took 0.034 seconds
[2025-03-06T16:13:52.516+0000] {processor.py:157} INFO - Started process (PID=35169) to work on /home/airflow/.local/lib/python3.8/site-packages/airflow/example_dags/example_short_circuit_operator.py
[2025-03-06T16:13:52.517+0000] {processor.py:829} INFO - Processing file /home/airflow/.local/lib/python3.8/site-packages/airflow/example_dags/example_short_circuit_operator.py for tasks to queue
[2025-03-06T16:13:52.518+0000] {logging_mixin.py:154} INFO - [2025-03-06T16:13:52.517+0000] {dagbag.py:536} INFO - Filling up the DagBag from /home/airflow/.local/lib/python3.8/site-packages/airflow/example_dags/example_short_circuit_operator.py
[2025-03-06T16:13:52.521+0000] {processor.py:839} INFO - DAG(s) dict_keys(['example_short_circuit_operator']) retrieved from /home/airflow/.local/lib/python3.8/site-packages/airflow/example_dags/example_short_circuit_operator.py
[2025-03-06T16:13:52.532+0000] {logging_mixin.py:154} INFO - [2025-03-06T16:13:52.531+0000] {dag.py:2941} INFO - Sync 1 DAGs
[2025-03-06T16:13:52.541+0000] {logging_mixin.py:154} INFO - [2025-03-06T16:13:52.541+0000] {dag.py:3722} INFO - Setting next_dagrun for example_short_circuit_operator to 2025-03-05T16:13:52.541770+00:00, run_after=2025-03-06T16:13:52.541770+00:00
[2025-03-06T16:13:52.550+0000] {processor.py:179} INFO - Processing /home/airflow/.local/lib/python3.8/site-packages/airflow/example_dags/example_short_circuit_operator.py took 0.036 seconds
[2025-03-06T16:14:23.132+0000] {processor.py:157} INFO - Started process (PID=35225) to work on /home/airflow/.local/lib/python3.8/site-packages/airflow/example_dags/example_short_circuit_operator.py
[2025-03-06T16:14:23.132+0000] {processor.py:829} INFO - Processing file /home/airflow/.local/lib/python3.8/site-packages/airflow/example_dags/example_short_circuit_operator.py for tasks to queue
[2025-03-06T16:14:23.133+0000] {logging_mixin.py:154} INFO - [2025-03-06T16:14:23.133+0000] {dagbag.py:536} INFO - Filling up the DagBag from /home/airflow/.local/lib/python3.8/site-packages/airflow/example_dags/example_short_circuit_operator.py
[2025-03-06T16:14:23.137+0000] {processor.py:839} INFO - DAG(s) dict_keys(['example_short_circuit_operator']) retrieved from /home/airflow/.local/lib/python3.8/site-packages/airflow/example_dags/example_short_circuit_operator.py
[2025-03-06T16:14:23.148+0000] {logging_mixin.py:154} INFO - [2025-03-06T16:14:23.147+0000] {dag.py:2941} INFO - Sync 1 DAGs
[2025-03-06T16:14:23.158+0000] {logging_mixin.py:154} INFO - [2025-03-06T16:14:23.158+0000] {dag.py:3722} INFO - Setting next_dagrun for example_short_circuit_operator to 2025-03-05T16:14:23.158442+00:00, run_after=2025-03-06T16:14:23.158442+00:00
[2025-03-06T16:14:23.171+0000] {processor.py:179} INFO - Processing /home/airflow/.local/lib/python3.8/site-packages/airflow/example_dags/example_short_circuit_operator.py took 0.040 seconds
[2025-03-06T16:14:53.778+0000] {processor.py:157} INFO - Started process (PID=35281) to work on /home/airflow/.local/lib/python3.8/site-packages/airflow/example_dags/example_short_circuit_operator.py
[2025-03-06T16:14:53.778+0000] {processor.py:829} INFO - Processing file /home/airflow/.local/lib/python3.8/site-packages/airflow/example_dags/example_short_circuit_operator.py for tasks to queue
[2025-03-06T16:14:53.779+0000] {logging_mixin.py:154} INFO - [2025-03-06T16:14:53.779+0000] {dagbag.py:536} INFO - Filling up the DagBag from /home/airflow/.local/lib/python3.8/site-packages/airflow/example_dags/example_short_circuit_operator.py
[2025-03-06T16:14:53.782+0000] {processor.py:839} INFO - DAG(s) dict_keys(['example_short_circuit_operator']) retrieved from /home/airflow/.local/lib/python3.8/site-packages/airflow/example_dags/example_short_circuit_operator.py
[2025-03-06T16:14:53.793+0000] {logging_mixin.py:154} INFO - [2025-03-06T16:14:53.793+0000] {dag.py:2941} INFO - Sync 1 DAGs
[2025-03-06T16:14:53.803+0000] {logging_mixin.py:154} INFO - [2025-03-06T16:14:53.803+0000] {dag.py:3722} INFO - Setting next_dagrun for example_short_circuit_operator to 2025-03-05T16:14:53.803411+00:00, run_after=2025-03-06T16:14:53.803411+00:00
[2025-03-06T16:14:53.811+0000] {processor.py:179} INFO - Processing /home/airflow/.local/lib/python3.8/site-packages/airflow/example_dags/example_short_circuit_operator.py took 0.035 seconds
[2025-03-06T16:15:24.394+0000] {processor.py:157} INFO - Started process (PID=35337) to work on /home/airflow/.local/lib/python3.8/site-packages/airflow/example_dags/example_short_circuit_operator.py
[2025-03-06T16:15:24.396+0000] {processor.py:829} INFO - Processing file /home/airflow/.local/lib/python3.8/site-packages/airflow/example_dags/example_short_circuit_operator.py for tasks to queue
[2025-03-06T16:15:24.396+0000] {logging_mixin.py:154} INFO - [2025-03-06T16:15:24.396+0000] {dagbag.py:536} INFO - Filling up the DagBag from /home/airflow/.local/lib/python3.8/site-packages/airflow/example_dags/example_short_circuit_operator.py
[2025-03-06T16:15:24.401+0000] {processor.py:839} INFO - DAG(s) dict_keys(['example_short_circuit_operator']) retrieved from /home/airflow/.local/lib/python3.8/site-packages/airflow/example_dags/example_short_circuit_operator.py
[2025-03-06T16:15:24.411+0000] {logging_mixin.py:154} INFO - [2025-03-06T16:15:24.411+0000] {dag.py:2941} INFO - Sync 1 DAGs
[2025-03-06T16:15:24.420+0000] {logging_mixin.py:154} INFO - [2025-03-06T16:15:24.420+0000] {dag.py:3722} INFO - Setting next_dagrun for example_short_circuit_operator to 2025-03-05T16:15:24.419963+00:00, run_after=2025-03-06T16:15:24.419963+00:00
[2025-03-06T16:15:24.429+0000] {processor.py:179} INFO - Processing /home/airflow/.local/lib/python3.8/site-packages/airflow/example_dags/example_short_circuit_operator.py took 0.037 seconds
[2025-03-06T16:15:54.982+0000] {processor.py:157} INFO - Started process (PID=35393) to work on /home/airflow/.local/lib/python3.8/site-packages/airflow/example_dags/example_short_circuit_operator.py
[2025-03-06T16:15:54.983+0000] {processor.py:829} INFO - Processing file /home/airflow/.local/lib/python3.8/site-packages/airflow/example_dags/example_short_circuit_operator.py for tasks to queue
[2025-03-06T16:15:54.983+0000] {logging_mixin.py:154} INFO - [2025-03-06T16:15:54.983+0000] {dagbag.py:536} INFO - Filling up the DagBag from /home/airflow/.local/lib/python3.8/site-packages/airflow/example_dags/example_short_circuit_operator.py
[2025-03-06T16:15:54.989+0000] {processor.py:839} INFO - DAG(s) dict_keys(['example_short_circuit_operator']) retrieved from /home/airflow/.local/lib/python3.8/site-packages/airflow/example_dags/example_short_circuit_operator.py
[2025-03-06T16:15:54.999+0000] {logging_mixin.py:154} INFO - [2025-03-06T16:15:54.999+0000] {dag.py:2941} INFO - Sync 1 DAGs
[2025-03-06T16:15:55.009+0000] {logging_mixin.py:154} INFO - [2025-03-06T16:15:55.009+0000] {dag.py:3722} INFO - Setting next_dagrun for example_short_circuit_operator to 2025-03-05T16:15:55.009511+00:00, run_after=2025-03-06T16:15:55.009511+00:00
[2025-03-06T16:15:55.019+0000] {processor.py:179} INFO - Processing /home/airflow/.local/lib/python3.8/site-packages/airflow/example_dags/example_short_circuit_operator.py took 0.039 seconds
[2025-03-06T16:16:25.575+0000] {processor.py:157} INFO - Started process (PID=35449) to work on /home/airflow/.local/lib/python3.8/site-packages/airflow/example_dags/example_short_circuit_operator.py
[2025-03-06T16:16:25.576+0000] {processor.py:829} INFO - Processing file /home/airflow/.local/lib/python3.8/site-packages/airflow/example_dags/example_short_circuit_operator.py for tasks to queue
[2025-03-06T16:16:25.577+0000] {logging_mixin.py:154} INFO - [2025-03-06T16:16:25.577+0000] {dagbag.py:536} INFO - Filling up the DagBag from /home/airflow/.local/lib/python3.8/site-packages/airflow/example_dags/example_short_circuit_operator.py
[2025-03-06T16:16:25.582+0000] {processor.py:839} INFO - DAG(s) dict_keys(['example_short_circuit_operator']) retrieved from /home/airflow/.local/lib/python3.8/site-packages/airflow/example_dags/example_short_circuit_operator.py
[2025-03-06T16:16:25.594+0000] {logging_mixin.py:154} INFO - [2025-03-06T16:16:25.594+0000] {dag.py:2941} INFO - Sync 1 DAGs
[2025-03-06T16:16:25.603+0000] {logging_mixin.py:154} INFO - [2025-03-06T16:16:25.603+0000] {dag.py:3722} INFO - Setting next_dagrun for example_short_circuit_operator to 2025-03-05T16:16:25.603739+00:00, run_after=2025-03-06T16:16:25.603739+00:00
[2025-03-06T16:16:25.612+0000] {processor.py:179} INFO - Processing /home/airflow/.local/lib/python3.8/site-packages/airflow/example_dags/example_short_circuit_operator.py took 0.039 seconds
[2025-03-06T16:16:56.228+0000] {processor.py:157} INFO - Started process (PID=35505) to work on /home/airflow/.local/lib/python3.8/site-packages/airflow/example_dags/example_short_circuit_operator.py
[2025-03-06T16:16:56.229+0000] {processor.py:829} INFO - Processing file /home/airflow/.local/lib/python3.8/site-packages/airflow/example_dags/example_short_circuit_operator.py for tasks to queue
[2025-03-06T16:16:56.229+0000] {logging_mixin.py:154} INFO - [2025-03-06T16:16:56.229+0000] {dagbag.py:536} INFO - Filling up the DagBag from /home/airflow/.local/lib/python3.8/site-packages/airflow/example_dags/example_short_circuit_operator.py
[2025-03-06T16:16:56.233+0000] {processor.py:839} INFO - DAG(s) dict_keys(['example_short_circuit_operator']) retrieved from /home/airflow/.local/lib/python3.8/site-packages/airflow/example_dags/example_short_circuit_operator.py
[2025-03-06T16:16:56.243+0000] {logging_mixin.py:154} INFO - [2025-03-06T16:16:56.243+0000] {dag.py:2941} INFO - Sync 1 DAGs
[2025-03-06T16:16:56.251+0000] {logging_mixin.py:154} INFO - [2025-03-06T16:16:56.251+0000] {dag.py:3722} INFO - Setting next_dagrun for example_short_circuit_operator to 2025-03-05T16:16:56.251397+00:00, run_after=2025-03-06T16:16:56.251397+00:00
[2025-03-06T16:16:56.259+0000] {processor.py:179} INFO - Processing /home/airflow/.local/lib/python3.8/site-packages/airflow/example_dags/example_short_circuit_operator.py took 0.032 seconds
[2025-03-06T16:17:26.832+0000] {processor.py:157} INFO - Started process (PID=35561) to work on /home/airflow/.local/lib/python3.8/site-packages/airflow/example_dags/example_short_circuit_operator.py
[2025-03-06T16:17:26.832+0000] {processor.py:829} INFO - Processing file /home/airflow/.local/lib/python3.8/site-packages/airflow/example_dags/example_short_circuit_operator.py for tasks to queue
[2025-03-06T16:17:26.833+0000] {logging_mixin.py:154} INFO - [2025-03-06T16:17:26.832+0000] {dagbag.py:536} INFO - Filling up the DagBag from /home/airflow/.local/lib/python3.8/site-packages/airflow/example_dags/example_short_circuit_operator.py
[2025-03-06T16:17:26.836+0000] {processor.py:839} INFO - DAG(s) dict_keys(['example_short_circuit_operator']) retrieved from /home/airflow/.local/lib/python3.8/site-packages/airflow/example_dags/example_short_circuit_operator.py
[2025-03-06T16:17:26.847+0000] {logging_mixin.py:154} INFO - [2025-03-06T16:17:26.847+0000] {dag.py:2941} INFO - Sync 1 DAGs
[2025-03-06T16:17:26.856+0000] {logging_mixin.py:154} INFO - [2025-03-06T16:17:26.856+0000] {dag.py:3722} INFO - Setting next_dagrun for example_short_circuit_operator to 2025-03-05T16:17:26.856716+00:00, run_after=2025-03-06T16:17:26.856716+00:00
[2025-03-06T16:17:26.866+0000] {processor.py:179} INFO - Processing /home/airflow/.local/lib/python3.8/site-packages/airflow/example_dags/example_short_circuit_operator.py took 0.036 seconds
[2025-03-06T16:17:57.479+0000] {processor.py:157} INFO - Started process (PID=35617) to work on /home/airflow/.local/lib/python3.8/site-packages/airflow/example_dags/example_short_circuit_operator.py
[2025-03-06T16:17:57.480+0000] {processor.py:829} INFO - Processing file /home/airflow/.local/lib/python3.8/site-packages/airflow/example_dags/example_short_circuit_operator.py for tasks to queue
[2025-03-06T16:17:57.480+0000] {logging_mixin.py:154} INFO - [2025-03-06T16:17:57.480+0000] {dagbag.py:536} INFO - Filling up the DagBag from /home/airflow/.local/lib/python3.8/site-packages/airflow/example_dags/example_short_circuit_operator.py
[2025-03-06T16:17:57.484+0000] {processor.py:839} INFO - DAG(s) dict_keys(['example_short_circuit_operator']) retrieved from /home/airflow/.local/lib/python3.8/site-packages/airflow/example_dags/example_short_circuit_operator.py
[2025-03-06T16:17:57.495+0000] {logging_mixin.py:154} INFO - [2025-03-06T16:17:57.495+0000] {dag.py:2941} INFO - Sync 1 DAGs
[2025-03-06T16:17:57.505+0000] {logging_mixin.py:154} INFO - [2025-03-06T16:17:57.505+0000] {dag.py:3722} INFO - Setting next_dagrun for example_short_circuit_operator to 2025-03-05T16:17:57.505062+00:00, run_after=2025-03-06T16:17:57.505062+00:00
[2025-03-06T16:17:57.513+0000] {processor.py:179} INFO - Processing /home/airflow/.local/lib/python3.8/site-packages/airflow/example_dags/example_short_circuit_operator.py took 0.036 seconds
[2025-03-06T16:18:28.082+0000] {processor.py:157} INFO - Started process (PID=35673) to work on /home/airflow/.local/lib/python3.8/site-packages/airflow/example_dags/example_short_circuit_operator.py
[2025-03-06T16:18:28.083+0000] {processor.py:829} INFO - Processing file /home/airflow/.local/lib/python3.8/site-packages/airflow/example_dags/example_short_circuit_operator.py for tasks to queue
[2025-03-06T16:18:28.083+0000] {logging_mixin.py:154} INFO - [2025-03-06T16:18:28.083+0000] {dagbag.py:536} INFO - Filling up the DagBag from /home/airflow/.local/lib/python3.8/site-packages/airflow/example_dags/example_short_circuit_operator.py
[2025-03-06T16:18:28.090+0000] {processor.py:839} INFO - DAG(s) dict_keys(['example_short_circuit_operator']) retrieved from /home/airflow/.local/lib/python3.8/site-packages/airflow/example_dags/example_short_circuit_operator.py
[2025-03-06T16:18:28.101+0000] {logging_mixin.py:154} INFO - [2025-03-06T16:18:28.100+0000] {dag.py:2941} INFO - Sync 1 DAGs
[2025-03-06T16:18:28.109+0000] {logging_mixin.py:154} INFO - [2025-03-06T16:18:28.109+0000] {dag.py:3722} INFO - Setting next_dagrun for example_short_circuit_operator to 2025-03-05T16:18:28.109437+00:00, run_after=2025-03-06T16:18:28.109437+00:00
[2025-03-06T16:18:28.116+0000] {processor.py:179} INFO - Processing /home/airflow/.local/lib/python3.8/site-packages/airflow/example_dags/example_short_circuit_operator.py took 0.036 seconds
[2025-03-06T16:18:58.723+0000] {processor.py:157} INFO - Started process (PID=35729) to work on /home/airflow/.local/lib/python3.8/site-packages/airflow/example_dags/example_short_circuit_operator.py
[2025-03-06T16:18:58.723+0000] {processor.py:829} INFO - Processing file /home/airflow/.local/lib/python3.8/site-packages/airflow/example_dags/example_short_circuit_operator.py for tasks to queue
[2025-03-06T16:18:58.723+0000] {logging_mixin.py:154} INFO - [2025-03-06T16:18:58.723+0000] {dagbag.py:536} INFO - Filling up the DagBag from /home/airflow/.local/lib/python3.8/site-packages/airflow/example_dags/example_short_circuit_operator.py
[2025-03-06T16:18:58.728+0000] {processor.py:839} INFO - DAG(s) dict_keys(['example_short_circuit_operator']) retrieved from /home/airflow/.local/lib/python3.8/site-packages/airflow/example_dags/example_short_circuit_operator.py
[2025-03-06T16:18:58.737+0000] {logging_mixin.py:154} INFO - [2025-03-06T16:18:58.737+0000] {dag.py:2941} INFO - Sync 1 DAGs
[2025-03-06T16:18:58.746+0000] {logging_mixin.py:154} INFO - [2025-03-06T16:18:58.746+0000] {dag.py:3722} INFO - Setting next_dagrun for example_short_circuit_operator to 2025-03-05T16:18:58.746387+00:00, run_after=2025-03-06T16:18:58.746387+00:00
[2025-03-06T16:18:58.756+0000] {processor.py:179} INFO - Processing /home/airflow/.local/lib/python3.8/site-packages/airflow/example_dags/example_short_circuit_operator.py took 0.035 seconds
[2025-03-06T16:19:29.383+0000] {processor.py:157} INFO - Started process (PID=35785) to work on /home/airflow/.local/lib/python3.8/site-packages/airflow/example_dags/example_short_circuit_operator.py
[2025-03-06T16:19:29.384+0000] {processor.py:829} INFO - Processing file /home/airflow/.local/lib/python3.8/site-packages/airflow/example_dags/example_short_circuit_operator.py for tasks to queue
[2025-03-06T16:19:29.387+0000] {logging_mixin.py:154} INFO - [2025-03-06T16:19:29.387+0000] {dagbag.py:536} INFO - Filling up the DagBag from /home/airflow/.local/lib/python3.8/site-packages/airflow/example_dags/example_short_circuit_operator.py
[2025-03-06T16:19:29.391+0000] {processor.py:839} INFO - DAG(s) dict_keys(['example_short_circuit_operator']) retrieved from /home/airflow/.local/lib/python3.8/site-packages/airflow/example_dags/example_short_circuit_operator.py
[2025-03-06T16:19:29.402+0000] {logging_mixin.py:154} INFO - [2025-03-06T16:19:29.402+0000] {dag.py:2941} INFO - Sync 1 DAGs
[2025-03-06T16:19:29.413+0000] {logging_mixin.py:154} INFO - [2025-03-06T16:19:29.413+0000] {dag.py:3722} INFO - Setting next_dagrun for example_short_circuit_operator to 2025-03-05T16:19:29.413066+00:00, run_after=2025-03-06T16:19:29.413066+00:00
[2025-03-06T16:19:29.419+0000] {processor.py:179} INFO - Processing /home/airflow/.local/lib/python3.8/site-packages/airflow/example_dags/example_short_circuit_operator.py took 0.038 seconds
[2025-03-06T16:20:00.067+0000] {processor.py:157} INFO - Started process (PID=35841) to work on /home/airflow/.local/lib/python3.8/site-packages/airflow/example_dags/example_short_circuit_operator.py
[2025-03-06T16:20:00.067+0000] {processor.py:829} INFO - Processing file /home/airflow/.local/lib/python3.8/site-packages/airflow/example_dags/example_short_circuit_operator.py for tasks to queue
[2025-03-06T16:20:00.068+0000] {logging_mixin.py:154} INFO - [2025-03-06T16:20:00.068+0000] {dagbag.py:536} INFO - Filling up the DagBag from /home/airflow/.local/lib/python3.8/site-packages/airflow/example_dags/example_short_circuit_operator.py
[2025-03-06T16:20:00.072+0000] {processor.py:839} INFO - DAG(s) dict_keys(['example_short_circuit_operator']) retrieved from /home/airflow/.local/lib/python3.8/site-packages/airflow/example_dags/example_short_circuit_operator.py
[2025-03-06T16:20:00.083+0000] {logging_mixin.py:154} INFO - [2025-03-06T16:20:00.083+0000] {dag.py:2941} INFO - Sync 1 DAGs
[2025-03-06T16:20:00.092+0000] {logging_mixin.py:154} INFO - [2025-03-06T16:20:00.092+0000] {dag.py:3722} INFO - Setting next_dagrun for example_short_circuit_operator to 2025-03-05T16:20:00.092797+00:00, run_after=2025-03-06T16:20:00.092797+00:00
[2025-03-06T16:20:00.099+0000] {processor.py:179} INFO - Processing /home/airflow/.local/lib/python3.8/site-packages/airflow/example_dags/example_short_circuit_operator.py took 0.034 seconds
[2025-03-06T16:20:30.759+0000] {processor.py:157} INFO - Started process (PID=35897) to work on /home/airflow/.local/lib/python3.8/site-packages/airflow/example_dags/example_short_circuit_operator.py
[2025-03-06T16:20:30.759+0000] {processor.py:829} INFO - Processing file /home/airflow/.local/lib/python3.8/site-packages/airflow/example_dags/example_short_circuit_operator.py for tasks to queue
[2025-03-06T16:20:30.759+0000] {logging_mixin.py:154} INFO - [2025-03-06T16:20:30.759+0000] {dagbag.py:536} INFO - Filling up the DagBag from /home/airflow/.local/lib/python3.8/site-packages/airflow/example_dags/example_short_circuit_operator.py
[2025-03-06T16:20:30.764+0000] {processor.py:839} INFO - DAG(s) dict_keys(['example_short_circuit_operator']) retrieved from /home/airflow/.local/lib/python3.8/site-packages/airflow/example_dags/example_short_circuit_operator.py
[2025-03-06T16:20:30.774+0000] {logging_mixin.py:154} INFO - [2025-03-06T16:20:30.774+0000] {dag.py:2941} INFO - Sync 1 DAGs
[2025-03-06T16:20:30.784+0000] {logging_mixin.py:154} INFO - [2025-03-06T16:20:30.784+0000] {dag.py:3722} INFO - Setting next_dagrun for example_short_circuit_operator to 2025-03-05T16:20:30.784387+00:00, run_after=2025-03-06T16:20:30.784387+00:00
[2025-03-06T16:20:30.798+0000] {processor.py:179} INFO - Processing /home/airflow/.local/lib/python3.8/site-packages/airflow/example_dags/example_short_circuit_operator.py took 0.041 seconds
[2025-03-06T16:21:01.488+0000] {processor.py:157} INFO - Started process (PID=35953) to work on /home/airflow/.local/lib/python3.8/site-packages/airflow/example_dags/example_short_circuit_operator.py
[2025-03-06T16:21:01.489+0000] {processor.py:829} INFO - Processing file /home/airflow/.local/lib/python3.8/site-packages/airflow/example_dags/example_short_circuit_operator.py for tasks to queue
[2025-03-06T16:21:01.489+0000] {logging_mixin.py:154} INFO - [2025-03-06T16:21:01.489+0000] {dagbag.py:536} INFO - Filling up the DagBag from /home/airflow/.local/lib/python3.8/site-packages/airflow/example_dags/example_short_circuit_operator.py
[2025-03-06T16:21:01.494+0000] {processor.py:839} INFO - DAG(s) dict_keys(['example_short_circuit_operator']) retrieved from /home/airflow/.local/lib/python3.8/site-packages/airflow/example_dags/example_short_circuit_operator.py
[2025-03-06T16:21:01.506+0000] {logging_mixin.py:154} INFO - [2025-03-06T16:21:01.505+0000] {dag.py:2941} INFO - Sync 1 DAGs
[2025-03-06T16:21:01.514+0000] {logging_mixin.py:154} INFO - [2025-03-06T16:21:01.514+0000] {dag.py:3722} INFO - Setting next_dagrun for example_short_circuit_operator to 2025-03-05T16:21:01.514745+00:00, run_after=2025-03-06T16:21:01.514745+00:00
[2025-03-06T16:21:01.526+0000] {processor.py:179} INFO - Processing /home/airflow/.local/lib/python3.8/site-packages/airflow/example_dags/example_short_circuit_operator.py took 0.039 seconds
[2025-03-06T16:21:32.189+0000] {processor.py:157} INFO - Started process (PID=36009) to work on /home/airflow/.local/lib/python3.8/site-packages/airflow/example_dags/example_short_circuit_operator.py
[2025-03-06T16:21:32.191+0000] {processor.py:829} INFO - Processing file /home/airflow/.local/lib/python3.8/site-packages/airflow/example_dags/example_short_circuit_operator.py for tasks to queue
[2025-03-06T16:21:32.192+0000] {logging_mixin.py:154} INFO - [2025-03-06T16:21:32.192+0000] {dagbag.py:536} INFO - Filling up the DagBag from /home/airflow/.local/lib/python3.8/site-packages/airflow/example_dags/example_short_circuit_operator.py
[2025-03-06T16:21:32.198+0000] {processor.py:839} INFO - DAG(s) dict_keys(['example_short_circuit_operator']) retrieved from /home/airflow/.local/lib/python3.8/site-packages/airflow/example_dags/example_short_circuit_operator.py
[2025-03-06T16:21:32.210+0000] {logging_mixin.py:154} INFO - [2025-03-06T16:21:32.209+0000] {dag.py:2941} INFO - Sync 1 DAGs
[2025-03-06T16:21:32.220+0000] {logging_mixin.py:154} INFO - [2025-03-06T16:21:32.220+0000] {dag.py:3722} INFO - Setting next_dagrun for example_short_circuit_operator to 2025-03-05T16:21:32.220499+00:00, run_after=2025-03-06T16:21:32.220499+00:00
[2025-03-06T16:21:32.227+0000] {processor.py:179} INFO - Processing /home/airflow/.local/lib/python3.8/site-packages/airflow/example_dags/example_short_circuit_operator.py took 0.039 seconds
[2025-03-06T16:22:02.805+0000] {processor.py:157} INFO - Started process (PID=36065) to work on /home/airflow/.local/lib/python3.8/site-packages/airflow/example_dags/example_short_circuit_operator.py
[2025-03-06T16:22:02.806+0000] {processor.py:829} INFO - Processing file /home/airflow/.local/lib/python3.8/site-packages/airflow/example_dags/example_short_circuit_operator.py for tasks to queue
[2025-03-06T16:22:02.807+0000] {logging_mixin.py:154} INFO - [2025-03-06T16:22:02.807+0000] {dagbag.py:536} INFO - Filling up the DagBag from /home/airflow/.local/lib/python3.8/site-packages/airflow/example_dags/example_short_circuit_operator.py
[2025-03-06T16:22:02.811+0000] {processor.py:839} INFO - DAG(s) dict_keys(['example_short_circuit_operator']) retrieved from /home/airflow/.local/lib/python3.8/site-packages/airflow/example_dags/example_short_circuit_operator.py
[2025-03-06T16:22:02.821+0000] {logging_mixin.py:154} INFO - [2025-03-06T16:22:02.821+0000] {dag.py:2941} INFO - Sync 1 DAGs
[2025-03-06T16:22:02.832+0000] {logging_mixin.py:154} INFO - [2025-03-06T16:22:02.832+0000] {dag.py:3722} INFO - Setting next_dagrun for example_short_circuit_operator to 2025-03-05T16:22:02.832463+00:00, run_after=2025-03-06T16:22:02.832463+00:00
[2025-03-06T16:22:02.842+0000] {processor.py:179} INFO - Processing /home/airflow/.local/lib/python3.8/site-packages/airflow/example_dags/example_short_circuit_operator.py took 0.039 seconds
[2025-03-06T16:22:33.436+0000] {processor.py:157} INFO - Started process (PID=36121) to work on /home/airflow/.local/lib/python3.8/site-packages/airflow/example_dags/example_short_circuit_operator.py
[2025-03-06T16:22:33.437+0000] {processor.py:829} INFO - Processing file /home/airflow/.local/lib/python3.8/site-packages/airflow/example_dags/example_short_circuit_operator.py for tasks to queue
[2025-03-06T16:22:33.438+0000] {logging_mixin.py:154} INFO - [2025-03-06T16:22:33.438+0000] {dagbag.py:536} INFO - Filling up the DagBag from /home/airflow/.local/lib/python3.8/site-packages/airflow/example_dags/example_short_circuit_operator.py
[2025-03-06T16:22:33.443+0000] {processor.py:839} INFO - DAG(s) dict_keys(['example_short_circuit_operator']) retrieved from /home/airflow/.local/lib/python3.8/site-packages/airflow/example_dags/example_short_circuit_operator.py
[2025-03-06T16:22:33.453+0000] {logging_mixin.py:154} INFO - [2025-03-06T16:22:33.453+0000] {dag.py:2941} INFO - Sync 1 DAGs
[2025-03-06T16:22:33.462+0000] {logging_mixin.py:154} INFO - [2025-03-06T16:22:33.462+0000] {dag.py:3722} INFO - Setting next_dagrun for example_short_circuit_operator to 2025-03-05T16:22:33.462173+00:00, run_after=2025-03-06T16:22:33.462173+00:00
[2025-03-06T16:22:33.471+0000] {processor.py:179} INFO - Processing /home/airflow/.local/lib/python3.8/site-packages/airflow/example_dags/example_short_circuit_operator.py took 0.037 seconds
[2025-03-06T16:23:03.883+0000] {processor.py:157} INFO - Started process (PID=36177) to work on /home/airflow/.local/lib/python3.8/site-packages/airflow/example_dags/example_short_circuit_operator.py
[2025-03-06T16:23:03.884+0000] {processor.py:829} INFO - Processing file /home/airflow/.local/lib/python3.8/site-packages/airflow/example_dags/example_short_circuit_operator.py for tasks to queue
[2025-03-06T16:23:03.885+0000] {logging_mixin.py:154} INFO - [2025-03-06T16:23:03.885+0000] {dagbag.py:536} INFO - Filling up the DagBag from /home/airflow/.local/lib/python3.8/site-packages/airflow/example_dags/example_short_circuit_operator.py
[2025-03-06T16:23:03.890+0000] {processor.py:839} INFO - DAG(s) dict_keys(['example_short_circuit_operator']) retrieved from /home/airflow/.local/lib/python3.8/site-packages/airflow/example_dags/example_short_circuit_operator.py
[2025-03-06T16:23:03.901+0000] {logging_mixin.py:154} INFO - [2025-03-06T16:23:03.901+0000] {dag.py:2941} INFO - Sync 1 DAGs
[2025-03-06T16:23:03.909+0000] {logging_mixin.py:154} INFO - [2025-03-06T16:23:03.909+0000] {dag.py:3722} INFO - Setting next_dagrun for example_short_circuit_operator to 2025-03-05T16:23:03.909517+00:00, run_after=2025-03-06T16:23:03.909517+00:00
[2025-03-06T16:23:03.920+0000] {processor.py:179} INFO - Processing /home/airflow/.local/lib/python3.8/site-packages/airflow/example_dags/example_short_circuit_operator.py took 0.039 seconds
[2025-03-06T16:23:34.451+0000] {processor.py:157} INFO - Started process (PID=36233) to work on /home/airflow/.local/lib/python3.8/site-packages/airflow/example_dags/example_short_circuit_operator.py
[2025-03-06T16:23:34.453+0000] {processor.py:829} INFO - Processing file /home/airflow/.local/lib/python3.8/site-packages/airflow/example_dags/example_short_circuit_operator.py for tasks to queue
[2025-03-06T16:23:34.453+0000] {logging_mixin.py:154} INFO - [2025-03-06T16:23:34.453+0000] {dagbag.py:536} INFO - Filling up the DagBag from /home/airflow/.local/lib/python3.8/site-packages/airflow/example_dags/example_short_circuit_operator.py
[2025-03-06T16:23:34.457+0000] {processor.py:839} INFO - DAG(s) dict_keys(['example_short_circuit_operator']) retrieved from /home/airflow/.local/lib/python3.8/site-packages/airflow/example_dags/example_short_circuit_operator.py
[2025-03-06T16:23:34.467+0000] {logging_mixin.py:154} INFO - [2025-03-06T16:23:34.467+0000] {dag.py:2941} INFO - Sync 1 DAGs
[2025-03-06T16:23:34.475+0000] {logging_mixin.py:154} INFO - [2025-03-06T16:23:34.475+0000] {dag.py:3722} INFO - Setting next_dagrun for example_short_circuit_operator to 2025-03-05T16:23:34.475670+00:00, run_after=2025-03-06T16:23:34.475670+00:00
[2025-03-06T16:23:34.482+0000] {processor.py:179} INFO - Processing /home/airflow/.local/lib/python3.8/site-packages/airflow/example_dags/example_short_circuit_operator.py took 0.032 seconds
[2025-03-06T16:24:04.948+0000] {processor.py:157} INFO - Started process (PID=36289) to work on /home/airflow/.local/lib/python3.8/site-packages/airflow/example_dags/example_short_circuit_operator.py
[2025-03-06T16:24:04.948+0000] {processor.py:829} INFO - Processing file /home/airflow/.local/lib/python3.8/site-packages/airflow/example_dags/example_short_circuit_operator.py for tasks to queue
[2025-03-06T16:24:04.951+0000] {logging_mixin.py:154} INFO - [2025-03-06T16:24:04.951+0000] {dagbag.py:536} INFO - Filling up the DagBag from /home/airflow/.local/lib/python3.8/site-packages/airflow/example_dags/example_short_circuit_operator.py
[2025-03-06T16:24:04.955+0000] {processor.py:839} INFO - DAG(s) dict_keys(['example_short_circuit_operator']) retrieved from /home/airflow/.local/lib/python3.8/site-packages/airflow/example_dags/example_short_circuit_operator.py
[2025-03-06T16:24:04.965+0000] {logging_mixin.py:154} INFO - [2025-03-06T16:24:04.964+0000] {dag.py:2941} INFO - Sync 1 DAGs
[2025-03-06T16:24:04.972+0000] {logging_mixin.py:154} INFO - [2025-03-06T16:24:04.972+0000] {dag.py:3722} INFO - Setting next_dagrun for example_short_circuit_operator to 2025-03-05T16:24:04.972378+00:00, run_after=2025-03-06T16:24:04.972378+00:00
[2025-03-06T16:24:04.981+0000] {processor.py:179} INFO - Processing /home/airflow/.local/lib/python3.8/site-packages/airflow/example_dags/example_short_circuit_operator.py took 0.035 seconds
[2025-03-06T16:24:35.436+0000] {processor.py:157} INFO - Started process (PID=36345) to work on /home/airflow/.local/lib/python3.8/site-packages/airflow/example_dags/example_short_circuit_operator.py
[2025-03-06T16:24:35.437+0000] {processor.py:829} INFO - Processing file /home/airflow/.local/lib/python3.8/site-packages/airflow/example_dags/example_short_circuit_operator.py for tasks to queue
[2025-03-06T16:24:35.437+0000] {logging_mixin.py:154} INFO - [2025-03-06T16:24:35.437+0000] {dagbag.py:536} INFO - Filling up the DagBag from /home/airflow/.local/lib/python3.8/site-packages/airflow/example_dags/example_short_circuit_operator.py
[2025-03-06T16:24:35.442+0000] {processor.py:839} INFO - DAG(s) dict_keys(['example_short_circuit_operator']) retrieved from /home/airflow/.local/lib/python3.8/site-packages/airflow/example_dags/example_short_circuit_operator.py
[2025-03-06T16:24:35.452+0000] {logging_mixin.py:154} INFO - [2025-03-06T16:24:35.451+0000] {dag.py:2941} INFO - Sync 1 DAGs
[2025-03-06T16:24:35.461+0000] {logging_mixin.py:154} INFO - [2025-03-06T16:24:35.461+0000] {dag.py:3722} INFO - Setting next_dagrun for example_short_circuit_operator to 2025-03-05T16:24:35.461577+00:00, run_after=2025-03-06T16:24:35.461577+00:00
[2025-03-06T16:24:35.471+0000] {processor.py:179} INFO - Processing /home/airflow/.local/lib/python3.8/site-packages/airflow/example_dags/example_short_circuit_operator.py took 0.036 seconds
[2025-03-06T16:25:05.920+0000] {processor.py:157} INFO - Started process (PID=36401) to work on /home/airflow/.local/lib/python3.8/site-packages/airflow/example_dags/example_short_circuit_operator.py
[2025-03-06T16:25:05.921+0000] {processor.py:829} INFO - Processing file /home/airflow/.local/lib/python3.8/site-packages/airflow/example_dags/example_short_circuit_operator.py for tasks to queue
[2025-03-06T16:25:05.921+0000] {logging_mixin.py:154} INFO - [2025-03-06T16:25:05.921+0000] {dagbag.py:536} INFO - Filling up the DagBag from /home/airflow/.local/lib/python3.8/site-packages/airflow/example_dags/example_short_circuit_operator.py
[2025-03-06T16:25:05.925+0000] {processor.py:839} INFO - DAG(s) dict_keys(['example_short_circuit_operator']) retrieved from /home/airflow/.local/lib/python3.8/site-packages/airflow/example_dags/example_short_circuit_operator.py
[2025-03-06T16:25:05.935+0000] {logging_mixin.py:154} INFO - [2025-03-06T16:25:05.935+0000] {dag.py:2941} INFO - Sync 1 DAGs
[2025-03-06T16:25:05.947+0000] {logging_mixin.py:154} INFO - [2025-03-06T16:25:05.947+0000] {dag.py:3722} INFO - Setting next_dagrun for example_short_circuit_operator to 2025-03-05T16:25:05.947745+00:00, run_after=2025-03-06T16:25:05.947745+00:00
[2025-03-06T16:25:05.962+0000] {processor.py:179} INFO - Processing /home/airflow/.local/lib/python3.8/site-packages/airflow/example_dags/example_short_circuit_operator.py took 0.043 seconds
[2025-03-06T16:25:36.427+0000] {processor.py:157} INFO - Started process (PID=36457) to work on /home/airflow/.local/lib/python3.8/site-packages/airflow/example_dags/example_short_circuit_operator.py
[2025-03-06T16:25:36.427+0000] {processor.py:829} INFO - Processing file /home/airflow/.local/lib/python3.8/site-packages/airflow/example_dags/example_short_circuit_operator.py for tasks to queue
[2025-03-06T16:25:36.428+0000] {logging_mixin.py:154} INFO - [2025-03-06T16:25:36.428+0000] {dagbag.py:536} INFO - Filling up the DagBag from /home/airflow/.local/lib/python3.8/site-packages/airflow/example_dags/example_short_circuit_operator.py
[2025-03-06T16:25:36.433+0000] {processor.py:839} INFO - DAG(s) dict_keys(['example_short_circuit_operator']) retrieved from /home/airflow/.local/lib/python3.8/site-packages/airflow/example_dags/example_short_circuit_operator.py
[2025-03-06T16:25:36.442+0000] {logging_mixin.py:154} INFO - [2025-03-06T16:25:36.442+0000] {dag.py:2941} INFO - Sync 1 DAGs
[2025-03-06T16:25:36.450+0000] {logging_mixin.py:154} INFO - [2025-03-06T16:25:36.450+0000] {dag.py:3722} INFO - Setting next_dagrun for example_short_circuit_operator to 2025-03-05T16:25:36.450660+00:00, run_after=2025-03-06T16:25:36.450660+00:00
[2025-03-06T16:25:36.459+0000] {processor.py:179} INFO - Processing /home/airflow/.local/lib/python3.8/site-packages/airflow/example_dags/example_short_circuit_operator.py took 0.034 seconds
[2025-03-06T16:26:06.927+0000] {processor.py:157} INFO - Started process (PID=36513) to work on /home/airflow/.local/lib/python3.8/site-packages/airflow/example_dags/example_short_circuit_operator.py
[2025-03-06T16:26:06.928+0000] {processor.py:829} INFO - Processing file /home/airflow/.local/lib/python3.8/site-packages/airflow/example_dags/example_short_circuit_operator.py for tasks to queue
[2025-03-06T16:26:06.929+0000] {logging_mixin.py:154} INFO - [2025-03-06T16:26:06.929+0000] {dagbag.py:536} INFO - Filling up the DagBag from /home/airflow/.local/lib/python3.8/site-packages/airflow/example_dags/example_short_circuit_operator.py
[2025-03-06T16:26:06.933+0000] {processor.py:839} INFO - DAG(s) dict_keys(['example_short_circuit_operator']) retrieved from /home/airflow/.local/lib/python3.8/site-packages/airflow/example_dags/example_short_circuit_operator.py
[2025-03-06T16:26:06.943+0000] {logging_mixin.py:154} INFO - [2025-03-06T16:26:06.942+0000] {dag.py:2941} INFO - Sync 1 DAGs
[2025-03-06T16:26:06.951+0000] {logging_mixin.py:154} INFO - [2025-03-06T16:26:06.951+0000] {dag.py:3722} INFO - Setting next_dagrun for example_short_circuit_operator to 2025-03-05T16:26:06.951042+00:00, run_after=2025-03-06T16:26:06.951042+00:00
[2025-03-06T16:26:06.957+0000] {processor.py:179} INFO - Processing /home/airflow/.local/lib/python3.8/site-packages/airflow/example_dags/example_short_circuit_operator.py took 0.031 seconds
[2025-03-06T16:26:37.452+0000] {processor.py:157} INFO - Started process (PID=36569) to work on /home/airflow/.local/lib/python3.8/site-packages/airflow/example_dags/example_short_circuit_operator.py
[2025-03-06T16:26:37.453+0000] {processor.py:829} INFO - Processing file /home/airflow/.local/lib/python3.8/site-packages/airflow/example_dags/example_short_circuit_operator.py for tasks to queue
[2025-03-06T16:26:37.454+0000] {logging_mixin.py:154} INFO - [2025-03-06T16:26:37.453+0000] {dagbag.py:536} INFO - Filling up the DagBag from /home/airflow/.local/lib/python3.8/site-packages/airflow/example_dags/example_short_circuit_operator.py
[2025-03-06T16:26:37.458+0000] {processor.py:839} INFO - DAG(s) dict_keys(['example_short_circuit_operator']) retrieved from /home/airflow/.local/lib/python3.8/site-packages/airflow/example_dags/example_short_circuit_operator.py
[2025-03-06T16:26:37.469+0000] {logging_mixin.py:154} INFO - [2025-03-06T16:26:37.469+0000] {dag.py:2941} INFO - Sync 1 DAGs
[2025-03-06T16:26:37.477+0000] {logging_mixin.py:154} INFO - [2025-03-06T16:26:37.477+0000] {dag.py:3722} INFO - Setting next_dagrun for example_short_circuit_operator to 2025-03-05T16:26:37.477398+00:00, run_after=2025-03-06T16:26:37.477398+00:00
[2025-03-06T16:26:37.487+0000] {processor.py:179} INFO - Processing /home/airflow/.local/lib/python3.8/site-packages/airflow/example_dags/example_short_circuit_operator.py took 0.036 seconds
[2025-03-06T16:27:07.904+0000] {processor.py:157} INFO - Started process (PID=36625) to work on /home/airflow/.local/lib/python3.8/site-packages/airflow/example_dags/example_short_circuit_operator.py
[2025-03-06T16:27:07.904+0000] {processor.py:829} INFO - Processing file /home/airflow/.local/lib/python3.8/site-packages/airflow/example_dags/example_short_circuit_operator.py for tasks to queue
[2025-03-06T16:27:07.905+0000] {logging_mixin.py:154} INFO - [2025-03-06T16:27:07.905+0000] {dagbag.py:536} INFO - Filling up the DagBag from /home/airflow/.local/lib/python3.8/site-packages/airflow/example_dags/example_short_circuit_operator.py
[2025-03-06T16:27:07.910+0000] {processor.py:839} INFO - DAG(s) dict_keys(['example_short_circuit_operator']) retrieved from /home/airflow/.local/lib/python3.8/site-packages/airflow/example_dags/example_short_circuit_operator.py
[2025-03-06T16:27:07.920+0000] {logging_mixin.py:154} INFO - [2025-03-06T16:27:07.920+0000] {dag.py:2941} INFO - Sync 1 DAGs
[2025-03-06T16:27:07.928+0000] {logging_mixin.py:154} INFO - [2025-03-06T16:27:07.927+0000] {dag.py:3722} INFO - Setting next_dagrun for example_short_circuit_operator to 2025-03-05T16:27:07.927856+00:00, run_after=2025-03-06T16:27:07.927856+00:00
[2025-03-06T16:27:07.937+0000] {processor.py:179} INFO - Processing /home/airflow/.local/lib/python3.8/site-packages/airflow/example_dags/example_short_circuit_operator.py took 0.035 seconds
[2025-03-06T16:27:38.364+0000] {processor.py:157} INFO - Started process (PID=36681) to work on /home/airflow/.local/lib/python3.8/site-packages/airflow/example_dags/example_short_circuit_operator.py
[2025-03-06T16:27:38.365+0000] {processor.py:829} INFO - Processing file /home/airflow/.local/lib/python3.8/site-packages/airflow/example_dags/example_short_circuit_operator.py for tasks to queue
[2025-03-06T16:27:38.366+0000] {logging_mixin.py:154} INFO - [2025-03-06T16:27:38.366+0000] {dagbag.py:536} INFO - Filling up the DagBag from /home/airflow/.local/lib/python3.8/site-packages/airflow/example_dags/example_short_circuit_operator.py
[2025-03-06T16:27:38.370+0000] {processor.py:839} INFO - DAG(s) dict_keys(['example_short_circuit_operator']) retrieved from /home/airflow/.local/lib/python3.8/site-packages/airflow/example_dags/example_short_circuit_operator.py
[2025-03-06T16:27:38.380+0000] {logging_mixin.py:154} INFO - [2025-03-06T16:27:38.379+0000] {dag.py:2941} INFO - Sync 1 DAGs
[2025-03-06T16:27:38.392+0000] {logging_mixin.py:154} INFO - [2025-03-06T16:27:38.392+0000] {dag.py:3722} INFO - Setting next_dagrun for example_short_circuit_operator to 2025-03-05T16:27:38.391929+00:00, run_after=2025-03-06T16:27:38.391929+00:00
[2025-03-06T16:27:38.398+0000] {processor.py:179} INFO - Processing /home/airflow/.local/lib/python3.8/site-packages/airflow/example_dags/example_short_circuit_operator.py took 0.036 seconds
[2025-03-06T16:28:08.863+0000] {processor.py:157} INFO - Started process (PID=36737) to work on /home/airflow/.local/lib/python3.8/site-packages/airflow/example_dags/example_short_circuit_operator.py
[2025-03-06T16:28:08.863+0000] {processor.py:829} INFO - Processing file /home/airflow/.local/lib/python3.8/site-packages/airflow/example_dags/example_short_circuit_operator.py for tasks to queue
[2025-03-06T16:28:08.863+0000] {logging_mixin.py:154} INFO - [2025-03-06T16:28:08.863+0000] {dagbag.py:536} INFO - Filling up the DagBag from /home/airflow/.local/lib/python3.8/site-packages/airflow/example_dags/example_short_circuit_operator.py
[2025-03-06T16:28:08.867+0000] {processor.py:839} INFO - DAG(s) dict_keys(['example_short_circuit_operator']) retrieved from /home/airflow/.local/lib/python3.8/site-packages/airflow/example_dags/example_short_circuit_operator.py
[2025-03-06T16:28:08.878+0000] {logging_mixin.py:154} INFO - [2025-03-06T16:28:08.878+0000] {dag.py:2941} INFO - Sync 1 DAGs
[2025-03-06T16:28:08.886+0000] {logging_mixin.py:154} INFO - [2025-03-06T16:28:08.886+0000] {dag.py:3722} INFO - Setting next_dagrun for example_short_circuit_operator to 2025-03-05T16:28:08.886450+00:00, run_after=2025-03-06T16:28:08.886450+00:00
[2025-03-06T16:28:08.896+0000] {processor.py:179} INFO - Processing /home/airflow/.local/lib/python3.8/site-packages/airflow/example_dags/example_short_circuit_operator.py took 0.035 seconds
[2025-03-06T16:28:39.317+0000] {processor.py:157} INFO - Started process (PID=36793) to work on /home/airflow/.local/lib/python3.8/site-packages/airflow/example_dags/example_short_circuit_operator.py
[2025-03-06T16:28:39.318+0000] {processor.py:829} INFO - Processing file /home/airflow/.local/lib/python3.8/site-packages/airflow/example_dags/example_short_circuit_operator.py for tasks to queue
[2025-03-06T16:28:39.319+0000] {logging_mixin.py:154} INFO - [2025-03-06T16:28:39.318+0000] {dagbag.py:536} INFO - Filling up the DagBag from /home/airflow/.local/lib/python3.8/site-packages/airflow/example_dags/example_short_circuit_operator.py
[2025-03-06T16:28:39.323+0000] {processor.py:839} INFO - DAG(s) dict_keys(['example_short_circuit_operator']) retrieved from /home/airflow/.local/lib/python3.8/site-packages/airflow/example_dags/example_short_circuit_operator.py
[2025-03-06T16:28:39.332+0000] {logging_mixin.py:154} INFO - [2025-03-06T16:28:39.332+0000] {dag.py:2941} INFO - Sync 1 DAGs
[2025-03-06T16:28:39.340+0000] {logging_mixin.py:154} INFO - [2025-03-06T16:28:39.340+0000] {dag.py:3722} INFO - Setting next_dagrun for example_short_circuit_operator to 2025-03-05T16:28:39.340644+00:00, run_after=2025-03-06T16:28:39.340644+00:00
[2025-03-06T16:28:39.347+0000] {processor.py:179} INFO - Processing /home/airflow/.local/lib/python3.8/site-packages/airflow/example_dags/example_short_circuit_operator.py took 0.031 seconds
[2025-03-06T16:29:09.762+0000] {processor.py:157} INFO - Started process (PID=36849) to work on /home/airflow/.local/lib/python3.8/site-packages/airflow/example_dags/example_short_circuit_operator.py
[2025-03-06T16:29:09.764+0000] {processor.py:829} INFO - Processing file /home/airflow/.local/lib/python3.8/site-packages/airflow/example_dags/example_short_circuit_operator.py for tasks to queue
[2025-03-06T16:29:09.765+0000] {logging_mixin.py:154} INFO - [2025-03-06T16:29:09.765+0000] {dagbag.py:536} INFO - Filling up the DagBag from /home/airflow/.local/lib/python3.8/site-packages/airflow/example_dags/example_short_circuit_operator.py
[2025-03-06T16:29:09.769+0000] {processor.py:839} INFO - DAG(s) dict_keys(['example_short_circuit_operator']) retrieved from /home/airflow/.local/lib/python3.8/site-packages/airflow/example_dags/example_short_circuit_operator.py
[2025-03-06T16:29:09.780+0000] {logging_mixin.py:154} INFO - [2025-03-06T16:29:09.780+0000] {dag.py:2941} INFO - Sync 1 DAGs
[2025-03-06T16:29:09.788+0000] {logging_mixin.py:154} INFO - [2025-03-06T16:29:09.788+0000] {dag.py:3722} INFO - Setting next_dagrun for example_short_circuit_operator to 2025-03-05T16:29:09.788408+00:00, run_after=2025-03-06T16:29:09.788408+00:00
[2025-03-06T16:29:09.795+0000] {processor.py:179} INFO - Processing /home/airflow/.local/lib/python3.8/site-packages/airflow/example_dags/example_short_circuit_operator.py took 0.034 seconds
[2025-03-06T16:29:40.262+0000] {processor.py:157} INFO - Started process (PID=36905) to work on /home/airflow/.local/lib/python3.8/site-packages/airflow/example_dags/example_short_circuit_operator.py
[2025-03-06T16:29:40.263+0000] {processor.py:829} INFO - Processing file /home/airflow/.local/lib/python3.8/site-packages/airflow/example_dags/example_short_circuit_operator.py for tasks to queue
[2025-03-06T16:29:40.264+0000] {logging_mixin.py:154} INFO - [2025-03-06T16:29:40.264+0000] {dagbag.py:536} INFO - Filling up the DagBag from /home/airflow/.local/lib/python3.8/site-packages/airflow/example_dags/example_short_circuit_operator.py
[2025-03-06T16:29:40.268+0000] {processor.py:839} INFO - DAG(s) dict_keys(['example_short_circuit_operator']) retrieved from /home/airflow/.local/lib/python3.8/site-packages/airflow/example_dags/example_short_circuit_operator.py
[2025-03-06T16:29:40.277+0000] {logging_mixin.py:154} INFO - [2025-03-06T16:29:40.277+0000] {dag.py:2941} INFO - Sync 1 DAGs
[2025-03-06T16:29:40.286+0000] {logging_mixin.py:154} INFO - [2025-03-06T16:29:40.286+0000] {dag.py:3722} INFO - Setting next_dagrun for example_short_circuit_operator to 2025-03-05T16:29:40.285949+00:00, run_after=2025-03-06T16:29:40.285949+00:00
[2025-03-06T16:29:40.296+0000] {processor.py:179} INFO - Processing /home/airflow/.local/lib/python3.8/site-packages/airflow/example_dags/example_short_circuit_operator.py took 0.036 seconds
[2025-03-06T16:30:10.720+0000] {processor.py:157} INFO - Started process (PID=36961) to work on /home/airflow/.local/lib/python3.8/site-packages/airflow/example_dags/example_short_circuit_operator.py
[2025-03-06T16:30:10.721+0000] {processor.py:829} INFO - Processing file /home/airflow/.local/lib/python3.8/site-packages/airflow/example_dags/example_short_circuit_operator.py for tasks to queue
[2025-03-06T16:30:10.721+0000] {logging_mixin.py:154} INFO - [2025-03-06T16:30:10.721+0000] {dagbag.py:536} INFO - Filling up the DagBag from /home/airflow/.local/lib/python3.8/site-packages/airflow/example_dags/example_short_circuit_operator.py
[2025-03-06T16:30:10.725+0000] {processor.py:839} INFO - DAG(s) dict_keys(['example_short_circuit_operator']) retrieved from /home/airflow/.local/lib/python3.8/site-packages/airflow/example_dags/example_short_circuit_operator.py
[2025-03-06T16:30:10.735+0000] {logging_mixin.py:154} INFO - [2025-03-06T16:30:10.735+0000] {dag.py:2941} INFO - Sync 1 DAGs
[2025-03-06T16:30:10.744+0000] {logging_mixin.py:154} INFO - [2025-03-06T16:30:10.744+0000] {dag.py:3722} INFO - Setting next_dagrun for example_short_circuit_operator to 2025-03-05T16:30:10.743926+00:00, run_after=2025-03-06T16:30:10.743926+00:00
[2025-03-06T16:30:10.754+0000] {processor.py:179} INFO - Processing /home/airflow/.local/lib/python3.8/site-packages/airflow/example_dags/example_short_circuit_operator.py took 0.035 seconds
[2025-03-06T16:30:41.207+0000] {processor.py:157} INFO - Started process (PID=37017) to work on /home/airflow/.local/lib/python3.8/site-packages/airflow/example_dags/example_short_circuit_operator.py
[2025-03-06T16:30:41.209+0000] {processor.py:829} INFO - Processing file /home/airflow/.local/lib/python3.8/site-packages/airflow/example_dags/example_short_circuit_operator.py for tasks to queue
[2025-03-06T16:30:41.210+0000] {logging_mixin.py:154} INFO - [2025-03-06T16:30:41.210+0000] {dagbag.py:536} INFO - Filling up the DagBag from /home/airflow/.local/lib/python3.8/site-packages/airflow/example_dags/example_short_circuit_operator.py
[2025-03-06T16:30:41.214+0000] {processor.py:839} INFO - DAG(s) dict_keys(['example_short_circuit_operator']) retrieved from /home/airflow/.local/lib/python3.8/site-packages/airflow/example_dags/example_short_circuit_operator.py
[2025-03-06T16:30:41.223+0000] {logging_mixin.py:154} INFO - [2025-03-06T16:30:41.223+0000] {dag.py:2941} INFO - Sync 1 DAGs
[2025-03-06T16:30:41.231+0000] {logging_mixin.py:154} INFO - [2025-03-06T16:30:41.231+0000] {dag.py:3722} INFO - Setting next_dagrun for example_short_circuit_operator to 2025-03-05T16:30:41.231489+00:00, run_after=2025-03-06T16:30:41.231489+00:00
[2025-03-06T16:30:41.239+0000] {processor.py:179} INFO - Processing /home/airflow/.local/lib/python3.8/site-packages/airflow/example_dags/example_short_circuit_operator.py took 0.033 seconds
[2025-03-06T16:31:11.689+0000] {processor.py:157} INFO - Started process (PID=37079) to work on /home/airflow/.local/lib/python3.8/site-packages/airflow/example_dags/example_short_circuit_operator.py
[2025-03-06T16:31:11.689+0000] {processor.py:829} INFO - Processing file /home/airflow/.local/lib/python3.8/site-packages/airflow/example_dags/example_short_circuit_operator.py for tasks to queue
[2025-03-06T16:31:11.689+0000] {logging_mixin.py:154} INFO - [2025-03-06T16:31:11.689+0000] {dagbag.py:536} INFO - Filling up the DagBag from /home/airflow/.local/lib/python3.8/site-packages/airflow/example_dags/example_short_circuit_operator.py
[2025-03-06T16:31:11.693+0000] {processor.py:839} INFO - DAG(s) dict_keys(['example_short_circuit_operator']) retrieved from /home/airflow/.local/lib/python3.8/site-packages/airflow/example_dags/example_short_circuit_operator.py
[2025-03-06T16:31:11.703+0000] {logging_mixin.py:154} INFO - [2025-03-06T16:31:11.703+0000] {dag.py:2941} INFO - Sync 1 DAGs
[2025-03-06T16:31:11.714+0000] {logging_mixin.py:154} INFO - [2025-03-06T16:31:11.714+0000] {dag.py:3722} INFO - Setting next_dagrun for example_short_circuit_operator to 2025-03-05T16:31:11.714258+00:00, run_after=2025-03-06T16:31:11.714258+00:00
[2025-03-06T16:31:11.721+0000] {processor.py:179} INFO - Processing /home/airflow/.local/lib/python3.8/site-packages/airflow/example_dags/example_short_circuit_operator.py took 0.034 seconds
[2025-03-06T16:31:42.114+0000] {processor.py:157} INFO - Started process (PID=37136) to work on /home/airflow/.local/lib/python3.8/site-packages/airflow/example_dags/example_short_circuit_operator.py
[2025-03-06T16:31:42.115+0000] {processor.py:829} INFO - Processing file /home/airflow/.local/lib/python3.8/site-packages/airflow/example_dags/example_short_circuit_operator.py for tasks to queue
[2025-03-06T16:31:42.115+0000] {logging_mixin.py:154} INFO - [2025-03-06T16:31:42.115+0000] {dagbag.py:536} INFO - Filling up the DagBag from /home/airflow/.local/lib/python3.8/site-packages/airflow/example_dags/example_short_circuit_operator.py
[2025-03-06T16:31:42.120+0000] {processor.py:839} INFO - DAG(s) dict_keys(['example_short_circuit_operator']) retrieved from /home/airflow/.local/lib/python3.8/site-packages/airflow/example_dags/example_short_circuit_operator.py
[2025-03-06T16:31:42.129+0000] {logging_mixin.py:154} INFO - [2025-03-06T16:31:42.129+0000] {dag.py:2941} INFO - Sync 1 DAGs
[2025-03-06T16:31:42.139+0000] {logging_mixin.py:154} INFO - [2025-03-06T16:31:42.139+0000] {dag.py:3722} INFO - Setting next_dagrun for example_short_circuit_operator to 2025-03-05T16:31:42.138971+00:00, run_after=2025-03-06T16:31:42.138971+00:00
[2025-03-06T16:31:42.147+0000] {processor.py:179} INFO - Processing /home/airflow/.local/lib/python3.8/site-packages/airflow/example_dags/example_short_circuit_operator.py took 0.034 seconds
[2025-03-06T16:32:12.795+0000] {processor.py:157} INFO - Started process (PID=37192) to work on /home/airflow/.local/lib/python3.8/site-packages/airflow/example_dags/example_short_circuit_operator.py
[2025-03-06T16:32:12.796+0000] {processor.py:829} INFO - Processing file /home/airflow/.local/lib/python3.8/site-packages/airflow/example_dags/example_short_circuit_operator.py for tasks to queue
[2025-03-06T16:32:12.797+0000] {logging_mixin.py:154} INFO - [2025-03-06T16:32:12.796+0000] {dagbag.py:536} INFO - Filling up the DagBag from /home/airflow/.local/lib/python3.8/site-packages/airflow/example_dags/example_short_circuit_operator.py
[2025-03-06T16:32:12.801+0000] {processor.py:839} INFO - DAG(s) dict_keys(['example_short_circuit_operator']) retrieved from /home/airflow/.local/lib/python3.8/site-packages/airflow/example_dags/example_short_circuit_operator.py
[2025-03-06T16:32:12.811+0000] {logging_mixin.py:154} INFO - [2025-03-06T16:32:12.811+0000] {dag.py:2941} INFO - Sync 1 DAGs
[2025-03-06T16:32:12.820+0000] {logging_mixin.py:154} INFO - [2025-03-06T16:32:12.820+0000] {dag.py:3722} INFO - Setting next_dagrun for example_short_circuit_operator to 2025-03-05T16:32:12.819926+00:00, run_after=2025-03-06T16:32:12.819926+00:00
[2025-03-06T16:32:12.829+0000] {processor.py:179} INFO - Processing /home/airflow/.local/lib/python3.8/site-packages/airflow/example_dags/example_short_circuit_operator.py took 0.036 seconds
[2025-03-06T17:36:38.807+0000] {processor.py:157} INFO - Started process (PID=37241) to work on /home/airflow/.local/lib/python3.8/site-packages/airflow/example_dags/example_short_circuit_operator.py
[2025-03-06T17:36:38.807+0000] {processor.py:829} INFO - Processing file /home/airflow/.local/lib/python3.8/site-packages/airflow/example_dags/example_short_circuit_operator.py for tasks to queue
[2025-03-06T17:36:38.808+0000] {logging_mixin.py:154} INFO - [2025-03-06T17:36:38.808+0000] {dagbag.py:536} INFO - Filling up the DagBag from /home/airflow/.local/lib/python3.8/site-packages/airflow/example_dags/example_short_circuit_operator.py
[2025-03-06T17:36:38.815+0000] {processor.py:839} INFO - DAG(s) dict_keys(['example_short_circuit_operator']) retrieved from /home/airflow/.local/lib/python3.8/site-packages/airflow/example_dags/example_short_circuit_operator.py
[2025-03-06T17:36:38.833+0000] {logging_mixin.py:154} INFO - [2025-03-06T17:36:38.833+0000] {dag.py:2941} INFO - Sync 1 DAGs
[2025-03-06T17:36:38.844+0000] {logging_mixin.py:154} INFO - [2025-03-06T17:36:38.844+0000] {dag.py:3722} INFO - Setting next_dagrun for example_short_circuit_operator to 2025-03-05T17:36:38.844137+00:00, run_after=2025-03-06T17:36:38.844137+00:00
[2025-03-06T17:36:38.855+0000] {processor.py:179} INFO - Processing /home/airflow/.local/lib/python3.8/site-packages/airflow/example_dags/example_short_circuit_operator.py took 0.051 seconds
[2025-03-06T18:32:00.658+0000] {processor.py:157} INFO - Started process (PID=37297) to work on /home/airflow/.local/lib/python3.8/site-packages/airflow/example_dags/example_short_circuit_operator.py
[2025-03-06T18:32:00.660+0000] {processor.py:829} INFO - Processing file /home/airflow/.local/lib/python3.8/site-packages/airflow/example_dags/example_short_circuit_operator.py for tasks to queue
[2025-03-06T18:32:00.661+0000] {logging_mixin.py:154} INFO - [2025-03-06T18:32:00.661+0000] {dagbag.py:536} INFO - Filling up the DagBag from /home/airflow/.local/lib/python3.8/site-packages/airflow/example_dags/example_short_circuit_operator.py
[2025-03-06T18:32:00.666+0000] {processor.py:839} INFO - DAG(s) dict_keys(['example_short_circuit_operator']) retrieved from /home/airflow/.local/lib/python3.8/site-packages/airflow/example_dags/example_short_circuit_operator.py
[2025-03-06T18:32:00.676+0000] {logging_mixin.py:154} INFO - [2025-03-06T18:32:00.675+0000] {dag.py:2941} INFO - Sync 1 DAGs
[2025-03-06T18:32:00.683+0000] {logging_mixin.py:154} INFO - [2025-03-06T18:32:00.683+0000] {dag.py:3722} INFO - Setting next_dagrun for example_short_circuit_operator to 2025-03-05T18:32:00.683671+00:00, run_after=2025-03-06T18:32:00.683671+00:00
[2025-03-06T18:32:00.690+0000] {processor.py:179} INFO - Processing /home/airflow/.local/lib/python3.8/site-packages/airflow/example_dags/example_short_circuit_operator.py took 0.033 seconds
[2025-03-06T19:13:27.796+0000] {processor.py:157} INFO - Started process (PID=37353) to work on /home/airflow/.local/lib/python3.8/site-packages/airflow/example_dags/example_short_circuit_operator.py
[2025-03-06T19:13:27.796+0000] {processor.py:829} INFO - Processing file /home/airflow/.local/lib/python3.8/site-packages/airflow/example_dags/example_short_circuit_operator.py for tasks to queue
[2025-03-06T19:13:27.796+0000] {logging_mixin.py:154} INFO - [2025-03-06T19:13:27.796+0000] {dagbag.py:536} INFO - Filling up the DagBag from /home/airflow/.local/lib/python3.8/site-packages/airflow/example_dags/example_short_circuit_operator.py
[2025-03-06T19:13:27.800+0000] {processor.py:839} INFO - DAG(s) dict_keys(['example_short_circuit_operator']) retrieved from /home/airflow/.local/lib/python3.8/site-packages/airflow/example_dags/example_short_circuit_operator.py
[2025-03-06T19:13:27.809+0000] {logging_mixin.py:154} INFO - [2025-03-06T19:13:27.809+0000] {dag.py:2941} INFO - Sync 1 DAGs
[2025-03-06T19:13:27.818+0000] {logging_mixin.py:154} INFO - [2025-03-06T19:13:27.818+0000] {dag.py:3722} INFO - Setting next_dagrun for example_short_circuit_operator to 2025-03-05T19:13:27.818510+00:00, run_after=2025-03-06T19:13:27.818510+00:00
[2025-03-06T19:13:27.826+0000] {processor.py:179} INFO - Processing /home/airflow/.local/lib/python3.8/site-packages/airflow/example_dags/example_short_circuit_operator.py took 0.032 seconds
[2025-03-06T19:32:53.004+0000] {processor.py:157} INFO - Started process (PID=37409) to work on /home/airflow/.local/lib/python3.8/site-packages/airflow/example_dags/example_short_circuit_operator.py
[2025-03-06T19:32:53.005+0000] {processor.py:829} INFO - Processing file /home/airflow/.local/lib/python3.8/site-packages/airflow/example_dags/example_short_circuit_operator.py for tasks to queue
[2025-03-06T19:32:53.006+0000] {logging_mixin.py:154} INFO - [2025-03-06T19:32:53.006+0000] {dagbag.py:536} INFO - Filling up the DagBag from /home/airflow/.local/lib/python3.8/site-packages/airflow/example_dags/example_short_circuit_operator.py
[2025-03-06T19:32:53.011+0000] {processor.py:839} INFO - DAG(s) dict_keys(['example_short_circuit_operator']) retrieved from /home/airflow/.local/lib/python3.8/site-packages/airflow/example_dags/example_short_circuit_operator.py
[2025-03-06T19:32:53.024+0000] {logging_mixin.py:154} INFO - [2025-03-06T19:32:53.023+0000] {dag.py:2941} INFO - Sync 1 DAGs
[2025-03-06T19:32:53.034+0000] {logging_mixin.py:154} INFO - [2025-03-06T19:32:53.033+0000] {dag.py:3722} INFO - Setting next_dagrun for example_short_circuit_operator to 2025-03-05T19:32:53.033849+00:00, run_after=2025-03-06T19:32:53.033849+00:00
[2025-03-06T19:32:53.041+0000] {processor.py:179} INFO - Processing /home/airflow/.local/lib/python3.8/site-packages/airflow/example_dags/example_short_circuit_operator.py took 0.039 seconds
[2025-03-06T19:33:23.536+0000] {processor.py:157} INFO - Started process (PID=37465) to work on /home/airflow/.local/lib/python3.8/site-packages/airflow/example_dags/example_short_circuit_operator.py
[2025-03-06T19:33:23.537+0000] {processor.py:829} INFO - Processing file /home/airflow/.local/lib/python3.8/site-packages/airflow/example_dags/example_short_circuit_operator.py for tasks to queue
[2025-03-06T19:33:23.537+0000] {logging_mixin.py:154} INFO - [2025-03-06T19:33:23.537+0000] {dagbag.py:536} INFO - Filling up the DagBag from /home/airflow/.local/lib/python3.8/site-packages/airflow/example_dags/example_short_circuit_operator.py
[2025-03-06T19:33:23.541+0000] {processor.py:839} INFO - DAG(s) dict_keys(['example_short_circuit_operator']) retrieved from /home/airflow/.local/lib/python3.8/site-packages/airflow/example_dags/example_short_circuit_operator.py
[2025-03-06T19:33:23.552+0000] {logging_mixin.py:154} INFO - [2025-03-06T19:33:23.552+0000] {dag.py:2941} INFO - Sync 1 DAGs
[2025-03-06T19:33:23.561+0000] {logging_mixin.py:154} INFO - [2025-03-06T19:33:23.561+0000] {dag.py:3722} INFO - Setting next_dagrun for example_short_circuit_operator to 2025-03-05T19:33:23.561387+00:00, run_after=2025-03-06T19:33:23.561387+00:00
[2025-03-06T19:33:23.567+0000] {processor.py:179} INFO - Processing /home/airflow/.local/lib/python3.8/site-packages/airflow/example_dags/example_short_circuit_operator.py took 0.032 seconds
[2025-03-06T19:33:53.993+0000] {processor.py:157} INFO - Started process (PID=37521) to work on /home/airflow/.local/lib/python3.8/site-packages/airflow/example_dags/example_short_circuit_operator.py
[2025-03-06T19:33:53.994+0000] {processor.py:829} INFO - Processing file /home/airflow/.local/lib/python3.8/site-packages/airflow/example_dags/example_short_circuit_operator.py for tasks to queue
[2025-03-06T19:33:53.994+0000] {logging_mixin.py:154} INFO - [2025-03-06T19:33:53.994+0000] {dagbag.py:536} INFO - Filling up the DagBag from /home/airflow/.local/lib/python3.8/site-packages/airflow/example_dags/example_short_circuit_operator.py
[2025-03-06T19:33:53.998+0000] {processor.py:839} INFO - DAG(s) dict_keys(['example_short_circuit_operator']) retrieved from /home/airflow/.local/lib/python3.8/site-packages/airflow/example_dags/example_short_circuit_operator.py
[2025-03-06T19:33:54.010+0000] {logging_mixin.py:154} INFO - [2025-03-06T19:33:54.009+0000] {dag.py:2941} INFO - Sync 1 DAGs
[2025-03-06T19:33:54.019+0000] {logging_mixin.py:154} INFO - [2025-03-06T19:33:54.018+0000] {dag.py:3722} INFO - Setting next_dagrun for example_short_circuit_operator to 2025-03-05T19:33:54.018883+00:00, run_after=2025-03-06T19:33:54.018883+00:00
[2025-03-06T19:33:54.027+0000] {processor.py:179} INFO - Processing /home/airflow/.local/lib/python3.8/site-packages/airflow/example_dags/example_short_circuit_operator.py took 0.036 seconds
[2025-03-06T19:34:24.551+0000] {processor.py:157} INFO - Started process (PID=37577) to work on /home/airflow/.local/lib/python3.8/site-packages/airflow/example_dags/example_short_circuit_operator.py
[2025-03-06T19:34:24.554+0000] {processor.py:829} INFO - Processing file /home/airflow/.local/lib/python3.8/site-packages/airflow/example_dags/example_short_circuit_operator.py for tasks to queue
[2025-03-06T19:34:24.554+0000] {logging_mixin.py:154} INFO - [2025-03-06T19:34:24.554+0000] {dagbag.py:536} INFO - Filling up the DagBag from /home/airflow/.local/lib/python3.8/site-packages/airflow/example_dags/example_short_circuit_operator.py
[2025-03-06T19:34:24.559+0000] {processor.py:839} INFO - DAG(s) dict_keys(['example_short_circuit_operator']) retrieved from /home/airflow/.local/lib/python3.8/site-packages/airflow/example_dags/example_short_circuit_operator.py
[2025-03-06T19:34:24.571+0000] {logging_mixin.py:154} INFO - [2025-03-06T19:34:24.571+0000] {dag.py:2941} INFO - Sync 1 DAGs
[2025-03-06T19:34:24.582+0000] {logging_mixin.py:154} INFO - [2025-03-06T19:34:24.582+0000] {dag.py:3722} INFO - Setting next_dagrun for example_short_circuit_operator to 2025-03-05T19:34:24.582523+00:00, run_after=2025-03-06T19:34:24.582523+00:00
[2025-03-06T19:34:24.595+0000] {processor.py:179} INFO - Processing /home/airflow/.local/lib/python3.8/site-packages/airflow/example_dags/example_short_circuit_operator.py took 0.045 seconds
[2025-03-06T19:34:55.136+0000] {processor.py:157} INFO - Started process (PID=37633) to work on /home/airflow/.local/lib/python3.8/site-packages/airflow/example_dags/example_short_circuit_operator.py
[2025-03-06T19:34:55.137+0000] {processor.py:829} INFO - Processing file /home/airflow/.local/lib/python3.8/site-packages/airflow/example_dags/example_short_circuit_operator.py for tasks to queue
[2025-03-06T19:34:55.137+0000] {logging_mixin.py:154} INFO - [2025-03-06T19:34:55.137+0000] {dagbag.py:536} INFO - Filling up the DagBag from /home/airflow/.local/lib/python3.8/site-packages/airflow/example_dags/example_short_circuit_operator.py
[2025-03-06T19:34:55.141+0000] {processor.py:839} INFO - DAG(s) dict_keys(['example_short_circuit_operator']) retrieved from /home/airflow/.local/lib/python3.8/site-packages/airflow/example_dags/example_short_circuit_operator.py
[2025-03-06T19:34:55.154+0000] {logging_mixin.py:154} INFO - [2025-03-06T19:34:55.154+0000] {dag.py:2941} INFO - Sync 1 DAGs
[2025-03-06T19:34:55.162+0000] {logging_mixin.py:154} INFO - [2025-03-06T19:34:55.162+0000] {dag.py:3722} INFO - Setting next_dagrun for example_short_circuit_operator to 2025-03-05T19:34:55.162475+00:00, run_after=2025-03-06T19:34:55.162475+00:00
[2025-03-06T19:34:55.170+0000] {processor.py:179} INFO - Processing /home/airflow/.local/lib/python3.8/site-packages/airflow/example_dags/example_short_circuit_operator.py took 0.036 seconds
[2025-03-06T19:35:25.637+0000] {processor.py:157} INFO - Started process (PID=37689) to work on /home/airflow/.local/lib/python3.8/site-packages/airflow/example_dags/example_short_circuit_operator.py
[2025-03-06T19:35:25.638+0000] {processor.py:829} INFO - Processing file /home/airflow/.local/lib/python3.8/site-packages/airflow/example_dags/example_short_circuit_operator.py for tasks to queue
[2025-03-06T19:35:25.639+0000] {logging_mixin.py:154} INFO - [2025-03-06T19:35:25.638+0000] {dagbag.py:536} INFO - Filling up the DagBag from /home/airflow/.local/lib/python3.8/site-packages/airflow/example_dags/example_short_circuit_operator.py
[2025-03-06T19:35:25.642+0000] {processor.py:839} INFO - DAG(s) dict_keys(['example_short_circuit_operator']) retrieved from /home/airflow/.local/lib/python3.8/site-packages/airflow/example_dags/example_short_circuit_operator.py
[2025-03-06T19:35:25.652+0000] {logging_mixin.py:154} INFO - [2025-03-06T19:35:25.652+0000] {dag.py:2941} INFO - Sync 1 DAGs
[2025-03-06T19:35:25.661+0000] {logging_mixin.py:154} INFO - [2025-03-06T19:35:25.661+0000] {dag.py:3722} INFO - Setting next_dagrun for example_short_circuit_operator to 2025-03-05T19:35:25.661026+00:00, run_after=2025-03-06T19:35:25.661026+00:00
[2025-03-06T19:35:25.669+0000] {processor.py:179} INFO - Processing /home/airflow/.local/lib/python3.8/site-packages/airflow/example_dags/example_short_circuit_operator.py took 0.034 seconds
[2025-03-06T19:35:56.205+0000] {processor.py:157} INFO - Started process (PID=37745) to work on /home/airflow/.local/lib/python3.8/site-packages/airflow/example_dags/example_short_circuit_operator.py
[2025-03-06T19:35:56.206+0000] {processor.py:829} INFO - Processing file /home/airflow/.local/lib/python3.8/site-packages/airflow/example_dags/example_short_circuit_operator.py for tasks to queue
[2025-03-06T19:35:56.206+0000] {logging_mixin.py:154} INFO - [2025-03-06T19:35:56.206+0000] {dagbag.py:536} INFO - Filling up the DagBag from /home/airflow/.local/lib/python3.8/site-packages/airflow/example_dags/example_short_circuit_operator.py
[2025-03-06T19:35:56.211+0000] {processor.py:839} INFO - DAG(s) dict_keys(['example_short_circuit_operator']) retrieved from /home/airflow/.local/lib/python3.8/site-packages/airflow/example_dags/example_short_circuit_operator.py
[2025-03-06T19:35:56.223+0000] {logging_mixin.py:154} INFO - [2025-03-06T19:35:56.223+0000] {dag.py:2941} INFO - Sync 1 DAGs
[2025-03-06T19:35:56.232+0000] {logging_mixin.py:154} INFO - [2025-03-06T19:35:56.232+0000] {dag.py:3722} INFO - Setting next_dagrun for example_short_circuit_operator to 2025-03-05T19:35:56.232201+00:00, run_after=2025-03-06T19:35:56.232201+00:00
[2025-03-06T19:35:56.243+0000] {processor.py:179} INFO - Processing /home/airflow/.local/lib/python3.8/site-packages/airflow/example_dags/example_short_circuit_operator.py took 0.039 seconds
[2025-03-06T19:36:26.732+0000] {processor.py:157} INFO - Started process (PID=37801) to work on /home/airflow/.local/lib/python3.8/site-packages/airflow/example_dags/example_short_circuit_operator.py
[2025-03-06T19:36:26.733+0000] {processor.py:829} INFO - Processing file /home/airflow/.local/lib/python3.8/site-packages/airflow/example_dags/example_short_circuit_operator.py for tasks to queue
[2025-03-06T19:36:26.733+0000] {logging_mixin.py:154} INFO - [2025-03-06T19:36:26.733+0000] {dagbag.py:536} INFO - Filling up the DagBag from /home/airflow/.local/lib/python3.8/site-packages/airflow/example_dags/example_short_circuit_operator.py
[2025-03-06T19:36:26.737+0000] {processor.py:839} INFO - DAG(s) dict_keys(['example_short_circuit_operator']) retrieved from /home/airflow/.local/lib/python3.8/site-packages/airflow/example_dags/example_short_circuit_operator.py
[2025-03-06T19:36:26.747+0000] {logging_mixin.py:154} INFO - [2025-03-06T19:36:26.747+0000] {dag.py:2941} INFO - Sync 1 DAGs
[2025-03-06T19:36:26.756+0000] {logging_mixin.py:154} INFO - [2025-03-06T19:36:26.756+0000] {dag.py:3722} INFO - Setting next_dagrun for example_short_circuit_operator to 2025-03-05T19:36:26.756403+00:00, run_after=2025-03-06T19:36:26.756403+00:00
[2025-03-06T19:36:26.767+0000] {processor.py:179} INFO - Processing /home/airflow/.local/lib/python3.8/site-packages/airflow/example_dags/example_short_circuit_operator.py took 0.036 seconds
[2025-03-06T19:36:57.285+0000] {processor.py:157} INFO - Started process (PID=37857) to work on /home/airflow/.local/lib/python3.8/site-packages/airflow/example_dags/example_short_circuit_operator.py
[2025-03-06T19:36:57.286+0000] {processor.py:829} INFO - Processing file /home/airflow/.local/lib/python3.8/site-packages/airflow/example_dags/example_short_circuit_operator.py for tasks to queue
[2025-03-06T19:36:57.286+0000] {logging_mixin.py:154} INFO - [2025-03-06T19:36:57.286+0000] {dagbag.py:536} INFO - Filling up the DagBag from /home/airflow/.local/lib/python3.8/site-packages/airflow/example_dags/example_short_circuit_operator.py
[2025-03-06T19:36:57.290+0000] {processor.py:839} INFO - DAG(s) dict_keys(['example_short_circuit_operator']) retrieved from /home/airflow/.local/lib/python3.8/site-packages/airflow/example_dags/example_short_circuit_operator.py
[2025-03-06T19:36:57.300+0000] {logging_mixin.py:154} INFO - [2025-03-06T19:36:57.300+0000] {dag.py:2941} INFO - Sync 1 DAGs
[2025-03-06T19:36:57.308+0000] {logging_mixin.py:154} INFO - [2025-03-06T19:36:57.308+0000] {dag.py:3722} INFO - Setting next_dagrun for example_short_circuit_operator to 2025-03-05T19:36:57.308759+00:00, run_after=2025-03-06T19:36:57.308759+00:00
[2025-03-06T19:36:57.316+0000] {processor.py:179} INFO - Processing /home/airflow/.local/lib/python3.8/site-packages/airflow/example_dags/example_short_circuit_operator.py took 0.032 seconds
[2025-03-06T19:37:27.812+0000] {processor.py:157} INFO - Started process (PID=37913) to work on /home/airflow/.local/lib/python3.8/site-packages/airflow/example_dags/example_short_circuit_operator.py
[2025-03-06T19:37:27.812+0000] {processor.py:829} INFO - Processing file /home/airflow/.local/lib/python3.8/site-packages/airflow/example_dags/example_short_circuit_operator.py for tasks to queue
[2025-03-06T19:37:27.813+0000] {logging_mixin.py:154} INFO - [2025-03-06T19:37:27.812+0000] {dagbag.py:536} INFO - Filling up the DagBag from /home/airflow/.local/lib/python3.8/site-packages/airflow/example_dags/example_short_circuit_operator.py
[2025-03-06T19:37:27.817+0000] {processor.py:839} INFO - DAG(s) dict_keys(['example_short_circuit_operator']) retrieved from /home/airflow/.local/lib/python3.8/site-packages/airflow/example_dags/example_short_circuit_operator.py
[2025-03-06T19:37:27.827+0000] {logging_mixin.py:154} INFO - [2025-03-06T19:37:27.826+0000] {dag.py:2941} INFO - Sync 1 DAGs
[2025-03-06T19:37:27.836+0000] {logging_mixin.py:154} INFO - [2025-03-06T19:37:27.836+0000] {dag.py:3722} INFO - Setting next_dagrun for example_short_circuit_operator to 2025-03-05T19:37:27.836216+00:00, run_after=2025-03-06T19:37:27.836216+00:00
[2025-03-06T19:37:27.843+0000] {processor.py:179} INFO - Processing /home/airflow/.local/lib/python3.8/site-packages/airflow/example_dags/example_short_circuit_operator.py took 0.034 seconds
[2025-03-06T19:37:58.356+0000] {processor.py:157} INFO - Started process (PID=37969) to work on /home/airflow/.local/lib/python3.8/site-packages/airflow/example_dags/example_short_circuit_operator.py
[2025-03-06T19:37:58.357+0000] {processor.py:829} INFO - Processing file /home/airflow/.local/lib/python3.8/site-packages/airflow/example_dags/example_short_circuit_operator.py for tasks to queue
[2025-03-06T19:37:58.358+0000] {logging_mixin.py:154} INFO - [2025-03-06T19:37:58.358+0000] {dagbag.py:536} INFO - Filling up the DagBag from /home/airflow/.local/lib/python3.8/site-packages/airflow/example_dags/example_short_circuit_operator.py
[2025-03-06T19:37:58.364+0000] {processor.py:839} INFO - DAG(s) dict_keys(['example_short_circuit_operator']) retrieved from /home/airflow/.local/lib/python3.8/site-packages/airflow/example_dags/example_short_circuit_operator.py
[2025-03-06T19:37:58.375+0000] {logging_mixin.py:154} INFO - [2025-03-06T19:37:58.375+0000] {dag.py:2941} INFO - Sync 1 DAGs
[2025-03-06T19:37:58.386+0000] {logging_mixin.py:154} INFO - [2025-03-06T19:37:58.386+0000] {dag.py:3722} INFO - Setting next_dagrun for example_short_circuit_operator to 2025-03-05T19:37:58.386290+00:00, run_after=2025-03-06T19:37:58.386290+00:00
[2025-03-06T19:37:58.393+0000] {processor.py:179} INFO - Processing /home/airflow/.local/lib/python3.8/site-packages/airflow/example_dags/example_short_circuit_operator.py took 0.038 seconds
[2025-03-06T19:38:28.872+0000] {processor.py:157} INFO - Started process (PID=38025) to work on /home/airflow/.local/lib/python3.8/site-packages/airflow/example_dags/example_short_circuit_operator.py
[2025-03-06T19:38:28.874+0000] {processor.py:829} INFO - Processing file /home/airflow/.local/lib/python3.8/site-packages/airflow/example_dags/example_short_circuit_operator.py for tasks to queue
[2025-03-06T19:38:28.874+0000] {logging_mixin.py:154} INFO - [2025-03-06T19:38:28.874+0000] {dagbag.py:536} INFO - Filling up the DagBag from /home/airflow/.local/lib/python3.8/site-packages/airflow/example_dags/example_short_circuit_operator.py
[2025-03-06T19:38:28.878+0000] {processor.py:839} INFO - DAG(s) dict_keys(['example_short_circuit_operator']) retrieved from /home/airflow/.local/lib/python3.8/site-packages/airflow/example_dags/example_short_circuit_operator.py
[2025-03-06T19:38:28.887+0000] {logging_mixin.py:154} INFO - [2025-03-06T19:38:28.887+0000] {dag.py:2941} INFO - Sync 1 DAGs
[2025-03-06T19:38:28.895+0000] {logging_mixin.py:154} INFO - [2025-03-06T19:38:28.895+0000] {dag.py:3722} INFO - Setting next_dagrun for example_short_circuit_operator to 2025-03-05T19:38:28.895471+00:00, run_after=2025-03-06T19:38:28.895471+00:00
[2025-03-06T19:38:28.901+0000] {processor.py:179} INFO - Processing /home/airflow/.local/lib/python3.8/site-packages/airflow/example_dags/example_short_circuit_operator.py took 0.030 seconds
[2025-03-06T19:38:59.416+0000] {processor.py:157} INFO - Started process (PID=38081) to work on /home/airflow/.local/lib/python3.8/site-packages/airflow/example_dags/example_short_circuit_operator.py
[2025-03-06T19:38:59.416+0000] {processor.py:829} INFO - Processing file /home/airflow/.local/lib/python3.8/site-packages/airflow/example_dags/example_short_circuit_operator.py for tasks to queue
[2025-03-06T19:38:59.417+0000] {logging_mixin.py:154} INFO - [2025-03-06T19:38:59.417+0000] {dagbag.py:536} INFO - Filling up the DagBag from /home/airflow/.local/lib/python3.8/site-packages/airflow/example_dags/example_short_circuit_operator.py
[2025-03-06T19:38:59.421+0000] {processor.py:839} INFO - DAG(s) dict_keys(['example_short_circuit_operator']) retrieved from /home/airflow/.local/lib/python3.8/site-packages/airflow/example_dags/example_short_circuit_operator.py
[2025-03-06T19:38:59.433+0000] {logging_mixin.py:154} INFO - [2025-03-06T19:38:59.432+0000] {dag.py:2941} INFO - Sync 1 DAGs
[2025-03-06T19:38:59.441+0000] {logging_mixin.py:154} INFO - [2025-03-06T19:38:59.441+0000] {dag.py:3722} INFO - Setting next_dagrun for example_short_circuit_operator to 2025-03-05T19:38:59.441599+00:00, run_after=2025-03-06T19:38:59.441599+00:00
[2025-03-06T19:38:59.449+0000] {processor.py:179} INFO - Processing /home/airflow/.local/lib/python3.8/site-packages/airflow/example_dags/example_short_circuit_operator.py took 0.035 seconds
[2025-03-06T19:39:29.929+0000] {processor.py:157} INFO - Started process (PID=38137) to work on /home/airflow/.local/lib/python3.8/site-packages/airflow/example_dags/example_short_circuit_operator.py
[2025-03-06T19:39:29.931+0000] {processor.py:829} INFO - Processing file /home/airflow/.local/lib/python3.8/site-packages/airflow/example_dags/example_short_circuit_operator.py for tasks to queue
[2025-03-06T19:39:29.932+0000] {logging_mixin.py:154} INFO - [2025-03-06T19:39:29.932+0000] {dagbag.py:536} INFO - Filling up the DagBag from /home/airflow/.local/lib/python3.8/site-packages/airflow/example_dags/example_short_circuit_operator.py
[2025-03-06T19:39:29.937+0000] {processor.py:839} INFO - DAG(s) dict_keys(['example_short_circuit_operator']) retrieved from /home/airflow/.local/lib/python3.8/site-packages/airflow/example_dags/example_short_circuit_operator.py
[2025-03-06T19:39:29.947+0000] {logging_mixin.py:154} INFO - [2025-03-06T19:39:29.947+0000] {dag.py:2941} INFO - Sync 1 DAGs
[2025-03-06T19:39:29.955+0000] {logging_mixin.py:154} INFO - [2025-03-06T19:39:29.955+0000] {dag.py:3722} INFO - Setting next_dagrun for example_short_circuit_operator to 2025-03-05T19:39:29.955416+00:00, run_after=2025-03-06T19:39:29.955416+00:00
[2025-03-06T19:39:29.961+0000] {processor.py:179} INFO - Processing /home/airflow/.local/lib/python3.8/site-packages/airflow/example_dags/example_short_circuit_operator.py took 0.034 seconds
[2025-03-06T19:40:00.614+0000] {processor.py:157} INFO - Started process (PID=38193) to work on /home/airflow/.local/lib/python3.8/site-packages/airflow/example_dags/example_short_circuit_operator.py
[2025-03-06T19:40:00.614+0000] {processor.py:829} INFO - Processing file /home/airflow/.local/lib/python3.8/site-packages/airflow/example_dags/example_short_circuit_operator.py for tasks to queue
[2025-03-06T19:40:00.615+0000] {logging_mixin.py:154} INFO - [2025-03-06T19:40:00.615+0000] {dagbag.py:536} INFO - Filling up the DagBag from /home/airflow/.local/lib/python3.8/site-packages/airflow/example_dags/example_short_circuit_operator.py
[2025-03-06T19:40:00.620+0000] {processor.py:839} INFO - DAG(s) dict_keys(['example_short_circuit_operator']) retrieved from /home/airflow/.local/lib/python3.8/site-packages/airflow/example_dags/example_short_circuit_operator.py
[2025-03-06T19:40:00.631+0000] {logging_mixin.py:154} INFO - [2025-03-06T19:40:00.631+0000] {dag.py:2941} INFO - Sync 1 DAGs
[2025-03-06T19:40:00.639+0000] {logging_mixin.py:154} INFO - [2025-03-06T19:40:00.639+0000] {dag.py:3722} INFO - Setting next_dagrun for example_short_circuit_operator to 2025-03-05T19:40:00.639525+00:00, run_after=2025-03-06T19:40:00.639525+00:00
[2025-03-06T19:40:00.649+0000] {processor.py:179} INFO - Processing /home/airflow/.local/lib/python3.8/site-packages/airflow/example_dags/example_short_circuit_operator.py took 0.037 seconds
[2025-03-06T19:40:31.116+0000] {processor.py:157} INFO - Started process (PID=38249) to work on /home/airflow/.local/lib/python3.8/site-packages/airflow/example_dags/example_short_circuit_operator.py
[2025-03-06T19:40:31.117+0000] {processor.py:829} INFO - Processing file /home/airflow/.local/lib/python3.8/site-packages/airflow/example_dags/example_short_circuit_operator.py for tasks to queue
[2025-03-06T19:40:31.120+0000] {logging_mixin.py:154} INFO - [2025-03-06T19:40:31.119+0000] {dagbag.py:536} INFO - Filling up the DagBag from /home/airflow/.local/lib/python3.8/site-packages/airflow/example_dags/example_short_circuit_operator.py
[2025-03-06T19:40:31.124+0000] {processor.py:839} INFO - DAG(s) dict_keys(['example_short_circuit_operator']) retrieved from /home/airflow/.local/lib/python3.8/site-packages/airflow/example_dags/example_short_circuit_operator.py
[2025-03-06T19:40:31.134+0000] {logging_mixin.py:154} INFO - [2025-03-06T19:40:31.134+0000] {dag.py:2941} INFO - Sync 1 DAGs
[2025-03-06T19:40:31.143+0000] {logging_mixin.py:154} INFO - [2025-03-06T19:40:31.143+0000] {dag.py:3722} INFO - Setting next_dagrun for example_short_circuit_operator to 2025-03-05T19:40:31.143082+00:00, run_after=2025-03-06T19:40:31.143082+00:00
[2025-03-06T19:40:31.150+0000] {processor.py:179} INFO - Processing /home/airflow/.local/lib/python3.8/site-packages/airflow/example_dags/example_short_circuit_operator.py took 0.035 seconds
[2025-03-06T19:41:01.778+0000] {processor.py:157} INFO - Started process (PID=38305) to work on /home/airflow/.local/lib/python3.8/site-packages/airflow/example_dags/example_short_circuit_operator.py
[2025-03-06T19:41:01.778+0000] {processor.py:829} INFO - Processing file /home/airflow/.local/lib/python3.8/site-packages/airflow/example_dags/example_short_circuit_operator.py for tasks to queue
[2025-03-06T19:41:01.779+0000] {logging_mixin.py:154} INFO - [2025-03-06T19:41:01.779+0000] {dagbag.py:536} INFO - Filling up the DagBag from /home/airflow/.local/lib/python3.8/site-packages/airflow/example_dags/example_short_circuit_operator.py
[2025-03-06T19:41:01.785+0000] {processor.py:839} INFO - DAG(s) dict_keys(['example_short_circuit_operator']) retrieved from /home/airflow/.local/lib/python3.8/site-packages/airflow/example_dags/example_short_circuit_operator.py
[2025-03-06T19:41:01.796+0000] {logging_mixin.py:154} INFO - [2025-03-06T19:41:01.796+0000] {dag.py:2941} INFO - Sync 1 DAGs
[2025-03-06T19:41:01.805+0000] {logging_mixin.py:154} INFO - [2025-03-06T19:41:01.805+0000] {dag.py:3722} INFO - Setting next_dagrun for example_short_circuit_operator to 2025-03-05T19:41:01.805534+00:00, run_after=2025-03-06T19:41:01.805534+00:00
[2025-03-06T19:41:01.816+0000] {processor.py:179} INFO - Processing /home/airflow/.local/lib/python3.8/site-packages/airflow/example_dags/example_short_circuit_operator.py took 0.040 seconds
[2025-03-06T19:41:32.465+0000] {processor.py:157} INFO - Started process (PID=38361) to work on /home/airflow/.local/lib/python3.8/site-packages/airflow/example_dags/example_short_circuit_operator.py
[2025-03-06T19:41:32.465+0000] {processor.py:829} INFO - Processing file /home/airflow/.local/lib/python3.8/site-packages/airflow/example_dags/example_short_circuit_operator.py for tasks to queue
[2025-03-06T19:41:32.465+0000] {logging_mixin.py:154} INFO - [2025-03-06T19:41:32.465+0000] {dagbag.py:536} INFO - Filling up the DagBag from /home/airflow/.local/lib/python3.8/site-packages/airflow/example_dags/example_short_circuit_operator.py
[2025-03-06T19:41:32.470+0000] {processor.py:839} INFO - DAG(s) dict_keys(['example_short_circuit_operator']) retrieved from /home/airflow/.local/lib/python3.8/site-packages/airflow/example_dags/example_short_circuit_operator.py
[2025-03-06T19:41:32.483+0000] {logging_mixin.py:154} INFO - [2025-03-06T19:41:32.482+0000] {dag.py:2941} INFO - Sync 1 DAGs
[2025-03-06T19:41:32.493+0000] {logging_mixin.py:154} INFO - [2025-03-06T19:41:32.493+0000] {dag.py:3722} INFO - Setting next_dagrun for example_short_circuit_operator to 2025-03-05T19:41:32.493447+00:00, run_after=2025-03-06T19:41:32.493447+00:00
[2025-03-06T19:41:32.505+0000] {processor.py:179} INFO - Processing /home/airflow/.local/lib/python3.8/site-packages/airflow/example_dags/example_short_circuit_operator.py took 0.042 seconds
[2025-03-06T19:42:03.163+0000] {processor.py:157} INFO - Started process (PID=38417) to work on /home/airflow/.local/lib/python3.8/site-packages/airflow/example_dags/example_short_circuit_operator.py
[2025-03-06T19:42:03.164+0000] {processor.py:829} INFO - Processing file /home/airflow/.local/lib/python3.8/site-packages/airflow/example_dags/example_short_circuit_operator.py for tasks to queue
[2025-03-06T19:42:03.166+0000] {logging_mixin.py:154} INFO - [2025-03-06T19:42:03.166+0000] {dagbag.py:536} INFO - Filling up the DagBag from /home/airflow/.local/lib/python3.8/site-packages/airflow/example_dags/example_short_circuit_operator.py
[2025-03-06T19:42:03.172+0000] {processor.py:839} INFO - DAG(s) dict_keys(['example_short_circuit_operator']) retrieved from /home/airflow/.local/lib/python3.8/site-packages/airflow/example_dags/example_short_circuit_operator.py
[2025-03-06T19:42:03.183+0000] {logging_mixin.py:154} INFO - [2025-03-06T19:42:03.183+0000] {dag.py:2941} INFO - Sync 1 DAGs
[2025-03-06T19:42:03.192+0000] {logging_mixin.py:154} INFO - [2025-03-06T19:42:03.192+0000] {dag.py:3722} INFO - Setting next_dagrun for example_short_circuit_operator to 2025-03-05T19:42:03.192510+00:00, run_after=2025-03-06T19:42:03.192510+00:00
[2025-03-06T19:42:03.200+0000] {processor.py:179} INFO - Processing /home/airflow/.local/lib/python3.8/site-packages/airflow/example_dags/example_short_circuit_operator.py took 0.039 seconds
[2025-03-06T19:42:34.750+0000] {processor.py:157} INFO - Started process (PID=38473) to work on /home/airflow/.local/lib/python3.8/site-packages/airflow/example_dags/example_short_circuit_operator.py
[2025-03-06T19:42:34.750+0000] {processor.py:829} INFO - Processing file /home/airflow/.local/lib/python3.8/site-packages/airflow/example_dags/example_short_circuit_operator.py for tasks to queue
[2025-03-06T19:42:34.750+0000] {logging_mixin.py:154} INFO - [2025-03-06T19:42:34.750+0000] {dagbag.py:536} INFO - Filling up the DagBag from /home/airflow/.local/lib/python3.8/site-packages/airflow/example_dags/example_short_circuit_operator.py
[2025-03-06T19:42:34.754+0000] {processor.py:839} INFO - DAG(s) dict_keys(['example_short_circuit_operator']) retrieved from /home/airflow/.local/lib/python3.8/site-packages/airflow/example_dags/example_short_circuit_operator.py
[2025-03-06T19:42:34.765+0000] {logging_mixin.py:154} INFO - [2025-03-06T19:42:34.764+0000] {dag.py:2941} INFO - Sync 1 DAGs
[2025-03-06T19:42:34.774+0000] {logging_mixin.py:154} INFO - [2025-03-06T19:42:34.774+0000] {dag.py:3722} INFO - Setting next_dagrun for example_short_circuit_operator to 2025-03-05T19:42:34.774144+00:00, run_after=2025-03-06T19:42:34.774144+00:00
[2025-03-06T19:42:34.784+0000] {processor.py:179} INFO - Processing /home/airflow/.local/lib/python3.8/site-packages/airflow/example_dags/example_short_circuit_operator.py took 0.036 seconds
[2025-03-06T19:43:05.484+0000] {processor.py:157} INFO - Started process (PID=38529) to work on /home/airflow/.local/lib/python3.8/site-packages/airflow/example_dags/example_short_circuit_operator.py
[2025-03-06T19:43:05.484+0000] {processor.py:829} INFO - Processing file /home/airflow/.local/lib/python3.8/site-packages/airflow/example_dags/example_short_circuit_operator.py for tasks to queue
[2025-03-06T19:43:05.484+0000] {logging_mixin.py:154} INFO - [2025-03-06T19:43:05.484+0000] {dagbag.py:536} INFO - Filling up the DagBag from /home/airflow/.local/lib/python3.8/site-packages/airflow/example_dags/example_short_circuit_operator.py
[2025-03-06T19:43:05.489+0000] {processor.py:839} INFO - DAG(s) dict_keys(['example_short_circuit_operator']) retrieved from /home/airflow/.local/lib/python3.8/site-packages/airflow/example_dags/example_short_circuit_operator.py
[2025-03-06T19:43:05.499+0000] {logging_mixin.py:154} INFO - [2025-03-06T19:43:05.499+0000] {dag.py:2941} INFO - Sync 1 DAGs
[2025-03-06T19:43:05.507+0000] {logging_mixin.py:154} INFO - [2025-03-06T19:43:05.507+0000] {dag.py:3722} INFO - Setting next_dagrun for example_short_circuit_operator to 2025-03-05T19:43:05.507676+00:00, run_after=2025-03-06T19:43:05.507676+00:00
[2025-03-06T19:43:05.604+0000] {processor.py:179} INFO - Processing /home/airflow/.local/lib/python3.8/site-packages/airflow/example_dags/example_short_circuit_operator.py took 0.122 seconds
[2025-03-06T19:43:36.284+0000] {processor.py:157} INFO - Started process (PID=38585) to work on /home/airflow/.local/lib/python3.8/site-packages/airflow/example_dags/example_short_circuit_operator.py
[2025-03-06T19:43:36.284+0000] {processor.py:829} INFO - Processing file /home/airflow/.local/lib/python3.8/site-packages/airflow/example_dags/example_short_circuit_operator.py for tasks to queue
[2025-03-06T19:43:36.285+0000] {logging_mixin.py:154} INFO - [2025-03-06T19:43:36.285+0000] {dagbag.py:536} INFO - Filling up the DagBag from /home/airflow/.local/lib/python3.8/site-packages/airflow/example_dags/example_short_circuit_operator.py
[2025-03-06T19:43:36.289+0000] {processor.py:839} INFO - DAG(s) dict_keys(['example_short_circuit_operator']) retrieved from /home/airflow/.local/lib/python3.8/site-packages/airflow/example_dags/example_short_circuit_operator.py
[2025-03-06T19:43:36.298+0000] {logging_mixin.py:154} INFO - [2025-03-06T19:43:36.298+0000] {dag.py:2941} INFO - Sync 1 DAGs
[2025-03-06T19:43:36.307+0000] {logging_mixin.py:154} INFO - [2025-03-06T19:43:36.307+0000] {dag.py:3722} INFO - Setting next_dagrun for example_short_circuit_operator to 2025-03-05T19:43:36.307697+00:00, run_after=2025-03-06T19:43:36.307697+00:00
[2025-03-06T19:43:36.315+0000] {processor.py:179} INFO - Processing /home/airflow/.local/lib/python3.8/site-packages/airflow/example_dags/example_short_circuit_operator.py took 0.032 seconds
[2025-03-06T19:44:07.128+0000] {processor.py:157} INFO - Started process (PID=38641) to work on /home/airflow/.local/lib/python3.8/site-packages/airflow/example_dags/example_short_circuit_operator.py
[2025-03-06T19:44:07.129+0000] {processor.py:829} INFO - Processing file /home/airflow/.local/lib/python3.8/site-packages/airflow/example_dags/example_short_circuit_operator.py for tasks to queue
[2025-03-06T19:44:07.129+0000] {logging_mixin.py:154} INFO - [2025-03-06T19:44:07.129+0000] {dagbag.py:536} INFO - Filling up the DagBag from /home/airflow/.local/lib/python3.8/site-packages/airflow/example_dags/example_short_circuit_operator.py
[2025-03-06T19:44:07.133+0000] {processor.py:839} INFO - DAG(s) dict_keys(['example_short_circuit_operator']) retrieved from /home/airflow/.local/lib/python3.8/site-packages/airflow/example_dags/example_short_circuit_operator.py
[2025-03-06T19:44:07.144+0000] {logging_mixin.py:154} INFO - [2025-03-06T19:44:07.144+0000] {dag.py:2941} INFO - Sync 1 DAGs
[2025-03-06T19:44:07.152+0000] {logging_mixin.py:154} INFO - [2025-03-06T19:44:07.152+0000] {dag.py:3722} INFO - Setting next_dagrun for example_short_circuit_operator to 2025-03-05T19:44:07.152287+00:00, run_after=2025-03-06T19:44:07.152287+00:00
[2025-03-06T19:44:07.159+0000] {processor.py:179} INFO - Processing /home/airflow/.local/lib/python3.8/site-packages/airflow/example_dags/example_short_circuit_operator.py took 0.032 seconds
[2025-03-06T19:44:37.486+0000] {processor.py:157} INFO - Started process (PID=38704) to work on /home/airflow/.local/lib/python3.8/site-packages/airflow/example_dags/example_short_circuit_operator.py
[2025-03-06T19:44:37.487+0000] {processor.py:829} INFO - Processing file /home/airflow/.local/lib/python3.8/site-packages/airflow/example_dags/example_short_circuit_operator.py for tasks to queue
[2025-03-06T19:44:37.488+0000] {logging_mixin.py:154} INFO - [2025-03-06T19:44:37.487+0000] {dagbag.py:536} INFO - Filling up the DagBag from /home/airflow/.local/lib/python3.8/site-packages/airflow/example_dags/example_short_circuit_operator.py
[2025-03-06T19:44:37.492+0000] {processor.py:839} INFO - DAG(s) dict_keys(['example_short_circuit_operator']) retrieved from /home/airflow/.local/lib/python3.8/site-packages/airflow/example_dags/example_short_circuit_operator.py
[2025-03-06T19:44:37.503+0000] {logging_mixin.py:154} INFO - [2025-03-06T19:44:37.503+0000] {dag.py:2941} INFO - Sync 1 DAGs
[2025-03-06T19:44:37.512+0000] {logging_mixin.py:154} INFO - [2025-03-06T19:44:37.511+0000] {dag.py:3722} INFO - Setting next_dagrun for example_short_circuit_operator to 2025-03-05T19:44:37.511900+00:00, run_after=2025-03-06T19:44:37.511900+00:00
[2025-03-06T19:44:37.518+0000] {processor.py:179} INFO - Processing /home/airflow/.local/lib/python3.8/site-packages/airflow/example_dags/example_short_circuit_operator.py took 0.033 seconds
[2025-03-06T19:45:08.675+0000] {processor.py:157} INFO - Started process (PID=38760) to work on /home/airflow/.local/lib/python3.8/site-packages/airflow/example_dags/example_short_circuit_operator.py
[2025-03-06T19:45:08.677+0000] {processor.py:829} INFO - Processing file /home/airflow/.local/lib/python3.8/site-packages/airflow/example_dags/example_short_circuit_operator.py for tasks to queue
[2025-03-06T19:45:08.679+0000] {logging_mixin.py:154} INFO - [2025-03-06T19:45:08.679+0000] {dagbag.py:536} INFO - Filling up the DagBag from /home/airflow/.local/lib/python3.8/site-packages/airflow/example_dags/example_short_circuit_operator.py
[2025-03-06T19:45:08.683+0000] {processor.py:839} INFO - DAG(s) dict_keys(['example_short_circuit_operator']) retrieved from /home/airflow/.local/lib/python3.8/site-packages/airflow/example_dags/example_short_circuit_operator.py
[2025-03-06T19:45:08.694+0000] {logging_mixin.py:154} INFO - [2025-03-06T19:45:08.694+0000] {dag.py:2941} INFO - Sync 1 DAGs
[2025-03-06T19:45:08.793+0000] {logging_mixin.py:154} INFO - [2025-03-06T19:45:08.793+0000] {dag.py:3722} INFO - Setting next_dagrun for example_short_circuit_operator to 2025-03-05T19:45:08.793728+00:00, run_after=2025-03-06T19:45:08.793728+00:00
[2025-03-06T19:45:08.800+0000] {processor.py:179} INFO - Processing /home/airflow/.local/lib/python3.8/site-packages/airflow/example_dags/example_short_circuit_operator.py took 0.127 seconds
[2025-03-06T19:45:39.101+0000] {processor.py:157} INFO - Started process (PID=38816) to work on /home/airflow/.local/lib/python3.8/site-packages/airflow/example_dags/example_short_circuit_operator.py
[2025-03-06T19:45:39.101+0000] {processor.py:829} INFO - Processing file /home/airflow/.local/lib/python3.8/site-packages/airflow/example_dags/example_short_circuit_operator.py for tasks to queue
[2025-03-06T19:45:39.101+0000] {logging_mixin.py:154} INFO - [2025-03-06T19:45:39.101+0000] {dagbag.py:536} INFO - Filling up the DagBag from /home/airflow/.local/lib/python3.8/site-packages/airflow/example_dags/example_short_circuit_operator.py
[2025-03-06T19:45:39.106+0000] {processor.py:839} INFO - DAG(s) dict_keys(['example_short_circuit_operator']) retrieved from /home/airflow/.local/lib/python3.8/site-packages/airflow/example_dags/example_short_circuit_operator.py
[2025-03-06T19:45:39.116+0000] {logging_mixin.py:154} INFO - [2025-03-06T19:45:39.116+0000] {dag.py:2941} INFO - Sync 1 DAGs
[2025-03-06T19:45:39.216+0000] {logging_mixin.py:154} INFO - [2025-03-06T19:45:39.216+0000] {dag.py:3722} INFO - Setting next_dagrun for example_short_circuit_operator to 2025-03-05T19:45:39.216746+00:00, run_after=2025-03-06T19:45:39.216746+00:00
[2025-03-06T19:45:39.224+0000] {processor.py:179} INFO - Processing /home/airflow/.local/lib/python3.8/site-packages/airflow/example_dags/example_short_circuit_operator.py took 0.125 seconds
[2025-03-06T19:46:09.279+0000] {processor.py:157} INFO - Started process (PID=38873) to work on /home/airflow/.local/lib/python3.8/site-packages/airflow/example_dags/example_short_circuit_operator.py
[2025-03-06T19:46:09.279+0000] {processor.py:829} INFO - Processing file /home/airflow/.local/lib/python3.8/site-packages/airflow/example_dags/example_short_circuit_operator.py for tasks to queue
[2025-03-06T19:46:09.280+0000] {logging_mixin.py:154} INFO - [2025-03-06T19:46:09.280+0000] {dagbag.py:536} INFO - Filling up the DagBag from /home/airflow/.local/lib/python3.8/site-packages/airflow/example_dags/example_short_circuit_operator.py
[2025-03-06T19:46:09.284+0000] {processor.py:839} INFO - DAG(s) dict_keys(['example_short_circuit_operator']) retrieved from /home/airflow/.local/lib/python3.8/site-packages/airflow/example_dags/example_short_circuit_operator.py
[2025-03-06T19:46:09.295+0000] {logging_mixin.py:154} INFO - [2025-03-06T19:46:09.295+0000] {dag.py:2941} INFO - Sync 1 DAGs
[2025-03-06T19:46:09.305+0000] {logging_mixin.py:154} INFO - [2025-03-06T19:46:09.305+0000] {dag.py:3722} INFO - Setting next_dagrun for example_short_circuit_operator to 2025-03-05T19:46:09.305562+00:00, run_after=2025-03-06T19:46:09.305562+00:00
[2025-03-06T19:46:09.398+0000] {processor.py:179} INFO - Processing /home/airflow/.local/lib/python3.8/site-packages/airflow/example_dags/example_short_circuit_operator.py took 0.121 seconds
[2025-03-06T19:46:40.822+0000] {processor.py:157} INFO - Started process (PID=38930) to work on /home/airflow/.local/lib/python3.8/site-packages/airflow/example_dags/example_short_circuit_operator.py
[2025-03-06T19:46:40.826+0000] {processor.py:829} INFO - Processing file /home/airflow/.local/lib/python3.8/site-packages/airflow/example_dags/example_short_circuit_operator.py for tasks to queue
[2025-03-06T19:46:40.826+0000] {logging_mixin.py:154} INFO - [2025-03-06T19:46:40.826+0000] {dagbag.py:536} INFO - Filling up the DagBag from /home/airflow/.local/lib/python3.8/site-packages/airflow/example_dags/example_short_circuit_operator.py
[2025-03-06T19:46:40.831+0000] {processor.py:839} INFO - DAG(s) dict_keys(['example_short_circuit_operator']) retrieved from /home/airflow/.local/lib/python3.8/site-packages/airflow/example_dags/example_short_circuit_operator.py
[2025-03-06T19:46:40.843+0000] {logging_mixin.py:154} INFO - [2025-03-06T19:46:40.842+0000] {dag.py:2941} INFO - Sync 1 DAGs
[2025-03-06T19:46:40.852+0000] {logging_mixin.py:154} INFO - [2025-03-06T19:46:40.852+0000] {dag.py:3722} INFO - Setting next_dagrun for example_short_circuit_operator to 2025-03-05T19:46:40.851957+00:00, run_after=2025-03-06T19:46:40.851957+00:00
[2025-03-06T19:46:40.858+0000] {processor.py:179} INFO - Processing /home/airflow/.local/lib/python3.8/site-packages/airflow/example_dags/example_short_circuit_operator.py took 0.038 seconds
[2025-03-06T19:47:12.205+0000] {processor.py:157} INFO - Started process (PID=38985) to work on /home/airflow/.local/lib/python3.8/site-packages/airflow/example_dags/example_short_circuit_operator.py
[2025-03-06T19:47:12.207+0000] {processor.py:829} INFO - Processing file /home/airflow/.local/lib/python3.8/site-packages/airflow/example_dags/example_short_circuit_operator.py for tasks to queue
[2025-03-06T19:47:12.207+0000] {logging_mixin.py:154} INFO - [2025-03-06T19:47:12.207+0000] {dagbag.py:536} INFO - Filling up the DagBag from /home/airflow/.local/lib/python3.8/site-packages/airflow/example_dags/example_short_circuit_operator.py
[2025-03-06T19:47:12.212+0000] {processor.py:839} INFO - DAG(s) dict_keys(['example_short_circuit_operator']) retrieved from /home/airflow/.local/lib/python3.8/site-packages/airflow/example_dags/example_short_circuit_operator.py
[2025-03-06T19:47:12.346+0000] {logging_mixin.py:154} INFO - [2025-03-06T19:47:12.345+0000] {dag.py:2941} INFO - Sync 1 DAGs
[2025-03-06T19:47:12.354+0000] {logging_mixin.py:154} INFO - [2025-03-06T19:47:12.354+0000] {dag.py:3722} INFO - Setting next_dagrun for example_short_circuit_operator to 2025-03-05T19:47:12.354244+00:00, run_after=2025-03-06T19:47:12.354244+00:00
[2025-03-06T19:47:12.362+0000] {processor.py:179} INFO - Processing /home/airflow/.local/lib/python3.8/site-packages/airflow/example_dags/example_short_circuit_operator.py took 0.158 seconds
[2025-03-06T19:47:42.736+0000] {processor.py:157} INFO - Started process (PID=39041) to work on /home/airflow/.local/lib/python3.8/site-packages/airflow/example_dags/example_short_circuit_operator.py
[2025-03-06T19:47:42.737+0000] {processor.py:829} INFO - Processing file /home/airflow/.local/lib/python3.8/site-packages/airflow/example_dags/example_short_circuit_operator.py for tasks to queue
[2025-03-06T19:47:42.739+0000] {logging_mixin.py:154} INFO - [2025-03-06T19:47:42.739+0000] {dagbag.py:536} INFO - Filling up the DagBag from /home/airflow/.local/lib/python3.8/site-packages/airflow/example_dags/example_short_circuit_operator.py
[2025-03-06T19:47:42.744+0000] {processor.py:839} INFO - DAG(s) dict_keys(['example_short_circuit_operator']) retrieved from /home/airflow/.local/lib/python3.8/site-packages/airflow/example_dags/example_short_circuit_operator.py
[2025-03-06T19:47:42.761+0000] {logging_mixin.py:154} INFO - [2025-03-06T19:47:42.760+0000] {dag.py:2941} INFO - Sync 1 DAGs
[2025-03-06T19:47:42.772+0000] {logging_mixin.py:154} INFO - [2025-03-06T19:47:42.772+0000] {dag.py:3722} INFO - Setting next_dagrun for example_short_circuit_operator to 2025-03-05T19:47:42.772236+00:00, run_after=2025-03-06T19:47:42.772236+00:00
[2025-03-06T19:47:42.783+0000] {processor.py:179} INFO - Processing /home/airflow/.local/lib/python3.8/site-packages/airflow/example_dags/example_short_circuit_operator.py took 0.049 seconds
[2025-03-06T19:48:13.434+0000] {processor.py:157} INFO - Started process (PID=39097) to work on /home/airflow/.local/lib/python3.8/site-packages/airflow/example_dags/example_short_circuit_operator.py
[2025-03-06T19:48:13.435+0000] {processor.py:829} INFO - Processing file /home/airflow/.local/lib/python3.8/site-packages/airflow/example_dags/example_short_circuit_operator.py for tasks to queue
[2025-03-06T19:48:13.436+0000] {logging_mixin.py:154} INFO - [2025-03-06T19:48:13.435+0000] {dagbag.py:536} INFO - Filling up the DagBag from /home/airflow/.local/lib/python3.8/site-packages/airflow/example_dags/example_short_circuit_operator.py
[2025-03-06T19:48:13.440+0000] {processor.py:839} INFO - DAG(s) dict_keys(['example_short_circuit_operator']) retrieved from /home/airflow/.local/lib/python3.8/site-packages/airflow/example_dags/example_short_circuit_operator.py
[2025-03-06T19:48:13.452+0000] {logging_mixin.py:154} INFO - [2025-03-06T19:48:13.451+0000] {dag.py:2941} INFO - Sync 1 DAGs
[2025-03-06T19:48:13.460+0000] {logging_mixin.py:154} INFO - [2025-03-06T19:48:13.460+0000] {dag.py:3722} INFO - Setting next_dagrun for example_short_circuit_operator to 2025-03-05T19:48:13.460696+00:00, run_after=2025-03-06T19:48:13.460696+00:00
[2025-03-06T19:48:13.470+0000] {processor.py:179} INFO - Processing /home/airflow/.local/lib/python3.8/site-packages/airflow/example_dags/example_short_circuit_operator.py took 0.037 seconds
[2025-03-06T19:48:44.260+0000] {processor.py:157} INFO - Started process (PID=39153) to work on /home/airflow/.local/lib/python3.8/site-packages/airflow/example_dags/example_short_circuit_operator.py
[2025-03-06T19:48:44.262+0000] {processor.py:829} INFO - Processing file /home/airflow/.local/lib/python3.8/site-packages/airflow/example_dags/example_short_circuit_operator.py for tasks to queue
[2025-03-06T19:48:44.263+0000] {logging_mixin.py:154} INFO - [2025-03-06T19:48:44.263+0000] {dagbag.py:536} INFO - Filling up the DagBag from /home/airflow/.local/lib/python3.8/site-packages/airflow/example_dags/example_short_circuit_operator.py
[2025-03-06T19:48:44.269+0000] {processor.py:839} INFO - DAG(s) dict_keys(['example_short_circuit_operator']) retrieved from /home/airflow/.local/lib/python3.8/site-packages/airflow/example_dags/example_short_circuit_operator.py
[2025-03-06T19:48:44.282+0000] {logging_mixin.py:154} INFO - [2025-03-06T19:48:44.281+0000] {dag.py:2941} INFO - Sync 1 DAGs
[2025-03-06T19:48:44.291+0000] {logging_mixin.py:154} INFO - [2025-03-06T19:48:44.291+0000] {dag.py:3722} INFO - Setting next_dagrun for example_short_circuit_operator to 2025-03-05T19:48:44.291518+00:00, run_after=2025-03-06T19:48:44.291518+00:00
[2025-03-06T19:48:44.300+0000] {processor.py:179} INFO - Processing /home/airflow/.local/lib/python3.8/site-packages/airflow/example_dags/example_short_circuit_operator.py took 0.042 seconds
[2025-03-06T19:49:15.100+0000] {processor.py:157} INFO - Started process (PID=39209) to work on /home/airflow/.local/lib/python3.8/site-packages/airflow/example_dags/example_short_circuit_operator.py
[2025-03-06T19:49:15.101+0000] {processor.py:829} INFO - Processing file /home/airflow/.local/lib/python3.8/site-packages/airflow/example_dags/example_short_circuit_operator.py for tasks to queue
[2025-03-06T19:49:15.101+0000] {logging_mixin.py:154} INFO - [2025-03-06T19:49:15.101+0000] {dagbag.py:536} INFO - Filling up the DagBag from /home/airflow/.local/lib/python3.8/site-packages/airflow/example_dags/example_short_circuit_operator.py
[2025-03-06T19:49:15.108+0000] {processor.py:839} INFO - DAG(s) dict_keys(['example_short_circuit_operator']) retrieved from /home/airflow/.local/lib/python3.8/site-packages/airflow/example_dags/example_short_circuit_operator.py
[2025-03-06T19:49:15.119+0000] {logging_mixin.py:154} INFO - [2025-03-06T19:49:15.118+0000] {dag.py:2941} INFO - Sync 1 DAGs
[2025-03-06T19:49:15.127+0000] {logging_mixin.py:154} INFO - [2025-03-06T19:49:15.127+0000] {dag.py:3722} INFO - Setting next_dagrun for example_short_circuit_operator to 2025-03-05T19:49:15.126900+00:00, run_after=2025-03-06T19:49:15.126900+00:00
[2025-03-06T19:49:15.135+0000] {processor.py:179} INFO - Processing /home/airflow/.local/lib/python3.8/site-packages/airflow/example_dags/example_short_circuit_operator.py took 0.037 seconds
[2025-03-06T19:49:45.886+0000] {processor.py:157} INFO - Started process (PID=39265) to work on /home/airflow/.local/lib/python3.8/site-packages/airflow/example_dags/example_short_circuit_operator.py
[2025-03-06T19:49:45.888+0000] {processor.py:829} INFO - Processing file /home/airflow/.local/lib/python3.8/site-packages/airflow/example_dags/example_short_circuit_operator.py for tasks to queue
[2025-03-06T19:49:45.889+0000] {logging_mixin.py:154} INFO - [2025-03-06T19:49:45.888+0000] {dagbag.py:536} INFO - Filling up the DagBag from /home/airflow/.local/lib/python3.8/site-packages/airflow/example_dags/example_short_circuit_operator.py
[2025-03-06T19:49:45.893+0000] {processor.py:839} INFO - DAG(s) dict_keys(['example_short_circuit_operator']) retrieved from /home/airflow/.local/lib/python3.8/site-packages/airflow/example_dags/example_short_circuit_operator.py
[2025-03-06T19:49:45.902+0000] {logging_mixin.py:154} INFO - [2025-03-06T19:49:45.902+0000] {dag.py:2941} INFO - Sync 1 DAGs
[2025-03-06T19:49:45.910+0000] {logging_mixin.py:154} INFO - [2025-03-06T19:49:45.910+0000] {dag.py:3722} INFO - Setting next_dagrun for example_short_circuit_operator to 2025-03-05T19:49:45.910727+00:00, run_after=2025-03-06T19:49:45.910727+00:00
[2025-03-06T19:49:45.918+0000] {processor.py:179} INFO - Processing /home/airflow/.local/lib/python3.8/site-packages/airflow/example_dags/example_short_circuit_operator.py took 0.033 seconds
[2025-03-06T19:50:16.749+0000] {processor.py:157} INFO - Started process (PID=39321) to work on /home/airflow/.local/lib/python3.8/site-packages/airflow/example_dags/example_short_circuit_operator.py
[2025-03-06T19:50:16.751+0000] {processor.py:829} INFO - Processing file /home/airflow/.local/lib/python3.8/site-packages/airflow/example_dags/example_short_circuit_operator.py for tasks to queue
[2025-03-06T19:50:16.752+0000] {logging_mixin.py:154} INFO - [2025-03-06T19:50:16.752+0000] {dagbag.py:536} INFO - Filling up the DagBag from /home/airflow/.local/lib/python3.8/site-packages/airflow/example_dags/example_short_circuit_operator.py
[2025-03-06T19:50:16.757+0000] {processor.py:839} INFO - DAG(s) dict_keys(['example_short_circuit_operator']) retrieved from /home/airflow/.local/lib/python3.8/site-packages/airflow/example_dags/example_short_circuit_operator.py
[2025-03-06T19:50:16.774+0000] {logging_mixin.py:154} INFO - [2025-03-06T19:50:16.774+0000] {dag.py:2941} INFO - Sync 1 DAGs
[2025-03-06T19:50:16.784+0000] {logging_mixin.py:154} INFO - [2025-03-06T19:50:16.784+0000] {dag.py:3722} INFO - Setting next_dagrun for example_short_circuit_operator to 2025-03-05T19:50:16.784687+00:00, run_after=2025-03-06T19:50:16.784687+00:00
[2025-03-06T19:50:16.794+0000] {processor.py:179} INFO - Processing /home/airflow/.local/lib/python3.8/site-packages/airflow/example_dags/example_short_circuit_operator.py took 0.047 seconds
[2025-03-06T19:50:47.440+0000] {processor.py:157} INFO - Started process (PID=39377) to work on /home/airflow/.local/lib/python3.8/site-packages/airflow/example_dags/example_short_circuit_operator.py
[2025-03-06T19:50:47.441+0000] {processor.py:829} INFO - Processing file /home/airflow/.local/lib/python3.8/site-packages/airflow/example_dags/example_short_circuit_operator.py for tasks to queue
[2025-03-06T19:50:47.443+0000] {logging_mixin.py:154} INFO - [2025-03-06T19:50:47.443+0000] {dagbag.py:536} INFO - Filling up the DagBag from /home/airflow/.local/lib/python3.8/site-packages/airflow/example_dags/example_short_circuit_operator.py
[2025-03-06T19:50:47.448+0000] {processor.py:839} INFO - DAG(s) dict_keys(['example_short_circuit_operator']) retrieved from /home/airflow/.local/lib/python3.8/site-packages/airflow/example_dags/example_short_circuit_operator.py
[2025-03-06T19:50:47.461+0000] {logging_mixin.py:154} INFO - [2025-03-06T19:50:47.461+0000] {dag.py:2941} INFO - Sync 1 DAGs
[2025-03-06T19:50:47.470+0000] {logging_mixin.py:154} INFO - [2025-03-06T19:50:47.470+0000] {dag.py:3722} INFO - Setting next_dagrun for example_short_circuit_operator to 2025-03-05T19:50:47.470348+00:00, run_after=2025-03-06T19:50:47.470348+00:00
[2025-03-06T19:50:47.476+0000] {processor.py:179} INFO - Processing /home/airflow/.local/lib/python3.8/site-packages/airflow/example_dags/example_short_circuit_operator.py took 0.038 seconds
[2025-03-06T19:51:18.199+0000] {processor.py:157} INFO - Started process (PID=39433) to work on /home/airflow/.local/lib/python3.8/site-packages/airflow/example_dags/example_short_circuit_operator.py
[2025-03-06T19:51:18.199+0000] {processor.py:829} INFO - Processing file /home/airflow/.local/lib/python3.8/site-packages/airflow/example_dags/example_short_circuit_operator.py for tasks to queue
[2025-03-06T19:51:18.200+0000] {logging_mixin.py:154} INFO - [2025-03-06T19:51:18.200+0000] {dagbag.py:536} INFO - Filling up the DagBag from /home/airflow/.local/lib/python3.8/site-packages/airflow/example_dags/example_short_circuit_operator.py
[2025-03-06T19:51:18.203+0000] {processor.py:839} INFO - DAG(s) dict_keys(['example_short_circuit_operator']) retrieved from /home/airflow/.local/lib/python3.8/site-packages/airflow/example_dags/example_short_circuit_operator.py
[2025-03-06T19:51:18.213+0000] {logging_mixin.py:154} INFO - [2025-03-06T19:51:18.213+0000] {dag.py:2941} INFO - Sync 1 DAGs
[2025-03-06T19:51:18.222+0000] {logging_mixin.py:154} INFO - [2025-03-06T19:51:18.222+0000] {dag.py:3722} INFO - Setting next_dagrun for example_short_circuit_operator to 2025-03-05T19:51:18.222452+00:00, run_after=2025-03-06T19:51:18.222452+00:00
[2025-03-06T19:51:18.228+0000] {processor.py:179} INFO - Processing /home/airflow/.local/lib/python3.8/site-packages/airflow/example_dags/example_short_circuit_operator.py took 0.031 seconds
[2025-03-06T19:51:48.825+0000] {processor.py:157} INFO - Started process (PID=39489) to work on /home/airflow/.local/lib/python3.8/site-packages/airflow/example_dags/example_short_circuit_operator.py
[2025-03-06T19:51:48.825+0000] {processor.py:829} INFO - Processing file /home/airflow/.local/lib/python3.8/site-packages/airflow/example_dags/example_short_circuit_operator.py for tasks to queue
[2025-03-06T19:51:48.826+0000] {logging_mixin.py:154} INFO - [2025-03-06T19:51:48.825+0000] {dagbag.py:536} INFO - Filling up the DagBag from /home/airflow/.local/lib/python3.8/site-packages/airflow/example_dags/example_short_circuit_operator.py
[2025-03-06T19:51:48.830+0000] {processor.py:839} INFO - DAG(s) dict_keys(['example_short_circuit_operator']) retrieved from /home/airflow/.local/lib/python3.8/site-packages/airflow/example_dags/example_short_circuit_operator.py
[2025-03-06T19:51:48.843+0000] {logging_mixin.py:154} INFO - [2025-03-06T19:51:48.842+0000] {dag.py:2941} INFO - Sync 1 DAGs
[2025-03-06T19:51:48.854+0000] {logging_mixin.py:154} INFO - [2025-03-06T19:51:48.854+0000] {dag.py:3722} INFO - Setting next_dagrun for example_short_circuit_operator to 2025-03-05T19:51:48.854036+00:00, run_after=2025-03-06T19:51:48.854036+00:00
[2025-03-06T19:51:48.863+0000] {processor.py:179} INFO - Processing /home/airflow/.local/lib/python3.8/site-packages/airflow/example_dags/example_short_circuit_operator.py took 0.040 seconds
[2025-03-06T19:52:19.540+0000] {processor.py:157} INFO - Started process (PID=39545) to work on /home/airflow/.local/lib/python3.8/site-packages/airflow/example_dags/example_short_circuit_operator.py
[2025-03-06T19:52:19.541+0000] {processor.py:829} INFO - Processing file /home/airflow/.local/lib/python3.8/site-packages/airflow/example_dags/example_short_circuit_operator.py for tasks to queue
[2025-03-06T19:52:19.541+0000] {logging_mixin.py:154} INFO - [2025-03-06T19:52:19.541+0000] {dagbag.py:536} INFO - Filling up the DagBag from /home/airflow/.local/lib/python3.8/site-packages/airflow/example_dags/example_short_circuit_operator.py
[2025-03-06T19:52:19.548+0000] {processor.py:839} INFO - DAG(s) dict_keys(['example_short_circuit_operator']) retrieved from /home/airflow/.local/lib/python3.8/site-packages/airflow/example_dags/example_short_circuit_operator.py
[2025-03-06T19:52:19.561+0000] {logging_mixin.py:154} INFO - [2025-03-06T19:52:19.561+0000] {dag.py:2941} INFO - Sync 1 DAGs
[2025-03-06T19:52:19.570+0000] {logging_mixin.py:154} INFO - [2025-03-06T19:52:19.570+0000] {dag.py:3722} INFO - Setting next_dagrun for example_short_circuit_operator to 2025-03-05T19:52:19.570102+00:00, run_after=2025-03-06T19:52:19.570102+00:00
[2025-03-06T19:52:19.578+0000] {processor.py:179} INFO - Processing /home/airflow/.local/lib/python3.8/site-packages/airflow/example_dags/example_short_circuit_operator.py took 0.040 seconds
[2025-03-06T19:52:50.216+0000] {processor.py:157} INFO - Started process (PID=39601) to work on /home/airflow/.local/lib/python3.8/site-packages/airflow/example_dags/example_short_circuit_operator.py
[2025-03-06T19:52:50.217+0000] {processor.py:829} INFO - Processing file /home/airflow/.local/lib/python3.8/site-packages/airflow/example_dags/example_short_circuit_operator.py for tasks to queue
[2025-03-06T19:52:50.217+0000] {logging_mixin.py:154} INFO - [2025-03-06T19:52:50.217+0000] {dagbag.py:536} INFO - Filling up the DagBag from /home/airflow/.local/lib/python3.8/site-packages/airflow/example_dags/example_short_circuit_operator.py
[2025-03-06T19:52:50.223+0000] {processor.py:839} INFO - DAG(s) dict_keys(['example_short_circuit_operator']) retrieved from /home/airflow/.local/lib/python3.8/site-packages/airflow/example_dags/example_short_circuit_operator.py
[2025-03-06T19:52:50.239+0000] {logging_mixin.py:154} INFO - [2025-03-06T19:52:50.238+0000] {dag.py:2941} INFO - Sync 1 DAGs
[2025-03-06T19:52:50.247+0000] {logging_mixin.py:154} INFO - [2025-03-06T19:52:50.247+0000] {dag.py:3722} INFO - Setting next_dagrun for example_short_circuit_operator to 2025-03-05T19:52:50.247238+00:00, run_after=2025-03-06T19:52:50.247238+00:00
[2025-03-06T19:52:50.256+0000] {processor.py:179} INFO - Processing /home/airflow/.local/lib/python3.8/site-packages/airflow/example_dags/example_short_circuit_operator.py took 0.042 seconds
[2025-03-06T19:53:20.895+0000] {processor.py:157} INFO - Started process (PID=39657) to work on /home/airflow/.local/lib/python3.8/site-packages/airflow/example_dags/example_short_circuit_operator.py
[2025-03-06T19:53:20.896+0000] {processor.py:829} INFO - Processing file /home/airflow/.local/lib/python3.8/site-packages/airflow/example_dags/example_short_circuit_operator.py for tasks to queue
[2025-03-06T19:53:20.900+0000] {logging_mixin.py:154} INFO - [2025-03-06T19:53:20.900+0000] {dagbag.py:536} INFO - Filling up the DagBag from /home/airflow/.local/lib/python3.8/site-packages/airflow/example_dags/example_short_circuit_operator.py
[2025-03-06T19:53:20.904+0000] {processor.py:839} INFO - DAG(s) dict_keys(['example_short_circuit_operator']) retrieved from /home/airflow/.local/lib/python3.8/site-packages/airflow/example_dags/example_short_circuit_operator.py
[2025-03-06T19:53:20.914+0000] {logging_mixin.py:154} INFO - [2025-03-06T19:53:20.914+0000] {dag.py:2941} INFO - Sync 1 DAGs
[2025-03-06T19:53:20.922+0000] {logging_mixin.py:154} INFO - [2025-03-06T19:53:20.922+0000] {dag.py:3722} INFO - Setting next_dagrun for example_short_circuit_operator to 2025-03-05T19:53:20.922456+00:00, run_after=2025-03-06T19:53:20.922456+00:00
[2025-03-06T19:53:20.928+0000] {processor.py:179} INFO - Processing /home/airflow/.local/lib/python3.8/site-packages/airflow/example_dags/example_short_circuit_operator.py took 0.035 seconds
[2025-03-06T19:53:51.564+0000] {processor.py:157} INFO - Started process (PID=39713) to work on /home/airflow/.local/lib/python3.8/site-packages/airflow/example_dags/example_short_circuit_operator.py
[2025-03-06T19:53:51.565+0000] {processor.py:829} INFO - Processing file /home/airflow/.local/lib/python3.8/site-packages/airflow/example_dags/example_short_circuit_operator.py for tasks to queue
[2025-03-06T19:53:51.565+0000] {logging_mixin.py:154} INFO - [2025-03-06T19:53:51.565+0000] {dagbag.py:536} INFO - Filling up the DagBag from /home/airflow/.local/lib/python3.8/site-packages/airflow/example_dags/example_short_circuit_operator.py
[2025-03-06T19:53:51.569+0000] {processor.py:839} INFO - DAG(s) dict_keys(['example_short_circuit_operator']) retrieved from /home/airflow/.local/lib/python3.8/site-packages/airflow/example_dags/example_short_circuit_operator.py
[2025-03-06T19:53:51.579+0000] {logging_mixin.py:154} INFO - [2025-03-06T19:53:51.579+0000] {dag.py:2941} INFO - Sync 1 DAGs
[2025-03-06T19:53:51.587+0000] {logging_mixin.py:154} INFO - [2025-03-06T19:53:51.587+0000] {dag.py:3722} INFO - Setting next_dagrun for example_short_circuit_operator to 2025-03-05T19:53:51.587216+00:00, run_after=2025-03-06T19:53:51.587216+00:00
[2025-03-06T19:53:51.594+0000] {processor.py:179} INFO - Processing /home/airflow/.local/lib/python3.8/site-packages/airflow/example_dags/example_short_circuit_operator.py took 0.032 seconds
[2025-03-06T19:54:22.237+0000] {processor.py:157} INFO - Started process (PID=39769) to work on /home/airflow/.local/lib/python3.8/site-packages/airflow/example_dags/example_short_circuit_operator.py
[2025-03-06T19:54:22.238+0000] {processor.py:829} INFO - Processing file /home/airflow/.local/lib/python3.8/site-packages/airflow/example_dags/example_short_circuit_operator.py for tasks to queue
[2025-03-06T19:54:22.238+0000] {logging_mixin.py:154} INFO - [2025-03-06T19:54:22.238+0000] {dagbag.py:536} INFO - Filling up the DagBag from /home/airflow/.local/lib/python3.8/site-packages/airflow/example_dags/example_short_circuit_operator.py
[2025-03-06T19:54:22.242+0000] {processor.py:839} INFO - DAG(s) dict_keys(['example_short_circuit_operator']) retrieved from /home/airflow/.local/lib/python3.8/site-packages/airflow/example_dags/example_short_circuit_operator.py
[2025-03-06T19:54:22.251+0000] {logging_mixin.py:154} INFO - [2025-03-06T19:54:22.251+0000] {dag.py:2941} INFO - Sync 1 DAGs
[2025-03-06T19:54:22.259+0000] {logging_mixin.py:154} INFO - [2025-03-06T19:54:22.259+0000] {dag.py:3722} INFO - Setting next_dagrun for example_short_circuit_operator to 2025-03-05T19:54:22.259415+00:00, run_after=2025-03-06T19:54:22.259415+00:00
[2025-03-06T19:54:22.266+0000] {processor.py:179} INFO - Processing /home/airflow/.local/lib/python3.8/site-packages/airflow/example_dags/example_short_circuit_operator.py took 0.031 seconds
[2025-03-06T19:54:52.783+0000] {processor.py:157} INFO - Started process (PID=39825) to work on /home/airflow/.local/lib/python3.8/site-packages/airflow/example_dags/example_short_circuit_operator.py
[2025-03-06T19:54:52.783+0000] {processor.py:829} INFO - Processing file /home/airflow/.local/lib/python3.8/site-packages/airflow/example_dags/example_short_circuit_operator.py for tasks to queue
[2025-03-06T19:54:52.784+0000] {logging_mixin.py:154} INFO - [2025-03-06T19:54:52.783+0000] {dagbag.py:536} INFO - Filling up the DagBag from /home/airflow/.local/lib/python3.8/site-packages/airflow/example_dags/example_short_circuit_operator.py
[2025-03-06T19:54:52.788+0000] {processor.py:839} INFO - DAG(s) dict_keys(['example_short_circuit_operator']) retrieved from /home/airflow/.local/lib/python3.8/site-packages/airflow/example_dags/example_short_circuit_operator.py
[2025-03-06T19:54:52.800+0000] {logging_mixin.py:154} INFO - [2025-03-06T19:54:52.800+0000] {dag.py:2941} INFO - Sync 1 DAGs
[2025-03-06T19:54:52.810+0000] {logging_mixin.py:154} INFO - [2025-03-06T19:54:52.810+0000] {dag.py:3722} INFO - Setting next_dagrun for example_short_circuit_operator to 2025-03-05T19:54:52.810602+00:00, run_after=2025-03-06T19:54:52.810602+00:00
[2025-03-06T19:54:52.818+0000] {processor.py:179} INFO - Processing /home/airflow/.local/lib/python3.8/site-packages/airflow/example_dags/example_short_circuit_operator.py took 0.036 seconds
[2025-03-06T19:55:23.445+0000] {processor.py:157} INFO - Started process (PID=39881) to work on /home/airflow/.local/lib/python3.8/site-packages/airflow/example_dags/example_short_circuit_operator.py
[2025-03-06T19:55:23.445+0000] {processor.py:829} INFO - Processing file /home/airflow/.local/lib/python3.8/site-packages/airflow/example_dags/example_short_circuit_operator.py for tasks to queue
[2025-03-06T19:55:23.446+0000] {logging_mixin.py:154} INFO - [2025-03-06T19:55:23.446+0000] {dagbag.py:536} INFO - Filling up the DagBag from /home/airflow/.local/lib/python3.8/site-packages/airflow/example_dags/example_short_circuit_operator.py
[2025-03-06T19:55:23.450+0000] {processor.py:839} INFO - DAG(s) dict_keys(['example_short_circuit_operator']) retrieved from /home/airflow/.local/lib/python3.8/site-packages/airflow/example_dags/example_short_circuit_operator.py
[2025-03-06T19:55:23.463+0000] {logging_mixin.py:154} INFO - [2025-03-06T19:55:23.463+0000] {dag.py:2941} INFO - Sync 1 DAGs
[2025-03-06T19:55:23.473+0000] {logging_mixin.py:154} INFO - [2025-03-06T19:55:23.473+0000] {dag.py:3722} INFO - Setting next_dagrun for example_short_circuit_operator to 2025-03-05T19:55:23.473616+00:00, run_after=2025-03-06T19:55:23.473616+00:00
[2025-03-06T19:55:23.482+0000] {processor.py:179} INFO - Processing /home/airflow/.local/lib/python3.8/site-packages/airflow/example_dags/example_short_circuit_operator.py took 0.039 seconds
[2025-03-06T19:55:54.053+0000] {processor.py:157} INFO - Started process (PID=39937) to work on /home/airflow/.local/lib/python3.8/site-packages/airflow/example_dags/example_short_circuit_operator.py
[2025-03-06T19:55:54.053+0000] {processor.py:829} INFO - Processing file /home/airflow/.local/lib/python3.8/site-packages/airflow/example_dags/example_short_circuit_operator.py for tasks to queue
[2025-03-06T19:55:54.053+0000] {logging_mixin.py:154} INFO - [2025-03-06T19:55:54.053+0000] {dagbag.py:536} INFO - Filling up the DagBag from /home/airflow/.local/lib/python3.8/site-packages/airflow/example_dags/example_short_circuit_operator.py
[2025-03-06T19:55:54.057+0000] {processor.py:839} INFO - DAG(s) dict_keys(['example_short_circuit_operator']) retrieved from /home/airflow/.local/lib/python3.8/site-packages/airflow/example_dags/example_short_circuit_operator.py
[2025-03-06T19:55:54.071+0000] {logging_mixin.py:154} INFO - [2025-03-06T19:55:54.071+0000] {dag.py:2941} INFO - Sync 1 DAGs
[2025-03-06T19:55:54.080+0000] {logging_mixin.py:154} INFO - [2025-03-06T19:55:54.080+0000] {dag.py:3722} INFO - Setting next_dagrun for example_short_circuit_operator to 2025-03-05T19:55:54.080035+00:00, run_after=2025-03-06T19:55:54.080035+00:00
[2025-03-06T19:55:54.087+0000] {processor.py:179} INFO - Processing /home/airflow/.local/lib/python3.8/site-packages/airflow/example_dags/example_short_circuit_operator.py took 0.036 seconds
[2025-03-06T19:56:24.566+0000] {processor.py:157} INFO - Started process (PID=39993) to work on /home/airflow/.local/lib/python3.8/site-packages/airflow/example_dags/example_short_circuit_operator.py
[2025-03-06T19:56:24.566+0000] {processor.py:829} INFO - Processing file /home/airflow/.local/lib/python3.8/site-packages/airflow/example_dags/example_short_circuit_operator.py for tasks to queue
[2025-03-06T19:56:24.567+0000] {logging_mixin.py:154} INFO - [2025-03-06T19:56:24.567+0000] {dagbag.py:536} INFO - Filling up the DagBag from /home/airflow/.local/lib/python3.8/site-packages/airflow/example_dags/example_short_circuit_operator.py
[2025-03-06T19:56:24.571+0000] {processor.py:839} INFO - DAG(s) dict_keys(['example_short_circuit_operator']) retrieved from /home/airflow/.local/lib/python3.8/site-packages/airflow/example_dags/example_short_circuit_operator.py
[2025-03-06T19:56:24.581+0000] {logging_mixin.py:154} INFO - [2025-03-06T19:56:24.581+0000] {dag.py:2941} INFO - Sync 1 DAGs
[2025-03-06T19:56:24.591+0000] {logging_mixin.py:154} INFO - [2025-03-06T19:56:24.591+0000] {dag.py:3722} INFO - Setting next_dagrun for example_short_circuit_operator to 2025-03-05T19:56:24.591348+00:00, run_after=2025-03-06T19:56:24.591348+00:00
[2025-03-06T19:56:24.597+0000] {processor.py:179} INFO - Processing /home/airflow/.local/lib/python3.8/site-packages/airflow/example_dags/example_short_circuit_operator.py took 0.033 seconds
[2025-03-06T19:56:55.174+0000] {processor.py:157} INFO - Started process (PID=40049) to work on /home/airflow/.local/lib/python3.8/site-packages/airflow/example_dags/example_short_circuit_operator.py
[2025-03-06T19:56:55.176+0000] {processor.py:829} INFO - Processing file /home/airflow/.local/lib/python3.8/site-packages/airflow/example_dags/example_short_circuit_operator.py for tasks to queue
[2025-03-06T19:56:55.178+0000] {logging_mixin.py:154} INFO - [2025-03-06T19:56:55.177+0000] {dagbag.py:536} INFO - Filling up the DagBag from /home/airflow/.local/lib/python3.8/site-packages/airflow/example_dags/example_short_circuit_operator.py
[2025-03-06T19:56:55.182+0000] {processor.py:839} INFO - DAG(s) dict_keys(['example_short_circuit_operator']) retrieved from /home/airflow/.local/lib/python3.8/site-packages/airflow/example_dags/example_short_circuit_operator.py
[2025-03-06T19:56:55.191+0000] {logging_mixin.py:154} INFO - [2025-03-06T19:56:55.191+0000] {dag.py:2941} INFO - Sync 1 DAGs
[2025-03-06T19:56:55.201+0000] {logging_mixin.py:154} INFO - [2025-03-06T19:56:55.201+0000] {dag.py:3722} INFO - Setting next_dagrun for example_short_circuit_operator to 2025-03-05T19:56:55.200831+00:00, run_after=2025-03-06T19:56:55.200831+00:00
[2025-03-06T19:56:55.210+0000] {processor.py:179} INFO - Processing /home/airflow/.local/lib/python3.8/site-packages/airflow/example_dags/example_short_circuit_operator.py took 0.038 seconds
[2025-03-06T19:57:26.034+0000] {processor.py:157} INFO - Started process (PID=40105) to work on /home/airflow/.local/lib/python3.8/site-packages/airflow/example_dags/example_short_circuit_operator.py
[2025-03-06T19:57:26.036+0000] {processor.py:829} INFO - Processing file /home/airflow/.local/lib/python3.8/site-packages/airflow/example_dags/example_short_circuit_operator.py for tasks to queue
[2025-03-06T19:57:26.036+0000] {logging_mixin.py:154} INFO - [2025-03-06T19:57:26.036+0000] {dagbag.py:536} INFO - Filling up the DagBag from /home/airflow/.local/lib/python3.8/site-packages/airflow/example_dags/example_short_circuit_operator.py
[2025-03-06T19:57:26.040+0000] {processor.py:839} INFO - DAG(s) dict_keys(['example_short_circuit_operator']) retrieved from /home/airflow/.local/lib/python3.8/site-packages/airflow/example_dags/example_short_circuit_operator.py
[2025-03-06T19:57:26.049+0000] {logging_mixin.py:154} INFO - [2025-03-06T19:57:26.049+0000] {dag.py:2941} INFO - Sync 1 DAGs
[2025-03-06T19:57:26.057+0000] {logging_mixin.py:154} INFO - [2025-03-06T19:57:26.057+0000] {dag.py:3722} INFO - Setting next_dagrun for example_short_circuit_operator to 2025-03-05T19:57:26.057638+00:00, run_after=2025-03-06T19:57:26.057638+00:00
[2025-03-06T19:57:26.065+0000] {processor.py:179} INFO - Processing /home/airflow/.local/lib/python3.8/site-packages/airflow/example_dags/example_short_circuit_operator.py took 0.033 seconds
[2025-03-06T19:57:56.724+0000] {processor.py:157} INFO - Started process (PID=40161) to work on /home/airflow/.local/lib/python3.8/site-packages/airflow/example_dags/example_short_circuit_operator.py
[2025-03-06T19:57:56.725+0000] {processor.py:829} INFO - Processing file /home/airflow/.local/lib/python3.8/site-packages/airflow/example_dags/example_short_circuit_operator.py for tasks to queue
[2025-03-06T19:57:56.725+0000] {logging_mixin.py:154} INFO - [2025-03-06T19:57:56.725+0000] {dagbag.py:536} INFO - Filling up the DagBag from /home/airflow/.local/lib/python3.8/site-packages/airflow/example_dags/example_short_circuit_operator.py
[2025-03-06T19:57:56.730+0000] {processor.py:839} INFO - DAG(s) dict_keys(['example_short_circuit_operator']) retrieved from /home/airflow/.local/lib/python3.8/site-packages/airflow/example_dags/example_short_circuit_operator.py
[2025-03-06T19:57:56.739+0000] {logging_mixin.py:154} INFO - [2025-03-06T19:57:56.739+0000] {dag.py:2941} INFO - Sync 1 DAGs
[2025-03-06T19:57:56.747+0000] {logging_mixin.py:154} INFO - [2025-03-06T19:57:56.747+0000] {dag.py:3722} INFO - Setting next_dagrun for example_short_circuit_operator to 2025-03-05T19:57:56.747171+00:00, run_after=2025-03-06T19:57:56.747171+00:00
[2025-03-06T19:57:56.755+0000] {processor.py:179} INFO - Processing /home/airflow/.local/lib/python3.8/site-packages/airflow/example_dags/example_short_circuit_operator.py took 0.033 seconds
[2025-03-06T19:58:27.315+0000] {processor.py:157} INFO - Started process (PID=40217) to work on /home/airflow/.local/lib/python3.8/site-packages/airflow/example_dags/example_short_circuit_operator.py
[2025-03-06T19:58:27.315+0000] {processor.py:829} INFO - Processing file /home/airflow/.local/lib/python3.8/site-packages/airflow/example_dags/example_short_circuit_operator.py for tasks to queue
[2025-03-06T19:58:27.318+0000] {logging_mixin.py:154} INFO - [2025-03-06T19:58:27.318+0000] {dagbag.py:536} INFO - Filling up the DagBag from /home/airflow/.local/lib/python3.8/site-packages/airflow/example_dags/example_short_circuit_operator.py
[2025-03-06T19:58:27.322+0000] {processor.py:839} INFO - DAG(s) dict_keys(['example_short_circuit_operator']) retrieved from /home/airflow/.local/lib/python3.8/site-packages/airflow/example_dags/example_short_circuit_operator.py
[2025-03-06T19:58:27.332+0000] {logging_mixin.py:154} INFO - [2025-03-06T19:58:27.332+0000] {dag.py:2941} INFO - Sync 1 DAGs
[2025-03-06T19:58:27.341+0000] {logging_mixin.py:154} INFO - [2025-03-06T19:58:27.341+0000] {dag.py:3722} INFO - Setting next_dagrun for example_short_circuit_operator to 2025-03-05T19:58:27.341803+00:00, run_after=2025-03-06T19:58:27.341803+00:00
[2025-03-06T19:58:27.348+0000] {processor.py:179} INFO - Processing /home/airflow/.local/lib/python3.8/site-packages/airflow/example_dags/example_short_circuit_operator.py took 0.035 seconds
[2025-03-06T19:58:57.904+0000] {processor.py:157} INFO - Started process (PID=40273) to work on /home/airflow/.local/lib/python3.8/site-packages/airflow/example_dags/example_short_circuit_operator.py
[2025-03-06T19:58:57.905+0000] {processor.py:829} INFO - Processing file /home/airflow/.local/lib/python3.8/site-packages/airflow/example_dags/example_short_circuit_operator.py for tasks to queue
[2025-03-06T19:58:57.905+0000] {logging_mixin.py:154} INFO - [2025-03-06T19:58:57.905+0000] {dagbag.py:536} INFO - Filling up the DagBag from /home/airflow/.local/lib/python3.8/site-packages/airflow/example_dags/example_short_circuit_operator.py
[2025-03-06T19:58:57.910+0000] {processor.py:839} INFO - DAG(s) dict_keys(['example_short_circuit_operator']) retrieved from /home/airflow/.local/lib/python3.8/site-packages/airflow/example_dags/example_short_circuit_operator.py
[2025-03-06T19:58:57.920+0000] {logging_mixin.py:154} INFO - [2025-03-06T19:58:57.920+0000] {dag.py:2941} INFO - Sync 1 DAGs
[2025-03-06T19:58:57.929+0000] {logging_mixin.py:154} INFO - [2025-03-06T19:58:57.929+0000] {dag.py:3722} INFO - Setting next_dagrun for example_short_circuit_operator to 2025-03-05T19:58:57.929185+00:00, run_after=2025-03-06T19:58:57.929185+00:00
[2025-03-06T19:58:57.940+0000] {processor.py:179} INFO - Processing /home/airflow/.local/lib/python3.8/site-packages/airflow/example_dags/example_short_circuit_operator.py took 0.038 seconds
[2025-03-06T19:59:28.537+0000] {processor.py:157} INFO - Started process (PID=40329) to work on /home/airflow/.local/lib/python3.8/site-packages/airflow/example_dags/example_short_circuit_operator.py
[2025-03-06T19:59:28.538+0000] {processor.py:829} INFO - Processing file /home/airflow/.local/lib/python3.8/site-packages/airflow/example_dags/example_short_circuit_operator.py for tasks to queue
[2025-03-06T19:59:28.540+0000] {logging_mixin.py:154} INFO - [2025-03-06T19:59:28.540+0000] {dagbag.py:536} INFO - Filling up the DagBag from /home/airflow/.local/lib/python3.8/site-packages/airflow/example_dags/example_short_circuit_operator.py
[2025-03-06T19:59:28.545+0000] {processor.py:839} INFO - DAG(s) dict_keys(['example_short_circuit_operator']) retrieved from /home/airflow/.local/lib/python3.8/site-packages/airflow/example_dags/example_short_circuit_operator.py
[2025-03-06T19:59:28.556+0000] {logging_mixin.py:154} INFO - [2025-03-06T19:59:28.556+0000] {dag.py:2941} INFO - Sync 1 DAGs
[2025-03-06T19:59:28.565+0000] {logging_mixin.py:154} INFO - [2025-03-06T19:59:28.565+0000] {dag.py:3722} INFO - Setting next_dagrun for example_short_circuit_operator to 2025-03-05T19:59:28.565508+00:00, run_after=2025-03-06T19:59:28.565508+00:00
[2025-03-06T19:59:28.573+0000] {processor.py:179} INFO - Processing /home/airflow/.local/lib/python3.8/site-packages/airflow/example_dags/example_short_circuit_operator.py took 0.037 seconds
[2025-03-06T19:59:59.124+0000] {processor.py:157} INFO - Started process (PID=40385) to work on /home/airflow/.local/lib/python3.8/site-packages/airflow/example_dags/example_short_circuit_operator.py
[2025-03-06T19:59:59.126+0000] {processor.py:829} INFO - Processing file /home/airflow/.local/lib/python3.8/site-packages/airflow/example_dags/example_short_circuit_operator.py for tasks to queue
[2025-03-06T19:59:59.126+0000] {logging_mixin.py:154} INFO - [2025-03-06T19:59:59.126+0000] {dagbag.py:536} INFO - Filling up the DagBag from /home/airflow/.local/lib/python3.8/site-packages/airflow/example_dags/example_short_circuit_operator.py
[2025-03-06T19:59:59.131+0000] {processor.py:839} INFO - DAG(s) dict_keys(['example_short_circuit_operator']) retrieved from /home/airflow/.local/lib/python3.8/site-packages/airflow/example_dags/example_short_circuit_operator.py
[2025-03-06T19:59:59.142+0000] {logging_mixin.py:154} INFO - [2025-03-06T19:59:59.142+0000] {dag.py:2941} INFO - Sync 1 DAGs
[2025-03-06T19:59:59.154+0000] {logging_mixin.py:154} INFO - [2025-03-06T19:59:59.154+0000] {dag.py:3722} INFO - Setting next_dagrun for example_short_circuit_operator to 2025-03-05T19:59:59.154369+00:00, run_after=2025-03-06T19:59:59.154369+00:00
[2025-03-06T19:59:59.163+0000] {processor.py:179} INFO - Processing /home/airflow/.local/lib/python3.8/site-packages/airflow/example_dags/example_short_circuit_operator.py took 0.041 seconds
[2025-03-06T20:00:29.707+0000] {processor.py:157} INFO - Started process (PID=40441) to work on /home/airflow/.local/lib/python3.8/site-packages/airflow/example_dags/example_short_circuit_operator.py
[2025-03-06T20:00:29.708+0000] {processor.py:829} INFO - Processing file /home/airflow/.local/lib/python3.8/site-packages/airflow/example_dags/example_short_circuit_operator.py for tasks to queue
[2025-03-06T20:00:29.709+0000] {logging_mixin.py:154} INFO - [2025-03-06T20:00:29.709+0000] {dagbag.py:536} INFO - Filling up the DagBag from /home/airflow/.local/lib/python3.8/site-packages/airflow/example_dags/example_short_circuit_operator.py
[2025-03-06T20:00:29.715+0000] {processor.py:839} INFO - DAG(s) dict_keys(['example_short_circuit_operator']) retrieved from /home/airflow/.local/lib/python3.8/site-packages/airflow/example_dags/example_short_circuit_operator.py
[2025-03-06T20:00:29.727+0000] {logging_mixin.py:154} INFO - [2025-03-06T20:00:29.727+0000] {dag.py:2941} INFO - Sync 1 DAGs
[2025-03-06T20:00:29.736+0000] {logging_mixin.py:154} INFO - [2025-03-06T20:00:29.736+0000] {dag.py:3722} INFO - Setting next_dagrun for example_short_circuit_operator to 2025-03-05T20:00:29.736346+00:00, run_after=2025-03-06T20:00:29.736346+00:00
[2025-03-06T20:00:29.747+0000] {processor.py:179} INFO - Processing /home/airflow/.local/lib/python3.8/site-packages/airflow/example_dags/example_short_circuit_operator.py took 0.042 seconds
[2025-03-06T20:01:00.241+0000] {processor.py:157} INFO - Started process (PID=40497) to work on /home/airflow/.local/lib/python3.8/site-packages/airflow/example_dags/example_short_circuit_operator.py
[2025-03-06T20:01:00.241+0000] {processor.py:829} INFO - Processing file /home/airflow/.local/lib/python3.8/site-packages/airflow/example_dags/example_short_circuit_operator.py for tasks to queue
[2025-03-06T20:01:00.242+0000] {logging_mixin.py:154} INFO - [2025-03-06T20:01:00.242+0000] {dagbag.py:536} INFO - Filling up the DagBag from /home/airflow/.local/lib/python3.8/site-packages/airflow/example_dags/example_short_circuit_operator.py
[2025-03-06T20:01:00.247+0000] {processor.py:839} INFO - DAG(s) dict_keys(['example_short_circuit_operator']) retrieved from /home/airflow/.local/lib/python3.8/site-packages/airflow/example_dags/example_short_circuit_operator.py
[2025-03-06T20:01:00.258+0000] {logging_mixin.py:154} INFO - [2025-03-06T20:01:00.258+0000] {dag.py:2941} INFO - Sync 1 DAGs
[2025-03-06T20:01:00.267+0000] {logging_mixin.py:154} INFO - [2025-03-06T20:01:00.267+0000] {dag.py:3722} INFO - Setting next_dagrun for example_short_circuit_operator to 2025-03-05T20:01:00.267513+00:00, run_after=2025-03-06T20:01:00.267513+00:00
[2025-03-06T20:01:00.278+0000] {processor.py:179} INFO - Processing /home/airflow/.local/lib/python3.8/site-packages/airflow/example_dags/example_short_circuit_operator.py took 0.039 seconds
[2025-03-06T20:01:30.882+0000] {processor.py:157} INFO - Started process (PID=40553) to work on /home/airflow/.local/lib/python3.8/site-packages/airflow/example_dags/example_short_circuit_operator.py
[2025-03-06T20:01:30.882+0000] {processor.py:829} INFO - Processing file /home/airflow/.local/lib/python3.8/site-packages/airflow/example_dags/example_short_circuit_operator.py for tasks to queue
[2025-03-06T20:01:30.883+0000] {logging_mixin.py:154} INFO - [2025-03-06T20:01:30.883+0000] {dagbag.py:536} INFO - Filling up the DagBag from /home/airflow/.local/lib/python3.8/site-packages/airflow/example_dags/example_short_circuit_operator.py
[2025-03-06T20:01:30.887+0000] {processor.py:839} INFO - DAG(s) dict_keys(['example_short_circuit_operator']) retrieved from /home/airflow/.local/lib/python3.8/site-packages/airflow/example_dags/example_short_circuit_operator.py
[2025-03-06T20:01:30.898+0000] {logging_mixin.py:154} INFO - [2025-03-06T20:01:30.898+0000] {dag.py:2941} INFO - Sync 1 DAGs
[2025-03-06T20:01:30.907+0000] {logging_mixin.py:154} INFO - [2025-03-06T20:01:30.907+0000] {dag.py:3722} INFO - Setting next_dagrun for example_short_circuit_operator to 2025-03-05T20:01:30.906964+00:00, run_after=2025-03-06T20:01:30.906964+00:00
[2025-03-06T20:01:30.913+0000] {processor.py:179} INFO - Processing /home/airflow/.local/lib/python3.8/site-packages/airflow/example_dags/example_short_circuit_operator.py took 0.033 seconds
[2025-03-06T20:02:01.535+0000] {processor.py:157} INFO - Started process (PID=40609) to work on /home/airflow/.local/lib/python3.8/site-packages/airflow/example_dags/example_short_circuit_operator.py
[2025-03-06T20:02:01.536+0000] {processor.py:829} INFO - Processing file /home/airflow/.local/lib/python3.8/site-packages/airflow/example_dags/example_short_circuit_operator.py for tasks to queue
[2025-03-06T20:02:01.537+0000] {logging_mixin.py:154} INFO - [2025-03-06T20:02:01.537+0000] {dagbag.py:536} INFO - Filling up the DagBag from /home/airflow/.local/lib/python3.8/site-packages/airflow/example_dags/example_short_circuit_operator.py
[2025-03-06T20:02:01.542+0000] {processor.py:839} INFO - DAG(s) dict_keys(['example_short_circuit_operator']) retrieved from /home/airflow/.local/lib/python3.8/site-packages/airflow/example_dags/example_short_circuit_operator.py
[2025-03-06T20:02:01.554+0000] {logging_mixin.py:154} INFO - [2025-03-06T20:02:01.554+0000] {dag.py:2941} INFO - Sync 1 DAGs
[2025-03-06T20:02:01.563+0000] {logging_mixin.py:154} INFO - [2025-03-06T20:02:01.563+0000] {dag.py:3722} INFO - Setting next_dagrun for example_short_circuit_operator to 2025-03-05T20:02:01.563064+00:00, run_after=2025-03-06T20:02:01.563064+00:00
[2025-03-06T20:02:01.572+0000] {processor.py:179} INFO - Processing /home/airflow/.local/lib/python3.8/site-packages/airflow/example_dags/example_short_circuit_operator.py took 0.039 seconds
[2025-03-06T20:02:32.226+0000] {processor.py:157} INFO - Started process (PID=40665) to work on /home/airflow/.local/lib/python3.8/site-packages/airflow/example_dags/example_short_circuit_operator.py
[2025-03-06T20:02:32.227+0000] {processor.py:829} INFO - Processing file /home/airflow/.local/lib/python3.8/site-packages/airflow/example_dags/example_short_circuit_operator.py for tasks to queue
[2025-03-06T20:02:32.227+0000] {logging_mixin.py:154} INFO - [2025-03-06T20:02:32.227+0000] {dagbag.py:536} INFO - Filling up the DagBag from /home/airflow/.local/lib/python3.8/site-packages/airflow/example_dags/example_short_circuit_operator.py
[2025-03-06T20:02:32.232+0000] {processor.py:839} INFO - DAG(s) dict_keys(['example_short_circuit_operator']) retrieved from /home/airflow/.local/lib/python3.8/site-packages/airflow/example_dags/example_short_circuit_operator.py
[2025-03-06T20:02:32.245+0000] {logging_mixin.py:154} INFO - [2025-03-06T20:02:32.245+0000] {dag.py:2941} INFO - Sync 1 DAGs
[2025-03-06T20:02:32.255+0000] {logging_mixin.py:154} INFO - [2025-03-06T20:02:32.254+0000] {dag.py:3722} INFO - Setting next_dagrun for example_short_circuit_operator to 2025-03-05T20:02:32.254810+00:00, run_after=2025-03-06T20:02:32.254810+00:00
[2025-03-06T20:02:32.262+0000] {processor.py:179} INFO - Processing /home/airflow/.local/lib/python3.8/site-packages/airflow/example_dags/example_short_circuit_operator.py took 0.038 seconds
[2025-03-06T20:03:02.844+0000] {processor.py:157} INFO - Started process (PID=40721) to work on /home/airflow/.local/lib/python3.8/site-packages/airflow/example_dags/example_short_circuit_operator.py
[2025-03-06T20:03:02.845+0000] {processor.py:829} INFO - Processing file /home/airflow/.local/lib/python3.8/site-packages/airflow/example_dags/example_short_circuit_operator.py for tasks to queue
[2025-03-06T20:03:02.846+0000] {logging_mixin.py:154} INFO - [2025-03-06T20:03:02.845+0000] {dagbag.py:536} INFO - Filling up the DagBag from /home/airflow/.local/lib/python3.8/site-packages/airflow/example_dags/example_short_circuit_operator.py
[2025-03-06T20:03:02.850+0000] {processor.py:839} INFO - DAG(s) dict_keys(['example_short_circuit_operator']) retrieved from /home/airflow/.local/lib/python3.8/site-packages/airflow/example_dags/example_short_circuit_operator.py
[2025-03-06T20:03:02.860+0000] {logging_mixin.py:154} INFO - [2025-03-06T20:03:02.860+0000] {dag.py:2941} INFO - Sync 1 DAGs
[2025-03-06T20:03:02.869+0000] {logging_mixin.py:154} INFO - [2025-03-06T20:03:02.869+0000] {dag.py:3722} INFO - Setting next_dagrun for example_short_circuit_operator to 2025-03-05T20:03:02.869512+00:00, run_after=2025-03-06T20:03:02.869512+00:00
[2025-03-06T20:03:02.878+0000] {processor.py:179} INFO - Processing /home/airflow/.local/lib/python3.8/site-packages/airflow/example_dags/example_short_circuit_operator.py took 0.036 seconds
[2025-03-06T20:03:33.466+0000] {processor.py:157} INFO - Started process (PID=40777) to work on /home/airflow/.local/lib/python3.8/site-packages/airflow/example_dags/example_short_circuit_operator.py
[2025-03-06T20:03:33.468+0000] {processor.py:829} INFO - Processing file /home/airflow/.local/lib/python3.8/site-packages/airflow/example_dags/example_short_circuit_operator.py for tasks to queue
[2025-03-06T20:03:33.469+0000] {logging_mixin.py:154} INFO - [2025-03-06T20:03:33.469+0000] {dagbag.py:536} INFO - Filling up the DagBag from /home/airflow/.local/lib/python3.8/site-packages/airflow/example_dags/example_short_circuit_operator.py
[2025-03-06T20:03:33.473+0000] {processor.py:839} INFO - DAG(s) dict_keys(['example_short_circuit_operator']) retrieved from /home/airflow/.local/lib/python3.8/site-packages/airflow/example_dags/example_short_circuit_operator.py
[2025-03-06T20:03:33.484+0000] {logging_mixin.py:154} INFO - [2025-03-06T20:03:33.484+0000] {dag.py:2941} INFO - Sync 1 DAGs
[2025-03-06T20:03:33.493+0000] {logging_mixin.py:154} INFO - [2025-03-06T20:03:33.493+0000] {dag.py:3722} INFO - Setting next_dagrun for example_short_circuit_operator to 2025-03-05T20:03:33.493671+00:00, run_after=2025-03-06T20:03:33.493671+00:00
[2025-03-06T20:03:33.502+0000] {processor.py:179} INFO - Processing /home/airflow/.local/lib/python3.8/site-packages/airflow/example_dags/example_short_circuit_operator.py took 0.038 seconds
[2025-03-06T20:04:04.078+0000] {processor.py:157} INFO - Started process (PID=40833) to work on /home/airflow/.local/lib/python3.8/site-packages/airflow/example_dags/example_short_circuit_operator.py
[2025-03-06T20:04:04.079+0000] {processor.py:829} INFO - Processing file /home/airflow/.local/lib/python3.8/site-packages/airflow/example_dags/example_short_circuit_operator.py for tasks to queue
[2025-03-06T20:04:04.079+0000] {logging_mixin.py:154} INFO - [2025-03-06T20:04:04.079+0000] {dagbag.py:536} INFO - Filling up the DagBag from /home/airflow/.local/lib/python3.8/site-packages/airflow/example_dags/example_short_circuit_operator.py
[2025-03-06T20:04:04.083+0000] {processor.py:839} INFO - DAG(s) dict_keys(['example_short_circuit_operator']) retrieved from /home/airflow/.local/lib/python3.8/site-packages/airflow/example_dags/example_short_circuit_operator.py
[2025-03-06T20:04:04.092+0000] {logging_mixin.py:154} INFO - [2025-03-06T20:04:04.092+0000] {dag.py:2941} INFO - Sync 1 DAGs
[2025-03-06T20:04:04.100+0000] {logging_mixin.py:154} INFO - [2025-03-06T20:04:04.100+0000] {dag.py:3722} INFO - Setting next_dagrun for example_short_circuit_operator to 2025-03-05T20:04:04.100431+00:00, run_after=2025-03-06T20:04:04.100431+00:00
[2025-03-06T20:04:04.107+0000] {processor.py:179} INFO - Processing /home/airflow/.local/lib/python3.8/site-packages/airflow/example_dags/example_short_circuit_operator.py took 0.030 seconds
[2025-03-06T20:04:34.686+0000] {processor.py:157} INFO - Started process (PID=40889) to work on /home/airflow/.local/lib/python3.8/site-packages/airflow/example_dags/example_short_circuit_operator.py
[2025-03-06T20:04:34.686+0000] {processor.py:829} INFO - Processing file /home/airflow/.local/lib/python3.8/site-packages/airflow/example_dags/example_short_circuit_operator.py for tasks to queue
[2025-03-06T20:04:34.687+0000] {logging_mixin.py:154} INFO - [2025-03-06T20:04:34.687+0000] {dagbag.py:536} INFO - Filling up the DagBag from /home/airflow/.local/lib/python3.8/site-packages/airflow/example_dags/example_short_circuit_operator.py
[2025-03-06T20:04:34.690+0000] {processor.py:839} INFO - DAG(s) dict_keys(['example_short_circuit_operator']) retrieved from /home/airflow/.local/lib/python3.8/site-packages/airflow/example_dags/example_short_circuit_operator.py
[2025-03-06T20:04:34.700+0000] {logging_mixin.py:154} INFO - [2025-03-06T20:04:34.699+0000] {dag.py:2941} INFO - Sync 1 DAGs
[2025-03-06T20:04:34.708+0000] {logging_mixin.py:154} INFO - [2025-03-06T20:04:34.708+0000] {dag.py:3722} INFO - Setting next_dagrun for example_short_circuit_operator to 2025-03-05T20:04:34.708321+00:00, run_after=2025-03-06T20:04:34.708321+00:00
[2025-03-06T20:04:34.716+0000] {processor.py:179} INFO - Processing /home/airflow/.local/lib/python3.8/site-packages/airflow/example_dags/example_short_circuit_operator.py took 0.031 seconds
[2025-03-06T20:05:05.362+0000] {processor.py:157} INFO - Started process (PID=40945) to work on /home/airflow/.local/lib/python3.8/site-packages/airflow/example_dags/example_short_circuit_operator.py
[2025-03-06T20:05:05.364+0000] {processor.py:829} INFO - Processing file /home/airflow/.local/lib/python3.8/site-packages/airflow/example_dags/example_short_circuit_operator.py for tasks to queue
[2025-03-06T20:05:05.365+0000] {logging_mixin.py:154} INFO - [2025-03-06T20:05:05.365+0000] {dagbag.py:536} INFO - Filling up the DagBag from /home/airflow/.local/lib/python3.8/site-packages/airflow/example_dags/example_short_circuit_operator.py
[2025-03-06T20:05:05.370+0000] {processor.py:839} INFO - DAG(s) dict_keys(['example_short_circuit_operator']) retrieved from /home/airflow/.local/lib/python3.8/site-packages/airflow/example_dags/example_short_circuit_operator.py
[2025-03-06T20:05:05.380+0000] {logging_mixin.py:154} INFO - [2025-03-06T20:05:05.379+0000] {dag.py:2941} INFO - Sync 1 DAGs
[2025-03-06T20:05:05.388+0000] {logging_mixin.py:154} INFO - [2025-03-06T20:05:05.388+0000] {dag.py:3722} INFO - Setting next_dagrun for example_short_circuit_operator to 2025-03-05T20:05:05.388117+00:00, run_after=2025-03-06T20:05:05.388117+00:00
[2025-03-06T20:05:05.394+0000] {processor.py:179} INFO - Processing /home/airflow/.local/lib/python3.8/site-packages/airflow/example_dags/example_short_circuit_operator.py took 0.034 seconds
[2025-03-06T20:05:35.893+0000] {processor.py:157} INFO - Started process (PID=41001) to work on /home/airflow/.local/lib/python3.8/site-packages/airflow/example_dags/example_short_circuit_operator.py
[2025-03-06T20:05:35.894+0000] {processor.py:829} INFO - Processing file /home/airflow/.local/lib/python3.8/site-packages/airflow/example_dags/example_short_circuit_operator.py for tasks to queue
[2025-03-06T20:05:35.894+0000] {logging_mixin.py:154} INFO - [2025-03-06T20:05:35.894+0000] {dagbag.py:536} INFO - Filling up the DagBag from /home/airflow/.local/lib/python3.8/site-packages/airflow/example_dags/example_short_circuit_operator.py
[2025-03-06T20:05:35.899+0000] {processor.py:839} INFO - DAG(s) dict_keys(['example_short_circuit_operator']) retrieved from /home/airflow/.local/lib/python3.8/site-packages/airflow/example_dags/example_short_circuit_operator.py
[2025-03-06T20:05:35.910+0000] {logging_mixin.py:154} INFO - [2025-03-06T20:05:35.909+0000] {dag.py:2941} INFO - Sync 1 DAGs
[2025-03-06T20:05:35.918+0000] {logging_mixin.py:154} INFO - [2025-03-06T20:05:35.918+0000] {dag.py:3722} INFO - Setting next_dagrun for example_short_circuit_operator to 2025-03-05T20:05:35.918146+00:00, run_after=2025-03-06T20:05:35.918146+00:00
[2025-03-06T20:05:35.928+0000] {processor.py:179} INFO - Processing /home/airflow/.local/lib/python3.8/site-packages/airflow/example_dags/example_short_circuit_operator.py took 0.037 seconds
[2025-03-06T20:06:06.504+0000] {processor.py:157} INFO - Started process (PID=41057) to work on /home/airflow/.local/lib/python3.8/site-packages/airflow/example_dags/example_short_circuit_operator.py
[2025-03-06T20:06:06.504+0000] {processor.py:829} INFO - Processing file /home/airflow/.local/lib/python3.8/site-packages/airflow/example_dags/example_short_circuit_operator.py for tasks to queue
[2025-03-06T20:06:06.505+0000] {logging_mixin.py:154} INFO - [2025-03-06T20:06:06.505+0000] {dagbag.py:536} INFO - Filling up the DagBag from /home/airflow/.local/lib/python3.8/site-packages/airflow/example_dags/example_short_circuit_operator.py
[2025-03-06T20:06:06.510+0000] {processor.py:839} INFO - DAG(s) dict_keys(['example_short_circuit_operator']) retrieved from /home/airflow/.local/lib/python3.8/site-packages/airflow/example_dags/example_short_circuit_operator.py
[2025-03-06T20:06:06.520+0000] {logging_mixin.py:154} INFO - [2025-03-06T20:06:06.520+0000] {dag.py:2941} INFO - Sync 1 DAGs
[2025-03-06T20:06:06.528+0000] {logging_mixin.py:154} INFO - [2025-03-06T20:06:06.528+0000] {dag.py:3722} INFO - Setting next_dagrun for example_short_circuit_operator to 2025-03-05T20:06:06.528136+00:00, run_after=2025-03-06T20:06:06.528136+00:00
[2025-03-06T20:06:06.536+0000] {processor.py:179} INFO - Processing /home/airflow/.local/lib/python3.8/site-packages/airflow/example_dags/example_short_circuit_operator.py took 0.033 seconds
[2025-03-06T20:06:37.104+0000] {processor.py:157} INFO - Started process (PID=41113) to work on /home/airflow/.local/lib/python3.8/site-packages/airflow/example_dags/example_short_circuit_operator.py
[2025-03-06T20:06:37.105+0000] {processor.py:829} INFO - Processing file /home/airflow/.local/lib/python3.8/site-packages/airflow/example_dags/example_short_circuit_operator.py for tasks to queue
[2025-03-06T20:06:37.106+0000] {logging_mixin.py:154} INFO - [2025-03-06T20:06:37.106+0000] {dagbag.py:536} INFO - Filling up the DagBag from /home/airflow/.local/lib/python3.8/site-packages/airflow/example_dags/example_short_circuit_operator.py
[2025-03-06T20:06:37.109+0000] {processor.py:839} INFO - DAG(s) dict_keys(['example_short_circuit_operator']) retrieved from /home/airflow/.local/lib/python3.8/site-packages/airflow/example_dags/example_short_circuit_operator.py
[2025-03-06T20:06:37.120+0000] {logging_mixin.py:154} INFO - [2025-03-06T20:06:37.120+0000] {dag.py:2941} INFO - Sync 1 DAGs
[2025-03-06T20:06:37.129+0000] {logging_mixin.py:154} INFO - [2025-03-06T20:06:37.128+0000] {dag.py:3722} INFO - Setting next_dagrun for example_short_circuit_operator to 2025-03-05T20:06:37.128834+00:00, run_after=2025-03-06T20:06:37.128834+00:00
[2025-03-06T20:06:37.139+0000] {processor.py:179} INFO - Processing /home/airflow/.local/lib/python3.8/site-packages/airflow/example_dags/example_short_circuit_operator.py took 0.036 seconds
[2025-03-06T20:07:07.651+0000] {processor.py:157} INFO - Started process (PID=41169) to work on /home/airflow/.local/lib/python3.8/site-packages/airflow/example_dags/example_short_circuit_operator.py
[2025-03-06T20:07:07.651+0000] {processor.py:829} INFO - Processing file /home/airflow/.local/lib/python3.8/site-packages/airflow/example_dags/example_short_circuit_operator.py for tasks to queue
[2025-03-06T20:07:07.652+0000] {logging_mixin.py:154} INFO - [2025-03-06T20:07:07.652+0000] {dagbag.py:536} INFO - Filling up the DagBag from /home/airflow/.local/lib/python3.8/site-packages/airflow/example_dags/example_short_circuit_operator.py
[2025-03-06T20:07:07.656+0000] {processor.py:839} INFO - DAG(s) dict_keys(['example_short_circuit_operator']) retrieved from /home/airflow/.local/lib/python3.8/site-packages/airflow/example_dags/example_short_circuit_operator.py
[2025-03-06T20:07:07.665+0000] {logging_mixin.py:154} INFO - [2025-03-06T20:07:07.665+0000] {dag.py:2941} INFO - Sync 1 DAGs
[2025-03-06T20:07:07.674+0000] {logging_mixin.py:154} INFO - [2025-03-06T20:07:07.674+0000] {dag.py:3722} INFO - Setting next_dagrun for example_short_circuit_operator to 2025-03-05T20:07:07.674174+00:00, run_after=2025-03-06T20:07:07.674174+00:00
[2025-03-06T20:07:07.682+0000] {processor.py:179} INFO - Processing /home/airflow/.local/lib/python3.8/site-packages/airflow/example_dags/example_short_circuit_operator.py took 0.033 seconds
[2025-03-06T20:07:38.217+0000] {processor.py:157} INFO - Started process (PID=41225) to work on /home/airflow/.local/lib/python3.8/site-packages/airflow/example_dags/example_short_circuit_operator.py
[2025-03-06T20:07:38.219+0000] {processor.py:829} INFO - Processing file /home/airflow/.local/lib/python3.8/site-packages/airflow/example_dags/example_short_circuit_operator.py for tasks to queue
[2025-03-06T20:07:38.220+0000] {logging_mixin.py:154} INFO - [2025-03-06T20:07:38.220+0000] {dagbag.py:536} INFO - Filling up the DagBag from /home/airflow/.local/lib/python3.8/site-packages/airflow/example_dags/example_short_circuit_operator.py
[2025-03-06T20:07:38.224+0000] {processor.py:839} INFO - DAG(s) dict_keys(['example_short_circuit_operator']) retrieved from /home/airflow/.local/lib/python3.8/site-packages/airflow/example_dags/example_short_circuit_operator.py
[2025-03-06T20:07:38.235+0000] {logging_mixin.py:154} INFO - [2025-03-06T20:07:38.234+0000] {dag.py:2941} INFO - Sync 1 DAGs
[2025-03-06T20:07:38.242+0000] {logging_mixin.py:154} INFO - [2025-03-06T20:07:38.242+0000] {dag.py:3722} INFO - Setting next_dagrun for example_short_circuit_operator to 2025-03-05T20:07:38.242686+00:00, run_after=2025-03-06T20:07:38.242686+00:00
[2025-03-06T20:07:38.249+0000] {processor.py:179} INFO - Processing /home/airflow/.local/lib/python3.8/site-packages/airflow/example_dags/example_short_circuit_operator.py took 0.033 seconds
[2025-03-06T20:08:08.874+0000] {processor.py:157} INFO - Started process (PID=41281) to work on /home/airflow/.local/lib/python3.8/site-packages/airflow/example_dags/example_short_circuit_operator.py
[2025-03-06T20:08:08.875+0000] {processor.py:829} INFO - Processing file /home/airflow/.local/lib/python3.8/site-packages/airflow/example_dags/example_short_circuit_operator.py for tasks to queue
[2025-03-06T20:08:08.876+0000] {logging_mixin.py:154} INFO - [2025-03-06T20:08:08.876+0000] {dagbag.py:536} INFO - Filling up the DagBag from /home/airflow/.local/lib/python3.8/site-packages/airflow/example_dags/example_short_circuit_operator.py
[2025-03-06T20:08:08.882+0000] {processor.py:839} INFO - DAG(s) dict_keys(['example_short_circuit_operator']) retrieved from /home/airflow/.local/lib/python3.8/site-packages/airflow/example_dags/example_short_circuit_operator.py
[2025-03-06T20:08:08.892+0000] {logging_mixin.py:154} INFO - [2025-03-06T20:08:08.892+0000] {dag.py:2941} INFO - Sync 1 DAGs
[2025-03-06T20:08:08.901+0000] {logging_mixin.py:154} INFO - [2025-03-06T20:08:08.900+0000] {dag.py:3722} INFO - Setting next_dagrun for example_short_circuit_operator to 2025-03-05T20:08:08.900856+00:00, run_after=2025-03-06T20:08:08.900856+00:00
[2025-03-06T20:08:08.907+0000] {processor.py:179} INFO - Processing /home/airflow/.local/lib/python3.8/site-packages/airflow/example_dags/example_short_circuit_operator.py took 0.034 seconds
[2025-03-06T20:08:39.476+0000] {processor.py:157} INFO - Started process (PID=41337) to work on /home/airflow/.local/lib/python3.8/site-packages/airflow/example_dags/example_short_circuit_operator.py
[2025-03-06T20:08:39.476+0000] {processor.py:829} INFO - Processing file /home/airflow/.local/lib/python3.8/site-packages/airflow/example_dags/example_short_circuit_operator.py for tasks to queue
[2025-03-06T20:08:39.477+0000] {logging_mixin.py:154} INFO - [2025-03-06T20:08:39.477+0000] {dagbag.py:536} INFO - Filling up the DagBag from /home/airflow/.local/lib/python3.8/site-packages/airflow/example_dags/example_short_circuit_operator.py
[2025-03-06T20:08:39.482+0000] {processor.py:839} INFO - DAG(s) dict_keys(['example_short_circuit_operator']) retrieved from /home/airflow/.local/lib/python3.8/site-packages/airflow/example_dags/example_short_circuit_operator.py
[2025-03-06T20:08:39.493+0000] {logging_mixin.py:154} INFO - [2025-03-06T20:08:39.492+0000] {dag.py:2941} INFO - Sync 1 DAGs
[2025-03-06T20:08:39.501+0000] {logging_mixin.py:154} INFO - [2025-03-06T20:08:39.501+0000] {dag.py:3722} INFO - Setting next_dagrun for example_short_circuit_operator to 2025-03-05T20:08:39.501011+00:00, run_after=2025-03-06T20:08:39.501011+00:00
[2025-03-06T20:08:39.510+0000] {processor.py:179} INFO - Processing /home/airflow/.local/lib/python3.8/site-packages/airflow/example_dags/example_short_circuit_operator.py took 0.035 seconds
[2025-03-06T20:09:10.070+0000] {processor.py:157} INFO - Started process (PID=41393) to work on /home/airflow/.local/lib/python3.8/site-packages/airflow/example_dags/example_short_circuit_operator.py
[2025-03-06T20:09:10.071+0000] {processor.py:829} INFO - Processing file /home/airflow/.local/lib/python3.8/site-packages/airflow/example_dags/example_short_circuit_operator.py for tasks to queue
[2025-03-06T20:09:10.073+0000] {logging_mixin.py:154} INFO - [2025-03-06T20:09:10.073+0000] {dagbag.py:536} INFO - Filling up the DagBag from /home/airflow/.local/lib/python3.8/site-packages/airflow/example_dags/example_short_circuit_operator.py
[2025-03-06T20:09:10.077+0000] {processor.py:839} INFO - DAG(s) dict_keys(['example_short_circuit_operator']) retrieved from /home/airflow/.local/lib/python3.8/site-packages/airflow/example_dags/example_short_circuit_operator.py
[2025-03-06T20:09:10.089+0000] {logging_mixin.py:154} INFO - [2025-03-06T20:09:10.088+0000] {dag.py:2941} INFO - Sync 1 DAGs
[2025-03-06T20:09:10.099+0000] {logging_mixin.py:154} INFO - [2025-03-06T20:09:10.099+0000] {dag.py:3722} INFO - Setting next_dagrun for example_short_circuit_operator to 2025-03-05T20:09:10.098905+00:00, run_after=2025-03-06T20:09:10.098905+00:00
[2025-03-06T20:09:10.106+0000] {processor.py:179} INFO - Processing /home/airflow/.local/lib/python3.8/site-packages/airflow/example_dags/example_short_circuit_operator.py took 0.037 seconds
[2025-03-06T20:09:40.724+0000] {processor.py:157} INFO - Started process (PID=41456) to work on /home/airflow/.local/lib/python3.8/site-packages/airflow/example_dags/example_short_circuit_operator.py
[2025-03-06T20:09:40.725+0000] {processor.py:829} INFO - Processing file /home/airflow/.local/lib/python3.8/site-packages/airflow/example_dags/example_short_circuit_operator.py for tasks to queue
[2025-03-06T20:09:40.726+0000] {logging_mixin.py:154} INFO - [2025-03-06T20:09:40.726+0000] {dagbag.py:536} INFO - Filling up the DagBag from /home/airflow/.local/lib/python3.8/site-packages/airflow/example_dags/example_short_circuit_operator.py
[2025-03-06T20:09:40.730+0000] {processor.py:839} INFO - DAG(s) dict_keys(['example_short_circuit_operator']) retrieved from /home/airflow/.local/lib/python3.8/site-packages/airflow/example_dags/example_short_circuit_operator.py
[2025-03-06T20:09:40.741+0000] {logging_mixin.py:154} INFO - [2025-03-06T20:09:40.740+0000] {dag.py:2941} INFO - Sync 1 DAGs
[2025-03-06T20:09:40.750+0000] {logging_mixin.py:154} INFO - [2025-03-06T20:09:40.750+0000] {dag.py:3722} INFO - Setting next_dagrun for example_short_circuit_operator to 2025-03-05T20:09:40.750039+00:00, run_after=2025-03-06T20:09:40.750039+00:00
[2025-03-06T20:09:40.758+0000] {processor.py:179} INFO - Processing /home/airflow/.local/lib/python3.8/site-packages/airflow/example_dags/example_short_circuit_operator.py took 0.035 seconds
[2025-03-06T20:10:11.311+0000] {processor.py:157} INFO - Started process (PID=41512) to work on /home/airflow/.local/lib/python3.8/site-packages/airflow/example_dags/example_short_circuit_operator.py
[2025-03-06T20:10:11.315+0000] {processor.py:829} INFO - Processing file /home/airflow/.local/lib/python3.8/site-packages/airflow/example_dags/example_short_circuit_operator.py for tasks to queue
[2025-03-06T20:10:11.316+0000] {logging_mixin.py:154} INFO - [2025-03-06T20:10:11.316+0000] {dagbag.py:536} INFO - Filling up the DagBag from /home/airflow/.local/lib/python3.8/site-packages/airflow/example_dags/example_short_circuit_operator.py
[2025-03-06T20:10:11.320+0000] {processor.py:839} INFO - DAG(s) dict_keys(['example_short_circuit_operator']) retrieved from /home/airflow/.local/lib/python3.8/site-packages/airflow/example_dags/example_short_circuit_operator.py
[2025-03-06T20:10:11.331+0000] {logging_mixin.py:154} INFO - [2025-03-06T20:10:11.330+0000] {dag.py:2941} INFO - Sync 1 DAGs
[2025-03-06T20:10:11.339+0000] {logging_mixin.py:154} INFO - [2025-03-06T20:10:11.339+0000] {dag.py:3722} INFO - Setting next_dagrun for example_short_circuit_operator to 2025-03-05T20:10:11.339728+00:00, run_after=2025-03-06T20:10:11.339728+00:00
[2025-03-06T20:10:11.348+0000] {processor.py:179} INFO - Processing /home/airflow/.local/lib/python3.8/site-packages/airflow/example_dags/example_short_circuit_operator.py took 0.038 seconds
[2025-03-06T20:10:41.919+0000] {processor.py:157} INFO - Started process (PID=41567) to work on /home/airflow/.local/lib/python3.8/site-packages/airflow/example_dags/example_short_circuit_operator.py
[2025-03-06T20:10:41.919+0000] {processor.py:829} INFO - Processing file /home/airflow/.local/lib/python3.8/site-packages/airflow/example_dags/example_short_circuit_operator.py for tasks to queue
[2025-03-06T20:10:41.920+0000] {logging_mixin.py:154} INFO - [2025-03-06T20:10:41.920+0000] {dagbag.py:536} INFO - Filling up the DagBag from /home/airflow/.local/lib/python3.8/site-packages/airflow/example_dags/example_short_circuit_operator.py
[2025-03-06T20:10:41.924+0000] {processor.py:839} INFO - DAG(s) dict_keys(['example_short_circuit_operator']) retrieved from /home/airflow/.local/lib/python3.8/site-packages/airflow/example_dags/example_short_circuit_operator.py
[2025-03-06T20:10:41.935+0000] {logging_mixin.py:154} INFO - [2025-03-06T20:10:41.935+0000] {dag.py:2941} INFO - Sync 1 DAGs
[2025-03-06T20:10:41.944+0000] {logging_mixin.py:154} INFO - [2025-03-06T20:10:41.943+0000] {dag.py:3722} INFO - Setting next_dagrun for example_short_circuit_operator to 2025-03-05T20:10:41.943836+00:00, run_after=2025-03-06T20:10:41.943836+00:00
[2025-03-06T20:10:41.951+0000] {processor.py:179} INFO - Processing /home/airflow/.local/lib/python3.8/site-packages/airflow/example_dags/example_short_circuit_operator.py took 0.034 seconds
[2025-03-06T20:11:12.412+0000] {processor.py:157} INFO - Started process (PID=41623) to work on /home/airflow/.local/lib/python3.8/site-packages/airflow/example_dags/example_short_circuit_operator.py
[2025-03-06T20:11:12.413+0000] {processor.py:829} INFO - Processing file /home/airflow/.local/lib/python3.8/site-packages/airflow/example_dags/example_short_circuit_operator.py for tasks to queue
[2025-03-06T20:11:12.413+0000] {logging_mixin.py:154} INFO - [2025-03-06T20:11:12.413+0000] {dagbag.py:536} INFO - Filling up the DagBag from /home/airflow/.local/lib/python3.8/site-packages/airflow/example_dags/example_short_circuit_operator.py
[2025-03-06T20:11:12.417+0000] {processor.py:839} INFO - DAG(s) dict_keys(['example_short_circuit_operator']) retrieved from /home/airflow/.local/lib/python3.8/site-packages/airflow/example_dags/example_short_circuit_operator.py
[2025-03-06T20:11:12.427+0000] {logging_mixin.py:154} INFO - [2025-03-06T20:11:12.426+0000] {dag.py:2941} INFO - Sync 1 DAGs
[2025-03-06T20:11:12.435+0000] {logging_mixin.py:154} INFO - [2025-03-06T20:11:12.434+0000] {dag.py:3722} INFO - Setting next_dagrun for example_short_circuit_operator to 2025-03-05T20:11:12.434863+00:00, run_after=2025-03-06T20:11:12.434863+00:00
[2025-03-06T20:11:12.441+0000] {processor.py:179} INFO - Processing /home/airflow/.local/lib/python3.8/site-packages/airflow/example_dags/example_short_circuit_operator.py took 0.030 seconds
[2025-03-06T20:11:42.976+0000] {processor.py:157} INFO - Started process (PID=41679) to work on /home/airflow/.local/lib/python3.8/site-packages/airflow/example_dags/example_short_circuit_operator.py
[2025-03-06T20:11:42.977+0000] {processor.py:829} INFO - Processing file /home/airflow/.local/lib/python3.8/site-packages/airflow/example_dags/example_short_circuit_operator.py for tasks to queue
[2025-03-06T20:11:42.977+0000] {logging_mixin.py:154} INFO - [2025-03-06T20:11:42.977+0000] {dagbag.py:536} INFO - Filling up the DagBag from /home/airflow/.local/lib/python3.8/site-packages/airflow/example_dags/example_short_circuit_operator.py
[2025-03-06T20:11:42.982+0000] {processor.py:839} INFO - DAG(s) dict_keys(['example_short_circuit_operator']) retrieved from /home/airflow/.local/lib/python3.8/site-packages/airflow/example_dags/example_short_circuit_operator.py
[2025-03-06T20:11:42.991+0000] {logging_mixin.py:154} INFO - [2025-03-06T20:11:42.991+0000] {dag.py:2941} INFO - Sync 1 DAGs
[2025-03-06T20:11:43.001+0000] {logging_mixin.py:154} INFO - [2025-03-06T20:11:43.001+0000] {dag.py:3722} INFO - Setting next_dagrun for example_short_circuit_operator to 2025-03-05T20:11:43.001699+00:00, run_after=2025-03-06T20:11:43.001699+00:00
[2025-03-06T20:11:43.009+0000] {processor.py:179} INFO - Processing /home/airflow/.local/lib/python3.8/site-packages/airflow/example_dags/example_short_circuit_operator.py took 0.034 seconds
[2025-03-06T20:12:13.541+0000] {processor.py:157} INFO - Started process (PID=41735) to work on /home/airflow/.local/lib/python3.8/site-packages/airflow/example_dags/example_short_circuit_operator.py
[2025-03-06T20:12:13.542+0000] {processor.py:829} INFO - Processing file /home/airflow/.local/lib/python3.8/site-packages/airflow/example_dags/example_short_circuit_operator.py for tasks to queue
[2025-03-06T20:12:13.543+0000] {logging_mixin.py:154} INFO - [2025-03-06T20:12:13.543+0000] {dagbag.py:536} INFO - Filling up the DagBag from /home/airflow/.local/lib/python3.8/site-packages/airflow/example_dags/example_short_circuit_operator.py
[2025-03-06T20:12:13.549+0000] {processor.py:839} INFO - DAG(s) dict_keys(['example_short_circuit_operator']) retrieved from /home/airflow/.local/lib/python3.8/site-packages/airflow/example_dags/example_short_circuit_operator.py
[2025-03-06T20:12:13.560+0000] {logging_mixin.py:154} INFO - [2025-03-06T20:12:13.559+0000] {dag.py:2941} INFO - Sync 1 DAGs
[2025-03-06T20:12:13.568+0000] {logging_mixin.py:154} INFO - [2025-03-06T20:12:13.568+0000] {dag.py:3722} INFO - Setting next_dagrun for example_short_circuit_operator to 2025-03-05T20:12:13.567936+00:00, run_after=2025-03-06T20:12:13.567936+00:00
[2025-03-06T20:12:13.574+0000] {processor.py:179} INFO - Processing /home/airflow/.local/lib/python3.8/site-packages/airflow/example_dags/example_short_circuit_operator.py took 0.034 seconds
[2025-03-06T20:12:44.103+0000] {processor.py:157} INFO - Started process (PID=41791) to work on /home/airflow/.local/lib/python3.8/site-packages/airflow/example_dags/example_short_circuit_operator.py
[2025-03-06T20:12:44.104+0000] {processor.py:829} INFO - Processing file /home/airflow/.local/lib/python3.8/site-packages/airflow/example_dags/example_short_circuit_operator.py for tasks to queue
[2025-03-06T20:12:44.104+0000] {logging_mixin.py:154} INFO - [2025-03-06T20:12:44.104+0000] {dagbag.py:536} INFO - Filling up the DagBag from /home/airflow/.local/lib/python3.8/site-packages/airflow/example_dags/example_short_circuit_operator.py
[2025-03-06T20:12:44.108+0000] {processor.py:839} INFO - DAG(s) dict_keys(['example_short_circuit_operator']) retrieved from /home/airflow/.local/lib/python3.8/site-packages/airflow/example_dags/example_short_circuit_operator.py
[2025-03-06T20:12:44.118+0000] {logging_mixin.py:154} INFO - [2025-03-06T20:12:44.118+0000] {dag.py:2941} INFO - Sync 1 DAGs
[2025-03-06T20:12:44.127+0000] {logging_mixin.py:154} INFO - [2025-03-06T20:12:44.127+0000] {dag.py:3722} INFO - Setting next_dagrun for example_short_circuit_operator to 2025-03-05T20:12:44.127020+00:00, run_after=2025-03-06T20:12:44.127020+00:00
[2025-03-06T20:12:44.134+0000] {processor.py:179} INFO - Processing /home/airflow/.local/lib/python3.8/site-packages/airflow/example_dags/example_short_circuit_operator.py took 0.032 seconds
[2025-03-06T20:13:14.669+0000] {processor.py:157} INFO - Started process (PID=41847) to work on /home/airflow/.local/lib/python3.8/site-packages/airflow/example_dags/example_short_circuit_operator.py
[2025-03-06T20:13:14.673+0000] {processor.py:829} INFO - Processing file /home/airflow/.local/lib/python3.8/site-packages/airflow/example_dags/example_short_circuit_operator.py for tasks to queue
[2025-03-06T20:13:14.673+0000] {logging_mixin.py:154} INFO - [2025-03-06T20:13:14.673+0000] {dagbag.py:536} INFO - Filling up the DagBag from /home/airflow/.local/lib/python3.8/site-packages/airflow/example_dags/example_short_circuit_operator.py
[2025-03-06T20:13:14.678+0000] {processor.py:839} INFO - DAG(s) dict_keys(['example_short_circuit_operator']) retrieved from /home/airflow/.local/lib/python3.8/site-packages/airflow/example_dags/example_short_circuit_operator.py
[2025-03-06T20:13:14.688+0000] {logging_mixin.py:154} INFO - [2025-03-06T20:13:14.688+0000] {dag.py:2941} INFO - Sync 1 DAGs
[2025-03-06T20:13:14.700+0000] {logging_mixin.py:154} INFO - [2025-03-06T20:13:14.700+0000] {dag.py:3722} INFO - Setting next_dagrun for example_short_circuit_operator to 2025-03-05T20:13:14.700189+00:00, run_after=2025-03-06T20:13:14.700189+00:00
[2025-03-06T20:13:14.708+0000] {processor.py:179} INFO - Processing /home/airflow/.local/lib/python3.8/site-packages/airflow/example_dags/example_short_circuit_operator.py took 0.041 seconds
[2025-03-06T20:13:45.285+0000] {processor.py:157} INFO - Started process (PID=41903) to work on /home/airflow/.local/lib/python3.8/site-packages/airflow/example_dags/example_short_circuit_operator.py
[2025-03-06T20:13:45.286+0000] {processor.py:829} INFO - Processing file /home/airflow/.local/lib/python3.8/site-packages/airflow/example_dags/example_short_circuit_operator.py for tasks to queue
[2025-03-06T20:13:45.287+0000] {logging_mixin.py:154} INFO - [2025-03-06T20:13:45.287+0000] {dagbag.py:536} INFO - Filling up the DagBag from /home/airflow/.local/lib/python3.8/site-packages/airflow/example_dags/example_short_circuit_operator.py
[2025-03-06T20:13:45.291+0000] {processor.py:839} INFO - DAG(s) dict_keys(['example_short_circuit_operator']) retrieved from /home/airflow/.local/lib/python3.8/site-packages/airflow/example_dags/example_short_circuit_operator.py
[2025-03-06T20:13:45.303+0000] {logging_mixin.py:154} INFO - [2025-03-06T20:13:45.303+0000] {dag.py:2941} INFO - Sync 1 DAGs
[2025-03-06T20:13:45.312+0000] {logging_mixin.py:154} INFO - [2025-03-06T20:13:45.312+0000] {dag.py:3722} INFO - Setting next_dagrun for example_short_circuit_operator to 2025-03-05T20:13:45.311985+00:00, run_after=2025-03-06T20:13:45.311985+00:00
[2025-03-06T20:13:45.319+0000] {processor.py:179} INFO - Processing /home/airflow/.local/lib/python3.8/site-packages/airflow/example_dags/example_short_circuit_operator.py took 0.036 seconds
[2025-03-06T20:14:15.885+0000] {processor.py:157} INFO - Started process (PID=41959) to work on /home/airflow/.local/lib/python3.8/site-packages/airflow/example_dags/example_short_circuit_operator.py
[2025-03-06T20:14:15.887+0000] {processor.py:829} INFO - Processing file /home/airflow/.local/lib/python3.8/site-packages/airflow/example_dags/example_short_circuit_operator.py for tasks to queue
[2025-03-06T20:14:15.887+0000] {logging_mixin.py:154} INFO - [2025-03-06T20:14:15.887+0000] {dagbag.py:536} INFO - Filling up the DagBag from /home/airflow/.local/lib/python3.8/site-packages/airflow/example_dags/example_short_circuit_operator.py
[2025-03-06T20:14:15.891+0000] {processor.py:839} INFO - DAG(s) dict_keys(['example_short_circuit_operator']) retrieved from /home/airflow/.local/lib/python3.8/site-packages/airflow/example_dags/example_short_circuit_operator.py
[2025-03-06T20:14:15.900+0000] {logging_mixin.py:154} INFO - [2025-03-06T20:14:15.900+0000] {dag.py:2941} INFO - Sync 1 DAGs
[2025-03-06T20:14:15.909+0000] {logging_mixin.py:154} INFO - [2025-03-06T20:14:15.909+0000] {dag.py:3722} INFO - Setting next_dagrun for example_short_circuit_operator to 2025-03-05T20:14:15.909355+00:00, run_after=2025-03-06T20:14:15.909355+00:00
[2025-03-06T20:14:15.919+0000] {processor.py:179} INFO - Processing /home/airflow/.local/lib/python3.8/site-packages/airflow/example_dags/example_short_circuit_operator.py took 0.035 seconds
[2025-03-06T20:14:46.532+0000] {processor.py:157} INFO - Started process (PID=42015) to work on /home/airflow/.local/lib/python3.8/site-packages/airflow/example_dags/example_short_circuit_operator.py
[2025-03-06T20:14:46.533+0000] {processor.py:829} INFO - Processing file /home/airflow/.local/lib/python3.8/site-packages/airflow/example_dags/example_short_circuit_operator.py for tasks to queue
[2025-03-06T20:14:46.533+0000] {logging_mixin.py:154} INFO - [2025-03-06T20:14:46.533+0000] {dagbag.py:536} INFO - Filling up the DagBag from /home/airflow/.local/lib/python3.8/site-packages/airflow/example_dags/example_short_circuit_operator.py
[2025-03-06T20:14:46.538+0000] {processor.py:839} INFO - DAG(s) dict_keys(['example_short_circuit_operator']) retrieved from /home/airflow/.local/lib/python3.8/site-packages/airflow/example_dags/example_short_circuit_operator.py
[2025-03-06T20:14:46.549+0000] {logging_mixin.py:154} INFO - [2025-03-06T20:14:46.549+0000] {dag.py:2941} INFO - Sync 1 DAGs
[2025-03-06T20:14:46.560+0000] {logging_mixin.py:154} INFO - [2025-03-06T20:14:46.560+0000] {dag.py:3722} INFO - Setting next_dagrun for example_short_circuit_operator to 2025-03-05T20:14:46.560750+00:00, run_after=2025-03-06T20:14:46.560750+00:00
[2025-03-06T20:14:46.567+0000] {processor.py:179} INFO - Processing /home/airflow/.local/lib/python3.8/site-packages/airflow/example_dags/example_short_circuit_operator.py took 0.037 seconds
[2025-03-06T20:15:17.140+0000] {processor.py:157} INFO - Started process (PID=42071) to work on /home/airflow/.local/lib/python3.8/site-packages/airflow/example_dags/example_short_circuit_operator.py
[2025-03-06T20:15:17.141+0000] {processor.py:829} INFO - Processing file /home/airflow/.local/lib/python3.8/site-packages/airflow/example_dags/example_short_circuit_operator.py for tasks to queue
[2025-03-06T20:15:17.142+0000] {logging_mixin.py:154} INFO - [2025-03-06T20:15:17.142+0000] {dagbag.py:536} INFO - Filling up the DagBag from /home/airflow/.local/lib/python3.8/site-packages/airflow/example_dags/example_short_circuit_operator.py
[2025-03-06T20:15:17.147+0000] {processor.py:839} INFO - DAG(s) dict_keys(['example_short_circuit_operator']) retrieved from /home/airflow/.local/lib/python3.8/site-packages/airflow/example_dags/example_short_circuit_operator.py
[2025-03-06T20:15:17.156+0000] {logging_mixin.py:154} INFO - [2025-03-06T20:15:17.156+0000] {dag.py:2941} INFO - Sync 1 DAGs
[2025-03-06T20:15:17.166+0000] {logging_mixin.py:154} INFO - [2025-03-06T20:15:17.165+0000] {dag.py:3722} INFO - Setting next_dagrun for example_short_circuit_operator to 2025-03-05T20:15:17.165893+00:00, run_after=2025-03-06T20:15:17.165893+00:00
[2025-03-06T20:15:17.177+0000] {processor.py:179} INFO - Processing /home/airflow/.local/lib/python3.8/site-packages/airflow/example_dags/example_short_circuit_operator.py took 0.039 seconds
[2025-03-06T20:15:48.068+0000] {processor.py:157} INFO - Started process (PID=42127) to work on /home/airflow/.local/lib/python3.8/site-packages/airflow/example_dags/example_short_circuit_operator.py
[2025-03-06T20:15:48.069+0000] {processor.py:829} INFO - Processing file /home/airflow/.local/lib/python3.8/site-packages/airflow/example_dags/example_short_circuit_operator.py for tasks to queue
[2025-03-06T20:15:48.069+0000] {logging_mixin.py:154} INFO - [2025-03-06T20:15:48.069+0000] {dagbag.py:536} INFO - Filling up the DagBag from /home/airflow/.local/lib/python3.8/site-packages/airflow/example_dags/example_short_circuit_operator.py
[2025-03-06T20:15:48.075+0000] {processor.py:839} INFO - DAG(s) dict_keys(['example_short_circuit_operator']) retrieved from /home/airflow/.local/lib/python3.8/site-packages/airflow/example_dags/example_short_circuit_operator.py
[2025-03-06T20:15:48.087+0000] {logging_mixin.py:154} INFO - [2025-03-06T20:15:48.087+0000] {dag.py:2941} INFO - Sync 1 DAGs
[2025-03-06T20:15:48.096+0000] {logging_mixin.py:154} INFO - [2025-03-06T20:15:48.096+0000] {dag.py:3722} INFO - Setting next_dagrun for example_short_circuit_operator to 2025-03-05T20:15:48.096159+00:00, run_after=2025-03-06T20:15:48.096159+00:00
[2025-03-06T20:15:48.103+0000] {processor.py:179} INFO - Processing /home/airflow/.local/lib/python3.8/site-packages/airflow/example_dags/example_short_circuit_operator.py took 0.037 seconds
[2025-03-06T20:19:12.627+0000] {processor.py:157} INFO - Started process (PID=42176) to work on /home/airflow/.local/lib/python3.8/site-packages/airflow/example_dags/example_short_circuit_operator.py
[2025-03-06T20:19:12.628+0000] {processor.py:829} INFO - Processing file /home/airflow/.local/lib/python3.8/site-packages/airflow/example_dags/example_short_circuit_operator.py for tasks to queue
[2025-03-06T20:19:12.628+0000] {logging_mixin.py:154} INFO - [2025-03-06T20:19:12.628+0000] {dagbag.py:536} INFO - Filling up the DagBag from /home/airflow/.local/lib/python3.8/site-packages/airflow/example_dags/example_short_circuit_operator.py
[2025-03-06T20:19:12.632+0000] {processor.py:839} INFO - DAG(s) dict_keys(['example_short_circuit_operator']) retrieved from /home/airflow/.local/lib/python3.8/site-packages/airflow/example_dags/example_short_circuit_operator.py
[2025-03-06T20:19:12.646+0000] {logging_mixin.py:154} INFO - [2025-03-06T20:19:12.646+0000] {dag.py:2941} INFO - Sync 1 DAGs
[2025-03-06T20:19:12.654+0000] {logging_mixin.py:154} INFO - [2025-03-06T20:19:12.654+0000] {dag.py:3722} INFO - Setting next_dagrun for example_short_circuit_operator to 2025-03-05T20:19:12.654696+00:00, run_after=2025-03-06T20:19:12.654696+00:00
[2025-03-06T20:19:12.664+0000] {processor.py:179} INFO - Processing /home/airflow/.local/lib/python3.8/site-packages/airflow/example_dags/example_short_circuit_operator.py took 0.038 seconds
[2025-03-06T20:19:43.124+0000] {processor.py:157} INFO - Started process (PID=42232) to work on /home/airflow/.local/lib/python3.8/site-packages/airflow/example_dags/example_short_circuit_operator.py
[2025-03-06T20:19:43.124+0000] {processor.py:829} INFO - Processing file /home/airflow/.local/lib/python3.8/site-packages/airflow/example_dags/example_short_circuit_operator.py for tasks to queue
[2025-03-06T20:19:43.125+0000] {logging_mixin.py:154} INFO - [2025-03-06T20:19:43.125+0000] {dagbag.py:536} INFO - Filling up the DagBag from /home/airflow/.local/lib/python3.8/site-packages/airflow/example_dags/example_short_circuit_operator.py
[2025-03-06T20:19:43.129+0000] {processor.py:839} INFO - DAG(s) dict_keys(['example_short_circuit_operator']) retrieved from /home/airflow/.local/lib/python3.8/site-packages/airflow/example_dags/example_short_circuit_operator.py
[2025-03-06T20:19:43.140+0000] {logging_mixin.py:154} INFO - [2025-03-06T20:19:43.140+0000] {dag.py:2941} INFO - Sync 1 DAGs
[2025-03-06T20:19:43.148+0000] {logging_mixin.py:154} INFO - [2025-03-06T20:19:43.148+0000] {dag.py:3722} INFO - Setting next_dagrun for example_short_circuit_operator to 2025-03-05T20:19:43.148561+00:00, run_after=2025-03-06T20:19:43.148561+00:00
[2025-03-06T20:19:43.155+0000] {processor.py:179} INFO - Processing /home/airflow/.local/lib/python3.8/site-packages/airflow/example_dags/example_short_circuit_operator.py took 0.033 seconds
[2025-03-06T20:20:13.582+0000] {processor.py:157} INFO - Started process (PID=42288) to work on /home/airflow/.local/lib/python3.8/site-packages/airflow/example_dags/example_short_circuit_operator.py
[2025-03-06T20:20:13.583+0000] {processor.py:829} INFO - Processing file /home/airflow/.local/lib/python3.8/site-packages/airflow/example_dags/example_short_circuit_operator.py for tasks to queue
[2025-03-06T20:20:13.585+0000] {logging_mixin.py:154} INFO - [2025-03-06T20:20:13.585+0000] {dagbag.py:536} INFO - Filling up the DagBag from /home/airflow/.local/lib/python3.8/site-packages/airflow/example_dags/example_short_circuit_operator.py
[2025-03-06T20:20:13.588+0000] {processor.py:839} INFO - DAG(s) dict_keys(['example_short_circuit_operator']) retrieved from /home/airflow/.local/lib/python3.8/site-packages/airflow/example_dags/example_short_circuit_operator.py
[2025-03-06T20:20:13.598+0000] {logging_mixin.py:154} INFO - [2025-03-06T20:20:13.598+0000] {dag.py:2941} INFO - Sync 1 DAGs
[2025-03-06T20:20:13.606+0000] {logging_mixin.py:154} INFO - [2025-03-06T20:20:13.606+0000] {dag.py:3722} INFO - Setting next_dagrun for example_short_circuit_operator to 2025-03-05T20:20:13.606382+00:00, run_after=2025-03-06T20:20:13.606382+00:00
[2025-03-06T20:20:13.612+0000] {processor.py:179} INFO - Processing /home/airflow/.local/lib/python3.8/site-packages/airflow/example_dags/example_short_circuit_operator.py took 0.032 seconds
[2025-03-06T20:20:44.125+0000] {processor.py:157} INFO - Started process (PID=42344) to work on /home/airflow/.local/lib/python3.8/site-packages/airflow/example_dags/example_short_circuit_operator.py
[2025-03-06T20:20:44.125+0000] {processor.py:829} INFO - Processing file /home/airflow/.local/lib/python3.8/site-packages/airflow/example_dags/example_short_circuit_operator.py for tasks to queue
[2025-03-06T20:20:44.126+0000] {logging_mixin.py:154} INFO - [2025-03-06T20:20:44.126+0000] {dagbag.py:536} INFO - Filling up the DagBag from /home/airflow/.local/lib/python3.8/site-packages/airflow/example_dags/example_short_circuit_operator.py
[2025-03-06T20:20:44.130+0000] {processor.py:839} INFO - DAG(s) dict_keys(['example_short_circuit_operator']) retrieved from /home/airflow/.local/lib/python3.8/site-packages/airflow/example_dags/example_short_circuit_operator.py
[2025-03-06T20:20:44.140+0000] {logging_mixin.py:154} INFO - [2025-03-06T20:20:44.140+0000] {dag.py:2941} INFO - Sync 1 DAGs
[2025-03-06T20:20:44.148+0000] {logging_mixin.py:154} INFO - [2025-03-06T20:20:44.148+0000] {dag.py:3722} INFO - Setting next_dagrun for example_short_circuit_operator to 2025-03-05T20:20:44.148698+00:00, run_after=2025-03-06T20:20:44.148698+00:00
[2025-03-06T20:20:44.155+0000] {processor.py:179} INFO - Processing /home/airflow/.local/lib/python3.8/site-packages/airflow/example_dags/example_short_circuit_operator.py took 0.032 seconds
[2025-03-06T20:21:14.620+0000] {processor.py:157} INFO - Started process (PID=42400) to work on /home/airflow/.local/lib/python3.8/site-packages/airflow/example_dags/example_short_circuit_operator.py
[2025-03-06T20:21:14.620+0000] {processor.py:829} INFO - Processing file /home/airflow/.local/lib/python3.8/site-packages/airflow/example_dags/example_short_circuit_operator.py for tasks to queue
[2025-03-06T20:21:14.621+0000] {logging_mixin.py:154} INFO - [2025-03-06T20:21:14.621+0000] {dagbag.py:536} INFO - Filling up the DagBag from /home/airflow/.local/lib/python3.8/site-packages/airflow/example_dags/example_short_circuit_operator.py
[2025-03-06T20:21:14.626+0000] {processor.py:839} INFO - DAG(s) dict_keys(['example_short_circuit_operator']) retrieved from /home/airflow/.local/lib/python3.8/site-packages/airflow/example_dags/example_short_circuit_operator.py
[2025-03-06T20:21:14.635+0000] {logging_mixin.py:154} INFO - [2025-03-06T20:21:14.635+0000] {dag.py:2941} INFO - Sync 1 DAGs
[2025-03-06T20:21:14.644+0000] {logging_mixin.py:154} INFO - [2025-03-06T20:21:14.644+0000] {dag.py:3722} INFO - Setting next_dagrun for example_short_circuit_operator to 2025-03-05T20:21:14.644527+00:00, run_after=2025-03-06T20:21:14.644527+00:00
[2025-03-06T20:21:14.651+0000] {processor.py:179} INFO - Processing /home/airflow/.local/lib/python3.8/site-packages/airflow/example_dags/example_short_circuit_operator.py took 0.033 seconds
[2025-03-06T20:21:45.084+0000] {processor.py:157} INFO - Started process (PID=42456) to work on /home/airflow/.local/lib/python3.8/site-packages/airflow/example_dags/example_short_circuit_operator.py
[2025-03-06T20:21:45.084+0000] {processor.py:829} INFO - Processing file /home/airflow/.local/lib/python3.8/site-packages/airflow/example_dags/example_short_circuit_operator.py for tasks to queue
[2025-03-06T20:21:45.086+0000] {logging_mixin.py:154} INFO - [2025-03-06T20:21:45.085+0000] {dagbag.py:536} INFO - Filling up the DagBag from /home/airflow/.local/lib/python3.8/site-packages/airflow/example_dags/example_short_circuit_operator.py
[2025-03-06T20:21:45.089+0000] {processor.py:839} INFO - DAG(s) dict_keys(['example_short_circuit_operator']) retrieved from /home/airflow/.local/lib/python3.8/site-packages/airflow/example_dags/example_short_circuit_operator.py
[2025-03-06T20:21:45.099+0000] {logging_mixin.py:154} INFO - [2025-03-06T20:21:45.099+0000] {dag.py:2941} INFO - Sync 1 DAGs
[2025-03-06T20:21:45.107+0000] {logging_mixin.py:154} INFO - [2025-03-06T20:21:45.107+0000] {dag.py:3722} INFO - Setting next_dagrun for example_short_circuit_operator to 2025-03-05T20:21:45.107053+00:00, run_after=2025-03-06T20:21:45.107053+00:00
[2025-03-06T20:21:45.114+0000] {processor.py:179} INFO - Processing /home/airflow/.local/lib/python3.8/site-packages/airflow/example_dags/example_short_circuit_operator.py took 0.032 seconds
[2025-03-06T20:22:15.559+0000] {processor.py:157} INFO - Started process (PID=42512) to work on /home/airflow/.local/lib/python3.8/site-packages/airflow/example_dags/example_short_circuit_operator.py
[2025-03-06T20:22:15.560+0000] {processor.py:829} INFO - Processing file /home/airflow/.local/lib/python3.8/site-packages/airflow/example_dags/example_short_circuit_operator.py for tasks to queue
[2025-03-06T20:22:15.561+0000] {logging_mixin.py:154} INFO - [2025-03-06T20:22:15.561+0000] {dagbag.py:536} INFO - Filling up the DagBag from /home/airflow/.local/lib/python3.8/site-packages/airflow/example_dags/example_short_circuit_operator.py
[2025-03-06T20:22:15.565+0000] {processor.py:839} INFO - DAG(s) dict_keys(['example_short_circuit_operator']) retrieved from /home/airflow/.local/lib/python3.8/site-packages/airflow/example_dags/example_short_circuit_operator.py
[2025-03-06T20:22:15.576+0000] {logging_mixin.py:154} INFO - [2025-03-06T20:22:15.575+0000] {dag.py:2941} INFO - Sync 1 DAGs
[2025-03-06T20:22:15.584+0000] {logging_mixin.py:154} INFO - [2025-03-06T20:22:15.584+0000] {dag.py:3722} INFO - Setting next_dagrun for example_short_circuit_operator to 2025-03-05T20:22:15.584153+00:00, run_after=2025-03-06T20:22:15.584153+00:00
[2025-03-06T20:22:15.590+0000] {processor.py:179} INFO - Processing /home/airflow/.local/lib/python3.8/site-packages/airflow/example_dags/example_short_circuit_operator.py took 0.032 seconds
[2025-03-06T20:22:46.078+0000] {processor.py:157} INFO - Started process (PID=42568) to work on /home/airflow/.local/lib/python3.8/site-packages/airflow/example_dags/example_short_circuit_operator.py
[2025-03-06T20:22:46.079+0000] {processor.py:829} INFO - Processing file /home/airflow/.local/lib/python3.8/site-packages/airflow/example_dags/example_short_circuit_operator.py for tasks to queue
[2025-03-06T20:22:46.080+0000] {logging_mixin.py:154} INFO - [2025-03-06T20:22:46.080+0000] {dagbag.py:536} INFO - Filling up the DagBag from /home/airflow/.local/lib/python3.8/site-packages/airflow/example_dags/example_short_circuit_operator.py
[2025-03-06T20:22:46.084+0000] {processor.py:839} INFO - DAG(s) dict_keys(['example_short_circuit_operator']) retrieved from /home/airflow/.local/lib/python3.8/site-packages/airflow/example_dags/example_short_circuit_operator.py
[2025-03-06T20:22:46.094+0000] {logging_mixin.py:154} INFO - [2025-03-06T20:22:46.094+0000] {dag.py:2941} INFO - Sync 1 DAGs
[2025-03-06T20:22:46.102+0000] {logging_mixin.py:154} INFO - [2025-03-06T20:22:46.102+0000] {dag.py:3722} INFO - Setting next_dagrun for example_short_circuit_operator to 2025-03-05T20:22:46.102558+00:00, run_after=2025-03-06T20:22:46.102558+00:00
[2025-03-06T20:22:46.109+0000] {processor.py:179} INFO - Processing /home/airflow/.local/lib/python3.8/site-packages/airflow/example_dags/example_short_circuit_operator.py took 0.032 seconds
[2025-03-06T20:23:16.503+0000] {processor.py:157} INFO - Started process (PID=42624) to work on /home/airflow/.local/lib/python3.8/site-packages/airflow/example_dags/example_short_circuit_operator.py
[2025-03-06T20:23:16.504+0000] {processor.py:829} INFO - Processing file /home/airflow/.local/lib/python3.8/site-packages/airflow/example_dags/example_short_circuit_operator.py for tasks to queue
[2025-03-06T20:23:16.505+0000] {logging_mixin.py:154} INFO - [2025-03-06T20:23:16.504+0000] {dagbag.py:536} INFO - Filling up the DagBag from /home/airflow/.local/lib/python3.8/site-packages/airflow/example_dags/example_short_circuit_operator.py
[2025-03-06T20:23:16.508+0000] {processor.py:839} INFO - DAG(s) dict_keys(['example_short_circuit_operator']) retrieved from /home/airflow/.local/lib/python3.8/site-packages/airflow/example_dags/example_short_circuit_operator.py
[2025-03-06T20:23:16.522+0000] {logging_mixin.py:154} INFO - [2025-03-06T20:23:16.522+0000] {dag.py:2941} INFO - Sync 1 DAGs
[2025-03-06T20:23:16.531+0000] {logging_mixin.py:154} INFO - [2025-03-06T20:23:16.531+0000] {dag.py:3722} INFO - Setting next_dagrun for example_short_circuit_operator to 2025-03-05T20:23:16.531540+00:00, run_after=2025-03-06T20:23:16.531540+00:00
[2025-03-06T20:23:16.539+0000] {processor.py:179} INFO - Processing /home/airflow/.local/lib/python3.8/site-packages/airflow/example_dags/example_short_circuit_operator.py took 0.037 seconds
[2025-03-06T20:23:46.971+0000] {processor.py:157} INFO - Started process (PID=42680) to work on /home/airflow/.local/lib/python3.8/site-packages/airflow/example_dags/example_short_circuit_operator.py
[2025-03-06T20:23:46.971+0000] {processor.py:829} INFO - Processing file /home/airflow/.local/lib/python3.8/site-packages/airflow/example_dags/example_short_circuit_operator.py for tasks to queue
[2025-03-06T20:23:46.972+0000] {logging_mixin.py:154} INFO - [2025-03-06T20:23:46.972+0000] {dagbag.py:536} INFO - Filling up the DagBag from /home/airflow/.local/lib/python3.8/site-packages/airflow/example_dags/example_short_circuit_operator.py
[2025-03-06T20:23:46.976+0000] {processor.py:839} INFO - DAG(s) dict_keys(['example_short_circuit_operator']) retrieved from /home/airflow/.local/lib/python3.8/site-packages/airflow/example_dags/example_short_circuit_operator.py
[2025-03-06T20:23:46.986+0000] {logging_mixin.py:154} INFO - [2025-03-06T20:23:46.986+0000] {dag.py:2941} INFO - Sync 1 DAGs
[2025-03-06T20:23:46.995+0000] {logging_mixin.py:154} INFO - [2025-03-06T20:23:46.995+0000] {dag.py:3722} INFO - Setting next_dagrun for example_short_circuit_operator to 2025-03-05T20:23:46.995215+00:00, run_after=2025-03-06T20:23:46.995215+00:00
[2025-03-06T20:23:47.003+0000] {processor.py:179} INFO - Processing /home/airflow/.local/lib/python3.8/site-packages/airflow/example_dags/example_short_circuit_operator.py took 0.034 seconds
[2025-03-06T20:24:17.539+0000] {processor.py:157} INFO - Started process (PID=42736) to work on /home/airflow/.local/lib/python3.8/site-packages/airflow/example_dags/example_short_circuit_operator.py
[2025-03-06T20:24:17.539+0000] {processor.py:829} INFO - Processing file /home/airflow/.local/lib/python3.8/site-packages/airflow/example_dags/example_short_circuit_operator.py for tasks to queue
[2025-03-06T20:24:17.539+0000] {logging_mixin.py:154} INFO - [2025-03-06T20:24:17.539+0000] {dagbag.py:536} INFO - Filling up the DagBag from /home/airflow/.local/lib/python3.8/site-packages/airflow/example_dags/example_short_circuit_operator.py
[2025-03-06T20:24:17.543+0000] {processor.py:839} INFO - DAG(s) dict_keys(['example_short_circuit_operator']) retrieved from /home/airflow/.local/lib/python3.8/site-packages/airflow/example_dags/example_short_circuit_operator.py
[2025-03-06T20:24:17.555+0000] {logging_mixin.py:154} INFO - [2025-03-06T20:24:17.554+0000] {dag.py:2941} INFO - Sync 1 DAGs
[2025-03-06T20:24:17.563+0000] {logging_mixin.py:154} INFO - [2025-03-06T20:24:17.563+0000] {dag.py:3722} INFO - Setting next_dagrun for example_short_circuit_operator to 2025-03-05T20:24:17.563563+00:00, run_after=2025-03-06T20:24:17.563563+00:00
[2025-03-06T20:24:17.570+0000] {processor.py:179} INFO - Processing /home/airflow/.local/lib/python3.8/site-packages/airflow/example_dags/example_short_circuit_operator.py took 0.033 seconds
[2025-03-06T20:24:48.153+0000] {processor.py:157} INFO - Started process (PID=42792) to work on /home/airflow/.local/lib/python3.8/site-packages/airflow/example_dags/example_short_circuit_operator.py
[2025-03-06T20:24:48.153+0000] {processor.py:829} INFO - Processing file /home/airflow/.local/lib/python3.8/site-packages/airflow/example_dags/example_short_circuit_operator.py for tasks to queue
[2025-03-06T20:24:48.153+0000] {logging_mixin.py:154} INFO - [2025-03-06T20:24:48.153+0000] {dagbag.py:536} INFO - Filling up the DagBag from /home/airflow/.local/lib/python3.8/site-packages/airflow/example_dags/example_short_circuit_operator.py
[2025-03-06T20:24:48.157+0000] {processor.py:839} INFO - DAG(s) dict_keys(['example_short_circuit_operator']) retrieved from /home/airflow/.local/lib/python3.8/site-packages/airflow/example_dags/example_short_circuit_operator.py
[2025-03-06T20:24:48.168+0000] {logging_mixin.py:154} INFO - [2025-03-06T20:24:48.168+0000] {dag.py:2941} INFO - Sync 1 DAGs
[2025-03-06T20:24:48.177+0000] {logging_mixin.py:154} INFO - [2025-03-06T20:24:48.177+0000] {dag.py:3722} INFO - Setting next_dagrun for example_short_circuit_operator to 2025-03-05T20:24:48.177096+00:00, run_after=2025-03-06T20:24:48.177096+00:00
[2025-03-06T20:24:48.184+0000] {processor.py:179} INFO - Processing /home/airflow/.local/lib/python3.8/site-packages/airflow/example_dags/example_short_circuit_operator.py took 0.034 seconds
[2025-03-06T20:25:18.654+0000] {processor.py:157} INFO - Started process (PID=42848) to work on /home/airflow/.local/lib/python3.8/site-packages/airflow/example_dags/example_short_circuit_operator.py
[2025-03-06T20:25:18.655+0000] {processor.py:829} INFO - Processing file /home/airflow/.local/lib/python3.8/site-packages/airflow/example_dags/example_short_circuit_operator.py for tasks to queue
[2025-03-06T20:25:18.655+0000] {logging_mixin.py:154} INFO - [2025-03-06T20:25:18.655+0000] {dagbag.py:536} INFO - Filling up the DagBag from /home/airflow/.local/lib/python3.8/site-packages/airflow/example_dags/example_short_circuit_operator.py
[2025-03-06T20:25:18.660+0000] {processor.py:839} INFO - DAG(s) dict_keys(['example_short_circuit_operator']) retrieved from /home/airflow/.local/lib/python3.8/site-packages/airflow/example_dags/example_short_circuit_operator.py
[2025-03-06T20:25:18.670+0000] {logging_mixin.py:154} INFO - [2025-03-06T20:25:18.670+0000] {dag.py:2941} INFO - Sync 1 DAGs
[2025-03-06T20:25:18.679+0000] {logging_mixin.py:154} INFO - [2025-03-06T20:25:18.679+0000] {dag.py:3722} INFO - Setting next_dagrun for example_short_circuit_operator to 2025-03-05T20:25:18.679720+00:00, run_after=2025-03-06T20:25:18.679720+00:00
[2025-03-06T20:25:18.687+0000] {processor.py:179} INFO - Processing /home/airflow/.local/lib/python3.8/site-packages/airflow/example_dags/example_short_circuit_operator.py took 0.035 seconds
[2025-03-06T20:25:49.173+0000] {processor.py:157} INFO - Started process (PID=42904) to work on /home/airflow/.local/lib/python3.8/site-packages/airflow/example_dags/example_short_circuit_operator.py
[2025-03-06T20:25:49.174+0000] {processor.py:829} INFO - Processing file /home/airflow/.local/lib/python3.8/site-packages/airflow/example_dags/example_short_circuit_operator.py for tasks to queue
[2025-03-06T20:25:49.175+0000] {logging_mixin.py:154} INFO - [2025-03-06T20:25:49.175+0000] {dagbag.py:536} INFO - Filling up the DagBag from /home/airflow/.local/lib/python3.8/site-packages/airflow/example_dags/example_short_circuit_operator.py
[2025-03-06T20:25:49.180+0000] {processor.py:839} INFO - DAG(s) dict_keys(['example_short_circuit_operator']) retrieved from /home/airflow/.local/lib/python3.8/site-packages/airflow/example_dags/example_short_circuit_operator.py
[2025-03-06T20:25:49.192+0000] {logging_mixin.py:154} INFO - [2025-03-06T20:25:49.191+0000] {dag.py:2941} INFO - Sync 1 DAGs
[2025-03-06T20:25:49.201+0000] {logging_mixin.py:154} INFO - [2025-03-06T20:25:49.201+0000] {dag.py:3722} INFO - Setting next_dagrun for example_short_circuit_operator to 2025-03-05T20:25:49.200933+00:00, run_after=2025-03-06T20:25:49.200933+00:00
[2025-03-06T20:25:49.211+0000] {processor.py:179} INFO - Processing /home/airflow/.local/lib/python3.8/site-packages/airflow/example_dags/example_short_circuit_operator.py took 0.040 seconds
[2025-03-06T20:26:19.721+0000] {processor.py:157} INFO - Started process (PID=42960) to work on /home/airflow/.local/lib/python3.8/site-packages/airflow/example_dags/example_short_circuit_operator.py
[2025-03-06T20:26:19.722+0000] {processor.py:829} INFO - Processing file /home/airflow/.local/lib/python3.8/site-packages/airflow/example_dags/example_short_circuit_operator.py for tasks to queue
[2025-03-06T20:26:19.724+0000] {logging_mixin.py:154} INFO - [2025-03-06T20:26:19.724+0000] {dagbag.py:536} INFO - Filling up the DagBag from /home/airflow/.local/lib/python3.8/site-packages/airflow/example_dags/example_short_circuit_operator.py
[2025-03-06T20:26:19.730+0000] {processor.py:839} INFO - DAG(s) dict_keys(['example_short_circuit_operator']) retrieved from /home/airflow/.local/lib/python3.8/site-packages/airflow/example_dags/example_short_circuit_operator.py
[2025-03-06T20:26:19.742+0000] {logging_mixin.py:154} INFO - [2025-03-06T20:26:19.742+0000] {dag.py:2941} INFO - Sync 1 DAGs
[2025-03-06T20:26:19.752+0000] {logging_mixin.py:154} INFO - [2025-03-06T20:26:19.752+0000] {dag.py:3722} INFO - Setting next_dagrun for example_short_circuit_operator to 2025-03-05T20:26:19.752320+00:00, run_after=2025-03-06T20:26:19.752320+00:00
[2025-03-06T20:26:19.763+0000] {processor.py:179} INFO - Processing /home/airflow/.local/lib/python3.8/site-packages/airflow/example_dags/example_short_circuit_operator.py took 0.043 seconds
[2025-03-06T20:26:50.212+0000] {processor.py:157} INFO - Started process (PID=43016) to work on /home/airflow/.local/lib/python3.8/site-packages/airflow/example_dags/example_short_circuit_operator.py
[2025-03-06T20:26:50.213+0000] {processor.py:829} INFO - Processing file /home/airflow/.local/lib/python3.8/site-packages/airflow/example_dags/example_short_circuit_operator.py for tasks to queue
[2025-03-06T20:26:50.213+0000] {logging_mixin.py:154} INFO - [2025-03-06T20:26:50.213+0000] {dagbag.py:536} INFO - Filling up the DagBag from /home/airflow/.local/lib/python3.8/site-packages/airflow/example_dags/example_short_circuit_operator.py
[2025-03-06T20:26:50.217+0000] {processor.py:839} INFO - DAG(s) dict_keys(['example_short_circuit_operator']) retrieved from /home/airflow/.local/lib/python3.8/site-packages/airflow/example_dags/example_short_circuit_operator.py
[2025-03-06T20:26:50.227+0000] {logging_mixin.py:154} INFO - [2025-03-06T20:26:50.227+0000] {dag.py:2941} INFO - Sync 1 DAGs
[2025-03-06T20:26:50.235+0000] {logging_mixin.py:154} INFO - [2025-03-06T20:26:50.235+0000] {dag.py:3722} INFO - Setting next_dagrun for example_short_circuit_operator to 2025-03-05T20:26:50.235122+00:00, run_after=2025-03-06T20:26:50.235122+00:00
[2025-03-06T20:26:50.242+0000] {processor.py:179} INFO - Processing /home/airflow/.local/lib/python3.8/site-packages/airflow/example_dags/example_short_circuit_operator.py took 0.032 seconds
[2025-03-06T20:27:20.785+0000] {processor.py:157} INFO - Started process (PID=43072) to work on /home/airflow/.local/lib/python3.8/site-packages/airflow/example_dags/example_short_circuit_operator.py
[2025-03-06T20:27:20.786+0000] {processor.py:829} INFO - Processing file /home/airflow/.local/lib/python3.8/site-packages/airflow/example_dags/example_short_circuit_operator.py for tasks to queue
[2025-03-06T20:27:20.786+0000] {logging_mixin.py:154} INFO - [2025-03-06T20:27:20.786+0000] {dagbag.py:536} INFO - Filling up the DagBag from /home/airflow/.local/lib/python3.8/site-packages/airflow/example_dags/example_short_circuit_operator.py
[2025-03-06T20:27:20.790+0000] {processor.py:839} INFO - DAG(s) dict_keys(['example_short_circuit_operator']) retrieved from /home/airflow/.local/lib/python3.8/site-packages/airflow/example_dags/example_short_circuit_operator.py
[2025-03-06T20:27:20.800+0000] {logging_mixin.py:154} INFO - [2025-03-06T20:27:20.799+0000] {dag.py:2941} INFO - Sync 1 DAGs
[2025-03-06T20:27:20.808+0000] {logging_mixin.py:154} INFO - [2025-03-06T20:27:20.808+0000] {dag.py:3722} INFO - Setting next_dagrun for example_short_circuit_operator to 2025-03-05T20:27:20.808601+00:00, run_after=2025-03-06T20:27:20.808601+00:00
[2025-03-06T20:27:20.819+0000] {processor.py:179} INFO - Processing /home/airflow/.local/lib/python3.8/site-packages/airflow/example_dags/example_short_circuit_operator.py took 0.035 seconds
[2025-03-06T20:27:51.306+0000] {processor.py:157} INFO - Started process (PID=43128) to work on /home/airflow/.local/lib/python3.8/site-packages/airflow/example_dags/example_short_circuit_operator.py
[2025-03-06T20:27:51.307+0000] {processor.py:829} INFO - Processing file /home/airflow/.local/lib/python3.8/site-packages/airflow/example_dags/example_short_circuit_operator.py for tasks to queue
[2025-03-06T20:27:51.307+0000] {logging_mixin.py:154} INFO - [2025-03-06T20:27:51.307+0000] {dagbag.py:536} INFO - Filling up the DagBag from /home/airflow/.local/lib/python3.8/site-packages/airflow/example_dags/example_short_circuit_operator.py
[2025-03-06T20:27:51.311+0000] {processor.py:839} INFO - DAG(s) dict_keys(['example_short_circuit_operator']) retrieved from /home/airflow/.local/lib/python3.8/site-packages/airflow/example_dags/example_short_circuit_operator.py
[2025-03-06T20:27:51.324+0000] {logging_mixin.py:154} INFO - [2025-03-06T20:27:51.323+0000] {dag.py:2941} INFO - Sync 1 DAGs
[2025-03-06T20:27:51.333+0000] {logging_mixin.py:154} INFO - [2025-03-06T20:27:51.333+0000] {dag.py:3722} INFO - Setting next_dagrun for example_short_circuit_operator to 2025-03-05T20:27:51.333050+00:00, run_after=2025-03-06T20:27:51.333050+00:00
[2025-03-06T20:27:51.341+0000] {processor.py:179} INFO - Processing /home/airflow/.local/lib/python3.8/site-packages/airflow/example_dags/example_short_circuit_operator.py took 0.037 seconds
[2025-03-06T20:28:21.841+0000] {processor.py:157} INFO - Started process (PID=43184) to work on /home/airflow/.local/lib/python3.8/site-packages/airflow/example_dags/example_short_circuit_operator.py
[2025-03-06T20:28:21.841+0000] {processor.py:829} INFO - Processing file /home/airflow/.local/lib/python3.8/site-packages/airflow/example_dags/example_short_circuit_operator.py for tasks to queue
[2025-03-06T20:28:21.841+0000] {logging_mixin.py:154} INFO - [2025-03-06T20:28:21.841+0000] {dagbag.py:536} INFO - Filling up the DagBag from /home/airflow/.local/lib/python3.8/site-packages/airflow/example_dags/example_short_circuit_operator.py
[2025-03-06T20:28:21.845+0000] {processor.py:839} INFO - DAG(s) dict_keys(['example_short_circuit_operator']) retrieved from /home/airflow/.local/lib/python3.8/site-packages/airflow/example_dags/example_short_circuit_operator.py
[2025-03-06T20:28:21.856+0000] {logging_mixin.py:154} INFO - [2025-03-06T20:28:21.855+0000] {dag.py:2941} INFO - Sync 1 DAGs
[2025-03-06T20:28:21.864+0000] {logging_mixin.py:154} INFO - [2025-03-06T20:28:21.864+0000] {dag.py:3722} INFO - Setting next_dagrun for example_short_circuit_operator to 2025-03-05T20:28:21.864737+00:00, run_after=2025-03-06T20:28:21.864737+00:00
[2025-03-06T20:28:21.871+0000] {processor.py:179} INFO - Processing /home/airflow/.local/lib/python3.8/site-packages/airflow/example_dags/example_short_circuit_operator.py took 0.032 seconds
[2025-03-06T20:28:52.257+0000] {processor.py:157} INFO - Started process (PID=43240) to work on /home/airflow/.local/lib/python3.8/site-packages/airflow/example_dags/example_short_circuit_operator.py
[2025-03-06T20:28:52.258+0000] {processor.py:829} INFO - Processing file /home/airflow/.local/lib/python3.8/site-packages/airflow/example_dags/example_short_circuit_operator.py for tasks to queue
[2025-03-06T20:28:52.259+0000] {logging_mixin.py:154} INFO - [2025-03-06T20:28:52.258+0000] {dagbag.py:536} INFO - Filling up the DagBag from /home/airflow/.local/lib/python3.8/site-packages/airflow/example_dags/example_short_circuit_operator.py
[2025-03-06T20:28:52.262+0000] {processor.py:839} INFO - DAG(s) dict_keys(['example_short_circuit_operator']) retrieved from /home/airflow/.local/lib/python3.8/site-packages/airflow/example_dags/example_short_circuit_operator.py
[2025-03-06T20:28:52.272+0000] {logging_mixin.py:154} INFO - [2025-03-06T20:28:52.272+0000] {dag.py:2941} INFO - Sync 1 DAGs
[2025-03-06T20:28:52.281+0000] {logging_mixin.py:154} INFO - [2025-03-06T20:28:52.281+0000] {dag.py:3722} INFO - Setting next_dagrun for example_short_circuit_operator to 2025-03-05T20:28:52.281729+00:00, run_after=2025-03-06T20:28:52.281729+00:00
[2025-03-06T20:28:52.293+0000] {processor.py:179} INFO - Processing /home/airflow/.local/lib/python3.8/site-packages/airflow/example_dags/example_short_circuit_operator.py took 0.037 seconds
[2025-03-06T20:29:22.743+0000] {processor.py:157} INFO - Started process (PID=43296) to work on /home/airflow/.local/lib/python3.8/site-packages/airflow/example_dags/example_short_circuit_operator.py
[2025-03-06T20:29:22.744+0000] {processor.py:829} INFO - Processing file /home/airflow/.local/lib/python3.8/site-packages/airflow/example_dags/example_short_circuit_operator.py for tasks to queue
[2025-03-06T20:29:22.747+0000] {logging_mixin.py:154} INFO - [2025-03-06T20:29:22.747+0000] {dagbag.py:536} INFO - Filling up the DagBag from /home/airflow/.local/lib/python3.8/site-packages/airflow/example_dags/example_short_circuit_operator.py
[2025-03-06T20:29:22.751+0000] {processor.py:839} INFO - DAG(s) dict_keys(['example_short_circuit_operator']) retrieved from /home/airflow/.local/lib/python3.8/site-packages/airflow/example_dags/example_short_circuit_operator.py
[2025-03-06T20:29:22.760+0000] {logging_mixin.py:154} INFO - [2025-03-06T20:29:22.760+0000] {dag.py:2941} INFO - Sync 1 DAGs
[2025-03-06T20:29:22.768+0000] {logging_mixin.py:154} INFO - [2025-03-06T20:29:22.768+0000] {dag.py:3722} INFO - Setting next_dagrun for example_short_circuit_operator to 2025-03-05T20:29:22.768797+00:00, run_after=2025-03-06T20:29:22.768797+00:00
[2025-03-06T20:29:22.776+0000] {processor.py:179} INFO - Processing /home/airflow/.local/lib/python3.8/site-packages/airflow/example_dags/example_short_circuit_operator.py took 0.034 seconds
[2025-03-06T20:31:49.733+0000] {processor.py:157} INFO - Started process (PID=43352) to work on /home/airflow/.local/lib/python3.8/site-packages/airflow/example_dags/example_short_circuit_operator.py
[2025-03-06T20:31:49.734+0000] {processor.py:829} INFO - Processing file /home/airflow/.local/lib/python3.8/site-packages/airflow/example_dags/example_short_circuit_operator.py for tasks to queue
[2025-03-06T20:31:49.735+0000] {logging_mixin.py:154} INFO - [2025-03-06T20:31:49.734+0000] {dagbag.py:536} INFO - Filling up the DagBag from /home/airflow/.local/lib/python3.8/site-packages/airflow/example_dags/example_short_circuit_operator.py
[2025-03-06T20:31:49.742+0000] {processor.py:839} INFO - DAG(s) dict_keys(['example_short_circuit_operator']) retrieved from /home/airflow/.local/lib/python3.8/site-packages/airflow/example_dags/example_short_circuit_operator.py
[2025-03-06T20:31:49.758+0000] {logging_mixin.py:154} INFO - [2025-03-06T20:31:49.758+0000] {dag.py:2941} INFO - Sync 1 DAGs
[2025-03-06T20:31:49.773+0000] {logging_mixin.py:154} INFO - [2025-03-06T20:31:49.772+0000] {dag.py:3722} INFO - Setting next_dagrun for example_short_circuit_operator to 2025-03-05T20:31:49.772844+00:00, run_after=2025-03-06T20:31:49.772844+00:00
[2025-03-06T20:31:49.782+0000] {processor.py:179} INFO - Processing /home/airflow/.local/lib/python3.8/site-packages/airflow/example_dags/example_short_circuit_operator.py took 0.052 seconds
[2025-03-06T20:32:57.413+0000] {processor.py:157} INFO - Started process (PID=43408) to work on /home/airflow/.local/lib/python3.8/site-packages/airflow/example_dags/example_short_circuit_operator.py
[2025-03-06T20:32:57.414+0000] {processor.py:829} INFO - Processing file /home/airflow/.local/lib/python3.8/site-packages/airflow/example_dags/example_short_circuit_operator.py for tasks to queue
[2025-03-06T20:32:57.415+0000] {logging_mixin.py:154} INFO - [2025-03-06T20:32:57.415+0000] {dagbag.py:536} INFO - Filling up the DagBag from /home/airflow/.local/lib/python3.8/site-packages/airflow/example_dags/example_short_circuit_operator.py
[2025-03-06T20:32:57.418+0000] {processor.py:839} INFO - DAG(s) dict_keys(['example_short_circuit_operator']) retrieved from /home/airflow/.local/lib/python3.8/site-packages/airflow/example_dags/example_short_circuit_operator.py
[2025-03-06T20:32:57.428+0000] {logging_mixin.py:154} INFO - [2025-03-06T20:32:57.428+0000] {dag.py:2941} INFO - Sync 1 DAGs
[2025-03-06T20:32:57.437+0000] {logging_mixin.py:154} INFO - [2025-03-06T20:32:57.436+0000] {dag.py:3722} INFO - Setting next_dagrun for example_short_circuit_operator to 2025-03-05T20:32:57.436879+00:00, run_after=2025-03-06T20:32:57.436879+00:00
[2025-03-06T20:32:57.445+0000] {processor.py:179} INFO - Processing /home/airflow/.local/lib/python3.8/site-packages/airflow/example_dags/example_short_circuit_operator.py took 0.033 seconds
[2025-03-06T20:39:12.251+0000] {processor.py:157} INFO - Started process (PID=43464) to work on /home/airflow/.local/lib/python3.8/site-packages/airflow/example_dags/example_short_circuit_operator.py
[2025-03-06T20:39:12.252+0000] {processor.py:829} INFO - Processing file /home/airflow/.local/lib/python3.8/site-packages/airflow/example_dags/example_short_circuit_operator.py for tasks to queue
[2025-03-06T20:39:12.254+0000] {logging_mixin.py:154} INFO - [2025-03-06T20:39:12.254+0000] {dagbag.py:536} INFO - Filling up the DagBag from /home/airflow/.local/lib/python3.8/site-packages/airflow/example_dags/example_short_circuit_operator.py
[2025-03-06T20:39:12.259+0000] {processor.py:839} INFO - DAG(s) dict_keys(['example_short_circuit_operator']) retrieved from /home/airflow/.local/lib/python3.8/site-packages/airflow/example_dags/example_short_circuit_operator.py
[2025-03-06T20:39:12.269+0000] {logging_mixin.py:154} INFO - [2025-03-06T20:39:12.269+0000] {dag.py:2941} INFO - Sync 1 DAGs
[2025-03-06T20:39:12.277+0000] {logging_mixin.py:154} INFO - [2025-03-06T20:39:12.277+0000] {dag.py:3722} INFO - Setting next_dagrun for example_short_circuit_operator to 2025-03-05T20:39:12.277038+00:00, run_after=2025-03-06T20:39:12.277038+00:00
[2025-03-06T20:39:12.284+0000] {processor.py:179} INFO - Processing /home/airflow/.local/lib/python3.8/site-packages/airflow/example_dags/example_short_circuit_operator.py took 0.034 seconds
[2025-03-06T21:16:26.391+0000] {processor.py:157} INFO - Started process (PID=43520) to work on /home/airflow/.local/lib/python3.8/site-packages/airflow/example_dags/example_short_circuit_operator.py
[2025-03-06T21:16:26.392+0000] {processor.py:829} INFO - Processing file /home/airflow/.local/lib/python3.8/site-packages/airflow/example_dags/example_short_circuit_operator.py for tasks to queue
[2025-03-06T21:16:26.393+0000] {logging_mixin.py:154} INFO - [2025-03-06T21:16:26.393+0000] {dagbag.py:536} INFO - Filling up the DagBag from /home/airflow/.local/lib/python3.8/site-packages/airflow/example_dags/example_short_circuit_operator.py
[2025-03-06T21:16:26.399+0000] {processor.py:839} INFO - DAG(s) dict_keys(['example_short_circuit_operator']) retrieved from /home/airflow/.local/lib/python3.8/site-packages/airflow/example_dags/example_short_circuit_operator.py
[2025-03-06T21:16:26.412+0000] {logging_mixin.py:154} INFO - [2025-03-06T21:16:26.411+0000] {dag.py:2941} INFO - Sync 1 DAGs
[2025-03-06T21:16:26.423+0000] {logging_mixin.py:154} INFO - [2025-03-06T21:16:26.423+0000] {dag.py:3722} INFO - Setting next_dagrun for example_short_circuit_operator to 2025-03-05T21:16:26.422882+00:00, run_after=2025-03-06T21:16:26.422882+00:00
[2025-03-06T21:16:26.432+0000] {processor.py:179} INFO - Processing /home/airflow/.local/lib/python3.8/site-packages/airflow/example_dags/example_short_circuit_operator.py took 0.044 seconds
[2025-03-06T21:59:01.352+0000] {processor.py:157} INFO - Started process (PID=43576) to work on /home/airflow/.local/lib/python3.8/site-packages/airflow/example_dags/example_short_circuit_operator.py
[2025-03-06T21:59:01.352+0000] {processor.py:829} INFO - Processing file /home/airflow/.local/lib/python3.8/site-packages/airflow/example_dags/example_short_circuit_operator.py for tasks to queue
[2025-03-06T21:59:01.353+0000] {logging_mixin.py:154} INFO - [2025-03-06T21:59:01.352+0000] {dagbag.py:536} INFO - Filling up the DagBag from /home/airflow/.local/lib/python3.8/site-packages/airflow/example_dags/example_short_circuit_operator.py
[2025-03-06T21:59:01.356+0000] {processor.py:839} INFO - DAG(s) dict_keys(['example_short_circuit_operator']) retrieved from /home/airflow/.local/lib/python3.8/site-packages/airflow/example_dags/example_short_circuit_operator.py
[2025-03-06T21:59:01.366+0000] {logging_mixin.py:154} INFO - [2025-03-06T21:59:01.365+0000] {dag.py:2941} INFO - Sync 1 DAGs
[2025-03-06T21:59:01.373+0000] {logging_mixin.py:154} INFO - [2025-03-06T21:59:01.373+0000] {dag.py:3722} INFO - Setting next_dagrun for example_short_circuit_operator to 2025-03-05T21:59:01.373544+00:00, run_after=2025-03-06T21:59:01.373544+00:00
[2025-03-06T21:59:01.383+0000] {processor.py:179} INFO - Processing /home/airflow/.local/lib/python3.8/site-packages/airflow/example_dags/example_short_circuit_operator.py took 0.033 seconds
[2025-03-06T22:10:45.014+0000] {processor.py:157} INFO - Started process (PID=43632) to work on /home/airflow/.local/lib/python3.8/site-packages/airflow/example_dags/example_short_circuit_operator.py
[2025-03-06T22:10:45.015+0000] {processor.py:829} INFO - Processing file /home/airflow/.local/lib/python3.8/site-packages/airflow/example_dags/example_short_circuit_operator.py for tasks to queue
[2025-03-06T22:10:45.016+0000] {logging_mixin.py:154} INFO - [2025-03-06T22:10:45.016+0000] {dagbag.py:536} INFO - Filling up the DagBag from /home/airflow/.local/lib/python3.8/site-packages/airflow/example_dags/example_short_circuit_operator.py
[2025-03-06T22:10:45.021+0000] {processor.py:839} INFO - DAG(s) dict_keys(['example_short_circuit_operator']) retrieved from /home/airflow/.local/lib/python3.8/site-packages/airflow/example_dags/example_short_circuit_operator.py
[2025-03-06T22:10:45.034+0000] {logging_mixin.py:154} INFO - [2025-03-06T22:10:45.033+0000] {dag.py:2941} INFO - Sync 1 DAGs
[2025-03-06T22:10:45.044+0000] {logging_mixin.py:154} INFO - [2025-03-06T22:10:45.044+0000] {dag.py:3722} INFO - Setting next_dagrun for example_short_circuit_operator to 2025-03-05T22:10:45.043967+00:00, run_after=2025-03-06T22:10:45.043967+00:00
[2025-03-06T22:10:45.053+0000] {processor.py:179} INFO - Processing /home/airflow/.local/lib/python3.8/site-packages/airflow/example_dags/example_short_circuit_operator.py took 0.041 seconds
[2025-03-06T22:29:20.962+0000] {processor.py:157} INFO - Started process (PID=43688) to work on /home/airflow/.local/lib/python3.8/site-packages/airflow/example_dags/example_short_circuit_operator.py
[2025-03-06T22:29:20.963+0000] {processor.py:829} INFO - Processing file /home/airflow/.local/lib/python3.8/site-packages/airflow/example_dags/example_short_circuit_operator.py for tasks to queue
[2025-03-06T22:29:20.964+0000] {logging_mixin.py:154} INFO - [2025-03-06T22:29:20.963+0000] {dagbag.py:536} INFO - Filling up the DagBag from /home/airflow/.local/lib/python3.8/site-packages/airflow/example_dags/example_short_circuit_operator.py
[2025-03-06T22:29:20.968+0000] {processor.py:839} INFO - DAG(s) dict_keys(['example_short_circuit_operator']) retrieved from /home/airflow/.local/lib/python3.8/site-packages/airflow/example_dags/example_short_circuit_operator.py
[2025-03-06T22:29:20.979+0000] {logging_mixin.py:154} INFO - [2025-03-06T22:29:20.978+0000] {dag.py:2941} INFO - Sync 1 DAGs
[2025-03-06T22:29:20.988+0000] {logging_mixin.py:154} INFO - [2025-03-06T22:29:20.988+0000] {dag.py:3722} INFO - Setting next_dagrun for example_short_circuit_operator to 2025-03-05T22:29:20.988531+00:00, run_after=2025-03-06T22:29:20.988531+00:00
[2025-03-06T22:29:20.996+0000] {processor.py:179} INFO - Processing /home/airflow/.local/lib/python3.8/site-packages/airflow/example_dags/example_short_circuit_operator.py took 0.035 seconds
[2025-03-06T23:02:10.376+0000] {processor.py:157} INFO - Started process (PID=43744) to work on /home/airflow/.local/lib/python3.8/site-packages/airflow/example_dags/example_short_circuit_operator.py
[2025-03-06T23:02:10.378+0000] {processor.py:829} INFO - Processing file /home/airflow/.local/lib/python3.8/site-packages/airflow/example_dags/example_short_circuit_operator.py for tasks to queue
[2025-03-06T23:02:10.379+0000] {logging_mixin.py:154} INFO - [2025-03-06T23:02:10.378+0000] {dagbag.py:536} INFO - Filling up the DagBag from /home/airflow/.local/lib/python3.8/site-packages/airflow/example_dags/example_short_circuit_operator.py
[2025-03-06T23:02:10.384+0000] {processor.py:839} INFO - DAG(s) dict_keys(['example_short_circuit_operator']) retrieved from /home/airflow/.local/lib/python3.8/site-packages/airflow/example_dags/example_short_circuit_operator.py
[2025-03-06T23:02:10.400+0000] {logging_mixin.py:154} INFO - [2025-03-06T23:02:10.400+0000] {dag.py:2941} INFO - Sync 1 DAGs
[2025-03-06T23:02:10.411+0000] {logging_mixin.py:154} INFO - [2025-03-06T23:02:10.411+0000] {dag.py:3722} INFO - Setting next_dagrun for example_short_circuit_operator to 2025-03-05T23:02:10.411439+00:00, run_after=2025-03-06T23:02:10.411439+00:00
[2025-03-06T23:02:10.424+0000] {processor.py:179} INFO - Processing /home/airflow/.local/lib/python3.8/site-packages/airflow/example_dags/example_short_circuit_operator.py took 0.050 seconds
[2025-03-06T23:48:03.765+0000] {processor.py:157} INFO - Started process (PID=43800) to work on /home/airflow/.local/lib/python3.8/site-packages/airflow/example_dags/example_short_circuit_operator.py
[2025-03-06T23:48:03.766+0000] {processor.py:829} INFO - Processing file /home/airflow/.local/lib/python3.8/site-packages/airflow/example_dags/example_short_circuit_operator.py for tasks to queue
[2025-03-06T23:48:03.767+0000] {logging_mixin.py:154} INFO - [2025-03-06T23:48:03.766+0000] {dagbag.py:536} INFO - Filling up the DagBag from /home/airflow/.local/lib/python3.8/site-packages/airflow/example_dags/example_short_circuit_operator.py
[2025-03-06T23:48:03.774+0000] {processor.py:839} INFO - DAG(s) dict_keys(['example_short_circuit_operator']) retrieved from /home/airflow/.local/lib/python3.8/site-packages/airflow/example_dags/example_short_circuit_operator.py
[2025-03-06T23:48:03.784+0000] {logging_mixin.py:154} INFO - [2025-03-06T23:48:03.784+0000] {dag.py:2941} INFO - Sync 1 DAGs
[2025-03-06T23:48:03.795+0000] {logging_mixin.py:154} INFO - [2025-03-06T23:48:03.795+0000] {dag.py:3722} INFO - Setting next_dagrun for example_short_circuit_operator to 2025-03-05T23:48:03.795173+00:00, run_after=2025-03-06T23:48:03.795173+00:00
[2025-03-06T23:48:03.801+0000] {processor.py:179} INFO - Processing /home/airflow/.local/lib/python3.8/site-packages/airflow/example_dags/example_short_circuit_operator.py took 0.038 seconds
