[2025-03-07T00:04:06.432+0000] {processor.py:157} INFO - Started process (PID=43841) to work on /home/airflow/.local/lib/python3.8/site-packages/airflow/example_dags/tutorial_taskflow_api.py
[2025-03-07T00:04:06.432+0000] {processor.py:829} INFO - Processing file /home/airflow/.local/lib/python3.8/site-packages/airflow/example_dags/tutorial_taskflow_api.py for tasks to queue
[2025-03-07T00:04:06.433+0000] {logging_mixin.py:154} INFO - [2025-03-07T00:04:06.433+0000] {dagbag.py:536} INFO - Filling up the DagBag from /home/airflow/.local/lib/python3.8/site-packages/airflow/example_dags/tutorial_taskflow_api.py
[2025-03-07T00:04:06.436+0000] {processor.py:839} INFO - DAG(s) dict_keys(['tutorial_taskflow_api']) retrieved from /home/airflow/.local/lib/python3.8/site-packages/airflow/example_dags/tutorial_taskflow_api.py
[2025-03-07T00:04:06.446+0000] {logging_mixin.py:154} INFO - [2025-03-07T00:04:06.445+0000] {dag.py:2941} INFO - Sync 1 DAGs
[2025-03-07T00:04:06.451+0000] {logging_mixin.py:154} INFO - [2025-03-07T00:04:06.450+0000] {dag.py:3722} INFO - Setting next_dagrun for tutorial_taskflow_api to None, run_after=None
[2025-03-07T00:04:06.458+0000] {processor.py:179} INFO - Processing /home/airflow/.local/lib/python3.8/site-packages/airflow/example_dags/tutorial_taskflow_api.py took 0.028 seconds
[2025-03-07T00:20:45.266+0000] {processor.py:157} INFO - Started process (PID=43897) to work on /home/airflow/.local/lib/python3.8/site-packages/airflow/example_dags/tutorial_taskflow_api.py
[2025-03-07T00:20:45.267+0000] {processor.py:829} INFO - Processing file /home/airflow/.local/lib/python3.8/site-packages/airflow/example_dags/tutorial_taskflow_api.py for tasks to queue
[2025-03-07T00:20:45.267+0000] {logging_mixin.py:154} INFO - [2025-03-07T00:20:45.267+0000] {dagbag.py:536} INFO - Filling up the DagBag from /home/airflow/.local/lib/python3.8/site-packages/airflow/example_dags/tutorial_taskflow_api.py
[2025-03-07T00:20:45.270+0000] {processor.py:839} INFO - DAG(s) dict_keys(['tutorial_taskflow_api']) retrieved from /home/airflow/.local/lib/python3.8/site-packages/airflow/example_dags/tutorial_taskflow_api.py
[2025-03-07T00:20:45.280+0000] {logging_mixin.py:154} INFO - [2025-03-07T00:20:45.280+0000] {dag.py:2941} INFO - Sync 1 DAGs
[2025-03-07T00:20:45.285+0000] {logging_mixin.py:154} INFO - [2025-03-07T00:20:45.285+0000] {dag.py:3722} INFO - Setting next_dagrun for tutorial_taskflow_api to None, run_after=None
[2025-03-07T00:20:45.293+0000] {processor.py:179} INFO - Processing /home/airflow/.local/lib/python3.8/site-packages/airflow/example_dags/tutorial_taskflow_api.py took 0.028 seconds
[2025-03-07T00:37:15.878+0000] {processor.py:157} INFO - Started process (PID=43953) to work on /home/airflow/.local/lib/python3.8/site-packages/airflow/example_dags/tutorial_taskflow_api.py
[2025-03-07T00:37:15.879+0000] {processor.py:829} INFO - Processing file /home/airflow/.local/lib/python3.8/site-packages/airflow/example_dags/tutorial_taskflow_api.py for tasks to queue
[2025-03-07T00:37:15.879+0000] {logging_mixin.py:154} INFO - [2025-03-07T00:37:15.879+0000] {dagbag.py:536} INFO - Filling up the DagBag from /home/airflow/.local/lib/python3.8/site-packages/airflow/example_dags/tutorial_taskflow_api.py
[2025-03-07T00:37:15.883+0000] {processor.py:839} INFO - DAG(s) dict_keys(['tutorial_taskflow_api']) retrieved from /home/airflow/.local/lib/python3.8/site-packages/airflow/example_dags/tutorial_taskflow_api.py
[2025-03-07T00:37:15.896+0000] {logging_mixin.py:154} INFO - [2025-03-07T00:37:15.896+0000] {dag.py:2941} INFO - Sync 1 DAGs
[2025-03-07T00:37:15.903+0000] {logging_mixin.py:154} INFO - [2025-03-07T00:37:15.903+0000] {dag.py:3722} INFO - Setting next_dagrun for tutorial_taskflow_api to None, run_after=None
[2025-03-07T00:37:15.913+0000] {processor.py:179} INFO - Processing /home/airflow/.local/lib/python3.8/site-packages/airflow/example_dags/tutorial_taskflow_api.py took 0.037 seconds
[2025-03-07T02:02:02.722+0000] {processor.py:157} INFO - Started process (PID=44009) to work on /home/airflow/.local/lib/python3.8/site-packages/airflow/example_dags/tutorial_taskflow_api.py
[2025-03-07T02:02:02.722+0000] {processor.py:829} INFO - Processing file /home/airflow/.local/lib/python3.8/site-packages/airflow/example_dags/tutorial_taskflow_api.py for tasks to queue
[2025-03-07T02:02:02.722+0000] {logging_mixin.py:154} INFO - [2025-03-07T02:02:02.722+0000] {dagbag.py:536} INFO - Filling up the DagBag from /home/airflow/.local/lib/python3.8/site-packages/airflow/example_dags/tutorial_taskflow_api.py
[2025-03-07T02:02:02.726+0000] {processor.py:839} INFO - DAG(s) dict_keys(['tutorial_taskflow_api']) retrieved from /home/airflow/.local/lib/python3.8/site-packages/airflow/example_dags/tutorial_taskflow_api.py
[2025-03-07T02:02:02.739+0000] {logging_mixin.py:154} INFO - [2025-03-07T02:02:02.739+0000] {dag.py:2941} INFO - Sync 1 DAGs
[2025-03-07T02:02:02.744+0000] {logging_mixin.py:154} INFO - [2025-03-07T02:02:02.744+0000] {dag.py:3722} INFO - Setting next_dagrun for tutorial_taskflow_api to None, run_after=None
[2025-03-07T02:02:02.759+0000] {processor.py:179} INFO - Processing /home/airflow/.local/lib/python3.8/site-packages/airflow/example_dags/tutorial_taskflow_api.py took 0.039 seconds
[2025-03-07T02:15:54.081+0000] {processor.py:157} INFO - Started process (PID=44065) to work on /home/airflow/.local/lib/python3.8/site-packages/airflow/example_dags/tutorial_taskflow_api.py
[2025-03-07T02:15:54.081+0000] {processor.py:829} INFO - Processing file /home/airflow/.local/lib/python3.8/site-packages/airflow/example_dags/tutorial_taskflow_api.py for tasks to queue
[2025-03-07T02:15:54.082+0000] {logging_mixin.py:154} INFO - [2025-03-07T02:15:54.082+0000] {dagbag.py:536} INFO - Filling up the DagBag from /home/airflow/.local/lib/python3.8/site-packages/airflow/example_dags/tutorial_taskflow_api.py
[2025-03-07T02:15:54.086+0000] {processor.py:839} INFO - DAG(s) dict_keys(['tutorial_taskflow_api']) retrieved from /home/airflow/.local/lib/python3.8/site-packages/airflow/example_dags/tutorial_taskflow_api.py
[2025-03-07T02:15:54.108+0000] {logging_mixin.py:154} INFO - [2025-03-07T02:15:54.108+0000] {dag.py:2941} INFO - Sync 1 DAGs
[2025-03-07T02:15:54.116+0000] {logging_mixin.py:154} INFO - [2025-03-07T02:15:54.116+0000] {dag.py:3722} INFO - Setting next_dagrun for tutorial_taskflow_api to None, run_after=None
[2025-03-07T02:15:54.133+0000] {processor.py:179} INFO - Processing /home/airflow/.local/lib/python3.8/site-packages/airflow/example_dags/tutorial_taskflow_api.py took 0.054 seconds
[2025-03-07T02:53:31.779+0000] {processor.py:157} INFO - Started process (PID=44121) to work on /home/airflow/.local/lib/python3.8/site-packages/airflow/example_dags/tutorial_taskflow_api.py
[2025-03-07T02:53:31.780+0000] {processor.py:829} INFO - Processing file /home/airflow/.local/lib/python3.8/site-packages/airflow/example_dags/tutorial_taskflow_api.py for tasks to queue
[2025-03-07T02:53:31.780+0000] {logging_mixin.py:154} INFO - [2025-03-07T02:53:31.780+0000] {dagbag.py:536} INFO - Filling up the DagBag from /home/airflow/.local/lib/python3.8/site-packages/airflow/example_dags/tutorial_taskflow_api.py
[2025-03-07T02:53:31.785+0000] {processor.py:839} INFO - DAG(s) dict_keys(['tutorial_taskflow_api']) retrieved from /home/airflow/.local/lib/python3.8/site-packages/airflow/example_dags/tutorial_taskflow_api.py
[2025-03-07T02:53:31.797+0000] {logging_mixin.py:154} INFO - [2025-03-07T02:53:31.797+0000] {dag.py:2941} INFO - Sync 1 DAGs
[2025-03-07T02:53:31.804+0000] {logging_mixin.py:154} INFO - [2025-03-07T02:53:31.804+0000] {dag.py:3722} INFO - Setting next_dagrun for tutorial_taskflow_api to None, run_after=None
[2025-03-07T02:53:31.820+0000] {processor.py:179} INFO - Processing /home/airflow/.local/lib/python3.8/site-packages/airflow/example_dags/tutorial_taskflow_api.py took 0.043 seconds
[2025-03-07T03:55:44.335+0000] {processor.py:157} INFO - Started process (PID=44177) to work on /home/airflow/.local/lib/python3.8/site-packages/airflow/example_dags/tutorial_taskflow_api.py
[2025-03-07T03:55:44.336+0000] {processor.py:829} INFO - Processing file /home/airflow/.local/lib/python3.8/site-packages/airflow/example_dags/tutorial_taskflow_api.py for tasks to queue
[2025-03-07T03:55:44.337+0000] {logging_mixin.py:154} INFO - [2025-03-07T03:55:44.337+0000] {dagbag.py:536} INFO - Filling up the DagBag from /home/airflow/.local/lib/python3.8/site-packages/airflow/example_dags/tutorial_taskflow_api.py
[2025-03-07T03:55:44.342+0000] {processor.py:839} INFO - DAG(s) dict_keys(['tutorial_taskflow_api']) retrieved from /home/airflow/.local/lib/python3.8/site-packages/airflow/example_dags/tutorial_taskflow_api.py
[2025-03-07T03:55:44.356+0000] {logging_mixin.py:154} INFO - [2025-03-07T03:55:44.356+0000] {dag.py:2941} INFO - Sync 1 DAGs
[2025-03-07T03:55:44.363+0000] {logging_mixin.py:154} INFO - [2025-03-07T03:55:44.363+0000] {dag.py:3722} INFO - Setting next_dagrun for tutorial_taskflow_api to None, run_after=None
[2025-03-07T03:55:44.387+0000] {processor.py:179} INFO - Processing /home/airflow/.local/lib/python3.8/site-packages/airflow/example_dags/tutorial_taskflow_api.py took 0.054 seconds
[2025-03-07T04:58:07.350+0000] {processor.py:157} INFO - Started process (PID=44233) to work on /home/airflow/.local/lib/python3.8/site-packages/airflow/example_dags/tutorial_taskflow_api.py
[2025-03-07T04:58:07.351+0000] {processor.py:829} INFO - Processing file /home/airflow/.local/lib/python3.8/site-packages/airflow/example_dags/tutorial_taskflow_api.py for tasks to queue
[2025-03-07T04:58:07.351+0000] {logging_mixin.py:154} INFO - [2025-03-07T04:58:07.351+0000] {dagbag.py:536} INFO - Filling up the DagBag from /home/airflow/.local/lib/python3.8/site-packages/airflow/example_dags/tutorial_taskflow_api.py
[2025-03-07T04:58:07.356+0000] {processor.py:839} INFO - DAG(s) dict_keys(['tutorial_taskflow_api']) retrieved from /home/airflow/.local/lib/python3.8/site-packages/airflow/example_dags/tutorial_taskflow_api.py
[2025-03-07T04:58:07.375+0000] {logging_mixin.py:154} INFO - [2025-03-07T04:58:07.375+0000] {dag.py:2941} INFO - Sync 1 DAGs
[2025-03-07T04:58:07.382+0000] {logging_mixin.py:154} INFO - [2025-03-07T04:58:07.382+0000] {dag.py:3722} INFO - Setting next_dagrun for tutorial_taskflow_api to None, run_after=None
[2025-03-07T04:58:07.392+0000] {processor.py:179} INFO - Processing /home/airflow/.local/lib/python3.8/site-packages/airflow/example_dags/tutorial_taskflow_api.py took 0.044 seconds
[2025-03-07T05:41:13.509+0000] {processor.py:157} INFO - Started process (PID=44289) to work on /home/airflow/.local/lib/python3.8/site-packages/airflow/example_dags/tutorial_taskflow_api.py
[2025-03-07T05:41:13.509+0000] {processor.py:829} INFO - Processing file /home/airflow/.local/lib/python3.8/site-packages/airflow/example_dags/tutorial_taskflow_api.py for tasks to queue
[2025-03-07T05:41:13.510+0000] {logging_mixin.py:154} INFO - [2025-03-07T05:41:13.510+0000] {dagbag.py:536} INFO - Filling up the DagBag from /home/airflow/.local/lib/python3.8/site-packages/airflow/example_dags/tutorial_taskflow_api.py
[2025-03-07T05:41:13.512+0000] {processor.py:839} INFO - DAG(s) dict_keys(['tutorial_taskflow_api']) retrieved from /home/airflow/.local/lib/python3.8/site-packages/airflow/example_dags/tutorial_taskflow_api.py
[2025-03-07T05:41:13.520+0000] {logging_mixin.py:154} INFO - [2025-03-07T05:41:13.520+0000] {dag.py:2941} INFO - Sync 1 DAGs
[2025-03-07T05:41:13.525+0000] {logging_mixin.py:154} INFO - [2025-03-07T05:41:13.524+0000] {dag.py:3722} INFO - Setting next_dagrun for tutorial_taskflow_api to None, run_after=None
[2025-03-07T05:41:13.530+0000] {processor.py:179} INFO - Processing /home/airflow/.local/lib/python3.8/site-packages/airflow/example_dags/tutorial_taskflow_api.py took 0.022 seconds
[2025-03-07T06:30:08.006+0000] {processor.py:157} INFO - Started process (PID=44345) to work on /home/airflow/.local/lib/python3.8/site-packages/airflow/example_dags/tutorial_taskflow_api.py
[2025-03-07T06:30:08.007+0000] {processor.py:829} INFO - Processing file /home/airflow/.local/lib/python3.8/site-packages/airflow/example_dags/tutorial_taskflow_api.py for tasks to queue
[2025-03-07T06:30:08.007+0000] {logging_mixin.py:154} INFO - [2025-03-07T06:30:08.007+0000] {dagbag.py:536} INFO - Filling up the DagBag from /home/airflow/.local/lib/python3.8/site-packages/airflow/example_dags/tutorial_taskflow_api.py
[2025-03-07T06:30:08.011+0000] {processor.py:839} INFO - DAG(s) dict_keys(['tutorial_taskflow_api']) retrieved from /home/airflow/.local/lib/python3.8/site-packages/airflow/example_dags/tutorial_taskflow_api.py
[2025-03-07T06:30:08.021+0000] {logging_mixin.py:154} INFO - [2025-03-07T06:30:08.020+0000] {dag.py:2941} INFO - Sync 1 DAGs
[2025-03-07T06:30:08.026+0000] {logging_mixin.py:154} INFO - [2025-03-07T06:30:08.026+0000] {dag.py:3722} INFO - Setting next_dagrun for tutorial_taskflow_api to None, run_after=None
[2025-03-07T06:30:08.035+0000] {processor.py:179} INFO - Processing /home/airflow/.local/lib/python3.8/site-packages/airflow/example_dags/tutorial_taskflow_api.py took 0.031 seconds
[2025-03-07T07:16:44.255+0000] {processor.py:157} INFO - Started process (PID=44401) to work on /home/airflow/.local/lib/python3.8/site-packages/airflow/example_dags/tutorial_taskflow_api.py
[2025-03-07T07:16:44.256+0000] {processor.py:829} INFO - Processing file /home/airflow/.local/lib/python3.8/site-packages/airflow/example_dags/tutorial_taskflow_api.py for tasks to queue
[2025-03-07T07:16:44.256+0000] {logging_mixin.py:154} INFO - [2025-03-07T07:16:44.256+0000] {dagbag.py:536} INFO - Filling up the DagBag from /home/airflow/.local/lib/python3.8/site-packages/airflow/example_dags/tutorial_taskflow_api.py
[2025-03-07T07:16:44.259+0000] {processor.py:839} INFO - DAG(s) dict_keys(['tutorial_taskflow_api']) retrieved from /home/airflow/.local/lib/python3.8/site-packages/airflow/example_dags/tutorial_taskflow_api.py
[2025-03-07T07:16:44.268+0000] {logging_mixin.py:154} INFO - [2025-03-07T07:16:44.268+0000] {dag.py:2941} INFO - Sync 1 DAGs
[2025-03-07T07:16:44.273+0000] {logging_mixin.py:154} INFO - [2025-03-07T07:16:44.273+0000] {dag.py:3722} INFO - Setting next_dagrun for tutorial_taskflow_api to None, run_after=None
[2025-03-07T07:16:44.286+0000] {processor.py:179} INFO - Processing /home/airflow/.local/lib/python3.8/site-packages/airflow/example_dags/tutorial_taskflow_api.py took 0.032 seconds
[2025-03-07T07:58:35.640+0000] {processor.py:157} INFO - Started process (PID=44457) to work on /home/airflow/.local/lib/python3.8/site-packages/airflow/example_dags/tutorial_taskflow_api.py
[2025-03-07T07:58:35.641+0000] {processor.py:829} INFO - Processing file /home/airflow/.local/lib/python3.8/site-packages/airflow/example_dags/tutorial_taskflow_api.py for tasks to queue
[2025-03-07T07:58:35.641+0000] {logging_mixin.py:154} INFO - [2025-03-07T07:58:35.641+0000] {dagbag.py:536} INFO - Filling up the DagBag from /home/airflow/.local/lib/python3.8/site-packages/airflow/example_dags/tutorial_taskflow_api.py
[2025-03-07T07:58:35.645+0000] {processor.py:839} INFO - DAG(s) dict_keys(['tutorial_taskflow_api']) retrieved from /home/airflow/.local/lib/python3.8/site-packages/airflow/example_dags/tutorial_taskflow_api.py
[2025-03-07T07:58:35.654+0000] {logging_mixin.py:154} INFO - [2025-03-07T07:58:35.654+0000] {dag.py:2941} INFO - Sync 1 DAGs
[2025-03-07T07:58:35.659+0000] {logging_mixin.py:154} INFO - [2025-03-07T07:58:35.659+0000] {dag.py:3722} INFO - Setting next_dagrun for tutorial_taskflow_api to None, run_after=None
[2025-03-07T07:58:35.667+0000] {processor.py:179} INFO - Processing /home/airflow/.local/lib/python3.8/site-packages/airflow/example_dags/tutorial_taskflow_api.py took 0.028 seconds
[2025-03-07T08:31:44.483+0000] {processor.py:157} INFO - Started process (PID=44513) to work on /home/airflow/.local/lib/python3.8/site-packages/airflow/example_dags/tutorial_taskflow_api.py
[2025-03-07T08:31:44.484+0000] {processor.py:829} INFO - Processing file /home/airflow/.local/lib/python3.8/site-packages/airflow/example_dags/tutorial_taskflow_api.py for tasks to queue
[2025-03-07T08:31:44.484+0000] {logging_mixin.py:154} INFO - [2025-03-07T08:31:44.484+0000] {dagbag.py:536} INFO - Filling up the DagBag from /home/airflow/.local/lib/python3.8/site-packages/airflow/example_dags/tutorial_taskflow_api.py
[2025-03-07T08:31:44.490+0000] {processor.py:839} INFO - DAG(s) dict_keys(['tutorial_taskflow_api']) retrieved from /home/airflow/.local/lib/python3.8/site-packages/airflow/example_dags/tutorial_taskflow_api.py
[2025-03-07T08:31:44.503+0000] {logging_mixin.py:154} INFO - [2025-03-07T08:31:44.502+0000] {dag.py:2941} INFO - Sync 1 DAGs
[2025-03-07T08:31:44.510+0000] {logging_mixin.py:154} INFO - [2025-03-07T08:31:44.510+0000] {dag.py:3722} INFO - Setting next_dagrun for tutorial_taskflow_api to None, run_after=None
[2025-03-07T08:31:44.526+0000] {processor.py:179} INFO - Processing /home/airflow/.local/lib/python3.8/site-packages/airflow/example_dags/tutorial_taskflow_api.py took 0.045 seconds
[2025-03-07T09:17:54.675+0000] {processor.py:157} INFO - Started process (PID=44569) to work on /home/airflow/.local/lib/python3.8/site-packages/airflow/example_dags/tutorial_taskflow_api.py
[2025-03-07T09:17:54.676+0000] {processor.py:829} INFO - Processing file /home/airflow/.local/lib/python3.8/site-packages/airflow/example_dags/tutorial_taskflow_api.py for tasks to queue
[2025-03-07T09:17:54.677+0000] {logging_mixin.py:154} INFO - [2025-03-07T09:17:54.677+0000] {dagbag.py:536} INFO - Filling up the DagBag from /home/airflow/.local/lib/python3.8/site-packages/airflow/example_dags/tutorial_taskflow_api.py
[2025-03-07T09:17:54.682+0000] {processor.py:839} INFO - DAG(s) dict_keys(['tutorial_taskflow_api']) retrieved from /home/airflow/.local/lib/python3.8/site-packages/airflow/example_dags/tutorial_taskflow_api.py
[2025-03-07T09:17:54.699+0000] {logging_mixin.py:154} INFO - [2025-03-07T09:17:54.698+0000] {dag.py:2941} INFO - Sync 1 DAGs
[2025-03-07T09:17:54.707+0000] {logging_mixin.py:154} INFO - [2025-03-07T09:17:54.707+0000] {dag.py:3722} INFO - Setting next_dagrun for tutorial_taskflow_api to None, run_after=None
[2025-03-07T09:17:54.720+0000] {processor.py:179} INFO - Processing /home/airflow/.local/lib/python3.8/site-packages/airflow/example_dags/tutorial_taskflow_api.py took 0.048 seconds
[2025-03-07T10:01:47.929+0000] {processor.py:157} INFO - Started process (PID=44625) to work on /home/airflow/.local/lib/python3.8/site-packages/airflow/example_dags/tutorial_taskflow_api.py
[2025-03-07T10:01:47.930+0000] {processor.py:829} INFO - Processing file /home/airflow/.local/lib/python3.8/site-packages/airflow/example_dags/tutorial_taskflow_api.py for tasks to queue
[2025-03-07T10:01:47.930+0000] {logging_mixin.py:154} INFO - [2025-03-07T10:01:47.930+0000] {dagbag.py:536} INFO - Filling up the DagBag from /home/airflow/.local/lib/python3.8/site-packages/airflow/example_dags/tutorial_taskflow_api.py
[2025-03-07T10:01:47.933+0000] {processor.py:839} INFO - DAG(s) dict_keys(['tutorial_taskflow_api']) retrieved from /home/airflow/.local/lib/python3.8/site-packages/airflow/example_dags/tutorial_taskflow_api.py
[2025-03-07T10:01:47.947+0000] {logging_mixin.py:154} INFO - [2025-03-07T10:01:47.946+0000] {dag.py:2941} INFO - Sync 1 DAGs
[2025-03-07T10:01:47.951+0000] {logging_mixin.py:154} INFO - [2025-03-07T10:01:47.951+0000] {dag.py:3722} INFO - Setting next_dagrun for tutorial_taskflow_api to None, run_after=None
[2025-03-07T10:01:47.958+0000] {processor.py:179} INFO - Processing /home/airflow/.local/lib/python3.8/site-packages/airflow/example_dags/tutorial_taskflow_api.py took 0.031 seconds
[2025-03-07T10:46:10.068+0000] {processor.py:157} INFO - Started process (PID=44681) to work on /home/airflow/.local/lib/python3.8/site-packages/airflow/example_dags/tutorial_taskflow_api.py
[2025-03-07T10:46:10.068+0000] {processor.py:829} INFO - Processing file /home/airflow/.local/lib/python3.8/site-packages/airflow/example_dags/tutorial_taskflow_api.py for tasks to queue
[2025-03-07T10:46:10.068+0000] {logging_mixin.py:154} INFO - [2025-03-07T10:46:10.068+0000] {dagbag.py:536} INFO - Filling up the DagBag from /home/airflow/.local/lib/python3.8/site-packages/airflow/example_dags/tutorial_taskflow_api.py
[2025-03-07T10:46:10.072+0000] {processor.py:839} INFO - DAG(s) dict_keys(['tutorial_taskflow_api']) retrieved from /home/airflow/.local/lib/python3.8/site-packages/airflow/example_dags/tutorial_taskflow_api.py
[2025-03-07T10:46:10.085+0000] {logging_mixin.py:154} INFO - [2025-03-07T10:46:10.085+0000] {dag.py:2941} INFO - Sync 1 DAGs
[2025-03-07T10:46:10.091+0000] {logging_mixin.py:154} INFO - [2025-03-07T10:46:10.091+0000] {dag.py:3722} INFO - Setting next_dagrun for tutorial_taskflow_api to None, run_after=None
[2025-03-07T10:46:10.101+0000] {processor.py:179} INFO - Processing /home/airflow/.local/lib/python3.8/site-packages/airflow/example_dags/tutorial_taskflow_api.py took 0.035 seconds
[2025-03-07T11:18:14.881+0000] {processor.py:157} INFO - Started process (PID=44737) to work on /home/airflow/.local/lib/python3.8/site-packages/airflow/example_dags/tutorial_taskflow_api.py
[2025-03-07T11:18:14.883+0000] {processor.py:829} INFO - Processing file /home/airflow/.local/lib/python3.8/site-packages/airflow/example_dags/tutorial_taskflow_api.py for tasks to queue
[2025-03-07T11:18:14.883+0000] {logging_mixin.py:154} INFO - [2025-03-07T11:18:14.883+0000] {dagbag.py:536} INFO - Filling up the DagBag from /home/airflow/.local/lib/python3.8/site-packages/airflow/example_dags/tutorial_taskflow_api.py
[2025-03-07T11:18:14.886+0000] {processor.py:839} INFO - DAG(s) dict_keys(['tutorial_taskflow_api']) retrieved from /home/airflow/.local/lib/python3.8/site-packages/airflow/example_dags/tutorial_taskflow_api.py
[2025-03-07T11:18:14.895+0000] {logging_mixin.py:154} INFO - [2025-03-07T11:18:14.895+0000] {dag.py:2941} INFO - Sync 1 DAGs
[2025-03-07T11:18:14.900+0000] {logging_mixin.py:154} INFO - [2025-03-07T11:18:14.900+0000] {dag.py:3722} INFO - Setting next_dagrun for tutorial_taskflow_api to None, run_after=None
[2025-03-07T11:18:14.908+0000] {processor.py:179} INFO - Processing /home/airflow/.local/lib/python3.8/site-packages/airflow/example_dags/tutorial_taskflow_api.py took 0.029 seconds
[2025-03-07T12:08:06.741+0000] {processor.py:157} INFO - Started process (PID=44793) to work on /home/airflow/.local/lib/python3.8/site-packages/airflow/example_dags/tutorial_taskflow_api.py
[2025-03-07T12:08:06.742+0000] {processor.py:829} INFO - Processing file /home/airflow/.local/lib/python3.8/site-packages/airflow/example_dags/tutorial_taskflow_api.py for tasks to queue
[2025-03-07T12:08:06.743+0000] {logging_mixin.py:154} INFO - [2025-03-07T12:08:06.743+0000] {dagbag.py:536} INFO - Filling up the DagBag from /home/airflow/.local/lib/python3.8/site-packages/airflow/example_dags/tutorial_taskflow_api.py
[2025-03-07T12:08:06.746+0000] {processor.py:839} INFO - DAG(s) dict_keys(['tutorial_taskflow_api']) retrieved from /home/airflow/.local/lib/python3.8/site-packages/airflow/example_dags/tutorial_taskflow_api.py
[2025-03-07T12:08:06.758+0000] {logging_mixin.py:154} INFO - [2025-03-07T12:08:06.758+0000] {dag.py:2941} INFO - Sync 1 DAGs
[2025-03-07T12:08:06.764+0000] {logging_mixin.py:154} INFO - [2025-03-07T12:08:06.764+0000] {dag.py:3722} INFO - Setting next_dagrun for tutorial_taskflow_api to None, run_after=None
[2025-03-07T12:08:06.771+0000] {processor.py:179} INFO - Processing /home/airflow/.local/lib/python3.8/site-packages/airflow/example_dags/tutorial_taskflow_api.py took 0.032 seconds
[2025-03-07T12:24:00.196+0000] {processor.py:157} INFO - Started process (PID=44849) to work on /home/airflow/.local/lib/python3.8/site-packages/airflow/example_dags/tutorial_taskflow_api.py
[2025-03-07T12:24:00.197+0000] {processor.py:829} INFO - Processing file /home/airflow/.local/lib/python3.8/site-packages/airflow/example_dags/tutorial_taskflow_api.py for tasks to queue
[2025-03-07T12:24:00.197+0000] {logging_mixin.py:154} INFO - [2025-03-07T12:24:00.197+0000] {dagbag.py:536} INFO - Filling up the DagBag from /home/airflow/.local/lib/python3.8/site-packages/airflow/example_dags/tutorial_taskflow_api.py
[2025-03-07T12:24:00.203+0000] {processor.py:839} INFO - DAG(s) dict_keys(['tutorial_taskflow_api']) retrieved from /home/airflow/.local/lib/python3.8/site-packages/airflow/example_dags/tutorial_taskflow_api.py
[2025-03-07T12:24:00.220+0000] {logging_mixin.py:154} INFO - [2025-03-07T12:24:00.219+0000] {dag.py:2941} INFO - Sync 1 DAGs
[2025-03-07T12:24:00.227+0000] {logging_mixin.py:154} INFO - [2025-03-07T12:24:00.227+0000] {dag.py:3722} INFO - Setting next_dagrun for tutorial_taskflow_api to None, run_after=None
[2025-03-07T12:24:00.249+0000] {processor.py:179} INFO - Processing /home/airflow/.local/lib/python3.8/site-packages/airflow/example_dags/tutorial_taskflow_api.py took 0.057 seconds
[2025-03-07T12:41:12.814+0000] {processor.py:157} INFO - Started process (PID=44905) to work on /home/airflow/.local/lib/python3.8/site-packages/airflow/example_dags/tutorial_taskflow_api.py
[2025-03-07T12:41:12.815+0000] {processor.py:829} INFO - Processing file /home/airflow/.local/lib/python3.8/site-packages/airflow/example_dags/tutorial_taskflow_api.py for tasks to queue
[2025-03-07T12:41:12.815+0000] {logging_mixin.py:154} INFO - [2025-03-07T12:41:12.815+0000] {dagbag.py:536} INFO - Filling up the DagBag from /home/airflow/.local/lib/python3.8/site-packages/airflow/example_dags/tutorial_taskflow_api.py
[2025-03-07T12:41:12.818+0000] {processor.py:839} INFO - DAG(s) dict_keys(['tutorial_taskflow_api']) retrieved from /home/airflow/.local/lib/python3.8/site-packages/airflow/example_dags/tutorial_taskflow_api.py
[2025-03-07T12:41:12.827+0000] {logging_mixin.py:154} INFO - [2025-03-07T12:41:12.827+0000] {dag.py:2941} INFO - Sync 1 DAGs
[2025-03-07T12:41:12.834+0000] {logging_mixin.py:154} INFO - [2025-03-07T12:41:12.833+0000] {dag.py:3722} INFO - Setting next_dagrun for tutorial_taskflow_api to None, run_after=None
[2025-03-07T12:41:12.846+0000] {processor.py:179} INFO - Processing /home/airflow/.local/lib/python3.8/site-packages/airflow/example_dags/tutorial_taskflow_api.py took 0.033 seconds
[2025-03-07T13:20:38.119+0000] {processor.py:157} INFO - Started process (PID=44961) to work on /home/airflow/.local/lib/python3.8/site-packages/airflow/example_dags/tutorial_taskflow_api.py
[2025-03-07T13:20:38.121+0000] {processor.py:829} INFO - Processing file /home/airflow/.local/lib/python3.8/site-packages/airflow/example_dags/tutorial_taskflow_api.py for tasks to queue
[2025-03-07T13:20:38.121+0000] {logging_mixin.py:154} INFO - [2025-03-07T13:20:38.121+0000] {dagbag.py:536} INFO - Filling up the DagBag from /home/airflow/.local/lib/python3.8/site-packages/airflow/example_dags/tutorial_taskflow_api.py
[2025-03-07T13:20:38.126+0000] {processor.py:839} INFO - DAG(s) dict_keys(['tutorial_taskflow_api']) retrieved from /home/airflow/.local/lib/python3.8/site-packages/airflow/example_dags/tutorial_taskflow_api.py
[2025-03-07T13:20:38.139+0000] {logging_mixin.py:154} INFO - [2025-03-07T13:20:38.139+0000] {dag.py:2941} INFO - Sync 1 DAGs
[2025-03-07T13:20:38.145+0000] {logging_mixin.py:154} INFO - [2025-03-07T13:20:38.145+0000] {dag.py:3722} INFO - Setting next_dagrun for tutorial_taskflow_api to None, run_after=None
[2025-03-07T13:20:38.155+0000] {processor.py:179} INFO - Processing /home/airflow/.local/lib/python3.8/site-packages/airflow/example_dags/tutorial_taskflow_api.py took 0.038 seconds
[2025-03-07T13:49:15.188+0000] {processor.py:157} INFO - Started process (PID=45017) to work on /home/airflow/.local/lib/python3.8/site-packages/airflow/example_dags/tutorial_taskflow_api.py
[2025-03-07T13:49:15.189+0000] {processor.py:829} INFO - Processing file /home/airflow/.local/lib/python3.8/site-packages/airflow/example_dags/tutorial_taskflow_api.py for tasks to queue
[2025-03-07T13:49:15.190+0000] {logging_mixin.py:154} INFO - [2025-03-07T13:49:15.190+0000] {dagbag.py:536} INFO - Filling up the DagBag from /home/airflow/.local/lib/python3.8/site-packages/airflow/example_dags/tutorial_taskflow_api.py
[2025-03-07T13:49:15.194+0000] {processor.py:839} INFO - DAG(s) dict_keys(['tutorial_taskflow_api']) retrieved from /home/airflow/.local/lib/python3.8/site-packages/airflow/example_dags/tutorial_taskflow_api.py
[2025-03-07T13:49:15.206+0000] {logging_mixin.py:154} INFO - [2025-03-07T13:49:15.206+0000] {dag.py:2941} INFO - Sync 1 DAGs
[2025-03-07T13:49:15.215+0000] {logging_mixin.py:154} INFO - [2025-03-07T13:49:15.214+0000] {dag.py:3722} INFO - Setting next_dagrun for tutorial_taskflow_api to None, run_after=None
[2025-03-07T13:49:15.232+0000] {processor.py:179} INFO - Processing /home/airflow/.local/lib/python3.8/site-packages/airflow/example_dags/tutorial_taskflow_api.py took 0.046 seconds
[2025-03-07T14:20:49.552+0000] {processor.py:157} INFO - Started process (PID=45073) to work on /home/airflow/.local/lib/python3.8/site-packages/airflow/example_dags/tutorial_taskflow_api.py
[2025-03-07T14:20:49.552+0000] {processor.py:829} INFO - Processing file /home/airflow/.local/lib/python3.8/site-packages/airflow/example_dags/tutorial_taskflow_api.py for tasks to queue
[2025-03-07T14:20:49.552+0000] {logging_mixin.py:154} INFO - [2025-03-07T14:20:49.552+0000] {dagbag.py:536} INFO - Filling up the DagBag from /home/airflow/.local/lib/python3.8/site-packages/airflow/example_dags/tutorial_taskflow_api.py
[2025-03-07T14:20:49.557+0000] {processor.py:839} INFO - DAG(s) dict_keys(['tutorial_taskflow_api']) retrieved from /home/airflow/.local/lib/python3.8/site-packages/airflow/example_dags/tutorial_taskflow_api.py
[2025-03-07T14:20:49.569+0000] {logging_mixin.py:154} INFO - [2025-03-07T14:20:49.569+0000] {dag.py:2941} INFO - Sync 1 DAGs
[2025-03-07T14:20:49.574+0000] {logging_mixin.py:154} INFO - [2025-03-07T14:20:49.574+0000] {dag.py:3722} INFO - Setting next_dagrun for tutorial_taskflow_api to None, run_after=None
[2025-03-07T14:20:49.586+0000] {processor.py:179} INFO - Processing /home/airflow/.local/lib/python3.8/site-packages/airflow/example_dags/tutorial_taskflow_api.py took 0.035 seconds
[2025-03-07T14:40:23.108+0000] {processor.py:157} INFO - Started process (PID=45129) to work on /home/airflow/.local/lib/python3.8/site-packages/airflow/example_dags/tutorial_taskflow_api.py
[2025-03-07T14:40:23.109+0000] {processor.py:829} INFO - Processing file /home/airflow/.local/lib/python3.8/site-packages/airflow/example_dags/tutorial_taskflow_api.py for tasks to queue
[2025-03-07T14:40:23.111+0000] {logging_mixin.py:154} INFO - [2025-03-07T14:40:23.111+0000] {dagbag.py:536} INFO - Filling up the DagBag from /home/airflow/.local/lib/python3.8/site-packages/airflow/example_dags/tutorial_taskflow_api.py
[2025-03-07T14:40:23.115+0000] {processor.py:839} INFO - DAG(s) dict_keys(['tutorial_taskflow_api']) retrieved from /home/airflow/.local/lib/python3.8/site-packages/airflow/example_dags/tutorial_taskflow_api.py
[2025-03-07T14:40:23.128+0000] {logging_mixin.py:154} INFO - [2025-03-07T14:40:23.127+0000] {dag.py:2941} INFO - Sync 1 DAGs
[2025-03-07T14:40:23.135+0000] {logging_mixin.py:154} INFO - [2025-03-07T14:40:23.134+0000] {dag.py:3722} INFO - Setting next_dagrun for tutorial_taskflow_api to None, run_after=None
[2025-03-07T14:40:23.153+0000] {processor.py:179} INFO - Processing /home/airflow/.local/lib/python3.8/site-packages/airflow/example_dags/tutorial_taskflow_api.py took 0.046 seconds
[2025-03-07T14:50:14.563+0000] {processor.py:157} INFO - Started process (PID=45185) to work on /home/airflow/.local/lib/python3.8/site-packages/airflow/example_dags/tutorial_taskflow_api.py
[2025-03-07T14:50:14.564+0000] {processor.py:829} INFO - Processing file /home/airflow/.local/lib/python3.8/site-packages/airflow/example_dags/tutorial_taskflow_api.py for tasks to queue
[2025-03-07T14:50:14.565+0000] {logging_mixin.py:154} INFO - [2025-03-07T14:50:14.565+0000] {dagbag.py:536} INFO - Filling up the DagBag from /home/airflow/.local/lib/python3.8/site-packages/airflow/example_dags/tutorial_taskflow_api.py
[2025-03-07T14:50:14.569+0000] {processor.py:839} INFO - DAG(s) dict_keys(['tutorial_taskflow_api']) retrieved from /home/airflow/.local/lib/python3.8/site-packages/airflow/example_dags/tutorial_taskflow_api.py
[2025-03-07T14:50:14.581+0000] {logging_mixin.py:154} INFO - [2025-03-07T14:50:14.581+0000] {dag.py:2941} INFO - Sync 1 DAGs
[2025-03-07T14:50:14.587+0000] {logging_mixin.py:154} INFO - [2025-03-07T14:50:14.587+0000] {dag.py:3722} INFO - Setting next_dagrun for tutorial_taskflow_api to None, run_after=None
[2025-03-07T14:50:14.599+0000] {processor.py:179} INFO - Processing /home/airflow/.local/lib/python3.8/site-packages/airflow/example_dags/tutorial_taskflow_api.py took 0.037 seconds
[2025-03-07T15:28:41.452+0000] {processor.py:157} INFO - Started process (PID=45241) to work on /home/airflow/.local/lib/python3.8/site-packages/airflow/example_dags/tutorial_taskflow_api.py
[2025-03-07T15:28:41.453+0000] {processor.py:829} INFO - Processing file /home/airflow/.local/lib/python3.8/site-packages/airflow/example_dags/tutorial_taskflow_api.py for tasks to queue
[2025-03-07T15:28:41.453+0000] {logging_mixin.py:154} INFO - [2025-03-07T15:28:41.453+0000] {dagbag.py:536} INFO - Filling up the DagBag from /home/airflow/.local/lib/python3.8/site-packages/airflow/example_dags/tutorial_taskflow_api.py
[2025-03-07T15:28:41.457+0000] {processor.py:839} INFO - DAG(s) dict_keys(['tutorial_taskflow_api']) retrieved from /home/airflow/.local/lib/python3.8/site-packages/airflow/example_dags/tutorial_taskflow_api.py
[2025-03-07T15:28:41.470+0000] {logging_mixin.py:154} INFO - [2025-03-07T15:28:41.469+0000] {dag.py:2941} INFO - Sync 1 DAGs
[2025-03-07T15:28:41.477+0000] {logging_mixin.py:154} INFO - [2025-03-07T15:28:41.477+0000] {dag.py:3722} INFO - Setting next_dagrun for tutorial_taskflow_api to None, run_after=None
[2025-03-07T15:28:41.493+0000] {processor.py:179} INFO - Processing /home/airflow/.local/lib/python3.8/site-packages/airflow/example_dags/tutorial_taskflow_api.py took 0.042 seconds
[2025-03-07T15:29:12.148+0000] {processor.py:157} INFO - Started process (PID=45297) to work on /home/airflow/.local/lib/python3.8/site-packages/airflow/example_dags/tutorial_taskflow_api.py
[2025-03-07T15:29:12.150+0000] {processor.py:829} INFO - Processing file /home/airflow/.local/lib/python3.8/site-packages/airflow/example_dags/tutorial_taskflow_api.py for tasks to queue
[2025-03-07T15:29:12.150+0000] {logging_mixin.py:154} INFO - [2025-03-07T15:29:12.150+0000] {dagbag.py:536} INFO - Filling up the DagBag from /home/airflow/.local/lib/python3.8/site-packages/airflow/example_dags/tutorial_taskflow_api.py
[2025-03-07T15:29:12.153+0000] {processor.py:839} INFO - DAG(s) dict_keys(['tutorial_taskflow_api']) retrieved from /home/airflow/.local/lib/python3.8/site-packages/airflow/example_dags/tutorial_taskflow_api.py
[2025-03-07T15:29:12.162+0000] {logging_mixin.py:154} INFO - [2025-03-07T15:29:12.162+0000] {dag.py:2941} INFO - Sync 1 DAGs
[2025-03-07T15:29:12.167+0000] {logging_mixin.py:154} INFO - [2025-03-07T15:29:12.167+0000] {dag.py:3722} INFO - Setting next_dagrun for tutorial_taskflow_api to None, run_after=None
[2025-03-07T15:29:12.178+0000] {processor.py:179} INFO - Processing /home/airflow/.local/lib/python3.8/site-packages/airflow/example_dags/tutorial_taskflow_api.py took 0.031 seconds
[2025-03-07T15:29:42.672+0000] {processor.py:157} INFO - Started process (PID=45353) to work on /home/airflow/.local/lib/python3.8/site-packages/airflow/example_dags/tutorial_taskflow_api.py
[2025-03-07T15:29:42.673+0000] {processor.py:829} INFO - Processing file /home/airflow/.local/lib/python3.8/site-packages/airflow/example_dags/tutorial_taskflow_api.py for tasks to queue
[2025-03-07T15:29:42.673+0000] {logging_mixin.py:154} INFO - [2025-03-07T15:29:42.673+0000] {dagbag.py:536} INFO - Filling up the DagBag from /home/airflow/.local/lib/python3.8/site-packages/airflow/example_dags/tutorial_taskflow_api.py
[2025-03-07T15:29:42.676+0000] {processor.py:839} INFO - DAG(s) dict_keys(['tutorial_taskflow_api']) retrieved from /home/airflow/.local/lib/python3.8/site-packages/airflow/example_dags/tutorial_taskflow_api.py
[2025-03-07T15:29:42.684+0000] {logging_mixin.py:154} INFO - [2025-03-07T15:29:42.684+0000] {dag.py:2941} INFO - Sync 1 DAGs
[2025-03-07T15:29:42.689+0000] {logging_mixin.py:154} INFO - [2025-03-07T15:29:42.689+0000] {dag.py:3722} INFO - Setting next_dagrun for tutorial_taskflow_api to None, run_after=None
[2025-03-07T15:29:42.694+0000] {processor.py:179} INFO - Processing /home/airflow/.local/lib/python3.8/site-packages/airflow/example_dags/tutorial_taskflow_api.py took 0.024 seconds
[2025-03-07T15:30:13.137+0000] {processor.py:157} INFO - Started process (PID=45409) to work on /home/airflow/.local/lib/python3.8/site-packages/airflow/example_dags/tutorial_taskflow_api.py
[2025-03-07T15:30:13.137+0000] {processor.py:829} INFO - Processing file /home/airflow/.local/lib/python3.8/site-packages/airflow/example_dags/tutorial_taskflow_api.py for tasks to queue
[2025-03-07T15:30:13.139+0000] {logging_mixin.py:154} INFO - [2025-03-07T15:30:13.138+0000] {dagbag.py:536} INFO - Filling up the DagBag from /home/airflow/.local/lib/python3.8/site-packages/airflow/example_dags/tutorial_taskflow_api.py
[2025-03-07T15:30:13.143+0000] {processor.py:839} INFO - DAG(s) dict_keys(['tutorial_taskflow_api']) retrieved from /home/airflow/.local/lib/python3.8/site-packages/airflow/example_dags/tutorial_taskflow_api.py
[2025-03-07T15:30:13.151+0000] {logging_mixin.py:154} INFO - [2025-03-07T15:30:13.151+0000] {dag.py:2941} INFO - Sync 1 DAGs
[2025-03-07T15:30:13.157+0000] {logging_mixin.py:154} INFO - [2025-03-07T15:30:13.157+0000] {dag.py:3722} INFO - Setting next_dagrun for tutorial_taskflow_api to None, run_after=None
[2025-03-07T15:30:13.168+0000] {processor.py:179} INFO - Processing /home/airflow/.local/lib/python3.8/site-packages/airflow/example_dags/tutorial_taskflow_api.py took 0.033 seconds
[2025-03-07T15:30:43.615+0000] {processor.py:157} INFO - Started process (PID=45465) to work on /home/airflow/.local/lib/python3.8/site-packages/airflow/example_dags/tutorial_taskflow_api.py
[2025-03-07T15:30:43.615+0000] {processor.py:829} INFO - Processing file /home/airflow/.local/lib/python3.8/site-packages/airflow/example_dags/tutorial_taskflow_api.py for tasks to queue
[2025-03-07T15:30:43.616+0000] {logging_mixin.py:154} INFO - [2025-03-07T15:30:43.616+0000] {dagbag.py:536} INFO - Filling up the DagBag from /home/airflow/.local/lib/python3.8/site-packages/airflow/example_dags/tutorial_taskflow_api.py
[2025-03-07T15:30:43.620+0000] {processor.py:839} INFO - DAG(s) dict_keys(['tutorial_taskflow_api']) retrieved from /home/airflow/.local/lib/python3.8/site-packages/airflow/example_dags/tutorial_taskflow_api.py
[2025-03-07T15:30:43.629+0000] {logging_mixin.py:154} INFO - [2025-03-07T15:30:43.629+0000] {dag.py:2941} INFO - Sync 1 DAGs
[2025-03-07T15:30:43.633+0000] {logging_mixin.py:154} INFO - [2025-03-07T15:30:43.633+0000] {dag.py:3722} INFO - Setting next_dagrun for tutorial_taskflow_api to None, run_after=None
[2025-03-07T15:30:43.640+0000] {processor.py:179} INFO - Processing /home/airflow/.local/lib/python3.8/site-packages/airflow/example_dags/tutorial_taskflow_api.py took 0.027 seconds
[2025-03-07T15:31:14.114+0000] {processor.py:157} INFO - Started process (PID=45521) to work on /home/airflow/.local/lib/python3.8/site-packages/airflow/example_dags/tutorial_taskflow_api.py
[2025-03-07T15:31:14.114+0000] {processor.py:829} INFO - Processing file /home/airflow/.local/lib/python3.8/site-packages/airflow/example_dags/tutorial_taskflow_api.py for tasks to queue
[2025-03-07T15:31:14.114+0000] {logging_mixin.py:154} INFO - [2025-03-07T15:31:14.114+0000] {dagbag.py:536} INFO - Filling up the DagBag from /home/airflow/.local/lib/python3.8/site-packages/airflow/example_dags/tutorial_taskflow_api.py
[2025-03-07T15:31:14.118+0000] {processor.py:839} INFO - DAG(s) dict_keys(['tutorial_taskflow_api']) retrieved from /home/airflow/.local/lib/python3.8/site-packages/airflow/example_dags/tutorial_taskflow_api.py
[2025-03-07T15:31:14.127+0000] {logging_mixin.py:154} INFO - [2025-03-07T15:31:14.127+0000] {dag.py:2941} INFO - Sync 1 DAGs
[2025-03-07T15:31:14.132+0000] {logging_mixin.py:154} INFO - [2025-03-07T15:31:14.132+0000] {dag.py:3722} INFO - Setting next_dagrun for tutorial_taskflow_api to None, run_after=None
[2025-03-07T15:31:14.140+0000] {processor.py:179} INFO - Processing /home/airflow/.local/lib/python3.8/site-packages/airflow/example_dags/tutorial_taskflow_api.py took 0.028 seconds
[2025-03-07T15:31:44.634+0000] {processor.py:157} INFO - Started process (PID=45577) to work on /home/airflow/.local/lib/python3.8/site-packages/airflow/example_dags/tutorial_taskflow_api.py
[2025-03-07T15:31:44.635+0000] {processor.py:829} INFO - Processing file /home/airflow/.local/lib/python3.8/site-packages/airflow/example_dags/tutorial_taskflow_api.py for tasks to queue
[2025-03-07T15:31:44.635+0000] {logging_mixin.py:154} INFO - [2025-03-07T15:31:44.635+0000] {dagbag.py:536} INFO - Filling up the DagBag from /home/airflow/.local/lib/python3.8/site-packages/airflow/example_dags/tutorial_taskflow_api.py
[2025-03-07T15:31:44.638+0000] {processor.py:839} INFO - DAG(s) dict_keys(['tutorial_taskflow_api']) retrieved from /home/airflow/.local/lib/python3.8/site-packages/airflow/example_dags/tutorial_taskflow_api.py
[2025-03-07T15:31:44.649+0000] {logging_mixin.py:154} INFO - [2025-03-07T15:31:44.648+0000] {dag.py:2941} INFO - Sync 1 DAGs
[2025-03-07T15:31:44.653+0000] {logging_mixin.py:154} INFO - [2025-03-07T15:31:44.653+0000] {dag.py:3722} INFO - Setting next_dagrun for tutorial_taskflow_api to None, run_after=None
[2025-03-07T15:31:44.663+0000] {processor.py:179} INFO - Processing /home/airflow/.local/lib/python3.8/site-packages/airflow/example_dags/tutorial_taskflow_api.py took 0.031 seconds
[2025-03-07T15:32:15.268+0000] {processor.py:157} INFO - Started process (PID=45633) to work on /home/airflow/.local/lib/python3.8/site-packages/airflow/example_dags/tutorial_taskflow_api.py
[2025-03-07T15:32:15.269+0000] {processor.py:829} INFO - Processing file /home/airflow/.local/lib/python3.8/site-packages/airflow/example_dags/tutorial_taskflow_api.py for tasks to queue
[2025-03-07T15:32:15.269+0000] {logging_mixin.py:154} INFO - [2025-03-07T15:32:15.269+0000] {dagbag.py:536} INFO - Filling up the DagBag from /home/airflow/.local/lib/python3.8/site-packages/airflow/example_dags/tutorial_taskflow_api.py
[2025-03-07T15:32:15.272+0000] {processor.py:839} INFO - DAG(s) dict_keys(['tutorial_taskflow_api']) retrieved from /home/airflow/.local/lib/python3.8/site-packages/airflow/example_dags/tutorial_taskflow_api.py
[2025-03-07T15:32:15.282+0000] {logging_mixin.py:154} INFO - [2025-03-07T15:32:15.282+0000] {dag.py:2941} INFO - Sync 1 DAGs
[2025-03-07T15:32:15.287+0000] {logging_mixin.py:154} INFO - [2025-03-07T15:32:15.287+0000] {dag.py:3722} INFO - Setting next_dagrun for tutorial_taskflow_api to None, run_after=None
[2025-03-07T15:32:15.295+0000] {processor.py:179} INFO - Processing /home/airflow/.local/lib/python3.8/site-packages/airflow/example_dags/tutorial_taskflow_api.py took 0.029 seconds
[2025-03-07T15:32:45.731+0000] {processor.py:157} INFO - Started process (PID=45689) to work on /home/airflow/.local/lib/python3.8/site-packages/airflow/example_dags/tutorial_taskflow_api.py
[2025-03-07T15:32:45.732+0000] {processor.py:829} INFO - Processing file /home/airflow/.local/lib/python3.8/site-packages/airflow/example_dags/tutorial_taskflow_api.py for tasks to queue
[2025-03-07T15:32:45.732+0000] {logging_mixin.py:154} INFO - [2025-03-07T15:32:45.732+0000] {dagbag.py:536} INFO - Filling up the DagBag from /home/airflow/.local/lib/python3.8/site-packages/airflow/example_dags/tutorial_taskflow_api.py
[2025-03-07T15:32:45.736+0000] {processor.py:839} INFO - DAG(s) dict_keys(['tutorial_taskflow_api']) retrieved from /home/airflow/.local/lib/python3.8/site-packages/airflow/example_dags/tutorial_taskflow_api.py
[2025-03-07T15:32:45.745+0000] {logging_mixin.py:154} INFO - [2025-03-07T15:32:45.745+0000] {dag.py:2941} INFO - Sync 1 DAGs
[2025-03-07T15:32:45.751+0000] {logging_mixin.py:154} INFO - [2025-03-07T15:32:45.751+0000] {dag.py:3722} INFO - Setting next_dagrun for tutorial_taskflow_api to None, run_after=None
[2025-03-07T15:32:45.759+0000] {processor.py:179} INFO - Processing /home/airflow/.local/lib/python3.8/site-packages/airflow/example_dags/tutorial_taskflow_api.py took 0.029 seconds
[2025-03-07T15:33:16.256+0000] {processor.py:157} INFO - Started process (PID=45745) to work on /home/airflow/.local/lib/python3.8/site-packages/airflow/example_dags/tutorial_taskflow_api.py
[2025-03-07T15:33:16.256+0000] {processor.py:829} INFO - Processing file /home/airflow/.local/lib/python3.8/site-packages/airflow/example_dags/tutorial_taskflow_api.py for tasks to queue
[2025-03-07T15:33:16.256+0000] {logging_mixin.py:154} INFO - [2025-03-07T15:33:16.256+0000] {dagbag.py:536} INFO - Filling up the DagBag from /home/airflow/.local/lib/python3.8/site-packages/airflow/example_dags/tutorial_taskflow_api.py
[2025-03-07T15:33:16.260+0000] {processor.py:839} INFO - DAG(s) dict_keys(['tutorial_taskflow_api']) retrieved from /home/airflow/.local/lib/python3.8/site-packages/airflow/example_dags/tutorial_taskflow_api.py
[2025-03-07T15:33:16.269+0000] {logging_mixin.py:154} INFO - [2025-03-07T15:33:16.269+0000] {dag.py:2941} INFO - Sync 1 DAGs
[2025-03-07T15:33:16.274+0000] {logging_mixin.py:154} INFO - [2025-03-07T15:33:16.274+0000] {dag.py:3722} INFO - Setting next_dagrun for tutorial_taskflow_api to None, run_after=None
[2025-03-07T15:33:16.282+0000] {processor.py:179} INFO - Processing /home/airflow/.local/lib/python3.8/site-packages/airflow/example_dags/tutorial_taskflow_api.py took 0.028 seconds
[2025-03-07T15:33:46.842+0000] {processor.py:157} INFO - Started process (PID=45801) to work on /home/airflow/.local/lib/python3.8/site-packages/airflow/example_dags/tutorial_taskflow_api.py
[2025-03-07T15:33:46.843+0000] {processor.py:829} INFO - Processing file /home/airflow/.local/lib/python3.8/site-packages/airflow/example_dags/tutorial_taskflow_api.py for tasks to queue
[2025-03-07T15:33:46.843+0000] {logging_mixin.py:154} INFO - [2025-03-07T15:33:46.843+0000] {dagbag.py:536} INFO - Filling up the DagBag from /home/airflow/.local/lib/python3.8/site-packages/airflow/example_dags/tutorial_taskflow_api.py
[2025-03-07T15:33:46.846+0000] {processor.py:839} INFO - DAG(s) dict_keys(['tutorial_taskflow_api']) retrieved from /home/airflow/.local/lib/python3.8/site-packages/airflow/example_dags/tutorial_taskflow_api.py
[2025-03-07T15:33:46.856+0000] {logging_mixin.py:154} INFO - [2025-03-07T15:33:46.856+0000] {dag.py:2941} INFO - Sync 1 DAGs
[2025-03-07T15:33:46.861+0000] {logging_mixin.py:154} INFO - [2025-03-07T15:33:46.861+0000] {dag.py:3722} INFO - Setting next_dagrun for tutorial_taskflow_api to None, run_after=None
[2025-03-07T15:33:46.870+0000] {processor.py:179} INFO - Processing /home/airflow/.local/lib/python3.8/site-packages/airflow/example_dags/tutorial_taskflow_api.py took 0.029 seconds
[2025-03-07T15:34:17.316+0000] {processor.py:157} INFO - Started process (PID=45857) to work on /home/airflow/.local/lib/python3.8/site-packages/airflow/example_dags/tutorial_taskflow_api.py
[2025-03-07T15:34:17.317+0000] {processor.py:829} INFO - Processing file /home/airflow/.local/lib/python3.8/site-packages/airflow/example_dags/tutorial_taskflow_api.py for tasks to queue
[2025-03-07T15:34:17.317+0000] {logging_mixin.py:154} INFO - [2025-03-07T15:34:17.317+0000] {dagbag.py:536} INFO - Filling up the DagBag from /home/airflow/.local/lib/python3.8/site-packages/airflow/example_dags/tutorial_taskflow_api.py
[2025-03-07T15:34:17.320+0000] {processor.py:839} INFO - DAG(s) dict_keys(['tutorial_taskflow_api']) retrieved from /home/airflow/.local/lib/python3.8/site-packages/airflow/example_dags/tutorial_taskflow_api.py
[2025-03-07T15:34:17.332+0000] {logging_mixin.py:154} INFO - [2025-03-07T15:34:17.332+0000] {dag.py:2941} INFO - Sync 1 DAGs
[2025-03-07T15:34:17.338+0000] {logging_mixin.py:154} INFO - [2025-03-07T15:34:17.338+0000] {dag.py:3722} INFO - Setting next_dagrun for tutorial_taskflow_api to None, run_after=None
[2025-03-07T15:34:17.348+0000] {processor.py:179} INFO - Processing /home/airflow/.local/lib/python3.8/site-packages/airflow/example_dags/tutorial_taskflow_api.py took 0.033 seconds
[2025-03-07T15:34:47.879+0000] {processor.py:157} INFO - Started process (PID=45913) to work on /home/airflow/.local/lib/python3.8/site-packages/airflow/example_dags/tutorial_taskflow_api.py
[2025-03-07T15:34:47.880+0000] {processor.py:829} INFO - Processing file /home/airflow/.local/lib/python3.8/site-packages/airflow/example_dags/tutorial_taskflow_api.py for tasks to queue
[2025-03-07T15:34:47.880+0000] {logging_mixin.py:154} INFO - [2025-03-07T15:34:47.880+0000] {dagbag.py:536} INFO - Filling up the DagBag from /home/airflow/.local/lib/python3.8/site-packages/airflow/example_dags/tutorial_taskflow_api.py
[2025-03-07T15:34:47.885+0000] {processor.py:839} INFO - DAG(s) dict_keys(['tutorial_taskflow_api']) retrieved from /home/airflow/.local/lib/python3.8/site-packages/airflow/example_dags/tutorial_taskflow_api.py
[2025-03-07T15:34:47.898+0000] {logging_mixin.py:154} INFO - [2025-03-07T15:34:47.898+0000] {dag.py:2941} INFO - Sync 1 DAGs
[2025-03-07T15:34:47.905+0000] {logging_mixin.py:154} INFO - [2025-03-07T15:34:47.905+0000] {dag.py:3722} INFO - Setting next_dagrun for tutorial_taskflow_api to None, run_after=None
[2025-03-07T15:34:47.919+0000] {processor.py:179} INFO - Processing /home/airflow/.local/lib/python3.8/site-packages/airflow/example_dags/tutorial_taskflow_api.py took 0.042 seconds
[2025-03-07T15:35:18.469+0000] {processor.py:157} INFO - Started process (PID=45969) to work on /home/airflow/.local/lib/python3.8/site-packages/airflow/example_dags/tutorial_taskflow_api.py
[2025-03-07T15:35:18.469+0000] {processor.py:829} INFO - Processing file /home/airflow/.local/lib/python3.8/site-packages/airflow/example_dags/tutorial_taskflow_api.py for tasks to queue
[2025-03-07T15:35:18.469+0000] {logging_mixin.py:154} INFO - [2025-03-07T15:35:18.469+0000] {dagbag.py:536} INFO - Filling up the DagBag from /home/airflow/.local/lib/python3.8/site-packages/airflow/example_dags/tutorial_taskflow_api.py
[2025-03-07T15:35:18.472+0000] {processor.py:839} INFO - DAG(s) dict_keys(['tutorial_taskflow_api']) retrieved from /home/airflow/.local/lib/python3.8/site-packages/airflow/example_dags/tutorial_taskflow_api.py
[2025-03-07T15:35:18.484+0000] {logging_mixin.py:154} INFO - [2025-03-07T15:35:18.484+0000] {dag.py:2941} INFO - Sync 1 DAGs
[2025-03-07T15:35:18.492+0000] {logging_mixin.py:154} INFO - [2025-03-07T15:35:18.492+0000] {dag.py:3722} INFO - Setting next_dagrun for tutorial_taskflow_api to None, run_after=None
[2025-03-07T15:35:18.502+0000] {processor.py:179} INFO - Processing /home/airflow/.local/lib/python3.8/site-packages/airflow/example_dags/tutorial_taskflow_api.py took 0.035 seconds
[2025-03-07T15:35:49.063+0000] {processor.py:157} INFO - Started process (PID=46025) to work on /home/airflow/.local/lib/python3.8/site-packages/airflow/example_dags/tutorial_taskflow_api.py
[2025-03-07T15:35:49.064+0000] {processor.py:829} INFO - Processing file /home/airflow/.local/lib/python3.8/site-packages/airflow/example_dags/tutorial_taskflow_api.py for tasks to queue
[2025-03-07T15:35:49.064+0000] {logging_mixin.py:154} INFO - [2025-03-07T15:35:49.064+0000] {dagbag.py:536} INFO - Filling up the DagBag from /home/airflow/.local/lib/python3.8/site-packages/airflow/example_dags/tutorial_taskflow_api.py
[2025-03-07T15:35:49.068+0000] {processor.py:839} INFO - DAG(s) dict_keys(['tutorial_taskflow_api']) retrieved from /home/airflow/.local/lib/python3.8/site-packages/airflow/example_dags/tutorial_taskflow_api.py
[2025-03-07T15:35:49.078+0000] {logging_mixin.py:154} INFO - [2025-03-07T15:35:49.078+0000] {dag.py:2941} INFO - Sync 1 DAGs
[2025-03-07T15:35:49.083+0000] {logging_mixin.py:154} INFO - [2025-03-07T15:35:49.083+0000] {dag.py:3722} INFO - Setting next_dagrun for tutorial_taskflow_api to None, run_after=None
[2025-03-07T15:35:49.099+0000] {processor.py:179} INFO - Processing /home/airflow/.local/lib/python3.8/site-packages/airflow/example_dags/tutorial_taskflow_api.py took 0.038 seconds
[2025-03-07T15:36:19.597+0000] {processor.py:157} INFO - Started process (PID=46081) to work on /home/airflow/.local/lib/python3.8/site-packages/airflow/example_dags/tutorial_taskflow_api.py
[2025-03-07T15:36:19.598+0000] {processor.py:829} INFO - Processing file /home/airflow/.local/lib/python3.8/site-packages/airflow/example_dags/tutorial_taskflow_api.py for tasks to queue
[2025-03-07T15:36:19.598+0000] {logging_mixin.py:154} INFO - [2025-03-07T15:36:19.598+0000] {dagbag.py:536} INFO - Filling up the DagBag from /home/airflow/.local/lib/python3.8/site-packages/airflow/example_dags/tutorial_taskflow_api.py
[2025-03-07T15:36:19.601+0000] {processor.py:839} INFO - DAG(s) dict_keys(['tutorial_taskflow_api']) retrieved from /home/airflow/.local/lib/python3.8/site-packages/airflow/example_dags/tutorial_taskflow_api.py
[2025-03-07T15:36:19.620+0000] {logging_mixin.py:154} INFO - [2025-03-07T15:36:19.618+0000] {dag.py:2941} INFO - Sync 1 DAGs
[2025-03-07T15:36:19.624+0000] {logging_mixin.py:154} INFO - [2025-03-07T15:36:19.624+0000] {dag.py:3722} INFO - Setting next_dagrun for tutorial_taskflow_api to None, run_after=None
[2025-03-07T15:36:19.633+0000] {processor.py:179} INFO - Processing /home/airflow/.local/lib/python3.8/site-packages/airflow/example_dags/tutorial_taskflow_api.py took 0.037 seconds
[2025-03-07T15:36:50.123+0000] {processor.py:157} INFO - Started process (PID=46137) to work on /home/airflow/.local/lib/python3.8/site-packages/airflow/example_dags/tutorial_taskflow_api.py
[2025-03-07T15:36:50.124+0000] {processor.py:829} INFO - Processing file /home/airflow/.local/lib/python3.8/site-packages/airflow/example_dags/tutorial_taskflow_api.py for tasks to queue
[2025-03-07T15:36:50.124+0000] {logging_mixin.py:154} INFO - [2025-03-07T15:36:50.124+0000] {dagbag.py:536} INFO - Filling up the DagBag from /home/airflow/.local/lib/python3.8/site-packages/airflow/example_dags/tutorial_taskflow_api.py
[2025-03-07T15:36:50.127+0000] {processor.py:839} INFO - DAG(s) dict_keys(['tutorial_taskflow_api']) retrieved from /home/airflow/.local/lib/python3.8/site-packages/airflow/example_dags/tutorial_taskflow_api.py
[2025-03-07T15:36:50.140+0000] {logging_mixin.py:154} INFO - [2025-03-07T15:36:50.140+0000] {dag.py:2941} INFO - Sync 1 DAGs
[2025-03-07T15:36:50.145+0000] {logging_mixin.py:154} INFO - [2025-03-07T15:36:50.145+0000] {dag.py:3722} INFO - Setting next_dagrun for tutorial_taskflow_api to None, run_after=None
[2025-03-07T15:36:50.157+0000] {processor.py:179} INFO - Processing /home/airflow/.local/lib/python3.8/site-packages/airflow/example_dags/tutorial_taskflow_api.py took 0.035 seconds
[2025-03-07T15:37:20.754+0000] {processor.py:157} INFO - Started process (PID=46193) to work on /home/airflow/.local/lib/python3.8/site-packages/airflow/example_dags/tutorial_taskflow_api.py
[2025-03-07T15:37:20.756+0000] {processor.py:829} INFO - Processing file /home/airflow/.local/lib/python3.8/site-packages/airflow/example_dags/tutorial_taskflow_api.py for tasks to queue
[2025-03-07T15:37:20.757+0000] {logging_mixin.py:154} INFO - [2025-03-07T15:37:20.756+0000] {dagbag.py:536} INFO - Filling up the DagBag from /home/airflow/.local/lib/python3.8/site-packages/airflow/example_dags/tutorial_taskflow_api.py
[2025-03-07T15:37:20.760+0000] {processor.py:839} INFO - DAG(s) dict_keys(['tutorial_taskflow_api']) retrieved from /home/airflow/.local/lib/python3.8/site-packages/airflow/example_dags/tutorial_taskflow_api.py
[2025-03-07T15:37:20.774+0000] {logging_mixin.py:154} INFO - [2025-03-07T15:37:20.774+0000] {dag.py:2941} INFO - Sync 1 DAGs
[2025-03-07T15:37:20.779+0000] {logging_mixin.py:154} INFO - [2025-03-07T15:37:20.779+0000] {dag.py:3722} INFO - Setting next_dagrun for tutorial_taskflow_api to None, run_after=None
[2025-03-07T15:37:20.788+0000] {processor.py:179} INFO - Processing /home/airflow/.local/lib/python3.8/site-packages/airflow/example_dags/tutorial_taskflow_api.py took 0.035 seconds
[2025-03-07T15:37:51.308+0000] {processor.py:157} INFO - Started process (PID=46249) to work on /home/airflow/.local/lib/python3.8/site-packages/airflow/example_dags/tutorial_taskflow_api.py
[2025-03-07T15:37:51.310+0000] {processor.py:829} INFO - Processing file /home/airflow/.local/lib/python3.8/site-packages/airflow/example_dags/tutorial_taskflow_api.py for tasks to queue
[2025-03-07T15:37:51.310+0000] {logging_mixin.py:154} INFO - [2025-03-07T15:37:51.310+0000] {dagbag.py:536} INFO - Filling up the DagBag from /home/airflow/.local/lib/python3.8/site-packages/airflow/example_dags/tutorial_taskflow_api.py
[2025-03-07T15:37:51.314+0000] {processor.py:839} INFO - DAG(s) dict_keys(['tutorial_taskflow_api']) retrieved from /home/airflow/.local/lib/python3.8/site-packages/airflow/example_dags/tutorial_taskflow_api.py
[2025-03-07T15:37:51.327+0000] {logging_mixin.py:154} INFO - [2025-03-07T15:37:51.326+0000] {dag.py:2941} INFO - Sync 1 DAGs
[2025-03-07T15:37:51.331+0000] {logging_mixin.py:154} INFO - [2025-03-07T15:37:51.331+0000] {dag.py:3722} INFO - Setting next_dagrun for tutorial_taskflow_api to None, run_after=None
[2025-03-07T15:37:51.341+0000] {processor.py:179} INFO - Processing /home/airflow/.local/lib/python3.8/site-packages/airflow/example_dags/tutorial_taskflow_api.py took 0.034 seconds
[2025-03-07T15:38:21.804+0000] {processor.py:157} INFO - Started process (PID=46305) to work on /home/airflow/.local/lib/python3.8/site-packages/airflow/example_dags/tutorial_taskflow_api.py
[2025-03-07T15:38:21.804+0000] {processor.py:829} INFO - Processing file /home/airflow/.local/lib/python3.8/site-packages/airflow/example_dags/tutorial_taskflow_api.py for tasks to queue
[2025-03-07T15:38:21.805+0000] {logging_mixin.py:154} INFO - [2025-03-07T15:38:21.805+0000] {dagbag.py:536} INFO - Filling up the DagBag from /home/airflow/.local/lib/python3.8/site-packages/airflow/example_dags/tutorial_taskflow_api.py
[2025-03-07T15:38:21.809+0000] {processor.py:839} INFO - DAG(s) dict_keys(['tutorial_taskflow_api']) retrieved from /home/airflow/.local/lib/python3.8/site-packages/airflow/example_dags/tutorial_taskflow_api.py
[2025-03-07T15:38:21.817+0000] {logging_mixin.py:154} INFO - [2025-03-07T15:38:21.817+0000] {dag.py:2941} INFO - Sync 1 DAGs
[2025-03-07T15:38:21.822+0000] {logging_mixin.py:154} INFO - [2025-03-07T15:38:21.822+0000] {dag.py:3722} INFO - Setting next_dagrun for tutorial_taskflow_api to None, run_after=None
[2025-03-07T15:38:21.830+0000] {processor.py:179} INFO - Processing /home/airflow/.local/lib/python3.8/site-packages/airflow/example_dags/tutorial_taskflow_api.py took 0.027 seconds
[2025-03-07T15:38:52.334+0000] {processor.py:157} INFO - Started process (PID=46361) to work on /home/airflow/.local/lib/python3.8/site-packages/airflow/example_dags/tutorial_taskflow_api.py
[2025-03-07T15:38:52.334+0000] {processor.py:829} INFO - Processing file /home/airflow/.local/lib/python3.8/site-packages/airflow/example_dags/tutorial_taskflow_api.py for tasks to queue
[2025-03-07T15:38:52.335+0000] {logging_mixin.py:154} INFO - [2025-03-07T15:38:52.335+0000] {dagbag.py:536} INFO - Filling up the DagBag from /home/airflow/.local/lib/python3.8/site-packages/airflow/example_dags/tutorial_taskflow_api.py
[2025-03-07T15:38:52.337+0000] {processor.py:839} INFO - DAG(s) dict_keys(['tutorial_taskflow_api']) retrieved from /home/airflow/.local/lib/python3.8/site-packages/airflow/example_dags/tutorial_taskflow_api.py
[2025-03-07T15:38:52.345+0000] {logging_mixin.py:154} INFO - [2025-03-07T15:38:52.345+0000] {dag.py:2941} INFO - Sync 1 DAGs
[2025-03-07T15:38:52.350+0000] {logging_mixin.py:154} INFO - [2025-03-07T15:38:52.350+0000] {dag.py:3722} INFO - Setting next_dagrun for tutorial_taskflow_api to None, run_after=None
[2025-03-07T15:38:52.356+0000] {processor.py:179} INFO - Processing /home/airflow/.local/lib/python3.8/site-packages/airflow/example_dags/tutorial_taskflow_api.py took 0.023 seconds
[2025-03-07T15:39:22.853+0000] {processor.py:157} INFO - Started process (PID=46417) to work on /home/airflow/.local/lib/python3.8/site-packages/airflow/example_dags/tutorial_taskflow_api.py
[2025-03-07T15:39:22.854+0000] {processor.py:829} INFO - Processing file /home/airflow/.local/lib/python3.8/site-packages/airflow/example_dags/tutorial_taskflow_api.py for tasks to queue
[2025-03-07T15:39:22.854+0000] {logging_mixin.py:154} INFO - [2025-03-07T15:39:22.854+0000] {dagbag.py:536} INFO - Filling up the DagBag from /home/airflow/.local/lib/python3.8/site-packages/airflow/example_dags/tutorial_taskflow_api.py
[2025-03-07T15:39:22.858+0000] {processor.py:839} INFO - DAG(s) dict_keys(['tutorial_taskflow_api']) retrieved from /home/airflow/.local/lib/python3.8/site-packages/airflow/example_dags/tutorial_taskflow_api.py
[2025-03-07T15:39:22.866+0000] {logging_mixin.py:154} INFO - [2025-03-07T15:39:22.866+0000] {dag.py:2941} INFO - Sync 1 DAGs
[2025-03-07T15:39:22.873+0000] {logging_mixin.py:154} INFO - [2025-03-07T15:39:22.873+0000] {dag.py:3722} INFO - Setting next_dagrun for tutorial_taskflow_api to None, run_after=None
[2025-03-07T15:39:22.884+0000] {processor.py:179} INFO - Processing /home/airflow/.local/lib/python3.8/site-packages/airflow/example_dags/tutorial_taskflow_api.py took 0.032 seconds
[2025-03-07T15:39:53.349+0000] {processor.py:157} INFO - Started process (PID=46473) to work on /home/airflow/.local/lib/python3.8/site-packages/airflow/example_dags/tutorial_taskflow_api.py
[2025-03-07T15:39:53.350+0000] {processor.py:829} INFO - Processing file /home/airflow/.local/lib/python3.8/site-packages/airflow/example_dags/tutorial_taskflow_api.py for tasks to queue
[2025-03-07T15:39:53.350+0000] {logging_mixin.py:154} INFO - [2025-03-07T15:39:53.350+0000] {dagbag.py:536} INFO - Filling up the DagBag from /home/airflow/.local/lib/python3.8/site-packages/airflow/example_dags/tutorial_taskflow_api.py
[2025-03-07T15:39:53.353+0000] {processor.py:839} INFO - DAG(s) dict_keys(['tutorial_taskflow_api']) retrieved from /home/airflow/.local/lib/python3.8/site-packages/airflow/example_dags/tutorial_taskflow_api.py
[2025-03-07T15:39:53.361+0000] {logging_mixin.py:154} INFO - [2025-03-07T15:39:53.361+0000] {dag.py:2941} INFO - Sync 1 DAGs
[2025-03-07T15:39:53.366+0000] {logging_mixin.py:154} INFO - [2025-03-07T15:39:53.366+0000] {dag.py:3722} INFO - Setting next_dagrun for tutorial_taskflow_api to None, run_after=None
[2025-03-07T15:39:53.372+0000] {processor.py:179} INFO - Processing /home/airflow/.local/lib/python3.8/site-packages/airflow/example_dags/tutorial_taskflow_api.py took 0.023 seconds
[2025-03-07T15:40:23.898+0000] {processor.py:157} INFO - Started process (PID=46529) to work on /home/airflow/.local/lib/python3.8/site-packages/airflow/example_dags/tutorial_taskflow_api.py
[2025-03-07T15:40:23.898+0000] {processor.py:829} INFO - Processing file /home/airflow/.local/lib/python3.8/site-packages/airflow/example_dags/tutorial_taskflow_api.py for tasks to queue
[2025-03-07T15:40:23.898+0000] {logging_mixin.py:154} INFO - [2025-03-07T15:40:23.898+0000] {dagbag.py:536} INFO - Filling up the DagBag from /home/airflow/.local/lib/python3.8/site-packages/airflow/example_dags/tutorial_taskflow_api.py
[2025-03-07T15:40:23.901+0000] {processor.py:839} INFO - DAG(s) dict_keys(['tutorial_taskflow_api']) retrieved from /home/airflow/.local/lib/python3.8/site-packages/airflow/example_dags/tutorial_taskflow_api.py
[2025-03-07T15:40:23.909+0000] {logging_mixin.py:154} INFO - [2025-03-07T15:40:23.909+0000] {dag.py:2941} INFO - Sync 1 DAGs
[2025-03-07T15:40:23.914+0000] {logging_mixin.py:154} INFO - [2025-03-07T15:40:23.914+0000] {dag.py:3722} INFO - Setting next_dagrun for tutorial_taskflow_api to None, run_after=None
[2025-03-07T15:40:23.919+0000] {processor.py:179} INFO - Processing /home/airflow/.local/lib/python3.8/site-packages/airflow/example_dags/tutorial_taskflow_api.py took 0.023 seconds
[2025-03-07T15:40:54.451+0000] {processor.py:157} INFO - Started process (PID=46584) to work on /home/airflow/.local/lib/python3.8/site-packages/airflow/example_dags/tutorial_taskflow_api.py
[2025-03-07T15:40:54.453+0000] {processor.py:829} INFO - Processing file /home/airflow/.local/lib/python3.8/site-packages/airflow/example_dags/tutorial_taskflow_api.py for tasks to queue
[2025-03-07T15:40:54.453+0000] {logging_mixin.py:154} INFO - [2025-03-07T15:40:54.453+0000] {dagbag.py:536} INFO - Filling up the DagBag from /home/airflow/.local/lib/python3.8/site-packages/airflow/example_dags/tutorial_taskflow_api.py
[2025-03-07T15:40:54.456+0000] {processor.py:839} INFO - DAG(s) dict_keys(['tutorial_taskflow_api']) retrieved from /home/airflow/.local/lib/python3.8/site-packages/airflow/example_dags/tutorial_taskflow_api.py
[2025-03-07T15:40:54.467+0000] {logging_mixin.py:154} INFO - [2025-03-07T15:40:54.467+0000] {dag.py:2941} INFO - Sync 1 DAGs
[2025-03-07T15:40:54.472+0000] {logging_mixin.py:154} INFO - [2025-03-07T15:40:54.472+0000] {dag.py:3722} INFO - Setting next_dagrun for tutorial_taskflow_api to None, run_after=None
[2025-03-07T15:40:54.481+0000] {processor.py:179} INFO - Processing /home/airflow/.local/lib/python3.8/site-packages/airflow/example_dags/tutorial_taskflow_api.py took 0.031 seconds
[2025-03-07T15:41:24.978+0000] {processor.py:157} INFO - Started process (PID=46640) to work on /home/airflow/.local/lib/python3.8/site-packages/airflow/example_dags/tutorial_taskflow_api.py
[2025-03-07T15:41:24.979+0000] {processor.py:829} INFO - Processing file /home/airflow/.local/lib/python3.8/site-packages/airflow/example_dags/tutorial_taskflow_api.py for tasks to queue
[2025-03-07T15:41:24.979+0000] {logging_mixin.py:154} INFO - [2025-03-07T15:41:24.979+0000] {dagbag.py:536} INFO - Filling up the DagBag from /home/airflow/.local/lib/python3.8/site-packages/airflow/example_dags/tutorial_taskflow_api.py
[2025-03-07T15:41:24.982+0000] {processor.py:839} INFO - DAG(s) dict_keys(['tutorial_taskflow_api']) retrieved from /home/airflow/.local/lib/python3.8/site-packages/airflow/example_dags/tutorial_taskflow_api.py
[2025-03-07T15:41:24.992+0000] {logging_mixin.py:154} INFO - [2025-03-07T15:41:24.992+0000] {dag.py:2941} INFO - Sync 1 DAGs
[2025-03-07T15:41:24.998+0000] {logging_mixin.py:154} INFO - [2025-03-07T15:41:24.998+0000] {dag.py:3722} INFO - Setting next_dagrun for tutorial_taskflow_api to None, run_after=None
[2025-03-07T15:41:25.011+0000] {processor.py:179} INFO - Processing /home/airflow/.local/lib/python3.8/site-packages/airflow/example_dags/tutorial_taskflow_api.py took 0.034 seconds
[2025-03-07T15:41:55.422+0000] {processor.py:157} INFO - Started process (PID=46696) to work on /home/airflow/.local/lib/python3.8/site-packages/airflow/example_dags/tutorial_taskflow_api.py
[2025-03-07T15:41:55.423+0000] {processor.py:829} INFO - Processing file /home/airflow/.local/lib/python3.8/site-packages/airflow/example_dags/tutorial_taskflow_api.py for tasks to queue
[2025-03-07T15:41:55.423+0000] {logging_mixin.py:154} INFO - [2025-03-07T15:41:55.423+0000] {dagbag.py:536} INFO - Filling up the DagBag from /home/airflow/.local/lib/python3.8/site-packages/airflow/example_dags/tutorial_taskflow_api.py
[2025-03-07T15:41:55.426+0000] {processor.py:839} INFO - DAG(s) dict_keys(['tutorial_taskflow_api']) retrieved from /home/airflow/.local/lib/python3.8/site-packages/airflow/example_dags/tutorial_taskflow_api.py
[2025-03-07T15:41:55.434+0000] {logging_mixin.py:154} INFO - [2025-03-07T15:41:55.434+0000] {dag.py:2941} INFO - Sync 1 DAGs
[2025-03-07T15:41:55.438+0000] {logging_mixin.py:154} INFO - [2025-03-07T15:41:55.438+0000] {dag.py:3722} INFO - Setting next_dagrun for tutorial_taskflow_api to None, run_after=None
[2025-03-07T15:41:55.444+0000] {processor.py:179} INFO - Processing /home/airflow/.local/lib/python3.8/site-packages/airflow/example_dags/tutorial_taskflow_api.py took 0.023 seconds
[2025-03-07T15:42:25.958+0000] {processor.py:157} INFO - Started process (PID=46752) to work on /home/airflow/.local/lib/python3.8/site-packages/airflow/example_dags/tutorial_taskflow_api.py
[2025-03-07T15:42:25.959+0000] {processor.py:829} INFO - Processing file /home/airflow/.local/lib/python3.8/site-packages/airflow/example_dags/tutorial_taskflow_api.py for tasks to queue
[2025-03-07T15:42:25.960+0000] {logging_mixin.py:154} INFO - [2025-03-07T15:42:25.960+0000] {dagbag.py:536} INFO - Filling up the DagBag from /home/airflow/.local/lib/python3.8/site-packages/airflow/example_dags/tutorial_taskflow_api.py
[2025-03-07T15:42:25.963+0000] {processor.py:839} INFO - DAG(s) dict_keys(['tutorial_taskflow_api']) retrieved from /home/airflow/.local/lib/python3.8/site-packages/airflow/example_dags/tutorial_taskflow_api.py
[2025-03-07T15:42:25.974+0000] {logging_mixin.py:154} INFO - [2025-03-07T15:42:25.974+0000] {dag.py:2941} INFO - Sync 1 DAGs
[2025-03-07T15:42:25.979+0000] {logging_mixin.py:154} INFO - [2025-03-07T15:42:25.979+0000] {dag.py:3722} INFO - Setting next_dagrun for tutorial_taskflow_api to None, run_after=None
[2025-03-07T15:42:25.986+0000] {processor.py:179} INFO - Processing /home/airflow/.local/lib/python3.8/site-packages/airflow/example_dags/tutorial_taskflow_api.py took 0.029 seconds
[2025-03-07T15:42:56.447+0000] {processor.py:157} INFO - Started process (PID=46808) to work on /home/airflow/.local/lib/python3.8/site-packages/airflow/example_dags/tutorial_taskflow_api.py
[2025-03-07T15:42:56.448+0000] {processor.py:829} INFO - Processing file /home/airflow/.local/lib/python3.8/site-packages/airflow/example_dags/tutorial_taskflow_api.py for tasks to queue
[2025-03-07T15:42:56.449+0000] {logging_mixin.py:154} INFO - [2025-03-07T15:42:56.449+0000] {dagbag.py:536} INFO - Filling up the DagBag from /home/airflow/.local/lib/python3.8/site-packages/airflow/example_dags/tutorial_taskflow_api.py
[2025-03-07T15:42:56.453+0000] {processor.py:839} INFO - DAG(s) dict_keys(['tutorial_taskflow_api']) retrieved from /home/airflow/.local/lib/python3.8/site-packages/airflow/example_dags/tutorial_taskflow_api.py
[2025-03-07T15:42:56.463+0000] {logging_mixin.py:154} INFO - [2025-03-07T15:42:56.463+0000] {dag.py:2941} INFO - Sync 1 DAGs
[2025-03-07T15:42:56.469+0000] {logging_mixin.py:154} INFO - [2025-03-07T15:42:56.468+0000] {dag.py:3722} INFO - Setting next_dagrun for tutorial_taskflow_api to None, run_after=None
[2025-03-07T15:42:56.475+0000] {processor.py:179} INFO - Processing /home/airflow/.local/lib/python3.8/site-packages/airflow/example_dags/tutorial_taskflow_api.py took 0.029 seconds
[2025-03-07T15:43:26.946+0000] {processor.py:157} INFO - Started process (PID=46864) to work on /home/airflow/.local/lib/python3.8/site-packages/airflow/example_dags/tutorial_taskflow_api.py
[2025-03-07T15:43:26.947+0000] {processor.py:829} INFO - Processing file /home/airflow/.local/lib/python3.8/site-packages/airflow/example_dags/tutorial_taskflow_api.py for tasks to queue
[2025-03-07T15:43:26.947+0000] {logging_mixin.py:154} INFO - [2025-03-07T15:43:26.947+0000] {dagbag.py:536} INFO - Filling up the DagBag from /home/airflow/.local/lib/python3.8/site-packages/airflow/example_dags/tutorial_taskflow_api.py
[2025-03-07T15:43:26.950+0000] {processor.py:839} INFO - DAG(s) dict_keys(['tutorial_taskflow_api']) retrieved from /home/airflow/.local/lib/python3.8/site-packages/airflow/example_dags/tutorial_taskflow_api.py
[2025-03-07T15:43:26.960+0000] {logging_mixin.py:154} INFO - [2025-03-07T15:43:26.960+0000] {dag.py:2941} INFO - Sync 1 DAGs
[2025-03-07T15:43:26.967+0000] {logging_mixin.py:154} INFO - [2025-03-07T15:43:26.967+0000] {dag.py:3722} INFO - Setting next_dagrun for tutorial_taskflow_api to None, run_after=None
[2025-03-07T15:43:26.979+0000] {processor.py:179} INFO - Processing /home/airflow/.local/lib/python3.8/site-packages/airflow/example_dags/tutorial_taskflow_api.py took 0.034 seconds
[2025-03-07T15:43:57.492+0000] {processor.py:157} INFO - Started process (PID=46920) to work on /home/airflow/.local/lib/python3.8/site-packages/airflow/example_dags/tutorial_taskflow_api.py
[2025-03-07T15:43:57.493+0000] {processor.py:829} INFO - Processing file /home/airflow/.local/lib/python3.8/site-packages/airflow/example_dags/tutorial_taskflow_api.py for tasks to queue
[2025-03-07T15:43:57.493+0000] {logging_mixin.py:154} INFO - [2025-03-07T15:43:57.493+0000] {dagbag.py:536} INFO - Filling up the DagBag from /home/airflow/.local/lib/python3.8/site-packages/airflow/example_dags/tutorial_taskflow_api.py
[2025-03-07T15:43:57.497+0000] {processor.py:839} INFO - DAG(s) dict_keys(['tutorial_taskflow_api']) retrieved from /home/airflow/.local/lib/python3.8/site-packages/airflow/example_dags/tutorial_taskflow_api.py
[2025-03-07T15:43:57.506+0000] {logging_mixin.py:154} INFO - [2025-03-07T15:43:57.506+0000] {dag.py:2941} INFO - Sync 1 DAGs
[2025-03-07T15:43:57.511+0000] {logging_mixin.py:154} INFO - [2025-03-07T15:43:57.511+0000] {dag.py:3722} INFO - Setting next_dagrun for tutorial_taskflow_api to None, run_after=None
[2025-03-07T15:43:57.519+0000] {processor.py:179} INFO - Processing /home/airflow/.local/lib/python3.8/site-packages/airflow/example_dags/tutorial_taskflow_api.py took 0.029 seconds
[2025-03-07T15:44:28.006+0000] {processor.py:157} INFO - Started process (PID=46976) to work on /home/airflow/.local/lib/python3.8/site-packages/airflow/example_dags/tutorial_taskflow_api.py
[2025-03-07T15:44:28.007+0000] {processor.py:829} INFO - Processing file /home/airflow/.local/lib/python3.8/site-packages/airflow/example_dags/tutorial_taskflow_api.py for tasks to queue
[2025-03-07T15:44:28.008+0000] {logging_mixin.py:154} INFO - [2025-03-07T15:44:28.008+0000] {dagbag.py:536} INFO - Filling up the DagBag from /home/airflow/.local/lib/python3.8/site-packages/airflow/example_dags/tutorial_taskflow_api.py
[2025-03-07T15:44:28.011+0000] {processor.py:839} INFO - DAG(s) dict_keys(['tutorial_taskflow_api']) retrieved from /home/airflow/.local/lib/python3.8/site-packages/airflow/example_dags/tutorial_taskflow_api.py
[2025-03-07T15:44:28.021+0000] {logging_mixin.py:154} INFO - [2025-03-07T15:44:28.021+0000] {dag.py:2941} INFO - Sync 1 DAGs
[2025-03-07T15:44:28.027+0000] {logging_mixin.py:154} INFO - [2025-03-07T15:44:28.027+0000] {dag.py:3722} INFO - Setting next_dagrun for tutorial_taskflow_api to None, run_after=None
[2025-03-07T15:44:28.037+0000] {processor.py:179} INFO - Processing /home/airflow/.local/lib/python3.8/site-packages/airflow/example_dags/tutorial_taskflow_api.py took 0.032 seconds
[2025-03-07T15:44:58.528+0000] {processor.py:157} INFO - Started process (PID=47032) to work on /home/airflow/.local/lib/python3.8/site-packages/airflow/example_dags/tutorial_taskflow_api.py
[2025-03-07T15:44:58.528+0000] {processor.py:829} INFO - Processing file /home/airflow/.local/lib/python3.8/site-packages/airflow/example_dags/tutorial_taskflow_api.py for tasks to queue
[2025-03-07T15:44:58.529+0000] {logging_mixin.py:154} INFO - [2025-03-07T15:44:58.529+0000] {dagbag.py:536} INFO - Filling up the DagBag from /home/airflow/.local/lib/python3.8/site-packages/airflow/example_dags/tutorial_taskflow_api.py
[2025-03-07T15:44:58.532+0000] {processor.py:839} INFO - DAG(s) dict_keys(['tutorial_taskflow_api']) retrieved from /home/airflow/.local/lib/python3.8/site-packages/airflow/example_dags/tutorial_taskflow_api.py
[2025-03-07T15:44:58.541+0000] {logging_mixin.py:154} INFO - [2025-03-07T15:44:58.541+0000] {dag.py:2941} INFO - Sync 1 DAGs
[2025-03-07T15:44:58.546+0000] {logging_mixin.py:154} INFO - [2025-03-07T15:44:58.546+0000] {dag.py:3722} INFO - Setting next_dagrun for tutorial_taskflow_api to None, run_after=None
[2025-03-07T15:44:58.555+0000] {processor.py:179} INFO - Processing /home/airflow/.local/lib/python3.8/site-packages/airflow/example_dags/tutorial_taskflow_api.py took 0.029 seconds
[2025-03-07T15:45:29.038+0000] {processor.py:157} INFO - Started process (PID=47087) to work on /home/airflow/.local/lib/python3.8/site-packages/airflow/example_dags/tutorial_taskflow_api.py
[2025-03-07T15:45:29.038+0000] {processor.py:829} INFO - Processing file /home/airflow/.local/lib/python3.8/site-packages/airflow/example_dags/tutorial_taskflow_api.py for tasks to queue
[2025-03-07T15:45:29.039+0000] {logging_mixin.py:154} INFO - [2025-03-07T15:45:29.039+0000] {dagbag.py:536} INFO - Filling up the DagBag from /home/airflow/.local/lib/python3.8/site-packages/airflow/example_dags/tutorial_taskflow_api.py
[2025-03-07T15:45:29.044+0000] {processor.py:839} INFO - DAG(s) dict_keys(['tutorial_taskflow_api']) retrieved from /home/airflow/.local/lib/python3.8/site-packages/airflow/example_dags/tutorial_taskflow_api.py
[2025-03-07T15:45:29.054+0000] {logging_mixin.py:154} INFO - [2025-03-07T15:45:29.054+0000] {dag.py:2941} INFO - Sync 1 DAGs
[2025-03-07T15:45:29.059+0000] {logging_mixin.py:154} INFO - [2025-03-07T15:45:29.059+0000] {dag.py:3722} INFO - Setting next_dagrun for tutorial_taskflow_api to None, run_after=None
[2025-03-07T15:45:29.069+0000] {processor.py:179} INFO - Processing /home/airflow/.local/lib/python3.8/site-packages/airflow/example_dags/tutorial_taskflow_api.py took 0.033 seconds
[2025-03-07T15:45:59.544+0000] {processor.py:157} INFO - Started process (PID=47143) to work on /home/airflow/.local/lib/python3.8/site-packages/airflow/example_dags/tutorial_taskflow_api.py
[2025-03-07T15:45:59.545+0000] {processor.py:829} INFO - Processing file /home/airflow/.local/lib/python3.8/site-packages/airflow/example_dags/tutorial_taskflow_api.py for tasks to queue
[2025-03-07T15:45:59.545+0000] {logging_mixin.py:154} INFO - [2025-03-07T15:45:59.545+0000] {dagbag.py:536} INFO - Filling up the DagBag from /home/airflow/.local/lib/python3.8/site-packages/airflow/example_dags/tutorial_taskflow_api.py
[2025-03-07T15:45:59.548+0000] {processor.py:839} INFO - DAG(s) dict_keys(['tutorial_taskflow_api']) retrieved from /home/airflow/.local/lib/python3.8/site-packages/airflow/example_dags/tutorial_taskflow_api.py
[2025-03-07T15:45:59.562+0000] {logging_mixin.py:154} INFO - [2025-03-07T15:45:59.561+0000] {dag.py:2941} INFO - Sync 1 DAGs
[2025-03-07T15:45:59.566+0000] {logging_mixin.py:154} INFO - [2025-03-07T15:45:59.566+0000] {dag.py:3722} INFO - Setting next_dagrun for tutorial_taskflow_api to None, run_after=None
[2025-03-07T15:45:59.577+0000] {processor.py:179} INFO - Processing /home/airflow/.local/lib/python3.8/site-packages/airflow/example_dags/tutorial_taskflow_api.py took 0.035 seconds
[2025-03-07T15:46:30.177+0000] {processor.py:157} INFO - Started process (PID=47199) to work on /home/airflow/.local/lib/python3.8/site-packages/airflow/example_dags/tutorial_taskflow_api.py
[2025-03-07T15:46:30.177+0000] {processor.py:829} INFO - Processing file /home/airflow/.local/lib/python3.8/site-packages/airflow/example_dags/tutorial_taskflow_api.py for tasks to queue
[2025-03-07T15:46:30.178+0000] {logging_mixin.py:154} INFO - [2025-03-07T15:46:30.178+0000] {dagbag.py:536} INFO - Filling up the DagBag from /home/airflow/.local/lib/python3.8/site-packages/airflow/example_dags/tutorial_taskflow_api.py
[2025-03-07T15:46:30.181+0000] {processor.py:839} INFO - DAG(s) dict_keys(['tutorial_taskflow_api']) retrieved from /home/airflow/.local/lib/python3.8/site-packages/airflow/example_dags/tutorial_taskflow_api.py
[2025-03-07T15:46:30.196+0000] {logging_mixin.py:154} INFO - [2025-03-07T15:46:30.195+0000] {dag.py:2941} INFO - Sync 1 DAGs
[2025-03-07T15:46:30.200+0000] {logging_mixin.py:154} INFO - [2025-03-07T15:46:30.200+0000] {dag.py:3722} INFO - Setting next_dagrun for tutorial_taskflow_api to None, run_after=None
[2025-03-07T15:46:30.207+0000] {processor.py:179} INFO - Processing /home/airflow/.local/lib/python3.8/site-packages/airflow/example_dags/tutorial_taskflow_api.py took 0.032 seconds
[2025-03-07T16:02:00.729+0000] {processor.py:157} INFO - Started process (PID=47255) to work on /home/airflow/.local/lib/python3.8/site-packages/airflow/example_dags/tutorial_taskflow_api.py
[2025-03-07T16:02:00.730+0000] {processor.py:829} INFO - Processing file /home/airflow/.local/lib/python3.8/site-packages/airflow/example_dags/tutorial_taskflow_api.py for tasks to queue
[2025-03-07T16:02:00.730+0000] {logging_mixin.py:154} INFO - [2025-03-07T16:02:00.730+0000] {dagbag.py:536} INFO - Filling up the DagBag from /home/airflow/.local/lib/python3.8/site-packages/airflow/example_dags/tutorial_taskflow_api.py
[2025-03-07T16:02:00.735+0000] {processor.py:839} INFO - DAG(s) dict_keys(['tutorial_taskflow_api']) retrieved from /home/airflow/.local/lib/python3.8/site-packages/airflow/example_dags/tutorial_taskflow_api.py
[2025-03-07T16:02:00.749+0000] {logging_mixin.py:154} INFO - [2025-03-07T16:02:00.748+0000] {dag.py:2941} INFO - Sync 1 DAGs
[2025-03-07T16:02:00.755+0000] {logging_mixin.py:154} INFO - [2025-03-07T16:02:00.755+0000] {dag.py:3722} INFO - Setting next_dagrun for tutorial_taskflow_api to None, run_after=None
[2025-03-07T16:02:00.770+0000] {processor.py:179} INFO - Processing /home/airflow/.local/lib/python3.8/site-packages/airflow/example_dags/tutorial_taskflow_api.py took 0.043 seconds
[2025-03-07T16:05:59.958+0000] {processor.py:157} INFO - Started process (PID=47311) to work on /home/airflow/.local/lib/python3.8/site-packages/airflow/example_dags/tutorial_taskflow_api.py
[2025-03-07T16:05:59.958+0000] {processor.py:829} INFO - Processing file /home/airflow/.local/lib/python3.8/site-packages/airflow/example_dags/tutorial_taskflow_api.py for tasks to queue
[2025-03-07T16:05:59.960+0000] {logging_mixin.py:154} INFO - [2025-03-07T16:05:59.960+0000] {dagbag.py:536} INFO - Filling up the DagBag from /home/airflow/.local/lib/python3.8/site-packages/airflow/example_dags/tutorial_taskflow_api.py
[2025-03-07T16:05:59.965+0000] {processor.py:839} INFO - DAG(s) dict_keys(['tutorial_taskflow_api']) retrieved from /home/airflow/.local/lib/python3.8/site-packages/airflow/example_dags/tutorial_taskflow_api.py
[2025-03-07T16:05:59.978+0000] {logging_mixin.py:154} INFO - [2025-03-07T16:05:59.978+0000] {dag.py:2941} INFO - Sync 1 DAGs
[2025-03-07T16:05:59.986+0000] {logging_mixin.py:154} INFO - [2025-03-07T16:05:59.986+0000] {dag.py:3722} INFO - Setting next_dagrun for tutorial_taskflow_api to None, run_after=None
[2025-03-07T16:06:00.000+0000] {processor.py:179} INFO - Processing /home/airflow/.local/lib/python3.8/site-packages/airflow/example_dags/tutorial_taskflow_api.py took 0.045 seconds
[2025-03-07T16:06:30.535+0000] {processor.py:157} INFO - Started process (PID=47367) to work on /home/airflow/.local/lib/python3.8/site-packages/airflow/example_dags/tutorial_taskflow_api.py
[2025-03-07T16:06:30.537+0000] {processor.py:829} INFO - Processing file /home/airflow/.local/lib/python3.8/site-packages/airflow/example_dags/tutorial_taskflow_api.py for tasks to queue
[2025-03-07T16:06:30.539+0000] {logging_mixin.py:154} INFO - [2025-03-07T16:06:30.538+0000] {dagbag.py:536} INFO - Filling up the DagBag from /home/airflow/.local/lib/python3.8/site-packages/airflow/example_dags/tutorial_taskflow_api.py
[2025-03-07T16:06:30.542+0000] {processor.py:839} INFO - DAG(s) dict_keys(['tutorial_taskflow_api']) retrieved from /home/airflow/.local/lib/python3.8/site-packages/airflow/example_dags/tutorial_taskflow_api.py
[2025-03-07T16:06:30.550+0000] {logging_mixin.py:154} INFO - [2025-03-07T16:06:30.550+0000] {dag.py:2941} INFO - Sync 1 DAGs
[2025-03-07T16:06:30.555+0000] {logging_mixin.py:154} INFO - [2025-03-07T16:06:30.555+0000] {dag.py:3722} INFO - Setting next_dagrun for tutorial_taskflow_api to None, run_after=None
[2025-03-07T16:06:30.562+0000] {processor.py:179} INFO - Processing /home/airflow/.local/lib/python3.8/site-packages/airflow/example_dags/tutorial_taskflow_api.py took 0.028 seconds
[2025-03-07T16:07:01.101+0000] {processor.py:157} INFO - Started process (PID=47423) to work on /home/airflow/.local/lib/python3.8/site-packages/airflow/example_dags/tutorial_taskflow_api.py
[2025-03-07T16:07:01.101+0000] {processor.py:829} INFO - Processing file /home/airflow/.local/lib/python3.8/site-packages/airflow/example_dags/tutorial_taskflow_api.py for tasks to queue
[2025-03-07T16:07:01.101+0000] {logging_mixin.py:154} INFO - [2025-03-07T16:07:01.101+0000] {dagbag.py:536} INFO - Filling up the DagBag from /home/airflow/.local/lib/python3.8/site-packages/airflow/example_dags/tutorial_taskflow_api.py
[2025-03-07T16:07:01.104+0000] {processor.py:839} INFO - DAG(s) dict_keys(['tutorial_taskflow_api']) retrieved from /home/airflow/.local/lib/python3.8/site-packages/airflow/example_dags/tutorial_taskflow_api.py
[2025-03-07T16:07:01.113+0000] {logging_mixin.py:154} INFO - [2025-03-07T16:07:01.112+0000] {dag.py:2941} INFO - Sync 1 DAGs
[2025-03-07T16:07:01.117+0000] {logging_mixin.py:154} INFO - [2025-03-07T16:07:01.117+0000] {dag.py:3722} INFO - Setting next_dagrun for tutorial_taskflow_api to None, run_after=None
[2025-03-07T16:07:01.123+0000] {processor.py:179} INFO - Processing /home/airflow/.local/lib/python3.8/site-packages/airflow/example_dags/tutorial_taskflow_api.py took 0.023 seconds
[2025-03-07T16:07:31.765+0000] {processor.py:157} INFO - Started process (PID=47479) to work on /home/airflow/.local/lib/python3.8/site-packages/airflow/example_dags/tutorial_taskflow_api.py
[2025-03-07T16:07:31.766+0000] {processor.py:829} INFO - Processing file /home/airflow/.local/lib/python3.8/site-packages/airflow/example_dags/tutorial_taskflow_api.py for tasks to queue
[2025-03-07T16:07:31.767+0000] {logging_mixin.py:154} INFO - [2025-03-07T16:07:31.767+0000] {dagbag.py:536} INFO - Filling up the DagBag from /home/airflow/.local/lib/python3.8/site-packages/airflow/example_dags/tutorial_taskflow_api.py
[2025-03-07T16:07:31.770+0000] {processor.py:839} INFO - DAG(s) dict_keys(['tutorial_taskflow_api']) retrieved from /home/airflow/.local/lib/python3.8/site-packages/airflow/example_dags/tutorial_taskflow_api.py
[2025-03-07T16:07:31.779+0000] {logging_mixin.py:154} INFO - [2025-03-07T16:07:31.779+0000] {dag.py:2941} INFO - Sync 1 DAGs
[2025-03-07T16:07:31.784+0000] {logging_mixin.py:154} INFO - [2025-03-07T16:07:31.784+0000] {dag.py:3722} INFO - Setting next_dagrun for tutorial_taskflow_api to None, run_after=None
[2025-03-07T16:07:31.794+0000] {processor.py:179} INFO - Processing /home/airflow/.local/lib/python3.8/site-packages/airflow/example_dags/tutorial_taskflow_api.py took 0.030 seconds
[2025-03-07T16:08:02.334+0000] {processor.py:157} INFO - Started process (PID=47535) to work on /home/airflow/.local/lib/python3.8/site-packages/airflow/example_dags/tutorial_taskflow_api.py
[2025-03-07T16:08:02.334+0000] {processor.py:829} INFO - Processing file /home/airflow/.local/lib/python3.8/site-packages/airflow/example_dags/tutorial_taskflow_api.py for tasks to queue
[2025-03-07T16:08:02.335+0000] {logging_mixin.py:154} INFO - [2025-03-07T16:08:02.334+0000] {dagbag.py:536} INFO - Filling up the DagBag from /home/airflow/.local/lib/python3.8/site-packages/airflow/example_dags/tutorial_taskflow_api.py
[2025-03-07T16:08:02.337+0000] {processor.py:839} INFO - DAG(s) dict_keys(['tutorial_taskflow_api']) retrieved from /home/airflow/.local/lib/python3.8/site-packages/airflow/example_dags/tutorial_taskflow_api.py
[2025-03-07T16:08:02.346+0000] {logging_mixin.py:154} INFO - [2025-03-07T16:08:02.346+0000] {dag.py:2941} INFO - Sync 1 DAGs
[2025-03-07T16:08:02.350+0000] {logging_mixin.py:154} INFO - [2025-03-07T16:08:02.350+0000] {dag.py:3722} INFO - Setting next_dagrun for tutorial_taskflow_api to None, run_after=None
[2025-03-07T16:08:02.356+0000] {processor.py:179} INFO - Processing /home/airflow/.local/lib/python3.8/site-packages/airflow/example_dags/tutorial_taskflow_api.py took 0.023 seconds
[2025-03-07T16:08:32.959+0000] {processor.py:157} INFO - Started process (PID=47591) to work on /home/airflow/.local/lib/python3.8/site-packages/airflow/example_dags/tutorial_taskflow_api.py
[2025-03-07T16:08:32.959+0000] {processor.py:829} INFO - Processing file /home/airflow/.local/lib/python3.8/site-packages/airflow/example_dags/tutorial_taskflow_api.py for tasks to queue
[2025-03-07T16:08:32.959+0000] {logging_mixin.py:154} INFO - [2025-03-07T16:08:32.959+0000] {dagbag.py:536} INFO - Filling up the DagBag from /home/airflow/.local/lib/python3.8/site-packages/airflow/example_dags/tutorial_taskflow_api.py
[2025-03-07T16:08:32.962+0000] {processor.py:839} INFO - DAG(s) dict_keys(['tutorial_taskflow_api']) retrieved from /home/airflow/.local/lib/python3.8/site-packages/airflow/example_dags/tutorial_taskflow_api.py
[2025-03-07T16:08:32.971+0000] {logging_mixin.py:154} INFO - [2025-03-07T16:08:32.971+0000] {dag.py:2941} INFO - Sync 1 DAGs
[2025-03-07T16:08:32.975+0000] {logging_mixin.py:154} INFO - [2025-03-07T16:08:32.975+0000] {dag.py:3722} INFO - Setting next_dagrun for tutorial_taskflow_api to None, run_after=None
[2025-03-07T16:08:32.981+0000] {processor.py:179} INFO - Processing /home/airflow/.local/lib/python3.8/site-packages/airflow/example_dags/tutorial_taskflow_api.py took 0.024 seconds
[2025-03-07T16:09:03.592+0000] {processor.py:157} INFO - Started process (PID=47647) to work on /home/airflow/.local/lib/python3.8/site-packages/airflow/example_dags/tutorial_taskflow_api.py
[2025-03-07T16:09:03.593+0000] {processor.py:829} INFO - Processing file /home/airflow/.local/lib/python3.8/site-packages/airflow/example_dags/tutorial_taskflow_api.py for tasks to queue
[2025-03-07T16:09:03.593+0000] {logging_mixin.py:154} INFO - [2025-03-07T16:09:03.593+0000] {dagbag.py:536} INFO - Filling up the DagBag from /home/airflow/.local/lib/python3.8/site-packages/airflow/example_dags/tutorial_taskflow_api.py
[2025-03-07T16:09:03.597+0000] {processor.py:839} INFO - DAG(s) dict_keys(['tutorial_taskflow_api']) retrieved from /home/airflow/.local/lib/python3.8/site-packages/airflow/example_dags/tutorial_taskflow_api.py
[2025-03-07T16:09:03.606+0000] {logging_mixin.py:154} INFO - [2025-03-07T16:09:03.606+0000] {dag.py:2941} INFO - Sync 1 DAGs
[2025-03-07T16:09:03.613+0000] {logging_mixin.py:154} INFO - [2025-03-07T16:09:03.612+0000] {dag.py:3722} INFO - Setting next_dagrun for tutorial_taskflow_api to None, run_after=None
[2025-03-07T16:09:03.622+0000] {processor.py:179} INFO - Processing /home/airflow/.local/lib/python3.8/site-packages/airflow/example_dags/tutorial_taskflow_api.py took 0.032 seconds
[2025-03-07T16:09:34.087+0000] {processor.py:157} INFO - Started process (PID=47703) to work on /home/airflow/.local/lib/python3.8/site-packages/airflow/example_dags/tutorial_taskflow_api.py
[2025-03-07T16:09:34.088+0000] {processor.py:829} INFO - Processing file /home/airflow/.local/lib/python3.8/site-packages/airflow/example_dags/tutorial_taskflow_api.py for tasks to queue
[2025-03-07T16:09:34.088+0000] {logging_mixin.py:154} INFO - [2025-03-07T16:09:34.088+0000] {dagbag.py:536} INFO - Filling up the DagBag from /home/airflow/.local/lib/python3.8/site-packages/airflow/example_dags/tutorial_taskflow_api.py
[2025-03-07T16:09:34.091+0000] {processor.py:839} INFO - DAG(s) dict_keys(['tutorial_taskflow_api']) retrieved from /home/airflow/.local/lib/python3.8/site-packages/airflow/example_dags/tutorial_taskflow_api.py
[2025-03-07T16:09:34.102+0000] {logging_mixin.py:154} INFO - [2025-03-07T16:09:34.102+0000] {dag.py:2941} INFO - Sync 1 DAGs
[2025-03-07T16:09:34.107+0000] {logging_mixin.py:154} INFO - [2025-03-07T16:09:34.107+0000] {dag.py:3722} INFO - Setting next_dagrun for tutorial_taskflow_api to None, run_after=None
[2025-03-07T16:09:34.116+0000] {processor.py:179} INFO - Processing /home/airflow/.local/lib/python3.8/site-packages/airflow/example_dags/tutorial_taskflow_api.py took 0.031 seconds
[2025-03-07T16:10:04.592+0000] {processor.py:157} INFO - Started process (PID=47759) to work on /home/airflow/.local/lib/python3.8/site-packages/airflow/example_dags/tutorial_taskflow_api.py
[2025-03-07T16:10:04.593+0000] {processor.py:829} INFO - Processing file /home/airflow/.local/lib/python3.8/site-packages/airflow/example_dags/tutorial_taskflow_api.py for tasks to queue
[2025-03-07T16:10:04.593+0000] {logging_mixin.py:154} INFO - [2025-03-07T16:10:04.593+0000] {dagbag.py:536} INFO - Filling up the DagBag from /home/airflow/.local/lib/python3.8/site-packages/airflow/example_dags/tutorial_taskflow_api.py
[2025-03-07T16:10:04.596+0000] {processor.py:839} INFO - DAG(s) dict_keys(['tutorial_taskflow_api']) retrieved from /home/airflow/.local/lib/python3.8/site-packages/airflow/example_dags/tutorial_taskflow_api.py
[2025-03-07T16:10:04.606+0000] {logging_mixin.py:154} INFO - [2025-03-07T16:10:04.606+0000] {dag.py:2941} INFO - Sync 1 DAGs
[2025-03-07T16:10:04.611+0000] {logging_mixin.py:154} INFO - [2025-03-07T16:10:04.611+0000] {dag.py:3722} INFO - Setting next_dagrun for tutorial_taskflow_api to None, run_after=None
[2025-03-07T16:10:04.619+0000] {processor.py:179} INFO - Processing /home/airflow/.local/lib/python3.8/site-packages/airflow/example_dags/tutorial_taskflow_api.py took 0.028 seconds
[2025-03-07T16:10:35.151+0000] {processor.py:157} INFO - Started process (PID=47815) to work on /home/airflow/.local/lib/python3.8/site-packages/airflow/example_dags/tutorial_taskflow_api.py
[2025-03-07T16:10:35.152+0000] {processor.py:829} INFO - Processing file /home/airflow/.local/lib/python3.8/site-packages/airflow/example_dags/tutorial_taskflow_api.py for tasks to queue
[2025-03-07T16:10:35.152+0000] {logging_mixin.py:154} INFO - [2025-03-07T16:10:35.152+0000] {dagbag.py:536} INFO - Filling up the DagBag from /home/airflow/.local/lib/python3.8/site-packages/airflow/example_dags/tutorial_taskflow_api.py
[2025-03-07T16:10:35.155+0000] {processor.py:839} INFO - DAG(s) dict_keys(['tutorial_taskflow_api']) retrieved from /home/airflow/.local/lib/python3.8/site-packages/airflow/example_dags/tutorial_taskflow_api.py
[2025-03-07T16:10:35.165+0000] {logging_mixin.py:154} INFO - [2025-03-07T16:10:35.165+0000] {dag.py:2941} INFO - Sync 1 DAGs
[2025-03-07T16:10:35.170+0000] {logging_mixin.py:154} INFO - [2025-03-07T16:10:35.170+0000] {dag.py:3722} INFO - Setting next_dagrun for tutorial_taskflow_api to None, run_after=None
[2025-03-07T16:10:35.180+0000] {processor.py:179} INFO - Processing /home/airflow/.local/lib/python3.8/site-packages/airflow/example_dags/tutorial_taskflow_api.py took 0.031 seconds
[2025-03-07T16:11:05.656+0000] {processor.py:157} INFO - Started process (PID=47871) to work on /home/airflow/.local/lib/python3.8/site-packages/airflow/example_dags/tutorial_taskflow_api.py
[2025-03-07T16:11:05.657+0000] {processor.py:829} INFO - Processing file /home/airflow/.local/lib/python3.8/site-packages/airflow/example_dags/tutorial_taskflow_api.py for tasks to queue
[2025-03-07T16:11:05.657+0000] {logging_mixin.py:154} INFO - [2025-03-07T16:11:05.657+0000] {dagbag.py:536} INFO - Filling up the DagBag from /home/airflow/.local/lib/python3.8/site-packages/airflow/example_dags/tutorial_taskflow_api.py
[2025-03-07T16:11:05.660+0000] {processor.py:839} INFO - DAG(s) dict_keys(['tutorial_taskflow_api']) retrieved from /home/airflow/.local/lib/python3.8/site-packages/airflow/example_dags/tutorial_taskflow_api.py
[2025-03-07T16:11:05.671+0000] {logging_mixin.py:154} INFO - [2025-03-07T16:11:05.671+0000] {dag.py:2941} INFO - Sync 1 DAGs
[2025-03-07T16:11:05.676+0000] {logging_mixin.py:154} INFO - [2025-03-07T16:11:05.676+0000] {dag.py:3722} INFO - Setting next_dagrun for tutorial_taskflow_api to None, run_after=None
[2025-03-07T16:11:05.683+0000] {processor.py:179} INFO - Processing /home/airflow/.local/lib/python3.8/site-packages/airflow/example_dags/tutorial_taskflow_api.py took 0.028 seconds
[2025-03-07T16:15:02.109+0000] {processor.py:157} INFO - Started process (PID=47927) to work on /home/airflow/.local/lib/python3.8/site-packages/airflow/example_dags/tutorial_taskflow_api.py
[2025-03-07T16:15:02.110+0000] {processor.py:829} INFO - Processing file /home/airflow/.local/lib/python3.8/site-packages/airflow/example_dags/tutorial_taskflow_api.py for tasks to queue
[2025-03-07T16:15:02.110+0000] {logging_mixin.py:154} INFO - [2025-03-07T16:15:02.110+0000] {dagbag.py:536} INFO - Filling up the DagBag from /home/airflow/.local/lib/python3.8/site-packages/airflow/example_dags/tutorial_taskflow_api.py
[2025-03-07T16:15:02.113+0000] {processor.py:839} INFO - DAG(s) dict_keys(['tutorial_taskflow_api']) retrieved from /home/airflow/.local/lib/python3.8/site-packages/airflow/example_dags/tutorial_taskflow_api.py
[2025-03-07T16:15:02.124+0000] {logging_mixin.py:154} INFO - [2025-03-07T16:15:02.124+0000] {dag.py:2941} INFO - Sync 1 DAGs
[2025-03-07T16:15:02.129+0000] {logging_mixin.py:154} INFO - [2025-03-07T16:15:02.129+0000] {dag.py:3722} INFO - Setting next_dagrun for tutorial_taskflow_api to None, run_after=None
[2025-03-07T16:15:02.140+0000] {processor.py:179} INFO - Processing /home/airflow/.local/lib/python3.8/site-packages/airflow/example_dags/tutorial_taskflow_api.py took 0.032 seconds
[2025-03-07T16:15:32.873+0000] {processor.py:157} INFO - Started process (PID=47983) to work on /home/airflow/.local/lib/python3.8/site-packages/airflow/example_dags/tutorial_taskflow_api.py
[2025-03-07T16:15:32.874+0000] {processor.py:829} INFO - Processing file /home/airflow/.local/lib/python3.8/site-packages/airflow/example_dags/tutorial_taskflow_api.py for tasks to queue
[2025-03-07T16:15:32.874+0000] {logging_mixin.py:154} INFO - [2025-03-07T16:15:32.874+0000] {dagbag.py:536} INFO - Filling up the DagBag from /home/airflow/.local/lib/python3.8/site-packages/airflow/example_dags/tutorial_taskflow_api.py
[2025-03-07T16:15:32.877+0000] {processor.py:839} INFO - DAG(s) dict_keys(['tutorial_taskflow_api']) retrieved from /home/airflow/.local/lib/python3.8/site-packages/airflow/example_dags/tutorial_taskflow_api.py
[2025-03-07T16:15:32.887+0000] {logging_mixin.py:154} INFO - [2025-03-07T16:15:32.887+0000] {dag.py:2941} INFO - Sync 1 DAGs
[2025-03-07T16:15:32.892+0000] {logging_mixin.py:154} INFO - [2025-03-07T16:15:32.892+0000] {dag.py:3722} INFO - Setting next_dagrun for tutorial_taskflow_api to None, run_after=None
[2025-03-07T16:15:32.900+0000] {processor.py:179} INFO - Processing /home/airflow/.local/lib/python3.8/site-packages/airflow/example_dags/tutorial_taskflow_api.py took 0.028 seconds
[2025-03-07T16:16:50.427+0000] {processor.py:157} INFO - Started process (PID=48039) to work on /home/airflow/.local/lib/python3.8/site-packages/airflow/example_dags/tutorial_taskflow_api.py
[2025-03-07T16:16:50.427+0000] {processor.py:829} INFO - Processing file /home/airflow/.local/lib/python3.8/site-packages/airflow/example_dags/tutorial_taskflow_api.py for tasks to queue
[2025-03-07T16:16:50.428+0000] {logging_mixin.py:154} INFO - [2025-03-07T16:16:50.428+0000] {dagbag.py:536} INFO - Filling up the DagBag from /home/airflow/.local/lib/python3.8/site-packages/airflow/example_dags/tutorial_taskflow_api.py
[2025-03-07T16:16:50.432+0000] {processor.py:839} INFO - DAG(s) dict_keys(['tutorial_taskflow_api']) retrieved from /home/airflow/.local/lib/python3.8/site-packages/airflow/example_dags/tutorial_taskflow_api.py
[2025-03-07T16:16:50.446+0000] {logging_mixin.py:154} INFO - [2025-03-07T16:16:50.446+0000] {dag.py:2941} INFO - Sync 1 DAGs
[2025-03-07T16:16:50.452+0000] {logging_mixin.py:154} INFO - [2025-03-07T16:16:50.452+0000] {dag.py:3722} INFO - Setting next_dagrun for tutorial_taskflow_api to None, run_after=None
[2025-03-07T16:16:50.466+0000] {processor.py:179} INFO - Processing /home/airflow/.local/lib/python3.8/site-packages/airflow/example_dags/tutorial_taskflow_api.py took 0.041 seconds
[2025-03-07T16:17:21.106+0000] {processor.py:157} INFO - Started process (PID=48095) to work on /home/airflow/.local/lib/python3.8/site-packages/airflow/example_dags/tutorial_taskflow_api.py
[2025-03-07T16:17:21.108+0000] {processor.py:829} INFO - Processing file /home/airflow/.local/lib/python3.8/site-packages/airflow/example_dags/tutorial_taskflow_api.py for tasks to queue
[2025-03-07T16:17:21.108+0000] {logging_mixin.py:154} INFO - [2025-03-07T16:17:21.108+0000] {dagbag.py:536} INFO - Filling up the DagBag from /home/airflow/.local/lib/python3.8/site-packages/airflow/example_dags/tutorial_taskflow_api.py
[2025-03-07T16:17:21.111+0000] {processor.py:839} INFO - DAG(s) dict_keys(['tutorial_taskflow_api']) retrieved from /home/airflow/.local/lib/python3.8/site-packages/airflow/example_dags/tutorial_taskflow_api.py
[2025-03-07T16:17:21.120+0000] {logging_mixin.py:154} INFO - [2025-03-07T16:17:21.120+0000] {dag.py:2941} INFO - Sync 1 DAGs
[2025-03-07T16:17:21.124+0000] {logging_mixin.py:154} INFO - [2025-03-07T16:17:21.124+0000] {dag.py:3722} INFO - Setting next_dagrun for tutorial_taskflow_api to None, run_after=None
[2025-03-07T16:17:21.134+0000] {processor.py:179} INFO - Processing /home/airflow/.local/lib/python3.8/site-packages/airflow/example_dags/tutorial_taskflow_api.py took 0.029 seconds
[2025-03-07T16:17:51.759+0000] {processor.py:157} INFO - Started process (PID=48151) to work on /home/airflow/.local/lib/python3.8/site-packages/airflow/example_dags/tutorial_taskflow_api.py
[2025-03-07T16:17:51.760+0000] {processor.py:829} INFO - Processing file /home/airflow/.local/lib/python3.8/site-packages/airflow/example_dags/tutorial_taskflow_api.py for tasks to queue
[2025-03-07T16:17:51.761+0000] {logging_mixin.py:154} INFO - [2025-03-07T16:17:51.761+0000] {dagbag.py:536} INFO - Filling up the DagBag from /home/airflow/.local/lib/python3.8/site-packages/airflow/example_dags/tutorial_taskflow_api.py
[2025-03-07T16:17:51.764+0000] {processor.py:839} INFO - DAG(s) dict_keys(['tutorial_taskflow_api']) retrieved from /home/airflow/.local/lib/python3.8/site-packages/airflow/example_dags/tutorial_taskflow_api.py
[2025-03-07T16:17:51.774+0000] {logging_mixin.py:154} INFO - [2025-03-07T16:17:51.774+0000] {dag.py:2941} INFO - Sync 1 DAGs
[2025-03-07T16:17:51.779+0000] {logging_mixin.py:154} INFO - [2025-03-07T16:17:51.779+0000] {dag.py:3722} INFO - Setting next_dagrun for tutorial_taskflow_api to None, run_after=None
[2025-03-07T16:17:51.788+0000] {processor.py:179} INFO - Processing /home/airflow/.local/lib/python3.8/site-packages/airflow/example_dags/tutorial_taskflow_api.py took 0.030 seconds
[2025-03-07T16:18:22.391+0000] {processor.py:157} INFO - Started process (PID=48207) to work on /home/airflow/.local/lib/python3.8/site-packages/airflow/example_dags/tutorial_taskflow_api.py
[2025-03-07T16:18:22.391+0000] {processor.py:829} INFO - Processing file /home/airflow/.local/lib/python3.8/site-packages/airflow/example_dags/tutorial_taskflow_api.py for tasks to queue
[2025-03-07T16:18:22.391+0000] {logging_mixin.py:154} INFO - [2025-03-07T16:18:22.391+0000] {dagbag.py:536} INFO - Filling up the DagBag from /home/airflow/.local/lib/python3.8/site-packages/airflow/example_dags/tutorial_taskflow_api.py
[2025-03-07T16:18:22.394+0000] {processor.py:839} INFO - DAG(s) dict_keys(['tutorial_taskflow_api']) retrieved from /home/airflow/.local/lib/python3.8/site-packages/airflow/example_dags/tutorial_taskflow_api.py
[2025-03-07T16:18:22.408+0000] {logging_mixin.py:154} INFO - [2025-03-07T16:18:22.407+0000] {dag.py:2941} INFO - Sync 1 DAGs
[2025-03-07T16:18:22.414+0000] {logging_mixin.py:154} INFO - [2025-03-07T16:18:22.414+0000] {dag.py:3722} INFO - Setting next_dagrun for tutorial_taskflow_api to None, run_after=None
[2025-03-07T16:18:22.426+0000] {processor.py:179} INFO - Processing /home/airflow/.local/lib/python3.8/site-packages/airflow/example_dags/tutorial_taskflow_api.py took 0.037 seconds
[2025-03-07T16:18:53.592+0000] {processor.py:157} INFO - Started process (PID=48263) to work on /home/airflow/.local/lib/python3.8/site-packages/airflow/example_dags/tutorial_taskflow_api.py
[2025-03-07T16:18:53.593+0000] {processor.py:829} INFO - Processing file /home/airflow/.local/lib/python3.8/site-packages/airflow/example_dags/tutorial_taskflow_api.py for tasks to queue
[2025-03-07T16:18:53.593+0000] {logging_mixin.py:154} INFO - [2025-03-07T16:18:53.593+0000] {dagbag.py:536} INFO - Filling up the DagBag from /home/airflow/.local/lib/python3.8/site-packages/airflow/example_dags/tutorial_taskflow_api.py
[2025-03-07T16:18:53.596+0000] {processor.py:839} INFO - DAG(s) dict_keys(['tutorial_taskflow_api']) retrieved from /home/airflow/.local/lib/python3.8/site-packages/airflow/example_dags/tutorial_taskflow_api.py
[2025-03-07T16:18:53.606+0000] {logging_mixin.py:154} INFO - [2025-03-07T16:18:53.606+0000] {dag.py:2941} INFO - Sync 1 DAGs
[2025-03-07T16:18:53.611+0000] {logging_mixin.py:154} INFO - [2025-03-07T16:18:53.611+0000] {dag.py:3722} INFO - Setting next_dagrun for tutorial_taskflow_api to None, run_after=None
[2025-03-07T16:18:53.617+0000] {processor.py:179} INFO - Processing /home/airflow/.local/lib/python3.8/site-packages/airflow/example_dags/tutorial_taskflow_api.py took 0.027 seconds
[2025-03-07T16:19:24.545+0000] {processor.py:157} INFO - Started process (PID=48319) to work on /home/airflow/.local/lib/python3.8/site-packages/airflow/example_dags/tutorial_taskflow_api.py
[2025-03-07T16:19:24.545+0000] {processor.py:829} INFO - Processing file /home/airflow/.local/lib/python3.8/site-packages/airflow/example_dags/tutorial_taskflow_api.py for tasks to queue
[2025-03-07T16:19:24.545+0000] {logging_mixin.py:154} INFO - [2025-03-07T16:19:24.545+0000] {dagbag.py:536} INFO - Filling up the DagBag from /home/airflow/.local/lib/python3.8/site-packages/airflow/example_dags/tutorial_taskflow_api.py
[2025-03-07T16:19:24.548+0000] {processor.py:839} INFO - DAG(s) dict_keys(['tutorial_taskflow_api']) retrieved from /home/airflow/.local/lib/python3.8/site-packages/airflow/example_dags/tutorial_taskflow_api.py
[2025-03-07T16:19:24.560+0000] {logging_mixin.py:154} INFO - [2025-03-07T16:19:24.560+0000] {dag.py:2941} INFO - Sync 1 DAGs
[2025-03-07T16:19:24.565+0000] {logging_mixin.py:154} INFO - [2025-03-07T16:19:24.565+0000] {dag.py:3722} INFO - Setting next_dagrun for tutorial_taskflow_api to None, run_after=None
[2025-03-07T16:19:24.571+0000] {processor.py:179} INFO - Processing /home/airflow/.local/lib/python3.8/site-packages/airflow/example_dags/tutorial_taskflow_api.py took 0.028 seconds
[2025-03-07T16:19:54.704+0000] {processor.py:157} INFO - Started process (PID=48375) to work on /home/airflow/.local/lib/python3.8/site-packages/airflow/example_dags/tutorial_taskflow_api.py
[2025-03-07T16:19:54.704+0000] {processor.py:829} INFO - Processing file /home/airflow/.local/lib/python3.8/site-packages/airflow/example_dags/tutorial_taskflow_api.py for tasks to queue
[2025-03-07T16:19:54.706+0000] {logging_mixin.py:154} INFO - [2025-03-07T16:19:54.706+0000] {dagbag.py:536} INFO - Filling up the DagBag from /home/airflow/.local/lib/python3.8/site-packages/airflow/example_dags/tutorial_taskflow_api.py
[2025-03-07T16:19:54.710+0000] {processor.py:839} INFO - DAG(s) dict_keys(['tutorial_taskflow_api']) retrieved from /home/airflow/.local/lib/python3.8/site-packages/airflow/example_dags/tutorial_taskflow_api.py
[2025-03-07T16:19:54.723+0000] {logging_mixin.py:154} INFO - [2025-03-07T16:19:54.723+0000] {dag.py:2941} INFO - Sync 1 DAGs
[2025-03-07T16:19:54.730+0000] {logging_mixin.py:154} INFO - [2025-03-07T16:19:54.729+0000] {dag.py:3722} INFO - Setting next_dagrun for tutorial_taskflow_api to None, run_after=None
[2025-03-07T16:19:54.739+0000] {processor.py:179} INFO - Processing /home/airflow/.local/lib/python3.8/site-packages/airflow/example_dags/tutorial_taskflow_api.py took 0.036 seconds
[2025-03-07T16:20:24.808+0000] {processor.py:157} INFO - Started process (PID=48431) to work on /home/airflow/.local/lib/python3.8/site-packages/airflow/example_dags/tutorial_taskflow_api.py
[2025-03-07T16:20:24.810+0000] {processor.py:829} INFO - Processing file /home/airflow/.local/lib/python3.8/site-packages/airflow/example_dags/tutorial_taskflow_api.py for tasks to queue
[2025-03-07T16:20:24.811+0000] {logging_mixin.py:154} INFO - [2025-03-07T16:20:24.811+0000] {dagbag.py:536} INFO - Filling up the DagBag from /home/airflow/.local/lib/python3.8/site-packages/airflow/example_dags/tutorial_taskflow_api.py
[2025-03-07T16:20:24.814+0000] {processor.py:839} INFO - DAG(s) dict_keys(['tutorial_taskflow_api']) retrieved from /home/airflow/.local/lib/python3.8/site-packages/airflow/example_dags/tutorial_taskflow_api.py
[2025-03-07T16:20:24.825+0000] {logging_mixin.py:154} INFO - [2025-03-07T16:20:24.825+0000] {dag.py:2941} INFO - Sync 1 DAGs
[2025-03-07T16:20:24.830+0000] {logging_mixin.py:154} INFO - [2025-03-07T16:20:24.830+0000] {dag.py:3722} INFO - Setting next_dagrun for tutorial_taskflow_api to None, run_after=None
[2025-03-07T16:20:24.842+0000] {processor.py:179} INFO - Processing /home/airflow/.local/lib/python3.8/site-packages/airflow/example_dags/tutorial_taskflow_api.py took 0.035 seconds
[2025-03-07T16:20:55.292+0000] {processor.py:157} INFO - Started process (PID=48487) to work on /home/airflow/.local/lib/python3.8/site-packages/airflow/example_dags/tutorial_taskflow_api.py
[2025-03-07T16:20:55.293+0000] {processor.py:829} INFO - Processing file /home/airflow/.local/lib/python3.8/site-packages/airflow/example_dags/tutorial_taskflow_api.py for tasks to queue
[2025-03-07T16:20:55.293+0000] {logging_mixin.py:154} INFO - [2025-03-07T16:20:55.293+0000] {dagbag.py:536} INFO - Filling up the DagBag from /home/airflow/.local/lib/python3.8/site-packages/airflow/example_dags/tutorial_taskflow_api.py
[2025-03-07T16:20:55.297+0000] {processor.py:839} INFO - DAG(s) dict_keys(['tutorial_taskflow_api']) retrieved from /home/airflow/.local/lib/python3.8/site-packages/airflow/example_dags/tutorial_taskflow_api.py
[2025-03-07T16:20:55.306+0000] {logging_mixin.py:154} INFO - [2025-03-07T16:20:55.306+0000] {dag.py:2941} INFO - Sync 1 DAGs
[2025-03-07T16:20:55.311+0000] {logging_mixin.py:154} INFO - [2025-03-07T16:20:55.311+0000] {dag.py:3722} INFO - Setting next_dagrun for tutorial_taskflow_api to None, run_after=None
[2025-03-07T16:20:55.324+0000] {processor.py:179} INFO - Processing /home/airflow/.local/lib/python3.8/site-packages/airflow/example_dags/tutorial_taskflow_api.py took 0.034 seconds
[2025-03-07T16:21:25.649+0000] {processor.py:157} INFO - Started process (PID=48543) to work on /home/airflow/.local/lib/python3.8/site-packages/airflow/example_dags/tutorial_taskflow_api.py
[2025-03-07T16:21:25.649+0000] {processor.py:829} INFO - Processing file /home/airflow/.local/lib/python3.8/site-packages/airflow/example_dags/tutorial_taskflow_api.py for tasks to queue
[2025-03-07T16:21:25.649+0000] {logging_mixin.py:154} INFO - [2025-03-07T16:21:25.649+0000] {dagbag.py:536} INFO - Filling up the DagBag from /home/airflow/.local/lib/python3.8/site-packages/airflow/example_dags/tutorial_taskflow_api.py
[2025-03-07T16:21:25.652+0000] {processor.py:839} INFO - DAG(s) dict_keys(['tutorial_taskflow_api']) retrieved from /home/airflow/.local/lib/python3.8/site-packages/airflow/example_dags/tutorial_taskflow_api.py
[2025-03-07T16:21:25.661+0000] {logging_mixin.py:154} INFO - [2025-03-07T16:21:25.660+0000] {dag.py:2941} INFO - Sync 1 DAGs
[2025-03-07T16:21:25.666+0000] {logging_mixin.py:154} INFO - [2025-03-07T16:21:25.666+0000] {dag.py:3722} INFO - Setting next_dagrun for tutorial_taskflow_api to None, run_after=None
[2025-03-07T16:21:25.672+0000] {processor.py:179} INFO - Processing /home/airflow/.local/lib/python3.8/site-packages/airflow/example_dags/tutorial_taskflow_api.py took 0.025 seconds
[2025-03-07T16:21:56.052+0000] {processor.py:157} INFO - Started process (PID=48599) to work on /home/airflow/.local/lib/python3.8/site-packages/airflow/example_dags/tutorial_taskflow_api.py
[2025-03-07T16:21:56.052+0000] {processor.py:829} INFO - Processing file /home/airflow/.local/lib/python3.8/site-packages/airflow/example_dags/tutorial_taskflow_api.py for tasks to queue
[2025-03-07T16:21:56.052+0000] {logging_mixin.py:154} INFO - [2025-03-07T16:21:56.052+0000] {dagbag.py:536} INFO - Filling up the DagBag from /home/airflow/.local/lib/python3.8/site-packages/airflow/example_dags/tutorial_taskflow_api.py
[2025-03-07T16:21:56.058+0000] {processor.py:839} INFO - DAG(s) dict_keys(['tutorial_taskflow_api']) retrieved from /home/airflow/.local/lib/python3.8/site-packages/airflow/example_dags/tutorial_taskflow_api.py
[2025-03-07T16:21:56.069+0000] {logging_mixin.py:154} INFO - [2025-03-07T16:21:56.069+0000] {dag.py:2941} INFO - Sync 1 DAGs
[2025-03-07T16:21:56.074+0000] {logging_mixin.py:154} INFO - [2025-03-07T16:21:56.074+0000] {dag.py:3722} INFO - Setting next_dagrun for tutorial_taskflow_api to None, run_after=None
[2025-03-07T16:21:56.083+0000] {processor.py:179} INFO - Processing /home/airflow/.local/lib/python3.8/site-packages/airflow/example_dags/tutorial_taskflow_api.py took 0.034 seconds
[2025-03-07T16:22:26.249+0000] {processor.py:157} INFO - Started process (PID=48655) to work on /home/airflow/.local/lib/python3.8/site-packages/airflow/example_dags/tutorial_taskflow_api.py
[2025-03-07T16:22:26.249+0000] {processor.py:829} INFO - Processing file /home/airflow/.local/lib/python3.8/site-packages/airflow/example_dags/tutorial_taskflow_api.py for tasks to queue
[2025-03-07T16:22:26.251+0000] {logging_mixin.py:154} INFO - [2025-03-07T16:22:26.251+0000] {dagbag.py:536} INFO - Filling up the DagBag from /home/airflow/.local/lib/python3.8/site-packages/airflow/example_dags/tutorial_taskflow_api.py
[2025-03-07T16:22:26.254+0000] {processor.py:839} INFO - DAG(s) dict_keys(['tutorial_taskflow_api']) retrieved from /home/airflow/.local/lib/python3.8/site-packages/airflow/example_dags/tutorial_taskflow_api.py
[2025-03-07T16:22:26.263+0000] {logging_mixin.py:154} INFO - [2025-03-07T16:22:26.263+0000] {dag.py:2941} INFO - Sync 1 DAGs
[2025-03-07T16:22:26.268+0000] {logging_mixin.py:154} INFO - [2025-03-07T16:22:26.268+0000] {dag.py:3722} INFO - Setting next_dagrun for tutorial_taskflow_api to None, run_after=None
[2025-03-07T16:22:26.278+0000] {processor.py:179} INFO - Processing /home/airflow/.local/lib/python3.8/site-packages/airflow/example_dags/tutorial_taskflow_api.py took 0.031 seconds
[2025-03-07T16:22:57.672+0000] {processor.py:157} INFO - Started process (PID=48711) to work on /home/airflow/.local/lib/python3.8/site-packages/airflow/example_dags/tutorial_taskflow_api.py
[2025-03-07T16:22:57.673+0000] {processor.py:829} INFO - Processing file /home/airflow/.local/lib/python3.8/site-packages/airflow/example_dags/tutorial_taskflow_api.py for tasks to queue
[2025-03-07T16:22:57.674+0000] {logging_mixin.py:154} INFO - [2025-03-07T16:22:57.674+0000] {dagbag.py:536} INFO - Filling up the DagBag from /home/airflow/.local/lib/python3.8/site-packages/airflow/example_dags/tutorial_taskflow_api.py
[2025-03-07T16:22:57.677+0000] {processor.py:839} INFO - DAG(s) dict_keys(['tutorial_taskflow_api']) retrieved from /home/airflow/.local/lib/python3.8/site-packages/airflow/example_dags/tutorial_taskflow_api.py
[2025-03-07T16:22:57.686+0000] {logging_mixin.py:154} INFO - [2025-03-07T16:22:57.686+0000] {dag.py:2941} INFO - Sync 1 DAGs
[2025-03-07T16:22:57.774+0000] {logging_mixin.py:154} INFO - [2025-03-07T16:22:57.774+0000] {dag.py:3722} INFO - Setting next_dagrun for tutorial_taskflow_api to None, run_after=None
[2025-03-07T16:22:57.782+0000] {processor.py:179} INFO - Processing /home/airflow/.local/lib/python3.8/site-packages/airflow/example_dags/tutorial_taskflow_api.py took 0.112 seconds
[2025-03-07T16:23:28.747+0000] {processor.py:157} INFO - Started process (PID=48767) to work on /home/airflow/.local/lib/python3.8/site-packages/airflow/example_dags/tutorial_taskflow_api.py
[2025-03-07T16:23:28.748+0000] {processor.py:829} INFO - Processing file /home/airflow/.local/lib/python3.8/site-packages/airflow/example_dags/tutorial_taskflow_api.py for tasks to queue
[2025-03-07T16:23:28.748+0000] {logging_mixin.py:154} INFO - [2025-03-07T16:23:28.748+0000] {dagbag.py:536} INFO - Filling up the DagBag from /home/airflow/.local/lib/python3.8/site-packages/airflow/example_dags/tutorial_taskflow_api.py
[2025-03-07T16:23:28.751+0000] {processor.py:839} INFO - DAG(s) dict_keys(['tutorial_taskflow_api']) retrieved from /home/airflow/.local/lib/python3.8/site-packages/airflow/example_dags/tutorial_taskflow_api.py
[2025-03-07T16:23:28.759+0000] {logging_mixin.py:154} INFO - [2025-03-07T16:23:28.759+0000] {dag.py:2941} INFO - Sync 1 DAGs
[2025-03-07T16:23:28.763+0000] {logging_mixin.py:154} INFO - [2025-03-07T16:23:28.763+0000] {dag.py:3722} INFO - Setting next_dagrun for tutorial_taskflow_api to None, run_after=None
[2025-03-07T16:23:28.769+0000] {processor.py:179} INFO - Processing /home/airflow/.local/lib/python3.8/site-packages/airflow/example_dags/tutorial_taskflow_api.py took 0.023 seconds
[2025-03-07T16:23:59.522+0000] {processor.py:157} INFO - Started process (PID=48823) to work on /home/airflow/.local/lib/python3.8/site-packages/airflow/example_dags/tutorial_taskflow_api.py
[2025-03-07T16:23:59.523+0000] {processor.py:829} INFO - Processing file /home/airflow/.local/lib/python3.8/site-packages/airflow/example_dags/tutorial_taskflow_api.py for tasks to queue
[2025-03-07T16:23:59.523+0000] {logging_mixin.py:154} INFO - [2025-03-07T16:23:59.523+0000] {dagbag.py:536} INFO - Filling up the DagBag from /home/airflow/.local/lib/python3.8/site-packages/airflow/example_dags/tutorial_taskflow_api.py
[2025-03-07T16:23:59.527+0000] {processor.py:839} INFO - DAG(s) dict_keys(['tutorial_taskflow_api']) retrieved from /home/airflow/.local/lib/python3.8/site-packages/airflow/example_dags/tutorial_taskflow_api.py
[2025-03-07T16:23:59.535+0000] {logging_mixin.py:154} INFO - [2025-03-07T16:23:59.535+0000] {dag.py:2941} INFO - Sync 1 DAGs
[2025-03-07T16:23:59.540+0000] {logging_mixin.py:154} INFO - [2025-03-07T16:23:59.540+0000] {dag.py:3722} INFO - Setting next_dagrun for tutorial_taskflow_api to None, run_after=None
[2025-03-07T16:23:59.549+0000] {processor.py:179} INFO - Processing /home/airflow/.local/lib/python3.8/site-packages/airflow/example_dags/tutorial_taskflow_api.py took 0.028 seconds
[2025-03-07T16:24:30.182+0000] {processor.py:157} INFO - Started process (PID=48879) to work on /home/airflow/.local/lib/python3.8/site-packages/airflow/example_dags/tutorial_taskflow_api.py
[2025-03-07T16:24:30.183+0000] {processor.py:829} INFO - Processing file /home/airflow/.local/lib/python3.8/site-packages/airflow/example_dags/tutorial_taskflow_api.py for tasks to queue
[2025-03-07T16:24:30.184+0000] {logging_mixin.py:154} INFO - [2025-03-07T16:24:30.184+0000] {dagbag.py:536} INFO - Filling up the DagBag from /home/airflow/.local/lib/python3.8/site-packages/airflow/example_dags/tutorial_taskflow_api.py
[2025-03-07T16:24:30.187+0000] {processor.py:839} INFO - DAG(s) dict_keys(['tutorial_taskflow_api']) retrieved from /home/airflow/.local/lib/python3.8/site-packages/airflow/example_dags/tutorial_taskflow_api.py
[2025-03-07T16:24:30.197+0000] {logging_mixin.py:154} INFO - [2025-03-07T16:24:30.197+0000] {dag.py:2941} INFO - Sync 1 DAGs
[2025-03-07T16:24:30.203+0000] {logging_mixin.py:154} INFO - [2025-03-07T16:24:30.203+0000] {dag.py:3722} INFO - Setting next_dagrun for tutorial_taskflow_api to None, run_after=None
[2025-03-07T16:24:30.214+0000] {processor.py:179} INFO - Processing /home/airflow/.local/lib/python3.8/site-packages/airflow/example_dags/tutorial_taskflow_api.py took 0.033 seconds
[2025-03-07T16:25:00.740+0000] {processor.py:157} INFO - Started process (PID=48935) to work on /home/airflow/.local/lib/python3.8/site-packages/airflow/example_dags/tutorial_taskflow_api.py
[2025-03-07T16:25:00.741+0000] {processor.py:829} INFO - Processing file /home/airflow/.local/lib/python3.8/site-packages/airflow/example_dags/tutorial_taskflow_api.py for tasks to queue
[2025-03-07T16:25:00.741+0000] {logging_mixin.py:154} INFO - [2025-03-07T16:25:00.741+0000] {dagbag.py:536} INFO - Filling up the DagBag from /home/airflow/.local/lib/python3.8/site-packages/airflow/example_dags/tutorial_taskflow_api.py
[2025-03-07T16:25:00.744+0000] {processor.py:839} INFO - DAG(s) dict_keys(['tutorial_taskflow_api']) retrieved from /home/airflow/.local/lib/python3.8/site-packages/airflow/example_dags/tutorial_taskflow_api.py
[2025-03-07T16:25:00.754+0000] {logging_mixin.py:154} INFO - [2025-03-07T16:25:00.754+0000] {dag.py:2941} INFO - Sync 1 DAGs
[2025-03-07T16:25:00.759+0000] {logging_mixin.py:154} INFO - [2025-03-07T16:25:00.758+0000] {dag.py:3722} INFO - Setting next_dagrun for tutorial_taskflow_api to None, run_after=None
[2025-03-07T16:25:00.769+0000] {processor.py:179} INFO - Processing /home/airflow/.local/lib/python3.8/site-packages/airflow/example_dags/tutorial_taskflow_api.py took 0.030 seconds
[2025-03-07T16:25:31.298+0000] {processor.py:157} INFO - Started process (PID=48991) to work on /home/airflow/.local/lib/python3.8/site-packages/airflow/example_dags/tutorial_taskflow_api.py
[2025-03-07T16:25:31.299+0000] {processor.py:829} INFO - Processing file /home/airflow/.local/lib/python3.8/site-packages/airflow/example_dags/tutorial_taskflow_api.py for tasks to queue
[2025-03-07T16:25:31.299+0000] {logging_mixin.py:154} INFO - [2025-03-07T16:25:31.299+0000] {dagbag.py:536} INFO - Filling up the DagBag from /home/airflow/.local/lib/python3.8/site-packages/airflow/example_dags/tutorial_taskflow_api.py
[2025-03-07T16:25:31.302+0000] {processor.py:839} INFO - DAG(s) dict_keys(['tutorial_taskflow_api']) retrieved from /home/airflow/.local/lib/python3.8/site-packages/airflow/example_dags/tutorial_taskflow_api.py
[2025-03-07T16:25:31.312+0000] {logging_mixin.py:154} INFO - [2025-03-07T16:25:31.312+0000] {dag.py:2941} INFO - Sync 1 DAGs
[2025-03-07T16:25:31.317+0000] {logging_mixin.py:154} INFO - [2025-03-07T16:25:31.317+0000] {dag.py:3722} INFO - Setting next_dagrun for tutorial_taskflow_api to None, run_after=None
[2025-03-07T16:25:31.326+0000] {processor.py:179} INFO - Processing /home/airflow/.local/lib/python3.8/site-packages/airflow/example_dags/tutorial_taskflow_api.py took 0.029 seconds
[2025-03-07T16:26:01.857+0000] {processor.py:157} INFO - Started process (PID=49047) to work on /home/airflow/.local/lib/python3.8/site-packages/airflow/example_dags/tutorial_taskflow_api.py
[2025-03-07T16:26:01.859+0000] {processor.py:829} INFO - Processing file /home/airflow/.local/lib/python3.8/site-packages/airflow/example_dags/tutorial_taskflow_api.py for tasks to queue
[2025-03-07T16:26:01.859+0000] {logging_mixin.py:154} INFO - [2025-03-07T16:26:01.859+0000] {dagbag.py:536} INFO - Filling up the DagBag from /home/airflow/.local/lib/python3.8/site-packages/airflow/example_dags/tutorial_taskflow_api.py
[2025-03-07T16:26:01.862+0000] {processor.py:839} INFO - DAG(s) dict_keys(['tutorial_taskflow_api']) retrieved from /home/airflow/.local/lib/python3.8/site-packages/airflow/example_dags/tutorial_taskflow_api.py
[2025-03-07T16:26:01.872+0000] {logging_mixin.py:154} INFO - [2025-03-07T16:26:01.872+0000] {dag.py:2941} INFO - Sync 1 DAGs
[2025-03-07T16:26:01.876+0000] {logging_mixin.py:154} INFO - [2025-03-07T16:26:01.876+0000] {dag.py:3722} INFO - Setting next_dagrun for tutorial_taskflow_api to None, run_after=None
[2025-03-07T16:26:01.885+0000] {processor.py:179} INFO - Processing /home/airflow/.local/lib/python3.8/site-packages/airflow/example_dags/tutorial_taskflow_api.py took 0.029 seconds
[2025-03-07T16:26:32.512+0000] {processor.py:157} INFO - Started process (PID=49103) to work on /home/airflow/.local/lib/python3.8/site-packages/airflow/example_dags/tutorial_taskflow_api.py
[2025-03-07T16:26:32.513+0000] {processor.py:829} INFO - Processing file /home/airflow/.local/lib/python3.8/site-packages/airflow/example_dags/tutorial_taskflow_api.py for tasks to queue
[2025-03-07T16:26:32.513+0000] {logging_mixin.py:154} INFO - [2025-03-07T16:26:32.513+0000] {dagbag.py:536} INFO - Filling up the DagBag from /home/airflow/.local/lib/python3.8/site-packages/airflow/example_dags/tutorial_taskflow_api.py
[2025-03-07T16:26:32.516+0000] {processor.py:839} INFO - DAG(s) dict_keys(['tutorial_taskflow_api']) retrieved from /home/airflow/.local/lib/python3.8/site-packages/airflow/example_dags/tutorial_taskflow_api.py
[2025-03-07T16:26:32.524+0000] {logging_mixin.py:154} INFO - [2025-03-07T16:26:32.524+0000] {dag.py:2941} INFO - Sync 1 DAGs
[2025-03-07T16:26:32.529+0000] {logging_mixin.py:154} INFO - [2025-03-07T16:26:32.529+0000] {dag.py:3722} INFO - Setting next_dagrun for tutorial_taskflow_api to None, run_after=None
[2025-03-07T16:26:32.534+0000] {processor.py:179} INFO - Processing /home/airflow/.local/lib/python3.8/site-packages/airflow/example_dags/tutorial_taskflow_api.py took 0.024 seconds
[2025-03-07T16:27:03.043+0000] {processor.py:157} INFO - Started process (PID=49159) to work on /home/airflow/.local/lib/python3.8/site-packages/airflow/example_dags/tutorial_taskflow_api.py
[2025-03-07T16:27:03.044+0000] {processor.py:829} INFO - Processing file /home/airflow/.local/lib/python3.8/site-packages/airflow/example_dags/tutorial_taskflow_api.py for tasks to queue
[2025-03-07T16:27:03.044+0000] {logging_mixin.py:154} INFO - [2025-03-07T16:27:03.044+0000] {dagbag.py:536} INFO - Filling up the DagBag from /home/airflow/.local/lib/python3.8/site-packages/airflow/example_dags/tutorial_taskflow_api.py
[2025-03-07T16:27:03.047+0000] {processor.py:839} INFO - DAG(s) dict_keys(['tutorial_taskflow_api']) retrieved from /home/airflow/.local/lib/python3.8/site-packages/airflow/example_dags/tutorial_taskflow_api.py
[2025-03-07T16:27:03.058+0000] {logging_mixin.py:154} INFO - [2025-03-07T16:27:03.058+0000] {dag.py:2941} INFO - Sync 1 DAGs
[2025-03-07T16:27:03.064+0000] {logging_mixin.py:154} INFO - [2025-03-07T16:27:03.063+0000] {dag.py:3722} INFO - Setting next_dagrun for tutorial_taskflow_api to None, run_after=None
[2025-03-07T16:27:03.078+0000] {processor.py:179} INFO - Processing /home/airflow/.local/lib/python3.8/site-packages/airflow/example_dags/tutorial_taskflow_api.py took 0.036 seconds
[2025-03-07T16:27:33.646+0000] {processor.py:157} INFO - Started process (PID=49215) to work on /home/airflow/.local/lib/python3.8/site-packages/airflow/example_dags/tutorial_taskflow_api.py
[2025-03-07T16:27:33.648+0000] {processor.py:829} INFO - Processing file /home/airflow/.local/lib/python3.8/site-packages/airflow/example_dags/tutorial_taskflow_api.py for tasks to queue
[2025-03-07T16:27:33.648+0000] {logging_mixin.py:154} INFO - [2025-03-07T16:27:33.648+0000] {dagbag.py:536} INFO - Filling up the DagBag from /home/airflow/.local/lib/python3.8/site-packages/airflow/example_dags/tutorial_taskflow_api.py
[2025-03-07T16:27:33.651+0000] {processor.py:839} INFO - DAG(s) dict_keys(['tutorial_taskflow_api']) retrieved from /home/airflow/.local/lib/python3.8/site-packages/airflow/example_dags/tutorial_taskflow_api.py
[2025-03-07T16:27:33.664+0000] {logging_mixin.py:154} INFO - [2025-03-07T16:27:33.664+0000] {dag.py:2941} INFO - Sync 1 DAGs
[2025-03-07T16:27:33.668+0000] {logging_mixin.py:154} INFO - [2025-03-07T16:27:33.668+0000] {dag.py:3722} INFO - Setting next_dagrun for tutorial_taskflow_api to None, run_after=None
[2025-03-07T16:27:33.678+0000] {processor.py:179} INFO - Processing /home/airflow/.local/lib/python3.8/site-packages/airflow/example_dags/tutorial_taskflow_api.py took 0.033 seconds
[2025-03-07T16:28:04.209+0000] {processor.py:157} INFO - Started process (PID=49271) to work on /home/airflow/.local/lib/python3.8/site-packages/airflow/example_dags/tutorial_taskflow_api.py
[2025-03-07T16:28:04.210+0000] {processor.py:829} INFO - Processing file /home/airflow/.local/lib/python3.8/site-packages/airflow/example_dags/tutorial_taskflow_api.py for tasks to queue
[2025-03-07T16:28:04.210+0000] {logging_mixin.py:154} INFO - [2025-03-07T16:28:04.210+0000] {dagbag.py:536} INFO - Filling up the DagBag from /home/airflow/.local/lib/python3.8/site-packages/airflow/example_dags/tutorial_taskflow_api.py
[2025-03-07T16:28:04.213+0000] {processor.py:839} INFO - DAG(s) dict_keys(['tutorial_taskflow_api']) retrieved from /home/airflow/.local/lib/python3.8/site-packages/airflow/example_dags/tutorial_taskflow_api.py
[2025-03-07T16:28:04.221+0000] {logging_mixin.py:154} INFO - [2025-03-07T16:28:04.221+0000] {dag.py:2941} INFO - Sync 1 DAGs
[2025-03-07T16:28:04.226+0000] {logging_mixin.py:154} INFO - [2025-03-07T16:28:04.226+0000] {dag.py:3722} INFO - Setting next_dagrun for tutorial_taskflow_api to None, run_after=None
[2025-03-07T16:28:04.231+0000] {processor.py:179} INFO - Processing /home/airflow/.local/lib/python3.8/site-packages/airflow/example_dags/tutorial_taskflow_api.py took 0.023 seconds
[2025-03-07T16:28:34.785+0000] {processor.py:157} INFO - Started process (PID=49327) to work on /home/airflow/.local/lib/python3.8/site-packages/airflow/example_dags/tutorial_taskflow_api.py
[2025-03-07T16:28:34.785+0000] {processor.py:829} INFO - Processing file /home/airflow/.local/lib/python3.8/site-packages/airflow/example_dags/tutorial_taskflow_api.py for tasks to queue
[2025-03-07T16:28:34.785+0000] {logging_mixin.py:154} INFO - [2025-03-07T16:28:34.785+0000] {dagbag.py:536} INFO - Filling up the DagBag from /home/airflow/.local/lib/python3.8/site-packages/airflow/example_dags/tutorial_taskflow_api.py
[2025-03-07T16:28:34.788+0000] {processor.py:839} INFO - DAG(s) dict_keys(['tutorial_taskflow_api']) retrieved from /home/airflow/.local/lib/python3.8/site-packages/airflow/example_dags/tutorial_taskflow_api.py
[2025-03-07T16:28:34.801+0000] {logging_mixin.py:154} INFO - [2025-03-07T16:28:34.800+0000] {dag.py:2941} INFO - Sync 1 DAGs
[2025-03-07T16:28:34.807+0000] {logging_mixin.py:154} INFO - [2025-03-07T16:28:34.807+0000] {dag.py:3722} INFO - Setting next_dagrun for tutorial_taskflow_api to None, run_after=None
[2025-03-07T16:28:34.820+0000] {processor.py:179} INFO - Processing /home/airflow/.local/lib/python3.8/site-packages/airflow/example_dags/tutorial_taskflow_api.py took 0.037 seconds
[2025-03-07T16:29:05.352+0000] {processor.py:157} INFO - Started process (PID=49383) to work on /home/airflow/.local/lib/python3.8/site-packages/airflow/example_dags/tutorial_taskflow_api.py
[2025-03-07T16:29:05.353+0000] {processor.py:829} INFO - Processing file /home/airflow/.local/lib/python3.8/site-packages/airflow/example_dags/tutorial_taskflow_api.py for tasks to queue
[2025-03-07T16:29:05.353+0000] {logging_mixin.py:154} INFO - [2025-03-07T16:29:05.353+0000] {dagbag.py:536} INFO - Filling up the DagBag from /home/airflow/.local/lib/python3.8/site-packages/airflow/example_dags/tutorial_taskflow_api.py
[2025-03-07T16:29:05.356+0000] {processor.py:839} INFO - DAG(s) dict_keys(['tutorial_taskflow_api']) retrieved from /home/airflow/.local/lib/python3.8/site-packages/airflow/example_dags/tutorial_taskflow_api.py
[2025-03-07T16:29:05.367+0000] {logging_mixin.py:154} INFO - [2025-03-07T16:29:05.366+0000] {dag.py:2941} INFO - Sync 1 DAGs
[2025-03-07T16:29:05.372+0000] {logging_mixin.py:154} INFO - [2025-03-07T16:29:05.371+0000] {dag.py:3722} INFO - Setting next_dagrun for tutorial_taskflow_api to None, run_after=None
[2025-03-07T16:29:05.380+0000] {processor.py:179} INFO - Processing /home/airflow/.local/lib/python3.8/site-packages/airflow/example_dags/tutorial_taskflow_api.py took 0.030 seconds
[2025-03-07T16:29:35.910+0000] {processor.py:157} INFO - Started process (PID=49439) to work on /home/airflow/.local/lib/python3.8/site-packages/airflow/example_dags/tutorial_taskflow_api.py
[2025-03-07T16:29:35.911+0000] {processor.py:829} INFO - Processing file /home/airflow/.local/lib/python3.8/site-packages/airflow/example_dags/tutorial_taskflow_api.py for tasks to queue
[2025-03-07T16:29:35.912+0000] {logging_mixin.py:154} INFO - [2025-03-07T16:29:35.912+0000] {dagbag.py:536} INFO - Filling up the DagBag from /home/airflow/.local/lib/python3.8/site-packages/airflow/example_dags/tutorial_taskflow_api.py
[2025-03-07T16:29:35.916+0000] {processor.py:839} INFO - DAG(s) dict_keys(['tutorial_taskflow_api']) retrieved from /home/airflow/.local/lib/python3.8/site-packages/airflow/example_dags/tutorial_taskflow_api.py
[2025-03-07T16:29:35.927+0000] {logging_mixin.py:154} INFO - [2025-03-07T16:29:35.926+0000] {dag.py:2941} INFO - Sync 1 DAGs
[2025-03-07T16:29:35.932+0000] {logging_mixin.py:154} INFO - [2025-03-07T16:29:35.932+0000] {dag.py:3722} INFO - Setting next_dagrun for tutorial_taskflow_api to None, run_after=None
[2025-03-07T16:29:35.940+0000] {processor.py:179} INFO - Processing /home/airflow/.local/lib/python3.8/site-packages/airflow/example_dags/tutorial_taskflow_api.py took 0.031 seconds
[2025-03-07T16:30:06.563+0000] {processor.py:157} INFO - Started process (PID=49495) to work on /home/airflow/.local/lib/python3.8/site-packages/airflow/example_dags/tutorial_taskflow_api.py
[2025-03-07T16:30:06.565+0000] {processor.py:829} INFO - Processing file /home/airflow/.local/lib/python3.8/site-packages/airflow/example_dags/tutorial_taskflow_api.py for tasks to queue
[2025-03-07T16:30:06.566+0000] {logging_mixin.py:154} INFO - [2025-03-07T16:30:06.566+0000] {dagbag.py:536} INFO - Filling up the DagBag from /home/airflow/.local/lib/python3.8/site-packages/airflow/example_dags/tutorial_taskflow_api.py
[2025-03-07T16:30:06.569+0000] {processor.py:839} INFO - DAG(s) dict_keys(['tutorial_taskflow_api']) retrieved from /home/airflow/.local/lib/python3.8/site-packages/airflow/example_dags/tutorial_taskflow_api.py
[2025-03-07T16:30:06.582+0000] {logging_mixin.py:154} INFO - [2025-03-07T16:30:06.582+0000] {dag.py:2941} INFO - Sync 1 DAGs
[2025-03-07T16:30:06.592+0000] {logging_mixin.py:154} INFO - [2025-03-07T16:30:06.592+0000] {dag.py:3722} INFO - Setting next_dagrun for tutorial_taskflow_api to None, run_after=None
[2025-03-07T16:30:06.601+0000] {processor.py:179} INFO - Processing /home/airflow/.local/lib/python3.8/site-packages/airflow/example_dags/tutorial_taskflow_api.py took 0.040 seconds
[2025-03-07T16:30:37.142+0000] {processor.py:157} INFO - Started process (PID=49551) to work on /home/airflow/.local/lib/python3.8/site-packages/airflow/example_dags/tutorial_taskflow_api.py
[2025-03-07T16:30:37.142+0000] {processor.py:829} INFO - Processing file /home/airflow/.local/lib/python3.8/site-packages/airflow/example_dags/tutorial_taskflow_api.py for tasks to queue
[2025-03-07T16:30:37.142+0000] {logging_mixin.py:154} INFO - [2025-03-07T16:30:37.142+0000] {dagbag.py:536} INFO - Filling up the DagBag from /home/airflow/.local/lib/python3.8/site-packages/airflow/example_dags/tutorial_taskflow_api.py
[2025-03-07T16:30:37.146+0000] {processor.py:839} INFO - DAG(s) dict_keys(['tutorial_taskflow_api']) retrieved from /home/airflow/.local/lib/python3.8/site-packages/airflow/example_dags/tutorial_taskflow_api.py
[2025-03-07T16:30:37.157+0000] {logging_mixin.py:154} INFO - [2025-03-07T16:30:37.157+0000] {dag.py:2941} INFO - Sync 1 DAGs
[2025-03-07T16:30:37.163+0000] {logging_mixin.py:154} INFO - [2025-03-07T16:30:37.163+0000] {dag.py:3722} INFO - Setting next_dagrun for tutorial_taskflow_api to None, run_after=None
[2025-03-07T16:30:37.169+0000] {processor.py:179} INFO - Processing /home/airflow/.local/lib/python3.8/site-packages/airflow/example_dags/tutorial_taskflow_api.py took 0.029 seconds
[2025-03-07T16:31:07.713+0000] {processor.py:157} INFO - Started process (PID=49607) to work on /home/airflow/.local/lib/python3.8/site-packages/airflow/example_dags/tutorial_taskflow_api.py
[2025-03-07T16:31:07.713+0000] {processor.py:829} INFO - Processing file /home/airflow/.local/lib/python3.8/site-packages/airflow/example_dags/tutorial_taskflow_api.py for tasks to queue
[2025-03-07T16:31:07.714+0000] {logging_mixin.py:154} INFO - [2025-03-07T16:31:07.714+0000] {dagbag.py:536} INFO - Filling up the DagBag from /home/airflow/.local/lib/python3.8/site-packages/airflow/example_dags/tutorial_taskflow_api.py
[2025-03-07T16:31:07.717+0000] {processor.py:839} INFO - DAG(s) dict_keys(['tutorial_taskflow_api']) retrieved from /home/airflow/.local/lib/python3.8/site-packages/airflow/example_dags/tutorial_taskflow_api.py
[2025-03-07T16:31:07.727+0000] {logging_mixin.py:154} INFO - [2025-03-07T16:31:07.727+0000] {dag.py:2941} INFO - Sync 1 DAGs
[2025-03-07T16:31:07.732+0000] {logging_mixin.py:154} INFO - [2025-03-07T16:31:07.732+0000] {dag.py:3722} INFO - Setting next_dagrun for tutorial_taskflow_api to None, run_after=None
[2025-03-07T16:31:07.739+0000] {processor.py:179} INFO - Processing /home/airflow/.local/lib/python3.8/site-packages/airflow/example_dags/tutorial_taskflow_api.py took 0.028 seconds
[2025-03-07T16:31:38.318+0000] {processor.py:157} INFO - Started process (PID=49663) to work on /home/airflow/.local/lib/python3.8/site-packages/airflow/example_dags/tutorial_taskflow_api.py
[2025-03-07T16:31:38.318+0000] {processor.py:829} INFO - Processing file /home/airflow/.local/lib/python3.8/site-packages/airflow/example_dags/tutorial_taskflow_api.py for tasks to queue
[2025-03-07T16:31:38.319+0000] {logging_mixin.py:154} INFO - [2025-03-07T16:31:38.319+0000] {dagbag.py:536} INFO - Filling up the DagBag from /home/airflow/.local/lib/python3.8/site-packages/airflow/example_dags/tutorial_taskflow_api.py
[2025-03-07T16:31:38.322+0000] {processor.py:839} INFO - DAG(s) dict_keys(['tutorial_taskflow_api']) retrieved from /home/airflow/.local/lib/python3.8/site-packages/airflow/example_dags/tutorial_taskflow_api.py
[2025-03-07T16:31:38.330+0000] {logging_mixin.py:154} INFO - [2025-03-07T16:31:38.330+0000] {dag.py:2941} INFO - Sync 1 DAGs
[2025-03-07T16:31:38.336+0000] {logging_mixin.py:154} INFO - [2025-03-07T16:31:38.336+0000] {dag.py:3722} INFO - Setting next_dagrun for tutorial_taskflow_api to None, run_after=None
[2025-03-07T16:31:38.343+0000] {processor.py:179} INFO - Processing /home/airflow/.local/lib/python3.8/site-packages/airflow/example_dags/tutorial_taskflow_api.py took 0.027 seconds
[2025-03-07T17:02:04.190+0000] {processor.py:157} INFO - Started process (PID=49719) to work on /home/airflow/.local/lib/python3.8/site-packages/airflow/example_dags/tutorial_taskflow_api.py
[2025-03-07T17:02:04.191+0000] {processor.py:829} INFO - Processing file /home/airflow/.local/lib/python3.8/site-packages/airflow/example_dags/tutorial_taskflow_api.py for tasks to queue
[2025-03-07T17:02:04.192+0000] {logging_mixin.py:154} INFO - [2025-03-07T17:02:04.192+0000] {dagbag.py:536} INFO - Filling up the DagBag from /home/airflow/.local/lib/python3.8/site-packages/airflow/example_dags/tutorial_taskflow_api.py
[2025-03-07T17:02:04.196+0000] {processor.py:839} INFO - DAG(s) dict_keys(['tutorial_taskflow_api']) retrieved from /home/airflow/.local/lib/python3.8/site-packages/airflow/example_dags/tutorial_taskflow_api.py
[2025-03-07T17:02:04.207+0000] {logging_mixin.py:154} INFO - [2025-03-07T17:02:04.207+0000] {dag.py:2941} INFO - Sync 1 DAGs
[2025-03-07T17:02:04.214+0000] {logging_mixin.py:154} INFO - [2025-03-07T17:02:04.214+0000] {dag.py:3722} INFO - Setting next_dagrun for tutorial_taskflow_api to None, run_after=None
[2025-03-07T17:02:04.222+0000] {processor.py:179} INFO - Processing /home/airflow/.local/lib/python3.8/site-packages/airflow/example_dags/tutorial_taskflow_api.py took 0.034 seconds
[2025-03-07T17:38:51.148+0000] {processor.py:157} INFO - Started process (PID=49775) to work on /home/airflow/.local/lib/python3.8/site-packages/airflow/example_dags/tutorial_taskflow_api.py
[2025-03-07T17:38:51.149+0000] {processor.py:829} INFO - Processing file /home/airflow/.local/lib/python3.8/site-packages/airflow/example_dags/tutorial_taskflow_api.py for tasks to queue
[2025-03-07T17:38:51.149+0000] {logging_mixin.py:154} INFO - [2025-03-07T17:38:51.149+0000] {dagbag.py:536} INFO - Filling up the DagBag from /home/airflow/.local/lib/python3.8/site-packages/airflow/example_dags/tutorial_taskflow_api.py
[2025-03-07T17:38:51.154+0000] {processor.py:839} INFO - DAG(s) dict_keys(['tutorial_taskflow_api']) retrieved from /home/airflow/.local/lib/python3.8/site-packages/airflow/example_dags/tutorial_taskflow_api.py
[2025-03-07T17:38:51.167+0000] {logging_mixin.py:154} INFO - [2025-03-07T17:38:51.167+0000] {dag.py:2941} INFO - Sync 1 DAGs
[2025-03-07T17:38:51.174+0000] {logging_mixin.py:154} INFO - [2025-03-07T17:38:51.173+0000] {dag.py:3722} INFO - Setting next_dagrun for tutorial_taskflow_api to None, run_after=None
[2025-03-07T17:38:51.186+0000] {processor.py:179} INFO - Processing /home/airflow/.local/lib/python3.8/site-packages/airflow/example_dags/tutorial_taskflow_api.py took 0.041 seconds
[2025-03-07T17:52:22.128+0000] {processor.py:157} INFO - Started process (PID=49831) to work on /home/airflow/.local/lib/python3.8/site-packages/airflow/example_dags/tutorial_taskflow_api.py
[2025-03-07T17:52:22.128+0000] {processor.py:829} INFO - Processing file /home/airflow/.local/lib/python3.8/site-packages/airflow/example_dags/tutorial_taskflow_api.py for tasks to queue
[2025-03-07T17:52:22.129+0000] {logging_mixin.py:154} INFO - [2025-03-07T17:52:22.129+0000] {dagbag.py:536} INFO - Filling up the DagBag from /home/airflow/.local/lib/python3.8/site-packages/airflow/example_dags/tutorial_taskflow_api.py
[2025-03-07T17:52:22.132+0000] {processor.py:839} INFO - DAG(s) dict_keys(['tutorial_taskflow_api']) retrieved from /home/airflow/.local/lib/python3.8/site-packages/airflow/example_dags/tutorial_taskflow_api.py
[2025-03-07T17:52:22.142+0000] {logging_mixin.py:154} INFO - [2025-03-07T17:52:22.142+0000] {dag.py:2941} INFO - Sync 1 DAGs
[2025-03-07T17:52:22.148+0000] {logging_mixin.py:154} INFO - [2025-03-07T17:52:22.148+0000] {dag.py:3722} INFO - Setting next_dagrun for tutorial_taskflow_api to None, run_after=None
[2025-03-07T17:52:22.156+0000] {processor.py:179} INFO - Processing /home/airflow/.local/lib/python3.8/site-packages/airflow/example_dags/tutorial_taskflow_api.py took 0.029 seconds
[2025-03-07T18:49:04.338+0000] {processor.py:157} INFO - Started process (PID=49887) to work on /home/airflow/.local/lib/python3.8/site-packages/airflow/example_dags/tutorial_taskflow_api.py
[2025-03-07T18:49:04.339+0000] {processor.py:829} INFO - Processing file /home/airflow/.local/lib/python3.8/site-packages/airflow/example_dags/tutorial_taskflow_api.py for tasks to queue
[2025-03-07T18:49:04.339+0000] {logging_mixin.py:154} INFO - [2025-03-07T18:49:04.339+0000] {dagbag.py:536} INFO - Filling up the DagBag from /home/airflow/.local/lib/python3.8/site-packages/airflow/example_dags/tutorial_taskflow_api.py
[2025-03-07T18:49:04.344+0000] {processor.py:839} INFO - DAG(s) dict_keys(['tutorial_taskflow_api']) retrieved from /home/airflow/.local/lib/python3.8/site-packages/airflow/example_dags/tutorial_taskflow_api.py
[2025-03-07T18:49:04.357+0000] {logging_mixin.py:154} INFO - [2025-03-07T18:49:04.357+0000] {dag.py:2941} INFO - Sync 1 DAGs
[2025-03-07T18:49:04.365+0000] {logging_mixin.py:154} INFO - [2025-03-07T18:49:04.365+0000] {dag.py:3722} INFO - Setting next_dagrun for tutorial_taskflow_api to None, run_after=None
[2025-03-07T18:49:04.380+0000] {processor.py:179} INFO - Processing /home/airflow/.local/lib/python3.8/site-packages/airflow/example_dags/tutorial_taskflow_api.py took 0.044 seconds
[2025-03-07T19:31:52.873+0000] {processor.py:157} INFO - Started process (PID=49943) to work on /home/airflow/.local/lib/python3.8/site-packages/airflow/example_dags/tutorial_taskflow_api.py
[2025-03-07T19:31:52.873+0000] {processor.py:829} INFO - Processing file /home/airflow/.local/lib/python3.8/site-packages/airflow/example_dags/tutorial_taskflow_api.py for tasks to queue
[2025-03-07T19:31:52.875+0000] {logging_mixin.py:154} INFO - [2025-03-07T19:31:52.875+0000] {dagbag.py:536} INFO - Filling up the DagBag from /home/airflow/.local/lib/python3.8/site-packages/airflow/example_dags/tutorial_taskflow_api.py
[2025-03-07T19:31:52.879+0000] {processor.py:839} INFO - DAG(s) dict_keys(['tutorial_taskflow_api']) retrieved from /home/airflow/.local/lib/python3.8/site-packages/airflow/example_dags/tutorial_taskflow_api.py
[2025-03-07T19:31:52.892+0000] {logging_mixin.py:154} INFO - [2025-03-07T19:31:52.891+0000] {dag.py:2941} INFO - Sync 1 DAGs
[2025-03-07T19:31:52.901+0000] {logging_mixin.py:154} INFO - [2025-03-07T19:31:52.901+0000] {dag.py:3722} INFO - Setting next_dagrun for tutorial_taskflow_api to None, run_after=None
[2025-03-07T19:31:52.922+0000] {processor.py:179} INFO - Processing /home/airflow/.local/lib/python3.8/site-packages/airflow/example_dags/tutorial_taskflow_api.py took 0.050 seconds
[2025-03-07T19:39:58.592+0000] {processor.py:157} INFO - Started process (PID=49999) to work on /home/airflow/.local/lib/python3.8/site-packages/airflow/example_dags/tutorial_taskflow_api.py
[2025-03-07T19:39:58.593+0000] {processor.py:829} INFO - Processing file /home/airflow/.local/lib/python3.8/site-packages/airflow/example_dags/tutorial_taskflow_api.py for tasks to queue
[2025-03-07T19:39:58.594+0000] {logging_mixin.py:154} INFO - [2025-03-07T19:39:58.594+0000] {dagbag.py:536} INFO - Filling up the DagBag from /home/airflow/.local/lib/python3.8/site-packages/airflow/example_dags/tutorial_taskflow_api.py
[2025-03-07T19:39:58.599+0000] {processor.py:839} INFO - DAG(s) dict_keys(['tutorial_taskflow_api']) retrieved from /home/airflow/.local/lib/python3.8/site-packages/airflow/example_dags/tutorial_taskflow_api.py
[2025-03-07T19:39:58.615+0000] {logging_mixin.py:154} INFO - [2025-03-07T19:39:58.615+0000] {dag.py:2941} INFO - Sync 1 DAGs
[2025-03-07T19:39:58.624+0000] {logging_mixin.py:154} INFO - [2025-03-07T19:39:58.624+0000] {dag.py:3722} INFO - Setting next_dagrun for tutorial_taskflow_api to None, run_after=None
[2025-03-07T19:39:58.639+0000] {processor.py:179} INFO - Processing /home/airflow/.local/lib/python3.8/site-packages/airflow/example_dags/tutorial_taskflow_api.py took 0.049 seconds
[2025-03-07T19:40:29.147+0000] {processor.py:157} INFO - Started process (PID=50055) to work on /home/airflow/.local/lib/python3.8/site-packages/airflow/example_dags/tutorial_taskflow_api.py
[2025-03-07T19:40:29.148+0000] {processor.py:829} INFO - Processing file /home/airflow/.local/lib/python3.8/site-packages/airflow/example_dags/tutorial_taskflow_api.py for tasks to queue
[2025-03-07T19:40:29.149+0000] {logging_mixin.py:154} INFO - [2025-03-07T19:40:29.149+0000] {dagbag.py:536} INFO - Filling up the DagBag from /home/airflow/.local/lib/python3.8/site-packages/airflow/example_dags/tutorial_taskflow_api.py
[2025-03-07T19:40:29.152+0000] {processor.py:839} INFO - DAG(s) dict_keys(['tutorial_taskflow_api']) retrieved from /home/airflow/.local/lib/python3.8/site-packages/airflow/example_dags/tutorial_taskflow_api.py
[2025-03-07T19:40:29.162+0000] {logging_mixin.py:154} INFO - [2025-03-07T19:40:29.161+0000] {dag.py:2941} INFO - Sync 1 DAGs
[2025-03-07T19:40:29.166+0000] {logging_mixin.py:154} INFO - [2025-03-07T19:40:29.166+0000] {dag.py:3722} INFO - Setting next_dagrun for tutorial_taskflow_api to None, run_after=None
[2025-03-07T19:40:29.174+0000] {processor.py:179} INFO - Processing /home/airflow/.local/lib/python3.8/site-packages/airflow/example_dags/tutorial_taskflow_api.py took 0.029 seconds
[2025-03-07T19:40:59.640+0000] {processor.py:157} INFO - Started process (PID=50111) to work on /home/airflow/.local/lib/python3.8/site-packages/airflow/example_dags/tutorial_taskflow_api.py
[2025-03-07T19:40:59.640+0000] {processor.py:829} INFO - Processing file /home/airflow/.local/lib/python3.8/site-packages/airflow/example_dags/tutorial_taskflow_api.py for tasks to queue
[2025-03-07T19:40:59.641+0000] {logging_mixin.py:154} INFO - [2025-03-07T19:40:59.641+0000] {dagbag.py:536} INFO - Filling up the DagBag from /home/airflow/.local/lib/python3.8/site-packages/airflow/example_dags/tutorial_taskflow_api.py
[2025-03-07T19:40:59.643+0000] {processor.py:839} INFO - DAG(s) dict_keys(['tutorial_taskflow_api']) retrieved from /home/airflow/.local/lib/python3.8/site-packages/airflow/example_dags/tutorial_taskflow_api.py
[2025-03-07T19:40:59.652+0000] {logging_mixin.py:154} INFO - [2025-03-07T19:40:59.652+0000] {dag.py:2941} INFO - Sync 1 DAGs
[2025-03-07T19:40:59.656+0000] {logging_mixin.py:154} INFO - [2025-03-07T19:40:59.656+0000] {dag.py:3722} INFO - Setting next_dagrun for tutorial_taskflow_api to None, run_after=None
[2025-03-07T19:40:59.662+0000] {processor.py:179} INFO - Processing /home/airflow/.local/lib/python3.8/site-packages/airflow/example_dags/tutorial_taskflow_api.py took 0.023 seconds
[2025-03-07T19:41:30.141+0000] {processor.py:157} INFO - Started process (PID=50167) to work on /home/airflow/.local/lib/python3.8/site-packages/airflow/example_dags/tutorial_taskflow_api.py
[2025-03-07T19:41:30.142+0000] {processor.py:829} INFO - Processing file /home/airflow/.local/lib/python3.8/site-packages/airflow/example_dags/tutorial_taskflow_api.py for tasks to queue
[2025-03-07T19:41:30.143+0000] {logging_mixin.py:154} INFO - [2025-03-07T19:41:30.143+0000] {dagbag.py:536} INFO - Filling up the DagBag from /home/airflow/.local/lib/python3.8/site-packages/airflow/example_dags/tutorial_taskflow_api.py
[2025-03-07T19:41:30.146+0000] {processor.py:839} INFO - DAG(s) dict_keys(['tutorial_taskflow_api']) retrieved from /home/airflow/.local/lib/python3.8/site-packages/airflow/example_dags/tutorial_taskflow_api.py
[2025-03-07T19:41:30.155+0000] {logging_mixin.py:154} INFO - [2025-03-07T19:41:30.154+0000] {dag.py:2941} INFO - Sync 1 DAGs
[2025-03-07T19:41:30.159+0000] {logging_mixin.py:154} INFO - [2025-03-07T19:41:30.159+0000] {dag.py:3722} INFO - Setting next_dagrun for tutorial_taskflow_api to None, run_after=None
[2025-03-07T19:41:30.167+0000] {processor.py:179} INFO - Processing /home/airflow/.local/lib/python3.8/site-packages/airflow/example_dags/tutorial_taskflow_api.py took 0.028 seconds
[2025-03-07T19:42:00.576+0000] {processor.py:157} INFO - Started process (PID=50223) to work on /home/airflow/.local/lib/python3.8/site-packages/airflow/example_dags/tutorial_taskflow_api.py
[2025-03-07T19:42:00.577+0000] {processor.py:829} INFO - Processing file /home/airflow/.local/lib/python3.8/site-packages/airflow/example_dags/tutorial_taskflow_api.py for tasks to queue
[2025-03-07T19:42:00.577+0000] {logging_mixin.py:154} INFO - [2025-03-07T19:42:00.577+0000] {dagbag.py:536} INFO - Filling up the DagBag from /home/airflow/.local/lib/python3.8/site-packages/airflow/example_dags/tutorial_taskflow_api.py
[2025-03-07T19:42:00.580+0000] {processor.py:839} INFO - DAG(s) dict_keys(['tutorial_taskflow_api']) retrieved from /home/airflow/.local/lib/python3.8/site-packages/airflow/example_dags/tutorial_taskflow_api.py
[2025-03-07T19:42:00.588+0000] {logging_mixin.py:154} INFO - [2025-03-07T19:42:00.588+0000] {dag.py:2941} INFO - Sync 1 DAGs
[2025-03-07T19:42:00.593+0000] {logging_mixin.py:154} INFO - [2025-03-07T19:42:00.593+0000] {dag.py:3722} INFO - Setting next_dagrun for tutorial_taskflow_api to None, run_after=None
[2025-03-07T19:42:00.598+0000] {processor.py:179} INFO - Processing /home/airflow/.local/lib/python3.8/site-packages/airflow/example_dags/tutorial_taskflow_api.py took 0.024 seconds
[2025-03-07T19:42:31.063+0000] {processor.py:157} INFO - Started process (PID=50279) to work on /home/airflow/.local/lib/python3.8/site-packages/airflow/example_dags/tutorial_taskflow_api.py
[2025-03-07T19:42:31.064+0000] {processor.py:829} INFO - Processing file /home/airflow/.local/lib/python3.8/site-packages/airflow/example_dags/tutorial_taskflow_api.py for tasks to queue
[2025-03-07T19:42:31.064+0000] {logging_mixin.py:154} INFO - [2025-03-07T19:42:31.064+0000] {dagbag.py:536} INFO - Filling up the DagBag from /home/airflow/.local/lib/python3.8/site-packages/airflow/example_dags/tutorial_taskflow_api.py
[2025-03-07T19:42:31.067+0000] {processor.py:839} INFO - DAG(s) dict_keys(['tutorial_taskflow_api']) retrieved from /home/airflow/.local/lib/python3.8/site-packages/airflow/example_dags/tutorial_taskflow_api.py
[2025-03-07T19:42:31.075+0000] {logging_mixin.py:154} INFO - [2025-03-07T19:42:31.075+0000] {dag.py:2941} INFO - Sync 1 DAGs
[2025-03-07T19:42:31.080+0000] {logging_mixin.py:154} INFO - [2025-03-07T19:42:31.080+0000] {dag.py:3722} INFO - Setting next_dagrun for tutorial_taskflow_api to None, run_after=None
[2025-03-07T19:42:31.086+0000] {processor.py:179} INFO - Processing /home/airflow/.local/lib/python3.8/site-packages/airflow/example_dags/tutorial_taskflow_api.py took 0.024 seconds
[2025-03-07T19:43:01.529+0000] {processor.py:157} INFO - Started process (PID=50335) to work on /home/airflow/.local/lib/python3.8/site-packages/airflow/example_dags/tutorial_taskflow_api.py
[2025-03-07T19:43:01.529+0000] {processor.py:829} INFO - Processing file /home/airflow/.local/lib/python3.8/site-packages/airflow/example_dags/tutorial_taskflow_api.py for tasks to queue
[2025-03-07T19:43:01.529+0000] {logging_mixin.py:154} INFO - [2025-03-07T19:43:01.529+0000] {dagbag.py:536} INFO - Filling up the DagBag from /home/airflow/.local/lib/python3.8/site-packages/airflow/example_dags/tutorial_taskflow_api.py
[2025-03-07T19:43:01.532+0000] {processor.py:839} INFO - DAG(s) dict_keys(['tutorial_taskflow_api']) retrieved from /home/airflow/.local/lib/python3.8/site-packages/airflow/example_dags/tutorial_taskflow_api.py
[2025-03-07T19:43:01.542+0000] {logging_mixin.py:154} INFO - [2025-03-07T19:43:01.542+0000] {dag.py:2941} INFO - Sync 1 DAGs
[2025-03-07T19:43:01.548+0000] {logging_mixin.py:154} INFO - [2025-03-07T19:43:01.548+0000] {dag.py:3722} INFO - Setting next_dagrun for tutorial_taskflow_api to None, run_after=None
[2025-03-07T19:43:01.556+0000] {processor.py:179} INFO - Processing /home/airflow/.local/lib/python3.8/site-packages/airflow/example_dags/tutorial_taskflow_api.py took 0.028 seconds
[2025-03-07T19:43:32.063+0000] {processor.py:157} INFO - Started process (PID=50391) to work on /home/airflow/.local/lib/python3.8/site-packages/airflow/example_dags/tutorial_taskflow_api.py
[2025-03-07T19:43:32.064+0000] {processor.py:829} INFO - Processing file /home/airflow/.local/lib/python3.8/site-packages/airflow/example_dags/tutorial_taskflow_api.py for tasks to queue
[2025-03-07T19:43:32.064+0000] {logging_mixin.py:154} INFO - [2025-03-07T19:43:32.064+0000] {dagbag.py:536} INFO - Filling up the DagBag from /home/airflow/.local/lib/python3.8/site-packages/airflow/example_dags/tutorial_taskflow_api.py
[2025-03-07T19:43:32.068+0000] {processor.py:839} INFO - DAG(s) dict_keys(['tutorial_taskflow_api']) retrieved from /home/airflow/.local/lib/python3.8/site-packages/airflow/example_dags/tutorial_taskflow_api.py
[2025-03-07T19:43:32.079+0000] {logging_mixin.py:154} INFO - [2025-03-07T19:43:32.079+0000] {dag.py:2941} INFO - Sync 1 DAGs
[2025-03-07T19:43:32.085+0000] {logging_mixin.py:154} INFO - [2025-03-07T19:43:32.085+0000] {dag.py:3722} INFO - Setting next_dagrun for tutorial_taskflow_api to None, run_after=None
[2025-03-07T19:43:32.093+0000] {processor.py:179} INFO - Processing /home/airflow/.local/lib/python3.8/site-packages/airflow/example_dags/tutorial_taskflow_api.py took 0.031 seconds
[2025-03-07T19:44:02.559+0000] {processor.py:157} INFO - Started process (PID=50447) to work on /home/airflow/.local/lib/python3.8/site-packages/airflow/example_dags/tutorial_taskflow_api.py
[2025-03-07T19:44:02.559+0000] {processor.py:829} INFO - Processing file /home/airflow/.local/lib/python3.8/site-packages/airflow/example_dags/tutorial_taskflow_api.py for tasks to queue
[2025-03-07T19:44:02.560+0000] {logging_mixin.py:154} INFO - [2025-03-07T19:44:02.560+0000] {dagbag.py:536} INFO - Filling up the DagBag from /home/airflow/.local/lib/python3.8/site-packages/airflow/example_dags/tutorial_taskflow_api.py
[2025-03-07T19:44:02.563+0000] {processor.py:839} INFO - DAG(s) dict_keys(['tutorial_taskflow_api']) retrieved from /home/airflow/.local/lib/python3.8/site-packages/airflow/example_dags/tutorial_taskflow_api.py
[2025-03-07T19:44:02.571+0000] {logging_mixin.py:154} INFO - [2025-03-07T19:44:02.571+0000] {dag.py:2941} INFO - Sync 1 DAGs
[2025-03-07T19:44:02.576+0000] {logging_mixin.py:154} INFO - [2025-03-07T19:44:02.576+0000] {dag.py:3722} INFO - Setting next_dagrun for tutorial_taskflow_api to None, run_after=None
[2025-03-07T19:44:02.584+0000] {processor.py:179} INFO - Processing /home/airflow/.local/lib/python3.8/site-packages/airflow/example_dags/tutorial_taskflow_api.py took 0.027 seconds
[2025-03-07T19:44:33.074+0000] {processor.py:157} INFO - Started process (PID=50503) to work on /home/airflow/.local/lib/python3.8/site-packages/airflow/example_dags/tutorial_taskflow_api.py
[2025-03-07T19:44:33.075+0000] {processor.py:829} INFO - Processing file /home/airflow/.local/lib/python3.8/site-packages/airflow/example_dags/tutorial_taskflow_api.py for tasks to queue
[2025-03-07T19:44:33.075+0000] {logging_mixin.py:154} INFO - [2025-03-07T19:44:33.075+0000] {dagbag.py:536} INFO - Filling up the DagBag from /home/airflow/.local/lib/python3.8/site-packages/airflow/example_dags/tutorial_taskflow_api.py
[2025-03-07T19:44:33.078+0000] {processor.py:839} INFO - DAG(s) dict_keys(['tutorial_taskflow_api']) retrieved from /home/airflow/.local/lib/python3.8/site-packages/airflow/example_dags/tutorial_taskflow_api.py
[2025-03-07T19:44:33.088+0000] {logging_mixin.py:154} INFO - [2025-03-07T19:44:33.088+0000] {dag.py:2941} INFO - Sync 1 DAGs
[2025-03-07T19:44:33.093+0000] {logging_mixin.py:154} INFO - [2025-03-07T19:44:33.093+0000] {dag.py:3722} INFO - Setting next_dagrun for tutorial_taskflow_api to None, run_after=None
[2025-03-07T19:44:33.102+0000] {processor.py:179} INFO - Processing /home/airflow/.local/lib/python3.8/site-packages/airflow/example_dags/tutorial_taskflow_api.py took 0.029 seconds
[2025-03-07T20:05:44.844+0000] {processor.py:157} INFO - Started process (PID=50559) to work on /home/airflow/.local/lib/python3.8/site-packages/airflow/example_dags/tutorial_taskflow_api.py
[2025-03-07T20:05:44.845+0000] {processor.py:829} INFO - Processing file /home/airflow/.local/lib/python3.8/site-packages/airflow/example_dags/tutorial_taskflow_api.py for tasks to queue
[2025-03-07T20:05:44.846+0000] {logging_mixin.py:154} INFO - [2025-03-07T20:05:44.845+0000] {dagbag.py:536} INFO - Filling up the DagBag from /home/airflow/.local/lib/python3.8/site-packages/airflow/example_dags/tutorial_taskflow_api.py
[2025-03-07T20:05:44.849+0000] {processor.py:839} INFO - DAG(s) dict_keys(['tutorial_taskflow_api']) retrieved from /home/airflow/.local/lib/python3.8/site-packages/airflow/example_dags/tutorial_taskflow_api.py
[2025-03-07T20:05:44.863+0000] {logging_mixin.py:154} INFO - [2025-03-07T20:05:44.863+0000] {dag.py:2941} INFO - Sync 1 DAGs
[2025-03-07T20:05:44.871+0000] {logging_mixin.py:154} INFO - [2025-03-07T20:05:44.871+0000] {dag.py:3722} INFO - Setting next_dagrun for tutorial_taskflow_api to None, run_after=None
[2025-03-07T20:05:44.880+0000] {processor.py:179} INFO - Processing /home/airflow/.local/lib/python3.8/site-packages/airflow/example_dags/tutorial_taskflow_api.py took 0.037 seconds
[2025-03-07T20:39:05.808+0000] {processor.py:157} INFO - Started process (PID=50615) to work on /home/airflow/.local/lib/python3.8/site-packages/airflow/example_dags/tutorial_taskflow_api.py
[2025-03-07T20:39:05.809+0000] {processor.py:829} INFO - Processing file /home/airflow/.local/lib/python3.8/site-packages/airflow/example_dags/tutorial_taskflow_api.py for tasks to queue
[2025-03-07T20:39:05.809+0000] {logging_mixin.py:154} INFO - [2025-03-07T20:39:05.809+0000] {dagbag.py:536} INFO - Filling up the DagBag from /home/airflow/.local/lib/python3.8/site-packages/airflow/example_dags/tutorial_taskflow_api.py
[2025-03-07T20:39:05.814+0000] {processor.py:839} INFO - DAG(s) dict_keys(['tutorial_taskflow_api']) retrieved from /home/airflow/.local/lib/python3.8/site-packages/airflow/example_dags/tutorial_taskflow_api.py
[2025-03-07T20:39:05.829+0000] {logging_mixin.py:154} INFO - [2025-03-07T20:39:05.828+0000] {dag.py:2941} INFO - Sync 1 DAGs
[2025-03-07T20:39:05.836+0000] {logging_mixin.py:154} INFO - [2025-03-07T20:39:05.836+0000] {dag.py:3722} INFO - Setting next_dagrun for tutorial_taskflow_api to None, run_after=None
[2025-03-07T20:39:05.855+0000] {processor.py:179} INFO - Processing /home/airflow/.local/lib/python3.8/site-packages/airflow/example_dags/tutorial_taskflow_api.py took 0.049 seconds
[2025-03-07T21:12:19.421+0000] {processor.py:157} INFO - Started process (PID=50671) to work on /home/airflow/.local/lib/python3.8/site-packages/airflow/example_dags/tutorial_taskflow_api.py
[2025-03-07T21:12:19.422+0000] {processor.py:829} INFO - Processing file /home/airflow/.local/lib/python3.8/site-packages/airflow/example_dags/tutorial_taskflow_api.py for tasks to queue
[2025-03-07T21:12:19.423+0000] {logging_mixin.py:154} INFO - [2025-03-07T21:12:19.423+0000] {dagbag.py:536} INFO - Filling up the DagBag from /home/airflow/.local/lib/python3.8/site-packages/airflow/example_dags/tutorial_taskflow_api.py
[2025-03-07T21:12:19.429+0000] {processor.py:839} INFO - DAG(s) dict_keys(['tutorial_taskflow_api']) retrieved from /home/airflow/.local/lib/python3.8/site-packages/airflow/example_dags/tutorial_taskflow_api.py
[2025-03-07T21:12:19.586+0000] {logging_mixin.py:154} INFO - [2025-03-07T21:12:19.585+0000] {dag.py:2941} INFO - Sync 1 DAGs
[2025-03-07T21:12:19.600+0000] {logging_mixin.py:154} INFO - [2025-03-07T21:12:19.600+0000] {dag.py:3722} INFO - Setting next_dagrun for tutorial_taskflow_api to None, run_after=None
[2025-03-07T21:12:19.676+0000] {processor.py:179} INFO - Processing /home/airflow/.local/lib/python3.8/site-packages/airflow/example_dags/tutorial_taskflow_api.py took 0.258 seconds
[2025-03-07T21:44:47.923+0000] {processor.py:157} INFO - Started process (PID=50727) to work on /home/airflow/.local/lib/python3.8/site-packages/airflow/example_dags/tutorial_taskflow_api.py
[2025-03-07T21:44:47.923+0000] {processor.py:829} INFO - Processing file /home/airflow/.local/lib/python3.8/site-packages/airflow/example_dags/tutorial_taskflow_api.py for tasks to queue
[2025-03-07T21:44:47.924+0000] {logging_mixin.py:154} INFO - [2025-03-07T21:44:47.924+0000] {dagbag.py:536} INFO - Filling up the DagBag from /home/airflow/.local/lib/python3.8/site-packages/airflow/example_dags/tutorial_taskflow_api.py
[2025-03-07T21:44:47.928+0000] {processor.py:839} INFO - DAG(s) dict_keys(['tutorial_taskflow_api']) retrieved from /home/airflow/.local/lib/python3.8/site-packages/airflow/example_dags/tutorial_taskflow_api.py
[2025-03-07T21:44:47.950+0000] {logging_mixin.py:154} INFO - [2025-03-07T21:44:47.950+0000] {dag.py:2941} INFO - Sync 1 DAGs
[2025-03-07T21:44:47.957+0000] {logging_mixin.py:154} INFO - [2025-03-07T21:44:47.957+0000] {dag.py:3722} INFO - Setting next_dagrun for tutorial_taskflow_api to None, run_after=None
[2025-03-07T21:44:47.969+0000] {processor.py:179} INFO - Processing /home/airflow/.local/lib/python3.8/site-packages/airflow/example_dags/tutorial_taskflow_api.py took 0.049 seconds
[2025-03-07T22:28:13.888+0000] {processor.py:157} INFO - Started process (PID=50783) to work on /home/airflow/.local/lib/python3.8/site-packages/airflow/example_dags/tutorial_taskflow_api.py
[2025-03-07T22:28:13.889+0000] {processor.py:829} INFO - Processing file /home/airflow/.local/lib/python3.8/site-packages/airflow/example_dags/tutorial_taskflow_api.py for tasks to queue
[2025-03-07T22:28:13.890+0000] {logging_mixin.py:154} INFO - [2025-03-07T22:28:13.890+0000] {dagbag.py:536} INFO - Filling up the DagBag from /home/airflow/.local/lib/python3.8/site-packages/airflow/example_dags/tutorial_taskflow_api.py
[2025-03-07T22:28:13.896+0000] {processor.py:839} INFO - DAG(s) dict_keys(['tutorial_taskflow_api']) retrieved from /home/airflow/.local/lib/python3.8/site-packages/airflow/example_dags/tutorial_taskflow_api.py
[2025-03-07T22:28:13.913+0000] {logging_mixin.py:154} INFO - [2025-03-07T22:28:13.912+0000] {dag.py:2941} INFO - Sync 1 DAGs
[2025-03-07T22:28:13.919+0000] {logging_mixin.py:154} INFO - [2025-03-07T22:28:13.919+0000] {dag.py:3722} INFO - Setting next_dagrun for tutorial_taskflow_api to None, run_after=None
[2025-03-07T22:28:13.929+0000] {processor.py:179} INFO - Processing /home/airflow/.local/lib/python3.8/site-packages/airflow/example_dags/tutorial_taskflow_api.py took 0.043 seconds
[2025-03-07T22:49:21.837+0000] {processor.py:157} INFO - Started process (PID=50839) to work on /home/airflow/.local/lib/python3.8/site-packages/airflow/example_dags/tutorial_taskflow_api.py
[2025-03-07T22:49:21.838+0000] {processor.py:829} INFO - Processing file /home/airflow/.local/lib/python3.8/site-packages/airflow/example_dags/tutorial_taskflow_api.py for tasks to queue
[2025-03-07T22:49:21.839+0000] {logging_mixin.py:154} INFO - [2025-03-07T22:49:21.839+0000] {dagbag.py:536} INFO - Filling up the DagBag from /home/airflow/.local/lib/python3.8/site-packages/airflow/example_dags/tutorial_taskflow_api.py
[2025-03-07T22:49:21.843+0000] {processor.py:839} INFO - DAG(s) dict_keys(['tutorial_taskflow_api']) retrieved from /home/airflow/.local/lib/python3.8/site-packages/airflow/example_dags/tutorial_taskflow_api.py
[2025-03-07T22:49:21.852+0000] {logging_mixin.py:154} INFO - [2025-03-07T22:49:21.852+0000] {dag.py:2941} INFO - Sync 1 DAGs
[2025-03-07T22:49:21.857+0000] {logging_mixin.py:154} INFO - [2025-03-07T22:49:21.857+0000] {dag.py:3722} INFO - Setting next_dagrun for tutorial_taskflow_api to None, run_after=None
[2025-03-07T22:49:21.865+0000] {processor.py:179} INFO - Processing /home/airflow/.local/lib/python3.8/site-packages/airflow/example_dags/tutorial_taskflow_api.py took 0.030 seconds
[2025-03-07T22:52:45.189+0000] {processor.py:157} INFO - Started process (PID=50895) to work on /home/airflow/.local/lib/python3.8/site-packages/airflow/example_dags/tutorial_taskflow_api.py
[2025-03-07T22:52:45.190+0000] {processor.py:829} INFO - Processing file /home/airflow/.local/lib/python3.8/site-packages/airflow/example_dags/tutorial_taskflow_api.py for tasks to queue
[2025-03-07T22:52:45.190+0000] {logging_mixin.py:154} INFO - [2025-03-07T22:52:45.190+0000] {dagbag.py:536} INFO - Filling up the DagBag from /home/airflow/.local/lib/python3.8/site-packages/airflow/example_dags/tutorial_taskflow_api.py
[2025-03-07T22:52:45.194+0000] {processor.py:839} INFO - DAG(s) dict_keys(['tutorial_taskflow_api']) retrieved from /home/airflow/.local/lib/python3.8/site-packages/airflow/example_dags/tutorial_taskflow_api.py
[2025-03-07T22:52:45.206+0000] {logging_mixin.py:154} INFO - [2025-03-07T22:52:45.206+0000] {dag.py:2941} INFO - Sync 1 DAGs
[2025-03-07T22:52:45.213+0000] {logging_mixin.py:154} INFO - [2025-03-07T22:52:45.213+0000] {dag.py:3722} INFO - Setting next_dagrun for tutorial_taskflow_api to None, run_after=None
[2025-03-07T22:52:45.230+0000] {processor.py:179} INFO - Processing /home/airflow/.local/lib/python3.8/site-packages/airflow/example_dags/tutorial_taskflow_api.py took 0.043 seconds
[2025-03-07T23:25:18.593+0000] {processor.py:157} INFO - Started process (PID=50951) to work on /home/airflow/.local/lib/python3.8/site-packages/airflow/example_dags/tutorial_taskflow_api.py
[2025-03-07T23:25:18.593+0000] {processor.py:829} INFO - Processing file /home/airflow/.local/lib/python3.8/site-packages/airflow/example_dags/tutorial_taskflow_api.py for tasks to queue
[2025-03-07T23:25:18.594+0000] {logging_mixin.py:154} INFO - [2025-03-07T23:25:18.594+0000] {dagbag.py:536} INFO - Filling up the DagBag from /home/airflow/.local/lib/python3.8/site-packages/airflow/example_dags/tutorial_taskflow_api.py
[2025-03-07T23:25:18.597+0000] {processor.py:839} INFO - DAG(s) dict_keys(['tutorial_taskflow_api']) retrieved from /home/airflow/.local/lib/python3.8/site-packages/airflow/example_dags/tutorial_taskflow_api.py
[2025-03-07T23:25:18.606+0000] {logging_mixin.py:154} INFO - [2025-03-07T23:25:18.606+0000] {dag.py:2941} INFO - Sync 1 DAGs
[2025-03-07T23:25:18.610+0000] {logging_mixin.py:154} INFO - [2025-03-07T23:25:18.610+0000] {dag.py:3722} INFO - Setting next_dagrun for tutorial_taskflow_api to None, run_after=None
[2025-03-07T23:25:18.619+0000] {processor.py:179} INFO - Processing /home/airflow/.local/lib/python3.8/site-packages/airflow/example_dags/tutorial_taskflow_api.py took 0.027 seconds
[2025-03-07T23:45:46.864+0000] {processor.py:157} INFO - Started process (PID=51007) to work on /home/airflow/.local/lib/python3.8/site-packages/airflow/example_dags/tutorial_taskflow_api.py
[2025-03-07T23:45:46.864+0000] {processor.py:829} INFO - Processing file /home/airflow/.local/lib/python3.8/site-packages/airflow/example_dags/tutorial_taskflow_api.py for tasks to queue
[2025-03-07T23:45:46.865+0000] {logging_mixin.py:154} INFO - [2025-03-07T23:45:46.864+0000] {dagbag.py:536} INFO - Filling up the DagBag from /home/airflow/.local/lib/python3.8/site-packages/airflow/example_dags/tutorial_taskflow_api.py
[2025-03-07T23:45:46.869+0000] {processor.py:839} INFO - DAG(s) dict_keys(['tutorial_taskflow_api']) retrieved from /home/airflow/.local/lib/python3.8/site-packages/airflow/example_dags/tutorial_taskflow_api.py
[2025-03-07T23:45:46.881+0000] {logging_mixin.py:154} INFO - [2025-03-07T23:45:46.881+0000] {dag.py:2941} INFO - Sync 1 DAGs
[2025-03-07T23:45:46.888+0000] {logging_mixin.py:154} INFO - [2025-03-07T23:45:46.888+0000] {dag.py:3722} INFO - Setting next_dagrun for tutorial_taskflow_api to None, run_after=None
[2025-03-07T23:45:46.897+0000] {processor.py:179} INFO - Processing /home/airflow/.local/lib/python3.8/site-packages/airflow/example_dags/tutorial_taskflow_api.py took 0.036 seconds
