[2025-03-11T00:09:35.144+0000] {processor.py:157} INFO - Started process (PID=3479) to work on /home/airflow/.local/lib/python3.8/site-packages/airflow/example_dags/example_sensor_decorator.py
[2025-03-11T00:09:35.145+0000] {processor.py:829} INFO - Processing file /home/airflow/.local/lib/python3.8/site-packages/airflow/example_dags/example_sensor_decorator.py for tasks to queue
[2025-03-11T00:09:35.146+0000] {logging_mixin.py:154} INFO - [2025-03-11T00:09:35.146+0000] {dagbag.py:536} INFO - Filling up the DagBag from /home/airflow/.local/lib/python3.8/site-packages/airflow/example_dags/example_sensor_decorator.py
[2025-03-11T00:09:35.149+0000] {processor.py:839} INFO - DAG(s) dict_keys(['example_sensor_decorator']) retrieved from /home/airflow/.local/lib/python3.8/site-packages/airflow/example_dags/example_sensor_decorator.py
[2025-03-11T00:09:35.161+0000] {logging_mixin.py:154} INFO - [2025-03-11T00:09:35.161+0000] {dag.py:2941} INFO - Sync 1 DAGs
[2025-03-11T00:09:35.171+0000] {logging_mixin.py:154} INFO - [2025-03-11T00:09:35.170+0000] {dag.py:3722} INFO - Setting next_dagrun for example_sensor_decorator to None, run_after=None
[2025-03-11T00:09:35.184+0000] {processor.py:179} INFO - Processing /home/airflow/.local/lib/python3.8/site-packages/airflow/example_dags/example_sensor_decorator.py took 0.042 seconds
[2025-03-11T00:19:10.771+0000] {processor.py:157} INFO - Started process (PID=3535) to work on /home/airflow/.local/lib/python3.8/site-packages/airflow/example_dags/example_sensor_decorator.py
[2025-03-11T00:19:10.772+0000] {processor.py:829} INFO - Processing file /home/airflow/.local/lib/python3.8/site-packages/airflow/example_dags/example_sensor_decorator.py for tasks to queue
[2025-03-11T00:19:10.773+0000] {logging_mixin.py:154} INFO - [2025-03-11T00:19:10.773+0000] {dagbag.py:536} INFO - Filling up the DagBag from /home/airflow/.local/lib/python3.8/site-packages/airflow/example_dags/example_sensor_decorator.py
[2025-03-11T00:19:10.778+0000] {processor.py:839} INFO - DAG(s) dict_keys(['example_sensor_decorator']) retrieved from /home/airflow/.local/lib/python3.8/site-packages/airflow/example_dags/example_sensor_decorator.py
[2025-03-11T00:19:10.790+0000] {logging_mixin.py:154} INFO - [2025-03-11T00:19:10.790+0000] {dag.py:2941} INFO - Sync 1 DAGs
[2025-03-11T00:19:10.798+0000] {logging_mixin.py:154} INFO - [2025-03-11T00:19:10.798+0000] {dag.py:3722} INFO - Setting next_dagrun for example_sensor_decorator to None, run_after=None
[2025-03-11T00:19:10.810+0000] {processor.py:179} INFO - Processing /home/airflow/.local/lib/python3.8/site-packages/airflow/example_dags/example_sensor_decorator.py took 0.041 seconds
[2025-03-11T00:50:36.050+0000] {processor.py:157} INFO - Started process (PID=3591) to work on /home/airflow/.local/lib/python3.8/site-packages/airflow/example_dags/example_sensor_decorator.py
[2025-03-11T00:50:36.050+0000] {processor.py:829} INFO - Processing file /home/airflow/.local/lib/python3.8/site-packages/airflow/example_dags/example_sensor_decorator.py for tasks to queue
[2025-03-11T00:50:36.052+0000] {logging_mixin.py:154} INFO - [2025-03-11T00:50:36.052+0000] {dagbag.py:536} INFO - Filling up the DagBag from /home/airflow/.local/lib/python3.8/site-packages/airflow/example_dags/example_sensor_decorator.py
[2025-03-11T00:50:36.056+0000] {processor.py:839} INFO - DAG(s) dict_keys(['example_sensor_decorator']) retrieved from /home/airflow/.local/lib/python3.8/site-packages/airflow/example_dags/example_sensor_decorator.py
[2025-03-11T00:50:36.075+0000] {logging_mixin.py:154} INFO - [2025-03-11T00:50:36.074+0000] {dag.py:2941} INFO - Sync 1 DAGs
[2025-03-11T00:50:36.082+0000] {logging_mixin.py:154} INFO - [2025-03-11T00:50:36.082+0000] {dag.py:3722} INFO - Setting next_dagrun for example_sensor_decorator to None, run_after=None
[2025-03-11T00:50:36.094+0000] {processor.py:179} INFO - Processing /home/airflow/.local/lib/python3.8/site-packages/airflow/example_dags/example_sensor_decorator.py took 0.046 seconds
[2025-03-11T01:06:09.633+0000] {processor.py:157} INFO - Started process (PID=3647) to work on /home/airflow/.local/lib/python3.8/site-packages/airflow/example_dags/example_sensor_decorator.py
[2025-03-11T01:06:09.634+0000] {processor.py:829} INFO - Processing file /home/airflow/.local/lib/python3.8/site-packages/airflow/example_dags/example_sensor_decorator.py for tasks to queue
[2025-03-11T01:06:09.637+0000] {logging_mixin.py:154} INFO - [2025-03-11T01:06:09.636+0000] {dagbag.py:536} INFO - Filling up the DagBag from /home/airflow/.local/lib/python3.8/site-packages/airflow/example_dags/example_sensor_decorator.py
[2025-03-11T01:06:09.646+0000] {processor.py:839} INFO - DAG(s) dict_keys(['example_sensor_decorator']) retrieved from /home/airflow/.local/lib/python3.8/site-packages/airflow/example_dags/example_sensor_decorator.py
[2025-03-11T01:06:09.668+0000] {logging_mixin.py:154} INFO - [2025-03-11T01:06:09.667+0000] {dag.py:2941} INFO - Sync 1 DAGs
[2025-03-11T01:06:09.679+0000] {logging_mixin.py:154} INFO - [2025-03-11T01:06:09.679+0000] {dag.py:3722} INFO - Setting next_dagrun for example_sensor_decorator to None, run_after=None
[2025-03-11T01:06:09.700+0000] {processor.py:179} INFO - Processing /home/airflow/.local/lib/python3.8/site-packages/airflow/example_dags/example_sensor_decorator.py took 0.069 seconds
[2025-03-11T01:20:12.479+0000] {processor.py:157} INFO - Started process (PID=3703) to work on /home/airflow/.local/lib/python3.8/site-packages/airflow/example_dags/example_sensor_decorator.py
[2025-03-11T01:20:12.480+0000] {processor.py:829} INFO - Processing file /home/airflow/.local/lib/python3.8/site-packages/airflow/example_dags/example_sensor_decorator.py for tasks to queue
[2025-03-11T01:20:12.482+0000] {logging_mixin.py:154} INFO - [2025-03-11T01:20:12.482+0000] {dagbag.py:536} INFO - Filling up the DagBag from /home/airflow/.local/lib/python3.8/site-packages/airflow/example_dags/example_sensor_decorator.py
[2025-03-11T01:20:12.490+0000] {processor.py:839} INFO - DAG(s) dict_keys(['example_sensor_decorator']) retrieved from /home/airflow/.local/lib/python3.8/site-packages/airflow/example_dags/example_sensor_decorator.py
[2025-03-11T01:20:12.510+0000] {logging_mixin.py:154} INFO - [2025-03-11T01:20:12.510+0000] {dag.py:2941} INFO - Sync 1 DAGs
[2025-03-11T01:20:12.521+0000] {logging_mixin.py:154} INFO - [2025-03-11T01:20:12.521+0000] {dag.py:3722} INFO - Setting next_dagrun for example_sensor_decorator to None, run_after=None
[2025-03-11T01:20:12.532+0000] {processor.py:179} INFO - Processing /home/airflow/.local/lib/python3.8/site-packages/airflow/example_dags/example_sensor_decorator.py took 0.056 seconds
[2025-03-11T01:39:49.552+0000] {processor.py:157} INFO - Started process (PID=3759) to work on /home/airflow/.local/lib/python3.8/site-packages/airflow/example_dags/example_sensor_decorator.py
[2025-03-11T01:39:49.553+0000] {processor.py:829} INFO - Processing file /home/airflow/.local/lib/python3.8/site-packages/airflow/example_dags/example_sensor_decorator.py for tasks to queue
[2025-03-11T01:39:49.555+0000] {logging_mixin.py:154} INFO - [2025-03-11T01:39:49.555+0000] {dagbag.py:536} INFO - Filling up the DagBag from /home/airflow/.local/lib/python3.8/site-packages/airflow/example_dags/example_sensor_decorator.py
[2025-03-11T01:39:49.560+0000] {processor.py:839} INFO - DAG(s) dict_keys(['example_sensor_decorator']) retrieved from /home/airflow/.local/lib/python3.8/site-packages/airflow/example_dags/example_sensor_decorator.py
[2025-03-11T01:39:49.577+0000] {logging_mixin.py:154} INFO - [2025-03-11T01:39:49.576+0000] {dag.py:2941} INFO - Sync 1 DAGs
[2025-03-11T01:39:49.585+0000] {logging_mixin.py:154} INFO - [2025-03-11T01:39:49.585+0000] {dag.py:3722} INFO - Setting next_dagrun for example_sensor_decorator to None, run_after=None
[2025-03-11T01:39:49.596+0000] {processor.py:179} INFO - Processing /home/airflow/.local/lib/python3.8/site-packages/airflow/example_dags/example_sensor_decorator.py took 0.046 seconds
[2025-03-11T10:59:14.219+0000] {processor.py:157} INFO - Started process (PID=64) to work on /home/airflow/.local/lib/python3.8/site-packages/airflow/example_dags/example_sensor_decorator.py
[2025-03-11T10:59:14.220+0000] {processor.py:829} INFO - Processing file /home/airflow/.local/lib/python3.8/site-packages/airflow/example_dags/example_sensor_decorator.py for tasks to queue
[2025-03-11T10:59:14.221+0000] {logging_mixin.py:154} INFO - [2025-03-11T10:59:14.221+0000] {dagbag.py:536} INFO - Filling up the DagBag from /home/airflow/.local/lib/python3.8/site-packages/airflow/example_dags/example_sensor_decorator.py
[2025-03-11T10:59:14.225+0000] {processor.py:839} INFO - DAG(s) dict_keys(['example_sensor_decorator']) retrieved from /home/airflow/.local/lib/python3.8/site-packages/airflow/example_dags/example_sensor_decorator.py
[2025-03-11T10:59:14.238+0000] {logging_mixin.py:154} INFO - [2025-03-11T10:59:14.237+0000] {dag.py:2941} INFO - Sync 1 DAGs
[2025-03-11T10:59:14.244+0000] {logging_mixin.py:154} INFO - [2025-03-11T10:59:14.244+0000] {dag.py:3722} INFO - Setting next_dagrun for example_sensor_decorator to None, run_after=None
[2025-03-11T10:59:14.253+0000] {processor.py:179} INFO - Processing /home/airflow/.local/lib/python3.8/site-packages/airflow/example_dags/example_sensor_decorator.py took 0.036 seconds
[2025-03-11T10:59:45.125+0000] {processor.py:157} INFO - Started process (PID=120) to work on /home/airflow/.local/lib/python3.8/site-packages/airflow/example_dags/example_sensor_decorator.py
[2025-03-11T10:59:45.125+0000] {processor.py:829} INFO - Processing file /home/airflow/.local/lib/python3.8/site-packages/airflow/example_dags/example_sensor_decorator.py for tasks to queue
[2025-03-11T10:59:45.126+0000] {logging_mixin.py:154} INFO - [2025-03-11T10:59:45.126+0000] {dagbag.py:536} INFO - Filling up the DagBag from /home/airflow/.local/lib/python3.8/site-packages/airflow/example_dags/example_sensor_decorator.py
[2025-03-11T10:59:45.128+0000] {processor.py:839} INFO - DAG(s) dict_keys(['example_sensor_decorator']) retrieved from /home/airflow/.local/lib/python3.8/site-packages/airflow/example_dags/example_sensor_decorator.py
[2025-03-11T10:59:45.136+0000] {logging_mixin.py:154} INFO - [2025-03-11T10:59:45.136+0000] {dag.py:2941} INFO - Sync 1 DAGs
[2025-03-11T10:59:45.141+0000] {logging_mixin.py:154} INFO - [2025-03-11T10:59:45.141+0000] {dag.py:3722} INFO - Setting next_dagrun for example_sensor_decorator to None, run_after=None
[2025-03-11T10:59:45.228+0000] {processor.py:179} INFO - Processing /home/airflow/.local/lib/python3.8/site-packages/airflow/example_dags/example_sensor_decorator.py took 0.105 seconds
[2025-03-11T11:00:15.553+0000] {processor.py:157} INFO - Started process (PID=176) to work on /home/airflow/.local/lib/python3.8/site-packages/airflow/example_dags/example_sensor_decorator.py
[2025-03-11T11:00:15.553+0000] {processor.py:829} INFO - Processing file /home/airflow/.local/lib/python3.8/site-packages/airflow/example_dags/example_sensor_decorator.py for tasks to queue
[2025-03-11T11:00:15.554+0000] {logging_mixin.py:154} INFO - [2025-03-11T11:00:15.554+0000] {dagbag.py:536} INFO - Filling up the DagBag from /home/airflow/.local/lib/python3.8/site-packages/airflow/example_dags/example_sensor_decorator.py
[2025-03-11T11:00:15.557+0000] {processor.py:839} INFO - DAG(s) dict_keys(['example_sensor_decorator']) retrieved from /home/airflow/.local/lib/python3.8/site-packages/airflow/example_dags/example_sensor_decorator.py
[2025-03-11T11:00:15.565+0000] {logging_mixin.py:154} INFO - [2025-03-11T11:00:15.565+0000] {dag.py:2941} INFO - Sync 1 DAGs
[2025-03-11T11:00:15.570+0000] {logging_mixin.py:154} INFO - [2025-03-11T11:00:15.570+0000] {dag.py:3722} INFO - Setting next_dagrun for example_sensor_decorator to None, run_after=None
[2025-03-11T11:00:15.578+0000] {processor.py:179} INFO - Processing /home/airflow/.local/lib/python3.8/site-packages/airflow/example_dags/example_sensor_decorator.py took 0.026 seconds
[2025-03-11T11:00:46.324+0000] {processor.py:157} INFO - Started process (PID=232) to work on /home/airflow/.local/lib/python3.8/site-packages/airflow/example_dags/example_sensor_decorator.py
[2025-03-11T11:00:46.326+0000] {processor.py:829} INFO - Processing file /home/airflow/.local/lib/python3.8/site-packages/airflow/example_dags/example_sensor_decorator.py for tasks to queue
[2025-03-11T11:00:46.327+0000] {logging_mixin.py:154} INFO - [2025-03-11T11:00:46.326+0000] {dagbag.py:536} INFO - Filling up the DagBag from /home/airflow/.local/lib/python3.8/site-packages/airflow/example_dags/example_sensor_decorator.py
[2025-03-11T11:00:46.329+0000] {processor.py:839} INFO - DAG(s) dict_keys(['example_sensor_decorator']) retrieved from /home/airflow/.local/lib/python3.8/site-packages/airflow/example_dags/example_sensor_decorator.py
[2025-03-11T11:00:46.338+0000] {logging_mixin.py:154} INFO - [2025-03-11T11:00:46.338+0000] {dag.py:2941} INFO - Sync 1 DAGs
[2025-03-11T11:00:46.343+0000] {logging_mixin.py:154} INFO - [2025-03-11T11:00:46.343+0000] {dag.py:3722} INFO - Setting next_dagrun for example_sensor_decorator to None, run_after=None
[2025-03-11T11:00:46.349+0000] {processor.py:179} INFO - Processing /home/airflow/.local/lib/python3.8/site-packages/airflow/example_dags/example_sensor_decorator.py took 0.027 seconds
[2025-03-11T11:01:16.741+0000] {processor.py:157} INFO - Started process (PID=288) to work on /home/airflow/.local/lib/python3.8/site-packages/airflow/example_dags/example_sensor_decorator.py
[2025-03-11T11:01:16.742+0000] {processor.py:829} INFO - Processing file /home/airflow/.local/lib/python3.8/site-packages/airflow/example_dags/example_sensor_decorator.py for tasks to queue
[2025-03-11T11:01:16.743+0000] {logging_mixin.py:154} INFO - [2025-03-11T11:01:16.743+0000] {dagbag.py:536} INFO - Filling up the DagBag from /home/airflow/.local/lib/python3.8/site-packages/airflow/example_dags/example_sensor_decorator.py
[2025-03-11T11:01:16.746+0000] {processor.py:839} INFO - DAG(s) dict_keys(['example_sensor_decorator']) retrieved from /home/airflow/.local/lib/python3.8/site-packages/airflow/example_dags/example_sensor_decorator.py
[2025-03-11T11:01:16.755+0000] {logging_mixin.py:154} INFO - [2025-03-11T11:01:16.755+0000] {dag.py:2941} INFO - Sync 1 DAGs
[2025-03-11T11:01:16.760+0000] {logging_mixin.py:154} INFO - [2025-03-11T11:01:16.759+0000] {dag.py:3722} INFO - Setting next_dagrun for example_sensor_decorator to None, run_after=None
[2025-03-11T11:01:16.766+0000] {processor.py:179} INFO - Processing /home/airflow/.local/lib/python3.8/site-packages/airflow/example_dags/example_sensor_decorator.py took 0.026 seconds
[2025-03-11T11:01:47.602+0000] {processor.py:157} INFO - Started process (PID=344) to work on /home/airflow/.local/lib/python3.8/site-packages/airflow/example_dags/example_sensor_decorator.py
[2025-03-11T11:01:47.603+0000] {processor.py:829} INFO - Processing file /home/airflow/.local/lib/python3.8/site-packages/airflow/example_dags/example_sensor_decorator.py for tasks to queue
[2025-03-11T11:01:47.604+0000] {logging_mixin.py:154} INFO - [2025-03-11T11:01:47.604+0000] {dagbag.py:536} INFO - Filling up the DagBag from /home/airflow/.local/lib/python3.8/site-packages/airflow/example_dags/example_sensor_decorator.py
[2025-03-11T11:01:47.606+0000] {processor.py:839} INFO - DAG(s) dict_keys(['example_sensor_decorator']) retrieved from /home/airflow/.local/lib/python3.8/site-packages/airflow/example_dags/example_sensor_decorator.py
[2025-03-11T11:01:47.615+0000] {logging_mixin.py:154} INFO - [2025-03-11T11:01:47.615+0000] {dag.py:2941} INFO - Sync 1 DAGs
[2025-03-11T11:01:47.704+0000] {logging_mixin.py:154} INFO - [2025-03-11T11:01:47.704+0000] {dag.py:3722} INFO - Setting next_dagrun for example_sensor_decorator to None, run_after=None
[2025-03-11T11:01:47.711+0000] {processor.py:179} INFO - Processing /home/airflow/.local/lib/python3.8/site-packages/airflow/example_dags/example_sensor_decorator.py took 0.110 seconds
[2025-03-11T11:02:18.328+0000] {processor.py:157} INFO - Started process (PID=406) to work on /home/airflow/.local/lib/python3.8/site-packages/airflow/example_dags/example_sensor_decorator.py
[2025-03-11T11:02:18.328+0000] {processor.py:829} INFO - Processing file /home/airflow/.local/lib/python3.8/site-packages/airflow/example_dags/example_sensor_decorator.py for tasks to queue
[2025-03-11T11:02:18.331+0000] {logging_mixin.py:154} INFO - [2025-03-11T11:02:18.331+0000] {dagbag.py:536} INFO - Filling up the DagBag from /home/airflow/.local/lib/python3.8/site-packages/airflow/example_dags/example_sensor_decorator.py
[2025-03-11T11:02:18.334+0000] {processor.py:839} INFO - DAG(s) dict_keys(['example_sensor_decorator']) retrieved from /home/airflow/.local/lib/python3.8/site-packages/airflow/example_dags/example_sensor_decorator.py
[2025-03-11T11:02:18.344+0000] {logging_mixin.py:154} INFO - [2025-03-11T11:02:18.343+0000] {dag.py:2941} INFO - Sync 1 DAGs
[2025-03-11T11:02:18.349+0000] {logging_mixin.py:154} INFO - [2025-03-11T11:02:18.348+0000] {dag.py:3722} INFO - Setting next_dagrun for example_sensor_decorator to None, run_after=None
[2025-03-11T11:02:18.355+0000] {processor.py:179} INFO - Processing /home/airflow/.local/lib/python3.8/site-packages/airflow/example_dags/example_sensor_decorator.py took 0.029 seconds
[2025-03-11T11:02:48.621+0000] {processor.py:157} INFO - Started process (PID=462) to work on /home/airflow/.local/lib/python3.8/site-packages/airflow/example_dags/example_sensor_decorator.py
[2025-03-11T11:02:48.622+0000] {processor.py:829} INFO - Processing file /home/airflow/.local/lib/python3.8/site-packages/airflow/example_dags/example_sensor_decorator.py for tasks to queue
[2025-03-11T11:02:48.623+0000] {logging_mixin.py:154} INFO - [2025-03-11T11:02:48.623+0000] {dagbag.py:536} INFO - Filling up the DagBag from /home/airflow/.local/lib/python3.8/site-packages/airflow/example_dags/example_sensor_decorator.py
[2025-03-11T11:02:48.625+0000] {processor.py:839} INFO - DAG(s) dict_keys(['example_sensor_decorator']) retrieved from /home/airflow/.local/lib/python3.8/site-packages/airflow/example_dags/example_sensor_decorator.py
[2025-03-11T11:02:48.633+0000] {logging_mixin.py:154} INFO - [2025-03-11T11:02:48.633+0000] {dag.py:2941} INFO - Sync 1 DAGs
[2025-03-11T11:02:48.637+0000] {logging_mixin.py:154} INFO - [2025-03-11T11:02:48.637+0000] {dag.py:3722} INFO - Setting next_dagrun for example_sensor_decorator to None, run_after=None
[2025-03-11T11:02:48.646+0000] {processor.py:179} INFO - Processing /home/airflow/.local/lib/python3.8/site-packages/airflow/example_dags/example_sensor_decorator.py took 0.026 seconds
[2025-03-11T11:03:19.209+0000] {processor.py:157} INFO - Started process (PID=519) to work on /home/airflow/.local/lib/python3.8/site-packages/airflow/example_dags/example_sensor_decorator.py
[2025-03-11T11:03:19.209+0000] {processor.py:829} INFO - Processing file /home/airflow/.local/lib/python3.8/site-packages/airflow/example_dags/example_sensor_decorator.py for tasks to queue
[2025-03-11T11:03:19.211+0000] {logging_mixin.py:154} INFO - [2025-03-11T11:03:19.211+0000] {dagbag.py:536} INFO - Filling up the DagBag from /home/airflow/.local/lib/python3.8/site-packages/airflow/example_dags/example_sensor_decorator.py
[2025-03-11T11:03:19.215+0000] {processor.py:839} INFO - DAG(s) dict_keys(['example_sensor_decorator']) retrieved from /home/airflow/.local/lib/python3.8/site-packages/airflow/example_dags/example_sensor_decorator.py
[2025-03-11T11:03:19.304+0000] {logging_mixin.py:154} INFO - [2025-03-11T11:03:19.304+0000] {dag.py:2941} INFO - Sync 1 DAGs
[2025-03-11T11:03:19.309+0000] {logging_mixin.py:154} INFO - [2025-03-11T11:03:19.309+0000] {dag.py:3722} INFO - Setting next_dagrun for example_sensor_decorator to None, run_after=None
[2025-03-11T11:03:19.314+0000] {processor.py:179} INFO - Processing /home/airflow/.local/lib/python3.8/site-packages/airflow/example_dags/example_sensor_decorator.py took 0.107 seconds
[2025-03-11T12:13:19.571+0000] {processor.py:157} INFO - Started process (PID=568) to work on /home/airflow/.local/lib/python3.8/site-packages/airflow/example_dags/example_sensor_decorator.py
[2025-03-11T12:13:19.571+0000] {processor.py:829} INFO - Processing file /home/airflow/.local/lib/python3.8/site-packages/airflow/example_dags/example_sensor_decorator.py for tasks to queue
[2025-03-11T12:13:19.572+0000] {logging_mixin.py:154} INFO - [2025-03-11T12:13:19.572+0000] {dagbag.py:536} INFO - Filling up the DagBag from /home/airflow/.local/lib/python3.8/site-packages/airflow/example_dags/example_sensor_decorator.py
[2025-03-11T12:13:19.575+0000] {processor.py:839} INFO - DAG(s) dict_keys(['example_sensor_decorator']) retrieved from /home/airflow/.local/lib/python3.8/site-packages/airflow/example_dags/example_sensor_decorator.py
[2025-03-11T12:13:19.584+0000] {logging_mixin.py:154} INFO - [2025-03-11T12:13:19.584+0000] {dag.py:2941} INFO - Sync 1 DAGs
[2025-03-11T12:13:19.671+0000] {logging_mixin.py:154} INFO - [2025-03-11T12:13:19.671+0000] {dag.py:3722} INFO - Setting next_dagrun for example_sensor_decorator to None, run_after=None
[2025-03-11T12:13:19.678+0000] {processor.py:179} INFO - Processing /home/airflow/.local/lib/python3.8/site-packages/airflow/example_dags/example_sensor_decorator.py took 0.109 seconds
[2025-03-11T12:14:16.797+0000] {processor.py:157} INFO - Started process (PID=624) to work on /home/airflow/.local/lib/python3.8/site-packages/airflow/example_dags/example_sensor_decorator.py
[2025-03-11T12:14:16.798+0000] {processor.py:829} INFO - Processing file /home/airflow/.local/lib/python3.8/site-packages/airflow/example_dags/example_sensor_decorator.py for tasks to queue
[2025-03-11T12:14:16.799+0000] {logging_mixin.py:154} INFO - [2025-03-11T12:14:16.799+0000] {dagbag.py:536} INFO - Filling up the DagBag from /home/airflow/.local/lib/python3.8/site-packages/airflow/example_dags/example_sensor_decorator.py
[2025-03-11T12:14:16.802+0000] {processor.py:839} INFO - DAG(s) dict_keys(['example_sensor_decorator']) retrieved from /home/airflow/.local/lib/python3.8/site-packages/airflow/example_dags/example_sensor_decorator.py
[2025-03-11T12:14:16.811+0000] {logging_mixin.py:154} INFO - [2025-03-11T12:14:16.811+0000] {dag.py:2941} INFO - Sync 1 DAGs
[2025-03-11T12:14:16.817+0000] {logging_mixin.py:154} INFO - [2025-03-11T12:14:16.817+0000] {dag.py:3722} INFO - Setting next_dagrun for example_sensor_decorator to None, run_after=None
[2025-03-11T12:14:16.823+0000] {processor.py:179} INFO - Processing /home/airflow/.local/lib/python3.8/site-packages/airflow/example_dags/example_sensor_decorator.py took 0.028 seconds
[2025-03-11T12:14:47.330+0000] {processor.py:157} INFO - Started process (PID=680) to work on /home/airflow/.local/lib/python3.8/site-packages/airflow/example_dags/example_sensor_decorator.py
[2025-03-11T12:14:47.331+0000] {processor.py:829} INFO - Processing file /home/airflow/.local/lib/python3.8/site-packages/airflow/example_dags/example_sensor_decorator.py for tasks to queue
[2025-03-11T12:14:47.332+0000] {logging_mixin.py:154} INFO - [2025-03-11T12:14:47.332+0000] {dagbag.py:536} INFO - Filling up the DagBag from /home/airflow/.local/lib/python3.8/site-packages/airflow/example_dags/example_sensor_decorator.py
[2025-03-11T12:14:47.336+0000] {processor.py:839} INFO - DAG(s) dict_keys(['example_sensor_decorator']) retrieved from /home/airflow/.local/lib/python3.8/site-packages/airflow/example_dags/example_sensor_decorator.py
[2025-03-11T12:14:47.347+0000] {logging_mixin.py:154} INFO - [2025-03-11T12:14:47.347+0000] {dag.py:2941} INFO - Sync 1 DAGs
[2025-03-11T12:14:47.352+0000] {logging_mixin.py:154} INFO - [2025-03-11T12:14:47.351+0000] {dag.py:3722} INFO - Setting next_dagrun for example_sensor_decorator to None, run_after=None
[2025-03-11T12:14:47.360+0000] {processor.py:179} INFO - Processing /home/airflow/.local/lib/python3.8/site-packages/airflow/example_dags/example_sensor_decorator.py took 0.031 seconds
[2025-03-11T12:15:17.857+0000] {processor.py:157} INFO - Started process (PID=736) to work on /home/airflow/.local/lib/python3.8/site-packages/airflow/example_dags/example_sensor_decorator.py
[2025-03-11T12:15:17.857+0000] {processor.py:829} INFO - Processing file /home/airflow/.local/lib/python3.8/site-packages/airflow/example_dags/example_sensor_decorator.py for tasks to queue
[2025-03-11T12:15:17.858+0000] {logging_mixin.py:154} INFO - [2025-03-11T12:15:17.858+0000] {dagbag.py:536} INFO - Filling up the DagBag from /home/airflow/.local/lib/python3.8/site-packages/airflow/example_dags/example_sensor_decorator.py
[2025-03-11T12:15:17.861+0000] {processor.py:839} INFO - DAG(s) dict_keys(['example_sensor_decorator']) retrieved from /home/airflow/.local/lib/python3.8/site-packages/airflow/example_dags/example_sensor_decorator.py
[2025-03-11T12:15:17.873+0000] {logging_mixin.py:154} INFO - [2025-03-11T12:15:17.873+0000] {dag.py:2941} INFO - Sync 1 DAGs
[2025-03-11T12:15:17.878+0000] {logging_mixin.py:154} INFO - [2025-03-11T12:15:17.878+0000] {dag.py:3722} INFO - Setting next_dagrun for example_sensor_decorator to None, run_after=None
[2025-03-11T12:15:17.885+0000] {processor.py:179} INFO - Processing /home/airflow/.local/lib/python3.8/site-packages/airflow/example_dags/example_sensor_decorator.py took 0.030 seconds
[2025-03-11T12:15:48.314+0000] {processor.py:157} INFO - Started process (PID=792) to work on /home/airflow/.local/lib/python3.8/site-packages/airflow/example_dags/example_sensor_decorator.py
[2025-03-11T12:15:48.314+0000] {processor.py:829} INFO - Processing file /home/airflow/.local/lib/python3.8/site-packages/airflow/example_dags/example_sensor_decorator.py for tasks to queue
[2025-03-11T12:15:48.318+0000] {logging_mixin.py:154} INFO - [2025-03-11T12:15:48.318+0000] {dagbag.py:536} INFO - Filling up the DagBag from /home/airflow/.local/lib/python3.8/site-packages/airflow/example_dags/example_sensor_decorator.py
[2025-03-11T12:15:48.321+0000] {processor.py:839} INFO - DAG(s) dict_keys(['example_sensor_decorator']) retrieved from /home/airflow/.local/lib/python3.8/site-packages/airflow/example_dags/example_sensor_decorator.py
[2025-03-11T12:15:48.330+0000] {logging_mixin.py:154} INFO - [2025-03-11T12:15:48.330+0000] {dag.py:2941} INFO - Sync 1 DAGs
[2025-03-11T12:15:48.335+0000] {logging_mixin.py:154} INFO - [2025-03-11T12:15:48.335+0000] {dag.py:3722} INFO - Setting next_dagrun for example_sensor_decorator to None, run_after=None
[2025-03-11T12:15:48.341+0000] {processor.py:179} INFO - Processing /home/airflow/.local/lib/python3.8/site-packages/airflow/example_dags/example_sensor_decorator.py took 0.029 seconds
[2025-03-11T12:16:18.792+0000] {processor.py:157} INFO - Started process (PID=848) to work on /home/airflow/.local/lib/python3.8/site-packages/airflow/example_dags/example_sensor_decorator.py
[2025-03-11T12:16:18.793+0000] {processor.py:829} INFO - Processing file /home/airflow/.local/lib/python3.8/site-packages/airflow/example_dags/example_sensor_decorator.py for tasks to queue
[2025-03-11T12:16:18.795+0000] {logging_mixin.py:154} INFO - [2025-03-11T12:16:18.794+0000] {dagbag.py:536} INFO - Filling up the DagBag from /home/airflow/.local/lib/python3.8/site-packages/airflow/example_dags/example_sensor_decorator.py
[2025-03-11T12:16:18.798+0000] {processor.py:839} INFO - DAG(s) dict_keys(['example_sensor_decorator']) retrieved from /home/airflow/.local/lib/python3.8/site-packages/airflow/example_dags/example_sensor_decorator.py
[2025-03-11T12:16:18.807+0000] {logging_mixin.py:154} INFO - [2025-03-11T12:16:18.806+0000] {dag.py:2941} INFO - Sync 1 DAGs
[2025-03-11T12:16:18.811+0000] {logging_mixin.py:154} INFO - [2025-03-11T12:16:18.811+0000] {dag.py:3722} INFO - Setting next_dagrun for example_sensor_decorator to None, run_after=None
[2025-03-11T12:16:18.818+0000] {processor.py:179} INFO - Processing /home/airflow/.local/lib/python3.8/site-packages/airflow/example_dags/example_sensor_decorator.py took 0.027 seconds
[2025-03-11T12:16:49.277+0000] {processor.py:157} INFO - Started process (PID=904) to work on /home/airflow/.local/lib/python3.8/site-packages/airflow/example_dags/example_sensor_decorator.py
[2025-03-11T12:16:49.277+0000] {processor.py:829} INFO - Processing file /home/airflow/.local/lib/python3.8/site-packages/airflow/example_dags/example_sensor_decorator.py for tasks to queue
[2025-03-11T12:16:49.278+0000] {logging_mixin.py:154} INFO - [2025-03-11T12:16:49.278+0000] {dagbag.py:536} INFO - Filling up the DagBag from /home/airflow/.local/lib/python3.8/site-packages/airflow/example_dags/example_sensor_decorator.py
[2025-03-11T12:16:49.281+0000] {processor.py:839} INFO - DAG(s) dict_keys(['example_sensor_decorator']) retrieved from /home/airflow/.local/lib/python3.8/site-packages/airflow/example_dags/example_sensor_decorator.py
[2025-03-11T12:16:49.291+0000] {logging_mixin.py:154} INFO - [2025-03-11T12:16:49.291+0000] {dag.py:2941} INFO - Sync 1 DAGs
[2025-03-11T12:16:49.296+0000] {logging_mixin.py:154} INFO - [2025-03-11T12:16:49.296+0000] {dag.py:3722} INFO - Setting next_dagrun for example_sensor_decorator to None, run_after=None
[2025-03-11T12:16:49.303+0000] {processor.py:179} INFO - Processing /home/airflow/.local/lib/python3.8/site-packages/airflow/example_dags/example_sensor_decorator.py took 0.028 seconds
[2025-03-11T12:17:19.691+0000] {processor.py:157} INFO - Started process (PID=960) to work on /home/airflow/.local/lib/python3.8/site-packages/airflow/example_dags/example_sensor_decorator.py
[2025-03-11T12:17:19.691+0000] {processor.py:829} INFO - Processing file /home/airflow/.local/lib/python3.8/site-packages/airflow/example_dags/example_sensor_decorator.py for tasks to queue
[2025-03-11T12:17:19.692+0000] {logging_mixin.py:154} INFO - [2025-03-11T12:17:19.692+0000] {dagbag.py:536} INFO - Filling up the DagBag from /home/airflow/.local/lib/python3.8/site-packages/airflow/example_dags/example_sensor_decorator.py
[2025-03-11T12:17:19.695+0000] {processor.py:839} INFO - DAG(s) dict_keys(['example_sensor_decorator']) retrieved from /home/airflow/.local/lib/python3.8/site-packages/airflow/example_dags/example_sensor_decorator.py
[2025-03-11T12:17:19.703+0000] {logging_mixin.py:154} INFO - [2025-03-11T12:17:19.703+0000] {dag.py:2941} INFO - Sync 1 DAGs
[2025-03-11T12:17:19.709+0000] {logging_mixin.py:154} INFO - [2025-03-11T12:17:19.708+0000] {dag.py:3722} INFO - Setting next_dagrun for example_sensor_decorator to None, run_after=None
[2025-03-11T12:17:19.717+0000] {processor.py:179} INFO - Processing /home/airflow/.local/lib/python3.8/site-packages/airflow/example_dags/example_sensor_decorator.py took 0.027 seconds
[2025-03-11T12:17:50.100+0000] {processor.py:157} INFO - Started process (PID=1016) to work on /home/airflow/.local/lib/python3.8/site-packages/airflow/example_dags/example_sensor_decorator.py
[2025-03-11T12:17:50.101+0000] {processor.py:829} INFO - Processing file /home/airflow/.local/lib/python3.8/site-packages/airflow/example_dags/example_sensor_decorator.py for tasks to queue
[2025-03-11T12:17:50.102+0000] {logging_mixin.py:154} INFO - [2025-03-11T12:17:50.102+0000] {dagbag.py:536} INFO - Filling up the DagBag from /home/airflow/.local/lib/python3.8/site-packages/airflow/example_dags/example_sensor_decorator.py
[2025-03-11T12:17:50.106+0000] {processor.py:839} INFO - DAG(s) dict_keys(['example_sensor_decorator']) retrieved from /home/airflow/.local/lib/python3.8/site-packages/airflow/example_dags/example_sensor_decorator.py
[2025-03-11T12:17:50.114+0000] {logging_mixin.py:154} INFO - [2025-03-11T12:17:50.114+0000] {dag.py:2941} INFO - Sync 1 DAGs
[2025-03-11T12:17:50.119+0000] {logging_mixin.py:154} INFO - [2025-03-11T12:17:50.119+0000] {dag.py:3722} INFO - Setting next_dagrun for example_sensor_decorator to None, run_after=None
[2025-03-11T12:17:50.125+0000] {processor.py:179} INFO - Processing /home/airflow/.local/lib/python3.8/site-packages/airflow/example_dags/example_sensor_decorator.py took 0.026 seconds
[2025-03-11T12:18:20.450+0000] {processor.py:157} INFO - Started process (PID=1072) to work on /home/airflow/.local/lib/python3.8/site-packages/airflow/example_dags/example_sensor_decorator.py
[2025-03-11T12:18:20.451+0000] {processor.py:829} INFO - Processing file /home/airflow/.local/lib/python3.8/site-packages/airflow/example_dags/example_sensor_decorator.py for tasks to queue
[2025-03-11T12:18:20.453+0000] {logging_mixin.py:154} INFO - [2025-03-11T12:18:20.452+0000] {dagbag.py:536} INFO - Filling up the DagBag from /home/airflow/.local/lib/python3.8/site-packages/airflow/example_dags/example_sensor_decorator.py
[2025-03-11T12:18:20.456+0000] {processor.py:839} INFO - DAG(s) dict_keys(['example_sensor_decorator']) retrieved from /home/airflow/.local/lib/python3.8/site-packages/airflow/example_dags/example_sensor_decorator.py
[2025-03-11T12:18:20.467+0000] {logging_mixin.py:154} INFO - [2025-03-11T12:18:20.467+0000] {dag.py:2941} INFO - Sync 1 DAGs
[2025-03-11T12:18:20.474+0000] {logging_mixin.py:154} INFO - [2025-03-11T12:18:20.474+0000] {dag.py:3722} INFO - Setting next_dagrun for example_sensor_decorator to None, run_after=None
[2025-03-11T12:18:20.481+0000] {processor.py:179} INFO - Processing /home/airflow/.local/lib/python3.8/site-packages/airflow/example_dags/example_sensor_decorator.py took 0.033 seconds
[2025-03-11T12:18:50.834+0000] {processor.py:157} INFO - Started process (PID=1128) to work on /home/airflow/.local/lib/python3.8/site-packages/airflow/example_dags/example_sensor_decorator.py
[2025-03-11T12:18:50.836+0000] {processor.py:829} INFO - Processing file /home/airflow/.local/lib/python3.8/site-packages/airflow/example_dags/example_sensor_decorator.py for tasks to queue
[2025-03-11T12:18:50.837+0000] {logging_mixin.py:154} INFO - [2025-03-11T12:18:50.837+0000] {dagbag.py:536} INFO - Filling up the DagBag from /home/airflow/.local/lib/python3.8/site-packages/airflow/example_dags/example_sensor_decorator.py
[2025-03-11T12:18:50.840+0000] {processor.py:839} INFO - DAG(s) dict_keys(['example_sensor_decorator']) retrieved from /home/airflow/.local/lib/python3.8/site-packages/airflow/example_dags/example_sensor_decorator.py
[2025-03-11T12:18:50.852+0000] {logging_mixin.py:154} INFO - [2025-03-11T12:18:50.852+0000] {dag.py:2941} INFO - Sync 1 DAGs
[2025-03-11T12:18:50.857+0000] {logging_mixin.py:154} INFO - [2025-03-11T12:18:50.857+0000] {dag.py:3722} INFO - Setting next_dagrun for example_sensor_decorator to None, run_after=None
[2025-03-11T12:18:50.863+0000] {processor.py:179} INFO - Processing /home/airflow/.local/lib/python3.8/site-packages/airflow/example_dags/example_sensor_decorator.py took 0.030 seconds
[2025-03-11T12:19:21.345+0000] {processor.py:157} INFO - Started process (PID=1184) to work on /home/airflow/.local/lib/python3.8/site-packages/airflow/example_dags/example_sensor_decorator.py
[2025-03-11T12:19:21.346+0000] {processor.py:829} INFO - Processing file /home/airflow/.local/lib/python3.8/site-packages/airflow/example_dags/example_sensor_decorator.py for tasks to queue
[2025-03-11T12:19:21.347+0000] {logging_mixin.py:154} INFO - [2025-03-11T12:19:21.347+0000] {dagbag.py:536} INFO - Filling up the DagBag from /home/airflow/.local/lib/python3.8/site-packages/airflow/example_dags/example_sensor_decorator.py
[2025-03-11T12:19:21.350+0000] {processor.py:839} INFO - DAG(s) dict_keys(['example_sensor_decorator']) retrieved from /home/airflow/.local/lib/python3.8/site-packages/airflow/example_dags/example_sensor_decorator.py
[2025-03-11T12:19:21.358+0000] {logging_mixin.py:154} INFO - [2025-03-11T12:19:21.358+0000] {dag.py:2941} INFO - Sync 1 DAGs
[2025-03-11T12:19:21.363+0000] {logging_mixin.py:154} INFO - [2025-03-11T12:19:21.362+0000] {dag.py:3722} INFO - Setting next_dagrun for example_sensor_decorator to None, run_after=None
[2025-03-11T12:19:21.372+0000] {processor.py:179} INFO - Processing /home/airflow/.local/lib/python3.8/site-packages/airflow/example_dags/example_sensor_decorator.py took 0.028 seconds
[2025-03-11T12:19:51.822+0000] {processor.py:157} INFO - Started process (PID=1240) to work on /home/airflow/.local/lib/python3.8/site-packages/airflow/example_dags/example_sensor_decorator.py
[2025-03-11T12:19:51.823+0000] {processor.py:829} INFO - Processing file /home/airflow/.local/lib/python3.8/site-packages/airflow/example_dags/example_sensor_decorator.py for tasks to queue
[2025-03-11T12:19:51.824+0000] {logging_mixin.py:154} INFO - [2025-03-11T12:19:51.824+0000] {dagbag.py:536} INFO - Filling up the DagBag from /home/airflow/.local/lib/python3.8/site-packages/airflow/example_dags/example_sensor_decorator.py
[2025-03-11T12:19:51.828+0000] {processor.py:839} INFO - DAG(s) dict_keys(['example_sensor_decorator']) retrieved from /home/airflow/.local/lib/python3.8/site-packages/airflow/example_dags/example_sensor_decorator.py
[2025-03-11T12:19:51.837+0000] {logging_mixin.py:154} INFO - [2025-03-11T12:19:51.837+0000] {dag.py:2941} INFO - Sync 1 DAGs
[2025-03-11T12:19:51.842+0000] {logging_mixin.py:154} INFO - [2025-03-11T12:19:51.842+0000] {dag.py:3722} INFO - Setting next_dagrun for example_sensor_decorator to None, run_after=None
[2025-03-11T12:19:51.850+0000] {processor.py:179} INFO - Processing /home/airflow/.local/lib/python3.8/site-packages/airflow/example_dags/example_sensor_decorator.py took 0.030 seconds
[2025-03-11T12:20:22.222+0000] {processor.py:157} INFO - Started process (PID=1296) to work on /home/airflow/.local/lib/python3.8/site-packages/airflow/example_dags/example_sensor_decorator.py
[2025-03-11T12:20:22.224+0000] {processor.py:829} INFO - Processing file /home/airflow/.local/lib/python3.8/site-packages/airflow/example_dags/example_sensor_decorator.py for tasks to queue
[2025-03-11T12:20:22.224+0000] {logging_mixin.py:154} INFO - [2025-03-11T12:20:22.224+0000] {dagbag.py:536} INFO - Filling up the DagBag from /home/airflow/.local/lib/python3.8/site-packages/airflow/example_dags/example_sensor_decorator.py
[2025-03-11T12:20:22.228+0000] {processor.py:839} INFO - DAG(s) dict_keys(['example_sensor_decorator']) retrieved from /home/airflow/.local/lib/python3.8/site-packages/airflow/example_dags/example_sensor_decorator.py
[2025-03-11T12:20:22.238+0000] {logging_mixin.py:154} INFO - [2025-03-11T12:20:22.238+0000] {dag.py:2941} INFO - Sync 1 DAGs
[2025-03-11T12:20:22.243+0000] {logging_mixin.py:154} INFO - [2025-03-11T12:20:22.243+0000] {dag.py:3722} INFO - Setting next_dagrun for example_sensor_decorator to None, run_after=None
[2025-03-11T12:20:22.253+0000] {processor.py:179} INFO - Processing /home/airflow/.local/lib/python3.8/site-packages/airflow/example_dags/example_sensor_decorator.py took 0.032 seconds
[2025-03-11T12:20:52.623+0000] {processor.py:157} INFO - Started process (PID=1352) to work on /home/airflow/.local/lib/python3.8/site-packages/airflow/example_dags/example_sensor_decorator.py
[2025-03-11T12:20:52.624+0000] {processor.py:829} INFO - Processing file /home/airflow/.local/lib/python3.8/site-packages/airflow/example_dags/example_sensor_decorator.py for tasks to queue
[2025-03-11T12:20:52.625+0000] {logging_mixin.py:154} INFO - [2025-03-11T12:20:52.625+0000] {dagbag.py:536} INFO - Filling up the DagBag from /home/airflow/.local/lib/python3.8/site-packages/airflow/example_dags/example_sensor_decorator.py
[2025-03-11T12:20:52.629+0000] {processor.py:839} INFO - DAG(s) dict_keys(['example_sensor_decorator']) retrieved from /home/airflow/.local/lib/python3.8/site-packages/airflow/example_dags/example_sensor_decorator.py
[2025-03-11T12:20:52.637+0000] {logging_mixin.py:154} INFO - [2025-03-11T12:20:52.636+0000] {dag.py:2941} INFO - Sync 1 DAGs
[2025-03-11T12:20:52.641+0000] {logging_mixin.py:154} INFO - [2025-03-11T12:20:52.641+0000] {dag.py:3722} INFO - Setting next_dagrun for example_sensor_decorator to None, run_after=None
[2025-03-11T12:20:52.649+0000] {processor.py:179} INFO - Processing /home/airflow/.local/lib/python3.8/site-packages/airflow/example_dags/example_sensor_decorator.py took 0.027 seconds
[2025-03-11T12:21:23.036+0000] {processor.py:157} INFO - Started process (PID=1408) to work on /home/airflow/.local/lib/python3.8/site-packages/airflow/example_dags/example_sensor_decorator.py
[2025-03-11T12:21:23.037+0000] {processor.py:829} INFO - Processing file /home/airflow/.local/lib/python3.8/site-packages/airflow/example_dags/example_sensor_decorator.py for tasks to queue
[2025-03-11T12:21:23.038+0000] {logging_mixin.py:154} INFO - [2025-03-11T12:21:23.038+0000] {dagbag.py:536} INFO - Filling up the DagBag from /home/airflow/.local/lib/python3.8/site-packages/airflow/example_dags/example_sensor_decorator.py
[2025-03-11T12:21:23.041+0000] {processor.py:839} INFO - DAG(s) dict_keys(['example_sensor_decorator']) retrieved from /home/airflow/.local/lib/python3.8/site-packages/airflow/example_dags/example_sensor_decorator.py
[2025-03-11T12:21:23.051+0000] {logging_mixin.py:154} INFO - [2025-03-11T12:21:23.051+0000] {dag.py:2941} INFO - Sync 1 DAGs
[2025-03-11T12:21:23.056+0000] {logging_mixin.py:154} INFO - [2025-03-11T12:21:23.056+0000] {dag.py:3722} INFO - Setting next_dagrun for example_sensor_decorator to None, run_after=None
[2025-03-11T12:21:23.063+0000] {processor.py:179} INFO - Processing /home/airflow/.local/lib/python3.8/site-packages/airflow/example_dags/example_sensor_decorator.py took 0.029 seconds
[2025-03-11T12:21:43.528+0000] {processor.py:157} INFO - Started process (PID=65) to work on /home/airflow/.local/lib/python3.8/site-packages/airflow/example_dags/example_sensor_decorator.py
[2025-03-11T12:21:43.528+0000] {processor.py:829} INFO - Processing file /home/airflow/.local/lib/python3.8/site-packages/airflow/example_dags/example_sensor_decorator.py for tasks to queue
[2025-03-11T12:21:43.529+0000] {logging_mixin.py:154} INFO - [2025-03-11T12:21:43.529+0000] {dagbag.py:536} INFO - Filling up the DagBag from /home/airflow/.local/lib/python3.8/site-packages/airflow/example_dags/example_sensor_decorator.py
[2025-03-11T12:21:43.639+0000] {processor.py:839} INFO - DAG(s) dict_keys(['example_sensor_decorator']) retrieved from /home/airflow/.local/lib/python3.8/site-packages/airflow/example_dags/example_sensor_decorator.py
[2025-03-11T12:21:43.645+0000] {logging_mixin.py:154} INFO - [2025-03-11T12:21:43.645+0000] {dag.py:2941} INFO - Sync 1 DAGs
[2025-03-11T12:21:43.651+0000] {logging_mixin.py:154} INFO - [2025-03-11T12:21:43.650+0000] {dag.py:3722} INFO - Setting next_dagrun for example_sensor_decorator to None, run_after=None
[2025-03-11T12:21:43.664+0000] {processor.py:179} INFO - Processing /home/airflow/.local/lib/python3.8/site-packages/airflow/example_dags/example_sensor_decorator.py took 0.138 seconds
[2025-03-11T12:22:14.276+0000] {processor.py:157} INFO - Started process (PID=121) to work on /home/airflow/.local/lib/python3.8/site-packages/airflow/example_dags/example_sensor_decorator.py
[2025-03-11T12:22:14.277+0000] {processor.py:829} INFO - Processing file /home/airflow/.local/lib/python3.8/site-packages/airflow/example_dags/example_sensor_decorator.py for tasks to queue
[2025-03-11T12:22:14.279+0000] {logging_mixin.py:154} INFO - [2025-03-11T12:22:14.279+0000] {dagbag.py:536} INFO - Filling up the DagBag from /home/airflow/.local/lib/python3.8/site-packages/airflow/example_dags/example_sensor_decorator.py
[2025-03-11T12:22:14.283+0000] {processor.py:839} INFO - DAG(s) dict_keys(['example_sensor_decorator']) retrieved from /home/airflow/.local/lib/python3.8/site-packages/airflow/example_dags/example_sensor_decorator.py
[2025-03-11T12:22:14.298+0000] {logging_mixin.py:154} INFO - [2025-03-11T12:22:14.296+0000] {dag.py:2941} INFO - Sync 1 DAGs
[2025-03-11T12:22:14.304+0000] {logging_mixin.py:154} INFO - [2025-03-11T12:22:14.304+0000] {dag.py:3722} INFO - Setting next_dagrun for example_sensor_decorator to None, run_after=None
[2025-03-11T12:22:14.312+0000] {processor.py:179} INFO - Processing /home/airflow/.local/lib/python3.8/site-packages/airflow/example_dags/example_sensor_decorator.py took 0.037 seconds
[2025-03-11T12:22:44.828+0000] {processor.py:157} INFO - Started process (PID=177) to work on /home/airflow/.local/lib/python3.8/site-packages/airflow/example_dags/example_sensor_decorator.py
[2025-03-11T12:22:44.829+0000] {processor.py:829} INFO - Processing file /home/airflow/.local/lib/python3.8/site-packages/airflow/example_dags/example_sensor_decorator.py for tasks to queue
[2025-03-11T12:22:44.831+0000] {logging_mixin.py:154} INFO - [2025-03-11T12:22:44.831+0000] {dagbag.py:536} INFO - Filling up the DagBag from /home/airflow/.local/lib/python3.8/site-packages/airflow/example_dags/example_sensor_decorator.py
[2025-03-11T12:22:44.836+0000] {processor.py:839} INFO - DAG(s) dict_keys(['example_sensor_decorator']) retrieved from /home/airflow/.local/lib/python3.8/site-packages/airflow/example_dags/example_sensor_decorator.py
[2025-03-11T12:22:44.848+0000] {logging_mixin.py:154} INFO - [2025-03-11T12:22:44.848+0000] {dag.py:2941} INFO - Sync 1 DAGs
[2025-03-11T12:22:44.855+0000] {logging_mixin.py:154} INFO - [2025-03-11T12:22:44.855+0000] {dag.py:3722} INFO - Setting next_dagrun for example_sensor_decorator to None, run_after=None
[2025-03-11T12:22:44.866+0000] {processor.py:179} INFO - Processing /home/airflow/.local/lib/python3.8/site-packages/airflow/example_dags/example_sensor_decorator.py took 0.040 seconds
[2025-03-11T12:23:15.529+0000] {processor.py:157} INFO - Started process (PID=233) to work on /home/airflow/.local/lib/python3.8/site-packages/airflow/example_dags/example_sensor_decorator.py
[2025-03-11T12:23:15.530+0000] {processor.py:829} INFO - Processing file /home/airflow/.local/lib/python3.8/site-packages/airflow/example_dags/example_sensor_decorator.py for tasks to queue
[2025-03-11T12:23:15.531+0000] {logging_mixin.py:154} INFO - [2025-03-11T12:23:15.531+0000] {dagbag.py:536} INFO - Filling up the DagBag from /home/airflow/.local/lib/python3.8/site-packages/airflow/example_dags/example_sensor_decorator.py
[2025-03-11T12:23:15.535+0000] {processor.py:839} INFO - DAG(s) dict_keys(['example_sensor_decorator']) retrieved from /home/airflow/.local/lib/python3.8/site-packages/airflow/example_dags/example_sensor_decorator.py
[2025-03-11T12:23:15.548+0000] {logging_mixin.py:154} INFO - [2025-03-11T12:23:15.548+0000] {dag.py:2941} INFO - Sync 1 DAGs
[2025-03-11T12:23:15.554+0000] {logging_mixin.py:154} INFO - [2025-03-11T12:23:15.554+0000] {dag.py:3722} INFO - Setting next_dagrun for example_sensor_decorator to None, run_after=None
[2025-03-11T12:23:15.564+0000] {processor.py:179} INFO - Processing /home/airflow/.local/lib/python3.8/site-packages/airflow/example_dags/example_sensor_decorator.py took 0.037 seconds
[2025-03-11T12:23:46.124+0000] {processor.py:157} INFO - Started process (PID=295) to work on /home/airflow/.local/lib/python3.8/site-packages/airflow/example_dags/example_sensor_decorator.py
[2025-03-11T12:23:46.126+0000] {processor.py:829} INFO - Processing file /home/airflow/.local/lib/python3.8/site-packages/airflow/example_dags/example_sensor_decorator.py for tasks to queue
[2025-03-11T12:23:46.127+0000] {logging_mixin.py:154} INFO - [2025-03-11T12:23:46.127+0000] {dagbag.py:536} INFO - Filling up the DagBag from /home/airflow/.local/lib/python3.8/site-packages/airflow/example_dags/example_sensor_decorator.py
[2025-03-11T12:23:46.132+0000] {processor.py:839} INFO - DAG(s) dict_keys(['example_sensor_decorator']) retrieved from /home/airflow/.local/lib/python3.8/site-packages/airflow/example_dags/example_sensor_decorator.py
[2025-03-11T12:23:46.152+0000] {logging_mixin.py:154} INFO - [2025-03-11T12:23:46.151+0000] {dag.py:2941} INFO - Sync 1 DAGs
[2025-03-11T12:23:46.160+0000] {logging_mixin.py:154} INFO - [2025-03-11T12:23:46.160+0000] {dag.py:3722} INFO - Setting next_dagrun for example_sensor_decorator to None, run_after=None
[2025-03-11T12:23:46.168+0000] {processor.py:179} INFO - Processing /home/airflow/.local/lib/python3.8/site-packages/airflow/example_dags/example_sensor_decorator.py took 0.047 seconds
[2025-03-11T12:24:16.705+0000] {processor.py:157} INFO - Started process (PID=351) to work on /home/airflow/.local/lib/python3.8/site-packages/airflow/example_dags/example_sensor_decorator.py
[2025-03-11T12:24:16.706+0000] {processor.py:829} INFO - Processing file /home/airflow/.local/lib/python3.8/site-packages/airflow/example_dags/example_sensor_decorator.py for tasks to queue
[2025-03-11T12:24:16.707+0000] {logging_mixin.py:154} INFO - [2025-03-11T12:24:16.707+0000] {dagbag.py:536} INFO - Filling up the DagBag from /home/airflow/.local/lib/python3.8/site-packages/airflow/example_dags/example_sensor_decorator.py
[2025-03-11T12:24:16.712+0000] {processor.py:839} INFO - DAG(s) dict_keys(['example_sensor_decorator']) retrieved from /home/airflow/.local/lib/python3.8/site-packages/airflow/example_dags/example_sensor_decorator.py
[2025-03-11T12:24:16.724+0000] {logging_mixin.py:154} INFO - [2025-03-11T12:24:16.724+0000] {dag.py:2941} INFO - Sync 1 DAGs
[2025-03-11T12:24:16.731+0000] {logging_mixin.py:154} INFO - [2025-03-11T12:24:16.731+0000] {dag.py:3722} INFO - Setting next_dagrun for example_sensor_decorator to None, run_after=None
[2025-03-11T12:24:16.742+0000] {processor.py:179} INFO - Processing /home/airflow/.local/lib/python3.8/site-packages/airflow/example_dags/example_sensor_decorator.py took 0.040 seconds
[2025-03-11T12:24:47.368+0000] {processor.py:157} INFO - Started process (PID=407) to work on /home/airflow/.local/lib/python3.8/site-packages/airflow/example_dags/example_sensor_decorator.py
[2025-03-11T12:24:47.369+0000] {processor.py:829} INFO - Processing file /home/airflow/.local/lib/python3.8/site-packages/airflow/example_dags/example_sensor_decorator.py for tasks to queue
[2025-03-11T12:24:47.371+0000] {logging_mixin.py:154} INFO - [2025-03-11T12:24:47.371+0000] {dagbag.py:536} INFO - Filling up the DagBag from /home/airflow/.local/lib/python3.8/site-packages/airflow/example_dags/example_sensor_decorator.py
[2025-03-11T12:24:47.374+0000] {processor.py:839} INFO - DAG(s) dict_keys(['example_sensor_decorator']) retrieved from /home/airflow/.local/lib/python3.8/site-packages/airflow/example_dags/example_sensor_decorator.py
[2025-03-11T12:24:47.383+0000] {logging_mixin.py:154} INFO - [2025-03-11T12:24:47.383+0000] {dag.py:2941} INFO - Sync 1 DAGs
[2025-03-11T12:24:47.388+0000] {logging_mixin.py:154} INFO - [2025-03-11T12:24:47.388+0000] {dag.py:3722} INFO - Setting next_dagrun for example_sensor_decorator to None, run_after=None
[2025-03-11T12:24:47.395+0000] {processor.py:179} INFO - Processing /home/airflow/.local/lib/python3.8/site-packages/airflow/example_dags/example_sensor_decorator.py took 0.029 seconds
[2025-03-11T12:25:17.841+0000] {processor.py:157} INFO - Started process (PID=463) to work on /home/airflow/.local/lib/python3.8/site-packages/airflow/example_dags/example_sensor_decorator.py
[2025-03-11T12:25:17.842+0000] {processor.py:829} INFO - Processing file /home/airflow/.local/lib/python3.8/site-packages/airflow/example_dags/example_sensor_decorator.py for tasks to queue
[2025-03-11T12:25:17.843+0000] {logging_mixin.py:154} INFO - [2025-03-11T12:25:17.843+0000] {dagbag.py:536} INFO - Filling up the DagBag from /home/airflow/.local/lib/python3.8/site-packages/airflow/example_dags/example_sensor_decorator.py
[2025-03-11T12:25:17.847+0000] {processor.py:839} INFO - DAG(s) dict_keys(['example_sensor_decorator']) retrieved from /home/airflow/.local/lib/python3.8/site-packages/airflow/example_dags/example_sensor_decorator.py
[2025-03-11T12:25:17.857+0000] {logging_mixin.py:154} INFO - [2025-03-11T12:25:17.857+0000] {dag.py:2941} INFO - Sync 1 DAGs
[2025-03-11T12:25:17.862+0000] {logging_mixin.py:154} INFO - [2025-03-11T12:25:17.862+0000] {dag.py:3722} INFO - Setting next_dagrun for example_sensor_decorator to None, run_after=None
[2025-03-11T12:25:17.869+0000] {processor.py:179} INFO - Processing /home/airflow/.local/lib/python3.8/site-packages/airflow/example_dags/example_sensor_decorator.py took 0.029 seconds
[2025-03-11T12:25:48.271+0000] {processor.py:157} INFO - Started process (PID=519) to work on /home/airflow/.local/lib/python3.8/site-packages/airflow/example_dags/example_sensor_decorator.py
[2025-03-11T12:25:48.272+0000] {processor.py:829} INFO - Processing file /home/airflow/.local/lib/python3.8/site-packages/airflow/example_dags/example_sensor_decorator.py for tasks to queue
[2025-03-11T12:25:48.274+0000] {logging_mixin.py:154} INFO - [2025-03-11T12:25:48.274+0000] {dagbag.py:536} INFO - Filling up the DagBag from /home/airflow/.local/lib/python3.8/site-packages/airflow/example_dags/example_sensor_decorator.py
[2025-03-11T12:25:48.277+0000] {processor.py:839} INFO - DAG(s) dict_keys(['example_sensor_decorator']) retrieved from /home/airflow/.local/lib/python3.8/site-packages/airflow/example_dags/example_sensor_decorator.py
[2025-03-11T12:25:48.285+0000] {logging_mixin.py:154} INFO - [2025-03-11T12:25:48.285+0000] {dag.py:2941} INFO - Sync 1 DAGs
[2025-03-11T12:25:48.290+0000] {logging_mixin.py:154} INFO - [2025-03-11T12:25:48.290+0000] {dag.py:3722} INFO - Setting next_dagrun for example_sensor_decorator to None, run_after=None
[2025-03-11T12:25:48.297+0000] {processor.py:179} INFO - Processing /home/airflow/.local/lib/python3.8/site-packages/airflow/example_dags/example_sensor_decorator.py took 0.027 seconds
[2025-03-11T12:26:18.769+0000] {processor.py:157} INFO - Started process (PID=575) to work on /home/airflow/.local/lib/python3.8/site-packages/airflow/example_dags/example_sensor_decorator.py
[2025-03-11T12:26:18.772+0000] {processor.py:829} INFO - Processing file /home/airflow/.local/lib/python3.8/site-packages/airflow/example_dags/example_sensor_decorator.py for tasks to queue
[2025-03-11T12:26:18.773+0000] {logging_mixin.py:154} INFO - [2025-03-11T12:26:18.773+0000] {dagbag.py:536} INFO - Filling up the DagBag from /home/airflow/.local/lib/python3.8/site-packages/airflow/example_dags/example_sensor_decorator.py
[2025-03-11T12:26:18.776+0000] {processor.py:839} INFO - DAG(s) dict_keys(['example_sensor_decorator']) retrieved from /home/airflow/.local/lib/python3.8/site-packages/airflow/example_dags/example_sensor_decorator.py
[2025-03-11T12:26:18.786+0000] {logging_mixin.py:154} INFO - [2025-03-11T12:26:18.786+0000] {dag.py:2941} INFO - Sync 1 DAGs
[2025-03-11T12:26:18.791+0000] {logging_mixin.py:154} INFO - [2025-03-11T12:26:18.791+0000] {dag.py:3722} INFO - Setting next_dagrun for example_sensor_decorator to None, run_after=None
[2025-03-11T12:26:18.800+0000] {processor.py:179} INFO - Processing /home/airflow/.local/lib/python3.8/site-packages/airflow/example_dags/example_sensor_decorator.py took 0.032 seconds
[2025-03-11T12:26:49.343+0000] {processor.py:157} INFO - Started process (PID=631) to work on /home/airflow/.local/lib/python3.8/site-packages/airflow/example_dags/example_sensor_decorator.py
[2025-03-11T12:26:49.344+0000] {processor.py:829} INFO - Processing file /home/airflow/.local/lib/python3.8/site-packages/airflow/example_dags/example_sensor_decorator.py for tasks to queue
[2025-03-11T12:26:49.346+0000] {logging_mixin.py:154} INFO - [2025-03-11T12:26:49.346+0000] {dagbag.py:536} INFO - Filling up the DagBag from /home/airflow/.local/lib/python3.8/site-packages/airflow/example_dags/example_sensor_decorator.py
[2025-03-11T12:26:49.352+0000] {processor.py:839} INFO - DAG(s) dict_keys(['example_sensor_decorator']) retrieved from /home/airflow/.local/lib/python3.8/site-packages/airflow/example_dags/example_sensor_decorator.py
[2025-03-11T12:26:49.365+0000] {logging_mixin.py:154} INFO - [2025-03-11T12:26:49.364+0000] {dag.py:2941} INFO - Sync 1 DAGs
[2025-03-11T12:26:49.371+0000] {logging_mixin.py:154} INFO - [2025-03-11T12:26:49.371+0000] {dag.py:3722} INFO - Setting next_dagrun for example_sensor_decorator to None, run_after=None
[2025-03-11T12:26:49.380+0000] {processor.py:179} INFO - Processing /home/airflow/.local/lib/python3.8/site-packages/airflow/example_dags/example_sensor_decorator.py took 0.039 seconds
[2025-03-11T12:27:19.932+0000] {processor.py:157} INFO - Started process (PID=687) to work on /home/airflow/.local/lib/python3.8/site-packages/airflow/example_dags/example_sensor_decorator.py
[2025-03-11T12:27:19.932+0000] {processor.py:829} INFO - Processing file /home/airflow/.local/lib/python3.8/site-packages/airflow/example_dags/example_sensor_decorator.py for tasks to queue
[2025-03-11T12:27:19.933+0000] {logging_mixin.py:154} INFO - [2025-03-11T12:27:19.933+0000] {dagbag.py:536} INFO - Filling up the DagBag from /home/airflow/.local/lib/python3.8/site-packages/airflow/example_dags/example_sensor_decorator.py
[2025-03-11T12:27:19.936+0000] {processor.py:839} INFO - DAG(s) dict_keys(['example_sensor_decorator']) retrieved from /home/airflow/.local/lib/python3.8/site-packages/airflow/example_dags/example_sensor_decorator.py
[2025-03-11T12:27:19.945+0000] {logging_mixin.py:154} INFO - [2025-03-11T12:27:19.945+0000] {dag.py:2941} INFO - Sync 1 DAGs
[2025-03-11T12:27:19.951+0000] {logging_mixin.py:154} INFO - [2025-03-11T12:27:19.950+0000] {dag.py:3722} INFO - Setting next_dagrun for example_sensor_decorator to None, run_after=None
[2025-03-11T12:27:19.957+0000] {processor.py:179} INFO - Processing /home/airflow/.local/lib/python3.8/site-packages/airflow/example_dags/example_sensor_decorator.py took 0.026 seconds
[2025-03-11T12:27:50.333+0000] {processor.py:157} INFO - Started process (PID=743) to work on /home/airflow/.local/lib/python3.8/site-packages/airflow/example_dags/example_sensor_decorator.py
[2025-03-11T12:27:50.335+0000] {processor.py:829} INFO - Processing file /home/airflow/.local/lib/python3.8/site-packages/airflow/example_dags/example_sensor_decorator.py for tasks to queue
[2025-03-11T12:27:50.336+0000] {logging_mixin.py:154} INFO - [2025-03-11T12:27:50.335+0000] {dagbag.py:536} INFO - Filling up the DagBag from /home/airflow/.local/lib/python3.8/site-packages/airflow/example_dags/example_sensor_decorator.py
[2025-03-11T12:27:50.340+0000] {processor.py:839} INFO - DAG(s) dict_keys(['example_sensor_decorator']) retrieved from /home/airflow/.local/lib/python3.8/site-packages/airflow/example_dags/example_sensor_decorator.py
[2025-03-11T12:27:50.352+0000] {logging_mixin.py:154} INFO - [2025-03-11T12:27:50.352+0000] {dag.py:2941} INFO - Sync 1 DAGs
[2025-03-11T12:27:50.357+0000] {logging_mixin.py:154} INFO - [2025-03-11T12:27:50.357+0000] {dag.py:3722} INFO - Setting next_dagrun for example_sensor_decorator to None, run_after=None
[2025-03-11T12:27:50.366+0000] {processor.py:179} INFO - Processing /home/airflow/.local/lib/python3.8/site-packages/airflow/example_dags/example_sensor_decorator.py took 0.035 seconds
[2025-03-11T12:28:20.882+0000] {processor.py:157} INFO - Started process (PID=799) to work on /home/airflow/.local/lib/python3.8/site-packages/airflow/example_dags/example_sensor_decorator.py
[2025-03-11T12:28:20.883+0000] {processor.py:829} INFO - Processing file /home/airflow/.local/lib/python3.8/site-packages/airflow/example_dags/example_sensor_decorator.py for tasks to queue
[2025-03-11T12:28:20.885+0000] {logging_mixin.py:154} INFO - [2025-03-11T12:28:20.885+0000] {dagbag.py:536} INFO - Filling up the DagBag from /home/airflow/.local/lib/python3.8/site-packages/airflow/example_dags/example_sensor_decorator.py
[2025-03-11T12:28:20.888+0000] {processor.py:839} INFO - DAG(s) dict_keys(['example_sensor_decorator']) retrieved from /home/airflow/.local/lib/python3.8/site-packages/airflow/example_dags/example_sensor_decorator.py
[2025-03-11T12:28:20.901+0000] {logging_mixin.py:154} INFO - [2025-03-11T12:28:20.900+0000] {dag.py:2941} INFO - Sync 1 DAGs
[2025-03-11T12:28:20.905+0000] {logging_mixin.py:154} INFO - [2025-03-11T12:28:20.905+0000] {dag.py:3722} INFO - Setting next_dagrun for example_sensor_decorator to None, run_after=None
[2025-03-11T12:28:20.914+0000] {processor.py:179} INFO - Processing /home/airflow/.local/lib/python3.8/site-packages/airflow/example_dags/example_sensor_decorator.py took 0.033 seconds
[2025-03-11T12:28:51.424+0000] {processor.py:157} INFO - Started process (PID=855) to work on /home/airflow/.local/lib/python3.8/site-packages/airflow/example_dags/example_sensor_decorator.py
[2025-03-11T12:28:51.425+0000] {processor.py:829} INFO - Processing file /home/airflow/.local/lib/python3.8/site-packages/airflow/example_dags/example_sensor_decorator.py for tasks to queue
[2025-03-11T12:28:51.426+0000] {logging_mixin.py:154} INFO - [2025-03-11T12:28:51.425+0000] {dagbag.py:536} INFO - Filling up the DagBag from /home/airflow/.local/lib/python3.8/site-packages/airflow/example_dags/example_sensor_decorator.py
[2025-03-11T12:28:51.429+0000] {processor.py:839} INFO - DAG(s) dict_keys(['example_sensor_decorator']) retrieved from /home/airflow/.local/lib/python3.8/site-packages/airflow/example_dags/example_sensor_decorator.py
[2025-03-11T12:28:51.438+0000] {logging_mixin.py:154} INFO - [2025-03-11T12:28:51.438+0000] {dag.py:2941} INFO - Sync 1 DAGs
[2025-03-11T12:28:51.443+0000] {logging_mixin.py:154} INFO - [2025-03-11T12:28:51.443+0000] {dag.py:3722} INFO - Setting next_dagrun for example_sensor_decorator to None, run_after=None
[2025-03-11T12:28:51.451+0000] {processor.py:179} INFO - Processing /home/airflow/.local/lib/python3.8/site-packages/airflow/example_dags/example_sensor_decorator.py took 0.029 seconds
[2025-03-11T12:29:21.963+0000] {processor.py:157} INFO - Started process (PID=911) to work on /home/airflow/.local/lib/python3.8/site-packages/airflow/example_dags/example_sensor_decorator.py
[2025-03-11T12:29:21.964+0000] {processor.py:829} INFO - Processing file /home/airflow/.local/lib/python3.8/site-packages/airflow/example_dags/example_sensor_decorator.py for tasks to queue
[2025-03-11T12:29:21.965+0000] {logging_mixin.py:154} INFO - [2025-03-11T12:29:21.965+0000] {dagbag.py:536} INFO - Filling up the DagBag from /home/airflow/.local/lib/python3.8/site-packages/airflow/example_dags/example_sensor_decorator.py
[2025-03-11T12:29:21.969+0000] {processor.py:839} INFO - DAG(s) dict_keys(['example_sensor_decorator']) retrieved from /home/airflow/.local/lib/python3.8/site-packages/airflow/example_dags/example_sensor_decorator.py
[2025-03-11T12:29:21.981+0000] {logging_mixin.py:154} INFO - [2025-03-11T12:29:21.981+0000] {dag.py:2941} INFO - Sync 1 DAGs
[2025-03-11T12:29:21.987+0000] {logging_mixin.py:154} INFO - [2025-03-11T12:29:21.987+0000] {dag.py:3722} INFO - Setting next_dagrun for example_sensor_decorator to None, run_after=None
[2025-03-11T12:29:21.994+0000] {processor.py:179} INFO - Processing /home/airflow/.local/lib/python3.8/site-packages/airflow/example_dags/example_sensor_decorator.py took 0.033 seconds
[2025-03-11T12:29:52.314+0000] {processor.py:157} INFO - Started process (PID=967) to work on /home/airflow/.local/lib/python3.8/site-packages/airflow/example_dags/example_sensor_decorator.py
[2025-03-11T12:29:52.316+0000] {processor.py:829} INFO - Processing file /home/airflow/.local/lib/python3.8/site-packages/airflow/example_dags/example_sensor_decorator.py for tasks to queue
[2025-03-11T12:29:52.317+0000] {logging_mixin.py:154} INFO - [2025-03-11T12:29:52.317+0000] {dagbag.py:536} INFO - Filling up the DagBag from /home/airflow/.local/lib/python3.8/site-packages/airflow/example_dags/example_sensor_decorator.py
[2025-03-11T12:29:52.320+0000] {processor.py:839} INFO - DAG(s) dict_keys(['example_sensor_decorator']) retrieved from /home/airflow/.local/lib/python3.8/site-packages/airflow/example_dags/example_sensor_decorator.py
[2025-03-11T12:29:52.329+0000] {logging_mixin.py:154} INFO - [2025-03-11T12:29:52.329+0000] {dag.py:2941} INFO - Sync 1 DAGs
[2025-03-11T12:29:52.334+0000] {logging_mixin.py:154} INFO - [2025-03-11T12:29:52.334+0000] {dag.py:3722} INFO - Setting next_dagrun for example_sensor_decorator to None, run_after=None
[2025-03-11T12:29:52.341+0000] {processor.py:179} INFO - Processing /home/airflow/.local/lib/python3.8/site-packages/airflow/example_dags/example_sensor_decorator.py took 0.029 seconds
[2025-03-11T12:30:22.888+0000] {processor.py:157} INFO - Started process (PID=1023) to work on /home/airflow/.local/lib/python3.8/site-packages/airflow/example_dags/example_sensor_decorator.py
[2025-03-11T12:30:22.889+0000] {processor.py:829} INFO - Processing file /home/airflow/.local/lib/python3.8/site-packages/airflow/example_dags/example_sensor_decorator.py for tasks to queue
[2025-03-11T12:30:22.891+0000] {logging_mixin.py:154} INFO - [2025-03-11T12:30:22.891+0000] {dagbag.py:536} INFO - Filling up the DagBag from /home/airflow/.local/lib/python3.8/site-packages/airflow/example_dags/example_sensor_decorator.py
[2025-03-11T12:30:22.895+0000] {processor.py:839} INFO - DAG(s) dict_keys(['example_sensor_decorator']) retrieved from /home/airflow/.local/lib/python3.8/site-packages/airflow/example_dags/example_sensor_decorator.py
[2025-03-11T12:30:22.905+0000] {logging_mixin.py:154} INFO - [2025-03-11T12:30:22.905+0000] {dag.py:2941} INFO - Sync 1 DAGs
[2025-03-11T12:30:22.910+0000] {logging_mixin.py:154} INFO - [2025-03-11T12:30:22.910+0000] {dag.py:3722} INFO - Setting next_dagrun for example_sensor_decorator to None, run_after=None
[2025-03-11T12:30:22.917+0000] {processor.py:179} INFO - Processing /home/airflow/.local/lib/python3.8/site-packages/airflow/example_dags/example_sensor_decorator.py took 0.030 seconds
[2025-03-11T12:30:42.799+0000] {processor.py:157} INFO - Started process (PID=65) to work on /home/airflow/.local/lib/python3.8/site-packages/airflow/example_dags/example_sensor_decorator.py
[2025-03-11T12:30:42.800+0000] {processor.py:829} INFO - Processing file /home/airflow/.local/lib/python3.8/site-packages/airflow/example_dags/example_sensor_decorator.py for tasks to queue
[2025-03-11T12:30:42.801+0000] {logging_mixin.py:154} INFO - [2025-03-11T12:30:42.801+0000] {dagbag.py:536} INFO - Filling up the DagBag from /home/airflow/.local/lib/python3.8/site-packages/airflow/example_dags/example_sensor_decorator.py
[2025-03-11T12:30:42.905+0000] {processor.py:839} INFO - DAG(s) dict_keys(['example_sensor_decorator']) retrieved from /home/airflow/.local/lib/python3.8/site-packages/airflow/example_dags/example_sensor_decorator.py
[2025-03-11T12:30:42.911+0000] {logging_mixin.py:154} INFO - [2025-03-11T12:30:42.910+0000] {dag.py:2941} INFO - Sync 1 DAGs
[2025-03-11T12:30:42.916+0000] {logging_mixin.py:154} INFO - [2025-03-11T12:30:42.916+0000] {dag.py:3722} INFO - Setting next_dagrun for example_sensor_decorator to None, run_after=None
[2025-03-11T12:30:42.924+0000] {processor.py:179} INFO - Processing /home/airflow/.local/lib/python3.8/site-packages/airflow/example_dags/example_sensor_decorator.py took 0.126 seconds
[2025-03-11T12:31:13.538+0000] {processor.py:157} INFO - Started process (PID=121) to work on /home/airflow/.local/lib/python3.8/site-packages/airflow/example_dags/example_sensor_decorator.py
[2025-03-11T12:31:13.539+0000] {processor.py:829} INFO - Processing file /home/airflow/.local/lib/python3.8/site-packages/airflow/example_dags/example_sensor_decorator.py for tasks to queue
[2025-03-11T12:31:13.540+0000] {logging_mixin.py:154} INFO - [2025-03-11T12:31:13.540+0000] {dagbag.py:536} INFO - Filling up the DagBag from /home/airflow/.local/lib/python3.8/site-packages/airflow/example_dags/example_sensor_decorator.py
[2025-03-11T12:31:13.543+0000] {processor.py:839} INFO - DAG(s) dict_keys(['example_sensor_decorator']) retrieved from /home/airflow/.local/lib/python3.8/site-packages/airflow/example_dags/example_sensor_decorator.py
[2025-03-11T12:31:13.554+0000] {logging_mixin.py:154} INFO - [2025-03-11T12:31:13.554+0000] {dag.py:2941} INFO - Sync 1 DAGs
[2025-03-11T12:31:13.559+0000] {logging_mixin.py:154} INFO - [2025-03-11T12:31:13.559+0000] {dag.py:3722} INFO - Setting next_dagrun for example_sensor_decorator to None, run_after=None
[2025-03-11T12:31:13.566+0000] {processor.py:179} INFO - Processing /home/airflow/.local/lib/python3.8/site-packages/airflow/example_dags/example_sensor_decorator.py took 0.030 seconds
[2025-03-11T12:31:44.079+0000] {processor.py:157} INFO - Started process (PID=177) to work on /home/airflow/.local/lib/python3.8/site-packages/airflow/example_dags/example_sensor_decorator.py
[2025-03-11T12:31:44.080+0000] {processor.py:829} INFO - Processing file /home/airflow/.local/lib/python3.8/site-packages/airflow/example_dags/example_sensor_decorator.py for tasks to queue
[2025-03-11T12:31:44.082+0000] {logging_mixin.py:154} INFO - [2025-03-11T12:31:44.082+0000] {dagbag.py:536} INFO - Filling up the DagBag from /home/airflow/.local/lib/python3.8/site-packages/airflow/example_dags/example_sensor_decorator.py
[2025-03-11T12:31:44.086+0000] {processor.py:839} INFO - DAG(s) dict_keys(['example_sensor_decorator']) retrieved from /home/airflow/.local/lib/python3.8/site-packages/airflow/example_dags/example_sensor_decorator.py
[2025-03-11T12:31:44.101+0000] {logging_mixin.py:154} INFO - [2025-03-11T12:31:44.100+0000] {dag.py:2941} INFO - Sync 1 DAGs
[2025-03-11T12:31:44.106+0000] {logging_mixin.py:154} INFO - [2025-03-11T12:31:44.106+0000] {dag.py:3722} INFO - Setting next_dagrun for example_sensor_decorator to None, run_after=None
[2025-03-11T12:31:44.113+0000] {processor.py:179} INFO - Processing /home/airflow/.local/lib/python3.8/site-packages/airflow/example_dags/example_sensor_decorator.py took 0.037 seconds
[2025-03-11T12:32:14.602+0000] {processor.py:157} INFO - Started process (PID=233) to work on /home/airflow/.local/lib/python3.8/site-packages/airflow/example_dags/example_sensor_decorator.py
[2025-03-11T12:32:14.603+0000] {processor.py:829} INFO - Processing file /home/airflow/.local/lib/python3.8/site-packages/airflow/example_dags/example_sensor_decorator.py for tasks to queue
[2025-03-11T12:32:14.604+0000] {logging_mixin.py:154} INFO - [2025-03-11T12:32:14.604+0000] {dagbag.py:536} INFO - Filling up the DagBag from /home/airflow/.local/lib/python3.8/site-packages/airflow/example_dags/example_sensor_decorator.py
[2025-03-11T12:32:14.608+0000] {processor.py:839} INFO - DAG(s) dict_keys(['example_sensor_decorator']) retrieved from /home/airflow/.local/lib/python3.8/site-packages/airflow/example_dags/example_sensor_decorator.py
[2025-03-11T12:32:14.617+0000] {logging_mixin.py:154} INFO - [2025-03-11T12:32:14.617+0000] {dag.py:2941} INFO - Sync 1 DAGs
[2025-03-11T12:32:14.622+0000] {logging_mixin.py:154} INFO - [2025-03-11T12:32:14.622+0000] {dag.py:3722} INFO - Setting next_dagrun for example_sensor_decorator to None, run_after=None
[2025-03-11T12:32:14.629+0000] {processor.py:179} INFO - Processing /home/airflow/.local/lib/python3.8/site-packages/airflow/example_dags/example_sensor_decorator.py took 0.028 seconds
[2025-03-11T12:32:45.088+0000] {processor.py:157} INFO - Started process (PID=289) to work on /home/airflow/.local/lib/python3.8/site-packages/airflow/example_dags/example_sensor_decorator.py
[2025-03-11T12:32:45.090+0000] {processor.py:829} INFO - Processing file /home/airflow/.local/lib/python3.8/site-packages/airflow/example_dags/example_sensor_decorator.py for tasks to queue
[2025-03-11T12:32:45.090+0000] {logging_mixin.py:154} INFO - [2025-03-11T12:32:45.090+0000] {dagbag.py:536} INFO - Filling up the DagBag from /home/airflow/.local/lib/python3.8/site-packages/airflow/example_dags/example_sensor_decorator.py
[2025-03-11T12:32:45.095+0000] {processor.py:839} INFO - DAG(s) dict_keys(['example_sensor_decorator']) retrieved from /home/airflow/.local/lib/python3.8/site-packages/airflow/example_dags/example_sensor_decorator.py
[2025-03-11T12:32:45.108+0000] {logging_mixin.py:154} INFO - [2025-03-11T12:32:45.107+0000] {dag.py:2941} INFO - Sync 1 DAGs
[2025-03-11T12:32:45.113+0000] {logging_mixin.py:154} INFO - [2025-03-11T12:32:45.113+0000] {dag.py:3722} INFO - Setting next_dagrun for example_sensor_decorator to None, run_after=None
[2025-03-11T12:32:45.119+0000] {processor.py:179} INFO - Processing /home/airflow/.local/lib/python3.8/site-packages/airflow/example_dags/example_sensor_decorator.py took 0.033 seconds
[2025-03-11T12:33:15.496+0000] {processor.py:157} INFO - Started process (PID=352) to work on /home/airflow/.local/lib/python3.8/site-packages/airflow/example_dags/example_sensor_decorator.py
[2025-03-11T12:33:15.497+0000] {processor.py:829} INFO - Processing file /home/airflow/.local/lib/python3.8/site-packages/airflow/example_dags/example_sensor_decorator.py for tasks to queue
[2025-03-11T12:33:15.498+0000] {logging_mixin.py:154} INFO - [2025-03-11T12:33:15.498+0000] {dagbag.py:536} INFO - Filling up the DagBag from /home/airflow/.local/lib/python3.8/site-packages/airflow/example_dags/example_sensor_decorator.py
[2025-03-11T12:33:15.503+0000] {processor.py:839} INFO - DAG(s) dict_keys(['example_sensor_decorator']) retrieved from /home/airflow/.local/lib/python3.8/site-packages/airflow/example_dags/example_sensor_decorator.py
[2025-03-11T12:33:15.513+0000] {logging_mixin.py:154} INFO - [2025-03-11T12:33:15.513+0000] {dag.py:2941} INFO - Sync 1 DAGs
[2025-03-11T12:33:15.518+0000] {logging_mixin.py:154} INFO - [2025-03-11T12:33:15.518+0000] {dag.py:3722} INFO - Setting next_dagrun for example_sensor_decorator to None, run_after=None
[2025-03-11T12:33:15.525+0000] {processor.py:179} INFO - Processing /home/airflow/.local/lib/python3.8/site-packages/airflow/example_dags/example_sensor_decorator.py took 0.031 seconds
[2025-03-11T12:33:46.014+0000] {processor.py:157} INFO - Started process (PID=408) to work on /home/airflow/.local/lib/python3.8/site-packages/airflow/example_dags/example_sensor_decorator.py
[2025-03-11T12:33:46.015+0000] {processor.py:829} INFO - Processing file /home/airflow/.local/lib/python3.8/site-packages/airflow/example_dags/example_sensor_decorator.py for tasks to queue
[2025-03-11T12:33:46.016+0000] {logging_mixin.py:154} INFO - [2025-03-11T12:33:46.016+0000] {dagbag.py:536} INFO - Filling up the DagBag from /home/airflow/.local/lib/python3.8/site-packages/airflow/example_dags/example_sensor_decorator.py
[2025-03-11T12:33:46.021+0000] {processor.py:839} INFO - DAG(s) dict_keys(['example_sensor_decorator']) retrieved from /home/airflow/.local/lib/python3.8/site-packages/airflow/example_dags/example_sensor_decorator.py
[2025-03-11T12:33:46.031+0000] {logging_mixin.py:154} INFO - [2025-03-11T12:33:46.031+0000] {dag.py:2941} INFO - Sync 1 DAGs
[2025-03-11T12:33:46.036+0000] {logging_mixin.py:154} INFO - [2025-03-11T12:33:46.036+0000] {dag.py:3722} INFO - Setting next_dagrun for example_sensor_decorator to None, run_after=None
[2025-03-11T12:33:46.043+0000] {processor.py:179} INFO - Processing /home/airflow/.local/lib/python3.8/site-packages/airflow/example_dags/example_sensor_decorator.py took 0.031 seconds
[2025-03-11T12:34:16.419+0000] {processor.py:157} INFO - Started process (PID=464) to work on /home/airflow/.local/lib/python3.8/site-packages/airflow/example_dags/example_sensor_decorator.py
[2025-03-11T12:34:16.420+0000] {processor.py:829} INFO - Processing file /home/airflow/.local/lib/python3.8/site-packages/airflow/example_dags/example_sensor_decorator.py for tasks to queue
[2025-03-11T12:34:16.421+0000] {logging_mixin.py:154} INFO - [2025-03-11T12:34:16.420+0000] {dagbag.py:536} INFO - Filling up the DagBag from /home/airflow/.local/lib/python3.8/site-packages/airflow/example_dags/example_sensor_decorator.py
[2025-03-11T12:34:16.423+0000] {processor.py:839} INFO - DAG(s) dict_keys(['example_sensor_decorator']) retrieved from /home/airflow/.local/lib/python3.8/site-packages/airflow/example_dags/example_sensor_decorator.py
[2025-03-11T12:34:16.432+0000] {logging_mixin.py:154} INFO - [2025-03-11T12:34:16.432+0000] {dag.py:2941} INFO - Sync 1 DAGs
[2025-03-11T12:34:16.437+0000] {logging_mixin.py:154} INFO - [2025-03-11T12:34:16.437+0000] {dag.py:3722} INFO - Setting next_dagrun for example_sensor_decorator to None, run_after=None
[2025-03-11T12:34:16.444+0000] {processor.py:179} INFO - Processing /home/airflow/.local/lib/python3.8/site-packages/airflow/example_dags/example_sensor_decorator.py took 0.027 seconds
[2025-03-11T12:34:47.040+0000] {processor.py:157} INFO - Started process (PID=520) to work on /home/airflow/.local/lib/python3.8/site-packages/airflow/example_dags/example_sensor_decorator.py
[2025-03-11T12:34:47.040+0000] {processor.py:829} INFO - Processing file /home/airflow/.local/lib/python3.8/site-packages/airflow/example_dags/example_sensor_decorator.py for tasks to queue
[2025-03-11T12:34:47.041+0000] {logging_mixin.py:154} INFO - [2025-03-11T12:34:47.041+0000] {dagbag.py:536} INFO - Filling up the DagBag from /home/airflow/.local/lib/python3.8/site-packages/airflow/example_dags/example_sensor_decorator.py
[2025-03-11T12:34:47.044+0000] {processor.py:839} INFO - DAG(s) dict_keys(['example_sensor_decorator']) retrieved from /home/airflow/.local/lib/python3.8/site-packages/airflow/example_dags/example_sensor_decorator.py
[2025-03-11T12:34:47.054+0000] {logging_mixin.py:154} INFO - [2025-03-11T12:34:47.054+0000] {dag.py:2941} INFO - Sync 1 DAGs
[2025-03-11T12:34:47.059+0000] {logging_mixin.py:154} INFO - [2025-03-11T12:34:47.059+0000] {dag.py:3722} INFO - Setting next_dagrun for example_sensor_decorator to None, run_after=None
[2025-03-11T12:34:47.067+0000] {processor.py:179} INFO - Processing /home/airflow/.local/lib/python3.8/site-packages/airflow/example_dags/example_sensor_decorator.py took 0.029 seconds
[2025-03-11T12:35:17.577+0000] {processor.py:157} INFO - Started process (PID=576) to work on /home/airflow/.local/lib/python3.8/site-packages/airflow/example_dags/example_sensor_decorator.py
[2025-03-11T12:35:17.579+0000] {processor.py:829} INFO - Processing file /home/airflow/.local/lib/python3.8/site-packages/airflow/example_dags/example_sensor_decorator.py for tasks to queue
[2025-03-11T12:35:17.580+0000] {logging_mixin.py:154} INFO - [2025-03-11T12:35:17.580+0000] {dagbag.py:536} INFO - Filling up the DagBag from /home/airflow/.local/lib/python3.8/site-packages/airflow/example_dags/example_sensor_decorator.py
[2025-03-11T12:35:17.583+0000] {processor.py:839} INFO - DAG(s) dict_keys(['example_sensor_decorator']) retrieved from /home/airflow/.local/lib/python3.8/site-packages/airflow/example_dags/example_sensor_decorator.py
[2025-03-11T12:35:17.593+0000] {logging_mixin.py:154} INFO - [2025-03-11T12:35:17.592+0000] {dag.py:2941} INFO - Sync 1 DAGs
[2025-03-11T12:35:17.598+0000] {logging_mixin.py:154} INFO - [2025-03-11T12:35:17.597+0000] {dag.py:3722} INFO - Setting next_dagrun for example_sensor_decorator to None, run_after=None
[2025-03-11T12:35:17.604+0000] {processor.py:179} INFO - Processing /home/airflow/.local/lib/python3.8/site-packages/airflow/example_dags/example_sensor_decorator.py took 0.029 seconds
[2025-03-11T12:35:48.088+0000] {processor.py:157} INFO - Started process (PID=632) to work on /home/airflow/.local/lib/python3.8/site-packages/airflow/example_dags/example_sensor_decorator.py
[2025-03-11T12:35:48.089+0000] {processor.py:829} INFO - Processing file /home/airflow/.local/lib/python3.8/site-packages/airflow/example_dags/example_sensor_decorator.py for tasks to queue
[2025-03-11T12:35:48.091+0000] {logging_mixin.py:154} INFO - [2025-03-11T12:35:48.090+0000] {dagbag.py:536} INFO - Filling up the DagBag from /home/airflow/.local/lib/python3.8/site-packages/airflow/example_dags/example_sensor_decorator.py
[2025-03-11T12:35:48.094+0000] {processor.py:839} INFO - DAG(s) dict_keys(['example_sensor_decorator']) retrieved from /home/airflow/.local/lib/python3.8/site-packages/airflow/example_dags/example_sensor_decorator.py
[2025-03-11T12:35:48.104+0000] {logging_mixin.py:154} INFO - [2025-03-11T12:35:48.104+0000] {dag.py:2941} INFO - Sync 1 DAGs
[2025-03-11T12:35:48.112+0000] {logging_mixin.py:154} INFO - [2025-03-11T12:35:48.112+0000] {dag.py:3722} INFO - Setting next_dagrun for example_sensor_decorator to None, run_after=None
[2025-03-11T12:35:48.119+0000] {processor.py:179} INFO - Processing /home/airflow/.local/lib/python3.8/site-packages/airflow/example_dags/example_sensor_decorator.py took 0.032 seconds
[2025-03-11T12:36:18.543+0000] {processor.py:157} INFO - Started process (PID=688) to work on /home/airflow/.local/lib/python3.8/site-packages/airflow/example_dags/example_sensor_decorator.py
[2025-03-11T12:36:18.545+0000] {processor.py:829} INFO - Processing file /home/airflow/.local/lib/python3.8/site-packages/airflow/example_dags/example_sensor_decorator.py for tasks to queue
[2025-03-11T12:36:18.546+0000] {logging_mixin.py:154} INFO - [2025-03-11T12:36:18.546+0000] {dagbag.py:536} INFO - Filling up the DagBag from /home/airflow/.local/lib/python3.8/site-packages/airflow/example_dags/example_sensor_decorator.py
[2025-03-11T12:36:18.548+0000] {processor.py:839} INFO - DAG(s) dict_keys(['example_sensor_decorator']) retrieved from /home/airflow/.local/lib/python3.8/site-packages/airflow/example_dags/example_sensor_decorator.py
[2025-03-11T12:36:18.563+0000] {logging_mixin.py:154} INFO - [2025-03-11T12:36:18.562+0000] {dag.py:2941} INFO - Sync 1 DAGs
[2025-03-11T12:36:18.569+0000] {logging_mixin.py:154} INFO - [2025-03-11T12:36:18.569+0000] {dag.py:3722} INFO - Setting next_dagrun for example_sensor_decorator to None, run_after=None
[2025-03-11T12:36:18.576+0000] {processor.py:179} INFO - Processing /home/airflow/.local/lib/python3.8/site-packages/airflow/example_dags/example_sensor_decorator.py took 0.034 seconds
[2025-03-11T12:36:49.120+0000] {processor.py:157} INFO - Started process (PID=744) to work on /home/airflow/.local/lib/python3.8/site-packages/airflow/example_dags/example_sensor_decorator.py
[2025-03-11T12:36:49.121+0000] {processor.py:829} INFO - Processing file /home/airflow/.local/lib/python3.8/site-packages/airflow/example_dags/example_sensor_decorator.py for tasks to queue
[2025-03-11T12:36:49.122+0000] {logging_mixin.py:154} INFO - [2025-03-11T12:36:49.122+0000] {dagbag.py:536} INFO - Filling up the DagBag from /home/airflow/.local/lib/python3.8/site-packages/airflow/example_dags/example_sensor_decorator.py
[2025-03-11T12:36:49.125+0000] {processor.py:839} INFO - DAG(s) dict_keys(['example_sensor_decorator']) retrieved from /home/airflow/.local/lib/python3.8/site-packages/airflow/example_dags/example_sensor_decorator.py
[2025-03-11T12:36:49.137+0000] {logging_mixin.py:154} INFO - [2025-03-11T12:36:49.136+0000] {dag.py:2941} INFO - Sync 1 DAGs
[2025-03-11T12:36:49.141+0000] {logging_mixin.py:154} INFO - [2025-03-11T12:36:49.141+0000] {dag.py:3722} INFO - Setting next_dagrun for example_sensor_decorator to None, run_after=None
[2025-03-11T12:36:49.147+0000] {processor.py:179} INFO - Processing /home/airflow/.local/lib/python3.8/site-packages/airflow/example_dags/example_sensor_decorator.py took 0.029 seconds
[2025-03-11T12:37:19.653+0000] {processor.py:157} INFO - Started process (PID=799) to work on /home/airflow/.local/lib/python3.8/site-packages/airflow/example_dags/example_sensor_decorator.py
[2025-03-11T12:37:19.654+0000] {processor.py:829} INFO - Processing file /home/airflow/.local/lib/python3.8/site-packages/airflow/example_dags/example_sensor_decorator.py for tasks to queue
[2025-03-11T12:37:19.657+0000] {logging_mixin.py:154} INFO - [2025-03-11T12:37:19.656+0000] {dagbag.py:536} INFO - Filling up the DagBag from /home/airflow/.local/lib/python3.8/site-packages/airflow/example_dags/example_sensor_decorator.py
[2025-03-11T12:37:19.660+0000] {processor.py:839} INFO - DAG(s) dict_keys(['example_sensor_decorator']) retrieved from /home/airflow/.local/lib/python3.8/site-packages/airflow/example_dags/example_sensor_decorator.py
[2025-03-11T12:37:19.680+0000] {logging_mixin.py:154} INFO - [2025-03-11T12:37:19.680+0000] {dag.py:2941} INFO - Sync 1 DAGs
[2025-03-11T12:37:19.687+0000] {logging_mixin.py:154} INFO - [2025-03-11T12:37:19.687+0000] {dag.py:3722} INFO - Setting next_dagrun for example_sensor_decorator to None, run_after=None
[2025-03-11T12:37:19.693+0000] {processor.py:179} INFO - Processing /home/airflow/.local/lib/python3.8/site-packages/airflow/example_dags/example_sensor_decorator.py took 0.042 seconds
[2025-03-11T12:37:50.236+0000] {processor.py:157} INFO - Started process (PID=855) to work on /home/airflow/.local/lib/python3.8/site-packages/airflow/example_dags/example_sensor_decorator.py
[2025-03-11T12:37:50.238+0000] {processor.py:829} INFO - Processing file /home/airflow/.local/lib/python3.8/site-packages/airflow/example_dags/example_sensor_decorator.py for tasks to queue
[2025-03-11T12:37:50.239+0000] {logging_mixin.py:154} INFO - [2025-03-11T12:37:50.239+0000] {dagbag.py:536} INFO - Filling up the DagBag from /home/airflow/.local/lib/python3.8/site-packages/airflow/example_dags/example_sensor_decorator.py
[2025-03-11T12:37:50.243+0000] {processor.py:839} INFO - DAG(s) dict_keys(['example_sensor_decorator']) retrieved from /home/airflow/.local/lib/python3.8/site-packages/airflow/example_dags/example_sensor_decorator.py
[2025-03-11T12:37:50.255+0000] {logging_mixin.py:154} INFO - [2025-03-11T12:37:50.255+0000] {dag.py:2941} INFO - Sync 1 DAGs
[2025-03-11T12:37:50.261+0000] {logging_mixin.py:154} INFO - [2025-03-11T12:37:50.261+0000] {dag.py:3722} INFO - Setting next_dagrun for example_sensor_decorator to None, run_after=None
[2025-03-11T12:37:50.270+0000] {processor.py:179} INFO - Processing /home/airflow/.local/lib/python3.8/site-packages/airflow/example_dags/example_sensor_decorator.py took 0.036 seconds
[2025-03-11T12:38:20.828+0000] {processor.py:157} INFO - Started process (PID=911) to work on /home/airflow/.local/lib/python3.8/site-packages/airflow/example_dags/example_sensor_decorator.py
[2025-03-11T12:38:20.829+0000] {processor.py:829} INFO - Processing file /home/airflow/.local/lib/python3.8/site-packages/airflow/example_dags/example_sensor_decorator.py for tasks to queue
[2025-03-11T12:38:20.832+0000] {logging_mixin.py:154} INFO - [2025-03-11T12:38:20.832+0000] {dagbag.py:536} INFO - Filling up the DagBag from /home/airflow/.local/lib/python3.8/site-packages/airflow/example_dags/example_sensor_decorator.py
[2025-03-11T12:38:20.835+0000] {processor.py:839} INFO - DAG(s) dict_keys(['example_sensor_decorator']) retrieved from /home/airflow/.local/lib/python3.8/site-packages/airflow/example_dags/example_sensor_decorator.py
[2025-03-11T12:38:20.843+0000] {logging_mixin.py:154} INFO - [2025-03-11T12:38:20.843+0000] {dag.py:2941} INFO - Sync 1 DAGs
[2025-03-11T12:38:20.849+0000] {logging_mixin.py:154} INFO - [2025-03-11T12:38:20.849+0000] {dag.py:3722} INFO - Setting next_dagrun for example_sensor_decorator to None, run_after=None
[2025-03-11T12:38:20.856+0000] {processor.py:179} INFO - Processing /home/airflow/.local/lib/python3.8/site-packages/airflow/example_dags/example_sensor_decorator.py took 0.030 seconds
[2025-03-11T12:38:51.409+0000] {processor.py:157} INFO - Started process (PID=967) to work on /home/airflow/.local/lib/python3.8/site-packages/airflow/example_dags/example_sensor_decorator.py
[2025-03-11T12:38:51.410+0000] {processor.py:829} INFO - Processing file /home/airflow/.local/lib/python3.8/site-packages/airflow/example_dags/example_sensor_decorator.py for tasks to queue
[2025-03-11T12:38:51.411+0000] {logging_mixin.py:154} INFO - [2025-03-11T12:38:51.411+0000] {dagbag.py:536} INFO - Filling up the DagBag from /home/airflow/.local/lib/python3.8/site-packages/airflow/example_dags/example_sensor_decorator.py
[2025-03-11T12:38:51.415+0000] {processor.py:839} INFO - DAG(s) dict_keys(['example_sensor_decorator']) retrieved from /home/airflow/.local/lib/python3.8/site-packages/airflow/example_dags/example_sensor_decorator.py
[2025-03-11T12:38:51.429+0000] {logging_mixin.py:154} INFO - [2025-03-11T12:38:51.429+0000] {dag.py:2941} INFO - Sync 1 DAGs
[2025-03-11T12:38:51.434+0000] {logging_mixin.py:154} INFO - [2025-03-11T12:38:51.434+0000] {dag.py:3722} INFO - Setting next_dagrun for example_sensor_decorator to None, run_after=None
[2025-03-11T12:38:51.445+0000] {processor.py:179} INFO - Processing /home/airflow/.local/lib/python3.8/site-packages/airflow/example_dags/example_sensor_decorator.py took 0.038 seconds
[2025-03-11T12:39:21.983+0000] {processor.py:157} INFO - Started process (PID=1023) to work on /home/airflow/.local/lib/python3.8/site-packages/airflow/example_dags/example_sensor_decorator.py
[2025-03-11T12:39:21.984+0000] {processor.py:829} INFO - Processing file /home/airflow/.local/lib/python3.8/site-packages/airflow/example_dags/example_sensor_decorator.py for tasks to queue
[2025-03-11T12:39:21.985+0000] {logging_mixin.py:154} INFO - [2025-03-11T12:39:21.985+0000] {dagbag.py:536} INFO - Filling up the DagBag from /home/airflow/.local/lib/python3.8/site-packages/airflow/example_dags/example_sensor_decorator.py
[2025-03-11T12:39:21.988+0000] {processor.py:839} INFO - DAG(s) dict_keys(['example_sensor_decorator']) retrieved from /home/airflow/.local/lib/python3.8/site-packages/airflow/example_dags/example_sensor_decorator.py
[2025-03-11T12:39:21.998+0000] {logging_mixin.py:154} INFO - [2025-03-11T12:39:21.997+0000] {dag.py:2941} INFO - Sync 1 DAGs
[2025-03-11T12:39:22.003+0000] {logging_mixin.py:154} INFO - [2025-03-11T12:39:22.003+0000] {dag.py:3722} INFO - Setting next_dagrun for example_sensor_decorator to None, run_after=None
[2025-03-11T12:39:22.011+0000] {processor.py:179} INFO - Processing /home/airflow/.local/lib/python3.8/site-packages/airflow/example_dags/example_sensor_decorator.py took 0.030 seconds
[2025-03-11T12:39:52.545+0000] {processor.py:157} INFO - Started process (PID=1079) to work on /home/airflow/.local/lib/python3.8/site-packages/airflow/example_dags/example_sensor_decorator.py
[2025-03-11T12:39:52.547+0000] {processor.py:829} INFO - Processing file /home/airflow/.local/lib/python3.8/site-packages/airflow/example_dags/example_sensor_decorator.py for tasks to queue
[2025-03-11T12:39:52.548+0000] {logging_mixin.py:154} INFO - [2025-03-11T12:39:52.548+0000] {dagbag.py:536} INFO - Filling up the DagBag from /home/airflow/.local/lib/python3.8/site-packages/airflow/example_dags/example_sensor_decorator.py
[2025-03-11T12:39:52.551+0000] {processor.py:839} INFO - DAG(s) dict_keys(['example_sensor_decorator']) retrieved from /home/airflow/.local/lib/python3.8/site-packages/airflow/example_dags/example_sensor_decorator.py
[2025-03-11T12:39:52.560+0000] {logging_mixin.py:154} INFO - [2025-03-11T12:39:52.559+0000] {dag.py:2941} INFO - Sync 1 DAGs
[2025-03-11T12:39:52.565+0000] {logging_mixin.py:154} INFO - [2025-03-11T12:39:52.565+0000] {dag.py:3722} INFO - Setting next_dagrun for example_sensor_decorator to None, run_after=None
[2025-03-11T12:39:52.572+0000] {processor.py:179} INFO - Processing /home/airflow/.local/lib/python3.8/site-packages/airflow/example_dags/example_sensor_decorator.py took 0.029 seconds
[2025-03-11T12:40:23.068+0000] {processor.py:157} INFO - Started process (PID=1135) to work on /home/airflow/.local/lib/python3.8/site-packages/airflow/example_dags/example_sensor_decorator.py
[2025-03-11T12:40:23.069+0000] {processor.py:829} INFO - Processing file /home/airflow/.local/lib/python3.8/site-packages/airflow/example_dags/example_sensor_decorator.py for tasks to queue
[2025-03-11T12:40:23.070+0000] {logging_mixin.py:154} INFO - [2025-03-11T12:40:23.070+0000] {dagbag.py:536} INFO - Filling up the DagBag from /home/airflow/.local/lib/python3.8/site-packages/airflow/example_dags/example_sensor_decorator.py
[2025-03-11T12:40:23.073+0000] {processor.py:839} INFO - DAG(s) dict_keys(['example_sensor_decorator']) retrieved from /home/airflow/.local/lib/python3.8/site-packages/airflow/example_dags/example_sensor_decorator.py
[2025-03-11T12:40:23.082+0000] {logging_mixin.py:154} INFO - [2025-03-11T12:40:23.082+0000] {dag.py:2941} INFO - Sync 1 DAGs
[2025-03-11T12:40:23.086+0000] {logging_mixin.py:154} INFO - [2025-03-11T12:40:23.086+0000] {dag.py:3722} INFO - Setting next_dagrun for example_sensor_decorator to None, run_after=None
[2025-03-11T12:40:23.095+0000] {processor.py:179} INFO - Processing /home/airflow/.local/lib/python3.8/site-packages/airflow/example_dags/example_sensor_decorator.py took 0.028 seconds
[2025-03-11T12:40:53.648+0000] {processor.py:157} INFO - Started process (PID=1191) to work on /home/airflow/.local/lib/python3.8/site-packages/airflow/example_dags/example_sensor_decorator.py
[2025-03-11T12:40:53.649+0000] {processor.py:829} INFO - Processing file /home/airflow/.local/lib/python3.8/site-packages/airflow/example_dags/example_sensor_decorator.py for tasks to queue
[2025-03-11T12:40:53.650+0000] {logging_mixin.py:154} INFO - [2025-03-11T12:40:53.650+0000] {dagbag.py:536} INFO - Filling up the DagBag from /home/airflow/.local/lib/python3.8/site-packages/airflow/example_dags/example_sensor_decorator.py
[2025-03-11T12:40:53.654+0000] {processor.py:839} INFO - DAG(s) dict_keys(['example_sensor_decorator']) retrieved from /home/airflow/.local/lib/python3.8/site-packages/airflow/example_dags/example_sensor_decorator.py
[2025-03-11T12:40:53.664+0000] {logging_mixin.py:154} INFO - [2025-03-11T12:40:53.663+0000] {dag.py:2941} INFO - Sync 1 DAGs
[2025-03-11T12:40:53.668+0000] {logging_mixin.py:154} INFO - [2025-03-11T12:40:53.668+0000] {dag.py:3722} INFO - Setting next_dagrun for example_sensor_decorator to None, run_after=None
[2025-03-11T12:40:53.676+0000] {processor.py:179} INFO - Processing /home/airflow/.local/lib/python3.8/site-packages/airflow/example_dags/example_sensor_decorator.py took 0.030 seconds
[2025-03-11T12:41:24.139+0000] {processor.py:157} INFO - Started process (PID=1247) to work on /home/airflow/.local/lib/python3.8/site-packages/airflow/example_dags/example_sensor_decorator.py
[2025-03-11T12:41:24.140+0000] {processor.py:829} INFO - Processing file /home/airflow/.local/lib/python3.8/site-packages/airflow/example_dags/example_sensor_decorator.py for tasks to queue
[2025-03-11T12:41:24.141+0000] {logging_mixin.py:154} INFO - [2025-03-11T12:41:24.141+0000] {dagbag.py:536} INFO - Filling up the DagBag from /home/airflow/.local/lib/python3.8/site-packages/airflow/example_dags/example_sensor_decorator.py
[2025-03-11T12:41:24.145+0000] {processor.py:839} INFO - DAG(s) dict_keys(['example_sensor_decorator']) retrieved from /home/airflow/.local/lib/python3.8/site-packages/airflow/example_dags/example_sensor_decorator.py
[2025-03-11T12:41:24.155+0000] {logging_mixin.py:154} INFO - [2025-03-11T12:41:24.155+0000] {dag.py:2941} INFO - Sync 1 DAGs
[2025-03-11T12:41:24.160+0000] {logging_mixin.py:154} INFO - [2025-03-11T12:41:24.160+0000] {dag.py:3722} INFO - Setting next_dagrun for example_sensor_decorator to None, run_after=None
[2025-03-11T12:41:24.167+0000] {processor.py:179} INFO - Processing /home/airflow/.local/lib/python3.8/site-packages/airflow/example_dags/example_sensor_decorator.py took 0.030 seconds
[2025-03-11T12:41:54.653+0000] {processor.py:157} INFO - Started process (PID=1303) to work on /home/airflow/.local/lib/python3.8/site-packages/airflow/example_dags/example_sensor_decorator.py
[2025-03-11T12:41:54.653+0000] {processor.py:829} INFO - Processing file /home/airflow/.local/lib/python3.8/site-packages/airflow/example_dags/example_sensor_decorator.py for tasks to queue
[2025-03-11T12:41:54.656+0000] {logging_mixin.py:154} INFO - [2025-03-11T12:41:54.655+0000] {dagbag.py:536} INFO - Filling up the DagBag from /home/airflow/.local/lib/python3.8/site-packages/airflow/example_dags/example_sensor_decorator.py
[2025-03-11T12:41:54.660+0000] {processor.py:839} INFO - DAG(s) dict_keys(['example_sensor_decorator']) retrieved from /home/airflow/.local/lib/python3.8/site-packages/airflow/example_dags/example_sensor_decorator.py
[2025-03-11T12:41:54.669+0000] {logging_mixin.py:154} INFO - [2025-03-11T12:41:54.669+0000] {dag.py:2941} INFO - Sync 1 DAGs
[2025-03-11T12:41:54.675+0000] {logging_mixin.py:154} INFO - [2025-03-11T12:41:54.675+0000] {dag.py:3722} INFO - Setting next_dagrun for example_sensor_decorator to None, run_after=None
[2025-03-11T12:41:54.683+0000] {processor.py:179} INFO - Processing /home/airflow/.local/lib/python3.8/site-packages/airflow/example_dags/example_sensor_decorator.py took 0.032 seconds
[2025-03-11T12:42:25.136+0000] {processor.py:157} INFO - Started process (PID=1359) to work on /home/airflow/.local/lib/python3.8/site-packages/airflow/example_dags/example_sensor_decorator.py
[2025-03-11T12:42:25.137+0000] {processor.py:829} INFO - Processing file /home/airflow/.local/lib/python3.8/site-packages/airflow/example_dags/example_sensor_decorator.py for tasks to queue
[2025-03-11T12:42:25.137+0000] {logging_mixin.py:154} INFO - [2025-03-11T12:42:25.137+0000] {dagbag.py:536} INFO - Filling up the DagBag from /home/airflow/.local/lib/python3.8/site-packages/airflow/example_dags/example_sensor_decorator.py
[2025-03-11T12:42:25.140+0000] {processor.py:839} INFO - DAG(s) dict_keys(['example_sensor_decorator']) retrieved from /home/airflow/.local/lib/python3.8/site-packages/airflow/example_dags/example_sensor_decorator.py
[2025-03-11T12:42:25.148+0000] {logging_mixin.py:154} INFO - [2025-03-11T12:42:25.148+0000] {dag.py:2941} INFO - Sync 1 DAGs
[2025-03-11T12:42:25.153+0000] {logging_mixin.py:154} INFO - [2025-03-11T12:42:25.153+0000] {dag.py:3722} INFO - Setting next_dagrun for example_sensor_decorator to None, run_after=None
[2025-03-11T12:42:25.160+0000] {processor.py:179} INFO - Processing /home/airflow/.local/lib/python3.8/site-packages/airflow/example_dags/example_sensor_decorator.py took 0.025 seconds
[2025-03-11T12:42:55.631+0000] {processor.py:157} INFO - Started process (PID=1415) to work on /home/airflow/.local/lib/python3.8/site-packages/airflow/example_dags/example_sensor_decorator.py
[2025-03-11T12:42:55.632+0000] {processor.py:829} INFO - Processing file /home/airflow/.local/lib/python3.8/site-packages/airflow/example_dags/example_sensor_decorator.py for tasks to queue
[2025-03-11T12:42:55.633+0000] {logging_mixin.py:154} INFO - [2025-03-11T12:42:55.633+0000] {dagbag.py:536} INFO - Filling up the DagBag from /home/airflow/.local/lib/python3.8/site-packages/airflow/example_dags/example_sensor_decorator.py
[2025-03-11T12:42:55.637+0000] {processor.py:839} INFO - DAG(s) dict_keys(['example_sensor_decorator']) retrieved from /home/airflow/.local/lib/python3.8/site-packages/airflow/example_dags/example_sensor_decorator.py
[2025-03-11T12:42:55.646+0000] {logging_mixin.py:154} INFO - [2025-03-11T12:42:55.646+0000] {dag.py:2941} INFO - Sync 1 DAGs
[2025-03-11T12:42:55.651+0000] {logging_mixin.py:154} INFO - [2025-03-11T12:42:55.651+0000] {dag.py:3722} INFO - Setting next_dagrun for example_sensor_decorator to None, run_after=None
[2025-03-11T12:42:55.659+0000] {processor.py:179} INFO - Processing /home/airflow/.local/lib/python3.8/site-packages/airflow/example_dags/example_sensor_decorator.py took 0.029 seconds
[2025-03-11T12:43:26.196+0000] {processor.py:157} INFO - Started process (PID=1471) to work on /home/airflow/.local/lib/python3.8/site-packages/airflow/example_dags/example_sensor_decorator.py
[2025-03-11T12:43:26.197+0000] {processor.py:829} INFO - Processing file /home/airflow/.local/lib/python3.8/site-packages/airflow/example_dags/example_sensor_decorator.py for tasks to queue
[2025-03-11T12:43:26.200+0000] {logging_mixin.py:154} INFO - [2025-03-11T12:43:26.200+0000] {dagbag.py:536} INFO - Filling up the DagBag from /home/airflow/.local/lib/python3.8/site-packages/airflow/example_dags/example_sensor_decorator.py
[2025-03-11T12:43:26.206+0000] {processor.py:839} INFO - DAG(s) dict_keys(['example_sensor_decorator']) retrieved from /home/airflow/.local/lib/python3.8/site-packages/airflow/example_dags/example_sensor_decorator.py
[2025-03-11T12:43:26.222+0000] {logging_mixin.py:154} INFO - [2025-03-11T12:43:26.221+0000] {dag.py:2941} INFO - Sync 1 DAGs
[2025-03-11T12:43:26.232+0000] {logging_mixin.py:154} INFO - [2025-03-11T12:43:26.231+0000] {dag.py:3722} INFO - Setting next_dagrun for example_sensor_decorator to None, run_after=None
[2025-03-11T12:43:26.240+0000] {processor.py:179} INFO - Processing /home/airflow/.local/lib/python3.8/site-packages/airflow/example_dags/example_sensor_decorator.py took 0.046 seconds
[2025-03-11T12:49:54.617+0000] {processor.py:157} INFO - Started process (PID=1527) to work on /home/airflow/.local/lib/python3.8/site-packages/airflow/example_dags/example_sensor_decorator.py
[2025-03-11T12:49:54.618+0000] {processor.py:829} INFO - Processing file /home/airflow/.local/lib/python3.8/site-packages/airflow/example_dags/example_sensor_decorator.py for tasks to queue
[2025-03-11T12:49:54.620+0000] {logging_mixin.py:154} INFO - [2025-03-11T12:49:54.619+0000] {dagbag.py:536} INFO - Filling up the DagBag from /home/airflow/.local/lib/python3.8/site-packages/airflow/example_dags/example_sensor_decorator.py
[2025-03-11T12:49:54.624+0000] {processor.py:839} INFO - DAG(s) dict_keys(['example_sensor_decorator']) retrieved from /home/airflow/.local/lib/python3.8/site-packages/airflow/example_dags/example_sensor_decorator.py
[2025-03-11T12:49:54.637+0000] {logging_mixin.py:154} INFO - [2025-03-11T12:49:54.637+0000] {dag.py:2941} INFO - Sync 1 DAGs
[2025-03-11T12:49:54.643+0000] {logging_mixin.py:154} INFO - [2025-03-11T12:49:54.643+0000] {dag.py:3722} INFO - Setting next_dagrun for example_sensor_decorator to None, run_after=None
[2025-03-11T12:49:54.653+0000] {processor.py:179} INFO - Processing /home/airflow/.local/lib/python3.8/site-packages/airflow/example_dags/example_sensor_decorator.py took 0.038 seconds
[2025-03-11T12:50:25.390+0000] {processor.py:157} INFO - Started process (PID=1583) to work on /home/airflow/.local/lib/python3.8/site-packages/airflow/example_dags/example_sensor_decorator.py
[2025-03-11T12:50:25.391+0000] {processor.py:829} INFO - Processing file /home/airflow/.local/lib/python3.8/site-packages/airflow/example_dags/example_sensor_decorator.py for tasks to queue
[2025-03-11T12:50:25.393+0000] {logging_mixin.py:154} INFO - [2025-03-11T12:50:25.393+0000] {dagbag.py:536} INFO - Filling up the DagBag from /home/airflow/.local/lib/python3.8/site-packages/airflow/example_dags/example_sensor_decorator.py
[2025-03-11T12:50:25.396+0000] {processor.py:839} INFO - DAG(s) dict_keys(['example_sensor_decorator']) retrieved from /home/airflow/.local/lib/python3.8/site-packages/airflow/example_dags/example_sensor_decorator.py
[2025-03-11T12:50:25.406+0000] {logging_mixin.py:154} INFO - [2025-03-11T12:50:25.406+0000] {dag.py:2941} INFO - Sync 1 DAGs
[2025-03-11T12:50:25.412+0000] {logging_mixin.py:154} INFO - [2025-03-11T12:50:25.412+0000] {dag.py:3722} INFO - Setting next_dagrun for example_sensor_decorator to None, run_after=None
[2025-03-11T12:50:25.420+0000] {processor.py:179} INFO - Processing /home/airflow/.local/lib/python3.8/site-packages/airflow/example_dags/example_sensor_decorator.py took 0.032 seconds
[2025-03-11T12:50:55.896+0000] {processor.py:157} INFO - Started process (PID=1639) to work on /home/airflow/.local/lib/python3.8/site-packages/airflow/example_dags/example_sensor_decorator.py
[2025-03-11T12:50:55.898+0000] {processor.py:829} INFO - Processing file /home/airflow/.local/lib/python3.8/site-packages/airflow/example_dags/example_sensor_decorator.py for tasks to queue
[2025-03-11T12:50:55.899+0000] {logging_mixin.py:154} INFO - [2025-03-11T12:50:55.899+0000] {dagbag.py:536} INFO - Filling up the DagBag from /home/airflow/.local/lib/python3.8/site-packages/airflow/example_dags/example_sensor_decorator.py
[2025-03-11T12:50:55.902+0000] {processor.py:839} INFO - DAG(s) dict_keys(['example_sensor_decorator']) retrieved from /home/airflow/.local/lib/python3.8/site-packages/airflow/example_dags/example_sensor_decorator.py
[2025-03-11T12:50:55.913+0000] {logging_mixin.py:154} INFO - [2025-03-11T12:50:55.913+0000] {dag.py:2941} INFO - Sync 1 DAGs
[2025-03-11T12:50:55.920+0000] {logging_mixin.py:154} INFO - [2025-03-11T12:50:55.919+0000] {dag.py:3722} INFO - Setting next_dagrun for example_sensor_decorator to None, run_after=None
[2025-03-11T12:50:55.933+0000] {processor.py:179} INFO - Processing /home/airflow/.local/lib/python3.8/site-packages/airflow/example_dags/example_sensor_decorator.py took 0.038 seconds
[2025-03-11T12:51:26.582+0000] {processor.py:157} INFO - Started process (PID=1695) to work on /home/airflow/.local/lib/python3.8/site-packages/airflow/example_dags/example_sensor_decorator.py
[2025-03-11T12:51:26.585+0000] {processor.py:829} INFO - Processing file /home/airflow/.local/lib/python3.8/site-packages/airflow/example_dags/example_sensor_decorator.py for tasks to queue
[2025-03-11T12:51:26.587+0000] {logging_mixin.py:154} INFO - [2025-03-11T12:51:26.586+0000] {dagbag.py:536} INFO - Filling up the DagBag from /home/airflow/.local/lib/python3.8/site-packages/airflow/example_dags/example_sensor_decorator.py
[2025-03-11T12:51:26.591+0000] {processor.py:839} INFO - DAG(s) dict_keys(['example_sensor_decorator']) retrieved from /home/airflow/.local/lib/python3.8/site-packages/airflow/example_dags/example_sensor_decorator.py
[2025-03-11T12:51:26.602+0000] {logging_mixin.py:154} INFO - [2025-03-11T12:51:26.602+0000] {dag.py:2941} INFO - Sync 1 DAGs
[2025-03-11T12:51:26.610+0000] {logging_mixin.py:154} INFO - [2025-03-11T12:51:26.610+0000] {dag.py:3722} INFO - Setting next_dagrun for example_sensor_decorator to None, run_after=None
[2025-03-11T12:51:26.618+0000] {processor.py:179} INFO - Processing /home/airflow/.local/lib/python3.8/site-packages/airflow/example_dags/example_sensor_decorator.py took 0.037 seconds
[2025-03-11T12:51:57.257+0000] {processor.py:157} INFO - Started process (PID=1751) to work on /home/airflow/.local/lib/python3.8/site-packages/airflow/example_dags/example_sensor_decorator.py
[2025-03-11T12:51:57.258+0000] {processor.py:829} INFO - Processing file /home/airflow/.local/lib/python3.8/site-packages/airflow/example_dags/example_sensor_decorator.py for tasks to queue
[2025-03-11T12:51:57.259+0000] {logging_mixin.py:154} INFO - [2025-03-11T12:51:57.259+0000] {dagbag.py:536} INFO - Filling up the DagBag from /home/airflow/.local/lib/python3.8/site-packages/airflow/example_dags/example_sensor_decorator.py
[2025-03-11T12:51:57.264+0000] {processor.py:839} INFO - DAG(s) dict_keys(['example_sensor_decorator']) retrieved from /home/airflow/.local/lib/python3.8/site-packages/airflow/example_dags/example_sensor_decorator.py
[2025-03-11T12:51:57.277+0000] {logging_mixin.py:154} INFO - [2025-03-11T12:51:57.276+0000] {dag.py:2941} INFO - Sync 1 DAGs
[2025-03-11T12:51:57.283+0000] {logging_mixin.py:154} INFO - [2025-03-11T12:51:57.283+0000] {dag.py:3722} INFO - Setting next_dagrun for example_sensor_decorator to None, run_after=None
[2025-03-11T12:51:57.291+0000] {processor.py:179} INFO - Processing /home/airflow/.local/lib/python3.8/site-packages/airflow/example_dags/example_sensor_decorator.py took 0.036 seconds
[2025-03-11T12:52:27.929+0000] {processor.py:157} INFO - Started process (PID=1807) to work on /home/airflow/.local/lib/python3.8/site-packages/airflow/example_dags/example_sensor_decorator.py
[2025-03-11T12:52:27.930+0000] {processor.py:829} INFO - Processing file /home/airflow/.local/lib/python3.8/site-packages/airflow/example_dags/example_sensor_decorator.py for tasks to queue
[2025-03-11T12:52:27.931+0000] {logging_mixin.py:154} INFO - [2025-03-11T12:52:27.931+0000] {dagbag.py:536} INFO - Filling up the DagBag from /home/airflow/.local/lib/python3.8/site-packages/airflow/example_dags/example_sensor_decorator.py
[2025-03-11T12:52:27.936+0000] {processor.py:839} INFO - DAG(s) dict_keys(['example_sensor_decorator']) retrieved from /home/airflow/.local/lib/python3.8/site-packages/airflow/example_dags/example_sensor_decorator.py
[2025-03-11T12:52:27.948+0000] {logging_mixin.py:154} INFO - [2025-03-11T12:52:27.948+0000] {dag.py:2941} INFO - Sync 1 DAGs
[2025-03-11T12:52:27.955+0000] {logging_mixin.py:154} INFO - [2025-03-11T12:52:27.955+0000] {dag.py:3722} INFO - Setting next_dagrun for example_sensor_decorator to None, run_after=None
[2025-03-11T12:52:27.964+0000] {processor.py:179} INFO - Processing /home/airflow/.local/lib/python3.8/site-packages/airflow/example_dags/example_sensor_decorator.py took 0.037 seconds
[2025-03-11T12:52:58.551+0000] {processor.py:157} INFO - Started process (PID=1863) to work on /home/airflow/.local/lib/python3.8/site-packages/airflow/example_dags/example_sensor_decorator.py
[2025-03-11T12:52:58.552+0000] {processor.py:829} INFO - Processing file /home/airflow/.local/lib/python3.8/site-packages/airflow/example_dags/example_sensor_decorator.py for tasks to queue
[2025-03-11T12:52:58.555+0000] {logging_mixin.py:154} INFO - [2025-03-11T12:52:58.554+0000] {dagbag.py:536} INFO - Filling up the DagBag from /home/airflow/.local/lib/python3.8/site-packages/airflow/example_dags/example_sensor_decorator.py
[2025-03-11T12:52:58.557+0000] {processor.py:839} INFO - DAG(s) dict_keys(['example_sensor_decorator']) retrieved from /home/airflow/.local/lib/python3.8/site-packages/airflow/example_dags/example_sensor_decorator.py
[2025-03-11T12:52:58.567+0000] {logging_mixin.py:154} INFO - [2025-03-11T12:52:58.567+0000] {dag.py:2941} INFO - Sync 1 DAGs
[2025-03-11T12:52:58.573+0000] {logging_mixin.py:154} INFO - [2025-03-11T12:52:58.573+0000] {dag.py:3722} INFO - Setting next_dagrun for example_sensor_decorator to None, run_after=None
[2025-03-11T12:52:58.580+0000] {processor.py:179} INFO - Processing /home/airflow/.local/lib/python3.8/site-packages/airflow/example_dags/example_sensor_decorator.py took 0.031 seconds
[2025-03-11T12:53:29.182+0000] {processor.py:157} INFO - Started process (PID=1919) to work on /home/airflow/.local/lib/python3.8/site-packages/airflow/example_dags/example_sensor_decorator.py
[2025-03-11T12:53:29.182+0000] {processor.py:829} INFO - Processing file /home/airflow/.local/lib/python3.8/site-packages/airflow/example_dags/example_sensor_decorator.py for tasks to queue
[2025-03-11T12:53:29.185+0000] {logging_mixin.py:154} INFO - [2025-03-11T12:53:29.184+0000] {dagbag.py:536} INFO - Filling up the DagBag from /home/airflow/.local/lib/python3.8/site-packages/airflow/example_dags/example_sensor_decorator.py
[2025-03-11T12:53:29.188+0000] {processor.py:839} INFO - DAG(s) dict_keys(['example_sensor_decorator']) retrieved from /home/airflow/.local/lib/python3.8/site-packages/airflow/example_dags/example_sensor_decorator.py
[2025-03-11T12:53:29.198+0000] {logging_mixin.py:154} INFO - [2025-03-11T12:53:29.198+0000] {dag.py:2941} INFO - Sync 1 DAGs
[2025-03-11T12:53:29.204+0000] {logging_mixin.py:154} INFO - [2025-03-11T12:53:29.204+0000] {dag.py:3722} INFO - Setting next_dagrun for example_sensor_decorator to None, run_after=None
[2025-03-11T12:53:29.215+0000] {processor.py:179} INFO - Processing /home/airflow/.local/lib/python3.8/site-packages/airflow/example_dags/example_sensor_decorator.py took 0.035 seconds
[2025-03-11T12:53:59.787+0000] {processor.py:157} INFO - Started process (PID=1975) to work on /home/airflow/.local/lib/python3.8/site-packages/airflow/example_dags/example_sensor_decorator.py
[2025-03-11T12:53:59.789+0000] {processor.py:829} INFO - Processing file /home/airflow/.local/lib/python3.8/site-packages/airflow/example_dags/example_sensor_decorator.py for tasks to queue
[2025-03-11T12:53:59.790+0000] {logging_mixin.py:154} INFO - [2025-03-11T12:53:59.790+0000] {dagbag.py:536} INFO - Filling up the DagBag from /home/airflow/.local/lib/python3.8/site-packages/airflow/example_dags/example_sensor_decorator.py
[2025-03-11T12:53:59.794+0000] {processor.py:839} INFO - DAG(s) dict_keys(['example_sensor_decorator']) retrieved from /home/airflow/.local/lib/python3.8/site-packages/airflow/example_dags/example_sensor_decorator.py
[2025-03-11T12:53:59.807+0000] {logging_mixin.py:154} INFO - [2025-03-11T12:53:59.807+0000] {dag.py:2941} INFO - Sync 1 DAGs
[2025-03-11T12:53:59.813+0000] {logging_mixin.py:154} INFO - [2025-03-11T12:53:59.813+0000] {dag.py:3722} INFO - Setting next_dagrun for example_sensor_decorator to None, run_after=None
[2025-03-11T12:53:59.821+0000] {processor.py:179} INFO - Processing /home/airflow/.local/lib/python3.8/site-packages/airflow/example_dags/example_sensor_decorator.py took 0.036 seconds
[2025-03-11T12:54:30.498+0000] {processor.py:157} INFO - Started process (PID=2031) to work on /home/airflow/.local/lib/python3.8/site-packages/airflow/example_dags/example_sensor_decorator.py
[2025-03-11T12:54:30.500+0000] {processor.py:829} INFO - Processing file /home/airflow/.local/lib/python3.8/site-packages/airflow/example_dags/example_sensor_decorator.py for tasks to queue
[2025-03-11T12:54:30.501+0000] {logging_mixin.py:154} INFO - [2025-03-11T12:54:30.501+0000] {dagbag.py:536} INFO - Filling up the DagBag from /home/airflow/.local/lib/python3.8/site-packages/airflow/example_dags/example_sensor_decorator.py
[2025-03-11T12:54:30.505+0000] {processor.py:839} INFO - DAG(s) dict_keys(['example_sensor_decorator']) retrieved from /home/airflow/.local/lib/python3.8/site-packages/airflow/example_dags/example_sensor_decorator.py
[2025-03-11T12:54:30.516+0000] {logging_mixin.py:154} INFO - [2025-03-11T12:54:30.516+0000] {dag.py:2941} INFO - Sync 1 DAGs
[2025-03-11T12:54:30.522+0000] {logging_mixin.py:154} INFO - [2025-03-11T12:54:30.522+0000] {dag.py:3722} INFO - Setting next_dagrun for example_sensor_decorator to None, run_after=None
[2025-03-11T12:54:30.534+0000] {processor.py:179} INFO - Processing /home/airflow/.local/lib/python3.8/site-packages/airflow/example_dags/example_sensor_decorator.py took 0.037 seconds
[2025-03-11T12:55:01.160+0000] {processor.py:157} INFO - Started process (PID=2087) to work on /home/airflow/.local/lib/python3.8/site-packages/airflow/example_dags/example_sensor_decorator.py
[2025-03-11T12:55:01.161+0000] {processor.py:829} INFO - Processing file /home/airflow/.local/lib/python3.8/site-packages/airflow/example_dags/example_sensor_decorator.py for tasks to queue
[2025-03-11T12:55:01.162+0000] {logging_mixin.py:154} INFO - [2025-03-11T12:55:01.162+0000] {dagbag.py:536} INFO - Filling up the DagBag from /home/airflow/.local/lib/python3.8/site-packages/airflow/example_dags/example_sensor_decorator.py
[2025-03-11T12:55:01.167+0000] {processor.py:839} INFO - DAG(s) dict_keys(['example_sensor_decorator']) retrieved from /home/airflow/.local/lib/python3.8/site-packages/airflow/example_dags/example_sensor_decorator.py
[2025-03-11T12:55:01.177+0000] {logging_mixin.py:154} INFO - [2025-03-11T12:55:01.177+0000] {dag.py:2941} INFO - Sync 1 DAGs
[2025-03-11T12:55:01.183+0000] {logging_mixin.py:154} INFO - [2025-03-11T12:55:01.182+0000] {dag.py:3722} INFO - Setting next_dagrun for example_sensor_decorator to None, run_after=None
[2025-03-11T12:55:01.193+0000] {processor.py:179} INFO - Processing /home/airflow/.local/lib/python3.8/site-packages/airflow/example_dags/example_sensor_decorator.py took 0.034 seconds
[2025-03-11T12:55:31.752+0000] {processor.py:157} INFO - Started process (PID=2143) to work on /home/airflow/.local/lib/python3.8/site-packages/airflow/example_dags/example_sensor_decorator.py
[2025-03-11T12:55:31.752+0000] {processor.py:829} INFO - Processing file /home/airflow/.local/lib/python3.8/site-packages/airflow/example_dags/example_sensor_decorator.py for tasks to queue
[2025-03-11T12:55:31.753+0000] {logging_mixin.py:154} INFO - [2025-03-11T12:55:31.753+0000] {dagbag.py:536} INFO - Filling up the DagBag from /home/airflow/.local/lib/python3.8/site-packages/airflow/example_dags/example_sensor_decorator.py
[2025-03-11T12:55:31.757+0000] {processor.py:839} INFO - DAG(s) dict_keys(['example_sensor_decorator']) retrieved from /home/airflow/.local/lib/python3.8/site-packages/airflow/example_dags/example_sensor_decorator.py
[2025-03-11T12:55:31.769+0000] {logging_mixin.py:154} INFO - [2025-03-11T12:55:31.769+0000] {dag.py:2941} INFO - Sync 1 DAGs
[2025-03-11T12:55:31.774+0000] {logging_mixin.py:154} INFO - [2025-03-11T12:55:31.774+0000] {dag.py:3722} INFO - Setting next_dagrun for example_sensor_decorator to None, run_after=None
[2025-03-11T12:55:31.782+0000] {processor.py:179} INFO - Processing /home/airflow/.local/lib/python3.8/site-packages/airflow/example_dags/example_sensor_decorator.py took 0.032 seconds
[2025-03-11T12:56:02.346+0000] {processor.py:157} INFO - Started process (PID=2199) to work on /home/airflow/.local/lib/python3.8/site-packages/airflow/example_dags/example_sensor_decorator.py
[2025-03-11T12:56:02.346+0000] {processor.py:829} INFO - Processing file /home/airflow/.local/lib/python3.8/site-packages/airflow/example_dags/example_sensor_decorator.py for tasks to queue
[2025-03-11T12:56:02.347+0000] {logging_mixin.py:154} INFO - [2025-03-11T12:56:02.347+0000] {dagbag.py:536} INFO - Filling up the DagBag from /home/airflow/.local/lib/python3.8/site-packages/airflow/example_dags/example_sensor_decorator.py
[2025-03-11T12:56:02.350+0000] {processor.py:839} INFO - DAG(s) dict_keys(['example_sensor_decorator']) retrieved from /home/airflow/.local/lib/python3.8/site-packages/airflow/example_dags/example_sensor_decorator.py
[2025-03-11T12:56:02.362+0000] {logging_mixin.py:154} INFO - [2025-03-11T12:56:02.361+0000] {dag.py:2941} INFO - Sync 1 DAGs
[2025-03-11T12:56:02.366+0000] {logging_mixin.py:154} INFO - [2025-03-11T12:56:02.366+0000] {dag.py:3722} INFO - Setting next_dagrun for example_sensor_decorator to None, run_after=None
[2025-03-11T12:56:02.375+0000] {processor.py:179} INFO - Processing /home/airflow/.local/lib/python3.8/site-packages/airflow/example_dags/example_sensor_decorator.py took 0.031 seconds
[2025-03-11T12:56:32.810+0000] {processor.py:157} INFO - Started process (PID=2255) to work on /home/airflow/.local/lib/python3.8/site-packages/airflow/example_dags/example_sensor_decorator.py
[2025-03-11T12:56:32.811+0000] {processor.py:829} INFO - Processing file /home/airflow/.local/lib/python3.8/site-packages/airflow/example_dags/example_sensor_decorator.py for tasks to queue
[2025-03-11T12:56:32.813+0000] {logging_mixin.py:154} INFO - [2025-03-11T12:56:32.813+0000] {dagbag.py:536} INFO - Filling up the DagBag from /home/airflow/.local/lib/python3.8/site-packages/airflow/example_dags/example_sensor_decorator.py
[2025-03-11T12:56:32.817+0000] {processor.py:839} INFO - DAG(s) dict_keys(['example_sensor_decorator']) retrieved from /home/airflow/.local/lib/python3.8/site-packages/airflow/example_dags/example_sensor_decorator.py
[2025-03-11T12:56:32.826+0000] {logging_mixin.py:154} INFO - [2025-03-11T12:56:32.826+0000] {dag.py:2941} INFO - Sync 1 DAGs
[2025-03-11T12:56:32.832+0000] {logging_mixin.py:154} INFO - [2025-03-11T12:56:32.832+0000] {dag.py:3722} INFO - Setting next_dagrun for example_sensor_decorator to None, run_after=None
[2025-03-11T12:56:32.842+0000] {processor.py:179} INFO - Processing /home/airflow/.local/lib/python3.8/site-packages/airflow/example_dags/example_sensor_decorator.py took 0.034 seconds
[2025-03-11T12:57:03.312+0000] {processor.py:157} INFO - Started process (PID=2311) to work on /home/airflow/.local/lib/python3.8/site-packages/airflow/example_dags/example_sensor_decorator.py
[2025-03-11T12:57:03.313+0000] {processor.py:829} INFO - Processing file /home/airflow/.local/lib/python3.8/site-packages/airflow/example_dags/example_sensor_decorator.py for tasks to queue
[2025-03-11T12:57:03.314+0000] {logging_mixin.py:154} INFO - [2025-03-11T12:57:03.314+0000] {dagbag.py:536} INFO - Filling up the DagBag from /home/airflow/.local/lib/python3.8/site-packages/airflow/example_dags/example_sensor_decorator.py
[2025-03-11T12:57:03.317+0000] {processor.py:839} INFO - DAG(s) dict_keys(['example_sensor_decorator']) retrieved from /home/airflow/.local/lib/python3.8/site-packages/airflow/example_dags/example_sensor_decorator.py
[2025-03-11T12:57:03.328+0000] {logging_mixin.py:154} INFO - [2025-03-11T12:57:03.327+0000] {dag.py:2941} INFO - Sync 1 DAGs
[2025-03-11T12:57:03.336+0000] {logging_mixin.py:154} INFO - [2025-03-11T12:57:03.336+0000] {dag.py:3722} INFO - Setting next_dagrun for example_sensor_decorator to None, run_after=None
[2025-03-11T12:57:03.345+0000] {processor.py:179} INFO - Processing /home/airflow/.local/lib/python3.8/site-packages/airflow/example_dags/example_sensor_decorator.py took 0.035 seconds
[2025-03-11T12:57:33.980+0000] {processor.py:157} INFO - Started process (PID=2367) to work on /home/airflow/.local/lib/python3.8/site-packages/airflow/example_dags/example_sensor_decorator.py
[2025-03-11T12:57:33.980+0000] {processor.py:829} INFO - Processing file /home/airflow/.local/lib/python3.8/site-packages/airflow/example_dags/example_sensor_decorator.py for tasks to queue
[2025-03-11T12:57:33.981+0000] {logging_mixin.py:154} INFO - [2025-03-11T12:57:33.981+0000] {dagbag.py:536} INFO - Filling up the DagBag from /home/airflow/.local/lib/python3.8/site-packages/airflow/example_dags/example_sensor_decorator.py
[2025-03-11T12:57:33.984+0000] {processor.py:839} INFO - DAG(s) dict_keys(['example_sensor_decorator']) retrieved from /home/airflow/.local/lib/python3.8/site-packages/airflow/example_dags/example_sensor_decorator.py
[2025-03-11T12:57:33.995+0000] {logging_mixin.py:154} INFO - [2025-03-11T12:57:33.995+0000] {dag.py:2941} INFO - Sync 1 DAGs
[2025-03-11T12:57:34.000+0000] {logging_mixin.py:154} INFO - [2025-03-11T12:57:34.000+0000] {dag.py:3722} INFO - Setting next_dagrun for example_sensor_decorator to None, run_after=None
[2025-03-11T12:57:34.008+0000] {processor.py:179} INFO - Processing /home/airflow/.local/lib/python3.8/site-packages/airflow/example_dags/example_sensor_decorator.py took 0.030 seconds
[2025-03-11T12:58:04.549+0000] {processor.py:157} INFO - Started process (PID=2423) to work on /home/airflow/.local/lib/python3.8/site-packages/airflow/example_dags/example_sensor_decorator.py
[2025-03-11T12:58:04.550+0000] {processor.py:829} INFO - Processing file /home/airflow/.local/lib/python3.8/site-packages/airflow/example_dags/example_sensor_decorator.py for tasks to queue
[2025-03-11T12:58:04.551+0000] {logging_mixin.py:154} INFO - [2025-03-11T12:58:04.550+0000] {dagbag.py:536} INFO - Filling up the DagBag from /home/airflow/.local/lib/python3.8/site-packages/airflow/example_dags/example_sensor_decorator.py
[2025-03-11T12:58:04.554+0000] {processor.py:839} INFO - DAG(s) dict_keys(['example_sensor_decorator']) retrieved from /home/airflow/.local/lib/python3.8/site-packages/airflow/example_dags/example_sensor_decorator.py
[2025-03-11T12:58:04.565+0000] {logging_mixin.py:154} INFO - [2025-03-11T12:58:04.565+0000] {dag.py:2941} INFO - Sync 1 DAGs
[2025-03-11T12:58:04.572+0000] {logging_mixin.py:154} INFO - [2025-03-11T12:58:04.571+0000] {dag.py:3722} INFO - Setting next_dagrun for example_sensor_decorator to None, run_after=None
[2025-03-11T12:58:04.580+0000] {processor.py:179} INFO - Processing /home/airflow/.local/lib/python3.8/site-packages/airflow/example_dags/example_sensor_decorator.py took 0.032 seconds
[2025-03-11T12:58:35.197+0000] {processor.py:157} INFO - Started process (PID=2479) to work on /home/airflow/.local/lib/python3.8/site-packages/airflow/example_dags/example_sensor_decorator.py
[2025-03-11T12:58:35.198+0000] {processor.py:829} INFO - Processing file /home/airflow/.local/lib/python3.8/site-packages/airflow/example_dags/example_sensor_decorator.py for tasks to queue
[2025-03-11T12:58:35.199+0000] {logging_mixin.py:154} INFO - [2025-03-11T12:58:35.199+0000] {dagbag.py:536} INFO - Filling up the DagBag from /home/airflow/.local/lib/python3.8/site-packages/airflow/example_dags/example_sensor_decorator.py
[2025-03-11T12:58:35.202+0000] {processor.py:839} INFO - DAG(s) dict_keys(['example_sensor_decorator']) retrieved from /home/airflow/.local/lib/python3.8/site-packages/airflow/example_dags/example_sensor_decorator.py
[2025-03-11T12:58:35.213+0000] {logging_mixin.py:154} INFO - [2025-03-11T12:58:35.213+0000] {dag.py:2941} INFO - Sync 1 DAGs
[2025-03-11T12:58:35.218+0000] {logging_mixin.py:154} INFO - [2025-03-11T12:58:35.218+0000] {dag.py:3722} INFO - Setting next_dagrun for example_sensor_decorator to None, run_after=None
[2025-03-11T12:58:35.226+0000] {processor.py:179} INFO - Processing /home/airflow/.local/lib/python3.8/site-packages/airflow/example_dags/example_sensor_decorator.py took 0.030 seconds
[2025-03-11T12:59:05.734+0000] {processor.py:157} INFO - Started process (PID=2535) to work on /home/airflow/.local/lib/python3.8/site-packages/airflow/example_dags/example_sensor_decorator.py
[2025-03-11T12:59:05.734+0000] {processor.py:829} INFO - Processing file /home/airflow/.local/lib/python3.8/site-packages/airflow/example_dags/example_sensor_decorator.py for tasks to queue
[2025-03-11T12:59:05.736+0000] {logging_mixin.py:154} INFO - [2025-03-11T12:59:05.736+0000] {dagbag.py:536} INFO - Filling up the DagBag from /home/airflow/.local/lib/python3.8/site-packages/airflow/example_dags/example_sensor_decorator.py
[2025-03-11T12:59:05.741+0000] {processor.py:839} INFO - DAG(s) dict_keys(['example_sensor_decorator']) retrieved from /home/airflow/.local/lib/python3.8/site-packages/airflow/example_dags/example_sensor_decorator.py
[2025-03-11T12:59:05.755+0000] {logging_mixin.py:154} INFO - [2025-03-11T12:59:05.755+0000] {dag.py:2941} INFO - Sync 1 DAGs
[2025-03-11T12:59:05.762+0000] {logging_mixin.py:154} INFO - [2025-03-11T12:59:05.762+0000] {dag.py:3722} INFO - Setting next_dagrun for example_sensor_decorator to None, run_after=None
[2025-03-11T12:59:05.783+0000] {processor.py:179} INFO - Processing /home/airflow/.local/lib/python3.8/site-packages/airflow/example_dags/example_sensor_decorator.py took 0.051 seconds
[2025-03-11T12:59:19.665+0000] {processor.py:157} INFO - Started process (PID=64) to work on /home/airflow/.local/lib/python3.8/site-packages/airflow/example_dags/example_sensor_decorator.py
[2025-03-11T12:59:19.665+0000] {processor.py:829} INFO - Processing file /home/airflow/.local/lib/python3.8/site-packages/airflow/example_dags/example_sensor_decorator.py for tasks to queue
[2025-03-11T12:59:19.667+0000] {logging_mixin.py:154} INFO - [2025-03-11T12:59:19.667+0000] {dagbag.py:536} INFO - Filling up the DagBag from /home/airflow/.local/lib/python3.8/site-packages/airflow/example_dags/example_sensor_decorator.py
[2025-03-11T12:59:19.672+0000] {processor.py:839} INFO - DAG(s) dict_keys(['example_sensor_decorator']) retrieved from /home/airflow/.local/lib/python3.8/site-packages/airflow/example_dags/example_sensor_decorator.py
[2025-03-11T12:59:19.680+0000] {logging_mixin.py:154} INFO - [2025-03-11T12:59:19.679+0000] {dag.py:2941} INFO - Sync 1 DAGs
[2025-03-11T12:59:19.692+0000] {logging_mixin.py:154} INFO - [2025-03-11T12:59:19.692+0000] {dag.py:3722} INFO - Setting next_dagrun for example_sensor_decorator to None, run_after=None
[2025-03-11T12:59:19.705+0000] {processor.py:179} INFO - Processing /home/airflow/.local/lib/python3.8/site-packages/airflow/example_dags/example_sensor_decorator.py took 0.042 seconds
[2025-03-11T12:59:50.588+0000] {processor.py:157} INFO - Started process (PID=120) to work on /home/airflow/.local/lib/python3.8/site-packages/airflow/example_dags/example_sensor_decorator.py
[2025-03-11T12:59:50.589+0000] {processor.py:829} INFO - Processing file /home/airflow/.local/lib/python3.8/site-packages/airflow/example_dags/example_sensor_decorator.py for tasks to queue
[2025-03-11T12:59:50.590+0000] {logging_mixin.py:154} INFO - [2025-03-11T12:59:50.590+0000] {dagbag.py:536} INFO - Filling up the DagBag from /home/airflow/.local/lib/python3.8/site-packages/airflow/example_dags/example_sensor_decorator.py
[2025-03-11T12:59:50.593+0000] {processor.py:839} INFO - DAG(s) dict_keys(['example_sensor_decorator']) retrieved from /home/airflow/.local/lib/python3.8/site-packages/airflow/example_dags/example_sensor_decorator.py
[2025-03-11T12:59:50.603+0000] {logging_mixin.py:154} INFO - [2025-03-11T12:59:50.602+0000] {dag.py:2941} INFO - Sync 1 DAGs
[2025-03-11T12:59:50.608+0000] {logging_mixin.py:154} INFO - [2025-03-11T12:59:50.607+0000] {dag.py:3722} INFO - Setting next_dagrun for example_sensor_decorator to None, run_after=None
[2025-03-11T12:59:50.620+0000] {processor.py:179} INFO - Processing /home/airflow/.local/lib/python3.8/site-packages/airflow/example_dags/example_sensor_decorator.py took 0.033 seconds
[2025-03-11T13:00:20.945+0000] {processor.py:157} INFO - Started process (PID=176) to work on /home/airflow/.local/lib/python3.8/site-packages/airflow/example_dags/example_sensor_decorator.py
[2025-03-11T13:00:20.946+0000] {processor.py:829} INFO - Processing file /home/airflow/.local/lib/python3.8/site-packages/airflow/example_dags/example_sensor_decorator.py for tasks to queue
[2025-03-11T13:00:20.947+0000] {logging_mixin.py:154} INFO - [2025-03-11T13:00:20.947+0000] {dagbag.py:536} INFO - Filling up the DagBag from /home/airflow/.local/lib/python3.8/site-packages/airflow/example_dags/example_sensor_decorator.py
[2025-03-11T13:00:20.951+0000] {processor.py:839} INFO - DAG(s) dict_keys(['example_sensor_decorator']) retrieved from /home/airflow/.local/lib/python3.8/site-packages/airflow/example_dags/example_sensor_decorator.py
[2025-03-11T13:00:20.962+0000] {logging_mixin.py:154} INFO - [2025-03-11T13:00:20.962+0000] {dag.py:2941} INFO - Sync 1 DAGs
[2025-03-11T13:00:21.068+0000] {logging_mixin.py:154} INFO - [2025-03-11T13:00:21.068+0000] {dag.py:3722} INFO - Setting next_dagrun for example_sensor_decorator to None, run_after=None
[2025-03-11T13:00:21.075+0000] {processor.py:179} INFO - Processing /home/airflow/.local/lib/python3.8/site-packages/airflow/example_dags/example_sensor_decorator.py took 0.132 seconds
[2025-03-11T13:00:51.751+0000] {processor.py:157} INFO - Started process (PID=232) to work on /home/airflow/.local/lib/python3.8/site-packages/airflow/example_dags/example_sensor_decorator.py
[2025-03-11T13:00:51.751+0000] {processor.py:829} INFO - Processing file /home/airflow/.local/lib/python3.8/site-packages/airflow/example_dags/example_sensor_decorator.py for tasks to queue
[2025-03-11T13:00:51.752+0000] {logging_mixin.py:154} INFO - [2025-03-11T13:00:51.752+0000] {dagbag.py:536} INFO - Filling up the DagBag from /home/airflow/.local/lib/python3.8/site-packages/airflow/example_dags/example_sensor_decorator.py
[2025-03-11T13:00:51.755+0000] {processor.py:839} INFO - DAG(s) dict_keys(['example_sensor_decorator']) retrieved from /home/airflow/.local/lib/python3.8/site-packages/airflow/example_dags/example_sensor_decorator.py
[2025-03-11T13:00:51.764+0000] {logging_mixin.py:154} INFO - [2025-03-11T13:00:51.764+0000] {dag.py:2941} INFO - Sync 1 DAGs
[2025-03-11T13:00:51.770+0000] {logging_mixin.py:154} INFO - [2025-03-11T13:00:51.770+0000] {dag.py:3722} INFO - Setting next_dagrun for example_sensor_decorator to None, run_after=None
[2025-03-11T13:00:51.867+0000] {processor.py:179} INFO - Processing /home/airflow/.local/lib/python3.8/site-packages/airflow/example_dags/example_sensor_decorator.py took 0.118 seconds
[2025-03-11T13:01:22.842+0000] {processor.py:157} INFO - Started process (PID=288) to work on /home/airflow/.local/lib/python3.8/site-packages/airflow/example_dags/example_sensor_decorator.py
[2025-03-11T13:01:22.843+0000] {processor.py:829} INFO - Processing file /home/airflow/.local/lib/python3.8/site-packages/airflow/example_dags/example_sensor_decorator.py for tasks to queue
[2025-03-11T13:01:22.844+0000] {logging_mixin.py:154} INFO - [2025-03-11T13:01:22.843+0000] {dagbag.py:536} INFO - Filling up the DagBag from /home/airflow/.local/lib/python3.8/site-packages/airflow/example_dags/example_sensor_decorator.py
[2025-03-11T13:01:22.846+0000] {processor.py:839} INFO - DAG(s) dict_keys(['example_sensor_decorator']) retrieved from /home/airflow/.local/lib/python3.8/site-packages/airflow/example_dags/example_sensor_decorator.py
[2025-03-11T13:01:22.856+0000] {logging_mixin.py:154} INFO - [2025-03-11T13:01:22.855+0000] {dag.py:2941} INFO - Sync 1 DAGs
[2025-03-11T13:01:22.860+0000] {logging_mixin.py:154} INFO - [2025-03-11T13:01:22.860+0000] {dag.py:3722} INFO - Setting next_dagrun for example_sensor_decorator to None, run_after=None
[2025-03-11T13:01:22.869+0000] {processor.py:179} INFO - Processing /home/airflow/.local/lib/python3.8/site-packages/airflow/example_dags/example_sensor_decorator.py took 0.028 seconds
[2025-03-11T13:01:53.077+0000] {processor.py:157} INFO - Started process (PID=344) to work on /home/airflow/.local/lib/python3.8/site-packages/airflow/example_dags/example_sensor_decorator.py
[2025-03-11T13:01:53.078+0000] {processor.py:829} INFO - Processing file /home/airflow/.local/lib/python3.8/site-packages/airflow/example_dags/example_sensor_decorator.py for tasks to queue
[2025-03-11T13:01:53.079+0000] {logging_mixin.py:154} INFO - [2025-03-11T13:01:53.079+0000] {dagbag.py:536} INFO - Filling up the DagBag from /home/airflow/.local/lib/python3.8/site-packages/airflow/example_dags/example_sensor_decorator.py
[2025-03-11T13:01:53.082+0000] {processor.py:839} INFO - DAG(s) dict_keys(['example_sensor_decorator']) retrieved from /home/airflow/.local/lib/python3.8/site-packages/airflow/example_dags/example_sensor_decorator.py
[2025-03-11T13:01:53.092+0000] {logging_mixin.py:154} INFO - [2025-03-11T13:01:53.092+0000] {dag.py:2941} INFO - Sync 1 DAGs
[2025-03-11T13:01:53.100+0000] {logging_mixin.py:154} INFO - [2025-03-11T13:01:53.100+0000] {dag.py:3722} INFO - Setting next_dagrun for example_sensor_decorator to None, run_after=None
[2025-03-11T13:01:53.113+0000] {processor.py:179} INFO - Processing /home/airflow/.local/lib/python3.8/site-packages/airflow/example_dags/example_sensor_decorator.py took 0.038 seconds
[2025-03-11T13:02:23.644+0000] {processor.py:157} INFO - Started process (PID=400) to work on /home/airflow/.local/lib/python3.8/site-packages/airflow/example_dags/example_sensor_decorator.py
[2025-03-11T13:02:23.644+0000] {processor.py:829} INFO - Processing file /home/airflow/.local/lib/python3.8/site-packages/airflow/example_dags/example_sensor_decorator.py for tasks to queue
[2025-03-11T13:02:23.646+0000] {logging_mixin.py:154} INFO - [2025-03-11T13:02:23.645+0000] {dagbag.py:536} INFO - Filling up the DagBag from /home/airflow/.local/lib/python3.8/site-packages/airflow/example_dags/example_sensor_decorator.py
[2025-03-11T13:02:23.649+0000] {processor.py:839} INFO - DAG(s) dict_keys(['example_sensor_decorator']) retrieved from /home/airflow/.local/lib/python3.8/site-packages/airflow/example_dags/example_sensor_decorator.py
[2025-03-11T13:02:23.769+0000] {logging_mixin.py:154} INFO - [2025-03-11T13:02:23.768+0000] {dag.py:2941} INFO - Sync 1 DAGs
[2025-03-11T13:02:23.774+0000] {logging_mixin.py:154} INFO - [2025-03-11T13:02:23.774+0000] {dag.py:3722} INFO - Setting next_dagrun for example_sensor_decorator to None, run_after=None
[2025-03-11T13:02:23.783+0000] {processor.py:179} INFO - Processing /home/airflow/.local/lib/python3.8/site-packages/airflow/example_dags/example_sensor_decorator.py took 0.141 seconds
[2025-03-11T13:02:53.899+0000] {processor.py:157} INFO - Started process (PID=456) to work on /home/airflow/.local/lib/python3.8/site-packages/airflow/example_dags/example_sensor_decorator.py
[2025-03-11T13:02:53.900+0000] {processor.py:829} INFO - Processing file /home/airflow/.local/lib/python3.8/site-packages/airflow/example_dags/example_sensor_decorator.py for tasks to queue
[2025-03-11T13:02:53.901+0000] {logging_mixin.py:154} INFO - [2025-03-11T13:02:53.901+0000] {dagbag.py:536} INFO - Filling up the DagBag from /home/airflow/.local/lib/python3.8/site-packages/airflow/example_dags/example_sensor_decorator.py
[2025-03-11T13:02:53.905+0000] {processor.py:839} INFO - DAG(s) dict_keys(['example_sensor_decorator']) retrieved from /home/airflow/.local/lib/python3.8/site-packages/airflow/example_dags/example_sensor_decorator.py
[2025-03-11T13:02:53.918+0000] {logging_mixin.py:154} INFO - [2025-03-11T13:02:53.917+0000] {dag.py:2941} INFO - Sync 1 DAGs
[2025-03-11T13:02:53.923+0000] {logging_mixin.py:154} INFO - [2025-03-11T13:02:53.923+0000] {dag.py:3722} INFO - Setting next_dagrun for example_sensor_decorator to None, run_after=None
[2025-03-11T13:02:53.933+0000] {processor.py:179} INFO - Processing /home/airflow/.local/lib/python3.8/site-packages/airflow/example_dags/example_sensor_decorator.py took 0.036 seconds
[2025-03-11T13:03:24.625+0000] {processor.py:157} INFO - Started process (PID=512) to work on /home/airflow/.local/lib/python3.8/site-packages/airflow/example_dags/example_sensor_decorator.py
[2025-03-11T13:03:24.626+0000] {processor.py:829} INFO - Processing file /home/airflow/.local/lib/python3.8/site-packages/airflow/example_dags/example_sensor_decorator.py for tasks to queue
[2025-03-11T13:03:24.627+0000] {logging_mixin.py:154} INFO - [2025-03-11T13:03:24.627+0000] {dagbag.py:536} INFO - Filling up the DagBag from /home/airflow/.local/lib/python3.8/site-packages/airflow/example_dags/example_sensor_decorator.py
[2025-03-11T13:03:24.632+0000] {processor.py:839} INFO - DAG(s) dict_keys(['example_sensor_decorator']) retrieved from /home/airflow/.local/lib/python3.8/site-packages/airflow/example_dags/example_sensor_decorator.py
[2025-03-11T13:03:24.643+0000] {logging_mixin.py:154} INFO - [2025-03-11T13:03:24.643+0000] {dag.py:2941} INFO - Sync 1 DAGs
[2025-03-11T13:03:24.648+0000] {logging_mixin.py:154} INFO - [2025-03-11T13:03:24.648+0000] {dag.py:3722} INFO - Setting next_dagrun for example_sensor_decorator to None, run_after=None
[2025-03-11T13:03:24.660+0000] {processor.py:179} INFO - Processing /home/airflow/.local/lib/python3.8/site-packages/airflow/example_dags/example_sensor_decorator.py took 0.036 seconds
[2025-03-11T13:03:55.349+0000] {processor.py:157} INFO - Started process (PID=568) to work on /home/airflow/.local/lib/python3.8/site-packages/airflow/example_dags/example_sensor_decorator.py
[2025-03-11T13:03:55.350+0000] {processor.py:829} INFO - Processing file /home/airflow/.local/lib/python3.8/site-packages/airflow/example_dags/example_sensor_decorator.py for tasks to queue
[2025-03-11T13:03:55.351+0000] {logging_mixin.py:154} INFO - [2025-03-11T13:03:55.350+0000] {dagbag.py:536} INFO - Filling up the DagBag from /home/airflow/.local/lib/python3.8/site-packages/airflow/example_dags/example_sensor_decorator.py
[2025-03-11T13:03:55.353+0000] {processor.py:839} INFO - DAG(s) dict_keys(['example_sensor_decorator']) retrieved from /home/airflow/.local/lib/python3.8/site-packages/airflow/example_dags/example_sensor_decorator.py
[2025-03-11T13:03:55.364+0000] {logging_mixin.py:154} INFO - [2025-03-11T13:03:55.363+0000] {dag.py:2941} INFO - Sync 1 DAGs
[2025-03-11T13:03:55.369+0000] {logging_mixin.py:154} INFO - [2025-03-11T13:03:55.369+0000] {dag.py:3722} INFO - Setting next_dagrun for example_sensor_decorator to None, run_after=None
[2025-03-11T13:03:55.379+0000] {processor.py:179} INFO - Processing /home/airflow/.local/lib/python3.8/site-packages/airflow/example_dags/example_sensor_decorator.py took 0.031 seconds
[2025-03-11T13:04:26.054+0000] {processor.py:157} INFO - Started process (PID=624) to work on /home/airflow/.local/lib/python3.8/site-packages/airflow/example_dags/example_sensor_decorator.py
[2025-03-11T13:04:26.054+0000] {processor.py:829} INFO - Processing file /home/airflow/.local/lib/python3.8/site-packages/airflow/example_dags/example_sensor_decorator.py for tasks to queue
[2025-03-11T13:04:26.055+0000] {logging_mixin.py:154} INFO - [2025-03-11T13:04:26.055+0000] {dagbag.py:536} INFO - Filling up the DagBag from /home/airflow/.local/lib/python3.8/site-packages/airflow/example_dags/example_sensor_decorator.py
[2025-03-11T13:04:26.058+0000] {processor.py:839} INFO - DAG(s) dict_keys(['example_sensor_decorator']) retrieved from /home/airflow/.local/lib/python3.8/site-packages/airflow/example_dags/example_sensor_decorator.py
[2025-03-11T13:04:26.070+0000] {logging_mixin.py:154} INFO - [2025-03-11T13:04:26.070+0000] {dag.py:2941} INFO - Sync 1 DAGs
[2025-03-11T13:04:26.076+0000] {logging_mixin.py:154} INFO - [2025-03-11T13:04:26.076+0000] {dag.py:3722} INFO - Setting next_dagrun for example_sensor_decorator to None, run_after=None
[2025-03-11T13:04:26.088+0000] {processor.py:179} INFO - Processing /home/airflow/.local/lib/python3.8/site-packages/airflow/example_dags/example_sensor_decorator.py took 0.036 seconds
[2025-03-11T13:04:56.693+0000] {processor.py:157} INFO - Started process (PID=680) to work on /home/airflow/.local/lib/python3.8/site-packages/airflow/example_dags/example_sensor_decorator.py
[2025-03-11T13:04:56.694+0000] {processor.py:829} INFO - Processing file /home/airflow/.local/lib/python3.8/site-packages/airflow/example_dags/example_sensor_decorator.py for tasks to queue
[2025-03-11T13:04:56.695+0000] {logging_mixin.py:154} INFO - [2025-03-11T13:04:56.695+0000] {dagbag.py:536} INFO - Filling up the DagBag from /home/airflow/.local/lib/python3.8/site-packages/airflow/example_dags/example_sensor_decorator.py
[2025-03-11T13:04:56.698+0000] {processor.py:839} INFO - DAG(s) dict_keys(['example_sensor_decorator']) retrieved from /home/airflow/.local/lib/python3.8/site-packages/airflow/example_dags/example_sensor_decorator.py
[2025-03-11T13:04:56.709+0000] {logging_mixin.py:154} INFO - [2025-03-11T13:04:56.709+0000] {dag.py:2941} INFO - Sync 1 DAGs
[2025-03-11T13:04:56.714+0000] {logging_mixin.py:154} INFO - [2025-03-11T13:04:56.714+0000] {dag.py:3722} INFO - Setting next_dagrun for example_sensor_decorator to None, run_after=None
[2025-03-11T13:04:56.723+0000] {processor.py:179} INFO - Processing /home/airflow/.local/lib/python3.8/site-packages/airflow/example_dags/example_sensor_decorator.py took 0.032 seconds
[2025-03-11T13:05:27.343+0000] {processor.py:157} INFO - Started process (PID=736) to work on /home/airflow/.local/lib/python3.8/site-packages/airflow/example_dags/example_sensor_decorator.py
[2025-03-11T13:05:27.343+0000] {processor.py:829} INFO - Processing file /home/airflow/.local/lib/python3.8/site-packages/airflow/example_dags/example_sensor_decorator.py for tasks to queue
[2025-03-11T13:05:27.344+0000] {logging_mixin.py:154} INFO - [2025-03-11T13:05:27.344+0000] {dagbag.py:536} INFO - Filling up the DagBag from /home/airflow/.local/lib/python3.8/site-packages/airflow/example_dags/example_sensor_decorator.py
[2025-03-11T13:05:27.347+0000] {processor.py:839} INFO - DAG(s) dict_keys(['example_sensor_decorator']) retrieved from /home/airflow/.local/lib/python3.8/site-packages/airflow/example_dags/example_sensor_decorator.py
[2025-03-11T13:05:27.357+0000] {logging_mixin.py:154} INFO - [2025-03-11T13:05:27.357+0000] {dag.py:2941} INFO - Sync 1 DAGs
[2025-03-11T13:05:27.362+0000] {logging_mixin.py:154} INFO - [2025-03-11T13:05:27.362+0000] {dag.py:3722} INFO - Setting next_dagrun for example_sensor_decorator to None, run_after=None
[2025-03-11T13:05:27.371+0000] {processor.py:179} INFO - Processing /home/airflow/.local/lib/python3.8/site-packages/airflow/example_dags/example_sensor_decorator.py took 0.030 seconds
[2025-03-11T13:05:57.998+0000] {processor.py:157} INFO - Started process (PID=792) to work on /home/airflow/.local/lib/python3.8/site-packages/airflow/example_dags/example_sensor_decorator.py
[2025-03-11T13:05:57.998+0000] {processor.py:829} INFO - Processing file /home/airflow/.local/lib/python3.8/site-packages/airflow/example_dags/example_sensor_decorator.py for tasks to queue
[2025-03-11T13:05:57.999+0000] {logging_mixin.py:154} INFO - [2025-03-11T13:05:57.999+0000] {dagbag.py:536} INFO - Filling up the DagBag from /home/airflow/.local/lib/python3.8/site-packages/airflow/example_dags/example_sensor_decorator.py
[2025-03-11T13:05:58.002+0000] {processor.py:839} INFO - DAG(s) dict_keys(['example_sensor_decorator']) retrieved from /home/airflow/.local/lib/python3.8/site-packages/airflow/example_dags/example_sensor_decorator.py
[2025-03-11T13:05:58.012+0000] {logging_mixin.py:154} INFO - [2025-03-11T13:05:58.012+0000] {dag.py:2941} INFO - Sync 1 DAGs
[2025-03-11T13:05:58.017+0000] {logging_mixin.py:154} INFO - [2025-03-11T13:05:58.017+0000] {dag.py:3722} INFO - Setting next_dagrun for example_sensor_decorator to None, run_after=None
[2025-03-11T13:05:58.029+0000] {processor.py:179} INFO - Processing /home/airflow/.local/lib/python3.8/site-packages/airflow/example_dags/example_sensor_decorator.py took 0.033 seconds
[2025-03-11T13:06:28.579+0000] {processor.py:157} INFO - Started process (PID=848) to work on /home/airflow/.local/lib/python3.8/site-packages/airflow/example_dags/example_sensor_decorator.py
[2025-03-11T13:06:28.581+0000] {processor.py:829} INFO - Processing file /home/airflow/.local/lib/python3.8/site-packages/airflow/example_dags/example_sensor_decorator.py for tasks to queue
[2025-03-11T13:06:28.582+0000] {logging_mixin.py:154} INFO - [2025-03-11T13:06:28.582+0000] {dagbag.py:536} INFO - Filling up the DagBag from /home/airflow/.local/lib/python3.8/site-packages/airflow/example_dags/example_sensor_decorator.py
[2025-03-11T13:06:28.584+0000] {processor.py:839} INFO - DAG(s) dict_keys(['example_sensor_decorator']) retrieved from /home/airflow/.local/lib/python3.8/site-packages/airflow/example_dags/example_sensor_decorator.py
[2025-03-11T13:06:28.594+0000] {logging_mixin.py:154} INFO - [2025-03-11T13:06:28.594+0000] {dag.py:2941} INFO - Sync 1 DAGs
[2025-03-11T13:06:28.600+0000] {logging_mixin.py:154} INFO - [2025-03-11T13:06:28.600+0000] {dag.py:3722} INFO - Setting next_dagrun for example_sensor_decorator to None, run_after=None
[2025-03-11T13:06:28.607+0000] {processor.py:179} INFO - Processing /home/airflow/.local/lib/python3.8/site-packages/airflow/example_dags/example_sensor_decorator.py took 0.030 seconds
[2025-03-11T13:06:59.157+0000] {processor.py:157} INFO - Started process (PID=904) to work on /home/airflow/.local/lib/python3.8/site-packages/airflow/example_dags/example_sensor_decorator.py
[2025-03-11T13:06:59.158+0000] {processor.py:829} INFO - Processing file /home/airflow/.local/lib/python3.8/site-packages/airflow/example_dags/example_sensor_decorator.py for tasks to queue
[2025-03-11T13:06:59.159+0000] {logging_mixin.py:154} INFO - [2025-03-11T13:06:59.159+0000] {dagbag.py:536} INFO - Filling up the DagBag from /home/airflow/.local/lib/python3.8/site-packages/airflow/example_dags/example_sensor_decorator.py
[2025-03-11T13:06:59.162+0000] {processor.py:839} INFO - DAG(s) dict_keys(['example_sensor_decorator']) retrieved from /home/airflow/.local/lib/python3.8/site-packages/airflow/example_dags/example_sensor_decorator.py
[2025-03-11T13:06:59.172+0000] {logging_mixin.py:154} INFO - [2025-03-11T13:06:59.172+0000] {dag.py:2941} INFO - Sync 1 DAGs
[2025-03-11T13:06:59.177+0000] {logging_mixin.py:154} INFO - [2025-03-11T13:06:59.177+0000] {dag.py:3722} INFO - Setting next_dagrun for example_sensor_decorator to None, run_after=None
[2025-03-11T13:06:59.185+0000] {processor.py:179} INFO - Processing /home/airflow/.local/lib/python3.8/site-packages/airflow/example_dags/example_sensor_decorator.py took 0.030 seconds
[2025-03-11T13:07:29.797+0000] {processor.py:157} INFO - Started process (PID=960) to work on /home/airflow/.local/lib/python3.8/site-packages/airflow/example_dags/example_sensor_decorator.py
[2025-03-11T13:07:29.797+0000] {processor.py:829} INFO - Processing file /home/airflow/.local/lib/python3.8/site-packages/airflow/example_dags/example_sensor_decorator.py for tasks to queue
[2025-03-11T13:07:29.798+0000] {logging_mixin.py:154} INFO - [2025-03-11T13:07:29.798+0000] {dagbag.py:536} INFO - Filling up the DagBag from /home/airflow/.local/lib/python3.8/site-packages/airflow/example_dags/example_sensor_decorator.py
[2025-03-11T13:07:29.801+0000] {processor.py:839} INFO - DAG(s) dict_keys(['example_sensor_decorator']) retrieved from /home/airflow/.local/lib/python3.8/site-packages/airflow/example_dags/example_sensor_decorator.py
[2025-03-11T13:07:29.810+0000] {logging_mixin.py:154} INFO - [2025-03-11T13:07:29.810+0000] {dag.py:2941} INFO - Sync 1 DAGs
[2025-03-11T13:07:29.816+0000] {logging_mixin.py:154} INFO - [2025-03-11T13:07:29.816+0000] {dag.py:3722} INFO - Setting next_dagrun for example_sensor_decorator to None, run_after=None
[2025-03-11T13:07:29.827+0000] {processor.py:179} INFO - Processing /home/airflow/.local/lib/python3.8/site-packages/airflow/example_dags/example_sensor_decorator.py took 0.032 seconds
[2025-03-11T13:08:00.320+0000] {processor.py:157} INFO - Started process (PID=1016) to work on /home/airflow/.local/lib/python3.8/site-packages/airflow/example_dags/example_sensor_decorator.py
[2025-03-11T13:08:00.320+0000] {processor.py:829} INFO - Processing file /home/airflow/.local/lib/python3.8/site-packages/airflow/example_dags/example_sensor_decorator.py for tasks to queue
[2025-03-11T13:08:00.321+0000] {logging_mixin.py:154} INFO - [2025-03-11T13:08:00.321+0000] {dagbag.py:536} INFO - Filling up the DagBag from /home/airflow/.local/lib/python3.8/site-packages/airflow/example_dags/example_sensor_decorator.py
[2025-03-11T13:08:00.324+0000] {processor.py:839} INFO - DAG(s) dict_keys(['example_sensor_decorator']) retrieved from /home/airflow/.local/lib/python3.8/site-packages/airflow/example_dags/example_sensor_decorator.py
[2025-03-11T13:08:00.333+0000] {logging_mixin.py:154} INFO - [2025-03-11T13:08:00.333+0000] {dag.py:2941} INFO - Sync 1 DAGs
[2025-03-11T13:08:00.339+0000] {logging_mixin.py:154} INFO - [2025-03-11T13:08:00.339+0000] {dag.py:3722} INFO - Setting next_dagrun for example_sensor_decorator to None, run_after=None
[2025-03-11T13:08:00.351+0000] {processor.py:179} INFO - Processing /home/airflow/.local/lib/python3.8/site-packages/airflow/example_dags/example_sensor_decorator.py took 0.033 seconds
[2025-03-11T13:08:30.896+0000] {processor.py:157} INFO - Started process (PID=1072) to work on /home/airflow/.local/lib/python3.8/site-packages/airflow/example_dags/example_sensor_decorator.py
[2025-03-11T13:08:30.897+0000] {processor.py:829} INFO - Processing file /home/airflow/.local/lib/python3.8/site-packages/airflow/example_dags/example_sensor_decorator.py for tasks to queue
[2025-03-11T13:08:30.898+0000] {logging_mixin.py:154} INFO - [2025-03-11T13:08:30.898+0000] {dagbag.py:536} INFO - Filling up the DagBag from /home/airflow/.local/lib/python3.8/site-packages/airflow/example_dags/example_sensor_decorator.py
[2025-03-11T13:08:30.902+0000] {processor.py:839} INFO - DAG(s) dict_keys(['example_sensor_decorator']) retrieved from /home/airflow/.local/lib/python3.8/site-packages/airflow/example_dags/example_sensor_decorator.py
[2025-03-11T13:08:30.913+0000] {logging_mixin.py:154} INFO - [2025-03-11T13:08:30.913+0000] {dag.py:2941} INFO - Sync 1 DAGs
[2025-03-11T13:08:30.917+0000] {logging_mixin.py:154} INFO - [2025-03-11T13:08:30.917+0000] {dag.py:3722} INFO - Setting next_dagrun for example_sensor_decorator to None, run_after=None
[2025-03-11T13:08:30.930+0000] {processor.py:179} INFO - Processing /home/airflow/.local/lib/python3.8/site-packages/airflow/example_dags/example_sensor_decorator.py took 0.035 seconds
[2025-03-11T13:09:01.590+0000] {processor.py:157} INFO - Started process (PID=1128) to work on /home/airflow/.local/lib/python3.8/site-packages/airflow/example_dags/example_sensor_decorator.py
[2025-03-11T13:09:01.591+0000] {processor.py:829} INFO - Processing file /home/airflow/.local/lib/python3.8/site-packages/airflow/example_dags/example_sensor_decorator.py for tasks to queue
[2025-03-11T13:09:01.592+0000] {logging_mixin.py:154} INFO - [2025-03-11T13:09:01.592+0000] {dagbag.py:536} INFO - Filling up the DagBag from /home/airflow/.local/lib/python3.8/site-packages/airflow/example_dags/example_sensor_decorator.py
[2025-03-11T13:09:01.594+0000] {processor.py:839} INFO - DAG(s) dict_keys(['example_sensor_decorator']) retrieved from /home/airflow/.local/lib/python3.8/site-packages/airflow/example_dags/example_sensor_decorator.py
[2025-03-11T13:09:01.606+0000] {logging_mixin.py:154} INFO - [2025-03-11T13:09:01.606+0000] {dag.py:2941} INFO - Sync 1 DAGs
[2025-03-11T13:09:01.612+0000] {logging_mixin.py:154} INFO - [2025-03-11T13:09:01.612+0000] {dag.py:3722} INFO - Setting next_dagrun for example_sensor_decorator to None, run_after=None
[2025-03-11T13:09:01.622+0000] {processor.py:179} INFO - Processing /home/airflow/.local/lib/python3.8/site-packages/airflow/example_dags/example_sensor_decorator.py took 0.034 seconds
[2025-03-11T13:09:32.211+0000] {processor.py:157} INFO - Started process (PID=1184) to work on /home/airflow/.local/lib/python3.8/site-packages/airflow/example_dags/example_sensor_decorator.py
[2025-03-11T13:09:32.211+0000] {processor.py:829} INFO - Processing file /home/airflow/.local/lib/python3.8/site-packages/airflow/example_dags/example_sensor_decorator.py for tasks to queue
[2025-03-11T13:09:32.213+0000] {logging_mixin.py:154} INFO - [2025-03-11T13:09:32.212+0000] {dagbag.py:536} INFO - Filling up the DagBag from /home/airflow/.local/lib/python3.8/site-packages/airflow/example_dags/example_sensor_decorator.py
[2025-03-11T13:09:32.215+0000] {processor.py:839} INFO - DAG(s) dict_keys(['example_sensor_decorator']) retrieved from /home/airflow/.local/lib/python3.8/site-packages/airflow/example_dags/example_sensor_decorator.py
[2025-03-11T13:09:32.226+0000] {logging_mixin.py:154} INFO - [2025-03-11T13:09:32.225+0000] {dag.py:2941} INFO - Sync 1 DAGs
[2025-03-11T13:09:32.232+0000] {logging_mixin.py:154} INFO - [2025-03-11T13:09:32.232+0000] {dag.py:3722} INFO - Setting next_dagrun for example_sensor_decorator to None, run_after=None
[2025-03-11T13:09:32.244+0000] {processor.py:179} INFO - Processing /home/airflow/.local/lib/python3.8/site-packages/airflow/example_dags/example_sensor_decorator.py took 0.034 seconds
[2025-03-11T13:10:02.786+0000] {processor.py:157} INFO - Started process (PID=1240) to work on /home/airflow/.local/lib/python3.8/site-packages/airflow/example_dags/example_sensor_decorator.py
[2025-03-11T13:10:02.787+0000] {processor.py:829} INFO - Processing file /home/airflow/.local/lib/python3.8/site-packages/airflow/example_dags/example_sensor_decorator.py for tasks to queue
[2025-03-11T13:10:02.788+0000] {logging_mixin.py:154} INFO - [2025-03-11T13:10:02.787+0000] {dagbag.py:536} INFO - Filling up the DagBag from /home/airflow/.local/lib/python3.8/site-packages/airflow/example_dags/example_sensor_decorator.py
[2025-03-11T13:10:02.791+0000] {processor.py:839} INFO - DAG(s) dict_keys(['example_sensor_decorator']) retrieved from /home/airflow/.local/lib/python3.8/site-packages/airflow/example_dags/example_sensor_decorator.py
[2025-03-11T13:10:02.800+0000] {logging_mixin.py:154} INFO - [2025-03-11T13:10:02.800+0000] {dag.py:2941} INFO - Sync 1 DAGs
[2025-03-11T13:10:02.806+0000] {logging_mixin.py:154} INFO - [2025-03-11T13:10:02.806+0000] {dag.py:3722} INFO - Setting next_dagrun for example_sensor_decorator to None, run_after=None
[2025-03-11T13:10:02.814+0000] {processor.py:179} INFO - Processing /home/airflow/.local/lib/python3.8/site-packages/airflow/example_dags/example_sensor_decorator.py took 0.030 seconds
[2025-03-11T13:10:33.343+0000] {processor.py:157} INFO - Started process (PID=1296) to work on /home/airflow/.local/lib/python3.8/site-packages/airflow/example_dags/example_sensor_decorator.py
[2025-03-11T13:10:33.344+0000] {processor.py:829} INFO - Processing file /home/airflow/.local/lib/python3.8/site-packages/airflow/example_dags/example_sensor_decorator.py for tasks to queue
[2025-03-11T13:10:33.345+0000] {logging_mixin.py:154} INFO - [2025-03-11T13:10:33.345+0000] {dagbag.py:536} INFO - Filling up the DagBag from /home/airflow/.local/lib/python3.8/site-packages/airflow/example_dags/example_sensor_decorator.py
[2025-03-11T13:10:33.347+0000] {processor.py:839} INFO - DAG(s) dict_keys(['example_sensor_decorator']) retrieved from /home/airflow/.local/lib/python3.8/site-packages/airflow/example_dags/example_sensor_decorator.py
[2025-03-11T13:10:33.360+0000] {logging_mixin.py:154} INFO - [2025-03-11T13:10:33.359+0000] {dag.py:2941} INFO - Sync 1 DAGs
[2025-03-11T13:10:33.365+0000] {logging_mixin.py:154} INFO - [2025-03-11T13:10:33.365+0000] {dag.py:3722} INFO - Setting next_dagrun for example_sensor_decorator to None, run_after=None
[2025-03-11T13:10:33.374+0000] {processor.py:179} INFO - Processing /home/airflow/.local/lib/python3.8/site-packages/airflow/example_dags/example_sensor_decorator.py took 0.032 seconds
[2025-03-11T13:11:04.017+0000] {processor.py:157} INFO - Started process (PID=1352) to work on /home/airflow/.local/lib/python3.8/site-packages/airflow/example_dags/example_sensor_decorator.py
[2025-03-11T13:11:04.017+0000] {processor.py:829} INFO - Processing file /home/airflow/.local/lib/python3.8/site-packages/airflow/example_dags/example_sensor_decorator.py for tasks to queue
[2025-03-11T13:11:04.018+0000] {logging_mixin.py:154} INFO - [2025-03-11T13:11:04.018+0000] {dagbag.py:536} INFO - Filling up the DagBag from /home/airflow/.local/lib/python3.8/site-packages/airflow/example_dags/example_sensor_decorator.py
[2025-03-11T13:11:04.021+0000] {processor.py:839} INFO - DAG(s) dict_keys(['example_sensor_decorator']) retrieved from /home/airflow/.local/lib/python3.8/site-packages/airflow/example_dags/example_sensor_decorator.py
[2025-03-11T13:11:04.032+0000] {logging_mixin.py:154} INFO - [2025-03-11T13:11:04.031+0000] {dag.py:2941} INFO - Sync 1 DAGs
[2025-03-11T13:11:04.037+0000] {logging_mixin.py:154} INFO - [2025-03-11T13:11:04.036+0000] {dag.py:3722} INFO - Setting next_dagrun for example_sensor_decorator to None, run_after=None
[2025-03-11T13:11:04.048+0000] {processor.py:179} INFO - Processing /home/airflow/.local/lib/python3.8/site-packages/airflow/example_dags/example_sensor_decorator.py took 0.033 seconds
[2025-03-11T13:11:34.703+0000] {processor.py:157} INFO - Started process (PID=1408) to work on /home/airflow/.local/lib/python3.8/site-packages/airflow/example_dags/example_sensor_decorator.py
[2025-03-11T13:11:34.704+0000] {processor.py:829} INFO - Processing file /home/airflow/.local/lib/python3.8/site-packages/airflow/example_dags/example_sensor_decorator.py for tasks to queue
[2025-03-11T13:11:34.705+0000] {logging_mixin.py:154} INFO - [2025-03-11T13:11:34.705+0000] {dagbag.py:536} INFO - Filling up the DagBag from /home/airflow/.local/lib/python3.8/site-packages/airflow/example_dags/example_sensor_decorator.py
[2025-03-11T13:11:34.707+0000] {processor.py:839} INFO - DAG(s) dict_keys(['example_sensor_decorator']) retrieved from /home/airflow/.local/lib/python3.8/site-packages/airflow/example_dags/example_sensor_decorator.py
[2025-03-11T13:11:34.717+0000] {logging_mixin.py:154} INFO - [2025-03-11T13:11:34.717+0000] {dag.py:2941} INFO - Sync 1 DAGs
[2025-03-11T13:11:34.722+0000] {logging_mixin.py:154} INFO - [2025-03-11T13:11:34.722+0000] {dag.py:3722} INFO - Setting next_dagrun for example_sensor_decorator to None, run_after=None
[2025-03-11T13:11:34.728+0000] {processor.py:179} INFO - Processing /home/airflow/.local/lib/python3.8/site-packages/airflow/example_dags/example_sensor_decorator.py took 0.027 seconds
[2025-03-11T13:12:05.318+0000] {processor.py:157} INFO - Started process (PID=1464) to work on /home/airflow/.local/lib/python3.8/site-packages/airflow/example_dags/example_sensor_decorator.py
[2025-03-11T13:12:05.319+0000] {processor.py:829} INFO - Processing file /home/airflow/.local/lib/python3.8/site-packages/airflow/example_dags/example_sensor_decorator.py for tasks to queue
[2025-03-11T13:12:05.320+0000] {logging_mixin.py:154} INFO - [2025-03-11T13:12:05.320+0000] {dagbag.py:536} INFO - Filling up the DagBag from /home/airflow/.local/lib/python3.8/site-packages/airflow/example_dags/example_sensor_decorator.py
[2025-03-11T13:12:05.323+0000] {processor.py:839} INFO - DAG(s) dict_keys(['example_sensor_decorator']) retrieved from /home/airflow/.local/lib/python3.8/site-packages/airflow/example_dags/example_sensor_decorator.py
[2025-03-11T13:12:05.333+0000] {logging_mixin.py:154} INFO - [2025-03-11T13:12:05.333+0000] {dag.py:2941} INFO - Sync 1 DAGs
[2025-03-11T13:12:05.338+0000] {logging_mixin.py:154} INFO - [2025-03-11T13:12:05.338+0000] {dag.py:3722} INFO - Setting next_dagrun for example_sensor_decorator to None, run_after=None
[2025-03-11T13:12:05.348+0000] {processor.py:179} INFO - Processing /home/airflow/.local/lib/python3.8/site-packages/airflow/example_dags/example_sensor_decorator.py took 0.032 seconds
[2025-03-11T13:12:35.931+0000] {processor.py:157} INFO - Started process (PID=1520) to work on /home/airflow/.local/lib/python3.8/site-packages/airflow/example_dags/example_sensor_decorator.py
[2025-03-11T13:12:35.931+0000] {processor.py:829} INFO - Processing file /home/airflow/.local/lib/python3.8/site-packages/airflow/example_dags/example_sensor_decorator.py for tasks to queue
[2025-03-11T13:12:35.932+0000] {logging_mixin.py:154} INFO - [2025-03-11T13:12:35.932+0000] {dagbag.py:536} INFO - Filling up the DagBag from /home/airflow/.local/lib/python3.8/site-packages/airflow/example_dags/example_sensor_decorator.py
[2025-03-11T13:12:35.935+0000] {processor.py:839} INFO - DAG(s) dict_keys(['example_sensor_decorator']) retrieved from /home/airflow/.local/lib/python3.8/site-packages/airflow/example_dags/example_sensor_decorator.py
[2025-03-11T13:12:35.945+0000] {logging_mixin.py:154} INFO - [2025-03-11T13:12:35.945+0000] {dag.py:2941} INFO - Sync 1 DAGs
[2025-03-11T13:12:35.950+0000] {logging_mixin.py:154} INFO - [2025-03-11T13:12:35.950+0000] {dag.py:3722} INFO - Setting next_dagrun for example_sensor_decorator to None, run_after=None
[2025-03-11T13:12:35.960+0000] {processor.py:179} INFO - Processing /home/airflow/.local/lib/python3.8/site-packages/airflow/example_dags/example_sensor_decorator.py took 0.031 seconds
[2025-03-11T13:13:06.532+0000] {processor.py:157} INFO - Started process (PID=1576) to work on /home/airflow/.local/lib/python3.8/site-packages/airflow/example_dags/example_sensor_decorator.py
[2025-03-11T13:13:06.532+0000] {processor.py:829} INFO - Processing file /home/airflow/.local/lib/python3.8/site-packages/airflow/example_dags/example_sensor_decorator.py for tasks to queue
[2025-03-11T13:13:06.533+0000] {logging_mixin.py:154} INFO - [2025-03-11T13:13:06.533+0000] {dagbag.py:536} INFO - Filling up the DagBag from /home/airflow/.local/lib/python3.8/site-packages/airflow/example_dags/example_sensor_decorator.py
[2025-03-11T13:13:06.537+0000] {processor.py:839} INFO - DAG(s) dict_keys(['example_sensor_decorator']) retrieved from /home/airflow/.local/lib/python3.8/site-packages/airflow/example_dags/example_sensor_decorator.py
[2025-03-11T13:13:06.548+0000] {logging_mixin.py:154} INFO - [2025-03-11T13:13:06.548+0000] {dag.py:2941} INFO - Sync 1 DAGs
[2025-03-11T13:13:06.553+0000] {logging_mixin.py:154} INFO - [2025-03-11T13:13:06.553+0000] {dag.py:3722} INFO - Setting next_dagrun for example_sensor_decorator to None, run_after=None
[2025-03-11T13:13:06.564+0000] {processor.py:179} INFO - Processing /home/airflow/.local/lib/python3.8/site-packages/airflow/example_dags/example_sensor_decorator.py took 0.034 seconds
[2025-03-11T13:13:37.166+0000] {processor.py:157} INFO - Started process (PID=1632) to work on /home/airflow/.local/lib/python3.8/site-packages/airflow/example_dags/example_sensor_decorator.py
[2025-03-11T13:13:37.167+0000] {processor.py:829} INFO - Processing file /home/airflow/.local/lib/python3.8/site-packages/airflow/example_dags/example_sensor_decorator.py for tasks to queue
[2025-03-11T13:13:37.168+0000] {logging_mixin.py:154} INFO - [2025-03-11T13:13:37.167+0000] {dagbag.py:536} INFO - Filling up the DagBag from /home/airflow/.local/lib/python3.8/site-packages/airflow/example_dags/example_sensor_decorator.py
[2025-03-11T13:13:37.170+0000] {processor.py:839} INFO - DAG(s) dict_keys(['example_sensor_decorator']) retrieved from /home/airflow/.local/lib/python3.8/site-packages/airflow/example_dags/example_sensor_decorator.py
[2025-03-11T13:13:37.181+0000] {logging_mixin.py:154} INFO - [2025-03-11T13:13:37.181+0000] {dag.py:2941} INFO - Sync 1 DAGs
[2025-03-11T13:13:37.188+0000] {logging_mixin.py:154} INFO - [2025-03-11T13:13:37.187+0000] {dag.py:3722} INFO - Setting next_dagrun for example_sensor_decorator to None, run_after=None
[2025-03-11T13:13:37.198+0000] {processor.py:179} INFO - Processing /home/airflow/.local/lib/python3.8/site-packages/airflow/example_dags/example_sensor_decorator.py took 0.033 seconds
[2025-03-11T13:14:07.805+0000] {processor.py:157} INFO - Started process (PID=1688) to work on /home/airflow/.local/lib/python3.8/site-packages/airflow/example_dags/example_sensor_decorator.py
[2025-03-11T13:14:07.806+0000] {processor.py:829} INFO - Processing file /home/airflow/.local/lib/python3.8/site-packages/airflow/example_dags/example_sensor_decorator.py for tasks to queue
[2025-03-11T13:14:07.807+0000] {logging_mixin.py:154} INFO - [2025-03-11T13:14:07.807+0000] {dagbag.py:536} INFO - Filling up the DagBag from /home/airflow/.local/lib/python3.8/site-packages/airflow/example_dags/example_sensor_decorator.py
[2025-03-11T13:14:07.810+0000] {processor.py:839} INFO - DAG(s) dict_keys(['example_sensor_decorator']) retrieved from /home/airflow/.local/lib/python3.8/site-packages/airflow/example_dags/example_sensor_decorator.py
[2025-03-11T13:14:07.820+0000] {logging_mixin.py:154} INFO - [2025-03-11T13:14:07.820+0000] {dag.py:2941} INFO - Sync 1 DAGs
[2025-03-11T13:14:07.826+0000] {logging_mixin.py:154} INFO - [2025-03-11T13:14:07.826+0000] {dag.py:3722} INFO - Setting next_dagrun for example_sensor_decorator to None, run_after=None
[2025-03-11T13:14:07.837+0000] {processor.py:179} INFO - Processing /home/airflow/.local/lib/python3.8/site-packages/airflow/example_dags/example_sensor_decorator.py took 0.033 seconds
[2025-03-11T13:14:38.403+0000] {processor.py:157} INFO - Started process (PID=1744) to work on /home/airflow/.local/lib/python3.8/site-packages/airflow/example_dags/example_sensor_decorator.py
[2025-03-11T13:14:38.404+0000] {processor.py:829} INFO - Processing file /home/airflow/.local/lib/python3.8/site-packages/airflow/example_dags/example_sensor_decorator.py for tasks to queue
[2025-03-11T13:14:38.406+0000] {logging_mixin.py:154} INFO - [2025-03-11T13:14:38.406+0000] {dagbag.py:536} INFO - Filling up the DagBag from /home/airflow/.local/lib/python3.8/site-packages/airflow/example_dags/example_sensor_decorator.py
[2025-03-11T13:14:38.410+0000] {processor.py:839} INFO - DAG(s) dict_keys(['example_sensor_decorator']) retrieved from /home/airflow/.local/lib/python3.8/site-packages/airflow/example_dags/example_sensor_decorator.py
[2025-03-11T13:14:38.419+0000] {logging_mixin.py:154} INFO - [2025-03-11T13:14:38.419+0000] {dag.py:2941} INFO - Sync 1 DAGs
[2025-03-11T13:14:38.424+0000] {logging_mixin.py:154} INFO - [2025-03-11T13:14:38.424+0000] {dag.py:3722} INFO - Setting next_dagrun for example_sensor_decorator to None, run_after=None
[2025-03-11T13:14:38.434+0000] {processor.py:179} INFO - Processing /home/airflow/.local/lib/python3.8/site-packages/airflow/example_dags/example_sensor_decorator.py took 0.032 seconds
[2025-03-11T13:15:08.992+0000] {processor.py:157} INFO - Started process (PID=1800) to work on /home/airflow/.local/lib/python3.8/site-packages/airflow/example_dags/example_sensor_decorator.py
[2025-03-11T13:15:08.993+0000] {processor.py:829} INFO - Processing file /home/airflow/.local/lib/python3.8/site-packages/airflow/example_dags/example_sensor_decorator.py for tasks to queue
[2025-03-11T13:15:08.994+0000] {logging_mixin.py:154} INFO - [2025-03-11T13:15:08.994+0000] {dagbag.py:536} INFO - Filling up the DagBag from /home/airflow/.local/lib/python3.8/site-packages/airflow/example_dags/example_sensor_decorator.py
[2025-03-11T13:15:08.998+0000] {processor.py:839} INFO - DAG(s) dict_keys(['example_sensor_decorator']) retrieved from /home/airflow/.local/lib/python3.8/site-packages/airflow/example_dags/example_sensor_decorator.py
[2025-03-11T13:15:09.008+0000] {logging_mixin.py:154} INFO - [2025-03-11T13:15:09.008+0000] {dag.py:2941} INFO - Sync 1 DAGs
[2025-03-11T13:15:09.016+0000] {logging_mixin.py:154} INFO - [2025-03-11T13:15:09.016+0000] {dag.py:3722} INFO - Setting next_dagrun for example_sensor_decorator to None, run_after=None
[2025-03-11T13:15:09.026+0000] {processor.py:179} INFO - Processing /home/airflow/.local/lib/python3.8/site-packages/airflow/example_dags/example_sensor_decorator.py took 0.036 seconds
[2025-03-11T13:15:39.603+0000] {processor.py:157} INFO - Started process (PID=1856) to work on /home/airflow/.local/lib/python3.8/site-packages/airflow/example_dags/example_sensor_decorator.py
[2025-03-11T13:15:39.604+0000] {processor.py:829} INFO - Processing file /home/airflow/.local/lib/python3.8/site-packages/airflow/example_dags/example_sensor_decorator.py for tasks to queue
[2025-03-11T13:15:39.605+0000] {logging_mixin.py:154} INFO - [2025-03-11T13:15:39.604+0000] {dagbag.py:536} INFO - Filling up the DagBag from /home/airflow/.local/lib/python3.8/site-packages/airflow/example_dags/example_sensor_decorator.py
[2025-03-11T13:15:39.607+0000] {processor.py:839} INFO - DAG(s) dict_keys(['example_sensor_decorator']) retrieved from /home/airflow/.local/lib/python3.8/site-packages/airflow/example_dags/example_sensor_decorator.py
[2025-03-11T13:15:39.616+0000] {logging_mixin.py:154} INFO - [2025-03-11T13:15:39.616+0000] {dag.py:2941} INFO - Sync 1 DAGs
[2025-03-11T13:15:39.621+0000] {logging_mixin.py:154} INFO - [2025-03-11T13:15:39.621+0000] {dag.py:3722} INFO - Setting next_dagrun for example_sensor_decorator to None, run_after=None
[2025-03-11T13:15:39.633+0000] {processor.py:179} INFO - Processing /home/airflow/.local/lib/python3.8/site-packages/airflow/example_dags/example_sensor_decorator.py took 0.031 seconds
[2025-03-11T13:16:10.239+0000] {processor.py:157} INFO - Started process (PID=1912) to work on /home/airflow/.local/lib/python3.8/site-packages/airflow/example_dags/example_sensor_decorator.py
[2025-03-11T13:16:10.240+0000] {processor.py:829} INFO - Processing file /home/airflow/.local/lib/python3.8/site-packages/airflow/example_dags/example_sensor_decorator.py for tasks to queue
[2025-03-11T13:16:10.241+0000] {logging_mixin.py:154} INFO - [2025-03-11T13:16:10.241+0000] {dagbag.py:536} INFO - Filling up the DagBag from /home/airflow/.local/lib/python3.8/site-packages/airflow/example_dags/example_sensor_decorator.py
[2025-03-11T13:16:10.244+0000] {processor.py:839} INFO - DAG(s) dict_keys(['example_sensor_decorator']) retrieved from /home/airflow/.local/lib/python3.8/site-packages/airflow/example_dags/example_sensor_decorator.py
[2025-03-11T13:16:10.254+0000] {logging_mixin.py:154} INFO - [2025-03-11T13:16:10.254+0000] {dag.py:2941} INFO - Sync 1 DAGs
[2025-03-11T13:16:10.260+0000] {logging_mixin.py:154} INFO - [2025-03-11T13:16:10.260+0000] {dag.py:3722} INFO - Setting next_dagrun for example_sensor_decorator to None, run_after=None
[2025-03-11T13:16:10.271+0000] {processor.py:179} INFO - Processing /home/airflow/.local/lib/python3.8/site-packages/airflow/example_dags/example_sensor_decorator.py took 0.033 seconds
[2025-03-11T13:16:40.975+0000] {processor.py:157} INFO - Started process (PID=1970) to work on /home/airflow/.local/lib/python3.8/site-packages/airflow/example_dags/example_sensor_decorator.py
[2025-03-11T13:16:40.975+0000] {processor.py:829} INFO - Processing file /home/airflow/.local/lib/python3.8/site-packages/airflow/example_dags/example_sensor_decorator.py for tasks to queue
[2025-03-11T13:16:40.976+0000] {logging_mixin.py:154} INFO - [2025-03-11T13:16:40.976+0000] {dagbag.py:536} INFO - Filling up the DagBag from /home/airflow/.local/lib/python3.8/site-packages/airflow/example_dags/example_sensor_decorator.py
[2025-03-11T13:16:40.979+0000] {processor.py:839} INFO - DAG(s) dict_keys(['example_sensor_decorator']) retrieved from /home/airflow/.local/lib/python3.8/site-packages/airflow/example_dags/example_sensor_decorator.py
[2025-03-11T13:16:40.988+0000] {logging_mixin.py:154} INFO - [2025-03-11T13:16:40.988+0000] {dag.py:2941} INFO - Sync 1 DAGs
[2025-03-11T13:16:40.993+0000] {logging_mixin.py:154} INFO - [2025-03-11T13:16:40.993+0000] {dag.py:3722} INFO - Setting next_dagrun for example_sensor_decorator to None, run_after=None
[2025-03-11T13:16:41.006+0000] {processor.py:179} INFO - Processing /home/airflow/.local/lib/python3.8/site-packages/airflow/example_dags/example_sensor_decorator.py took 0.033 seconds
[2025-03-11T13:17:11.659+0000] {processor.py:157} INFO - Started process (PID=2026) to work on /home/airflow/.local/lib/python3.8/site-packages/airflow/example_dags/example_sensor_decorator.py
[2025-03-11T13:17:11.660+0000] {processor.py:829} INFO - Processing file /home/airflow/.local/lib/python3.8/site-packages/airflow/example_dags/example_sensor_decorator.py for tasks to queue
[2025-03-11T13:17:11.661+0000] {logging_mixin.py:154} INFO - [2025-03-11T13:17:11.661+0000] {dagbag.py:536} INFO - Filling up the DagBag from /home/airflow/.local/lib/python3.8/site-packages/airflow/example_dags/example_sensor_decorator.py
[2025-03-11T13:17:11.664+0000] {processor.py:839} INFO - DAG(s) dict_keys(['example_sensor_decorator']) retrieved from /home/airflow/.local/lib/python3.8/site-packages/airflow/example_dags/example_sensor_decorator.py
[2025-03-11T13:17:11.673+0000] {logging_mixin.py:154} INFO - [2025-03-11T13:17:11.673+0000] {dag.py:2941} INFO - Sync 1 DAGs
[2025-03-11T13:17:11.678+0000] {logging_mixin.py:154} INFO - [2025-03-11T13:17:11.678+0000] {dag.py:3722} INFO - Setting next_dagrun for example_sensor_decorator to None, run_after=None
[2025-03-11T13:17:11.685+0000] {processor.py:179} INFO - Processing /home/airflow/.local/lib/python3.8/site-packages/airflow/example_dags/example_sensor_decorator.py took 0.027 seconds
[2025-03-11T13:17:42.271+0000] {processor.py:157} INFO - Started process (PID=2083) to work on /home/airflow/.local/lib/python3.8/site-packages/airflow/example_dags/example_sensor_decorator.py
[2025-03-11T13:17:42.271+0000] {processor.py:829} INFO - Processing file /home/airflow/.local/lib/python3.8/site-packages/airflow/example_dags/example_sensor_decorator.py for tasks to queue
[2025-03-11T13:17:42.272+0000] {logging_mixin.py:154} INFO - [2025-03-11T13:17:42.272+0000] {dagbag.py:536} INFO - Filling up the DagBag from /home/airflow/.local/lib/python3.8/site-packages/airflow/example_dags/example_sensor_decorator.py
[2025-03-11T13:17:42.275+0000] {processor.py:839} INFO - DAG(s) dict_keys(['example_sensor_decorator']) retrieved from /home/airflow/.local/lib/python3.8/site-packages/airflow/example_dags/example_sensor_decorator.py
[2025-03-11T13:17:42.286+0000] {logging_mixin.py:154} INFO - [2025-03-11T13:17:42.285+0000] {dag.py:2941} INFO - Sync 1 DAGs
[2025-03-11T13:17:42.291+0000] {logging_mixin.py:154} INFO - [2025-03-11T13:17:42.290+0000] {dag.py:3722} INFO - Setting next_dagrun for example_sensor_decorator to None, run_after=None
[2025-03-11T13:17:42.299+0000] {processor.py:179} INFO - Processing /home/airflow/.local/lib/python3.8/site-packages/airflow/example_dags/example_sensor_decorator.py took 0.030 seconds
[2025-03-11T13:18:12.811+0000] {processor.py:157} INFO - Started process (PID=2140) to work on /home/airflow/.local/lib/python3.8/site-packages/airflow/example_dags/example_sensor_decorator.py
[2025-03-11T13:18:12.811+0000] {processor.py:829} INFO - Processing file /home/airflow/.local/lib/python3.8/site-packages/airflow/example_dags/example_sensor_decorator.py for tasks to queue
[2025-03-11T13:18:12.812+0000] {logging_mixin.py:154} INFO - [2025-03-11T13:18:12.812+0000] {dagbag.py:536} INFO - Filling up the DagBag from /home/airflow/.local/lib/python3.8/site-packages/airflow/example_dags/example_sensor_decorator.py
[2025-03-11T13:18:12.816+0000] {processor.py:839} INFO - DAG(s) dict_keys(['example_sensor_decorator']) retrieved from /home/airflow/.local/lib/python3.8/site-packages/airflow/example_dags/example_sensor_decorator.py
[2025-03-11T13:18:12.827+0000] {logging_mixin.py:154} INFO - [2025-03-11T13:18:12.827+0000] {dag.py:2941} INFO - Sync 1 DAGs
[2025-03-11T13:18:12.833+0000] {logging_mixin.py:154} INFO - [2025-03-11T13:18:12.833+0000] {dag.py:3722} INFO - Setting next_dagrun for example_sensor_decorator to None, run_after=None
[2025-03-11T13:18:12.845+0000] {processor.py:179} INFO - Processing /home/airflow/.local/lib/python3.8/site-packages/airflow/example_dags/example_sensor_decorator.py took 0.036 seconds
[2025-03-11T13:18:43.427+0000] {processor.py:157} INFO - Started process (PID=2196) to work on /home/airflow/.local/lib/python3.8/site-packages/airflow/example_dags/example_sensor_decorator.py
[2025-03-11T13:18:43.428+0000] {processor.py:829} INFO - Processing file /home/airflow/.local/lib/python3.8/site-packages/airflow/example_dags/example_sensor_decorator.py for tasks to queue
[2025-03-11T13:18:43.429+0000] {logging_mixin.py:154} INFO - [2025-03-11T13:18:43.429+0000] {dagbag.py:536} INFO - Filling up the DagBag from /home/airflow/.local/lib/python3.8/site-packages/airflow/example_dags/example_sensor_decorator.py
[2025-03-11T13:18:43.431+0000] {processor.py:839} INFO - DAG(s) dict_keys(['example_sensor_decorator']) retrieved from /home/airflow/.local/lib/python3.8/site-packages/airflow/example_dags/example_sensor_decorator.py
[2025-03-11T13:18:43.441+0000] {logging_mixin.py:154} INFO - [2025-03-11T13:18:43.441+0000] {dag.py:2941} INFO - Sync 1 DAGs
[2025-03-11T13:18:43.446+0000] {logging_mixin.py:154} INFO - [2025-03-11T13:18:43.446+0000] {dag.py:3722} INFO - Setting next_dagrun for example_sensor_decorator to None, run_after=None
[2025-03-11T13:18:43.457+0000] {processor.py:179} INFO - Processing /home/airflow/.local/lib/python3.8/site-packages/airflow/example_dags/example_sensor_decorator.py took 0.031 seconds
[2025-03-11T13:19:14.086+0000] {processor.py:157} INFO - Started process (PID=2252) to work on /home/airflow/.local/lib/python3.8/site-packages/airflow/example_dags/example_sensor_decorator.py
[2025-03-11T13:19:14.086+0000] {processor.py:829} INFO - Processing file /home/airflow/.local/lib/python3.8/site-packages/airflow/example_dags/example_sensor_decorator.py for tasks to queue
[2025-03-11T13:19:14.088+0000] {logging_mixin.py:154} INFO - [2025-03-11T13:19:14.088+0000] {dagbag.py:536} INFO - Filling up the DagBag from /home/airflow/.local/lib/python3.8/site-packages/airflow/example_dags/example_sensor_decorator.py
[2025-03-11T13:19:14.092+0000] {processor.py:839} INFO - DAG(s) dict_keys(['example_sensor_decorator']) retrieved from /home/airflow/.local/lib/python3.8/site-packages/airflow/example_dags/example_sensor_decorator.py
[2025-03-11T13:19:14.105+0000] {logging_mixin.py:154} INFO - [2025-03-11T13:19:14.105+0000] {dag.py:2941} INFO - Sync 1 DAGs
[2025-03-11T13:19:14.111+0000] {logging_mixin.py:154} INFO - [2025-03-11T13:19:14.111+0000] {dag.py:3722} INFO - Setting next_dagrun for example_sensor_decorator to None, run_after=None
[2025-03-11T13:19:14.126+0000] {processor.py:179} INFO - Processing /home/airflow/.local/lib/python3.8/site-packages/airflow/example_dags/example_sensor_decorator.py took 0.043 seconds
[2025-03-11T13:19:44.774+0000] {processor.py:157} INFO - Started process (PID=2308) to work on /home/airflow/.local/lib/python3.8/site-packages/airflow/example_dags/example_sensor_decorator.py
[2025-03-11T13:19:44.775+0000] {processor.py:829} INFO - Processing file /home/airflow/.local/lib/python3.8/site-packages/airflow/example_dags/example_sensor_decorator.py for tasks to queue
[2025-03-11T13:19:44.776+0000] {logging_mixin.py:154} INFO - [2025-03-11T13:19:44.776+0000] {dagbag.py:536} INFO - Filling up the DagBag from /home/airflow/.local/lib/python3.8/site-packages/airflow/example_dags/example_sensor_decorator.py
[2025-03-11T13:19:44.778+0000] {processor.py:839} INFO - DAG(s) dict_keys(['example_sensor_decorator']) retrieved from /home/airflow/.local/lib/python3.8/site-packages/airflow/example_dags/example_sensor_decorator.py
[2025-03-11T13:19:44.787+0000] {logging_mixin.py:154} INFO - [2025-03-11T13:19:44.787+0000] {dag.py:2941} INFO - Sync 1 DAGs
[2025-03-11T13:19:44.794+0000] {logging_mixin.py:154} INFO - [2025-03-11T13:19:44.794+0000] {dag.py:3722} INFO - Setting next_dagrun for example_sensor_decorator to None, run_after=None
[2025-03-11T13:19:44.803+0000] {processor.py:179} INFO - Processing /home/airflow/.local/lib/python3.8/site-packages/airflow/example_dags/example_sensor_decorator.py took 0.030 seconds
[2025-03-11T13:20:15.421+0000] {processor.py:157} INFO - Started process (PID=2364) to work on /home/airflow/.local/lib/python3.8/site-packages/airflow/example_dags/example_sensor_decorator.py
[2025-03-11T13:20:15.421+0000] {processor.py:829} INFO - Processing file /home/airflow/.local/lib/python3.8/site-packages/airflow/example_dags/example_sensor_decorator.py for tasks to queue
[2025-03-11T13:20:15.423+0000] {logging_mixin.py:154} INFO - [2025-03-11T13:20:15.422+0000] {dagbag.py:536} INFO - Filling up the DagBag from /home/airflow/.local/lib/python3.8/site-packages/airflow/example_dags/example_sensor_decorator.py
[2025-03-11T13:20:15.426+0000] {processor.py:839} INFO - DAG(s) dict_keys(['example_sensor_decorator']) retrieved from /home/airflow/.local/lib/python3.8/site-packages/airflow/example_dags/example_sensor_decorator.py
[2025-03-11T13:20:15.438+0000] {logging_mixin.py:154} INFO - [2025-03-11T13:20:15.437+0000] {dag.py:2941} INFO - Sync 1 DAGs
[2025-03-11T13:20:15.443+0000] {logging_mixin.py:154} INFO - [2025-03-11T13:20:15.443+0000] {dag.py:3722} INFO - Setting next_dagrun for example_sensor_decorator to None, run_after=None
[2025-03-11T13:20:15.454+0000] {processor.py:179} INFO - Processing /home/airflow/.local/lib/python3.8/site-packages/airflow/example_dags/example_sensor_decorator.py took 0.035 seconds
[2025-03-11T13:20:46.055+0000] {processor.py:157} INFO - Started process (PID=2420) to work on /home/airflow/.local/lib/python3.8/site-packages/airflow/example_dags/example_sensor_decorator.py
[2025-03-11T13:20:46.056+0000] {processor.py:829} INFO - Processing file /home/airflow/.local/lib/python3.8/site-packages/airflow/example_dags/example_sensor_decorator.py for tasks to queue
[2025-03-11T13:20:46.057+0000] {logging_mixin.py:154} INFO - [2025-03-11T13:20:46.057+0000] {dagbag.py:536} INFO - Filling up the DagBag from /home/airflow/.local/lib/python3.8/site-packages/airflow/example_dags/example_sensor_decorator.py
[2025-03-11T13:20:46.059+0000] {processor.py:839} INFO - DAG(s) dict_keys(['example_sensor_decorator']) retrieved from /home/airflow/.local/lib/python3.8/site-packages/airflow/example_dags/example_sensor_decorator.py
[2025-03-11T13:20:46.072+0000] {logging_mixin.py:154} INFO - [2025-03-11T13:20:46.072+0000] {dag.py:2941} INFO - Sync 1 DAGs
[2025-03-11T13:20:46.077+0000] {logging_mixin.py:154} INFO - [2025-03-11T13:20:46.077+0000] {dag.py:3722} INFO - Setting next_dagrun for example_sensor_decorator to None, run_after=None
[2025-03-11T13:20:46.088+0000] {processor.py:179} INFO - Processing /home/airflow/.local/lib/python3.8/site-packages/airflow/example_dags/example_sensor_decorator.py took 0.034 seconds
[2025-03-11T13:21:16.597+0000] {processor.py:157} INFO - Started process (PID=2476) to work on /home/airflow/.local/lib/python3.8/site-packages/airflow/example_dags/example_sensor_decorator.py
[2025-03-11T13:21:16.597+0000] {processor.py:829} INFO - Processing file /home/airflow/.local/lib/python3.8/site-packages/airflow/example_dags/example_sensor_decorator.py for tasks to queue
[2025-03-11T13:21:16.598+0000] {logging_mixin.py:154} INFO - [2025-03-11T13:21:16.598+0000] {dagbag.py:536} INFO - Filling up the DagBag from /home/airflow/.local/lib/python3.8/site-packages/airflow/example_dags/example_sensor_decorator.py
[2025-03-11T13:21:16.601+0000] {processor.py:839} INFO - DAG(s) dict_keys(['example_sensor_decorator']) retrieved from /home/airflow/.local/lib/python3.8/site-packages/airflow/example_dags/example_sensor_decorator.py
[2025-03-11T13:21:16.612+0000] {logging_mixin.py:154} INFO - [2025-03-11T13:21:16.612+0000] {dag.py:2941} INFO - Sync 1 DAGs
[2025-03-11T13:21:16.620+0000] {logging_mixin.py:154} INFO - [2025-03-11T13:21:16.620+0000] {dag.py:3722} INFO - Setting next_dagrun for example_sensor_decorator to None, run_after=None
[2025-03-11T13:21:16.629+0000] {processor.py:179} INFO - Processing /home/airflow/.local/lib/python3.8/site-packages/airflow/example_dags/example_sensor_decorator.py took 0.034 seconds
[2025-03-11T13:21:47.177+0000] {processor.py:157} INFO - Started process (PID=2532) to work on /home/airflow/.local/lib/python3.8/site-packages/airflow/example_dags/example_sensor_decorator.py
[2025-03-11T13:21:47.177+0000] {processor.py:829} INFO - Processing file /home/airflow/.local/lib/python3.8/site-packages/airflow/example_dags/example_sensor_decorator.py for tasks to queue
[2025-03-11T13:21:47.179+0000] {logging_mixin.py:154} INFO - [2025-03-11T13:21:47.179+0000] {dagbag.py:536} INFO - Filling up the DagBag from /home/airflow/.local/lib/python3.8/site-packages/airflow/example_dags/example_sensor_decorator.py
[2025-03-11T13:21:47.183+0000] {processor.py:839} INFO - DAG(s) dict_keys(['example_sensor_decorator']) retrieved from /home/airflow/.local/lib/python3.8/site-packages/airflow/example_dags/example_sensor_decorator.py
[2025-03-11T13:21:47.193+0000] {logging_mixin.py:154} INFO - [2025-03-11T13:21:47.193+0000] {dag.py:2941} INFO - Sync 1 DAGs
[2025-03-11T13:21:47.198+0000] {logging_mixin.py:154} INFO - [2025-03-11T13:21:47.198+0000] {dag.py:3722} INFO - Setting next_dagrun for example_sensor_decorator to None, run_after=None
[2025-03-11T13:21:47.210+0000] {processor.py:179} INFO - Processing /home/airflow/.local/lib/python3.8/site-packages/airflow/example_dags/example_sensor_decorator.py took 0.035 seconds
[2025-03-11T13:22:17.815+0000] {processor.py:157} INFO - Started process (PID=2588) to work on /home/airflow/.local/lib/python3.8/site-packages/airflow/example_dags/example_sensor_decorator.py
[2025-03-11T13:22:17.815+0000] {processor.py:829} INFO - Processing file /home/airflow/.local/lib/python3.8/site-packages/airflow/example_dags/example_sensor_decorator.py for tasks to queue
[2025-03-11T13:22:17.816+0000] {logging_mixin.py:154} INFO - [2025-03-11T13:22:17.816+0000] {dagbag.py:536} INFO - Filling up the DagBag from /home/airflow/.local/lib/python3.8/site-packages/airflow/example_dags/example_sensor_decorator.py
[2025-03-11T13:22:17.819+0000] {processor.py:839} INFO - DAG(s) dict_keys(['example_sensor_decorator']) retrieved from /home/airflow/.local/lib/python3.8/site-packages/airflow/example_dags/example_sensor_decorator.py
[2025-03-11T13:22:17.830+0000] {logging_mixin.py:154} INFO - [2025-03-11T13:22:17.830+0000] {dag.py:2941} INFO - Sync 1 DAGs
[2025-03-11T13:22:17.836+0000] {logging_mixin.py:154} INFO - [2025-03-11T13:22:17.836+0000] {dag.py:3722} INFO - Setting next_dagrun for example_sensor_decorator to None, run_after=None
[2025-03-11T13:22:17.846+0000] {processor.py:179} INFO - Processing /home/airflow/.local/lib/python3.8/site-packages/airflow/example_dags/example_sensor_decorator.py took 0.032 seconds
[2025-03-11T13:22:48.417+0000] {processor.py:157} INFO - Started process (PID=2644) to work on /home/airflow/.local/lib/python3.8/site-packages/airflow/example_dags/example_sensor_decorator.py
[2025-03-11T13:22:48.418+0000] {processor.py:829} INFO - Processing file /home/airflow/.local/lib/python3.8/site-packages/airflow/example_dags/example_sensor_decorator.py for tasks to queue
[2025-03-11T13:22:48.419+0000] {logging_mixin.py:154} INFO - [2025-03-11T13:22:48.419+0000] {dagbag.py:536} INFO - Filling up the DagBag from /home/airflow/.local/lib/python3.8/site-packages/airflow/example_dags/example_sensor_decorator.py
[2025-03-11T13:22:48.424+0000] {processor.py:839} INFO - DAG(s) dict_keys(['example_sensor_decorator']) retrieved from /home/airflow/.local/lib/python3.8/site-packages/airflow/example_dags/example_sensor_decorator.py
[2025-03-11T13:22:48.434+0000] {logging_mixin.py:154} INFO - [2025-03-11T13:22:48.434+0000] {dag.py:2941} INFO - Sync 1 DAGs
[2025-03-11T13:22:48.440+0000] {logging_mixin.py:154} INFO - [2025-03-11T13:22:48.440+0000] {dag.py:3722} INFO - Setting next_dagrun for example_sensor_decorator to None, run_after=None
[2025-03-11T13:22:48.451+0000] {processor.py:179} INFO - Processing /home/airflow/.local/lib/python3.8/site-packages/airflow/example_dags/example_sensor_decorator.py took 0.035 seconds
[2025-03-11T13:23:18.965+0000] {processor.py:157} INFO - Started process (PID=2700) to work on /home/airflow/.local/lib/python3.8/site-packages/airflow/example_dags/example_sensor_decorator.py
[2025-03-11T13:23:18.966+0000] {processor.py:829} INFO - Processing file /home/airflow/.local/lib/python3.8/site-packages/airflow/example_dags/example_sensor_decorator.py for tasks to queue
[2025-03-11T13:23:18.967+0000] {logging_mixin.py:154} INFO - [2025-03-11T13:23:18.966+0000] {dagbag.py:536} INFO - Filling up the DagBag from /home/airflow/.local/lib/python3.8/site-packages/airflow/example_dags/example_sensor_decorator.py
[2025-03-11T13:23:18.969+0000] {processor.py:839} INFO - DAG(s) dict_keys(['example_sensor_decorator']) retrieved from /home/airflow/.local/lib/python3.8/site-packages/airflow/example_dags/example_sensor_decorator.py
[2025-03-11T13:23:18.981+0000] {logging_mixin.py:154} INFO - [2025-03-11T13:23:18.981+0000] {dag.py:2941} INFO - Sync 1 DAGs
[2025-03-11T13:23:18.986+0000] {logging_mixin.py:154} INFO - [2025-03-11T13:23:18.986+0000] {dag.py:3722} INFO - Setting next_dagrun for example_sensor_decorator to None, run_after=None
[2025-03-11T13:23:18.997+0000] {processor.py:179} INFO - Processing /home/airflow/.local/lib/python3.8/site-packages/airflow/example_dags/example_sensor_decorator.py took 0.033 seconds
[2025-03-11T13:23:49.490+0000] {processor.py:157} INFO - Started process (PID=2756) to work on /home/airflow/.local/lib/python3.8/site-packages/airflow/example_dags/example_sensor_decorator.py
[2025-03-11T13:23:49.491+0000] {processor.py:829} INFO - Processing file /home/airflow/.local/lib/python3.8/site-packages/airflow/example_dags/example_sensor_decorator.py for tasks to queue
[2025-03-11T13:23:49.493+0000] {logging_mixin.py:154} INFO - [2025-03-11T13:23:49.492+0000] {dagbag.py:536} INFO - Filling up the DagBag from /home/airflow/.local/lib/python3.8/site-packages/airflow/example_dags/example_sensor_decorator.py
[2025-03-11T13:23:49.495+0000] {processor.py:839} INFO - DAG(s) dict_keys(['example_sensor_decorator']) retrieved from /home/airflow/.local/lib/python3.8/site-packages/airflow/example_dags/example_sensor_decorator.py
[2025-03-11T13:23:49.505+0000] {logging_mixin.py:154} INFO - [2025-03-11T13:23:49.505+0000] {dag.py:2941} INFO - Sync 1 DAGs
[2025-03-11T13:23:49.511+0000] {logging_mixin.py:154} INFO - [2025-03-11T13:23:49.511+0000] {dag.py:3722} INFO - Setting next_dagrun for example_sensor_decorator to None, run_after=None
[2025-03-11T13:23:49.520+0000] {processor.py:179} INFO - Processing /home/airflow/.local/lib/python3.8/site-packages/airflow/example_dags/example_sensor_decorator.py took 0.031 seconds
[2025-03-11T13:24:20.025+0000] {processor.py:157} INFO - Started process (PID=2811) to work on /home/airflow/.local/lib/python3.8/site-packages/airflow/example_dags/example_sensor_decorator.py
[2025-03-11T13:24:20.026+0000] {processor.py:829} INFO - Processing file /home/airflow/.local/lib/python3.8/site-packages/airflow/example_dags/example_sensor_decorator.py for tasks to queue
[2025-03-11T13:24:20.028+0000] {logging_mixin.py:154} INFO - [2025-03-11T13:24:20.028+0000] {dagbag.py:536} INFO - Filling up the DagBag from /home/airflow/.local/lib/python3.8/site-packages/airflow/example_dags/example_sensor_decorator.py
[2025-03-11T13:24:20.030+0000] {processor.py:839} INFO - DAG(s) dict_keys(['example_sensor_decorator']) retrieved from /home/airflow/.local/lib/python3.8/site-packages/airflow/example_dags/example_sensor_decorator.py
[2025-03-11T13:24:20.040+0000] {logging_mixin.py:154} INFO - [2025-03-11T13:24:20.040+0000] {dag.py:2941} INFO - Sync 1 DAGs
[2025-03-11T13:24:20.047+0000] {logging_mixin.py:154} INFO - [2025-03-11T13:24:20.047+0000] {dag.py:3722} INFO - Setting next_dagrun for example_sensor_decorator to None, run_after=None
[2025-03-11T13:24:20.058+0000] {processor.py:179} INFO - Processing /home/airflow/.local/lib/python3.8/site-packages/airflow/example_dags/example_sensor_decorator.py took 0.034 seconds
[2025-03-11T13:24:50.665+0000] {processor.py:157} INFO - Started process (PID=2867) to work on /home/airflow/.local/lib/python3.8/site-packages/airflow/example_dags/example_sensor_decorator.py
[2025-03-11T13:24:50.665+0000] {processor.py:829} INFO - Processing file /home/airflow/.local/lib/python3.8/site-packages/airflow/example_dags/example_sensor_decorator.py for tasks to queue
[2025-03-11T13:24:50.666+0000] {logging_mixin.py:154} INFO - [2025-03-11T13:24:50.666+0000] {dagbag.py:536} INFO - Filling up the DagBag from /home/airflow/.local/lib/python3.8/site-packages/airflow/example_dags/example_sensor_decorator.py
[2025-03-11T13:24:50.669+0000] {processor.py:839} INFO - DAG(s) dict_keys(['example_sensor_decorator']) retrieved from /home/airflow/.local/lib/python3.8/site-packages/airflow/example_dags/example_sensor_decorator.py
[2025-03-11T13:24:50.679+0000] {logging_mixin.py:154} INFO - [2025-03-11T13:24:50.679+0000] {dag.py:2941} INFO - Sync 1 DAGs
[2025-03-11T13:24:50.683+0000] {logging_mixin.py:154} INFO - [2025-03-11T13:24:50.683+0000] {dag.py:3722} INFO - Setting next_dagrun for example_sensor_decorator to None, run_after=None
[2025-03-11T13:24:50.692+0000] {processor.py:179} INFO - Processing /home/airflow/.local/lib/python3.8/site-packages/airflow/example_dags/example_sensor_decorator.py took 0.029 seconds
[2025-03-11T13:25:21.276+0000] {processor.py:157} INFO - Started process (PID=2923) to work on /home/airflow/.local/lib/python3.8/site-packages/airflow/example_dags/example_sensor_decorator.py
[2025-03-11T13:25:21.277+0000] {processor.py:829} INFO - Processing file /home/airflow/.local/lib/python3.8/site-packages/airflow/example_dags/example_sensor_decorator.py for tasks to queue
[2025-03-11T13:25:21.278+0000] {logging_mixin.py:154} INFO - [2025-03-11T13:25:21.278+0000] {dagbag.py:536} INFO - Filling up the DagBag from /home/airflow/.local/lib/python3.8/site-packages/airflow/example_dags/example_sensor_decorator.py
[2025-03-11T13:25:21.280+0000] {processor.py:839} INFO - DAG(s) dict_keys(['example_sensor_decorator']) retrieved from /home/airflow/.local/lib/python3.8/site-packages/airflow/example_dags/example_sensor_decorator.py
[2025-03-11T13:25:21.290+0000] {logging_mixin.py:154} INFO - [2025-03-11T13:25:21.289+0000] {dag.py:2941} INFO - Sync 1 DAGs
[2025-03-11T13:25:21.295+0000] {logging_mixin.py:154} INFO - [2025-03-11T13:25:21.295+0000] {dag.py:3722} INFO - Setting next_dagrun for example_sensor_decorator to None, run_after=None
[2025-03-11T13:25:21.302+0000] {processor.py:179} INFO - Processing /home/airflow/.local/lib/python3.8/site-packages/airflow/example_dags/example_sensor_decorator.py took 0.027 seconds
[2025-03-11T13:25:51.795+0000] {processor.py:157} INFO - Started process (PID=2979) to work on /home/airflow/.local/lib/python3.8/site-packages/airflow/example_dags/example_sensor_decorator.py
[2025-03-11T13:25:51.795+0000] {processor.py:829} INFO - Processing file /home/airflow/.local/lib/python3.8/site-packages/airflow/example_dags/example_sensor_decorator.py for tasks to queue
[2025-03-11T13:25:51.796+0000] {logging_mixin.py:154} INFO - [2025-03-11T13:25:51.796+0000] {dagbag.py:536} INFO - Filling up the DagBag from /home/airflow/.local/lib/python3.8/site-packages/airflow/example_dags/example_sensor_decorator.py
[2025-03-11T13:25:51.800+0000] {processor.py:839} INFO - DAG(s) dict_keys(['example_sensor_decorator']) retrieved from /home/airflow/.local/lib/python3.8/site-packages/airflow/example_dags/example_sensor_decorator.py
[2025-03-11T13:25:51.811+0000] {logging_mixin.py:154} INFO - [2025-03-11T13:25:51.810+0000] {dag.py:2941} INFO - Sync 1 DAGs
[2025-03-11T13:25:51.817+0000] {logging_mixin.py:154} INFO - [2025-03-11T13:25:51.817+0000] {dag.py:3722} INFO - Setting next_dagrun for example_sensor_decorator to None, run_after=None
[2025-03-11T13:25:51.828+0000] {processor.py:179} INFO - Processing /home/airflow/.local/lib/python3.8/site-packages/airflow/example_dags/example_sensor_decorator.py took 0.036 seconds
[2025-03-11T13:26:22.357+0000] {processor.py:157} INFO - Started process (PID=3042) to work on /home/airflow/.local/lib/python3.8/site-packages/airflow/example_dags/example_sensor_decorator.py
[2025-03-11T13:26:22.357+0000] {processor.py:829} INFO - Processing file /home/airflow/.local/lib/python3.8/site-packages/airflow/example_dags/example_sensor_decorator.py for tasks to queue
[2025-03-11T13:26:22.358+0000] {logging_mixin.py:154} INFO - [2025-03-11T13:26:22.358+0000] {dagbag.py:536} INFO - Filling up the DagBag from /home/airflow/.local/lib/python3.8/site-packages/airflow/example_dags/example_sensor_decorator.py
[2025-03-11T13:26:22.361+0000] {processor.py:839} INFO - DAG(s) dict_keys(['example_sensor_decorator']) retrieved from /home/airflow/.local/lib/python3.8/site-packages/airflow/example_dags/example_sensor_decorator.py
[2025-03-11T13:26:22.371+0000] {logging_mixin.py:154} INFO - [2025-03-11T13:26:22.371+0000] {dag.py:2941} INFO - Sync 1 DAGs
[2025-03-11T13:26:22.376+0000] {logging_mixin.py:154} INFO - [2025-03-11T13:26:22.376+0000] {dag.py:3722} INFO - Setting next_dagrun for example_sensor_decorator to None, run_after=None
[2025-03-11T13:26:22.383+0000] {processor.py:179} INFO - Processing /home/airflow/.local/lib/python3.8/site-packages/airflow/example_dags/example_sensor_decorator.py took 0.028 seconds
[2025-03-11T13:26:53.028+0000] {processor.py:157} INFO - Started process (PID=3098) to work on /home/airflow/.local/lib/python3.8/site-packages/airflow/example_dags/example_sensor_decorator.py
[2025-03-11T13:26:53.029+0000] {processor.py:829} INFO - Processing file /home/airflow/.local/lib/python3.8/site-packages/airflow/example_dags/example_sensor_decorator.py for tasks to queue
[2025-03-11T13:26:53.030+0000] {logging_mixin.py:154} INFO - [2025-03-11T13:26:53.030+0000] {dagbag.py:536} INFO - Filling up the DagBag from /home/airflow/.local/lib/python3.8/site-packages/airflow/example_dags/example_sensor_decorator.py
[2025-03-11T13:26:53.036+0000] {processor.py:839} INFO - DAG(s) dict_keys(['example_sensor_decorator']) retrieved from /home/airflow/.local/lib/python3.8/site-packages/airflow/example_dags/example_sensor_decorator.py
[2025-03-11T13:26:53.049+0000] {logging_mixin.py:154} INFO - [2025-03-11T13:26:53.048+0000] {dag.py:2941} INFO - Sync 1 DAGs
[2025-03-11T13:26:53.054+0000] {logging_mixin.py:154} INFO - [2025-03-11T13:26:53.054+0000] {dag.py:3722} INFO - Setting next_dagrun for example_sensor_decorator to None, run_after=None
[2025-03-11T13:26:53.065+0000] {processor.py:179} INFO - Processing /home/airflow/.local/lib/python3.8/site-packages/airflow/example_dags/example_sensor_decorator.py took 0.038 seconds
[2025-03-11T13:27:23.604+0000] {processor.py:157} INFO - Started process (PID=3154) to work on /home/airflow/.local/lib/python3.8/site-packages/airflow/example_dags/example_sensor_decorator.py
[2025-03-11T13:27:23.604+0000] {processor.py:829} INFO - Processing file /home/airflow/.local/lib/python3.8/site-packages/airflow/example_dags/example_sensor_decorator.py for tasks to queue
[2025-03-11T13:27:23.605+0000] {logging_mixin.py:154} INFO - [2025-03-11T13:27:23.605+0000] {dagbag.py:536} INFO - Filling up the DagBag from /home/airflow/.local/lib/python3.8/site-packages/airflow/example_dags/example_sensor_decorator.py
[2025-03-11T13:27:23.608+0000] {processor.py:839} INFO - DAG(s) dict_keys(['example_sensor_decorator']) retrieved from /home/airflow/.local/lib/python3.8/site-packages/airflow/example_dags/example_sensor_decorator.py
[2025-03-11T13:27:23.619+0000] {logging_mixin.py:154} INFO - [2025-03-11T13:27:23.619+0000] {dag.py:2941} INFO - Sync 1 DAGs
[2025-03-11T13:27:23.630+0000] {logging_mixin.py:154} INFO - [2025-03-11T13:27:23.630+0000] {dag.py:3722} INFO - Setting next_dagrun for example_sensor_decorator to None, run_after=None
[2025-03-11T13:27:23.639+0000] {processor.py:179} INFO - Processing /home/airflow/.local/lib/python3.8/site-packages/airflow/example_dags/example_sensor_decorator.py took 0.036 seconds
[2025-03-11T13:27:54.217+0000] {processor.py:157} INFO - Started process (PID=3210) to work on /home/airflow/.local/lib/python3.8/site-packages/airflow/example_dags/example_sensor_decorator.py
[2025-03-11T13:27:54.218+0000] {processor.py:829} INFO - Processing file /home/airflow/.local/lib/python3.8/site-packages/airflow/example_dags/example_sensor_decorator.py for tasks to queue
[2025-03-11T13:27:54.219+0000] {logging_mixin.py:154} INFO - [2025-03-11T13:27:54.219+0000] {dagbag.py:536} INFO - Filling up the DagBag from /home/airflow/.local/lib/python3.8/site-packages/airflow/example_dags/example_sensor_decorator.py
[2025-03-11T13:27:54.223+0000] {processor.py:839} INFO - DAG(s) dict_keys(['example_sensor_decorator']) retrieved from /home/airflow/.local/lib/python3.8/site-packages/airflow/example_dags/example_sensor_decorator.py
[2025-03-11T13:27:54.241+0000] {logging_mixin.py:154} INFO - [2025-03-11T13:27:54.240+0000] {dag.py:2941} INFO - Sync 1 DAGs
[2025-03-11T13:27:54.251+0000] {logging_mixin.py:154} INFO - [2025-03-11T13:27:54.251+0000] {dag.py:3722} INFO - Setting next_dagrun for example_sensor_decorator to None, run_after=None
[2025-03-11T13:27:54.261+0000] {processor.py:179} INFO - Processing /home/airflow/.local/lib/python3.8/site-packages/airflow/example_dags/example_sensor_decorator.py took 0.045 seconds
[2025-03-11T13:28:24.917+0000] {processor.py:157} INFO - Started process (PID=3266) to work on /home/airflow/.local/lib/python3.8/site-packages/airflow/example_dags/example_sensor_decorator.py
[2025-03-11T13:28:24.918+0000] {processor.py:829} INFO - Processing file /home/airflow/.local/lib/python3.8/site-packages/airflow/example_dags/example_sensor_decorator.py for tasks to queue
[2025-03-11T13:28:24.919+0000] {logging_mixin.py:154} INFO - [2025-03-11T13:28:24.919+0000] {dagbag.py:536} INFO - Filling up the DagBag from /home/airflow/.local/lib/python3.8/site-packages/airflow/example_dags/example_sensor_decorator.py
[2025-03-11T13:28:24.921+0000] {processor.py:839} INFO - DAG(s) dict_keys(['example_sensor_decorator']) retrieved from /home/airflow/.local/lib/python3.8/site-packages/airflow/example_dags/example_sensor_decorator.py
[2025-03-11T13:28:24.932+0000] {logging_mixin.py:154} INFO - [2025-03-11T13:28:24.932+0000] {dag.py:2941} INFO - Sync 1 DAGs
[2025-03-11T13:28:24.940+0000] {logging_mixin.py:154} INFO - [2025-03-11T13:28:24.940+0000] {dag.py:3722} INFO - Setting next_dagrun for example_sensor_decorator to None, run_after=None
[2025-03-11T13:28:24.953+0000] {processor.py:179} INFO - Processing /home/airflow/.local/lib/python3.8/site-packages/airflow/example_dags/example_sensor_decorator.py took 0.037 seconds
[2025-03-11T13:28:55.579+0000] {processor.py:157} INFO - Started process (PID=3325) to work on /home/airflow/.local/lib/python3.8/site-packages/airflow/example_dags/example_sensor_decorator.py
[2025-03-11T13:28:55.580+0000] {processor.py:829} INFO - Processing file /home/airflow/.local/lib/python3.8/site-packages/airflow/example_dags/example_sensor_decorator.py for tasks to queue
[2025-03-11T13:28:55.581+0000] {logging_mixin.py:154} INFO - [2025-03-11T13:28:55.581+0000] {dagbag.py:536} INFO - Filling up the DagBag from /home/airflow/.local/lib/python3.8/site-packages/airflow/example_dags/example_sensor_decorator.py
[2025-03-11T13:28:55.584+0000] {processor.py:839} INFO - DAG(s) dict_keys(['example_sensor_decorator']) retrieved from /home/airflow/.local/lib/python3.8/site-packages/airflow/example_dags/example_sensor_decorator.py
[2025-03-11T13:28:55.593+0000] {logging_mixin.py:154} INFO - [2025-03-11T13:28:55.593+0000] {dag.py:2941} INFO - Sync 1 DAGs
[2025-03-11T13:28:55.598+0000] {logging_mixin.py:154} INFO - [2025-03-11T13:28:55.598+0000] {dag.py:3722} INFO - Setting next_dagrun for example_sensor_decorator to None, run_after=None
[2025-03-11T13:28:55.607+0000] {processor.py:179} INFO - Processing /home/airflow/.local/lib/python3.8/site-packages/airflow/example_dags/example_sensor_decorator.py took 0.030 seconds
[2025-03-11T13:29:26.303+0000] {processor.py:157} INFO - Started process (PID=3381) to work on /home/airflow/.local/lib/python3.8/site-packages/airflow/example_dags/example_sensor_decorator.py
[2025-03-11T13:29:26.304+0000] {processor.py:829} INFO - Processing file /home/airflow/.local/lib/python3.8/site-packages/airflow/example_dags/example_sensor_decorator.py for tasks to queue
[2025-03-11T13:29:26.305+0000] {logging_mixin.py:154} INFO - [2025-03-11T13:29:26.305+0000] {dagbag.py:536} INFO - Filling up the DagBag from /home/airflow/.local/lib/python3.8/site-packages/airflow/example_dags/example_sensor_decorator.py
[2025-03-11T13:29:26.307+0000] {processor.py:839} INFO - DAG(s) dict_keys(['example_sensor_decorator']) retrieved from /home/airflow/.local/lib/python3.8/site-packages/airflow/example_dags/example_sensor_decorator.py
[2025-03-11T13:29:26.318+0000] {logging_mixin.py:154} INFO - [2025-03-11T13:29:26.318+0000] {dag.py:2941} INFO - Sync 1 DAGs
[2025-03-11T13:29:26.325+0000] {logging_mixin.py:154} INFO - [2025-03-11T13:29:26.325+0000] {dag.py:3722} INFO - Setting next_dagrun for example_sensor_decorator to None, run_after=None
[2025-03-11T13:29:26.336+0000] {processor.py:179} INFO - Processing /home/airflow/.local/lib/python3.8/site-packages/airflow/example_dags/example_sensor_decorator.py took 0.034 seconds
[2025-03-11T13:29:56.906+0000] {processor.py:157} INFO - Started process (PID=3437) to work on /home/airflow/.local/lib/python3.8/site-packages/airflow/example_dags/example_sensor_decorator.py
[2025-03-11T13:29:56.907+0000] {processor.py:829} INFO - Processing file /home/airflow/.local/lib/python3.8/site-packages/airflow/example_dags/example_sensor_decorator.py for tasks to queue
[2025-03-11T13:29:56.909+0000] {logging_mixin.py:154} INFO - [2025-03-11T13:29:56.909+0000] {dagbag.py:536} INFO - Filling up the DagBag from /home/airflow/.local/lib/python3.8/site-packages/airflow/example_dags/example_sensor_decorator.py
[2025-03-11T13:29:56.911+0000] {processor.py:839} INFO - DAG(s) dict_keys(['example_sensor_decorator']) retrieved from /home/airflow/.local/lib/python3.8/site-packages/airflow/example_dags/example_sensor_decorator.py
[2025-03-11T13:29:56.921+0000] {logging_mixin.py:154} INFO - [2025-03-11T13:29:56.921+0000] {dag.py:2941} INFO - Sync 1 DAGs
[2025-03-11T13:29:56.925+0000] {logging_mixin.py:154} INFO - [2025-03-11T13:29:56.925+0000] {dag.py:3722} INFO - Setting next_dagrun for example_sensor_decorator to None, run_after=None
[2025-03-11T13:29:56.937+0000] {processor.py:179} INFO - Processing /home/airflow/.local/lib/python3.8/site-packages/airflow/example_dags/example_sensor_decorator.py took 0.033 seconds
[2025-03-11T13:30:27.469+0000] {processor.py:157} INFO - Started process (PID=3493) to work on /home/airflow/.local/lib/python3.8/site-packages/airflow/example_dags/example_sensor_decorator.py
[2025-03-11T13:30:27.470+0000] {processor.py:829} INFO - Processing file /home/airflow/.local/lib/python3.8/site-packages/airflow/example_dags/example_sensor_decorator.py for tasks to queue
[2025-03-11T13:30:27.472+0000] {logging_mixin.py:154} INFO - [2025-03-11T13:30:27.472+0000] {dagbag.py:536} INFO - Filling up the DagBag from /home/airflow/.local/lib/python3.8/site-packages/airflow/example_dags/example_sensor_decorator.py
[2025-03-11T13:30:27.474+0000] {processor.py:839} INFO - DAG(s) dict_keys(['example_sensor_decorator']) retrieved from /home/airflow/.local/lib/python3.8/site-packages/airflow/example_dags/example_sensor_decorator.py
[2025-03-11T13:30:27.485+0000] {logging_mixin.py:154} INFO - [2025-03-11T13:30:27.485+0000] {dag.py:2941} INFO - Sync 1 DAGs
[2025-03-11T13:30:27.491+0000] {logging_mixin.py:154} INFO - [2025-03-11T13:30:27.491+0000] {dag.py:3722} INFO - Setting next_dagrun for example_sensor_decorator to None, run_after=None
[2025-03-11T13:30:27.502+0000] {processor.py:179} INFO - Processing /home/airflow/.local/lib/python3.8/site-packages/airflow/example_dags/example_sensor_decorator.py took 0.034 seconds
[2025-03-11T13:30:58.017+0000] {processor.py:157} INFO - Started process (PID=3549) to work on /home/airflow/.local/lib/python3.8/site-packages/airflow/example_dags/example_sensor_decorator.py
[2025-03-11T13:30:58.018+0000] {processor.py:829} INFO - Processing file /home/airflow/.local/lib/python3.8/site-packages/airflow/example_dags/example_sensor_decorator.py for tasks to queue
[2025-03-11T13:30:58.019+0000] {logging_mixin.py:154} INFO - [2025-03-11T13:30:58.019+0000] {dagbag.py:536} INFO - Filling up the DagBag from /home/airflow/.local/lib/python3.8/site-packages/airflow/example_dags/example_sensor_decorator.py
[2025-03-11T13:30:58.024+0000] {processor.py:839} INFO - DAG(s) dict_keys(['example_sensor_decorator']) retrieved from /home/airflow/.local/lib/python3.8/site-packages/airflow/example_dags/example_sensor_decorator.py
[2025-03-11T13:30:58.032+0000] {logging_mixin.py:154} INFO - [2025-03-11T13:30:58.032+0000] {dag.py:2941} INFO - Sync 1 DAGs
[2025-03-11T13:30:58.037+0000] {logging_mixin.py:154} INFO - [2025-03-11T13:30:58.037+0000] {dag.py:3722} INFO - Setting next_dagrun for example_sensor_decorator to None, run_after=None
[2025-03-11T13:30:58.045+0000] {processor.py:179} INFO - Processing /home/airflow/.local/lib/python3.8/site-packages/airflow/example_dags/example_sensor_decorator.py took 0.029 seconds
[2025-03-11T13:31:28.704+0000] {processor.py:157} INFO - Started process (PID=3605) to work on /home/airflow/.local/lib/python3.8/site-packages/airflow/example_dags/example_sensor_decorator.py
[2025-03-11T13:31:28.705+0000] {processor.py:829} INFO - Processing file /home/airflow/.local/lib/python3.8/site-packages/airflow/example_dags/example_sensor_decorator.py for tasks to queue
[2025-03-11T13:31:28.706+0000] {logging_mixin.py:154} INFO - [2025-03-11T13:31:28.706+0000] {dagbag.py:536} INFO - Filling up the DagBag from /home/airflow/.local/lib/python3.8/site-packages/airflow/example_dags/example_sensor_decorator.py
[2025-03-11T13:31:28.708+0000] {processor.py:839} INFO - DAG(s) dict_keys(['example_sensor_decorator']) retrieved from /home/airflow/.local/lib/python3.8/site-packages/airflow/example_dags/example_sensor_decorator.py
[2025-03-11T13:31:28.719+0000] {logging_mixin.py:154} INFO - [2025-03-11T13:31:28.719+0000] {dag.py:2941} INFO - Sync 1 DAGs
[2025-03-11T13:31:28.724+0000] {logging_mixin.py:154} INFO - [2025-03-11T13:31:28.724+0000] {dag.py:3722} INFO - Setting next_dagrun for example_sensor_decorator to None, run_after=None
[2025-03-11T13:31:28.734+0000] {processor.py:179} INFO - Processing /home/airflow/.local/lib/python3.8/site-packages/airflow/example_dags/example_sensor_decorator.py took 0.031 seconds
[2025-03-11T13:31:59.285+0000] {processor.py:157} INFO - Started process (PID=3661) to work on /home/airflow/.local/lib/python3.8/site-packages/airflow/example_dags/example_sensor_decorator.py
[2025-03-11T13:31:59.285+0000] {processor.py:829} INFO - Processing file /home/airflow/.local/lib/python3.8/site-packages/airflow/example_dags/example_sensor_decorator.py for tasks to queue
[2025-03-11T13:31:59.287+0000] {logging_mixin.py:154} INFO - [2025-03-11T13:31:59.287+0000] {dagbag.py:536} INFO - Filling up the DagBag from /home/airflow/.local/lib/python3.8/site-packages/airflow/example_dags/example_sensor_decorator.py
[2025-03-11T13:31:59.290+0000] {processor.py:839} INFO - DAG(s) dict_keys(['example_sensor_decorator']) retrieved from /home/airflow/.local/lib/python3.8/site-packages/airflow/example_dags/example_sensor_decorator.py
[2025-03-11T13:31:59.301+0000] {logging_mixin.py:154} INFO - [2025-03-11T13:31:59.300+0000] {dag.py:2941} INFO - Sync 1 DAGs
[2025-03-11T13:31:59.309+0000] {logging_mixin.py:154} INFO - [2025-03-11T13:31:59.309+0000] {dag.py:3722} INFO - Setting next_dagrun for example_sensor_decorator to None, run_after=None
[2025-03-11T13:31:59.318+0000] {processor.py:179} INFO - Processing /home/airflow/.local/lib/python3.8/site-packages/airflow/example_dags/example_sensor_decorator.py took 0.035 seconds
[2025-03-11T13:32:29.851+0000] {processor.py:157} INFO - Started process (PID=3716) to work on /home/airflow/.local/lib/python3.8/site-packages/airflow/example_dags/example_sensor_decorator.py
[2025-03-11T13:32:29.851+0000] {processor.py:829} INFO - Processing file /home/airflow/.local/lib/python3.8/site-packages/airflow/example_dags/example_sensor_decorator.py for tasks to queue
[2025-03-11T13:32:29.852+0000] {logging_mixin.py:154} INFO - [2025-03-11T13:32:29.852+0000] {dagbag.py:536} INFO - Filling up the DagBag from /home/airflow/.local/lib/python3.8/site-packages/airflow/example_dags/example_sensor_decorator.py
[2025-03-11T13:32:29.854+0000] {processor.py:839} INFO - DAG(s) dict_keys(['example_sensor_decorator']) retrieved from /home/airflow/.local/lib/python3.8/site-packages/airflow/example_dags/example_sensor_decorator.py
[2025-03-11T13:32:29.867+0000] {logging_mixin.py:154} INFO - [2025-03-11T13:32:29.866+0000] {dag.py:2941} INFO - Sync 1 DAGs
[2025-03-11T13:32:29.873+0000] {logging_mixin.py:154} INFO - [2025-03-11T13:32:29.872+0000] {dag.py:3722} INFO - Setting next_dagrun for example_sensor_decorator to None, run_after=None
[2025-03-11T13:32:29.883+0000] {processor.py:179} INFO - Processing /home/airflow/.local/lib/python3.8/site-packages/airflow/example_dags/example_sensor_decorator.py took 0.034 seconds
[2025-03-11T13:33:00.401+0000] {processor.py:157} INFO - Started process (PID=3772) to work on /home/airflow/.local/lib/python3.8/site-packages/airflow/example_dags/example_sensor_decorator.py
[2025-03-11T13:33:00.402+0000] {processor.py:829} INFO - Processing file /home/airflow/.local/lib/python3.8/site-packages/airflow/example_dags/example_sensor_decorator.py for tasks to queue
[2025-03-11T13:33:00.403+0000] {logging_mixin.py:154} INFO - [2025-03-11T13:33:00.403+0000] {dagbag.py:536} INFO - Filling up the DagBag from /home/airflow/.local/lib/python3.8/site-packages/airflow/example_dags/example_sensor_decorator.py
[2025-03-11T13:33:00.405+0000] {processor.py:839} INFO - DAG(s) dict_keys(['example_sensor_decorator']) retrieved from /home/airflow/.local/lib/python3.8/site-packages/airflow/example_dags/example_sensor_decorator.py
[2025-03-11T13:33:00.416+0000] {logging_mixin.py:154} INFO - [2025-03-11T13:33:00.416+0000] {dag.py:2941} INFO - Sync 1 DAGs
[2025-03-11T13:33:00.422+0000] {logging_mixin.py:154} INFO - [2025-03-11T13:33:00.422+0000] {dag.py:3722} INFO - Setting next_dagrun for example_sensor_decorator to None, run_after=None
[2025-03-11T13:33:00.430+0000] {processor.py:179} INFO - Processing /home/airflow/.local/lib/python3.8/site-packages/airflow/example_dags/example_sensor_decorator.py took 0.030 seconds
[2025-03-11T13:33:31.054+0000] {processor.py:157} INFO - Started process (PID=3828) to work on /home/airflow/.local/lib/python3.8/site-packages/airflow/example_dags/example_sensor_decorator.py
[2025-03-11T13:33:31.055+0000] {processor.py:829} INFO - Processing file /home/airflow/.local/lib/python3.8/site-packages/airflow/example_dags/example_sensor_decorator.py for tasks to queue
[2025-03-11T13:33:31.057+0000] {logging_mixin.py:154} INFO - [2025-03-11T13:33:31.057+0000] {dagbag.py:536} INFO - Filling up the DagBag from /home/airflow/.local/lib/python3.8/site-packages/airflow/example_dags/example_sensor_decorator.py
[2025-03-11T13:33:31.061+0000] {processor.py:839} INFO - DAG(s) dict_keys(['example_sensor_decorator']) retrieved from /home/airflow/.local/lib/python3.8/site-packages/airflow/example_dags/example_sensor_decorator.py
[2025-03-11T13:33:31.079+0000] {logging_mixin.py:154} INFO - [2025-03-11T13:33:31.079+0000] {dag.py:2941} INFO - Sync 1 DAGs
[2025-03-11T13:33:31.085+0000] {logging_mixin.py:154} INFO - [2025-03-11T13:33:31.085+0000] {dag.py:3722} INFO - Setting next_dagrun for example_sensor_decorator to None, run_after=None
[2025-03-11T13:33:31.096+0000] {processor.py:179} INFO - Processing /home/airflow/.local/lib/python3.8/site-packages/airflow/example_dags/example_sensor_decorator.py took 0.044 seconds
[2025-03-11T13:34:01.762+0000] {processor.py:157} INFO - Started process (PID=3884) to work on /home/airflow/.local/lib/python3.8/site-packages/airflow/example_dags/example_sensor_decorator.py
[2025-03-11T13:34:01.763+0000] {processor.py:829} INFO - Processing file /home/airflow/.local/lib/python3.8/site-packages/airflow/example_dags/example_sensor_decorator.py for tasks to queue
[2025-03-11T13:34:01.765+0000] {logging_mixin.py:154} INFO - [2025-03-11T13:34:01.765+0000] {dagbag.py:536} INFO - Filling up the DagBag from /home/airflow/.local/lib/python3.8/site-packages/airflow/example_dags/example_sensor_decorator.py
[2025-03-11T13:34:01.767+0000] {processor.py:839} INFO - DAG(s) dict_keys(['example_sensor_decorator']) retrieved from /home/airflow/.local/lib/python3.8/site-packages/airflow/example_dags/example_sensor_decorator.py
[2025-03-11T13:34:01.779+0000] {logging_mixin.py:154} INFO - [2025-03-11T13:34:01.779+0000] {dag.py:2941} INFO - Sync 1 DAGs
[2025-03-11T13:34:01.784+0000] {logging_mixin.py:154} INFO - [2025-03-11T13:34:01.784+0000] {dag.py:3722} INFO - Setting next_dagrun for example_sensor_decorator to None, run_after=None
[2025-03-11T13:34:01.800+0000] {processor.py:179} INFO - Processing /home/airflow/.local/lib/python3.8/site-packages/airflow/example_dags/example_sensor_decorator.py took 0.040 seconds
[2025-03-11T13:34:32.457+0000] {processor.py:157} INFO - Started process (PID=3940) to work on /home/airflow/.local/lib/python3.8/site-packages/airflow/example_dags/example_sensor_decorator.py
[2025-03-11T13:34:32.458+0000] {processor.py:829} INFO - Processing file /home/airflow/.local/lib/python3.8/site-packages/airflow/example_dags/example_sensor_decorator.py for tasks to queue
[2025-03-11T13:34:32.459+0000] {logging_mixin.py:154} INFO - [2025-03-11T13:34:32.459+0000] {dagbag.py:536} INFO - Filling up the DagBag from /home/airflow/.local/lib/python3.8/site-packages/airflow/example_dags/example_sensor_decorator.py
[2025-03-11T13:34:32.461+0000] {processor.py:839} INFO - DAG(s) dict_keys(['example_sensor_decorator']) retrieved from /home/airflow/.local/lib/python3.8/site-packages/airflow/example_dags/example_sensor_decorator.py
[2025-03-11T13:34:32.472+0000] {logging_mixin.py:154} INFO - [2025-03-11T13:34:32.472+0000] {dag.py:2941} INFO - Sync 1 DAGs
[2025-03-11T13:34:32.477+0000] {logging_mixin.py:154} INFO - [2025-03-11T13:34:32.477+0000] {dag.py:3722} INFO - Setting next_dagrun for example_sensor_decorator to None, run_after=None
[2025-03-11T13:34:32.491+0000] {processor.py:179} INFO - Processing /home/airflow/.local/lib/python3.8/site-packages/airflow/example_dags/example_sensor_decorator.py took 0.036 seconds
[2025-03-11T13:35:03.034+0000] {processor.py:157} INFO - Started process (PID=3996) to work on /home/airflow/.local/lib/python3.8/site-packages/airflow/example_dags/example_sensor_decorator.py
[2025-03-11T13:35:03.034+0000] {processor.py:829} INFO - Processing file /home/airflow/.local/lib/python3.8/site-packages/airflow/example_dags/example_sensor_decorator.py for tasks to queue
[2025-03-11T13:35:03.036+0000] {logging_mixin.py:154} INFO - [2025-03-11T13:35:03.036+0000] {dagbag.py:536} INFO - Filling up the DagBag from /home/airflow/.local/lib/python3.8/site-packages/airflow/example_dags/example_sensor_decorator.py
[2025-03-11T13:35:03.040+0000] {processor.py:839} INFO - DAG(s) dict_keys(['example_sensor_decorator']) retrieved from /home/airflow/.local/lib/python3.8/site-packages/airflow/example_dags/example_sensor_decorator.py
[2025-03-11T13:35:03.052+0000] {logging_mixin.py:154} INFO - [2025-03-11T13:35:03.052+0000] {dag.py:2941} INFO - Sync 1 DAGs
[2025-03-11T13:35:03.057+0000] {logging_mixin.py:154} INFO - [2025-03-11T13:35:03.057+0000] {dag.py:3722} INFO - Setting next_dagrun for example_sensor_decorator to None, run_after=None
[2025-03-11T13:35:03.069+0000] {processor.py:179} INFO - Processing /home/airflow/.local/lib/python3.8/site-packages/airflow/example_dags/example_sensor_decorator.py took 0.037 seconds
[2025-03-11T13:35:33.780+0000] {processor.py:157} INFO - Started process (PID=4052) to work on /home/airflow/.local/lib/python3.8/site-packages/airflow/example_dags/example_sensor_decorator.py
[2025-03-11T13:35:33.780+0000] {processor.py:829} INFO - Processing file /home/airflow/.local/lib/python3.8/site-packages/airflow/example_dags/example_sensor_decorator.py for tasks to queue
[2025-03-11T13:35:33.781+0000] {logging_mixin.py:154} INFO - [2025-03-11T13:35:33.781+0000] {dagbag.py:536} INFO - Filling up the DagBag from /home/airflow/.local/lib/python3.8/site-packages/airflow/example_dags/example_sensor_decorator.py
[2025-03-11T13:35:33.784+0000] {processor.py:839} INFO - DAG(s) dict_keys(['example_sensor_decorator']) retrieved from /home/airflow/.local/lib/python3.8/site-packages/airflow/example_dags/example_sensor_decorator.py
[2025-03-11T13:35:33.794+0000] {logging_mixin.py:154} INFO - [2025-03-11T13:35:33.794+0000] {dag.py:2941} INFO - Sync 1 DAGs
[2025-03-11T13:35:33.800+0000] {logging_mixin.py:154} INFO - [2025-03-11T13:35:33.800+0000] {dag.py:3722} INFO - Setting next_dagrun for example_sensor_decorator to None, run_after=None
[2025-03-11T13:35:33.813+0000] {processor.py:179} INFO - Processing /home/airflow/.local/lib/python3.8/site-packages/airflow/example_dags/example_sensor_decorator.py took 0.034 seconds
[2025-03-11T13:36:04.368+0000] {processor.py:157} INFO - Started process (PID=4108) to work on /home/airflow/.local/lib/python3.8/site-packages/airflow/example_dags/example_sensor_decorator.py
[2025-03-11T13:36:04.369+0000] {processor.py:829} INFO - Processing file /home/airflow/.local/lib/python3.8/site-packages/airflow/example_dags/example_sensor_decorator.py for tasks to queue
[2025-03-11T13:36:04.370+0000] {logging_mixin.py:154} INFO - [2025-03-11T13:36:04.370+0000] {dagbag.py:536} INFO - Filling up the DagBag from /home/airflow/.local/lib/python3.8/site-packages/airflow/example_dags/example_sensor_decorator.py
[2025-03-11T13:36:04.372+0000] {processor.py:839} INFO - DAG(s) dict_keys(['example_sensor_decorator']) retrieved from /home/airflow/.local/lib/python3.8/site-packages/airflow/example_dags/example_sensor_decorator.py
[2025-03-11T13:36:04.383+0000] {logging_mixin.py:154} INFO - [2025-03-11T13:36:04.383+0000] {dag.py:2941} INFO - Sync 1 DAGs
[2025-03-11T13:36:04.389+0000] {logging_mixin.py:154} INFO - [2025-03-11T13:36:04.389+0000] {dag.py:3722} INFO - Setting next_dagrun for example_sensor_decorator to None, run_after=None
[2025-03-11T13:36:04.402+0000] {processor.py:179} INFO - Processing /home/airflow/.local/lib/python3.8/site-packages/airflow/example_dags/example_sensor_decorator.py took 0.035 seconds
[2025-03-11T13:36:35.043+0000] {processor.py:157} INFO - Started process (PID=4164) to work on /home/airflow/.local/lib/python3.8/site-packages/airflow/example_dags/example_sensor_decorator.py
[2025-03-11T13:36:35.044+0000] {processor.py:829} INFO - Processing file /home/airflow/.local/lib/python3.8/site-packages/airflow/example_dags/example_sensor_decorator.py for tasks to queue
[2025-03-11T13:36:35.045+0000] {logging_mixin.py:154} INFO - [2025-03-11T13:36:35.044+0000] {dagbag.py:536} INFO - Filling up the DagBag from /home/airflow/.local/lib/python3.8/site-packages/airflow/example_dags/example_sensor_decorator.py
[2025-03-11T13:36:35.049+0000] {processor.py:839} INFO - DAG(s) dict_keys(['example_sensor_decorator']) retrieved from /home/airflow/.local/lib/python3.8/site-packages/airflow/example_dags/example_sensor_decorator.py
[2025-03-11T13:36:35.059+0000] {logging_mixin.py:154} INFO - [2025-03-11T13:36:35.059+0000] {dag.py:2941} INFO - Sync 1 DAGs
[2025-03-11T13:36:35.064+0000] {logging_mixin.py:154} INFO - [2025-03-11T13:36:35.064+0000] {dag.py:3722} INFO - Setting next_dagrun for example_sensor_decorator to None, run_after=None
[2025-03-11T13:36:35.073+0000] {processor.py:179} INFO - Processing /home/airflow/.local/lib/python3.8/site-packages/airflow/example_dags/example_sensor_decorator.py took 0.031 seconds
[2025-03-11T13:37:05.634+0000] {processor.py:157} INFO - Started process (PID=4220) to work on /home/airflow/.local/lib/python3.8/site-packages/airflow/example_dags/example_sensor_decorator.py
[2025-03-11T13:37:05.634+0000] {processor.py:829} INFO - Processing file /home/airflow/.local/lib/python3.8/site-packages/airflow/example_dags/example_sensor_decorator.py for tasks to queue
[2025-03-11T13:37:05.635+0000] {logging_mixin.py:154} INFO - [2025-03-11T13:37:05.635+0000] {dagbag.py:536} INFO - Filling up the DagBag from /home/airflow/.local/lib/python3.8/site-packages/airflow/example_dags/example_sensor_decorator.py
[2025-03-11T13:37:05.638+0000] {processor.py:839} INFO - DAG(s) dict_keys(['example_sensor_decorator']) retrieved from /home/airflow/.local/lib/python3.8/site-packages/airflow/example_dags/example_sensor_decorator.py
[2025-03-11T13:37:05.647+0000] {logging_mixin.py:154} INFO - [2025-03-11T13:37:05.647+0000] {dag.py:2941} INFO - Sync 1 DAGs
[2025-03-11T13:37:05.653+0000] {logging_mixin.py:154} INFO - [2025-03-11T13:37:05.653+0000] {dag.py:3722} INFO - Setting next_dagrun for example_sensor_decorator to None, run_after=None
[2025-03-11T13:37:05.667+0000] {processor.py:179} INFO - Processing /home/airflow/.local/lib/python3.8/site-packages/airflow/example_dags/example_sensor_decorator.py took 0.035 seconds
[2025-03-11T13:37:36.245+0000] {processor.py:157} INFO - Started process (PID=4276) to work on /home/airflow/.local/lib/python3.8/site-packages/airflow/example_dags/example_sensor_decorator.py
[2025-03-11T13:37:36.245+0000] {processor.py:829} INFO - Processing file /home/airflow/.local/lib/python3.8/site-packages/airflow/example_dags/example_sensor_decorator.py for tasks to queue
[2025-03-11T13:37:36.246+0000] {logging_mixin.py:154} INFO - [2025-03-11T13:37:36.246+0000] {dagbag.py:536} INFO - Filling up the DagBag from /home/airflow/.local/lib/python3.8/site-packages/airflow/example_dags/example_sensor_decorator.py
[2025-03-11T13:37:36.249+0000] {processor.py:839} INFO - DAG(s) dict_keys(['example_sensor_decorator']) retrieved from /home/airflow/.local/lib/python3.8/site-packages/airflow/example_dags/example_sensor_decorator.py
[2025-03-11T13:37:36.260+0000] {logging_mixin.py:154} INFO - [2025-03-11T13:37:36.259+0000] {dag.py:2941} INFO - Sync 1 DAGs
[2025-03-11T13:37:36.265+0000] {logging_mixin.py:154} INFO - [2025-03-11T13:37:36.265+0000] {dag.py:3722} INFO - Setting next_dagrun for example_sensor_decorator to None, run_after=None
[2025-03-11T13:37:36.278+0000] {processor.py:179} INFO - Processing /home/airflow/.local/lib/python3.8/site-packages/airflow/example_dags/example_sensor_decorator.py took 0.035 seconds
[2025-03-11T13:38:06.785+0000] {processor.py:157} INFO - Started process (PID=4332) to work on /home/airflow/.local/lib/python3.8/site-packages/airflow/example_dags/example_sensor_decorator.py
[2025-03-11T13:38:06.785+0000] {processor.py:829} INFO - Processing file /home/airflow/.local/lib/python3.8/site-packages/airflow/example_dags/example_sensor_decorator.py for tasks to queue
[2025-03-11T13:38:06.786+0000] {logging_mixin.py:154} INFO - [2025-03-11T13:38:06.786+0000] {dagbag.py:536} INFO - Filling up the DagBag from /home/airflow/.local/lib/python3.8/site-packages/airflow/example_dags/example_sensor_decorator.py
[2025-03-11T13:38:06.789+0000] {processor.py:839} INFO - DAG(s) dict_keys(['example_sensor_decorator']) retrieved from /home/airflow/.local/lib/python3.8/site-packages/airflow/example_dags/example_sensor_decorator.py
[2025-03-11T13:38:06.799+0000] {logging_mixin.py:154} INFO - [2025-03-11T13:38:06.798+0000] {dag.py:2941} INFO - Sync 1 DAGs
[2025-03-11T13:38:06.803+0000] {logging_mixin.py:154} INFO - [2025-03-11T13:38:06.803+0000] {dag.py:3722} INFO - Setting next_dagrun for example_sensor_decorator to None, run_after=None
[2025-03-11T13:38:06.809+0000] {processor.py:179} INFO - Processing /home/airflow/.local/lib/python3.8/site-packages/airflow/example_dags/example_sensor_decorator.py took 0.026 seconds
[2025-03-11T13:38:37.366+0000] {processor.py:157} INFO - Started process (PID=4388) to work on /home/airflow/.local/lib/python3.8/site-packages/airflow/example_dags/example_sensor_decorator.py
[2025-03-11T13:38:37.366+0000] {processor.py:829} INFO - Processing file /home/airflow/.local/lib/python3.8/site-packages/airflow/example_dags/example_sensor_decorator.py for tasks to queue
[2025-03-11T13:38:37.367+0000] {logging_mixin.py:154} INFO - [2025-03-11T13:38:37.367+0000] {dagbag.py:536} INFO - Filling up the DagBag from /home/airflow/.local/lib/python3.8/site-packages/airflow/example_dags/example_sensor_decorator.py
[2025-03-11T13:38:37.370+0000] {processor.py:839} INFO - DAG(s) dict_keys(['example_sensor_decorator']) retrieved from /home/airflow/.local/lib/python3.8/site-packages/airflow/example_dags/example_sensor_decorator.py
[2025-03-11T13:38:37.380+0000] {logging_mixin.py:154} INFO - [2025-03-11T13:38:37.380+0000] {dag.py:2941} INFO - Sync 1 DAGs
[2025-03-11T13:38:37.385+0000] {logging_mixin.py:154} INFO - [2025-03-11T13:38:37.385+0000] {dag.py:3722} INFO - Setting next_dagrun for example_sensor_decorator to None, run_after=None
[2025-03-11T13:38:37.395+0000] {processor.py:179} INFO - Processing /home/airflow/.local/lib/python3.8/site-packages/airflow/example_dags/example_sensor_decorator.py took 0.031 seconds
[2025-03-11T13:39:07.939+0000] {processor.py:157} INFO - Started process (PID=4444) to work on /home/airflow/.local/lib/python3.8/site-packages/airflow/example_dags/example_sensor_decorator.py
[2025-03-11T13:39:07.940+0000] {processor.py:829} INFO - Processing file /home/airflow/.local/lib/python3.8/site-packages/airflow/example_dags/example_sensor_decorator.py for tasks to queue
[2025-03-11T13:39:07.941+0000] {logging_mixin.py:154} INFO - [2025-03-11T13:39:07.941+0000] {dagbag.py:536} INFO - Filling up the DagBag from /home/airflow/.local/lib/python3.8/site-packages/airflow/example_dags/example_sensor_decorator.py
[2025-03-11T13:39:07.944+0000] {processor.py:839} INFO - DAG(s) dict_keys(['example_sensor_decorator']) retrieved from /home/airflow/.local/lib/python3.8/site-packages/airflow/example_dags/example_sensor_decorator.py
[2025-03-11T13:39:07.957+0000] {logging_mixin.py:154} INFO - [2025-03-11T13:39:07.957+0000] {dag.py:2941} INFO - Sync 1 DAGs
[2025-03-11T13:39:07.962+0000] {logging_mixin.py:154} INFO - [2025-03-11T13:39:07.962+0000] {dag.py:3722} INFO - Setting next_dagrun for example_sensor_decorator to None, run_after=None
[2025-03-11T13:39:07.973+0000] {processor.py:179} INFO - Processing /home/airflow/.local/lib/python3.8/site-packages/airflow/example_dags/example_sensor_decorator.py took 0.036 seconds
[2025-03-11T13:39:38.603+0000] {processor.py:157} INFO - Started process (PID=4500) to work on /home/airflow/.local/lib/python3.8/site-packages/airflow/example_dags/example_sensor_decorator.py
[2025-03-11T13:39:38.604+0000] {processor.py:829} INFO - Processing file /home/airflow/.local/lib/python3.8/site-packages/airflow/example_dags/example_sensor_decorator.py for tasks to queue
[2025-03-11T13:39:38.606+0000] {logging_mixin.py:154} INFO - [2025-03-11T13:39:38.606+0000] {dagbag.py:536} INFO - Filling up the DagBag from /home/airflow/.local/lib/python3.8/site-packages/airflow/example_dags/example_sensor_decorator.py
[2025-03-11T13:39:38.611+0000] {processor.py:839} INFO - DAG(s) dict_keys(['example_sensor_decorator']) retrieved from /home/airflow/.local/lib/python3.8/site-packages/airflow/example_dags/example_sensor_decorator.py
[2025-03-11T13:39:38.626+0000] {logging_mixin.py:154} INFO - [2025-03-11T13:39:38.625+0000] {dag.py:2941} INFO - Sync 1 DAGs
[2025-03-11T13:39:38.633+0000] {logging_mixin.py:154} INFO - [2025-03-11T13:39:38.633+0000] {dag.py:3722} INFO - Setting next_dagrun for example_sensor_decorator to None, run_after=None
[2025-03-11T13:39:38.645+0000] {processor.py:179} INFO - Processing /home/airflow/.local/lib/python3.8/site-packages/airflow/example_dags/example_sensor_decorator.py took 0.045 seconds
[2025-03-11T13:40:09.172+0000] {processor.py:157} INFO - Started process (PID=4556) to work on /home/airflow/.local/lib/python3.8/site-packages/airflow/example_dags/example_sensor_decorator.py
[2025-03-11T13:40:09.172+0000] {processor.py:829} INFO - Processing file /home/airflow/.local/lib/python3.8/site-packages/airflow/example_dags/example_sensor_decorator.py for tasks to queue
[2025-03-11T13:40:09.173+0000] {logging_mixin.py:154} INFO - [2025-03-11T13:40:09.173+0000] {dagbag.py:536} INFO - Filling up the DagBag from /home/airflow/.local/lib/python3.8/site-packages/airflow/example_dags/example_sensor_decorator.py
[2025-03-11T13:40:09.176+0000] {processor.py:839} INFO - DAG(s) dict_keys(['example_sensor_decorator']) retrieved from /home/airflow/.local/lib/python3.8/site-packages/airflow/example_dags/example_sensor_decorator.py
[2025-03-11T13:40:09.186+0000] {logging_mixin.py:154} INFO - [2025-03-11T13:40:09.186+0000] {dag.py:2941} INFO - Sync 1 DAGs
[2025-03-11T13:40:09.191+0000] {logging_mixin.py:154} INFO - [2025-03-11T13:40:09.191+0000] {dag.py:3722} INFO - Setting next_dagrun for example_sensor_decorator to None, run_after=None
[2025-03-11T13:40:09.198+0000] {processor.py:179} INFO - Processing /home/airflow/.local/lib/python3.8/site-packages/airflow/example_dags/example_sensor_decorator.py took 0.028 seconds
[2025-03-11T13:40:39.796+0000] {processor.py:157} INFO - Started process (PID=4611) to work on /home/airflow/.local/lib/python3.8/site-packages/airflow/example_dags/example_sensor_decorator.py
[2025-03-11T13:40:39.797+0000] {processor.py:829} INFO - Processing file /home/airflow/.local/lib/python3.8/site-packages/airflow/example_dags/example_sensor_decorator.py for tasks to queue
[2025-03-11T13:40:39.798+0000] {logging_mixin.py:154} INFO - [2025-03-11T13:40:39.798+0000] {dagbag.py:536} INFO - Filling up the DagBag from /home/airflow/.local/lib/python3.8/site-packages/airflow/example_dags/example_sensor_decorator.py
[2025-03-11T13:40:39.801+0000] {processor.py:839} INFO - DAG(s) dict_keys(['example_sensor_decorator']) retrieved from /home/airflow/.local/lib/python3.8/site-packages/airflow/example_dags/example_sensor_decorator.py
[2025-03-11T13:40:39.810+0000] {logging_mixin.py:154} INFO - [2025-03-11T13:40:39.810+0000] {dag.py:2941} INFO - Sync 1 DAGs
[2025-03-11T13:40:39.816+0000] {logging_mixin.py:154} INFO - [2025-03-11T13:40:39.816+0000] {dag.py:3722} INFO - Setting next_dagrun for example_sensor_decorator to None, run_after=None
[2025-03-11T13:40:39.825+0000] {processor.py:179} INFO - Processing /home/airflow/.local/lib/python3.8/site-packages/airflow/example_dags/example_sensor_decorator.py took 0.030 seconds
[2025-03-11T13:41:10.506+0000] {processor.py:157} INFO - Started process (PID=4667) to work on /home/airflow/.local/lib/python3.8/site-packages/airflow/example_dags/example_sensor_decorator.py
[2025-03-11T13:41:10.506+0000] {processor.py:829} INFO - Processing file /home/airflow/.local/lib/python3.8/site-packages/airflow/example_dags/example_sensor_decorator.py for tasks to queue
[2025-03-11T13:41:10.507+0000] {logging_mixin.py:154} INFO - [2025-03-11T13:41:10.507+0000] {dagbag.py:536} INFO - Filling up the DagBag from /home/airflow/.local/lib/python3.8/site-packages/airflow/example_dags/example_sensor_decorator.py
[2025-03-11T13:41:10.510+0000] {processor.py:839} INFO - DAG(s) dict_keys(['example_sensor_decorator']) retrieved from /home/airflow/.local/lib/python3.8/site-packages/airflow/example_dags/example_sensor_decorator.py
[2025-03-11T13:41:10.520+0000] {logging_mixin.py:154} INFO - [2025-03-11T13:41:10.520+0000] {dag.py:2941} INFO - Sync 1 DAGs
[2025-03-11T13:41:10.525+0000] {logging_mixin.py:154} INFO - [2025-03-11T13:41:10.525+0000] {dag.py:3722} INFO - Setting next_dagrun for example_sensor_decorator to None, run_after=None
[2025-03-11T13:41:10.536+0000] {processor.py:179} INFO - Processing /home/airflow/.local/lib/python3.8/site-packages/airflow/example_dags/example_sensor_decorator.py took 0.032 seconds
[2025-03-11T13:41:41.046+0000] {processor.py:157} INFO - Started process (PID=4723) to work on /home/airflow/.local/lib/python3.8/site-packages/airflow/example_dags/example_sensor_decorator.py
[2025-03-11T13:41:41.048+0000] {processor.py:829} INFO - Processing file /home/airflow/.local/lib/python3.8/site-packages/airflow/example_dags/example_sensor_decorator.py for tasks to queue
[2025-03-11T13:41:41.049+0000] {logging_mixin.py:154} INFO - [2025-03-11T13:41:41.049+0000] {dagbag.py:536} INFO - Filling up the DagBag from /home/airflow/.local/lib/python3.8/site-packages/airflow/example_dags/example_sensor_decorator.py
[2025-03-11T13:41:41.052+0000] {processor.py:839} INFO - DAG(s) dict_keys(['example_sensor_decorator']) retrieved from /home/airflow/.local/lib/python3.8/site-packages/airflow/example_dags/example_sensor_decorator.py
[2025-03-11T13:41:41.062+0000] {logging_mixin.py:154} INFO - [2025-03-11T13:41:41.062+0000] {dag.py:2941} INFO - Sync 1 DAGs
[2025-03-11T13:41:41.067+0000] {logging_mixin.py:154} INFO - [2025-03-11T13:41:41.067+0000] {dag.py:3722} INFO - Setting next_dagrun for example_sensor_decorator to None, run_after=None
[2025-03-11T13:41:41.077+0000] {processor.py:179} INFO - Processing /home/airflow/.local/lib/python3.8/site-packages/airflow/example_dags/example_sensor_decorator.py took 0.032 seconds
[2025-03-11T13:42:11.571+0000] {processor.py:157} INFO - Started process (PID=4779) to work on /home/airflow/.local/lib/python3.8/site-packages/airflow/example_dags/example_sensor_decorator.py
[2025-03-11T13:42:11.572+0000] {processor.py:829} INFO - Processing file /home/airflow/.local/lib/python3.8/site-packages/airflow/example_dags/example_sensor_decorator.py for tasks to queue
[2025-03-11T13:42:11.574+0000] {logging_mixin.py:154} INFO - [2025-03-11T13:42:11.574+0000] {dagbag.py:536} INFO - Filling up the DagBag from /home/airflow/.local/lib/python3.8/site-packages/airflow/example_dags/example_sensor_decorator.py
[2025-03-11T13:42:11.577+0000] {processor.py:839} INFO - DAG(s) dict_keys(['example_sensor_decorator']) retrieved from /home/airflow/.local/lib/python3.8/site-packages/airflow/example_dags/example_sensor_decorator.py
[2025-03-11T13:42:11.585+0000] {logging_mixin.py:154} INFO - [2025-03-11T13:42:11.585+0000] {dag.py:2941} INFO - Sync 1 DAGs
[2025-03-11T13:42:11.589+0000] {logging_mixin.py:154} INFO - [2025-03-11T13:42:11.589+0000] {dag.py:3722} INFO - Setting next_dagrun for example_sensor_decorator to None, run_after=None
[2025-03-11T13:42:11.599+0000] {processor.py:179} INFO - Processing /home/airflow/.local/lib/python3.8/site-packages/airflow/example_dags/example_sensor_decorator.py took 0.029 seconds
[2025-03-11T13:42:42.130+0000] {processor.py:157} INFO - Started process (PID=4835) to work on /home/airflow/.local/lib/python3.8/site-packages/airflow/example_dags/example_sensor_decorator.py
[2025-03-11T13:42:42.131+0000] {processor.py:829} INFO - Processing file /home/airflow/.local/lib/python3.8/site-packages/airflow/example_dags/example_sensor_decorator.py for tasks to queue
[2025-03-11T13:42:42.132+0000] {logging_mixin.py:154} INFO - [2025-03-11T13:42:42.132+0000] {dagbag.py:536} INFO - Filling up the DagBag from /home/airflow/.local/lib/python3.8/site-packages/airflow/example_dags/example_sensor_decorator.py
[2025-03-11T13:42:42.135+0000] {processor.py:839} INFO - DAG(s) dict_keys(['example_sensor_decorator']) retrieved from /home/airflow/.local/lib/python3.8/site-packages/airflow/example_dags/example_sensor_decorator.py
[2025-03-11T13:42:42.144+0000] {logging_mixin.py:154} INFO - [2025-03-11T13:42:42.144+0000] {dag.py:2941} INFO - Sync 1 DAGs
[2025-03-11T13:42:42.149+0000] {logging_mixin.py:154} INFO - [2025-03-11T13:42:42.149+0000] {dag.py:3722} INFO - Setting next_dagrun for example_sensor_decorator to None, run_after=None
[2025-03-11T13:42:42.156+0000] {processor.py:179} INFO - Processing /home/airflow/.local/lib/python3.8/site-packages/airflow/example_dags/example_sensor_decorator.py took 0.028 seconds
[2025-03-11T13:43:12.777+0000] {processor.py:157} INFO - Started process (PID=4891) to work on /home/airflow/.local/lib/python3.8/site-packages/airflow/example_dags/example_sensor_decorator.py
[2025-03-11T13:43:12.777+0000] {processor.py:829} INFO - Processing file /home/airflow/.local/lib/python3.8/site-packages/airflow/example_dags/example_sensor_decorator.py for tasks to queue
[2025-03-11T13:43:12.778+0000] {logging_mixin.py:154} INFO - [2025-03-11T13:43:12.778+0000] {dagbag.py:536} INFO - Filling up the DagBag from /home/airflow/.local/lib/python3.8/site-packages/airflow/example_dags/example_sensor_decorator.py
[2025-03-11T13:43:12.781+0000] {processor.py:839} INFO - DAG(s) dict_keys(['example_sensor_decorator']) retrieved from /home/airflow/.local/lib/python3.8/site-packages/airflow/example_dags/example_sensor_decorator.py
[2025-03-11T13:43:12.792+0000] {logging_mixin.py:154} INFO - [2025-03-11T13:43:12.791+0000] {dag.py:2941} INFO - Sync 1 DAGs
[2025-03-11T13:43:12.797+0000] {logging_mixin.py:154} INFO - [2025-03-11T13:43:12.797+0000] {dag.py:3722} INFO - Setting next_dagrun for example_sensor_decorator to None, run_after=None
[2025-03-11T13:43:12.808+0000] {processor.py:179} INFO - Processing /home/airflow/.local/lib/python3.8/site-packages/airflow/example_dags/example_sensor_decorator.py took 0.032 seconds
[2025-03-11T13:43:43.296+0000] {processor.py:157} INFO - Started process (PID=4947) to work on /home/airflow/.local/lib/python3.8/site-packages/airflow/example_dags/example_sensor_decorator.py
[2025-03-11T13:43:43.298+0000] {processor.py:829} INFO - Processing file /home/airflow/.local/lib/python3.8/site-packages/airflow/example_dags/example_sensor_decorator.py for tasks to queue
[2025-03-11T13:43:43.299+0000] {logging_mixin.py:154} INFO - [2025-03-11T13:43:43.299+0000] {dagbag.py:536} INFO - Filling up the DagBag from /home/airflow/.local/lib/python3.8/site-packages/airflow/example_dags/example_sensor_decorator.py
[2025-03-11T13:43:43.303+0000] {processor.py:839} INFO - DAG(s) dict_keys(['example_sensor_decorator']) retrieved from /home/airflow/.local/lib/python3.8/site-packages/airflow/example_dags/example_sensor_decorator.py
[2025-03-11T13:43:43.313+0000] {logging_mixin.py:154} INFO - [2025-03-11T13:43:43.313+0000] {dag.py:2941} INFO - Sync 1 DAGs
[2025-03-11T13:43:43.318+0000] {logging_mixin.py:154} INFO - [2025-03-11T13:43:43.318+0000] {dag.py:3722} INFO - Setting next_dagrun for example_sensor_decorator to None, run_after=None
[2025-03-11T13:43:43.328+0000] {processor.py:179} INFO - Processing /home/airflow/.local/lib/python3.8/site-packages/airflow/example_dags/example_sensor_decorator.py took 0.033 seconds
[2025-03-11T13:44:13.986+0000] {processor.py:157} INFO - Started process (PID=5003) to work on /home/airflow/.local/lib/python3.8/site-packages/airflow/example_dags/example_sensor_decorator.py
[2025-03-11T13:44:13.987+0000] {processor.py:829} INFO - Processing file /home/airflow/.local/lib/python3.8/site-packages/airflow/example_dags/example_sensor_decorator.py for tasks to queue
[2025-03-11T13:44:13.988+0000] {logging_mixin.py:154} INFO - [2025-03-11T13:44:13.988+0000] {dagbag.py:536} INFO - Filling up the DagBag from /home/airflow/.local/lib/python3.8/site-packages/airflow/example_dags/example_sensor_decorator.py
[2025-03-11T13:44:13.990+0000] {processor.py:839} INFO - DAG(s) dict_keys(['example_sensor_decorator']) retrieved from /home/airflow/.local/lib/python3.8/site-packages/airflow/example_dags/example_sensor_decorator.py
[2025-03-11T13:44:14.000+0000] {logging_mixin.py:154} INFO - [2025-03-11T13:44:14.000+0000] {dag.py:2941} INFO - Sync 1 DAGs
[2025-03-11T13:44:14.005+0000] {logging_mixin.py:154} INFO - [2025-03-11T13:44:14.005+0000] {dag.py:3722} INFO - Setting next_dagrun for example_sensor_decorator to None, run_after=None
[2025-03-11T13:44:14.012+0000] {processor.py:179} INFO - Processing /home/airflow/.local/lib/python3.8/site-packages/airflow/example_dags/example_sensor_decorator.py took 0.027 seconds
[2025-03-11T13:44:44.545+0000] {processor.py:157} INFO - Started process (PID=5059) to work on /home/airflow/.local/lib/python3.8/site-packages/airflow/example_dags/example_sensor_decorator.py
[2025-03-11T13:44:44.545+0000] {processor.py:829} INFO - Processing file /home/airflow/.local/lib/python3.8/site-packages/airflow/example_dags/example_sensor_decorator.py for tasks to queue
[2025-03-11T13:44:44.546+0000] {logging_mixin.py:154} INFO - [2025-03-11T13:44:44.546+0000] {dagbag.py:536} INFO - Filling up the DagBag from /home/airflow/.local/lib/python3.8/site-packages/airflow/example_dags/example_sensor_decorator.py
[2025-03-11T13:44:44.549+0000] {processor.py:839} INFO - DAG(s) dict_keys(['example_sensor_decorator']) retrieved from /home/airflow/.local/lib/python3.8/site-packages/airflow/example_dags/example_sensor_decorator.py
[2025-03-11T13:44:44.560+0000] {logging_mixin.py:154} INFO - [2025-03-11T13:44:44.559+0000] {dag.py:2941} INFO - Sync 1 DAGs
[2025-03-11T13:44:44.566+0000] {logging_mixin.py:154} INFO - [2025-03-11T13:44:44.566+0000] {dag.py:3722} INFO - Setting next_dagrun for example_sensor_decorator to None, run_after=None
[2025-03-11T13:44:44.576+0000] {processor.py:179} INFO - Processing /home/airflow/.local/lib/python3.8/site-packages/airflow/example_dags/example_sensor_decorator.py took 0.033 seconds
[2025-03-11T13:45:15.149+0000] {processor.py:157} INFO - Started process (PID=5115) to work on /home/airflow/.local/lib/python3.8/site-packages/airflow/example_dags/example_sensor_decorator.py
[2025-03-11T13:45:15.149+0000] {processor.py:829} INFO - Processing file /home/airflow/.local/lib/python3.8/site-packages/airflow/example_dags/example_sensor_decorator.py for tasks to queue
[2025-03-11T13:45:15.150+0000] {logging_mixin.py:154} INFO - [2025-03-11T13:45:15.150+0000] {dagbag.py:536} INFO - Filling up the DagBag from /home/airflow/.local/lib/python3.8/site-packages/airflow/example_dags/example_sensor_decorator.py
[2025-03-11T13:45:15.153+0000] {processor.py:839} INFO - DAG(s) dict_keys(['example_sensor_decorator']) retrieved from /home/airflow/.local/lib/python3.8/site-packages/airflow/example_dags/example_sensor_decorator.py
[2025-03-11T13:45:15.164+0000] {logging_mixin.py:154} INFO - [2025-03-11T13:45:15.163+0000] {dag.py:2941} INFO - Sync 1 DAGs
[2025-03-11T13:45:15.169+0000] {logging_mixin.py:154} INFO - [2025-03-11T13:45:15.169+0000] {dag.py:3722} INFO - Setting next_dagrun for example_sensor_decorator to None, run_after=None
[2025-03-11T13:45:15.179+0000] {processor.py:179} INFO - Processing /home/airflow/.local/lib/python3.8/site-packages/airflow/example_dags/example_sensor_decorator.py took 0.032 seconds
[2025-03-11T13:45:45.671+0000] {processor.py:157} INFO - Started process (PID=5171) to work on /home/airflow/.local/lib/python3.8/site-packages/airflow/example_dags/example_sensor_decorator.py
[2025-03-11T13:45:45.671+0000] {processor.py:829} INFO - Processing file /home/airflow/.local/lib/python3.8/site-packages/airflow/example_dags/example_sensor_decorator.py for tasks to queue
[2025-03-11T13:45:45.673+0000] {logging_mixin.py:154} INFO - [2025-03-11T13:45:45.672+0000] {dagbag.py:536} INFO - Filling up the DagBag from /home/airflow/.local/lib/python3.8/site-packages/airflow/example_dags/example_sensor_decorator.py
[2025-03-11T13:45:45.676+0000] {processor.py:839} INFO - DAG(s) dict_keys(['example_sensor_decorator']) retrieved from /home/airflow/.local/lib/python3.8/site-packages/airflow/example_dags/example_sensor_decorator.py
[2025-03-11T13:45:45.685+0000] {logging_mixin.py:154} INFO - [2025-03-11T13:45:45.685+0000] {dag.py:2941} INFO - Sync 1 DAGs
[2025-03-11T13:45:45.692+0000] {logging_mixin.py:154} INFO - [2025-03-11T13:45:45.692+0000] {dag.py:3722} INFO - Setting next_dagrun for example_sensor_decorator to None, run_after=None
[2025-03-11T13:45:45.702+0000] {processor.py:179} INFO - Processing /home/airflow/.local/lib/python3.8/site-packages/airflow/example_dags/example_sensor_decorator.py took 0.033 seconds
[2025-03-11T13:46:16.341+0000] {processor.py:157} INFO - Started process (PID=5227) to work on /home/airflow/.local/lib/python3.8/site-packages/airflow/example_dags/example_sensor_decorator.py
[2025-03-11T13:46:16.342+0000] {processor.py:829} INFO - Processing file /home/airflow/.local/lib/python3.8/site-packages/airflow/example_dags/example_sensor_decorator.py for tasks to queue
[2025-03-11T13:46:16.343+0000] {logging_mixin.py:154} INFO - [2025-03-11T13:46:16.343+0000] {dagbag.py:536} INFO - Filling up the DagBag from /home/airflow/.local/lib/python3.8/site-packages/airflow/example_dags/example_sensor_decorator.py
[2025-03-11T13:46:16.346+0000] {processor.py:839} INFO - DAG(s) dict_keys(['example_sensor_decorator']) retrieved from /home/airflow/.local/lib/python3.8/site-packages/airflow/example_dags/example_sensor_decorator.py
[2025-03-11T13:46:16.357+0000] {logging_mixin.py:154} INFO - [2025-03-11T13:46:16.356+0000] {dag.py:2941} INFO - Sync 1 DAGs
[2025-03-11T13:46:16.362+0000] {logging_mixin.py:154} INFO - [2025-03-11T13:46:16.362+0000] {dag.py:3722} INFO - Setting next_dagrun for example_sensor_decorator to None, run_after=None
[2025-03-11T13:46:16.370+0000] {processor.py:179} INFO - Processing /home/airflow/.local/lib/python3.8/site-packages/airflow/example_dags/example_sensor_decorator.py took 0.031 seconds
[2025-03-11T13:46:46.989+0000] {processor.py:157} INFO - Started process (PID=5283) to work on /home/airflow/.local/lib/python3.8/site-packages/airflow/example_dags/example_sensor_decorator.py
[2025-03-11T13:46:46.990+0000] {processor.py:829} INFO - Processing file /home/airflow/.local/lib/python3.8/site-packages/airflow/example_dags/example_sensor_decorator.py for tasks to queue
[2025-03-11T13:46:46.991+0000] {logging_mixin.py:154} INFO - [2025-03-11T13:46:46.991+0000] {dagbag.py:536} INFO - Filling up the DagBag from /home/airflow/.local/lib/python3.8/site-packages/airflow/example_dags/example_sensor_decorator.py
[2025-03-11T13:46:46.994+0000] {processor.py:839} INFO - DAG(s) dict_keys(['example_sensor_decorator']) retrieved from /home/airflow/.local/lib/python3.8/site-packages/airflow/example_dags/example_sensor_decorator.py
[2025-03-11T13:46:47.006+0000] {logging_mixin.py:154} INFO - [2025-03-11T13:46:47.006+0000] {dag.py:2941} INFO - Sync 1 DAGs
[2025-03-11T13:46:47.014+0000] {logging_mixin.py:154} INFO - [2025-03-11T13:46:47.014+0000] {dag.py:3722} INFO - Setting next_dagrun for example_sensor_decorator to None, run_after=None
[2025-03-11T13:46:47.025+0000] {processor.py:179} INFO - Processing /home/airflow/.local/lib/python3.8/site-packages/airflow/example_dags/example_sensor_decorator.py took 0.038 seconds
[2025-03-11T13:47:17.672+0000] {processor.py:157} INFO - Started process (PID=5339) to work on /home/airflow/.local/lib/python3.8/site-packages/airflow/example_dags/example_sensor_decorator.py
[2025-03-11T13:47:17.672+0000] {processor.py:829} INFO - Processing file /home/airflow/.local/lib/python3.8/site-packages/airflow/example_dags/example_sensor_decorator.py for tasks to queue
[2025-03-11T13:47:17.673+0000] {logging_mixin.py:154} INFO - [2025-03-11T13:47:17.673+0000] {dagbag.py:536} INFO - Filling up the DagBag from /home/airflow/.local/lib/python3.8/site-packages/airflow/example_dags/example_sensor_decorator.py
[2025-03-11T13:47:17.676+0000] {processor.py:839} INFO - DAG(s) dict_keys(['example_sensor_decorator']) retrieved from /home/airflow/.local/lib/python3.8/site-packages/airflow/example_dags/example_sensor_decorator.py
[2025-03-11T13:47:17.685+0000] {logging_mixin.py:154} INFO - [2025-03-11T13:47:17.685+0000] {dag.py:2941} INFO - Sync 1 DAGs
[2025-03-11T13:47:17.690+0000] {logging_mixin.py:154} INFO - [2025-03-11T13:47:17.690+0000] {dag.py:3722} INFO - Setting next_dagrun for example_sensor_decorator to None, run_after=None
[2025-03-11T13:47:17.696+0000] {processor.py:179} INFO - Processing /home/airflow/.local/lib/python3.8/site-packages/airflow/example_dags/example_sensor_decorator.py took 0.026 seconds
[2025-03-11T13:47:48.215+0000] {processor.py:157} INFO - Started process (PID=5395) to work on /home/airflow/.local/lib/python3.8/site-packages/airflow/example_dags/example_sensor_decorator.py
[2025-03-11T13:47:48.216+0000] {processor.py:829} INFO - Processing file /home/airflow/.local/lib/python3.8/site-packages/airflow/example_dags/example_sensor_decorator.py for tasks to queue
[2025-03-11T13:47:48.217+0000] {logging_mixin.py:154} INFO - [2025-03-11T13:47:48.217+0000] {dagbag.py:536} INFO - Filling up the DagBag from /home/airflow/.local/lib/python3.8/site-packages/airflow/example_dags/example_sensor_decorator.py
[2025-03-11T13:47:48.219+0000] {processor.py:839} INFO - DAG(s) dict_keys(['example_sensor_decorator']) retrieved from /home/airflow/.local/lib/python3.8/site-packages/airflow/example_dags/example_sensor_decorator.py
[2025-03-11T13:47:48.230+0000] {logging_mixin.py:154} INFO - [2025-03-11T13:47:48.230+0000] {dag.py:2941} INFO - Sync 1 DAGs
[2025-03-11T13:47:48.235+0000] {logging_mixin.py:154} INFO - [2025-03-11T13:47:48.235+0000] {dag.py:3722} INFO - Setting next_dagrun for example_sensor_decorator to None, run_after=None
[2025-03-11T13:47:48.246+0000] {processor.py:179} INFO - Processing /home/airflow/.local/lib/python3.8/site-packages/airflow/example_dags/example_sensor_decorator.py took 0.033 seconds
[2025-03-11T13:48:18.838+0000] {processor.py:157} INFO - Started process (PID=5451) to work on /home/airflow/.local/lib/python3.8/site-packages/airflow/example_dags/example_sensor_decorator.py
[2025-03-11T13:48:18.838+0000] {processor.py:829} INFO - Processing file /home/airflow/.local/lib/python3.8/site-packages/airflow/example_dags/example_sensor_decorator.py for tasks to queue
[2025-03-11T13:48:18.839+0000] {logging_mixin.py:154} INFO - [2025-03-11T13:48:18.839+0000] {dagbag.py:536} INFO - Filling up the DagBag from /home/airflow/.local/lib/python3.8/site-packages/airflow/example_dags/example_sensor_decorator.py
[2025-03-11T13:48:18.842+0000] {processor.py:839} INFO - DAG(s) dict_keys(['example_sensor_decorator']) retrieved from /home/airflow/.local/lib/python3.8/site-packages/airflow/example_dags/example_sensor_decorator.py
[2025-03-11T13:48:18.851+0000] {logging_mixin.py:154} INFO - [2025-03-11T13:48:18.851+0000] {dag.py:2941} INFO - Sync 1 DAGs
[2025-03-11T13:48:18.856+0000] {logging_mixin.py:154} INFO - [2025-03-11T13:48:18.856+0000] {dag.py:3722} INFO - Setting next_dagrun for example_sensor_decorator to None, run_after=None
[2025-03-11T13:48:18.863+0000] {processor.py:179} INFO - Processing /home/airflow/.local/lib/python3.8/site-packages/airflow/example_dags/example_sensor_decorator.py took 0.027 seconds
[2025-03-11T13:48:49.454+0000] {processor.py:157} INFO - Started process (PID=5507) to work on /home/airflow/.local/lib/python3.8/site-packages/airflow/example_dags/example_sensor_decorator.py
[2025-03-11T13:48:49.454+0000] {processor.py:829} INFO - Processing file /home/airflow/.local/lib/python3.8/site-packages/airflow/example_dags/example_sensor_decorator.py for tasks to queue
[2025-03-11T13:48:49.455+0000] {logging_mixin.py:154} INFO - [2025-03-11T13:48:49.455+0000] {dagbag.py:536} INFO - Filling up the DagBag from /home/airflow/.local/lib/python3.8/site-packages/airflow/example_dags/example_sensor_decorator.py
[2025-03-11T13:48:49.458+0000] {processor.py:839} INFO - DAG(s) dict_keys(['example_sensor_decorator']) retrieved from /home/airflow/.local/lib/python3.8/site-packages/airflow/example_dags/example_sensor_decorator.py
[2025-03-11T13:48:49.468+0000] {logging_mixin.py:154} INFO - [2025-03-11T13:48:49.468+0000] {dag.py:2941} INFO - Sync 1 DAGs
[2025-03-11T13:48:49.473+0000] {logging_mixin.py:154} INFO - [2025-03-11T13:48:49.473+0000] {dag.py:3722} INFO - Setting next_dagrun for example_sensor_decorator to None, run_after=None
[2025-03-11T13:48:49.479+0000] {processor.py:179} INFO - Processing /home/airflow/.local/lib/python3.8/site-packages/airflow/example_dags/example_sensor_decorator.py took 0.027 seconds
[2025-03-11T13:49:20.033+0000] {processor.py:157} INFO - Started process (PID=5563) to work on /home/airflow/.local/lib/python3.8/site-packages/airflow/example_dags/example_sensor_decorator.py
[2025-03-11T13:49:20.033+0000] {processor.py:829} INFO - Processing file /home/airflow/.local/lib/python3.8/site-packages/airflow/example_dags/example_sensor_decorator.py for tasks to queue
[2025-03-11T13:49:20.034+0000] {logging_mixin.py:154} INFO - [2025-03-11T13:49:20.034+0000] {dagbag.py:536} INFO - Filling up the DagBag from /home/airflow/.local/lib/python3.8/site-packages/airflow/example_dags/example_sensor_decorator.py
[2025-03-11T13:49:20.037+0000] {processor.py:839} INFO - DAG(s) dict_keys(['example_sensor_decorator']) retrieved from /home/airflow/.local/lib/python3.8/site-packages/airflow/example_dags/example_sensor_decorator.py
[2025-03-11T13:49:20.048+0000] {logging_mixin.py:154} INFO - [2025-03-11T13:49:20.047+0000] {dag.py:2941} INFO - Sync 1 DAGs
[2025-03-11T13:49:20.052+0000] {logging_mixin.py:154} INFO - [2025-03-11T13:49:20.052+0000] {dag.py:3722} INFO - Setting next_dagrun for example_sensor_decorator to None, run_after=None
[2025-03-11T13:49:20.061+0000] {processor.py:179} INFO - Processing /home/airflow/.local/lib/python3.8/site-packages/airflow/example_dags/example_sensor_decorator.py took 0.030 seconds
[2025-03-11T13:49:50.666+0000] {processor.py:157} INFO - Started process (PID=5619) to work on /home/airflow/.local/lib/python3.8/site-packages/airflow/example_dags/example_sensor_decorator.py
[2025-03-11T13:49:50.668+0000] {processor.py:829} INFO - Processing file /home/airflow/.local/lib/python3.8/site-packages/airflow/example_dags/example_sensor_decorator.py for tasks to queue
[2025-03-11T13:49:50.669+0000] {logging_mixin.py:154} INFO - [2025-03-11T13:49:50.668+0000] {dagbag.py:536} INFO - Filling up the DagBag from /home/airflow/.local/lib/python3.8/site-packages/airflow/example_dags/example_sensor_decorator.py
[2025-03-11T13:49:50.671+0000] {processor.py:839} INFO - DAG(s) dict_keys(['example_sensor_decorator']) retrieved from /home/airflow/.local/lib/python3.8/site-packages/airflow/example_dags/example_sensor_decorator.py
[2025-03-11T13:49:50.681+0000] {logging_mixin.py:154} INFO - [2025-03-11T13:49:50.681+0000] {dag.py:2941} INFO - Sync 1 DAGs
[2025-03-11T13:49:50.686+0000] {logging_mixin.py:154} INFO - [2025-03-11T13:49:50.686+0000] {dag.py:3722} INFO - Setting next_dagrun for example_sensor_decorator to None, run_after=None
[2025-03-11T13:49:50.693+0000] {processor.py:179} INFO - Processing /home/airflow/.local/lib/python3.8/site-packages/airflow/example_dags/example_sensor_decorator.py took 0.028 seconds
[2025-03-11T13:50:21.260+0000] {processor.py:157} INFO - Started process (PID=5675) to work on /home/airflow/.local/lib/python3.8/site-packages/airflow/example_dags/example_sensor_decorator.py
[2025-03-11T13:50:21.260+0000] {processor.py:829} INFO - Processing file /home/airflow/.local/lib/python3.8/site-packages/airflow/example_dags/example_sensor_decorator.py for tasks to queue
[2025-03-11T13:50:21.261+0000] {logging_mixin.py:154} INFO - [2025-03-11T13:50:21.261+0000] {dagbag.py:536} INFO - Filling up the DagBag from /home/airflow/.local/lib/python3.8/site-packages/airflow/example_dags/example_sensor_decorator.py
[2025-03-11T13:50:21.263+0000] {processor.py:839} INFO - DAG(s) dict_keys(['example_sensor_decorator']) retrieved from /home/airflow/.local/lib/python3.8/site-packages/airflow/example_dags/example_sensor_decorator.py
[2025-03-11T13:50:21.272+0000] {logging_mixin.py:154} INFO - [2025-03-11T13:50:21.272+0000] {dag.py:2941} INFO - Sync 1 DAGs
[2025-03-11T13:50:21.277+0000] {logging_mixin.py:154} INFO - [2025-03-11T13:50:21.277+0000] {dag.py:3722} INFO - Setting next_dagrun for example_sensor_decorator to None, run_after=None
[2025-03-11T13:50:21.287+0000] {processor.py:179} INFO - Processing /home/airflow/.local/lib/python3.8/site-packages/airflow/example_dags/example_sensor_decorator.py took 0.030 seconds
[2025-03-11T13:50:51.846+0000] {processor.py:157} INFO - Started process (PID=5731) to work on /home/airflow/.local/lib/python3.8/site-packages/airflow/example_dags/example_sensor_decorator.py
[2025-03-11T13:50:51.846+0000] {processor.py:829} INFO - Processing file /home/airflow/.local/lib/python3.8/site-packages/airflow/example_dags/example_sensor_decorator.py for tasks to queue
[2025-03-11T13:50:51.847+0000] {logging_mixin.py:154} INFO - [2025-03-11T13:50:51.847+0000] {dagbag.py:536} INFO - Filling up the DagBag from /home/airflow/.local/lib/python3.8/site-packages/airflow/example_dags/example_sensor_decorator.py
[2025-03-11T13:50:51.850+0000] {processor.py:839} INFO - DAG(s) dict_keys(['example_sensor_decorator']) retrieved from /home/airflow/.local/lib/python3.8/site-packages/airflow/example_dags/example_sensor_decorator.py
[2025-03-11T13:50:51.859+0000] {logging_mixin.py:154} INFO - [2025-03-11T13:50:51.859+0000] {dag.py:2941} INFO - Sync 1 DAGs
[2025-03-11T13:50:51.864+0000] {logging_mixin.py:154} INFO - [2025-03-11T13:50:51.863+0000] {dag.py:3722} INFO - Setting next_dagrun for example_sensor_decorator to None, run_after=None
[2025-03-11T13:50:51.872+0000] {processor.py:179} INFO - Processing /home/airflow/.local/lib/python3.8/site-packages/airflow/example_dags/example_sensor_decorator.py took 0.028 seconds
[2025-03-11T13:51:22.399+0000] {processor.py:157} INFO - Started process (PID=5787) to work on /home/airflow/.local/lib/python3.8/site-packages/airflow/example_dags/example_sensor_decorator.py
[2025-03-11T13:51:22.400+0000] {processor.py:829} INFO - Processing file /home/airflow/.local/lib/python3.8/site-packages/airflow/example_dags/example_sensor_decorator.py for tasks to queue
[2025-03-11T13:51:22.401+0000] {logging_mixin.py:154} INFO - [2025-03-11T13:51:22.401+0000] {dagbag.py:536} INFO - Filling up the DagBag from /home/airflow/.local/lib/python3.8/site-packages/airflow/example_dags/example_sensor_decorator.py
[2025-03-11T13:51:22.405+0000] {processor.py:839} INFO - DAG(s) dict_keys(['example_sensor_decorator']) retrieved from /home/airflow/.local/lib/python3.8/site-packages/airflow/example_dags/example_sensor_decorator.py
[2025-03-11T13:51:22.414+0000] {logging_mixin.py:154} INFO - [2025-03-11T13:51:22.414+0000] {dag.py:2941} INFO - Sync 1 DAGs
[2025-03-11T13:51:22.418+0000] {logging_mixin.py:154} INFO - [2025-03-11T13:51:22.418+0000] {dag.py:3722} INFO - Setting next_dagrun for example_sensor_decorator to None, run_after=None
[2025-03-11T13:51:22.427+0000] {processor.py:179} INFO - Processing /home/airflow/.local/lib/python3.8/site-packages/airflow/example_dags/example_sensor_decorator.py took 0.029 seconds
[2025-03-11T13:51:53.058+0000] {processor.py:157} INFO - Started process (PID=5843) to work on /home/airflow/.local/lib/python3.8/site-packages/airflow/example_dags/example_sensor_decorator.py
[2025-03-11T13:51:53.059+0000] {processor.py:829} INFO - Processing file /home/airflow/.local/lib/python3.8/site-packages/airflow/example_dags/example_sensor_decorator.py for tasks to queue
[2025-03-11T13:51:53.060+0000] {logging_mixin.py:154} INFO - [2025-03-11T13:51:53.060+0000] {dagbag.py:536} INFO - Filling up the DagBag from /home/airflow/.local/lib/python3.8/site-packages/airflow/example_dags/example_sensor_decorator.py
[2025-03-11T13:51:53.063+0000] {processor.py:839} INFO - DAG(s) dict_keys(['example_sensor_decorator']) retrieved from /home/airflow/.local/lib/python3.8/site-packages/airflow/example_dags/example_sensor_decorator.py
[2025-03-11T13:51:53.074+0000] {logging_mixin.py:154} INFO - [2025-03-11T13:51:53.073+0000] {dag.py:2941} INFO - Sync 1 DAGs
[2025-03-11T13:51:53.079+0000] {logging_mixin.py:154} INFO - [2025-03-11T13:51:53.078+0000] {dag.py:3722} INFO - Setting next_dagrun for example_sensor_decorator to None, run_after=None
[2025-03-11T13:51:53.090+0000] {processor.py:179} INFO - Processing /home/airflow/.local/lib/python3.8/site-packages/airflow/example_dags/example_sensor_decorator.py took 0.034 seconds
[2025-03-11T13:52:23.747+0000] {processor.py:157} INFO - Started process (PID=5899) to work on /home/airflow/.local/lib/python3.8/site-packages/airflow/example_dags/example_sensor_decorator.py
[2025-03-11T13:52:23.747+0000] {processor.py:829} INFO - Processing file /home/airflow/.local/lib/python3.8/site-packages/airflow/example_dags/example_sensor_decorator.py for tasks to queue
[2025-03-11T13:52:23.748+0000] {logging_mixin.py:154} INFO - [2025-03-11T13:52:23.748+0000] {dagbag.py:536} INFO - Filling up the DagBag from /home/airflow/.local/lib/python3.8/site-packages/airflow/example_dags/example_sensor_decorator.py
[2025-03-11T13:52:23.751+0000] {processor.py:839} INFO - DAG(s) dict_keys(['example_sensor_decorator']) retrieved from /home/airflow/.local/lib/python3.8/site-packages/airflow/example_dags/example_sensor_decorator.py
[2025-03-11T13:52:23.761+0000] {logging_mixin.py:154} INFO - [2025-03-11T13:52:23.760+0000] {dag.py:2941} INFO - Sync 1 DAGs
[2025-03-11T13:52:23.769+0000] {logging_mixin.py:154} INFO - [2025-03-11T13:52:23.769+0000] {dag.py:3722} INFO - Setting next_dagrun for example_sensor_decorator to None, run_after=None
[2025-03-11T13:52:23.781+0000] {processor.py:179} INFO - Processing /home/airflow/.local/lib/python3.8/site-packages/airflow/example_dags/example_sensor_decorator.py took 0.036 seconds
[2025-03-11T13:52:54.442+0000] {processor.py:157} INFO - Started process (PID=5955) to work on /home/airflow/.local/lib/python3.8/site-packages/airflow/example_dags/example_sensor_decorator.py
[2025-03-11T13:52:54.443+0000] {processor.py:829} INFO - Processing file /home/airflow/.local/lib/python3.8/site-packages/airflow/example_dags/example_sensor_decorator.py for tasks to queue
[2025-03-11T13:52:54.444+0000] {logging_mixin.py:154} INFO - [2025-03-11T13:52:54.444+0000] {dagbag.py:536} INFO - Filling up the DagBag from /home/airflow/.local/lib/python3.8/site-packages/airflow/example_dags/example_sensor_decorator.py
[2025-03-11T13:52:54.446+0000] {processor.py:839} INFO - DAG(s) dict_keys(['example_sensor_decorator']) retrieved from /home/airflow/.local/lib/python3.8/site-packages/airflow/example_dags/example_sensor_decorator.py
[2025-03-11T13:52:54.457+0000] {logging_mixin.py:154} INFO - [2025-03-11T13:52:54.457+0000] {dag.py:2941} INFO - Sync 1 DAGs
[2025-03-11T13:52:54.463+0000] {logging_mixin.py:154} INFO - [2025-03-11T13:52:54.463+0000] {dag.py:3722} INFO - Setting next_dagrun for example_sensor_decorator to None, run_after=None
[2025-03-11T13:52:54.476+0000] {processor.py:179} INFO - Processing /home/airflow/.local/lib/python3.8/site-packages/airflow/example_dags/example_sensor_decorator.py took 0.035 seconds
[2025-03-11T13:53:25.151+0000] {processor.py:157} INFO - Started process (PID=6011) to work on /home/airflow/.local/lib/python3.8/site-packages/airflow/example_dags/example_sensor_decorator.py
[2025-03-11T13:53:25.152+0000] {processor.py:829} INFO - Processing file /home/airflow/.local/lib/python3.8/site-packages/airflow/example_dags/example_sensor_decorator.py for tasks to queue
[2025-03-11T13:53:25.153+0000] {logging_mixin.py:154} INFO - [2025-03-11T13:53:25.153+0000] {dagbag.py:536} INFO - Filling up the DagBag from /home/airflow/.local/lib/python3.8/site-packages/airflow/example_dags/example_sensor_decorator.py
[2025-03-11T13:53:25.156+0000] {processor.py:839} INFO - DAG(s) dict_keys(['example_sensor_decorator']) retrieved from /home/airflow/.local/lib/python3.8/site-packages/airflow/example_dags/example_sensor_decorator.py
[2025-03-11T13:53:25.167+0000] {logging_mixin.py:154} INFO - [2025-03-11T13:53:25.167+0000] {dag.py:2941} INFO - Sync 1 DAGs
[2025-03-11T13:53:25.172+0000] {logging_mixin.py:154} INFO - [2025-03-11T13:53:25.172+0000] {dag.py:3722} INFO - Setting next_dagrun for example_sensor_decorator to None, run_after=None
[2025-03-11T13:53:25.179+0000] {processor.py:179} INFO - Processing /home/airflow/.local/lib/python3.8/site-packages/airflow/example_dags/example_sensor_decorator.py took 0.029 seconds
[2025-03-11T13:53:55.788+0000] {processor.py:157} INFO - Started process (PID=6074) to work on /home/airflow/.local/lib/python3.8/site-packages/airflow/example_dags/example_sensor_decorator.py
[2025-03-11T13:53:55.788+0000] {processor.py:829} INFO - Processing file /home/airflow/.local/lib/python3.8/site-packages/airflow/example_dags/example_sensor_decorator.py for tasks to queue
[2025-03-11T13:53:55.789+0000] {logging_mixin.py:154} INFO - [2025-03-11T13:53:55.789+0000] {dagbag.py:536} INFO - Filling up the DagBag from /home/airflow/.local/lib/python3.8/site-packages/airflow/example_dags/example_sensor_decorator.py
[2025-03-11T13:53:55.792+0000] {processor.py:839} INFO - DAG(s) dict_keys(['example_sensor_decorator']) retrieved from /home/airflow/.local/lib/python3.8/site-packages/airflow/example_dags/example_sensor_decorator.py
[2025-03-11T13:53:55.802+0000] {logging_mixin.py:154} INFO - [2025-03-11T13:53:55.802+0000] {dag.py:2941} INFO - Sync 1 DAGs
[2025-03-11T13:53:55.807+0000] {logging_mixin.py:154} INFO - [2025-03-11T13:53:55.807+0000] {dag.py:3722} INFO - Setting next_dagrun for example_sensor_decorator to None, run_after=None
[2025-03-11T13:53:55.818+0000] {processor.py:179} INFO - Processing /home/airflow/.local/lib/python3.8/site-packages/airflow/example_dags/example_sensor_decorator.py took 0.031 seconds
[2025-03-11T13:54:26.452+0000] {processor.py:157} INFO - Started process (PID=6130) to work on /home/airflow/.local/lib/python3.8/site-packages/airflow/example_dags/example_sensor_decorator.py
[2025-03-11T13:54:26.453+0000] {processor.py:829} INFO - Processing file /home/airflow/.local/lib/python3.8/site-packages/airflow/example_dags/example_sensor_decorator.py for tasks to queue
[2025-03-11T13:54:26.454+0000] {logging_mixin.py:154} INFO - [2025-03-11T13:54:26.454+0000] {dagbag.py:536} INFO - Filling up the DagBag from /home/airflow/.local/lib/python3.8/site-packages/airflow/example_dags/example_sensor_decorator.py
[2025-03-11T13:54:26.457+0000] {processor.py:839} INFO - DAG(s) dict_keys(['example_sensor_decorator']) retrieved from /home/airflow/.local/lib/python3.8/site-packages/airflow/example_dags/example_sensor_decorator.py
[2025-03-11T13:54:26.468+0000] {logging_mixin.py:154} INFO - [2025-03-11T13:54:26.468+0000] {dag.py:2941} INFO - Sync 1 DAGs
[2025-03-11T13:54:26.474+0000] {logging_mixin.py:154} INFO - [2025-03-11T13:54:26.474+0000] {dag.py:3722} INFO - Setting next_dagrun for example_sensor_decorator to None, run_after=None
[2025-03-11T13:54:26.482+0000] {processor.py:179} INFO - Processing /home/airflow/.local/lib/python3.8/site-packages/airflow/example_dags/example_sensor_decorator.py took 0.032 seconds
[2025-03-11T13:54:57.086+0000] {processor.py:157} INFO - Started process (PID=6186) to work on /home/airflow/.local/lib/python3.8/site-packages/airflow/example_dags/example_sensor_decorator.py
[2025-03-11T13:54:57.086+0000] {processor.py:829} INFO - Processing file /home/airflow/.local/lib/python3.8/site-packages/airflow/example_dags/example_sensor_decorator.py for tasks to queue
[2025-03-11T13:54:57.087+0000] {logging_mixin.py:154} INFO - [2025-03-11T13:54:57.087+0000] {dagbag.py:536} INFO - Filling up the DagBag from /home/airflow/.local/lib/python3.8/site-packages/airflow/example_dags/example_sensor_decorator.py
[2025-03-11T13:54:57.090+0000] {processor.py:839} INFO - DAG(s) dict_keys(['example_sensor_decorator']) retrieved from /home/airflow/.local/lib/python3.8/site-packages/airflow/example_dags/example_sensor_decorator.py
[2025-03-11T13:54:57.101+0000] {logging_mixin.py:154} INFO - [2025-03-11T13:54:57.100+0000] {dag.py:2941} INFO - Sync 1 DAGs
[2025-03-11T13:54:57.105+0000] {logging_mixin.py:154} INFO - [2025-03-11T13:54:57.105+0000] {dag.py:3722} INFO - Setting next_dagrun for example_sensor_decorator to None, run_after=None
[2025-03-11T13:54:57.112+0000] {processor.py:179} INFO - Processing /home/airflow/.local/lib/python3.8/site-packages/airflow/example_dags/example_sensor_decorator.py took 0.028 seconds
[2025-03-11T13:55:27.692+0000] {processor.py:157} INFO - Started process (PID=6242) to work on /home/airflow/.local/lib/python3.8/site-packages/airflow/example_dags/example_sensor_decorator.py
[2025-03-11T13:55:27.692+0000] {processor.py:829} INFO - Processing file /home/airflow/.local/lib/python3.8/site-packages/airflow/example_dags/example_sensor_decorator.py for tasks to queue
[2025-03-11T13:55:27.693+0000] {logging_mixin.py:154} INFO - [2025-03-11T13:55:27.693+0000] {dagbag.py:536} INFO - Filling up the DagBag from /home/airflow/.local/lib/python3.8/site-packages/airflow/example_dags/example_sensor_decorator.py
[2025-03-11T13:55:27.696+0000] {processor.py:839} INFO - DAG(s) dict_keys(['example_sensor_decorator']) retrieved from /home/airflow/.local/lib/python3.8/site-packages/airflow/example_dags/example_sensor_decorator.py
[2025-03-11T13:55:27.707+0000] {logging_mixin.py:154} INFO - [2025-03-11T13:55:27.706+0000] {dag.py:2941} INFO - Sync 1 DAGs
[2025-03-11T13:55:27.713+0000] {logging_mixin.py:154} INFO - [2025-03-11T13:55:27.713+0000] {dag.py:3722} INFO - Setting next_dagrun for example_sensor_decorator to None, run_after=None
[2025-03-11T13:55:27.723+0000] {processor.py:179} INFO - Processing /home/airflow/.local/lib/python3.8/site-packages/airflow/example_dags/example_sensor_decorator.py took 0.033 seconds
[2025-03-11T13:55:58.254+0000] {processor.py:157} INFO - Started process (PID=6298) to work on /home/airflow/.local/lib/python3.8/site-packages/airflow/example_dags/example_sensor_decorator.py
[2025-03-11T13:55:58.255+0000] {processor.py:829} INFO - Processing file /home/airflow/.local/lib/python3.8/site-packages/airflow/example_dags/example_sensor_decorator.py for tasks to queue
[2025-03-11T13:55:58.256+0000] {logging_mixin.py:154} INFO - [2025-03-11T13:55:58.256+0000] {dagbag.py:536} INFO - Filling up the DagBag from /home/airflow/.local/lib/python3.8/site-packages/airflow/example_dags/example_sensor_decorator.py
[2025-03-11T13:55:58.259+0000] {processor.py:839} INFO - DAG(s) dict_keys(['example_sensor_decorator']) retrieved from /home/airflow/.local/lib/python3.8/site-packages/airflow/example_dags/example_sensor_decorator.py
[2025-03-11T13:55:58.269+0000] {logging_mixin.py:154} INFO - [2025-03-11T13:55:58.269+0000] {dag.py:2941} INFO - Sync 1 DAGs
[2025-03-11T13:55:58.274+0000] {logging_mixin.py:154} INFO - [2025-03-11T13:55:58.274+0000] {dag.py:3722} INFO - Setting next_dagrun for example_sensor_decorator to None, run_after=None
[2025-03-11T13:55:58.280+0000] {processor.py:179} INFO - Processing /home/airflow/.local/lib/python3.8/site-packages/airflow/example_dags/example_sensor_decorator.py took 0.027 seconds
[2025-03-11T13:56:28.878+0000] {processor.py:157} INFO - Started process (PID=6354) to work on /home/airflow/.local/lib/python3.8/site-packages/airflow/example_dags/example_sensor_decorator.py
[2025-03-11T13:56:28.880+0000] {processor.py:829} INFO - Processing file /home/airflow/.local/lib/python3.8/site-packages/airflow/example_dags/example_sensor_decorator.py for tasks to queue
[2025-03-11T13:56:28.881+0000] {logging_mixin.py:154} INFO - [2025-03-11T13:56:28.881+0000] {dagbag.py:536} INFO - Filling up the DagBag from /home/airflow/.local/lib/python3.8/site-packages/airflow/example_dags/example_sensor_decorator.py
[2025-03-11T13:56:28.886+0000] {processor.py:839} INFO - DAG(s) dict_keys(['example_sensor_decorator']) retrieved from /home/airflow/.local/lib/python3.8/site-packages/airflow/example_dags/example_sensor_decorator.py
[2025-03-11T13:56:28.895+0000] {logging_mixin.py:154} INFO - [2025-03-11T13:56:28.895+0000] {dag.py:2941} INFO - Sync 1 DAGs
[2025-03-11T13:56:28.902+0000] {logging_mixin.py:154} INFO - [2025-03-11T13:56:28.901+0000] {dag.py:3722} INFO - Setting next_dagrun for example_sensor_decorator to None, run_after=None
[2025-03-11T13:56:28.911+0000] {processor.py:179} INFO - Processing /home/airflow/.local/lib/python3.8/site-packages/airflow/example_dags/example_sensor_decorator.py took 0.035 seconds
[2025-03-11T13:56:59.572+0000] {processor.py:157} INFO - Started process (PID=6410) to work on /home/airflow/.local/lib/python3.8/site-packages/airflow/example_dags/example_sensor_decorator.py
[2025-03-11T13:56:59.573+0000] {processor.py:829} INFO - Processing file /home/airflow/.local/lib/python3.8/site-packages/airflow/example_dags/example_sensor_decorator.py for tasks to queue
[2025-03-11T13:56:59.574+0000] {logging_mixin.py:154} INFO - [2025-03-11T13:56:59.574+0000] {dagbag.py:536} INFO - Filling up the DagBag from /home/airflow/.local/lib/python3.8/site-packages/airflow/example_dags/example_sensor_decorator.py
[2025-03-11T13:56:59.576+0000] {processor.py:839} INFO - DAG(s) dict_keys(['example_sensor_decorator']) retrieved from /home/airflow/.local/lib/python3.8/site-packages/airflow/example_dags/example_sensor_decorator.py
[2025-03-11T13:56:59.586+0000] {logging_mixin.py:154} INFO - [2025-03-11T13:56:59.586+0000] {dag.py:2941} INFO - Sync 1 DAGs
[2025-03-11T13:56:59.591+0000] {logging_mixin.py:154} INFO - [2025-03-11T13:56:59.591+0000] {dag.py:3722} INFO - Setting next_dagrun for example_sensor_decorator to None, run_after=None
[2025-03-11T13:56:59.600+0000] {processor.py:179} INFO - Processing /home/airflow/.local/lib/python3.8/site-packages/airflow/example_dags/example_sensor_decorator.py took 0.029 seconds
[2025-03-11T13:57:30.231+0000] {processor.py:157} INFO - Started process (PID=6466) to work on /home/airflow/.local/lib/python3.8/site-packages/airflow/example_dags/example_sensor_decorator.py
[2025-03-11T13:57:30.232+0000] {processor.py:829} INFO - Processing file /home/airflow/.local/lib/python3.8/site-packages/airflow/example_dags/example_sensor_decorator.py for tasks to queue
[2025-03-11T13:57:30.233+0000] {logging_mixin.py:154} INFO - [2025-03-11T13:57:30.233+0000] {dagbag.py:536} INFO - Filling up the DagBag from /home/airflow/.local/lib/python3.8/site-packages/airflow/example_dags/example_sensor_decorator.py
[2025-03-11T13:57:30.235+0000] {processor.py:839} INFO - DAG(s) dict_keys(['example_sensor_decorator']) retrieved from /home/airflow/.local/lib/python3.8/site-packages/airflow/example_dags/example_sensor_decorator.py
[2025-03-11T13:57:30.247+0000] {logging_mixin.py:154} INFO - [2025-03-11T13:57:30.246+0000] {dag.py:2941} INFO - Sync 1 DAGs
[2025-03-11T13:57:30.251+0000] {logging_mixin.py:154} INFO - [2025-03-11T13:57:30.251+0000] {dag.py:3722} INFO - Setting next_dagrun for example_sensor_decorator to None, run_after=None
[2025-03-11T13:57:30.260+0000] {processor.py:179} INFO - Processing /home/airflow/.local/lib/python3.8/site-packages/airflow/example_dags/example_sensor_decorator.py took 0.030 seconds
[2025-03-11T13:58:00.904+0000] {processor.py:157} INFO - Started process (PID=6522) to work on /home/airflow/.local/lib/python3.8/site-packages/airflow/example_dags/example_sensor_decorator.py
[2025-03-11T13:58:00.905+0000] {processor.py:829} INFO - Processing file /home/airflow/.local/lib/python3.8/site-packages/airflow/example_dags/example_sensor_decorator.py for tasks to queue
[2025-03-11T13:58:00.906+0000] {logging_mixin.py:154} INFO - [2025-03-11T13:58:00.906+0000] {dagbag.py:536} INFO - Filling up the DagBag from /home/airflow/.local/lib/python3.8/site-packages/airflow/example_dags/example_sensor_decorator.py
[2025-03-11T13:58:00.909+0000] {processor.py:839} INFO - DAG(s) dict_keys(['example_sensor_decorator']) retrieved from /home/airflow/.local/lib/python3.8/site-packages/airflow/example_dags/example_sensor_decorator.py
[2025-03-11T13:58:00.918+0000] {logging_mixin.py:154} INFO - [2025-03-11T13:58:00.918+0000] {dag.py:2941} INFO - Sync 1 DAGs
[2025-03-11T13:58:00.924+0000] {logging_mixin.py:154} INFO - [2025-03-11T13:58:00.924+0000] {dag.py:3722} INFO - Setting next_dagrun for example_sensor_decorator to None, run_after=None
[2025-03-11T13:58:00.932+0000] {processor.py:179} INFO - Processing /home/airflow/.local/lib/python3.8/site-packages/airflow/example_dags/example_sensor_decorator.py took 0.029 seconds
[2025-03-11T13:58:31.547+0000] {processor.py:157} INFO - Started process (PID=6578) to work on /home/airflow/.local/lib/python3.8/site-packages/airflow/example_dags/example_sensor_decorator.py
[2025-03-11T13:58:31.547+0000] {processor.py:829} INFO - Processing file /home/airflow/.local/lib/python3.8/site-packages/airflow/example_dags/example_sensor_decorator.py for tasks to queue
[2025-03-11T13:58:31.548+0000] {logging_mixin.py:154} INFO - [2025-03-11T13:58:31.548+0000] {dagbag.py:536} INFO - Filling up the DagBag from /home/airflow/.local/lib/python3.8/site-packages/airflow/example_dags/example_sensor_decorator.py
[2025-03-11T13:58:31.551+0000] {processor.py:839} INFO - DAG(s) dict_keys(['example_sensor_decorator']) retrieved from /home/airflow/.local/lib/python3.8/site-packages/airflow/example_dags/example_sensor_decorator.py
[2025-03-11T13:58:31.560+0000] {logging_mixin.py:154} INFO - [2025-03-11T13:58:31.560+0000] {dag.py:2941} INFO - Sync 1 DAGs
[2025-03-11T13:58:31.565+0000] {logging_mixin.py:154} INFO - [2025-03-11T13:58:31.565+0000] {dag.py:3722} INFO - Setting next_dagrun for example_sensor_decorator to None, run_after=None
[2025-03-11T13:58:31.574+0000] {processor.py:179} INFO - Processing /home/airflow/.local/lib/python3.8/site-packages/airflow/example_dags/example_sensor_decorator.py took 0.029 seconds
[2025-03-11T13:59:02.157+0000] {processor.py:157} INFO - Started process (PID=6634) to work on /home/airflow/.local/lib/python3.8/site-packages/airflow/example_dags/example_sensor_decorator.py
[2025-03-11T13:59:02.158+0000] {processor.py:829} INFO - Processing file /home/airflow/.local/lib/python3.8/site-packages/airflow/example_dags/example_sensor_decorator.py for tasks to queue
[2025-03-11T13:59:02.159+0000] {logging_mixin.py:154} INFO - [2025-03-11T13:59:02.159+0000] {dagbag.py:536} INFO - Filling up the DagBag from /home/airflow/.local/lib/python3.8/site-packages/airflow/example_dags/example_sensor_decorator.py
[2025-03-11T13:59:02.161+0000] {processor.py:839} INFO - DAG(s) dict_keys(['example_sensor_decorator']) retrieved from /home/airflow/.local/lib/python3.8/site-packages/airflow/example_dags/example_sensor_decorator.py
[2025-03-11T13:59:02.170+0000] {logging_mixin.py:154} INFO - [2025-03-11T13:59:02.170+0000] {dag.py:2941} INFO - Sync 1 DAGs
[2025-03-11T13:59:02.175+0000] {logging_mixin.py:154} INFO - [2025-03-11T13:59:02.175+0000] {dag.py:3722} INFO - Setting next_dagrun for example_sensor_decorator to None, run_after=None
[2025-03-11T13:59:02.181+0000] {processor.py:179} INFO - Processing /home/airflow/.local/lib/python3.8/site-packages/airflow/example_dags/example_sensor_decorator.py took 0.026 seconds
[2025-03-11T13:59:32.781+0000] {processor.py:157} INFO - Started process (PID=6690) to work on /home/airflow/.local/lib/python3.8/site-packages/airflow/example_dags/example_sensor_decorator.py
[2025-03-11T13:59:32.781+0000] {processor.py:829} INFO - Processing file /home/airflow/.local/lib/python3.8/site-packages/airflow/example_dags/example_sensor_decorator.py for tasks to queue
[2025-03-11T13:59:32.782+0000] {logging_mixin.py:154} INFO - [2025-03-11T13:59:32.782+0000] {dagbag.py:536} INFO - Filling up the DagBag from /home/airflow/.local/lib/python3.8/site-packages/airflow/example_dags/example_sensor_decorator.py
[2025-03-11T13:59:32.785+0000] {processor.py:839} INFO - DAG(s) dict_keys(['example_sensor_decorator']) retrieved from /home/airflow/.local/lib/python3.8/site-packages/airflow/example_dags/example_sensor_decorator.py
[2025-03-11T13:59:32.795+0000] {logging_mixin.py:154} INFO - [2025-03-11T13:59:32.795+0000] {dag.py:2941} INFO - Sync 1 DAGs
[2025-03-11T13:59:32.800+0000] {logging_mixin.py:154} INFO - [2025-03-11T13:59:32.800+0000] {dag.py:3722} INFO - Setting next_dagrun for example_sensor_decorator to None, run_after=None
[2025-03-11T13:59:32.808+0000] {processor.py:179} INFO - Processing /home/airflow/.local/lib/python3.8/site-packages/airflow/example_dags/example_sensor_decorator.py took 0.028 seconds
[2025-03-11T14:00:03.439+0000] {processor.py:157} INFO - Started process (PID=6746) to work on /home/airflow/.local/lib/python3.8/site-packages/airflow/example_dags/example_sensor_decorator.py
[2025-03-11T14:00:03.439+0000] {processor.py:829} INFO - Processing file /home/airflow/.local/lib/python3.8/site-packages/airflow/example_dags/example_sensor_decorator.py for tasks to queue
[2025-03-11T14:00:03.440+0000] {logging_mixin.py:154} INFO - [2025-03-11T14:00:03.440+0000] {dagbag.py:536} INFO - Filling up the DagBag from /home/airflow/.local/lib/python3.8/site-packages/airflow/example_dags/example_sensor_decorator.py
[2025-03-11T14:00:03.443+0000] {processor.py:839} INFO - DAG(s) dict_keys(['example_sensor_decorator']) retrieved from /home/airflow/.local/lib/python3.8/site-packages/airflow/example_dags/example_sensor_decorator.py
[2025-03-11T14:00:03.455+0000] {logging_mixin.py:154} INFO - [2025-03-11T14:00:03.455+0000] {dag.py:2941} INFO - Sync 1 DAGs
[2025-03-11T14:00:03.460+0000] {logging_mixin.py:154} INFO - [2025-03-11T14:00:03.460+0000] {dag.py:3722} INFO - Setting next_dagrun for example_sensor_decorator to None, run_after=None
[2025-03-11T14:00:03.468+0000] {processor.py:179} INFO - Processing /home/airflow/.local/lib/python3.8/site-packages/airflow/example_dags/example_sensor_decorator.py took 0.031 seconds
[2025-03-11T14:00:34.065+0000] {processor.py:157} INFO - Started process (PID=6802) to work on /home/airflow/.local/lib/python3.8/site-packages/airflow/example_dags/example_sensor_decorator.py
[2025-03-11T14:00:34.066+0000] {processor.py:829} INFO - Processing file /home/airflow/.local/lib/python3.8/site-packages/airflow/example_dags/example_sensor_decorator.py for tasks to queue
[2025-03-11T14:00:34.067+0000] {logging_mixin.py:154} INFO - [2025-03-11T14:00:34.066+0000] {dagbag.py:536} INFO - Filling up the DagBag from /home/airflow/.local/lib/python3.8/site-packages/airflow/example_dags/example_sensor_decorator.py
[2025-03-11T14:00:34.070+0000] {processor.py:839} INFO - DAG(s) dict_keys(['example_sensor_decorator']) retrieved from /home/airflow/.local/lib/python3.8/site-packages/airflow/example_dags/example_sensor_decorator.py
[2025-03-11T14:00:34.080+0000] {logging_mixin.py:154} INFO - [2025-03-11T14:00:34.080+0000] {dag.py:2941} INFO - Sync 1 DAGs
[2025-03-11T14:00:34.087+0000] {logging_mixin.py:154} INFO - [2025-03-11T14:00:34.087+0000] {dag.py:3722} INFO - Setting next_dagrun for example_sensor_decorator to None, run_after=None
[2025-03-11T14:00:34.095+0000] {processor.py:179} INFO - Processing /home/airflow/.local/lib/python3.8/site-packages/airflow/example_dags/example_sensor_decorator.py took 0.031 seconds
[2025-03-11T14:01:04.734+0000] {processor.py:157} INFO - Started process (PID=6858) to work on /home/airflow/.local/lib/python3.8/site-packages/airflow/example_dags/example_sensor_decorator.py
[2025-03-11T14:01:04.736+0000] {processor.py:829} INFO - Processing file /home/airflow/.local/lib/python3.8/site-packages/airflow/example_dags/example_sensor_decorator.py for tasks to queue
[2025-03-11T14:01:04.737+0000] {logging_mixin.py:154} INFO - [2025-03-11T14:01:04.737+0000] {dagbag.py:536} INFO - Filling up the DagBag from /home/airflow/.local/lib/python3.8/site-packages/airflow/example_dags/example_sensor_decorator.py
[2025-03-11T14:01:04.742+0000] {processor.py:839} INFO - DAG(s) dict_keys(['example_sensor_decorator']) retrieved from /home/airflow/.local/lib/python3.8/site-packages/airflow/example_dags/example_sensor_decorator.py
[2025-03-11T14:01:04.752+0000] {logging_mixin.py:154} INFO - [2025-03-11T14:01:04.751+0000] {dag.py:2941} INFO - Sync 1 DAGs
[2025-03-11T14:01:04.757+0000] {logging_mixin.py:154} INFO - [2025-03-11T14:01:04.757+0000] {dag.py:3722} INFO - Setting next_dagrun for example_sensor_decorator to None, run_after=None
[2025-03-11T14:01:04.767+0000] {processor.py:179} INFO - Processing /home/airflow/.local/lib/python3.8/site-packages/airflow/example_dags/example_sensor_decorator.py took 0.034 seconds
[2025-03-11T14:01:35.389+0000] {processor.py:157} INFO - Started process (PID=6914) to work on /home/airflow/.local/lib/python3.8/site-packages/airflow/example_dags/example_sensor_decorator.py
[2025-03-11T14:01:35.389+0000] {processor.py:829} INFO - Processing file /home/airflow/.local/lib/python3.8/site-packages/airflow/example_dags/example_sensor_decorator.py for tasks to queue
[2025-03-11T14:01:35.390+0000] {logging_mixin.py:154} INFO - [2025-03-11T14:01:35.390+0000] {dagbag.py:536} INFO - Filling up the DagBag from /home/airflow/.local/lib/python3.8/site-packages/airflow/example_dags/example_sensor_decorator.py
[2025-03-11T14:01:35.393+0000] {processor.py:839} INFO - DAG(s) dict_keys(['example_sensor_decorator']) retrieved from /home/airflow/.local/lib/python3.8/site-packages/airflow/example_dags/example_sensor_decorator.py
[2025-03-11T14:01:35.403+0000] {logging_mixin.py:154} INFO - [2025-03-11T14:01:35.403+0000] {dag.py:2941} INFO - Sync 1 DAGs
[2025-03-11T14:01:35.408+0000] {logging_mixin.py:154} INFO - [2025-03-11T14:01:35.408+0000] {dag.py:3722} INFO - Setting next_dagrun for example_sensor_decorator to None, run_after=None
[2025-03-11T14:01:35.417+0000] {processor.py:179} INFO - Processing /home/airflow/.local/lib/python3.8/site-packages/airflow/example_dags/example_sensor_decorator.py took 0.029 seconds
[2025-03-11T14:02:06.017+0000] {processor.py:157} INFO - Started process (PID=6970) to work on /home/airflow/.local/lib/python3.8/site-packages/airflow/example_dags/example_sensor_decorator.py
[2025-03-11T14:02:06.017+0000] {processor.py:829} INFO - Processing file /home/airflow/.local/lib/python3.8/site-packages/airflow/example_dags/example_sensor_decorator.py for tasks to queue
[2025-03-11T14:02:06.018+0000] {logging_mixin.py:154} INFO - [2025-03-11T14:02:06.018+0000] {dagbag.py:536} INFO - Filling up the DagBag from /home/airflow/.local/lib/python3.8/site-packages/airflow/example_dags/example_sensor_decorator.py
[2025-03-11T14:02:06.021+0000] {processor.py:839} INFO - DAG(s) dict_keys(['example_sensor_decorator']) retrieved from /home/airflow/.local/lib/python3.8/site-packages/airflow/example_dags/example_sensor_decorator.py
[2025-03-11T14:02:06.032+0000] {logging_mixin.py:154} INFO - [2025-03-11T14:02:06.032+0000] {dag.py:2941} INFO - Sync 1 DAGs
[2025-03-11T14:02:06.037+0000] {logging_mixin.py:154} INFO - [2025-03-11T14:02:06.037+0000] {dag.py:3722} INFO - Setting next_dagrun for example_sensor_decorator to None, run_after=None
[2025-03-11T14:02:06.043+0000] {processor.py:179} INFO - Processing /home/airflow/.local/lib/python3.8/site-packages/airflow/example_dags/example_sensor_decorator.py took 0.028 seconds
[2025-03-11T14:02:36.651+0000] {processor.py:157} INFO - Started process (PID=7025) to work on /home/airflow/.local/lib/python3.8/site-packages/airflow/example_dags/example_sensor_decorator.py
[2025-03-11T14:02:36.651+0000] {processor.py:829} INFO - Processing file /home/airflow/.local/lib/python3.8/site-packages/airflow/example_dags/example_sensor_decorator.py for tasks to queue
[2025-03-11T14:02:36.653+0000] {logging_mixin.py:154} INFO - [2025-03-11T14:02:36.653+0000] {dagbag.py:536} INFO - Filling up the DagBag from /home/airflow/.local/lib/python3.8/site-packages/airflow/example_dags/example_sensor_decorator.py
[2025-03-11T14:02:36.656+0000] {processor.py:839} INFO - DAG(s) dict_keys(['example_sensor_decorator']) retrieved from /home/airflow/.local/lib/python3.8/site-packages/airflow/example_dags/example_sensor_decorator.py
[2025-03-11T14:02:36.665+0000] {logging_mixin.py:154} INFO - [2025-03-11T14:02:36.665+0000] {dag.py:2941} INFO - Sync 1 DAGs
[2025-03-11T14:02:36.672+0000] {logging_mixin.py:154} INFO - [2025-03-11T14:02:36.672+0000] {dag.py:3722} INFO - Setting next_dagrun for example_sensor_decorator to None, run_after=None
[2025-03-11T14:02:36.683+0000] {processor.py:179} INFO - Processing /home/airflow/.local/lib/python3.8/site-packages/airflow/example_dags/example_sensor_decorator.py took 0.033 seconds
[2025-03-11T14:03:07.391+0000] {processor.py:157} INFO - Started process (PID=7081) to work on /home/airflow/.local/lib/python3.8/site-packages/airflow/example_dags/example_sensor_decorator.py
[2025-03-11T14:03:07.391+0000] {processor.py:829} INFO - Processing file /home/airflow/.local/lib/python3.8/site-packages/airflow/example_dags/example_sensor_decorator.py for tasks to queue
[2025-03-11T14:03:07.392+0000] {logging_mixin.py:154} INFO - [2025-03-11T14:03:07.392+0000] {dagbag.py:536} INFO - Filling up the DagBag from /home/airflow/.local/lib/python3.8/site-packages/airflow/example_dags/example_sensor_decorator.py
[2025-03-11T14:03:07.394+0000] {processor.py:839} INFO - DAG(s) dict_keys(['example_sensor_decorator']) retrieved from /home/airflow/.local/lib/python3.8/site-packages/airflow/example_dags/example_sensor_decorator.py
[2025-03-11T14:03:07.404+0000] {logging_mixin.py:154} INFO - [2025-03-11T14:03:07.404+0000] {dag.py:2941} INFO - Sync 1 DAGs
[2025-03-11T14:03:07.409+0000] {logging_mixin.py:154} INFO - [2025-03-11T14:03:07.408+0000] {dag.py:3722} INFO - Setting next_dagrun for example_sensor_decorator to None, run_after=None
[2025-03-11T14:03:07.417+0000] {processor.py:179} INFO - Processing /home/airflow/.local/lib/python3.8/site-packages/airflow/example_dags/example_sensor_decorator.py took 0.028 seconds
[2025-03-11T14:03:37.996+0000] {processor.py:157} INFO - Started process (PID=7137) to work on /home/airflow/.local/lib/python3.8/site-packages/airflow/example_dags/example_sensor_decorator.py
[2025-03-11T14:03:37.997+0000] {processor.py:829} INFO - Processing file /home/airflow/.local/lib/python3.8/site-packages/airflow/example_dags/example_sensor_decorator.py for tasks to queue
[2025-03-11T14:03:37.998+0000] {logging_mixin.py:154} INFO - [2025-03-11T14:03:37.997+0000] {dagbag.py:536} INFO - Filling up the DagBag from /home/airflow/.local/lib/python3.8/site-packages/airflow/example_dags/example_sensor_decorator.py
[2025-03-11T14:03:38.000+0000] {processor.py:839} INFO - DAG(s) dict_keys(['example_sensor_decorator']) retrieved from /home/airflow/.local/lib/python3.8/site-packages/airflow/example_dags/example_sensor_decorator.py
[2025-03-11T14:03:38.016+0000] {logging_mixin.py:154} INFO - [2025-03-11T14:03:38.014+0000] {dag.py:2941} INFO - Sync 1 DAGs
[2025-03-11T14:03:38.021+0000] {logging_mixin.py:154} INFO - [2025-03-11T14:03:38.021+0000] {dag.py:3722} INFO - Setting next_dagrun for example_sensor_decorator to None, run_after=None
[2025-03-11T14:03:38.031+0000] {processor.py:179} INFO - Processing /home/airflow/.local/lib/python3.8/site-packages/airflow/example_dags/example_sensor_decorator.py took 0.037 seconds
[2025-03-11T14:04:08.739+0000] {processor.py:157} INFO - Started process (PID=7193) to work on /home/airflow/.local/lib/python3.8/site-packages/airflow/example_dags/example_sensor_decorator.py
[2025-03-11T14:04:08.739+0000] {processor.py:829} INFO - Processing file /home/airflow/.local/lib/python3.8/site-packages/airflow/example_dags/example_sensor_decorator.py for tasks to queue
[2025-03-11T14:04:08.740+0000] {logging_mixin.py:154} INFO - [2025-03-11T14:04:08.740+0000] {dagbag.py:536} INFO - Filling up the DagBag from /home/airflow/.local/lib/python3.8/site-packages/airflow/example_dags/example_sensor_decorator.py
[2025-03-11T14:04:08.743+0000] {processor.py:839} INFO - DAG(s) dict_keys(['example_sensor_decorator']) retrieved from /home/airflow/.local/lib/python3.8/site-packages/airflow/example_dags/example_sensor_decorator.py
[2025-03-11T14:04:08.753+0000] {logging_mixin.py:154} INFO - [2025-03-11T14:04:08.753+0000] {dag.py:2941} INFO - Sync 1 DAGs
[2025-03-11T14:04:08.758+0000] {logging_mixin.py:154} INFO - [2025-03-11T14:04:08.758+0000] {dag.py:3722} INFO - Setting next_dagrun for example_sensor_decorator to None, run_after=None
[2025-03-11T14:04:08.770+0000] {processor.py:179} INFO - Processing /home/airflow/.local/lib/python3.8/site-packages/airflow/example_dags/example_sensor_decorator.py took 0.033 seconds
[2025-03-11T14:04:39.482+0000] {processor.py:157} INFO - Started process (PID=7249) to work on /home/airflow/.local/lib/python3.8/site-packages/airflow/example_dags/example_sensor_decorator.py
[2025-03-11T14:04:39.482+0000] {processor.py:829} INFO - Processing file /home/airflow/.local/lib/python3.8/site-packages/airflow/example_dags/example_sensor_decorator.py for tasks to queue
[2025-03-11T14:04:39.483+0000] {logging_mixin.py:154} INFO - [2025-03-11T14:04:39.483+0000] {dagbag.py:536} INFO - Filling up the DagBag from /home/airflow/.local/lib/python3.8/site-packages/airflow/example_dags/example_sensor_decorator.py
[2025-03-11T14:04:39.486+0000] {processor.py:839} INFO - DAG(s) dict_keys(['example_sensor_decorator']) retrieved from /home/airflow/.local/lib/python3.8/site-packages/airflow/example_dags/example_sensor_decorator.py
[2025-03-11T14:04:39.499+0000] {logging_mixin.py:154} INFO - [2025-03-11T14:04:39.499+0000] {dag.py:2941} INFO - Sync 1 DAGs
[2025-03-11T14:04:39.506+0000] {logging_mixin.py:154} INFO - [2025-03-11T14:04:39.506+0000] {dag.py:3722} INFO - Setting next_dagrun for example_sensor_decorator to None, run_after=None
[2025-03-11T14:04:39.517+0000] {processor.py:179} INFO - Processing /home/airflow/.local/lib/python3.8/site-packages/airflow/example_dags/example_sensor_decorator.py took 0.037 seconds
[2025-03-11T14:05:10.178+0000] {processor.py:157} INFO - Started process (PID=7305) to work on /home/airflow/.local/lib/python3.8/site-packages/airflow/example_dags/example_sensor_decorator.py
[2025-03-11T14:05:10.179+0000] {processor.py:829} INFO - Processing file /home/airflow/.local/lib/python3.8/site-packages/airflow/example_dags/example_sensor_decorator.py for tasks to queue
[2025-03-11T14:05:10.180+0000] {logging_mixin.py:154} INFO - [2025-03-11T14:05:10.180+0000] {dagbag.py:536} INFO - Filling up the DagBag from /home/airflow/.local/lib/python3.8/site-packages/airflow/example_dags/example_sensor_decorator.py
[2025-03-11T14:05:10.183+0000] {processor.py:839} INFO - DAG(s) dict_keys(['example_sensor_decorator']) retrieved from /home/airflow/.local/lib/python3.8/site-packages/airflow/example_dags/example_sensor_decorator.py
[2025-03-11T14:05:10.193+0000] {logging_mixin.py:154} INFO - [2025-03-11T14:05:10.192+0000] {dag.py:2941} INFO - Sync 1 DAGs
[2025-03-11T14:05:10.198+0000] {logging_mixin.py:154} INFO - [2025-03-11T14:05:10.198+0000] {dag.py:3722} INFO - Setting next_dagrun for example_sensor_decorator to None, run_after=None
[2025-03-11T14:05:10.206+0000] {processor.py:179} INFO - Processing /home/airflow/.local/lib/python3.8/site-packages/airflow/example_dags/example_sensor_decorator.py took 0.030 seconds
[2025-03-11T14:05:40.885+0000] {processor.py:157} INFO - Started process (PID=7361) to work on /home/airflow/.local/lib/python3.8/site-packages/airflow/example_dags/example_sensor_decorator.py
[2025-03-11T14:05:40.885+0000] {processor.py:829} INFO - Processing file /home/airflow/.local/lib/python3.8/site-packages/airflow/example_dags/example_sensor_decorator.py for tasks to queue
[2025-03-11T14:05:40.886+0000] {logging_mixin.py:154} INFO - [2025-03-11T14:05:40.886+0000] {dagbag.py:536} INFO - Filling up the DagBag from /home/airflow/.local/lib/python3.8/site-packages/airflow/example_dags/example_sensor_decorator.py
[2025-03-11T14:05:40.889+0000] {processor.py:839} INFO - DAG(s) dict_keys(['example_sensor_decorator']) retrieved from /home/airflow/.local/lib/python3.8/site-packages/airflow/example_dags/example_sensor_decorator.py
[2025-03-11T14:05:40.901+0000] {logging_mixin.py:154} INFO - [2025-03-11T14:05:40.900+0000] {dag.py:2941} INFO - Sync 1 DAGs
[2025-03-11T14:05:40.907+0000] {logging_mixin.py:154} INFO - [2025-03-11T14:05:40.907+0000] {dag.py:3722} INFO - Setting next_dagrun for example_sensor_decorator to None, run_after=None
[2025-03-11T14:05:40.916+0000] {processor.py:179} INFO - Processing /home/airflow/.local/lib/python3.8/site-packages/airflow/example_dags/example_sensor_decorator.py took 0.033 seconds
[2025-03-11T14:06:11.500+0000] {processor.py:157} INFO - Started process (PID=7417) to work on /home/airflow/.local/lib/python3.8/site-packages/airflow/example_dags/example_sensor_decorator.py
[2025-03-11T14:06:11.501+0000] {processor.py:829} INFO - Processing file /home/airflow/.local/lib/python3.8/site-packages/airflow/example_dags/example_sensor_decorator.py for tasks to queue
[2025-03-11T14:06:11.504+0000] {logging_mixin.py:154} INFO - [2025-03-11T14:06:11.503+0000] {dagbag.py:536} INFO - Filling up the DagBag from /home/airflow/.local/lib/python3.8/site-packages/airflow/example_dags/example_sensor_decorator.py
[2025-03-11T14:06:11.506+0000] {processor.py:839} INFO - DAG(s) dict_keys(['example_sensor_decorator']) retrieved from /home/airflow/.local/lib/python3.8/site-packages/airflow/example_dags/example_sensor_decorator.py
[2025-03-11T14:06:11.517+0000] {logging_mixin.py:154} INFO - [2025-03-11T14:06:11.516+0000] {dag.py:2941} INFO - Sync 1 DAGs
[2025-03-11T14:06:11.521+0000] {logging_mixin.py:154} INFO - [2025-03-11T14:06:11.521+0000] {dag.py:3722} INFO - Setting next_dagrun for example_sensor_decorator to None, run_after=None
[2025-03-11T14:06:11.528+0000] {processor.py:179} INFO - Processing /home/airflow/.local/lib/python3.8/site-packages/airflow/example_dags/example_sensor_decorator.py took 0.029 seconds
[2025-03-11T14:06:42.225+0000] {processor.py:157} INFO - Started process (PID=7473) to work on /home/airflow/.local/lib/python3.8/site-packages/airflow/example_dags/example_sensor_decorator.py
[2025-03-11T14:06:42.226+0000] {processor.py:829} INFO - Processing file /home/airflow/.local/lib/python3.8/site-packages/airflow/example_dags/example_sensor_decorator.py for tasks to queue
[2025-03-11T14:06:42.227+0000] {logging_mixin.py:154} INFO - [2025-03-11T14:06:42.227+0000] {dagbag.py:536} INFO - Filling up the DagBag from /home/airflow/.local/lib/python3.8/site-packages/airflow/example_dags/example_sensor_decorator.py
[2025-03-11T14:06:42.229+0000] {processor.py:839} INFO - DAG(s) dict_keys(['example_sensor_decorator']) retrieved from /home/airflow/.local/lib/python3.8/site-packages/airflow/example_dags/example_sensor_decorator.py
[2025-03-11T14:06:42.241+0000] {logging_mixin.py:154} INFO - [2025-03-11T14:06:42.240+0000] {dag.py:2941} INFO - Sync 1 DAGs
[2025-03-11T14:06:42.246+0000] {logging_mixin.py:154} INFO - [2025-03-11T14:06:42.246+0000] {dag.py:3722} INFO - Setting next_dagrun for example_sensor_decorator to None, run_after=None
[2025-03-11T14:06:42.258+0000] {processor.py:179} INFO - Processing /home/airflow/.local/lib/python3.8/site-packages/airflow/example_dags/example_sensor_decorator.py took 0.035 seconds
[2025-03-11T14:07:12.843+0000] {processor.py:157} INFO - Started process (PID=7529) to work on /home/airflow/.local/lib/python3.8/site-packages/airflow/example_dags/example_sensor_decorator.py
[2025-03-11T14:07:12.845+0000] {processor.py:829} INFO - Processing file /home/airflow/.local/lib/python3.8/site-packages/airflow/example_dags/example_sensor_decorator.py for tasks to queue
[2025-03-11T14:07:12.847+0000] {logging_mixin.py:154} INFO - [2025-03-11T14:07:12.847+0000] {dagbag.py:536} INFO - Filling up the DagBag from /home/airflow/.local/lib/python3.8/site-packages/airflow/example_dags/example_sensor_decorator.py
[2025-03-11T14:07:12.849+0000] {processor.py:839} INFO - DAG(s) dict_keys(['example_sensor_decorator']) retrieved from /home/airflow/.local/lib/python3.8/site-packages/airflow/example_dags/example_sensor_decorator.py
[2025-03-11T14:07:12.862+0000] {logging_mixin.py:154} INFO - [2025-03-11T14:07:12.862+0000] {dag.py:2941} INFO - Sync 1 DAGs
[2025-03-11T14:07:12.868+0000] {logging_mixin.py:154} INFO - [2025-03-11T14:07:12.868+0000] {dag.py:3722} INFO - Setting next_dagrun for example_sensor_decorator to None, run_after=None
[2025-03-11T14:07:12.884+0000] {processor.py:179} INFO - Processing /home/airflow/.local/lib/python3.8/site-packages/airflow/example_dags/example_sensor_decorator.py took 0.042 seconds
[2025-03-11T14:07:43.638+0000] {processor.py:157} INFO - Started process (PID=7585) to work on /home/airflow/.local/lib/python3.8/site-packages/airflow/example_dags/example_sensor_decorator.py
[2025-03-11T14:07:43.638+0000] {processor.py:829} INFO - Processing file /home/airflow/.local/lib/python3.8/site-packages/airflow/example_dags/example_sensor_decorator.py for tasks to queue
[2025-03-11T14:07:43.639+0000] {logging_mixin.py:154} INFO - [2025-03-11T14:07:43.639+0000] {dagbag.py:536} INFO - Filling up the DagBag from /home/airflow/.local/lib/python3.8/site-packages/airflow/example_dags/example_sensor_decorator.py
[2025-03-11T14:07:43.642+0000] {processor.py:839} INFO - DAG(s) dict_keys(['example_sensor_decorator']) retrieved from /home/airflow/.local/lib/python3.8/site-packages/airflow/example_dags/example_sensor_decorator.py
[2025-03-11T14:07:43.655+0000] {logging_mixin.py:154} INFO - [2025-03-11T14:07:43.654+0000] {dag.py:2941} INFO - Sync 1 DAGs
[2025-03-11T14:07:43.659+0000] {logging_mixin.py:154} INFO - [2025-03-11T14:07:43.659+0000] {dag.py:3722} INFO - Setting next_dagrun for example_sensor_decorator to None, run_after=None
[2025-03-11T14:07:43.670+0000] {processor.py:179} INFO - Processing /home/airflow/.local/lib/python3.8/site-packages/airflow/example_dags/example_sensor_decorator.py took 0.034 seconds
[2025-03-11T14:08:14.346+0000] {processor.py:157} INFO - Started process (PID=7641) to work on /home/airflow/.local/lib/python3.8/site-packages/airflow/example_dags/example_sensor_decorator.py
[2025-03-11T14:08:14.347+0000] {processor.py:829} INFO - Processing file /home/airflow/.local/lib/python3.8/site-packages/airflow/example_dags/example_sensor_decorator.py for tasks to queue
[2025-03-11T14:08:14.348+0000] {logging_mixin.py:154} INFO - [2025-03-11T14:08:14.348+0000] {dagbag.py:536} INFO - Filling up the DagBag from /home/airflow/.local/lib/python3.8/site-packages/airflow/example_dags/example_sensor_decorator.py
[2025-03-11T14:08:14.351+0000] {processor.py:839} INFO - DAG(s) dict_keys(['example_sensor_decorator']) retrieved from /home/airflow/.local/lib/python3.8/site-packages/airflow/example_dags/example_sensor_decorator.py
[2025-03-11T14:08:14.361+0000] {logging_mixin.py:154} INFO - [2025-03-11T14:08:14.361+0000] {dag.py:2941} INFO - Sync 1 DAGs
[2025-03-11T14:08:14.366+0000] {logging_mixin.py:154} INFO - [2025-03-11T14:08:14.366+0000] {dag.py:3722} INFO - Setting next_dagrun for example_sensor_decorator to None, run_after=None
[2025-03-11T14:08:14.378+0000] {processor.py:179} INFO - Processing /home/airflow/.local/lib/python3.8/site-packages/airflow/example_dags/example_sensor_decorator.py took 0.033 seconds
[2025-03-11T14:08:45.040+0000] {processor.py:157} INFO - Started process (PID=7697) to work on /home/airflow/.local/lib/python3.8/site-packages/airflow/example_dags/example_sensor_decorator.py
[2025-03-11T14:08:45.042+0000] {processor.py:829} INFO - Processing file /home/airflow/.local/lib/python3.8/site-packages/airflow/example_dags/example_sensor_decorator.py for tasks to queue
[2025-03-11T14:08:45.043+0000] {logging_mixin.py:154} INFO - [2025-03-11T14:08:45.043+0000] {dagbag.py:536} INFO - Filling up the DagBag from /home/airflow/.local/lib/python3.8/site-packages/airflow/example_dags/example_sensor_decorator.py
[2025-03-11T14:08:45.047+0000] {processor.py:839} INFO - DAG(s) dict_keys(['example_sensor_decorator']) retrieved from /home/airflow/.local/lib/python3.8/site-packages/airflow/example_dags/example_sensor_decorator.py
[2025-03-11T14:08:45.056+0000] {logging_mixin.py:154} INFO - [2025-03-11T14:08:45.056+0000] {dag.py:2941} INFO - Sync 1 DAGs
[2025-03-11T14:08:45.061+0000] {logging_mixin.py:154} INFO - [2025-03-11T14:08:45.061+0000] {dag.py:3722} INFO - Setting next_dagrun for example_sensor_decorator to None, run_after=None
[2025-03-11T14:08:45.069+0000] {processor.py:179} INFO - Processing /home/airflow/.local/lib/python3.8/site-packages/airflow/example_dags/example_sensor_decorator.py took 0.031 seconds
[2025-03-11T14:09:15.667+0000] {processor.py:157} INFO - Started process (PID=7753) to work on /home/airflow/.local/lib/python3.8/site-packages/airflow/example_dags/example_sensor_decorator.py
[2025-03-11T14:09:15.668+0000] {processor.py:829} INFO - Processing file /home/airflow/.local/lib/python3.8/site-packages/airflow/example_dags/example_sensor_decorator.py for tasks to queue
[2025-03-11T14:09:15.669+0000] {logging_mixin.py:154} INFO - [2025-03-11T14:09:15.669+0000] {dagbag.py:536} INFO - Filling up the DagBag from /home/airflow/.local/lib/python3.8/site-packages/airflow/example_dags/example_sensor_decorator.py
[2025-03-11T14:09:15.672+0000] {processor.py:839} INFO - DAG(s) dict_keys(['example_sensor_decorator']) retrieved from /home/airflow/.local/lib/python3.8/site-packages/airflow/example_dags/example_sensor_decorator.py
[2025-03-11T14:09:15.683+0000] {logging_mixin.py:154} INFO - [2025-03-11T14:09:15.683+0000] {dag.py:2941} INFO - Sync 1 DAGs
[2025-03-11T14:09:15.691+0000] {logging_mixin.py:154} INFO - [2025-03-11T14:09:15.690+0000] {dag.py:3722} INFO - Setting next_dagrun for example_sensor_decorator to None, run_after=None
[2025-03-11T14:09:15.704+0000] {processor.py:179} INFO - Processing /home/airflow/.local/lib/python3.8/site-packages/airflow/example_dags/example_sensor_decorator.py took 0.038 seconds
[2025-03-11T14:09:46.342+0000] {processor.py:157} INFO - Started process (PID=7809) to work on /home/airflow/.local/lib/python3.8/site-packages/airflow/example_dags/example_sensor_decorator.py
[2025-03-11T14:09:46.343+0000] {processor.py:829} INFO - Processing file /home/airflow/.local/lib/python3.8/site-packages/airflow/example_dags/example_sensor_decorator.py for tasks to queue
[2025-03-11T14:09:46.344+0000] {logging_mixin.py:154} INFO - [2025-03-11T14:09:46.344+0000] {dagbag.py:536} INFO - Filling up the DagBag from /home/airflow/.local/lib/python3.8/site-packages/airflow/example_dags/example_sensor_decorator.py
[2025-03-11T14:09:46.346+0000] {processor.py:839} INFO - DAG(s) dict_keys(['example_sensor_decorator']) retrieved from /home/airflow/.local/lib/python3.8/site-packages/airflow/example_dags/example_sensor_decorator.py
[2025-03-11T14:09:46.358+0000] {logging_mixin.py:154} INFO - [2025-03-11T14:09:46.357+0000] {dag.py:2941} INFO - Sync 1 DAGs
[2025-03-11T14:09:46.365+0000] {logging_mixin.py:154} INFO - [2025-03-11T14:09:46.365+0000] {dag.py:3722} INFO - Setting next_dagrun for example_sensor_decorator to None, run_after=None
[2025-03-11T14:09:46.375+0000] {processor.py:179} INFO - Processing /home/airflow/.local/lib/python3.8/site-packages/airflow/example_dags/example_sensor_decorator.py took 0.034 seconds
[2025-03-11T14:10:17.030+0000] {processor.py:157} INFO - Started process (PID=7865) to work on /home/airflow/.local/lib/python3.8/site-packages/airflow/example_dags/example_sensor_decorator.py
[2025-03-11T14:10:17.031+0000] {processor.py:829} INFO - Processing file /home/airflow/.local/lib/python3.8/site-packages/airflow/example_dags/example_sensor_decorator.py for tasks to queue
[2025-03-11T14:10:17.032+0000] {logging_mixin.py:154} INFO - [2025-03-11T14:10:17.032+0000] {dagbag.py:536} INFO - Filling up the DagBag from /home/airflow/.local/lib/python3.8/site-packages/airflow/example_dags/example_sensor_decorator.py
[2025-03-11T14:10:17.034+0000] {processor.py:839} INFO - DAG(s) dict_keys(['example_sensor_decorator']) retrieved from /home/airflow/.local/lib/python3.8/site-packages/airflow/example_dags/example_sensor_decorator.py
[2025-03-11T14:10:17.047+0000] {logging_mixin.py:154} INFO - [2025-03-11T14:10:17.046+0000] {dag.py:2941} INFO - Sync 1 DAGs
[2025-03-11T14:10:17.053+0000] {logging_mixin.py:154} INFO - [2025-03-11T14:10:17.053+0000] {dag.py:3722} INFO - Setting next_dagrun for example_sensor_decorator to None, run_after=None
[2025-03-11T14:10:17.063+0000] {processor.py:179} INFO - Processing /home/airflow/.local/lib/python3.8/site-packages/airflow/example_dags/example_sensor_decorator.py took 0.034 seconds
[2025-03-11T14:10:47.816+0000] {processor.py:157} INFO - Started process (PID=7921) to work on /home/airflow/.local/lib/python3.8/site-packages/airflow/example_dags/example_sensor_decorator.py
[2025-03-11T14:10:47.816+0000] {processor.py:829} INFO - Processing file /home/airflow/.local/lib/python3.8/site-packages/airflow/example_dags/example_sensor_decorator.py for tasks to queue
[2025-03-11T14:10:47.817+0000] {logging_mixin.py:154} INFO - [2025-03-11T14:10:47.817+0000] {dagbag.py:536} INFO - Filling up the DagBag from /home/airflow/.local/lib/python3.8/site-packages/airflow/example_dags/example_sensor_decorator.py
[2025-03-11T14:10:47.820+0000] {processor.py:839} INFO - DAG(s) dict_keys(['example_sensor_decorator']) retrieved from /home/airflow/.local/lib/python3.8/site-packages/airflow/example_dags/example_sensor_decorator.py
[2025-03-11T14:10:47.832+0000] {logging_mixin.py:154} INFO - [2025-03-11T14:10:47.832+0000] {dag.py:2941} INFO - Sync 1 DAGs
[2025-03-11T14:10:47.837+0000] {logging_mixin.py:154} INFO - [2025-03-11T14:10:47.837+0000] {dag.py:3722} INFO - Setting next_dagrun for example_sensor_decorator to None, run_after=None
[2025-03-11T14:10:47.846+0000] {processor.py:179} INFO - Processing /home/airflow/.local/lib/python3.8/site-packages/airflow/example_dags/example_sensor_decorator.py took 0.032 seconds
[2025-03-11T14:11:18.476+0000] {processor.py:157} INFO - Started process (PID=7977) to work on /home/airflow/.local/lib/python3.8/site-packages/airflow/example_dags/example_sensor_decorator.py
[2025-03-11T14:11:18.476+0000] {processor.py:829} INFO - Processing file /home/airflow/.local/lib/python3.8/site-packages/airflow/example_dags/example_sensor_decorator.py for tasks to queue
[2025-03-11T14:11:18.477+0000] {logging_mixin.py:154} INFO - [2025-03-11T14:11:18.477+0000] {dagbag.py:536} INFO - Filling up the DagBag from /home/airflow/.local/lib/python3.8/site-packages/airflow/example_dags/example_sensor_decorator.py
[2025-03-11T14:11:18.480+0000] {processor.py:839} INFO - DAG(s) dict_keys(['example_sensor_decorator']) retrieved from /home/airflow/.local/lib/python3.8/site-packages/airflow/example_dags/example_sensor_decorator.py
[2025-03-11T14:11:18.491+0000] {logging_mixin.py:154} INFO - [2025-03-11T14:11:18.491+0000] {dag.py:2941} INFO - Sync 1 DAGs
[2025-03-11T14:11:18.496+0000] {logging_mixin.py:154} INFO - [2025-03-11T14:11:18.496+0000] {dag.py:3722} INFO - Setting next_dagrun for example_sensor_decorator to None, run_after=None
[2025-03-11T14:11:18.503+0000] {processor.py:179} INFO - Processing /home/airflow/.local/lib/python3.8/site-packages/airflow/example_dags/example_sensor_decorator.py took 0.028 seconds
[2025-03-11T14:11:49.217+0000] {processor.py:157} INFO - Started process (PID=8033) to work on /home/airflow/.local/lib/python3.8/site-packages/airflow/example_dags/example_sensor_decorator.py
[2025-03-11T14:11:49.219+0000] {processor.py:829} INFO - Processing file /home/airflow/.local/lib/python3.8/site-packages/airflow/example_dags/example_sensor_decorator.py for tasks to queue
[2025-03-11T14:11:49.220+0000] {logging_mixin.py:154} INFO - [2025-03-11T14:11:49.220+0000] {dagbag.py:536} INFO - Filling up the DagBag from /home/airflow/.local/lib/python3.8/site-packages/airflow/example_dags/example_sensor_decorator.py
[2025-03-11T14:11:49.223+0000] {processor.py:839} INFO - DAG(s) dict_keys(['example_sensor_decorator']) retrieved from /home/airflow/.local/lib/python3.8/site-packages/airflow/example_dags/example_sensor_decorator.py
[2025-03-11T14:11:49.235+0000] {logging_mixin.py:154} INFO - [2025-03-11T14:11:49.234+0000] {dag.py:2941} INFO - Sync 1 DAGs
[2025-03-11T14:11:49.241+0000] {logging_mixin.py:154} INFO - [2025-03-11T14:11:49.241+0000] {dag.py:3722} INFO - Setting next_dagrun for example_sensor_decorator to None, run_after=None
[2025-03-11T14:11:49.253+0000] {processor.py:179} INFO - Processing /home/airflow/.local/lib/python3.8/site-packages/airflow/example_dags/example_sensor_decorator.py took 0.037 seconds
[2025-03-11T14:12:19.850+0000] {processor.py:157} INFO - Started process (PID=8089) to work on /home/airflow/.local/lib/python3.8/site-packages/airflow/example_dags/example_sensor_decorator.py
[2025-03-11T14:12:19.851+0000] {processor.py:829} INFO - Processing file /home/airflow/.local/lib/python3.8/site-packages/airflow/example_dags/example_sensor_decorator.py for tasks to queue
[2025-03-11T14:12:19.852+0000] {logging_mixin.py:154} INFO - [2025-03-11T14:12:19.851+0000] {dagbag.py:536} INFO - Filling up the DagBag from /home/airflow/.local/lib/python3.8/site-packages/airflow/example_dags/example_sensor_decorator.py
[2025-03-11T14:12:19.854+0000] {processor.py:839} INFO - DAG(s) dict_keys(['example_sensor_decorator']) retrieved from /home/airflow/.local/lib/python3.8/site-packages/airflow/example_dags/example_sensor_decorator.py
[2025-03-11T14:12:19.864+0000] {logging_mixin.py:154} INFO - [2025-03-11T14:12:19.864+0000] {dag.py:2941} INFO - Sync 1 DAGs
[2025-03-11T14:12:19.869+0000] {logging_mixin.py:154} INFO - [2025-03-11T14:12:19.869+0000] {dag.py:3722} INFO - Setting next_dagrun for example_sensor_decorator to None, run_after=None
[2025-03-11T14:12:19.877+0000] {processor.py:179} INFO - Processing /home/airflow/.local/lib/python3.8/site-packages/airflow/example_dags/example_sensor_decorator.py took 0.029 seconds
[2025-03-11T14:12:50.462+0000] {processor.py:157} INFO - Started process (PID=8145) to work on /home/airflow/.local/lib/python3.8/site-packages/airflow/example_dags/example_sensor_decorator.py
[2025-03-11T14:12:50.462+0000] {processor.py:829} INFO - Processing file /home/airflow/.local/lib/python3.8/site-packages/airflow/example_dags/example_sensor_decorator.py for tasks to queue
[2025-03-11T14:12:50.463+0000] {logging_mixin.py:154} INFO - [2025-03-11T14:12:50.463+0000] {dagbag.py:536} INFO - Filling up the DagBag from /home/airflow/.local/lib/python3.8/site-packages/airflow/example_dags/example_sensor_decorator.py
[2025-03-11T14:12:50.466+0000] {processor.py:839} INFO - DAG(s) dict_keys(['example_sensor_decorator']) retrieved from /home/airflow/.local/lib/python3.8/site-packages/airflow/example_dags/example_sensor_decorator.py
[2025-03-11T14:12:50.477+0000] {logging_mixin.py:154} INFO - [2025-03-11T14:12:50.477+0000] {dag.py:2941} INFO - Sync 1 DAGs
[2025-03-11T14:12:50.482+0000] {logging_mixin.py:154} INFO - [2025-03-11T14:12:50.482+0000] {dag.py:3722} INFO - Setting next_dagrun for example_sensor_decorator to None, run_after=None
[2025-03-11T14:12:50.492+0000] {processor.py:179} INFO - Processing /home/airflow/.local/lib/python3.8/site-packages/airflow/example_dags/example_sensor_decorator.py took 0.032 seconds
[2025-03-11T14:13:21.144+0000] {processor.py:157} INFO - Started process (PID=8201) to work on /home/airflow/.local/lib/python3.8/site-packages/airflow/example_dags/example_sensor_decorator.py
[2025-03-11T14:13:21.144+0000] {processor.py:829} INFO - Processing file /home/airflow/.local/lib/python3.8/site-packages/airflow/example_dags/example_sensor_decorator.py for tasks to queue
[2025-03-11T14:13:21.145+0000] {logging_mixin.py:154} INFO - [2025-03-11T14:13:21.145+0000] {dagbag.py:536} INFO - Filling up the DagBag from /home/airflow/.local/lib/python3.8/site-packages/airflow/example_dags/example_sensor_decorator.py
[2025-03-11T14:13:21.148+0000] {processor.py:839} INFO - DAG(s) dict_keys(['example_sensor_decorator']) retrieved from /home/airflow/.local/lib/python3.8/site-packages/airflow/example_dags/example_sensor_decorator.py
[2025-03-11T14:13:21.158+0000] {logging_mixin.py:154} INFO - [2025-03-11T14:13:21.157+0000] {dag.py:2941} INFO - Sync 1 DAGs
[2025-03-11T14:13:21.163+0000] {logging_mixin.py:154} INFO - [2025-03-11T14:13:21.163+0000] {dag.py:3722} INFO - Setting next_dagrun for example_sensor_decorator to None, run_after=None
[2025-03-11T14:13:21.172+0000] {processor.py:179} INFO - Processing /home/airflow/.local/lib/python3.8/site-packages/airflow/example_dags/example_sensor_decorator.py took 0.030 seconds
[2025-03-11T14:13:51.757+0000] {processor.py:157} INFO - Started process (PID=8257) to work on /home/airflow/.local/lib/python3.8/site-packages/airflow/example_dags/example_sensor_decorator.py
[2025-03-11T14:13:51.759+0000] {processor.py:829} INFO - Processing file /home/airflow/.local/lib/python3.8/site-packages/airflow/example_dags/example_sensor_decorator.py for tasks to queue
[2025-03-11T14:13:51.760+0000] {logging_mixin.py:154} INFO - [2025-03-11T14:13:51.759+0000] {dagbag.py:536} INFO - Filling up the DagBag from /home/airflow/.local/lib/python3.8/site-packages/airflow/example_dags/example_sensor_decorator.py
[2025-03-11T14:13:51.762+0000] {processor.py:839} INFO - DAG(s) dict_keys(['example_sensor_decorator']) retrieved from /home/airflow/.local/lib/python3.8/site-packages/airflow/example_dags/example_sensor_decorator.py
[2025-03-11T14:13:51.772+0000] {logging_mixin.py:154} INFO - [2025-03-11T14:13:51.772+0000] {dag.py:2941} INFO - Sync 1 DAGs
[2025-03-11T14:13:51.776+0000] {logging_mixin.py:154} INFO - [2025-03-11T14:13:51.776+0000] {dag.py:3722} INFO - Setting next_dagrun for example_sensor_decorator to None, run_after=None
[2025-03-11T14:13:51.783+0000] {processor.py:179} INFO - Processing /home/airflow/.local/lib/python3.8/site-packages/airflow/example_dags/example_sensor_decorator.py took 0.028 seconds
[2025-03-11T14:14:22.415+0000] {processor.py:157} INFO - Started process (PID=8313) to work on /home/airflow/.local/lib/python3.8/site-packages/airflow/example_dags/example_sensor_decorator.py
[2025-03-11T14:14:22.415+0000] {processor.py:829} INFO - Processing file /home/airflow/.local/lib/python3.8/site-packages/airflow/example_dags/example_sensor_decorator.py for tasks to queue
[2025-03-11T14:14:22.416+0000] {logging_mixin.py:154} INFO - [2025-03-11T14:14:22.416+0000] {dagbag.py:536} INFO - Filling up the DagBag from /home/airflow/.local/lib/python3.8/site-packages/airflow/example_dags/example_sensor_decorator.py
[2025-03-11T14:14:22.419+0000] {processor.py:839} INFO - DAG(s) dict_keys(['example_sensor_decorator']) retrieved from /home/airflow/.local/lib/python3.8/site-packages/airflow/example_dags/example_sensor_decorator.py
[2025-03-11T14:14:22.429+0000] {logging_mixin.py:154} INFO - [2025-03-11T14:14:22.429+0000] {dag.py:2941} INFO - Sync 1 DAGs
[2025-03-11T14:14:22.435+0000] {logging_mixin.py:154} INFO - [2025-03-11T14:14:22.435+0000] {dag.py:3722} INFO - Setting next_dagrun for example_sensor_decorator to None, run_after=None
[2025-03-11T14:14:22.443+0000] {processor.py:179} INFO - Processing /home/airflow/.local/lib/python3.8/site-packages/airflow/example_dags/example_sensor_decorator.py took 0.030 seconds
[2025-03-11T14:14:53.072+0000] {processor.py:157} INFO - Started process (PID=8369) to work on /home/airflow/.local/lib/python3.8/site-packages/airflow/example_dags/example_sensor_decorator.py
[2025-03-11T14:14:53.072+0000] {processor.py:829} INFO - Processing file /home/airflow/.local/lib/python3.8/site-packages/airflow/example_dags/example_sensor_decorator.py for tasks to queue
[2025-03-11T14:14:53.073+0000] {logging_mixin.py:154} INFO - [2025-03-11T14:14:53.073+0000] {dagbag.py:536} INFO - Filling up the DagBag from /home/airflow/.local/lib/python3.8/site-packages/airflow/example_dags/example_sensor_decorator.py
[2025-03-11T14:14:53.076+0000] {processor.py:839} INFO - DAG(s) dict_keys(['example_sensor_decorator']) retrieved from /home/airflow/.local/lib/python3.8/site-packages/airflow/example_dags/example_sensor_decorator.py
[2025-03-11T14:14:53.086+0000] {logging_mixin.py:154} INFO - [2025-03-11T14:14:53.085+0000] {dag.py:2941} INFO - Sync 1 DAGs
[2025-03-11T14:14:53.090+0000] {logging_mixin.py:154} INFO - [2025-03-11T14:14:53.090+0000] {dag.py:3722} INFO - Setting next_dagrun for example_sensor_decorator to None, run_after=None
[2025-03-11T14:14:53.102+0000] {processor.py:179} INFO - Processing /home/airflow/.local/lib/python3.8/site-packages/airflow/example_dags/example_sensor_decorator.py took 0.032 seconds
[2025-03-11T14:15:23.810+0000] {processor.py:157} INFO - Started process (PID=8425) to work on /home/airflow/.local/lib/python3.8/site-packages/airflow/example_dags/example_sensor_decorator.py
[2025-03-11T14:15:23.811+0000] {processor.py:829} INFO - Processing file /home/airflow/.local/lib/python3.8/site-packages/airflow/example_dags/example_sensor_decorator.py for tasks to queue
[2025-03-11T14:15:23.812+0000] {logging_mixin.py:154} INFO - [2025-03-11T14:15:23.812+0000] {dagbag.py:536} INFO - Filling up the DagBag from /home/airflow/.local/lib/python3.8/site-packages/airflow/example_dags/example_sensor_decorator.py
[2025-03-11T14:15:23.814+0000] {processor.py:839} INFO - DAG(s) dict_keys(['example_sensor_decorator']) retrieved from /home/airflow/.local/lib/python3.8/site-packages/airflow/example_dags/example_sensor_decorator.py
[2025-03-11T14:15:23.824+0000] {logging_mixin.py:154} INFO - [2025-03-11T14:15:23.823+0000] {dag.py:2941} INFO - Sync 1 DAGs
[2025-03-11T14:15:23.829+0000] {logging_mixin.py:154} INFO - [2025-03-11T14:15:23.829+0000] {dag.py:3722} INFO - Setting next_dagrun for example_sensor_decorator to None, run_after=None
[2025-03-11T14:15:23.838+0000] {processor.py:179} INFO - Processing /home/airflow/.local/lib/python3.8/site-packages/airflow/example_dags/example_sensor_decorator.py took 0.029 seconds
[2025-03-11T14:15:54.494+0000] {processor.py:157} INFO - Started process (PID=8481) to work on /home/airflow/.local/lib/python3.8/site-packages/airflow/example_dags/example_sensor_decorator.py
[2025-03-11T14:15:54.494+0000] {processor.py:829} INFO - Processing file /home/airflow/.local/lib/python3.8/site-packages/airflow/example_dags/example_sensor_decorator.py for tasks to queue
[2025-03-11T14:15:54.495+0000] {logging_mixin.py:154} INFO - [2025-03-11T14:15:54.495+0000] {dagbag.py:536} INFO - Filling up the DagBag from /home/airflow/.local/lib/python3.8/site-packages/airflow/example_dags/example_sensor_decorator.py
[2025-03-11T14:15:54.498+0000] {processor.py:839} INFO - DAG(s) dict_keys(['example_sensor_decorator']) retrieved from /home/airflow/.local/lib/python3.8/site-packages/airflow/example_dags/example_sensor_decorator.py
[2025-03-11T14:15:54.508+0000] {logging_mixin.py:154} INFO - [2025-03-11T14:15:54.508+0000] {dag.py:2941} INFO - Sync 1 DAGs
[2025-03-11T14:15:54.513+0000] {logging_mixin.py:154} INFO - [2025-03-11T14:15:54.513+0000] {dag.py:3722} INFO - Setting next_dagrun for example_sensor_decorator to None, run_after=None
[2025-03-11T14:15:54.521+0000] {processor.py:179} INFO - Processing /home/airflow/.local/lib/python3.8/site-packages/airflow/example_dags/example_sensor_decorator.py took 0.029 seconds
[2025-03-11T14:16:25.128+0000] {processor.py:157} INFO - Started process (PID=8537) to work on /home/airflow/.local/lib/python3.8/site-packages/airflow/example_dags/example_sensor_decorator.py
[2025-03-11T14:16:25.129+0000] {processor.py:829} INFO - Processing file /home/airflow/.local/lib/python3.8/site-packages/airflow/example_dags/example_sensor_decorator.py for tasks to queue
[2025-03-11T14:16:25.131+0000] {logging_mixin.py:154} INFO - [2025-03-11T14:16:25.131+0000] {dagbag.py:536} INFO - Filling up the DagBag from /home/airflow/.local/lib/python3.8/site-packages/airflow/example_dags/example_sensor_decorator.py
[2025-03-11T14:16:25.134+0000] {processor.py:839} INFO - DAG(s) dict_keys(['example_sensor_decorator']) retrieved from /home/airflow/.local/lib/python3.8/site-packages/airflow/example_dags/example_sensor_decorator.py
[2025-03-11T14:16:25.146+0000] {logging_mixin.py:154} INFO - [2025-03-11T14:16:25.145+0000] {dag.py:2941} INFO - Sync 1 DAGs
[2025-03-11T14:16:25.153+0000] {logging_mixin.py:154} INFO - [2025-03-11T14:16:25.152+0000] {dag.py:3722} INFO - Setting next_dagrun for example_sensor_decorator to None, run_after=None
[2025-03-11T14:16:25.161+0000] {processor.py:179} INFO - Processing /home/airflow/.local/lib/python3.8/site-packages/airflow/example_dags/example_sensor_decorator.py took 0.035 seconds
[2025-03-11T14:16:55.966+0000] {processor.py:157} INFO - Started process (PID=8593) to work on /home/airflow/.local/lib/python3.8/site-packages/airflow/example_dags/example_sensor_decorator.py
[2025-03-11T14:16:55.967+0000] {processor.py:829} INFO - Processing file /home/airflow/.local/lib/python3.8/site-packages/airflow/example_dags/example_sensor_decorator.py for tasks to queue
[2025-03-11T14:16:55.968+0000] {logging_mixin.py:154} INFO - [2025-03-11T14:16:55.968+0000] {dagbag.py:536} INFO - Filling up the DagBag from /home/airflow/.local/lib/python3.8/site-packages/airflow/example_dags/example_sensor_decorator.py
[2025-03-11T14:16:55.971+0000] {processor.py:839} INFO - DAG(s) dict_keys(['example_sensor_decorator']) retrieved from /home/airflow/.local/lib/python3.8/site-packages/airflow/example_dags/example_sensor_decorator.py
[2025-03-11T14:16:55.982+0000] {logging_mixin.py:154} INFO - [2025-03-11T14:16:55.982+0000] {dag.py:2941} INFO - Sync 1 DAGs
[2025-03-11T14:16:55.987+0000] {logging_mixin.py:154} INFO - [2025-03-11T14:16:55.986+0000] {dag.py:3722} INFO - Setting next_dagrun for example_sensor_decorator to None, run_after=None
[2025-03-11T14:16:55.994+0000] {processor.py:179} INFO - Processing /home/airflow/.local/lib/python3.8/site-packages/airflow/example_dags/example_sensor_decorator.py took 0.030 seconds
[2025-03-11T14:17:26.625+0000] {processor.py:157} INFO - Started process (PID=8649) to work on /home/airflow/.local/lib/python3.8/site-packages/airflow/example_dags/example_sensor_decorator.py
[2025-03-11T14:17:26.626+0000] {processor.py:829} INFO - Processing file /home/airflow/.local/lib/python3.8/site-packages/airflow/example_dags/example_sensor_decorator.py for tasks to queue
[2025-03-11T14:17:26.627+0000] {logging_mixin.py:154} INFO - [2025-03-11T14:17:26.626+0000] {dagbag.py:536} INFO - Filling up the DagBag from /home/airflow/.local/lib/python3.8/site-packages/airflow/example_dags/example_sensor_decorator.py
[2025-03-11T14:17:26.629+0000] {processor.py:839} INFO - DAG(s) dict_keys(['example_sensor_decorator']) retrieved from /home/airflow/.local/lib/python3.8/site-packages/airflow/example_dags/example_sensor_decorator.py
[2025-03-11T14:17:26.638+0000] {logging_mixin.py:154} INFO - [2025-03-11T14:17:26.638+0000] {dag.py:2941} INFO - Sync 1 DAGs
[2025-03-11T14:17:26.647+0000] {logging_mixin.py:154} INFO - [2025-03-11T14:17:26.647+0000] {dag.py:3722} INFO - Setting next_dagrun for example_sensor_decorator to None, run_after=None
[2025-03-11T14:17:26.656+0000] {processor.py:179} INFO - Processing /home/airflow/.local/lib/python3.8/site-packages/airflow/example_dags/example_sensor_decorator.py took 0.032 seconds
[2025-03-11T14:17:57.321+0000] {processor.py:157} INFO - Started process (PID=8705) to work on /home/airflow/.local/lib/python3.8/site-packages/airflow/example_dags/example_sensor_decorator.py
[2025-03-11T14:17:57.322+0000] {processor.py:829} INFO - Processing file /home/airflow/.local/lib/python3.8/site-packages/airflow/example_dags/example_sensor_decorator.py for tasks to queue
[2025-03-11T14:17:57.323+0000] {logging_mixin.py:154} INFO - [2025-03-11T14:17:57.323+0000] {dagbag.py:536} INFO - Filling up the DagBag from /home/airflow/.local/lib/python3.8/site-packages/airflow/example_dags/example_sensor_decorator.py
[2025-03-11T14:17:57.325+0000] {processor.py:839} INFO - DAG(s) dict_keys(['example_sensor_decorator']) retrieved from /home/airflow/.local/lib/python3.8/site-packages/airflow/example_dags/example_sensor_decorator.py
[2025-03-11T14:17:57.336+0000] {logging_mixin.py:154} INFO - [2025-03-11T14:17:57.336+0000] {dag.py:2941} INFO - Sync 1 DAGs
[2025-03-11T14:17:57.342+0000] {logging_mixin.py:154} INFO - [2025-03-11T14:17:57.342+0000] {dag.py:3722} INFO - Setting next_dagrun for example_sensor_decorator to None, run_after=None
[2025-03-11T14:17:57.352+0000] {processor.py:179} INFO - Processing /home/airflow/.local/lib/python3.8/site-packages/airflow/example_dags/example_sensor_decorator.py took 0.032 seconds
[2025-03-11T14:18:27.953+0000] {processor.py:157} INFO - Started process (PID=8761) to work on /home/airflow/.local/lib/python3.8/site-packages/airflow/example_dags/example_sensor_decorator.py
[2025-03-11T14:18:27.953+0000] {processor.py:829} INFO - Processing file /home/airflow/.local/lib/python3.8/site-packages/airflow/example_dags/example_sensor_decorator.py for tasks to queue
[2025-03-11T14:18:27.954+0000] {logging_mixin.py:154} INFO - [2025-03-11T14:18:27.954+0000] {dagbag.py:536} INFO - Filling up the DagBag from /home/airflow/.local/lib/python3.8/site-packages/airflow/example_dags/example_sensor_decorator.py
[2025-03-11T14:18:27.957+0000] {processor.py:839} INFO - DAG(s) dict_keys(['example_sensor_decorator']) retrieved from /home/airflow/.local/lib/python3.8/site-packages/airflow/example_dags/example_sensor_decorator.py
[2025-03-11T14:18:27.967+0000] {logging_mixin.py:154} INFO - [2025-03-11T14:18:27.967+0000] {dag.py:2941} INFO - Sync 1 DAGs
[2025-03-11T14:18:27.973+0000] {logging_mixin.py:154} INFO - [2025-03-11T14:18:27.973+0000] {dag.py:3722} INFO - Setting next_dagrun for example_sensor_decorator to None, run_after=None
[2025-03-11T14:18:27.985+0000] {processor.py:179} INFO - Processing /home/airflow/.local/lib/python3.8/site-packages/airflow/example_dags/example_sensor_decorator.py took 0.034 seconds
[2025-03-11T14:18:58.533+0000] {processor.py:157} INFO - Started process (PID=8824) to work on /home/airflow/.local/lib/python3.8/site-packages/airflow/example_dags/example_sensor_decorator.py
[2025-03-11T14:18:58.533+0000] {processor.py:829} INFO - Processing file /home/airflow/.local/lib/python3.8/site-packages/airflow/example_dags/example_sensor_decorator.py for tasks to queue
[2025-03-11T14:18:58.536+0000] {logging_mixin.py:154} INFO - [2025-03-11T14:18:58.536+0000] {dagbag.py:536} INFO - Filling up the DagBag from /home/airflow/.local/lib/python3.8/site-packages/airflow/example_dags/example_sensor_decorator.py
[2025-03-11T14:18:58.539+0000] {processor.py:839} INFO - DAG(s) dict_keys(['example_sensor_decorator']) retrieved from /home/airflow/.local/lib/python3.8/site-packages/airflow/example_dags/example_sensor_decorator.py
[2025-03-11T14:18:58.554+0000] {logging_mixin.py:154} INFO - [2025-03-11T14:18:58.554+0000] {dag.py:2941} INFO - Sync 1 DAGs
[2025-03-11T14:18:58.561+0000] {logging_mixin.py:154} INFO - [2025-03-11T14:18:58.561+0000] {dag.py:3722} INFO - Setting next_dagrun for example_sensor_decorator to None, run_after=None
[2025-03-11T14:18:58.571+0000] {processor.py:179} INFO - Processing /home/airflow/.local/lib/python3.8/site-packages/airflow/example_dags/example_sensor_decorator.py took 0.040 seconds
[2025-03-11T14:19:29.338+0000] {processor.py:157} INFO - Started process (PID=8880) to work on /home/airflow/.local/lib/python3.8/site-packages/airflow/example_dags/example_sensor_decorator.py
[2025-03-11T14:19:29.338+0000] {processor.py:829} INFO - Processing file /home/airflow/.local/lib/python3.8/site-packages/airflow/example_dags/example_sensor_decorator.py for tasks to queue
[2025-03-11T14:19:29.339+0000] {logging_mixin.py:154} INFO - [2025-03-11T14:19:29.339+0000] {dagbag.py:536} INFO - Filling up the DagBag from /home/airflow/.local/lib/python3.8/site-packages/airflow/example_dags/example_sensor_decorator.py
[2025-03-11T14:19:29.342+0000] {processor.py:839} INFO - DAG(s) dict_keys(['example_sensor_decorator']) retrieved from /home/airflow/.local/lib/python3.8/site-packages/airflow/example_dags/example_sensor_decorator.py
[2025-03-11T14:19:29.352+0000] {logging_mixin.py:154} INFO - [2025-03-11T14:19:29.352+0000] {dag.py:2941} INFO - Sync 1 DAGs
[2025-03-11T14:19:29.357+0000] {logging_mixin.py:154} INFO - [2025-03-11T14:19:29.357+0000] {dag.py:3722} INFO - Setting next_dagrun for example_sensor_decorator to None, run_after=None
[2025-03-11T14:19:29.369+0000] {processor.py:179} INFO - Processing /home/airflow/.local/lib/python3.8/site-packages/airflow/example_dags/example_sensor_decorator.py took 0.033 seconds
[2025-03-11T14:20:00.014+0000] {processor.py:157} INFO - Started process (PID=8936) to work on /home/airflow/.local/lib/python3.8/site-packages/airflow/example_dags/example_sensor_decorator.py
[2025-03-11T14:20:00.015+0000] {processor.py:829} INFO - Processing file /home/airflow/.local/lib/python3.8/site-packages/airflow/example_dags/example_sensor_decorator.py for tasks to queue
[2025-03-11T14:20:00.016+0000] {logging_mixin.py:154} INFO - [2025-03-11T14:20:00.016+0000] {dagbag.py:536} INFO - Filling up the DagBag from /home/airflow/.local/lib/python3.8/site-packages/airflow/example_dags/example_sensor_decorator.py
[2025-03-11T14:20:00.019+0000] {processor.py:839} INFO - DAG(s) dict_keys(['example_sensor_decorator']) retrieved from /home/airflow/.local/lib/python3.8/site-packages/airflow/example_dags/example_sensor_decorator.py
[2025-03-11T14:20:00.031+0000] {logging_mixin.py:154} INFO - [2025-03-11T14:20:00.030+0000] {dag.py:2941} INFO - Sync 1 DAGs
[2025-03-11T14:20:00.037+0000] {logging_mixin.py:154} INFO - [2025-03-11T14:20:00.037+0000] {dag.py:3722} INFO - Setting next_dagrun for example_sensor_decorator to None, run_after=None
[2025-03-11T14:20:00.047+0000] {processor.py:179} INFO - Processing /home/airflow/.local/lib/python3.8/site-packages/airflow/example_dags/example_sensor_decorator.py took 0.034 seconds
[2025-03-11T14:20:30.642+0000] {processor.py:157} INFO - Started process (PID=8992) to work on /home/airflow/.local/lib/python3.8/site-packages/airflow/example_dags/example_sensor_decorator.py
[2025-03-11T14:20:30.643+0000] {processor.py:829} INFO - Processing file /home/airflow/.local/lib/python3.8/site-packages/airflow/example_dags/example_sensor_decorator.py for tasks to queue
[2025-03-11T14:20:30.644+0000] {logging_mixin.py:154} INFO - [2025-03-11T14:20:30.644+0000] {dagbag.py:536} INFO - Filling up the DagBag from /home/airflow/.local/lib/python3.8/site-packages/airflow/example_dags/example_sensor_decorator.py
[2025-03-11T14:20:30.649+0000] {processor.py:839} INFO - DAG(s) dict_keys(['example_sensor_decorator']) retrieved from /home/airflow/.local/lib/python3.8/site-packages/airflow/example_dags/example_sensor_decorator.py
[2025-03-11T14:20:30.664+0000] {logging_mixin.py:154} INFO - [2025-03-11T14:20:30.663+0000] {dag.py:2941} INFO - Sync 1 DAGs
[2025-03-11T14:20:30.670+0000] {logging_mixin.py:154} INFO - [2025-03-11T14:20:30.670+0000] {dag.py:3722} INFO - Setting next_dagrun for example_sensor_decorator to None, run_after=None
[2025-03-11T14:20:30.681+0000] {processor.py:179} INFO - Processing /home/airflow/.local/lib/python3.8/site-packages/airflow/example_dags/example_sensor_decorator.py took 0.041 seconds
[2025-03-11T14:21:01.394+0000] {processor.py:157} INFO - Started process (PID=9048) to work on /home/airflow/.local/lib/python3.8/site-packages/airflow/example_dags/example_sensor_decorator.py
[2025-03-11T14:21:01.395+0000] {processor.py:829} INFO - Processing file /home/airflow/.local/lib/python3.8/site-packages/airflow/example_dags/example_sensor_decorator.py for tasks to queue
[2025-03-11T14:21:01.396+0000] {logging_mixin.py:154} INFO - [2025-03-11T14:21:01.395+0000] {dagbag.py:536} INFO - Filling up the DagBag from /home/airflow/.local/lib/python3.8/site-packages/airflow/example_dags/example_sensor_decorator.py
[2025-03-11T14:21:01.398+0000] {processor.py:839} INFO - DAG(s) dict_keys(['example_sensor_decorator']) retrieved from /home/airflow/.local/lib/python3.8/site-packages/airflow/example_dags/example_sensor_decorator.py
[2025-03-11T14:21:01.411+0000] {logging_mixin.py:154} INFO - [2025-03-11T14:21:01.411+0000] {dag.py:2941} INFO - Sync 1 DAGs
[2025-03-11T14:21:01.417+0000] {logging_mixin.py:154} INFO - [2025-03-11T14:21:01.417+0000] {dag.py:3722} INFO - Setting next_dagrun for example_sensor_decorator to None, run_after=None
[2025-03-11T14:21:01.429+0000] {processor.py:179} INFO - Processing /home/airflow/.local/lib/python3.8/site-packages/airflow/example_dags/example_sensor_decorator.py took 0.037 seconds
[2025-03-11T14:21:32.054+0000] {processor.py:157} INFO - Started process (PID=9104) to work on /home/airflow/.local/lib/python3.8/site-packages/airflow/example_dags/example_sensor_decorator.py
[2025-03-11T14:21:32.054+0000] {processor.py:829} INFO - Processing file /home/airflow/.local/lib/python3.8/site-packages/airflow/example_dags/example_sensor_decorator.py for tasks to queue
[2025-03-11T14:21:32.055+0000] {logging_mixin.py:154} INFO - [2025-03-11T14:21:32.055+0000] {dagbag.py:536} INFO - Filling up the DagBag from /home/airflow/.local/lib/python3.8/site-packages/airflow/example_dags/example_sensor_decorator.py
[2025-03-11T14:21:32.058+0000] {processor.py:839} INFO - DAG(s) dict_keys(['example_sensor_decorator']) retrieved from /home/airflow/.local/lib/python3.8/site-packages/airflow/example_dags/example_sensor_decorator.py
[2025-03-11T14:21:32.068+0000] {logging_mixin.py:154} INFO - [2025-03-11T14:21:32.068+0000] {dag.py:2941} INFO - Sync 1 DAGs
[2025-03-11T14:21:32.075+0000] {logging_mixin.py:154} INFO - [2025-03-11T14:21:32.074+0000] {dag.py:3722} INFO - Setting next_dagrun for example_sensor_decorator to None, run_after=None
[2025-03-11T14:21:32.085+0000] {processor.py:179} INFO - Processing /home/airflow/.local/lib/python3.8/site-packages/airflow/example_dags/example_sensor_decorator.py took 0.033 seconds
[2025-03-11T14:22:02.730+0000] {processor.py:157} INFO - Started process (PID=9160) to work on /home/airflow/.local/lib/python3.8/site-packages/airflow/example_dags/example_sensor_decorator.py
[2025-03-11T14:22:02.731+0000] {processor.py:829} INFO - Processing file /home/airflow/.local/lib/python3.8/site-packages/airflow/example_dags/example_sensor_decorator.py for tasks to queue
[2025-03-11T14:22:02.732+0000] {logging_mixin.py:154} INFO - [2025-03-11T14:22:02.732+0000] {dagbag.py:536} INFO - Filling up the DagBag from /home/airflow/.local/lib/python3.8/site-packages/airflow/example_dags/example_sensor_decorator.py
[2025-03-11T14:22:02.735+0000] {processor.py:839} INFO - DAG(s) dict_keys(['example_sensor_decorator']) retrieved from /home/airflow/.local/lib/python3.8/site-packages/airflow/example_dags/example_sensor_decorator.py
[2025-03-11T14:22:02.746+0000] {logging_mixin.py:154} INFO - [2025-03-11T14:22:02.746+0000] {dag.py:2941} INFO - Sync 1 DAGs
[2025-03-11T14:22:02.752+0000] {logging_mixin.py:154} INFO - [2025-03-11T14:22:02.752+0000] {dag.py:3722} INFO - Setting next_dagrun for example_sensor_decorator to None, run_after=None
[2025-03-11T14:22:02.764+0000] {processor.py:179} INFO - Processing /home/airflow/.local/lib/python3.8/site-packages/airflow/example_dags/example_sensor_decorator.py took 0.036 seconds
[2025-03-11T14:22:33.319+0000] {processor.py:157} INFO - Started process (PID=9216) to work on /home/airflow/.local/lib/python3.8/site-packages/airflow/example_dags/example_sensor_decorator.py
[2025-03-11T14:22:33.319+0000] {processor.py:829} INFO - Processing file /home/airflow/.local/lib/python3.8/site-packages/airflow/example_dags/example_sensor_decorator.py for tasks to queue
[2025-03-11T14:22:33.320+0000] {logging_mixin.py:154} INFO - [2025-03-11T14:22:33.320+0000] {dagbag.py:536} INFO - Filling up the DagBag from /home/airflow/.local/lib/python3.8/site-packages/airflow/example_dags/example_sensor_decorator.py
[2025-03-11T14:22:33.323+0000] {processor.py:839} INFO - DAG(s) dict_keys(['example_sensor_decorator']) retrieved from /home/airflow/.local/lib/python3.8/site-packages/airflow/example_dags/example_sensor_decorator.py
[2025-03-11T14:22:33.334+0000] {logging_mixin.py:154} INFO - [2025-03-11T14:22:33.334+0000] {dag.py:2941} INFO - Sync 1 DAGs
[2025-03-11T14:22:33.339+0000] {logging_mixin.py:154} INFO - [2025-03-11T14:22:33.339+0000] {dag.py:3722} INFO - Setting next_dagrun for example_sensor_decorator to None, run_after=None
[2025-03-11T14:22:33.353+0000] {processor.py:179} INFO - Processing /home/airflow/.local/lib/python3.8/site-packages/airflow/example_dags/example_sensor_decorator.py took 0.036 seconds
[2025-03-11T14:23:03.996+0000] {processor.py:157} INFO - Started process (PID=9272) to work on /home/airflow/.local/lib/python3.8/site-packages/airflow/example_dags/example_sensor_decorator.py
[2025-03-11T14:23:03.996+0000] {processor.py:829} INFO - Processing file /home/airflow/.local/lib/python3.8/site-packages/airflow/example_dags/example_sensor_decorator.py for tasks to queue
[2025-03-11T14:23:03.998+0000] {logging_mixin.py:154} INFO - [2025-03-11T14:23:03.998+0000] {dagbag.py:536} INFO - Filling up the DagBag from /home/airflow/.local/lib/python3.8/site-packages/airflow/example_dags/example_sensor_decorator.py
[2025-03-11T14:23:04.001+0000] {processor.py:839} INFO - DAG(s) dict_keys(['example_sensor_decorator']) retrieved from /home/airflow/.local/lib/python3.8/site-packages/airflow/example_dags/example_sensor_decorator.py
[2025-03-11T14:23:04.013+0000] {logging_mixin.py:154} INFO - [2025-03-11T14:23:04.013+0000] {dag.py:2941} INFO - Sync 1 DAGs
[2025-03-11T14:23:04.018+0000] {logging_mixin.py:154} INFO - [2025-03-11T14:23:04.018+0000] {dag.py:3722} INFO - Setting next_dagrun for example_sensor_decorator to None, run_after=None
[2025-03-11T14:23:04.031+0000] {processor.py:179} INFO - Processing /home/airflow/.local/lib/python3.8/site-packages/airflow/example_dags/example_sensor_decorator.py took 0.036 seconds
[2025-03-11T14:23:34.618+0000] {processor.py:157} INFO - Started process (PID=9328) to work on /home/airflow/.local/lib/python3.8/site-packages/airflow/example_dags/example_sensor_decorator.py
[2025-03-11T14:23:34.618+0000] {processor.py:829} INFO - Processing file /home/airflow/.local/lib/python3.8/site-packages/airflow/example_dags/example_sensor_decorator.py for tasks to queue
[2025-03-11T14:23:34.619+0000] {logging_mixin.py:154} INFO - [2025-03-11T14:23:34.619+0000] {dagbag.py:536} INFO - Filling up the DagBag from /home/airflow/.local/lib/python3.8/site-packages/airflow/example_dags/example_sensor_decorator.py
[2025-03-11T14:23:34.623+0000] {processor.py:839} INFO - DAG(s) dict_keys(['example_sensor_decorator']) retrieved from /home/airflow/.local/lib/python3.8/site-packages/airflow/example_dags/example_sensor_decorator.py
[2025-03-11T14:23:34.636+0000] {logging_mixin.py:154} INFO - [2025-03-11T14:23:34.635+0000] {dag.py:2941} INFO - Sync 1 DAGs
[2025-03-11T14:23:34.641+0000] {logging_mixin.py:154} INFO - [2025-03-11T14:23:34.641+0000] {dag.py:3722} INFO - Setting next_dagrun for example_sensor_decorator to None, run_after=None
[2025-03-11T14:23:34.652+0000] {processor.py:179} INFO - Processing /home/airflow/.local/lib/python3.8/site-packages/airflow/example_dags/example_sensor_decorator.py took 0.036 seconds
[2025-03-11T14:24:05.270+0000] {processor.py:157} INFO - Started process (PID=9384) to work on /home/airflow/.local/lib/python3.8/site-packages/airflow/example_dags/example_sensor_decorator.py
[2025-03-11T14:24:05.270+0000] {processor.py:829} INFO - Processing file /home/airflow/.local/lib/python3.8/site-packages/airflow/example_dags/example_sensor_decorator.py for tasks to queue
[2025-03-11T14:24:05.271+0000] {logging_mixin.py:154} INFO - [2025-03-11T14:24:05.271+0000] {dagbag.py:536} INFO - Filling up the DagBag from /home/airflow/.local/lib/python3.8/site-packages/airflow/example_dags/example_sensor_decorator.py
[2025-03-11T14:24:05.273+0000] {processor.py:839} INFO - DAG(s) dict_keys(['example_sensor_decorator']) retrieved from /home/airflow/.local/lib/python3.8/site-packages/airflow/example_dags/example_sensor_decorator.py
[2025-03-11T14:24:05.285+0000] {logging_mixin.py:154} INFO - [2025-03-11T14:24:05.284+0000] {dag.py:2941} INFO - Sync 1 DAGs
[2025-03-11T14:24:05.289+0000] {logging_mixin.py:154} INFO - [2025-03-11T14:24:05.289+0000] {dag.py:3722} INFO - Setting next_dagrun for example_sensor_decorator to None, run_after=None
[2025-03-11T14:24:05.297+0000] {processor.py:179} INFO - Processing /home/airflow/.local/lib/python3.8/site-packages/airflow/example_dags/example_sensor_decorator.py took 0.029 seconds
[2025-03-11T14:24:35.870+0000] {processor.py:157} INFO - Started process (PID=9440) to work on /home/airflow/.local/lib/python3.8/site-packages/airflow/example_dags/example_sensor_decorator.py
[2025-03-11T14:24:35.870+0000] {processor.py:829} INFO - Processing file /home/airflow/.local/lib/python3.8/site-packages/airflow/example_dags/example_sensor_decorator.py for tasks to queue
[2025-03-11T14:24:35.871+0000] {logging_mixin.py:154} INFO - [2025-03-11T14:24:35.871+0000] {dagbag.py:536} INFO - Filling up the DagBag from /home/airflow/.local/lib/python3.8/site-packages/airflow/example_dags/example_sensor_decorator.py
[2025-03-11T14:24:35.874+0000] {processor.py:839} INFO - DAG(s) dict_keys(['example_sensor_decorator']) retrieved from /home/airflow/.local/lib/python3.8/site-packages/airflow/example_dags/example_sensor_decorator.py
[2025-03-11T14:24:35.885+0000] {logging_mixin.py:154} INFO - [2025-03-11T14:24:35.885+0000] {dag.py:2941} INFO - Sync 1 DAGs
[2025-03-11T14:24:35.891+0000] {logging_mixin.py:154} INFO - [2025-03-11T14:24:35.891+0000] {dag.py:3722} INFO - Setting next_dagrun for example_sensor_decorator to None, run_after=None
[2025-03-11T14:24:35.903+0000] {processor.py:179} INFO - Processing /home/airflow/.local/lib/python3.8/site-packages/airflow/example_dags/example_sensor_decorator.py took 0.034 seconds
[2025-03-11T14:25:06.463+0000] {processor.py:157} INFO - Started process (PID=9495) to work on /home/airflow/.local/lib/python3.8/site-packages/airflow/example_dags/example_sensor_decorator.py
[2025-03-11T14:25:06.464+0000] {processor.py:829} INFO - Processing file /home/airflow/.local/lib/python3.8/site-packages/airflow/example_dags/example_sensor_decorator.py for tasks to queue
[2025-03-11T14:25:06.465+0000] {logging_mixin.py:154} INFO - [2025-03-11T14:25:06.464+0000] {dagbag.py:536} INFO - Filling up the DagBag from /home/airflow/.local/lib/python3.8/site-packages/airflow/example_dags/example_sensor_decorator.py
[2025-03-11T14:25:06.467+0000] {processor.py:839} INFO - DAG(s) dict_keys(['example_sensor_decorator']) retrieved from /home/airflow/.local/lib/python3.8/site-packages/airflow/example_dags/example_sensor_decorator.py
[2025-03-11T14:25:06.476+0000] {logging_mixin.py:154} INFO - [2025-03-11T14:25:06.476+0000] {dag.py:2941} INFO - Sync 1 DAGs
[2025-03-11T14:25:06.481+0000] {logging_mixin.py:154} INFO - [2025-03-11T14:25:06.481+0000] {dag.py:3722} INFO - Setting next_dagrun for example_sensor_decorator to None, run_after=None
[2025-03-11T14:25:06.492+0000] {processor.py:179} INFO - Processing /home/airflow/.local/lib/python3.8/site-packages/airflow/example_dags/example_sensor_decorator.py took 0.031 seconds
[2025-03-11T14:25:37.040+0000] {processor.py:157} INFO - Started process (PID=9551) to work on /home/airflow/.local/lib/python3.8/site-packages/airflow/example_dags/example_sensor_decorator.py
[2025-03-11T14:25:37.042+0000] {processor.py:829} INFO - Processing file /home/airflow/.local/lib/python3.8/site-packages/airflow/example_dags/example_sensor_decorator.py for tasks to queue
[2025-03-11T14:25:37.043+0000] {logging_mixin.py:154} INFO - [2025-03-11T14:25:37.043+0000] {dagbag.py:536} INFO - Filling up the DagBag from /home/airflow/.local/lib/python3.8/site-packages/airflow/example_dags/example_sensor_decorator.py
[2025-03-11T14:25:37.045+0000] {processor.py:839} INFO - DAG(s) dict_keys(['example_sensor_decorator']) retrieved from /home/airflow/.local/lib/python3.8/site-packages/airflow/example_dags/example_sensor_decorator.py
[2025-03-11T14:25:37.056+0000] {logging_mixin.py:154} INFO - [2025-03-11T14:25:37.056+0000] {dag.py:2941} INFO - Sync 1 DAGs
[2025-03-11T14:25:37.064+0000] {logging_mixin.py:154} INFO - [2025-03-11T14:25:37.064+0000] {dag.py:3722} INFO - Setting next_dagrun for example_sensor_decorator to None, run_after=None
[2025-03-11T14:25:37.074+0000] {processor.py:179} INFO - Processing /home/airflow/.local/lib/python3.8/site-packages/airflow/example_dags/example_sensor_decorator.py took 0.036 seconds
[2025-03-11T14:26:07.528+0000] {processor.py:157} INFO - Started process (PID=9607) to work on /home/airflow/.local/lib/python3.8/site-packages/airflow/example_dags/example_sensor_decorator.py
[2025-03-11T14:26:07.529+0000] {processor.py:829} INFO - Processing file /home/airflow/.local/lib/python3.8/site-packages/airflow/example_dags/example_sensor_decorator.py for tasks to queue
[2025-03-11T14:26:07.530+0000] {logging_mixin.py:154} INFO - [2025-03-11T14:26:07.530+0000] {dagbag.py:536} INFO - Filling up the DagBag from /home/airflow/.local/lib/python3.8/site-packages/airflow/example_dags/example_sensor_decorator.py
[2025-03-11T14:26:07.532+0000] {processor.py:839} INFO - DAG(s) dict_keys(['example_sensor_decorator']) retrieved from /home/airflow/.local/lib/python3.8/site-packages/airflow/example_dags/example_sensor_decorator.py
[2025-03-11T14:26:07.543+0000] {logging_mixin.py:154} INFO - [2025-03-11T14:26:07.543+0000] {dag.py:2941} INFO - Sync 1 DAGs
[2025-03-11T14:26:07.548+0000] {logging_mixin.py:154} INFO - [2025-03-11T14:26:07.548+0000] {dag.py:3722} INFO - Setting next_dagrun for example_sensor_decorator to None, run_after=None
[2025-03-11T14:26:07.555+0000] {processor.py:179} INFO - Processing /home/airflow/.local/lib/python3.8/site-packages/airflow/example_dags/example_sensor_decorator.py took 0.028 seconds
[2025-03-11T14:26:38.101+0000] {processor.py:157} INFO - Started process (PID=9663) to work on /home/airflow/.local/lib/python3.8/site-packages/airflow/example_dags/example_sensor_decorator.py
[2025-03-11T14:26:38.102+0000] {processor.py:829} INFO - Processing file /home/airflow/.local/lib/python3.8/site-packages/airflow/example_dags/example_sensor_decorator.py for tasks to queue
[2025-03-11T14:26:38.103+0000] {logging_mixin.py:154} INFO - [2025-03-11T14:26:38.102+0000] {dagbag.py:536} INFO - Filling up the DagBag from /home/airflow/.local/lib/python3.8/site-packages/airflow/example_dags/example_sensor_decorator.py
[2025-03-11T14:26:38.105+0000] {processor.py:839} INFO - DAG(s) dict_keys(['example_sensor_decorator']) retrieved from /home/airflow/.local/lib/python3.8/site-packages/airflow/example_dags/example_sensor_decorator.py
[2025-03-11T14:26:38.114+0000] {logging_mixin.py:154} INFO - [2025-03-11T14:26:38.114+0000] {dag.py:2941} INFO - Sync 1 DAGs
[2025-03-11T14:26:38.120+0000] {logging_mixin.py:154} INFO - [2025-03-11T14:26:38.119+0000] {dag.py:3722} INFO - Setting next_dagrun for example_sensor_decorator to None, run_after=None
[2025-03-11T14:26:38.129+0000] {processor.py:179} INFO - Processing /home/airflow/.local/lib/python3.8/site-packages/airflow/example_dags/example_sensor_decorator.py took 0.029 seconds
[2025-03-11T14:27:08.675+0000] {processor.py:157} INFO - Started process (PID=9719) to work on /home/airflow/.local/lib/python3.8/site-packages/airflow/example_dags/example_sensor_decorator.py
[2025-03-11T14:27:08.675+0000] {processor.py:829} INFO - Processing file /home/airflow/.local/lib/python3.8/site-packages/airflow/example_dags/example_sensor_decorator.py for tasks to queue
[2025-03-11T14:27:08.676+0000] {logging_mixin.py:154} INFO - [2025-03-11T14:27:08.676+0000] {dagbag.py:536} INFO - Filling up the DagBag from /home/airflow/.local/lib/python3.8/site-packages/airflow/example_dags/example_sensor_decorator.py
[2025-03-11T14:27:08.678+0000] {processor.py:839} INFO - DAG(s) dict_keys(['example_sensor_decorator']) retrieved from /home/airflow/.local/lib/python3.8/site-packages/airflow/example_dags/example_sensor_decorator.py
[2025-03-11T14:27:08.688+0000] {logging_mixin.py:154} INFO - [2025-03-11T14:27:08.688+0000] {dag.py:2941} INFO - Sync 1 DAGs
[2025-03-11T14:27:08.694+0000] {logging_mixin.py:154} INFO - [2025-03-11T14:27:08.694+0000] {dag.py:3722} INFO - Setting next_dagrun for example_sensor_decorator to None, run_after=None
[2025-03-11T14:27:08.704+0000] {processor.py:179} INFO - Processing /home/airflow/.local/lib/python3.8/site-packages/airflow/example_dags/example_sensor_decorator.py took 0.031 seconds
[2025-03-11T14:27:39.418+0000] {processor.py:157} INFO - Started process (PID=9775) to work on /home/airflow/.local/lib/python3.8/site-packages/airflow/example_dags/example_sensor_decorator.py
[2025-03-11T14:27:39.418+0000] {processor.py:829} INFO - Processing file /home/airflow/.local/lib/python3.8/site-packages/airflow/example_dags/example_sensor_decorator.py for tasks to queue
[2025-03-11T14:27:39.420+0000] {logging_mixin.py:154} INFO - [2025-03-11T14:27:39.419+0000] {dagbag.py:536} INFO - Filling up the DagBag from /home/airflow/.local/lib/python3.8/site-packages/airflow/example_dags/example_sensor_decorator.py
[2025-03-11T14:27:39.423+0000] {processor.py:839} INFO - DAG(s) dict_keys(['example_sensor_decorator']) retrieved from /home/airflow/.local/lib/python3.8/site-packages/airflow/example_dags/example_sensor_decorator.py
[2025-03-11T14:27:39.434+0000] {logging_mixin.py:154} INFO - [2025-03-11T14:27:39.434+0000] {dag.py:2941} INFO - Sync 1 DAGs
[2025-03-11T14:27:39.440+0000] {logging_mixin.py:154} INFO - [2025-03-11T14:27:39.440+0000] {dag.py:3722} INFO - Setting next_dagrun for example_sensor_decorator to None, run_after=None
[2025-03-11T14:27:39.451+0000] {processor.py:179} INFO - Processing /home/airflow/.local/lib/python3.8/site-packages/airflow/example_dags/example_sensor_decorator.py took 0.035 seconds
[2025-03-11T14:28:10.144+0000] {processor.py:157} INFO - Started process (PID=9831) to work on /home/airflow/.local/lib/python3.8/site-packages/airflow/example_dags/example_sensor_decorator.py
[2025-03-11T14:28:10.145+0000] {processor.py:829} INFO - Processing file /home/airflow/.local/lib/python3.8/site-packages/airflow/example_dags/example_sensor_decorator.py for tasks to queue
[2025-03-11T14:28:10.146+0000] {logging_mixin.py:154} INFO - [2025-03-11T14:28:10.146+0000] {dagbag.py:536} INFO - Filling up the DagBag from /home/airflow/.local/lib/python3.8/site-packages/airflow/example_dags/example_sensor_decorator.py
[2025-03-11T14:28:10.149+0000] {processor.py:839} INFO - DAG(s) dict_keys(['example_sensor_decorator']) retrieved from /home/airflow/.local/lib/python3.8/site-packages/airflow/example_dags/example_sensor_decorator.py
[2025-03-11T14:28:10.160+0000] {logging_mixin.py:154} INFO - [2025-03-11T14:28:10.160+0000] {dag.py:2941} INFO - Sync 1 DAGs
[2025-03-11T14:28:10.166+0000] {logging_mixin.py:154} INFO - [2025-03-11T14:28:10.166+0000] {dag.py:3722} INFO - Setting next_dagrun for example_sensor_decorator to None, run_after=None
[2025-03-11T14:28:10.175+0000] {processor.py:179} INFO - Processing /home/airflow/.local/lib/python3.8/site-packages/airflow/example_dags/example_sensor_decorator.py took 0.032 seconds
[2025-03-11T14:28:40.849+0000] {processor.py:157} INFO - Started process (PID=9887) to work on /home/airflow/.local/lib/python3.8/site-packages/airflow/example_dags/example_sensor_decorator.py
[2025-03-11T14:28:40.850+0000] {processor.py:829} INFO - Processing file /home/airflow/.local/lib/python3.8/site-packages/airflow/example_dags/example_sensor_decorator.py for tasks to queue
[2025-03-11T14:28:40.851+0000] {logging_mixin.py:154} INFO - [2025-03-11T14:28:40.851+0000] {dagbag.py:536} INFO - Filling up the DagBag from /home/airflow/.local/lib/python3.8/site-packages/airflow/example_dags/example_sensor_decorator.py
[2025-03-11T14:28:40.853+0000] {processor.py:839} INFO - DAG(s) dict_keys(['example_sensor_decorator']) retrieved from /home/airflow/.local/lib/python3.8/site-packages/airflow/example_dags/example_sensor_decorator.py
[2025-03-11T14:28:40.865+0000] {logging_mixin.py:154} INFO - [2025-03-11T14:28:40.865+0000] {dag.py:2941} INFO - Sync 1 DAGs
[2025-03-11T14:28:40.870+0000] {logging_mixin.py:154} INFO - [2025-03-11T14:28:40.870+0000] {dag.py:3722} INFO - Setting next_dagrun for example_sensor_decorator to None, run_after=None
[2025-03-11T14:28:40.877+0000] {processor.py:179} INFO - Processing /home/airflow/.local/lib/python3.8/site-packages/airflow/example_dags/example_sensor_decorator.py took 0.029 seconds
[2025-03-11T14:29:11.474+0000] {processor.py:157} INFO - Started process (PID=9942) to work on /home/airflow/.local/lib/python3.8/site-packages/airflow/example_dags/example_sensor_decorator.py
[2025-03-11T14:29:11.474+0000] {processor.py:829} INFO - Processing file /home/airflow/.local/lib/python3.8/site-packages/airflow/example_dags/example_sensor_decorator.py for tasks to queue
[2025-03-11T14:29:11.475+0000] {logging_mixin.py:154} INFO - [2025-03-11T14:29:11.475+0000] {dagbag.py:536} INFO - Filling up the DagBag from /home/airflow/.local/lib/python3.8/site-packages/airflow/example_dags/example_sensor_decorator.py
[2025-03-11T14:29:11.478+0000] {processor.py:839} INFO - DAG(s) dict_keys(['example_sensor_decorator']) retrieved from /home/airflow/.local/lib/python3.8/site-packages/airflow/example_dags/example_sensor_decorator.py
[2025-03-11T14:29:11.488+0000] {logging_mixin.py:154} INFO - [2025-03-11T14:29:11.488+0000] {dag.py:2941} INFO - Sync 1 DAGs
[2025-03-11T14:29:11.493+0000] {logging_mixin.py:154} INFO - [2025-03-11T14:29:11.493+0000] {dag.py:3722} INFO - Setting next_dagrun for example_sensor_decorator to None, run_after=None
[2025-03-11T14:29:11.503+0000] {processor.py:179} INFO - Processing /home/airflow/.local/lib/python3.8/site-packages/airflow/example_dags/example_sensor_decorator.py took 0.031 seconds
[2025-03-11T14:29:42.477+0000] {processor.py:157} INFO - Started process (PID=9998) to work on /home/airflow/.local/lib/python3.8/site-packages/airflow/example_dags/example_sensor_decorator.py
[2025-03-11T14:29:42.478+0000] {processor.py:829} INFO - Processing file /home/airflow/.local/lib/python3.8/site-packages/airflow/example_dags/example_sensor_decorator.py for tasks to queue
[2025-03-11T14:29:42.482+0000] {logging_mixin.py:154} INFO - [2025-03-11T14:29:42.481+0000] {dagbag.py:536} INFO - Filling up the DagBag from /home/airflow/.local/lib/python3.8/site-packages/airflow/example_dags/example_sensor_decorator.py
[2025-03-11T14:29:42.486+0000] {processor.py:839} INFO - DAG(s) dict_keys(['example_sensor_decorator']) retrieved from /home/airflow/.local/lib/python3.8/site-packages/airflow/example_dags/example_sensor_decorator.py
[2025-03-11T14:29:42.498+0000] {logging_mixin.py:154} INFO - [2025-03-11T14:29:42.498+0000] {dag.py:2941} INFO - Sync 1 DAGs
[2025-03-11T14:29:42.505+0000] {logging_mixin.py:154} INFO - [2025-03-11T14:29:42.505+0000] {dag.py:3722} INFO - Setting next_dagrun for example_sensor_decorator to None, run_after=None
[2025-03-11T14:29:42.516+0000] {processor.py:179} INFO - Processing /home/airflow/.local/lib/python3.8/site-packages/airflow/example_dags/example_sensor_decorator.py took 0.041 seconds
[2025-03-11T14:30:13.040+0000] {processor.py:157} INFO - Started process (PID=10054) to work on /home/airflow/.local/lib/python3.8/site-packages/airflow/example_dags/example_sensor_decorator.py
[2025-03-11T14:30:13.041+0000] {processor.py:829} INFO - Processing file /home/airflow/.local/lib/python3.8/site-packages/airflow/example_dags/example_sensor_decorator.py for tasks to queue
[2025-03-11T14:30:13.047+0000] {logging_mixin.py:154} INFO - [2025-03-11T14:30:13.046+0000] {dagbag.py:536} INFO - Filling up the DagBag from /home/airflow/.local/lib/python3.8/site-packages/airflow/example_dags/example_sensor_decorator.py
[2025-03-11T14:30:13.050+0000] {processor.py:839} INFO - DAG(s) dict_keys(['example_sensor_decorator']) retrieved from /home/airflow/.local/lib/python3.8/site-packages/airflow/example_dags/example_sensor_decorator.py
[2025-03-11T14:30:13.065+0000] {logging_mixin.py:154} INFO - [2025-03-11T14:30:13.065+0000] {dag.py:2941} INFO - Sync 1 DAGs
[2025-03-11T14:30:13.072+0000] {logging_mixin.py:154} INFO - [2025-03-11T14:30:13.072+0000] {dag.py:3722} INFO - Setting next_dagrun for example_sensor_decorator to None, run_after=None
[2025-03-11T14:30:13.082+0000] {processor.py:179} INFO - Processing /home/airflow/.local/lib/python3.8/site-packages/airflow/example_dags/example_sensor_decorator.py took 0.045 seconds
[2025-03-11T14:30:43.301+0000] {processor.py:157} INFO - Started process (PID=10110) to work on /home/airflow/.local/lib/python3.8/site-packages/airflow/example_dags/example_sensor_decorator.py
[2025-03-11T14:30:43.302+0000] {processor.py:829} INFO - Processing file /home/airflow/.local/lib/python3.8/site-packages/airflow/example_dags/example_sensor_decorator.py for tasks to queue
[2025-03-11T14:30:43.303+0000] {logging_mixin.py:154} INFO - [2025-03-11T14:30:43.303+0000] {dagbag.py:536} INFO - Filling up the DagBag from /home/airflow/.local/lib/python3.8/site-packages/airflow/example_dags/example_sensor_decorator.py
[2025-03-11T14:30:43.305+0000] {processor.py:839} INFO - DAG(s) dict_keys(['example_sensor_decorator']) retrieved from /home/airflow/.local/lib/python3.8/site-packages/airflow/example_dags/example_sensor_decorator.py
[2025-03-11T14:30:43.315+0000] {logging_mixin.py:154} INFO - [2025-03-11T14:30:43.315+0000] {dag.py:2941} INFO - Sync 1 DAGs
[2025-03-11T14:30:43.408+0000] {logging_mixin.py:154} INFO - [2025-03-11T14:30:43.408+0000] {dag.py:3722} INFO - Setting next_dagrun for example_sensor_decorator to None, run_after=None
[2025-03-11T14:30:43.419+0000] {processor.py:179} INFO - Processing /home/airflow/.local/lib/python3.8/site-packages/airflow/example_dags/example_sensor_decorator.py took 0.119 seconds
[2025-03-11T14:31:14.087+0000] {processor.py:157} INFO - Started process (PID=10166) to work on /home/airflow/.local/lib/python3.8/site-packages/airflow/example_dags/example_sensor_decorator.py
[2025-03-11T14:31:14.088+0000] {processor.py:829} INFO - Processing file /home/airflow/.local/lib/python3.8/site-packages/airflow/example_dags/example_sensor_decorator.py for tasks to queue
[2025-03-11T14:31:14.089+0000] {logging_mixin.py:154} INFO - [2025-03-11T14:31:14.089+0000] {dagbag.py:536} INFO - Filling up the DagBag from /home/airflow/.local/lib/python3.8/site-packages/airflow/example_dags/example_sensor_decorator.py
[2025-03-11T14:31:14.092+0000] {processor.py:839} INFO - DAG(s) dict_keys(['example_sensor_decorator']) retrieved from /home/airflow/.local/lib/python3.8/site-packages/airflow/example_dags/example_sensor_decorator.py
[2025-03-11T14:31:14.102+0000] {logging_mixin.py:154} INFO - [2025-03-11T14:31:14.102+0000] {dag.py:2941} INFO - Sync 1 DAGs
[2025-03-11T14:31:14.194+0000] {logging_mixin.py:154} INFO - [2025-03-11T14:31:14.194+0000] {dag.py:3722} INFO - Setting next_dagrun for example_sensor_decorator to None, run_after=None
[2025-03-11T14:31:14.203+0000] {processor.py:179} INFO - Processing /home/airflow/.local/lib/python3.8/site-packages/airflow/example_dags/example_sensor_decorator.py took 0.117 seconds
[2025-03-11T14:31:44.391+0000] {processor.py:157} INFO - Started process (PID=10222) to work on /home/airflow/.local/lib/python3.8/site-packages/airflow/example_dags/example_sensor_decorator.py
[2025-03-11T14:31:44.391+0000] {processor.py:829} INFO - Processing file /home/airflow/.local/lib/python3.8/site-packages/airflow/example_dags/example_sensor_decorator.py for tasks to queue
[2025-03-11T14:31:44.392+0000] {logging_mixin.py:154} INFO - [2025-03-11T14:31:44.392+0000] {dagbag.py:536} INFO - Filling up the DagBag from /home/airflow/.local/lib/python3.8/site-packages/airflow/example_dags/example_sensor_decorator.py
[2025-03-11T14:31:44.395+0000] {processor.py:839} INFO - DAG(s) dict_keys(['example_sensor_decorator']) retrieved from /home/airflow/.local/lib/python3.8/site-packages/airflow/example_dags/example_sensor_decorator.py
[2025-03-11T14:31:44.405+0000] {logging_mixin.py:154} INFO - [2025-03-11T14:31:44.405+0000] {dag.py:2941} INFO - Sync 1 DAGs
[2025-03-11T14:31:44.410+0000] {logging_mixin.py:154} INFO - [2025-03-11T14:31:44.410+0000] {dag.py:3722} INFO - Setting next_dagrun for example_sensor_decorator to None, run_after=None
[2025-03-11T14:31:44.419+0000] {processor.py:179} INFO - Processing /home/airflow/.local/lib/python3.8/site-packages/airflow/example_dags/example_sensor_decorator.py took 0.030 seconds
[2025-03-11T14:32:15.343+0000] {processor.py:157} INFO - Started process (PID=10278) to work on /home/airflow/.local/lib/python3.8/site-packages/airflow/example_dags/example_sensor_decorator.py
[2025-03-11T14:32:15.344+0000] {processor.py:829} INFO - Processing file /home/airflow/.local/lib/python3.8/site-packages/airflow/example_dags/example_sensor_decorator.py for tasks to queue
[2025-03-11T14:32:15.345+0000] {logging_mixin.py:154} INFO - [2025-03-11T14:32:15.345+0000] {dagbag.py:536} INFO - Filling up the DagBag from /home/airflow/.local/lib/python3.8/site-packages/airflow/example_dags/example_sensor_decorator.py
[2025-03-11T14:32:15.348+0000] {processor.py:839} INFO - DAG(s) dict_keys(['example_sensor_decorator']) retrieved from /home/airflow/.local/lib/python3.8/site-packages/airflow/example_dags/example_sensor_decorator.py
[2025-03-11T14:32:15.357+0000] {logging_mixin.py:154} INFO - [2025-03-11T14:32:15.357+0000] {dag.py:2941} INFO - Sync 1 DAGs
[2025-03-11T14:32:15.362+0000] {logging_mixin.py:154} INFO - [2025-03-11T14:32:15.362+0000] {dag.py:3722} INFO - Setting next_dagrun for example_sensor_decorator to None, run_after=None
[2025-03-11T14:32:15.369+0000] {processor.py:179} INFO - Processing /home/airflow/.local/lib/python3.8/site-packages/airflow/example_dags/example_sensor_decorator.py took 0.027 seconds
[2025-03-11T14:32:45.994+0000] {processor.py:157} INFO - Started process (PID=10334) to work on /home/airflow/.local/lib/python3.8/site-packages/airflow/example_dags/example_sensor_decorator.py
[2025-03-11T14:32:45.994+0000] {processor.py:829} INFO - Processing file /home/airflow/.local/lib/python3.8/site-packages/airflow/example_dags/example_sensor_decorator.py for tasks to queue
[2025-03-11T14:32:45.995+0000] {logging_mixin.py:154} INFO - [2025-03-11T14:32:45.995+0000] {dagbag.py:536} INFO - Filling up the DagBag from /home/airflow/.local/lib/python3.8/site-packages/airflow/example_dags/example_sensor_decorator.py
[2025-03-11T14:32:45.998+0000] {processor.py:839} INFO - DAG(s) dict_keys(['example_sensor_decorator']) retrieved from /home/airflow/.local/lib/python3.8/site-packages/airflow/example_dags/example_sensor_decorator.py
[2025-03-11T14:32:46.007+0000] {logging_mixin.py:154} INFO - [2025-03-11T14:32:46.007+0000] {dag.py:2941} INFO - Sync 1 DAGs
[2025-03-11T14:32:46.013+0000] {logging_mixin.py:154} INFO - [2025-03-11T14:32:46.013+0000] {dag.py:3722} INFO - Setting next_dagrun for example_sensor_decorator to None, run_after=None
[2025-03-11T14:32:46.023+0000] {processor.py:179} INFO - Processing /home/airflow/.local/lib/python3.8/site-packages/airflow/example_dags/example_sensor_decorator.py took 0.031 seconds
[2025-03-11T14:33:16.618+0000] {processor.py:157} INFO - Started process (PID=10390) to work on /home/airflow/.local/lib/python3.8/site-packages/airflow/example_dags/example_sensor_decorator.py
[2025-03-11T14:33:16.618+0000] {processor.py:829} INFO - Processing file /home/airflow/.local/lib/python3.8/site-packages/airflow/example_dags/example_sensor_decorator.py for tasks to queue
[2025-03-11T14:33:16.619+0000] {logging_mixin.py:154} INFO - [2025-03-11T14:33:16.619+0000] {dagbag.py:536} INFO - Filling up the DagBag from /home/airflow/.local/lib/python3.8/site-packages/airflow/example_dags/example_sensor_decorator.py
[2025-03-11T14:33:16.623+0000] {processor.py:839} INFO - DAG(s) dict_keys(['example_sensor_decorator']) retrieved from /home/airflow/.local/lib/python3.8/site-packages/airflow/example_dags/example_sensor_decorator.py
[2025-03-11T14:33:16.633+0000] {logging_mixin.py:154} INFO - [2025-03-11T14:33:16.632+0000] {dag.py:2941} INFO - Sync 1 DAGs
[2025-03-11T14:33:16.640+0000] {logging_mixin.py:154} INFO - [2025-03-11T14:33:16.640+0000] {dag.py:3722} INFO - Setting next_dagrun for example_sensor_decorator to None, run_after=None
[2025-03-11T14:33:16.648+0000] {processor.py:179} INFO - Processing /home/airflow/.local/lib/python3.8/site-packages/airflow/example_dags/example_sensor_decorator.py took 0.032 seconds
[2025-03-11T14:33:47.242+0000] {processor.py:157} INFO - Started process (PID=10446) to work on /home/airflow/.local/lib/python3.8/site-packages/airflow/example_dags/example_sensor_decorator.py
[2025-03-11T14:33:47.242+0000] {processor.py:829} INFO - Processing file /home/airflow/.local/lib/python3.8/site-packages/airflow/example_dags/example_sensor_decorator.py for tasks to queue
[2025-03-11T14:33:47.244+0000] {logging_mixin.py:154} INFO - [2025-03-11T14:33:47.244+0000] {dagbag.py:536} INFO - Filling up the DagBag from /home/airflow/.local/lib/python3.8/site-packages/airflow/example_dags/example_sensor_decorator.py
[2025-03-11T14:33:47.249+0000] {processor.py:839} INFO - DAG(s) dict_keys(['example_sensor_decorator']) retrieved from /home/airflow/.local/lib/python3.8/site-packages/airflow/example_dags/example_sensor_decorator.py
[2025-03-11T14:33:47.258+0000] {logging_mixin.py:154} INFO - [2025-03-11T14:33:47.258+0000] {dag.py:2941} INFO - Sync 1 DAGs
[2025-03-11T14:33:47.263+0000] {logging_mixin.py:154} INFO - [2025-03-11T14:33:47.263+0000] {dag.py:3722} INFO - Setting next_dagrun for example_sensor_decorator to None, run_after=None
[2025-03-11T14:33:47.272+0000] {processor.py:179} INFO - Processing /home/airflow/.local/lib/python3.8/site-packages/airflow/example_dags/example_sensor_decorator.py took 0.032 seconds
[2025-03-11T14:34:17.912+0000] {processor.py:157} INFO - Started process (PID=10502) to work on /home/airflow/.local/lib/python3.8/site-packages/airflow/example_dags/example_sensor_decorator.py
[2025-03-11T14:34:17.912+0000] {processor.py:829} INFO - Processing file /home/airflow/.local/lib/python3.8/site-packages/airflow/example_dags/example_sensor_decorator.py for tasks to queue
[2025-03-11T14:34:17.914+0000] {logging_mixin.py:154} INFO - [2025-03-11T14:34:17.913+0000] {dagbag.py:536} INFO - Filling up the DagBag from /home/airflow/.local/lib/python3.8/site-packages/airflow/example_dags/example_sensor_decorator.py
[2025-03-11T14:34:17.917+0000] {processor.py:839} INFO - DAG(s) dict_keys(['example_sensor_decorator']) retrieved from /home/airflow/.local/lib/python3.8/site-packages/airflow/example_dags/example_sensor_decorator.py
[2025-03-11T14:34:17.927+0000] {logging_mixin.py:154} INFO - [2025-03-11T14:34:17.927+0000] {dag.py:2941} INFO - Sync 1 DAGs
[2025-03-11T14:34:17.933+0000] {logging_mixin.py:154} INFO - [2025-03-11T14:34:17.933+0000] {dag.py:3722} INFO - Setting next_dagrun for example_sensor_decorator to None, run_after=None
[2025-03-11T14:34:17.945+0000] {processor.py:179} INFO - Processing /home/airflow/.local/lib/python3.8/site-packages/airflow/example_dags/example_sensor_decorator.py took 0.035 seconds
[2025-03-11T14:34:48.579+0000] {processor.py:157} INFO - Started process (PID=10558) to work on /home/airflow/.local/lib/python3.8/site-packages/airflow/example_dags/example_sensor_decorator.py
[2025-03-11T14:34:48.579+0000] {processor.py:829} INFO - Processing file /home/airflow/.local/lib/python3.8/site-packages/airflow/example_dags/example_sensor_decorator.py for tasks to queue
[2025-03-11T14:34:48.581+0000] {logging_mixin.py:154} INFO - [2025-03-11T14:34:48.581+0000] {dagbag.py:536} INFO - Filling up the DagBag from /home/airflow/.local/lib/python3.8/site-packages/airflow/example_dags/example_sensor_decorator.py
[2025-03-11T14:34:48.586+0000] {processor.py:839} INFO - DAG(s) dict_keys(['example_sensor_decorator']) retrieved from /home/airflow/.local/lib/python3.8/site-packages/airflow/example_dags/example_sensor_decorator.py
[2025-03-11T14:34:48.596+0000] {logging_mixin.py:154} INFO - [2025-03-11T14:34:48.596+0000] {dag.py:2941} INFO - Sync 1 DAGs
[2025-03-11T14:34:48.601+0000] {logging_mixin.py:154} INFO - [2025-03-11T14:34:48.600+0000] {dag.py:3722} INFO - Setting next_dagrun for example_sensor_decorator to None, run_after=None
[2025-03-11T14:34:48.609+0000] {processor.py:179} INFO - Processing /home/airflow/.local/lib/python3.8/site-packages/airflow/example_dags/example_sensor_decorator.py took 0.032 seconds
[2025-03-11T14:35:19.200+0000] {processor.py:157} INFO - Started process (PID=10614) to work on /home/airflow/.local/lib/python3.8/site-packages/airflow/example_dags/example_sensor_decorator.py
[2025-03-11T14:35:19.200+0000] {processor.py:829} INFO - Processing file /home/airflow/.local/lib/python3.8/site-packages/airflow/example_dags/example_sensor_decorator.py for tasks to queue
[2025-03-11T14:35:19.201+0000] {logging_mixin.py:154} INFO - [2025-03-11T14:35:19.201+0000] {dagbag.py:536} INFO - Filling up the DagBag from /home/airflow/.local/lib/python3.8/site-packages/airflow/example_dags/example_sensor_decorator.py
[2025-03-11T14:35:19.204+0000] {processor.py:839} INFO - DAG(s) dict_keys(['example_sensor_decorator']) retrieved from /home/airflow/.local/lib/python3.8/site-packages/airflow/example_dags/example_sensor_decorator.py
[2025-03-11T14:35:19.214+0000] {logging_mixin.py:154} INFO - [2025-03-11T14:35:19.214+0000] {dag.py:2941} INFO - Sync 1 DAGs
[2025-03-11T14:35:19.220+0000] {logging_mixin.py:154} INFO - [2025-03-11T14:35:19.220+0000] {dag.py:3722} INFO - Setting next_dagrun for example_sensor_decorator to None, run_after=None
[2025-03-11T14:35:19.227+0000] {processor.py:179} INFO - Processing /home/airflow/.local/lib/python3.8/site-packages/airflow/example_dags/example_sensor_decorator.py took 0.029 seconds
[2025-03-11T14:35:49.860+0000] {processor.py:157} INFO - Started process (PID=10670) to work on /home/airflow/.local/lib/python3.8/site-packages/airflow/example_dags/example_sensor_decorator.py
[2025-03-11T14:35:49.860+0000] {processor.py:829} INFO - Processing file /home/airflow/.local/lib/python3.8/site-packages/airflow/example_dags/example_sensor_decorator.py for tasks to queue
[2025-03-11T14:35:49.861+0000] {logging_mixin.py:154} INFO - [2025-03-11T14:35:49.861+0000] {dagbag.py:536} INFO - Filling up the DagBag from /home/airflow/.local/lib/python3.8/site-packages/airflow/example_dags/example_sensor_decorator.py
[2025-03-11T14:35:49.864+0000] {processor.py:839} INFO - DAG(s) dict_keys(['example_sensor_decorator']) retrieved from /home/airflow/.local/lib/python3.8/site-packages/airflow/example_dags/example_sensor_decorator.py
[2025-03-11T14:35:49.875+0000] {logging_mixin.py:154} INFO - [2025-03-11T14:35:49.875+0000] {dag.py:2941} INFO - Sync 1 DAGs
[2025-03-11T14:35:49.880+0000] {logging_mixin.py:154} INFO - [2025-03-11T14:35:49.879+0000] {dag.py:3722} INFO - Setting next_dagrun for example_sensor_decorator to None, run_after=None
[2025-03-11T14:35:49.888+0000] {processor.py:179} INFO - Processing /home/airflow/.local/lib/python3.8/site-packages/airflow/example_dags/example_sensor_decorator.py took 0.030 seconds
[2025-03-11T14:36:20.523+0000] {processor.py:157} INFO - Started process (PID=10726) to work on /home/airflow/.local/lib/python3.8/site-packages/airflow/example_dags/example_sensor_decorator.py
[2025-03-11T14:36:20.523+0000] {processor.py:829} INFO - Processing file /home/airflow/.local/lib/python3.8/site-packages/airflow/example_dags/example_sensor_decorator.py for tasks to queue
[2025-03-11T14:36:20.524+0000] {logging_mixin.py:154} INFO - [2025-03-11T14:36:20.524+0000] {dagbag.py:536} INFO - Filling up the DagBag from /home/airflow/.local/lib/python3.8/site-packages/airflow/example_dags/example_sensor_decorator.py
[2025-03-11T14:36:20.527+0000] {processor.py:839} INFO - DAG(s) dict_keys(['example_sensor_decorator']) retrieved from /home/airflow/.local/lib/python3.8/site-packages/airflow/example_dags/example_sensor_decorator.py
[2025-03-11T14:36:20.537+0000] {logging_mixin.py:154} INFO - [2025-03-11T14:36:20.536+0000] {dag.py:2941} INFO - Sync 1 DAGs
[2025-03-11T14:36:20.542+0000] {logging_mixin.py:154} INFO - [2025-03-11T14:36:20.542+0000] {dag.py:3722} INFO - Setting next_dagrun for example_sensor_decorator to None, run_after=None
[2025-03-11T14:36:20.553+0000] {processor.py:179} INFO - Processing /home/airflow/.local/lib/python3.8/site-packages/airflow/example_dags/example_sensor_decorator.py took 0.032 seconds
[2025-03-11T14:36:51.236+0000] {processor.py:157} INFO - Started process (PID=10782) to work on /home/airflow/.local/lib/python3.8/site-packages/airflow/example_dags/example_sensor_decorator.py
[2025-03-11T14:36:51.237+0000] {processor.py:829} INFO - Processing file /home/airflow/.local/lib/python3.8/site-packages/airflow/example_dags/example_sensor_decorator.py for tasks to queue
[2025-03-11T14:36:51.238+0000] {logging_mixin.py:154} INFO - [2025-03-11T14:36:51.238+0000] {dagbag.py:536} INFO - Filling up the DagBag from /home/airflow/.local/lib/python3.8/site-packages/airflow/example_dags/example_sensor_decorator.py
[2025-03-11T14:36:51.241+0000] {processor.py:839} INFO - DAG(s) dict_keys(['example_sensor_decorator']) retrieved from /home/airflow/.local/lib/python3.8/site-packages/airflow/example_dags/example_sensor_decorator.py
[2025-03-11T14:36:51.251+0000] {logging_mixin.py:154} INFO - [2025-03-11T14:36:51.250+0000] {dag.py:2941} INFO - Sync 1 DAGs
[2025-03-11T14:36:51.256+0000] {logging_mixin.py:154} INFO - [2025-03-11T14:36:51.256+0000] {dag.py:3722} INFO - Setting next_dagrun for example_sensor_decorator to None, run_after=None
[2025-03-11T14:36:51.268+0000] {processor.py:179} INFO - Processing /home/airflow/.local/lib/python3.8/site-packages/airflow/example_dags/example_sensor_decorator.py took 0.033 seconds
[2025-03-11T14:37:21.907+0000] {processor.py:157} INFO - Started process (PID=10838) to work on /home/airflow/.local/lib/python3.8/site-packages/airflow/example_dags/example_sensor_decorator.py
[2025-03-11T14:37:21.908+0000] {processor.py:829} INFO - Processing file /home/airflow/.local/lib/python3.8/site-packages/airflow/example_dags/example_sensor_decorator.py for tasks to queue
[2025-03-11T14:37:21.909+0000] {logging_mixin.py:154} INFO - [2025-03-11T14:37:21.909+0000] {dagbag.py:536} INFO - Filling up the DagBag from /home/airflow/.local/lib/python3.8/site-packages/airflow/example_dags/example_sensor_decorator.py
[2025-03-11T14:37:21.911+0000] {processor.py:839} INFO - DAG(s) dict_keys(['example_sensor_decorator']) retrieved from /home/airflow/.local/lib/python3.8/site-packages/airflow/example_dags/example_sensor_decorator.py
[2025-03-11T14:37:21.922+0000] {logging_mixin.py:154} INFO - [2025-03-11T14:37:21.922+0000] {dag.py:2941} INFO - Sync 1 DAGs
[2025-03-11T14:37:21.927+0000] {logging_mixin.py:154} INFO - [2025-03-11T14:37:21.927+0000] {dag.py:3722} INFO - Setting next_dagrun for example_sensor_decorator to None, run_after=None
[2025-03-11T14:37:21.934+0000] {processor.py:179} INFO - Processing /home/airflow/.local/lib/python3.8/site-packages/airflow/example_dags/example_sensor_decorator.py took 0.028 seconds
[2025-03-11T14:37:52.490+0000] {processor.py:157} INFO - Started process (PID=10894) to work on /home/airflow/.local/lib/python3.8/site-packages/airflow/example_dags/example_sensor_decorator.py
[2025-03-11T14:37:52.491+0000] {processor.py:829} INFO - Processing file /home/airflow/.local/lib/python3.8/site-packages/airflow/example_dags/example_sensor_decorator.py for tasks to queue
[2025-03-11T14:37:52.492+0000] {logging_mixin.py:154} INFO - [2025-03-11T14:37:52.492+0000] {dagbag.py:536} INFO - Filling up the DagBag from /home/airflow/.local/lib/python3.8/site-packages/airflow/example_dags/example_sensor_decorator.py
[2025-03-11T14:37:52.494+0000] {processor.py:839} INFO - DAG(s) dict_keys(['example_sensor_decorator']) retrieved from /home/airflow/.local/lib/python3.8/site-packages/airflow/example_dags/example_sensor_decorator.py
[2025-03-11T14:37:52.506+0000] {logging_mixin.py:154} INFO - [2025-03-11T14:37:52.505+0000] {dag.py:2941} INFO - Sync 1 DAGs
[2025-03-11T14:37:52.510+0000] {logging_mixin.py:154} INFO - [2025-03-11T14:37:52.510+0000] {dag.py:3722} INFO - Setting next_dagrun for example_sensor_decorator to None, run_after=None
[2025-03-11T14:37:52.519+0000] {processor.py:179} INFO - Processing /home/airflow/.local/lib/python3.8/site-packages/airflow/example_dags/example_sensor_decorator.py took 0.030 seconds
[2025-03-11T14:38:23.174+0000] {processor.py:157} INFO - Started process (PID=10950) to work on /home/airflow/.local/lib/python3.8/site-packages/airflow/example_dags/example_sensor_decorator.py
[2025-03-11T14:38:23.174+0000] {processor.py:829} INFO - Processing file /home/airflow/.local/lib/python3.8/site-packages/airflow/example_dags/example_sensor_decorator.py for tasks to queue
[2025-03-11T14:38:23.175+0000] {logging_mixin.py:154} INFO - [2025-03-11T14:38:23.175+0000] {dagbag.py:536} INFO - Filling up the DagBag from /home/airflow/.local/lib/python3.8/site-packages/airflow/example_dags/example_sensor_decorator.py
[2025-03-11T14:38:23.178+0000] {processor.py:839} INFO - DAG(s) dict_keys(['example_sensor_decorator']) retrieved from /home/airflow/.local/lib/python3.8/site-packages/airflow/example_dags/example_sensor_decorator.py
[2025-03-11T14:38:23.191+0000] {logging_mixin.py:154} INFO - [2025-03-11T14:38:23.190+0000] {dag.py:2941} INFO - Sync 1 DAGs
[2025-03-11T14:38:23.196+0000] {logging_mixin.py:154} INFO - [2025-03-11T14:38:23.196+0000] {dag.py:3722} INFO - Setting next_dagrun for example_sensor_decorator to None, run_after=None
[2025-03-11T14:38:23.203+0000] {processor.py:179} INFO - Processing /home/airflow/.local/lib/python3.8/site-packages/airflow/example_dags/example_sensor_decorator.py took 0.031 seconds
[2025-03-11T14:38:53.836+0000] {processor.py:157} INFO - Started process (PID=11006) to work on /home/airflow/.local/lib/python3.8/site-packages/airflow/example_dags/example_sensor_decorator.py
[2025-03-11T14:38:53.836+0000] {processor.py:829} INFO - Processing file /home/airflow/.local/lib/python3.8/site-packages/airflow/example_dags/example_sensor_decorator.py for tasks to queue
[2025-03-11T14:38:53.839+0000] {logging_mixin.py:154} INFO - [2025-03-11T14:38:53.839+0000] {dagbag.py:536} INFO - Filling up the DagBag from /home/airflow/.local/lib/python3.8/site-packages/airflow/example_dags/example_sensor_decorator.py
[2025-03-11T14:38:53.842+0000] {processor.py:839} INFO - DAG(s) dict_keys(['example_sensor_decorator']) retrieved from /home/airflow/.local/lib/python3.8/site-packages/airflow/example_dags/example_sensor_decorator.py
[2025-03-11T14:38:53.854+0000] {logging_mixin.py:154} INFO - [2025-03-11T14:38:53.854+0000] {dag.py:2941} INFO - Sync 1 DAGs
[2025-03-11T14:38:53.859+0000] {logging_mixin.py:154} INFO - [2025-03-11T14:38:53.859+0000] {dag.py:3722} INFO - Setting next_dagrun for example_sensor_decorator to None, run_after=None
[2025-03-11T14:38:53.870+0000] {processor.py:179} INFO - Processing /home/airflow/.local/lib/python3.8/site-packages/airflow/example_dags/example_sensor_decorator.py took 0.036 seconds
[2025-03-11T14:39:24.561+0000] {processor.py:157} INFO - Started process (PID=11062) to work on /home/airflow/.local/lib/python3.8/site-packages/airflow/example_dags/example_sensor_decorator.py
[2025-03-11T14:39:24.561+0000] {processor.py:829} INFO - Processing file /home/airflow/.local/lib/python3.8/site-packages/airflow/example_dags/example_sensor_decorator.py for tasks to queue
[2025-03-11T14:39:24.563+0000] {logging_mixin.py:154} INFO - [2025-03-11T14:39:24.563+0000] {dagbag.py:536} INFO - Filling up the DagBag from /home/airflow/.local/lib/python3.8/site-packages/airflow/example_dags/example_sensor_decorator.py
[2025-03-11T14:39:24.567+0000] {processor.py:839} INFO - DAG(s) dict_keys(['example_sensor_decorator']) retrieved from /home/airflow/.local/lib/python3.8/site-packages/airflow/example_dags/example_sensor_decorator.py
[2025-03-11T14:39:24.579+0000] {logging_mixin.py:154} INFO - [2025-03-11T14:39:24.579+0000] {dag.py:2941} INFO - Sync 1 DAGs
[2025-03-11T14:39:24.585+0000] {logging_mixin.py:154} INFO - [2025-03-11T14:39:24.585+0000] {dag.py:3722} INFO - Setting next_dagrun for example_sensor_decorator to None, run_after=None
[2025-03-11T14:39:24.597+0000] {processor.py:179} INFO - Processing /home/airflow/.local/lib/python3.8/site-packages/airflow/example_dags/example_sensor_decorator.py took 0.038 seconds
[2025-03-11T14:39:55.305+0000] {processor.py:157} INFO - Started process (PID=11118) to work on /home/airflow/.local/lib/python3.8/site-packages/airflow/example_dags/example_sensor_decorator.py
[2025-03-11T14:39:55.305+0000] {processor.py:829} INFO - Processing file /home/airflow/.local/lib/python3.8/site-packages/airflow/example_dags/example_sensor_decorator.py for tasks to queue
[2025-03-11T14:39:55.306+0000] {logging_mixin.py:154} INFO - [2025-03-11T14:39:55.306+0000] {dagbag.py:536} INFO - Filling up the DagBag from /home/airflow/.local/lib/python3.8/site-packages/airflow/example_dags/example_sensor_decorator.py
[2025-03-11T14:39:55.309+0000] {processor.py:839} INFO - DAG(s) dict_keys(['example_sensor_decorator']) retrieved from /home/airflow/.local/lib/python3.8/site-packages/airflow/example_dags/example_sensor_decorator.py
[2025-03-11T14:39:55.321+0000] {logging_mixin.py:154} INFO - [2025-03-11T14:39:55.321+0000] {dag.py:2941} INFO - Sync 1 DAGs
[2025-03-11T14:39:55.327+0000] {logging_mixin.py:154} INFO - [2025-03-11T14:39:55.327+0000] {dag.py:3722} INFO - Setting next_dagrun for example_sensor_decorator to None, run_after=None
[2025-03-11T14:39:55.336+0000] {processor.py:179} INFO - Processing /home/airflow/.local/lib/python3.8/site-packages/airflow/example_dags/example_sensor_decorator.py took 0.033 seconds
[2025-03-11T14:40:26.000+0000] {processor.py:157} INFO - Started process (PID=11174) to work on /home/airflow/.local/lib/python3.8/site-packages/airflow/example_dags/example_sensor_decorator.py
[2025-03-11T14:40:26.000+0000] {processor.py:829} INFO - Processing file /home/airflow/.local/lib/python3.8/site-packages/airflow/example_dags/example_sensor_decorator.py for tasks to queue
[2025-03-11T14:40:26.002+0000] {logging_mixin.py:154} INFO - [2025-03-11T14:40:26.002+0000] {dagbag.py:536} INFO - Filling up the DagBag from /home/airflow/.local/lib/python3.8/site-packages/airflow/example_dags/example_sensor_decorator.py
[2025-03-11T14:40:26.005+0000] {processor.py:839} INFO - DAG(s) dict_keys(['example_sensor_decorator']) retrieved from /home/airflow/.local/lib/python3.8/site-packages/airflow/example_dags/example_sensor_decorator.py
[2025-03-11T14:40:26.018+0000] {logging_mixin.py:154} INFO - [2025-03-11T14:40:26.018+0000] {dag.py:2941} INFO - Sync 1 DAGs
[2025-03-11T14:40:26.023+0000] {logging_mixin.py:154} INFO - [2025-03-11T14:40:26.023+0000] {dag.py:3722} INFO - Setting next_dagrun for example_sensor_decorator to None, run_after=None
[2025-03-11T14:40:26.034+0000] {processor.py:179} INFO - Processing /home/airflow/.local/lib/python3.8/site-packages/airflow/example_dags/example_sensor_decorator.py took 0.036 seconds
[2025-03-11T14:40:56.748+0000] {processor.py:157} INFO - Started process (PID=11230) to work on /home/airflow/.local/lib/python3.8/site-packages/airflow/example_dags/example_sensor_decorator.py
[2025-03-11T14:40:56.749+0000] {processor.py:829} INFO - Processing file /home/airflow/.local/lib/python3.8/site-packages/airflow/example_dags/example_sensor_decorator.py for tasks to queue
[2025-03-11T14:40:56.750+0000] {logging_mixin.py:154} INFO - [2025-03-11T14:40:56.749+0000] {dagbag.py:536} INFO - Filling up the DagBag from /home/airflow/.local/lib/python3.8/site-packages/airflow/example_dags/example_sensor_decorator.py
[2025-03-11T14:40:56.754+0000] {processor.py:839} INFO - DAG(s) dict_keys(['example_sensor_decorator']) retrieved from /home/airflow/.local/lib/python3.8/site-packages/airflow/example_dags/example_sensor_decorator.py
[2025-03-11T14:40:56.764+0000] {logging_mixin.py:154} INFO - [2025-03-11T14:40:56.764+0000] {dag.py:2941} INFO - Sync 1 DAGs
[2025-03-11T14:40:56.769+0000] {logging_mixin.py:154} INFO - [2025-03-11T14:40:56.769+0000] {dag.py:3722} INFO - Setting next_dagrun for example_sensor_decorator to None, run_after=None
[2025-03-11T14:40:56.777+0000] {processor.py:179} INFO - Processing /home/airflow/.local/lib/python3.8/site-packages/airflow/example_dags/example_sensor_decorator.py took 0.031 seconds
[2025-03-11T14:41:27.385+0000] {processor.py:157} INFO - Started process (PID=11286) to work on /home/airflow/.local/lib/python3.8/site-packages/airflow/example_dags/example_sensor_decorator.py
[2025-03-11T14:41:27.385+0000] {processor.py:829} INFO - Processing file /home/airflow/.local/lib/python3.8/site-packages/airflow/example_dags/example_sensor_decorator.py for tasks to queue
[2025-03-11T14:41:27.387+0000] {logging_mixin.py:154} INFO - [2025-03-11T14:41:27.386+0000] {dagbag.py:536} INFO - Filling up the DagBag from /home/airflow/.local/lib/python3.8/site-packages/airflow/example_dags/example_sensor_decorator.py
[2025-03-11T14:41:27.390+0000] {processor.py:839} INFO - DAG(s) dict_keys(['example_sensor_decorator']) retrieved from /home/airflow/.local/lib/python3.8/site-packages/airflow/example_dags/example_sensor_decorator.py
[2025-03-11T14:41:27.401+0000] {logging_mixin.py:154} INFO - [2025-03-11T14:41:27.400+0000] {dag.py:2941} INFO - Sync 1 DAGs
[2025-03-11T14:41:27.405+0000] {logging_mixin.py:154} INFO - [2025-03-11T14:41:27.405+0000] {dag.py:3722} INFO - Setting next_dagrun for example_sensor_decorator to None, run_after=None
[2025-03-11T14:41:27.413+0000] {processor.py:179} INFO - Processing /home/airflow/.local/lib/python3.8/site-packages/airflow/example_dags/example_sensor_decorator.py took 0.029 seconds
[2025-03-11T14:41:58.166+0000] {processor.py:157} INFO - Started process (PID=11342) to work on /home/airflow/.local/lib/python3.8/site-packages/airflow/example_dags/example_sensor_decorator.py
[2025-03-11T14:41:58.167+0000] {processor.py:829} INFO - Processing file /home/airflow/.local/lib/python3.8/site-packages/airflow/example_dags/example_sensor_decorator.py for tasks to queue
[2025-03-11T14:41:58.168+0000] {logging_mixin.py:154} INFO - [2025-03-11T14:41:58.168+0000] {dagbag.py:536} INFO - Filling up the DagBag from /home/airflow/.local/lib/python3.8/site-packages/airflow/example_dags/example_sensor_decorator.py
[2025-03-11T14:41:58.171+0000] {processor.py:839} INFO - DAG(s) dict_keys(['example_sensor_decorator']) retrieved from /home/airflow/.local/lib/python3.8/site-packages/airflow/example_dags/example_sensor_decorator.py
[2025-03-11T14:41:58.181+0000] {logging_mixin.py:154} INFO - [2025-03-11T14:41:58.180+0000] {dag.py:2941} INFO - Sync 1 DAGs
[2025-03-11T14:41:58.185+0000] {logging_mixin.py:154} INFO - [2025-03-11T14:41:58.185+0000] {dag.py:3722} INFO - Setting next_dagrun for example_sensor_decorator to None, run_after=None
[2025-03-11T14:41:58.194+0000] {processor.py:179} INFO - Processing /home/airflow/.local/lib/python3.8/site-packages/airflow/example_dags/example_sensor_decorator.py took 0.029 seconds
[2025-03-11T14:42:28.758+0000] {processor.py:157} INFO - Started process (PID=11398) to work on /home/airflow/.local/lib/python3.8/site-packages/airflow/example_dags/example_sensor_decorator.py
[2025-03-11T14:42:28.759+0000] {processor.py:829} INFO - Processing file /home/airflow/.local/lib/python3.8/site-packages/airflow/example_dags/example_sensor_decorator.py for tasks to queue
[2025-03-11T14:42:28.760+0000] {logging_mixin.py:154} INFO - [2025-03-11T14:42:28.760+0000] {dagbag.py:536} INFO - Filling up the DagBag from /home/airflow/.local/lib/python3.8/site-packages/airflow/example_dags/example_sensor_decorator.py
[2025-03-11T14:42:28.763+0000] {processor.py:839} INFO - DAG(s) dict_keys(['example_sensor_decorator']) retrieved from /home/airflow/.local/lib/python3.8/site-packages/airflow/example_dags/example_sensor_decorator.py
[2025-03-11T14:42:28.778+0000] {logging_mixin.py:154} INFO - [2025-03-11T14:42:28.778+0000] {dag.py:2941} INFO - Sync 1 DAGs
[2025-03-11T14:42:28.783+0000] {logging_mixin.py:154} INFO - [2025-03-11T14:42:28.783+0000] {dag.py:3722} INFO - Setting next_dagrun for example_sensor_decorator to None, run_after=None
[2025-03-11T14:42:28.794+0000] {processor.py:179} INFO - Processing /home/airflow/.local/lib/python3.8/site-packages/airflow/example_dags/example_sensor_decorator.py took 0.037 seconds
[2025-03-11T14:42:59.448+0000] {processor.py:157} INFO - Started process (PID=11454) to work on /home/airflow/.local/lib/python3.8/site-packages/airflow/example_dags/example_sensor_decorator.py
[2025-03-11T14:42:59.448+0000] {processor.py:829} INFO - Processing file /home/airflow/.local/lib/python3.8/site-packages/airflow/example_dags/example_sensor_decorator.py for tasks to queue
[2025-03-11T14:42:59.449+0000] {logging_mixin.py:154} INFO - [2025-03-11T14:42:59.449+0000] {dagbag.py:536} INFO - Filling up the DagBag from /home/airflow/.local/lib/python3.8/site-packages/airflow/example_dags/example_sensor_decorator.py
[2025-03-11T14:42:59.453+0000] {processor.py:839} INFO - DAG(s) dict_keys(['example_sensor_decorator']) retrieved from /home/airflow/.local/lib/python3.8/site-packages/airflow/example_dags/example_sensor_decorator.py
[2025-03-11T14:42:59.463+0000] {logging_mixin.py:154} INFO - [2025-03-11T14:42:59.463+0000] {dag.py:2941} INFO - Sync 1 DAGs
[2025-03-11T14:42:59.470+0000] {logging_mixin.py:154} INFO - [2025-03-11T14:42:59.470+0000] {dag.py:3722} INFO - Setting next_dagrun for example_sensor_decorator to None, run_after=None
[2025-03-11T14:42:59.481+0000] {processor.py:179} INFO - Processing /home/airflow/.local/lib/python3.8/site-packages/airflow/example_dags/example_sensor_decorator.py took 0.035 seconds
[2025-03-11T14:43:30.167+0000] {processor.py:157} INFO - Started process (PID=11510) to work on /home/airflow/.local/lib/python3.8/site-packages/airflow/example_dags/example_sensor_decorator.py
[2025-03-11T14:43:30.168+0000] {processor.py:829} INFO - Processing file /home/airflow/.local/lib/python3.8/site-packages/airflow/example_dags/example_sensor_decorator.py for tasks to queue
[2025-03-11T14:43:30.169+0000] {logging_mixin.py:154} INFO - [2025-03-11T14:43:30.169+0000] {dagbag.py:536} INFO - Filling up the DagBag from /home/airflow/.local/lib/python3.8/site-packages/airflow/example_dags/example_sensor_decorator.py
[2025-03-11T14:43:30.172+0000] {processor.py:839} INFO - DAG(s) dict_keys(['example_sensor_decorator']) retrieved from /home/airflow/.local/lib/python3.8/site-packages/airflow/example_dags/example_sensor_decorator.py
[2025-03-11T14:43:30.182+0000] {logging_mixin.py:154} INFO - [2025-03-11T14:43:30.182+0000] {dag.py:2941} INFO - Sync 1 DAGs
[2025-03-11T14:43:30.188+0000] {logging_mixin.py:154} INFO - [2025-03-11T14:43:30.188+0000] {dag.py:3722} INFO - Setting next_dagrun for example_sensor_decorator to None, run_after=None
[2025-03-11T14:43:30.200+0000] {processor.py:179} INFO - Processing /home/airflow/.local/lib/python3.8/site-packages/airflow/example_dags/example_sensor_decorator.py took 0.034 seconds
[2025-03-11T14:44:00.843+0000] {processor.py:157} INFO - Started process (PID=11566) to work on /home/airflow/.local/lib/python3.8/site-packages/airflow/example_dags/example_sensor_decorator.py
[2025-03-11T14:44:00.843+0000] {processor.py:829} INFO - Processing file /home/airflow/.local/lib/python3.8/site-packages/airflow/example_dags/example_sensor_decorator.py for tasks to queue
[2025-03-11T14:44:00.845+0000] {logging_mixin.py:154} INFO - [2025-03-11T14:44:00.845+0000] {dagbag.py:536} INFO - Filling up the DagBag from /home/airflow/.local/lib/python3.8/site-packages/airflow/example_dags/example_sensor_decorator.py
[2025-03-11T14:44:00.848+0000] {processor.py:839} INFO - DAG(s) dict_keys(['example_sensor_decorator']) retrieved from /home/airflow/.local/lib/python3.8/site-packages/airflow/example_dags/example_sensor_decorator.py
[2025-03-11T14:44:00.862+0000] {logging_mixin.py:154} INFO - [2025-03-11T14:44:00.862+0000] {dag.py:2941} INFO - Sync 1 DAGs
[2025-03-11T14:44:00.867+0000] {logging_mixin.py:154} INFO - [2025-03-11T14:44:00.867+0000] {dag.py:3722} INFO - Setting next_dagrun for example_sensor_decorator to None, run_after=None
[2025-03-11T14:44:00.878+0000] {processor.py:179} INFO - Processing /home/airflow/.local/lib/python3.8/site-packages/airflow/example_dags/example_sensor_decorator.py took 0.037 seconds
[2025-03-11T14:44:31.649+0000] {processor.py:157} INFO - Started process (PID=11629) to work on /home/airflow/.local/lib/python3.8/site-packages/airflow/example_dags/example_sensor_decorator.py
[2025-03-11T14:44:31.650+0000] {processor.py:829} INFO - Processing file /home/airflow/.local/lib/python3.8/site-packages/airflow/example_dags/example_sensor_decorator.py for tasks to queue
[2025-03-11T14:44:31.652+0000] {logging_mixin.py:154} INFO - [2025-03-11T14:44:31.652+0000] {dagbag.py:536} INFO - Filling up the DagBag from /home/airflow/.local/lib/python3.8/site-packages/airflow/example_dags/example_sensor_decorator.py
[2025-03-11T14:44:31.657+0000] {processor.py:839} INFO - DAG(s) dict_keys(['example_sensor_decorator']) retrieved from /home/airflow/.local/lib/python3.8/site-packages/airflow/example_dags/example_sensor_decorator.py
[2025-03-11T14:44:31.675+0000] {logging_mixin.py:154} INFO - [2025-03-11T14:44:31.675+0000] {dag.py:2941} INFO - Sync 1 DAGs
[2025-03-11T14:44:31.682+0000] {logging_mixin.py:154} INFO - [2025-03-11T14:44:31.682+0000] {dag.py:3722} INFO - Setting next_dagrun for example_sensor_decorator to None, run_after=None
[2025-03-11T14:44:31.694+0000] {processor.py:179} INFO - Processing /home/airflow/.local/lib/python3.8/site-packages/airflow/example_dags/example_sensor_decorator.py took 0.047 seconds
[2025-03-11T14:45:02.416+0000] {processor.py:157} INFO - Started process (PID=11685) to work on /home/airflow/.local/lib/python3.8/site-packages/airflow/example_dags/example_sensor_decorator.py
[2025-03-11T14:45:02.416+0000] {processor.py:829} INFO - Processing file /home/airflow/.local/lib/python3.8/site-packages/airflow/example_dags/example_sensor_decorator.py for tasks to queue
[2025-03-11T14:45:02.417+0000] {logging_mixin.py:154} INFO - [2025-03-11T14:45:02.417+0000] {dagbag.py:536} INFO - Filling up the DagBag from /home/airflow/.local/lib/python3.8/site-packages/airflow/example_dags/example_sensor_decorator.py
[2025-03-11T14:45:02.420+0000] {processor.py:839} INFO - DAG(s) dict_keys(['example_sensor_decorator']) retrieved from /home/airflow/.local/lib/python3.8/site-packages/airflow/example_dags/example_sensor_decorator.py
[2025-03-11T14:45:02.432+0000] {logging_mixin.py:154} INFO - [2025-03-11T14:45:02.431+0000] {dag.py:2941} INFO - Sync 1 DAGs
[2025-03-11T14:45:02.438+0000] {logging_mixin.py:154} INFO - [2025-03-11T14:45:02.438+0000] {dag.py:3722} INFO - Setting next_dagrun for example_sensor_decorator to None, run_after=None
[2025-03-11T14:45:02.449+0000] {processor.py:179} INFO - Processing /home/airflow/.local/lib/python3.8/site-packages/airflow/example_dags/example_sensor_decorator.py took 0.035 seconds
[2025-03-11T14:45:33.177+0000] {processor.py:157} INFO - Started process (PID=11741) to work on /home/airflow/.local/lib/python3.8/site-packages/airflow/example_dags/example_sensor_decorator.py
[2025-03-11T14:45:33.178+0000] {processor.py:829} INFO - Processing file /home/airflow/.local/lib/python3.8/site-packages/airflow/example_dags/example_sensor_decorator.py for tasks to queue
[2025-03-11T14:45:33.179+0000] {logging_mixin.py:154} INFO - [2025-03-11T14:45:33.179+0000] {dagbag.py:536} INFO - Filling up the DagBag from /home/airflow/.local/lib/python3.8/site-packages/airflow/example_dags/example_sensor_decorator.py
[2025-03-11T14:45:33.182+0000] {processor.py:839} INFO - DAG(s) dict_keys(['example_sensor_decorator']) retrieved from /home/airflow/.local/lib/python3.8/site-packages/airflow/example_dags/example_sensor_decorator.py
[2025-03-11T14:45:33.192+0000] {logging_mixin.py:154} INFO - [2025-03-11T14:45:33.192+0000] {dag.py:2941} INFO - Sync 1 DAGs
[2025-03-11T14:45:33.197+0000] {logging_mixin.py:154} INFO - [2025-03-11T14:45:33.197+0000] {dag.py:3722} INFO - Setting next_dagrun for example_sensor_decorator to None, run_after=None
[2025-03-11T14:45:33.213+0000] {processor.py:179} INFO - Processing /home/airflow/.local/lib/python3.8/site-packages/airflow/example_dags/example_sensor_decorator.py took 0.037 seconds
[2025-03-11T14:46:03.804+0000] {processor.py:157} INFO - Started process (PID=11797) to work on /home/airflow/.local/lib/python3.8/site-packages/airflow/example_dags/example_sensor_decorator.py
[2025-03-11T14:46:03.804+0000] {processor.py:829} INFO - Processing file /home/airflow/.local/lib/python3.8/site-packages/airflow/example_dags/example_sensor_decorator.py for tasks to queue
[2025-03-11T14:46:03.807+0000] {logging_mixin.py:154} INFO - [2025-03-11T14:46:03.807+0000] {dagbag.py:536} INFO - Filling up the DagBag from /home/airflow/.local/lib/python3.8/site-packages/airflow/example_dags/example_sensor_decorator.py
[2025-03-11T14:46:03.809+0000] {processor.py:839} INFO - DAG(s) dict_keys(['example_sensor_decorator']) retrieved from /home/airflow/.local/lib/python3.8/site-packages/airflow/example_dags/example_sensor_decorator.py
[2025-03-11T14:46:03.821+0000] {logging_mixin.py:154} INFO - [2025-03-11T14:46:03.821+0000] {dag.py:2941} INFO - Sync 1 DAGs
[2025-03-11T14:46:03.825+0000] {logging_mixin.py:154} INFO - [2025-03-11T14:46:03.825+0000] {dag.py:3722} INFO - Setting next_dagrun for example_sensor_decorator to None, run_after=None
[2025-03-11T14:46:03.836+0000] {processor.py:179} INFO - Processing /home/airflow/.local/lib/python3.8/site-packages/airflow/example_dags/example_sensor_decorator.py took 0.033 seconds
[2025-03-11T14:46:34.494+0000] {processor.py:157} INFO - Started process (PID=11853) to work on /home/airflow/.local/lib/python3.8/site-packages/airflow/example_dags/example_sensor_decorator.py
[2025-03-11T14:46:34.494+0000] {processor.py:829} INFO - Processing file /home/airflow/.local/lib/python3.8/site-packages/airflow/example_dags/example_sensor_decorator.py for tasks to queue
[2025-03-11T14:46:34.495+0000] {logging_mixin.py:154} INFO - [2025-03-11T14:46:34.495+0000] {dagbag.py:536} INFO - Filling up the DagBag from /home/airflow/.local/lib/python3.8/site-packages/airflow/example_dags/example_sensor_decorator.py
[2025-03-11T14:46:34.499+0000] {processor.py:839} INFO - DAG(s) dict_keys(['example_sensor_decorator']) retrieved from /home/airflow/.local/lib/python3.8/site-packages/airflow/example_dags/example_sensor_decorator.py
[2025-03-11T14:46:34.510+0000] {logging_mixin.py:154} INFO - [2025-03-11T14:46:34.510+0000] {dag.py:2941} INFO - Sync 1 DAGs
[2025-03-11T14:46:34.514+0000] {logging_mixin.py:154} INFO - [2025-03-11T14:46:34.514+0000] {dag.py:3722} INFO - Setting next_dagrun for example_sensor_decorator to None, run_after=None
[2025-03-11T14:46:34.524+0000] {processor.py:179} INFO - Processing /home/airflow/.local/lib/python3.8/site-packages/airflow/example_dags/example_sensor_decorator.py took 0.032 seconds
[2025-03-11T14:47:05.154+0000] {processor.py:157} INFO - Started process (PID=11909) to work on /home/airflow/.local/lib/python3.8/site-packages/airflow/example_dags/example_sensor_decorator.py
[2025-03-11T14:47:05.154+0000] {processor.py:829} INFO - Processing file /home/airflow/.local/lib/python3.8/site-packages/airflow/example_dags/example_sensor_decorator.py for tasks to queue
[2025-03-11T14:47:05.155+0000] {logging_mixin.py:154} INFO - [2025-03-11T14:47:05.155+0000] {dagbag.py:536} INFO - Filling up the DagBag from /home/airflow/.local/lib/python3.8/site-packages/airflow/example_dags/example_sensor_decorator.py
[2025-03-11T14:47:05.158+0000] {processor.py:839} INFO - DAG(s) dict_keys(['example_sensor_decorator']) retrieved from /home/airflow/.local/lib/python3.8/site-packages/airflow/example_dags/example_sensor_decorator.py
[2025-03-11T14:47:05.169+0000] {logging_mixin.py:154} INFO - [2025-03-11T14:47:05.168+0000] {dag.py:2941} INFO - Sync 1 DAGs
[2025-03-11T14:47:05.175+0000] {logging_mixin.py:154} INFO - [2025-03-11T14:47:05.175+0000] {dag.py:3722} INFO - Setting next_dagrun for example_sensor_decorator to None, run_after=None
[2025-03-11T14:47:05.184+0000] {processor.py:179} INFO - Processing /home/airflow/.local/lib/python3.8/site-packages/airflow/example_dags/example_sensor_decorator.py took 0.032 seconds
[2025-03-11T14:47:35.755+0000] {processor.py:157} INFO - Started process (PID=11965) to work on /home/airflow/.local/lib/python3.8/site-packages/airflow/example_dags/example_sensor_decorator.py
[2025-03-11T14:47:35.757+0000] {processor.py:829} INFO - Processing file /home/airflow/.local/lib/python3.8/site-packages/airflow/example_dags/example_sensor_decorator.py for tasks to queue
[2025-03-11T14:47:35.758+0000] {logging_mixin.py:154} INFO - [2025-03-11T14:47:35.758+0000] {dagbag.py:536} INFO - Filling up the DagBag from /home/airflow/.local/lib/python3.8/site-packages/airflow/example_dags/example_sensor_decorator.py
[2025-03-11T14:47:35.761+0000] {processor.py:839} INFO - DAG(s) dict_keys(['example_sensor_decorator']) retrieved from /home/airflow/.local/lib/python3.8/site-packages/airflow/example_dags/example_sensor_decorator.py
[2025-03-11T14:47:35.772+0000] {logging_mixin.py:154} INFO - [2025-03-11T14:47:35.771+0000] {dag.py:2941} INFO - Sync 1 DAGs
[2025-03-11T14:47:35.776+0000] {logging_mixin.py:154} INFO - [2025-03-11T14:47:35.776+0000] {dag.py:3722} INFO - Setting next_dagrun for example_sensor_decorator to None, run_after=None
[2025-03-11T14:47:35.784+0000] {processor.py:179} INFO - Processing /home/airflow/.local/lib/python3.8/site-packages/airflow/example_dags/example_sensor_decorator.py took 0.030 seconds
[2025-03-11T14:48:06.452+0000] {processor.py:157} INFO - Started process (PID=12021) to work on /home/airflow/.local/lib/python3.8/site-packages/airflow/example_dags/example_sensor_decorator.py
[2025-03-11T14:48:06.453+0000] {processor.py:829} INFO - Processing file /home/airflow/.local/lib/python3.8/site-packages/airflow/example_dags/example_sensor_decorator.py for tasks to queue
[2025-03-11T14:48:06.454+0000] {logging_mixin.py:154} INFO - [2025-03-11T14:48:06.453+0000] {dagbag.py:536} INFO - Filling up the DagBag from /home/airflow/.local/lib/python3.8/site-packages/airflow/example_dags/example_sensor_decorator.py
[2025-03-11T14:48:06.456+0000] {processor.py:839} INFO - DAG(s) dict_keys(['example_sensor_decorator']) retrieved from /home/airflow/.local/lib/python3.8/site-packages/airflow/example_dags/example_sensor_decorator.py
[2025-03-11T14:48:06.467+0000] {logging_mixin.py:154} INFO - [2025-03-11T14:48:06.467+0000] {dag.py:2941} INFO - Sync 1 DAGs
[2025-03-11T14:48:06.474+0000] {logging_mixin.py:154} INFO - [2025-03-11T14:48:06.474+0000] {dag.py:3722} INFO - Setting next_dagrun for example_sensor_decorator to None, run_after=None
[2025-03-11T14:48:06.484+0000] {processor.py:179} INFO - Processing /home/airflow/.local/lib/python3.8/site-packages/airflow/example_dags/example_sensor_decorator.py took 0.033 seconds
[2025-03-11T14:48:37.039+0000] {processor.py:157} INFO - Started process (PID=12077) to work on /home/airflow/.local/lib/python3.8/site-packages/airflow/example_dags/example_sensor_decorator.py
[2025-03-11T14:48:37.039+0000] {processor.py:829} INFO - Processing file /home/airflow/.local/lib/python3.8/site-packages/airflow/example_dags/example_sensor_decorator.py for tasks to queue
[2025-03-11T14:48:37.040+0000] {logging_mixin.py:154} INFO - [2025-03-11T14:48:37.040+0000] {dagbag.py:536} INFO - Filling up the DagBag from /home/airflow/.local/lib/python3.8/site-packages/airflow/example_dags/example_sensor_decorator.py
[2025-03-11T14:48:37.043+0000] {processor.py:839} INFO - DAG(s) dict_keys(['example_sensor_decorator']) retrieved from /home/airflow/.local/lib/python3.8/site-packages/airflow/example_dags/example_sensor_decorator.py
[2025-03-11T14:48:37.054+0000] {logging_mixin.py:154} INFO - [2025-03-11T14:48:37.054+0000] {dag.py:2941} INFO - Sync 1 DAGs
[2025-03-11T14:48:37.062+0000] {logging_mixin.py:154} INFO - [2025-03-11T14:48:37.062+0000] {dag.py:3722} INFO - Setting next_dagrun for example_sensor_decorator to None, run_after=None
[2025-03-11T14:48:37.071+0000] {processor.py:179} INFO - Processing /home/airflow/.local/lib/python3.8/site-packages/airflow/example_dags/example_sensor_decorator.py took 0.034 seconds
[2025-03-11T14:49:07.641+0000] {processor.py:157} INFO - Started process (PID=12133) to work on /home/airflow/.local/lib/python3.8/site-packages/airflow/example_dags/example_sensor_decorator.py
[2025-03-11T14:49:07.642+0000] {processor.py:829} INFO - Processing file /home/airflow/.local/lib/python3.8/site-packages/airflow/example_dags/example_sensor_decorator.py for tasks to queue
[2025-03-11T14:49:07.643+0000] {logging_mixin.py:154} INFO - [2025-03-11T14:49:07.643+0000] {dagbag.py:536} INFO - Filling up the DagBag from /home/airflow/.local/lib/python3.8/site-packages/airflow/example_dags/example_sensor_decorator.py
[2025-03-11T14:49:07.645+0000] {processor.py:839} INFO - DAG(s) dict_keys(['example_sensor_decorator']) retrieved from /home/airflow/.local/lib/python3.8/site-packages/airflow/example_dags/example_sensor_decorator.py
[2025-03-11T14:49:07.656+0000] {logging_mixin.py:154} INFO - [2025-03-11T14:49:07.655+0000] {dag.py:2941} INFO - Sync 1 DAGs
[2025-03-11T14:49:07.661+0000] {logging_mixin.py:154} INFO - [2025-03-11T14:49:07.661+0000] {dag.py:3722} INFO - Setting next_dagrun for example_sensor_decorator to None, run_after=None
[2025-03-11T14:49:07.671+0000] {processor.py:179} INFO - Processing /home/airflow/.local/lib/python3.8/site-packages/airflow/example_dags/example_sensor_decorator.py took 0.031 seconds
[2025-03-11T14:49:38.244+0000] {processor.py:157} INFO - Started process (PID=12189) to work on /home/airflow/.local/lib/python3.8/site-packages/airflow/example_dags/example_sensor_decorator.py
[2025-03-11T14:49:38.244+0000] {processor.py:829} INFO - Processing file /home/airflow/.local/lib/python3.8/site-packages/airflow/example_dags/example_sensor_decorator.py for tasks to queue
[2025-03-11T14:49:38.245+0000] {logging_mixin.py:154} INFO - [2025-03-11T14:49:38.245+0000] {dagbag.py:536} INFO - Filling up the DagBag from /home/airflow/.local/lib/python3.8/site-packages/airflow/example_dags/example_sensor_decorator.py
[2025-03-11T14:49:38.249+0000] {processor.py:839} INFO - DAG(s) dict_keys(['example_sensor_decorator']) retrieved from /home/airflow/.local/lib/python3.8/site-packages/airflow/example_dags/example_sensor_decorator.py
[2025-03-11T14:49:38.258+0000] {logging_mixin.py:154} INFO - [2025-03-11T14:49:38.258+0000] {dag.py:2941} INFO - Sync 1 DAGs
[2025-03-11T14:49:38.263+0000] {logging_mixin.py:154} INFO - [2025-03-11T14:49:38.263+0000] {dag.py:3722} INFO - Setting next_dagrun for example_sensor_decorator to None, run_after=None
[2025-03-11T14:49:38.273+0000] {processor.py:179} INFO - Processing /home/airflow/.local/lib/python3.8/site-packages/airflow/example_dags/example_sensor_decorator.py took 0.031 seconds
[2025-03-11T14:50:08.857+0000] {processor.py:157} INFO - Started process (PID=12245) to work on /home/airflow/.local/lib/python3.8/site-packages/airflow/example_dags/example_sensor_decorator.py
[2025-03-11T14:50:08.858+0000] {processor.py:829} INFO - Processing file /home/airflow/.local/lib/python3.8/site-packages/airflow/example_dags/example_sensor_decorator.py for tasks to queue
[2025-03-11T14:50:08.859+0000] {logging_mixin.py:154} INFO - [2025-03-11T14:50:08.859+0000] {dagbag.py:536} INFO - Filling up the DagBag from /home/airflow/.local/lib/python3.8/site-packages/airflow/example_dags/example_sensor_decorator.py
[2025-03-11T14:50:08.862+0000] {processor.py:839} INFO - DAG(s) dict_keys(['example_sensor_decorator']) retrieved from /home/airflow/.local/lib/python3.8/site-packages/airflow/example_dags/example_sensor_decorator.py
[2025-03-11T14:50:08.871+0000] {logging_mixin.py:154} INFO - [2025-03-11T14:50:08.871+0000] {dag.py:2941} INFO - Sync 1 DAGs
[2025-03-11T14:50:08.877+0000] {logging_mixin.py:154} INFO - [2025-03-11T14:50:08.877+0000] {dag.py:3722} INFO - Setting next_dagrun for example_sensor_decorator to None, run_after=None
[2025-03-11T14:50:08.885+0000] {processor.py:179} INFO - Processing /home/airflow/.local/lib/python3.8/site-packages/airflow/example_dags/example_sensor_decorator.py took 0.029 seconds
[2025-03-11T14:50:39.376+0000] {processor.py:157} INFO - Started process (PID=12301) to work on /home/airflow/.local/lib/python3.8/site-packages/airflow/example_dags/example_sensor_decorator.py
[2025-03-11T14:50:39.378+0000] {processor.py:829} INFO - Processing file /home/airflow/.local/lib/python3.8/site-packages/airflow/example_dags/example_sensor_decorator.py for tasks to queue
[2025-03-11T14:50:39.379+0000] {logging_mixin.py:154} INFO - [2025-03-11T14:50:39.379+0000] {dagbag.py:536} INFO - Filling up the DagBag from /home/airflow/.local/lib/python3.8/site-packages/airflow/example_dags/example_sensor_decorator.py
[2025-03-11T14:50:39.381+0000] {processor.py:839} INFO - DAG(s) dict_keys(['example_sensor_decorator']) retrieved from /home/airflow/.local/lib/python3.8/site-packages/airflow/example_dags/example_sensor_decorator.py
[2025-03-11T14:50:39.392+0000] {logging_mixin.py:154} INFO - [2025-03-11T14:50:39.392+0000] {dag.py:2941} INFO - Sync 1 DAGs
[2025-03-11T14:50:39.396+0000] {logging_mixin.py:154} INFO - [2025-03-11T14:50:39.396+0000] {dag.py:3722} INFO - Setting next_dagrun for example_sensor_decorator to None, run_after=None
[2025-03-11T14:50:39.406+0000] {processor.py:179} INFO - Processing /home/airflow/.local/lib/python3.8/site-packages/airflow/example_dags/example_sensor_decorator.py took 0.031 seconds
[2025-03-11T14:51:10.043+0000] {processor.py:157} INFO - Started process (PID=12357) to work on /home/airflow/.local/lib/python3.8/site-packages/airflow/example_dags/example_sensor_decorator.py
[2025-03-11T14:51:10.044+0000] {processor.py:829} INFO - Processing file /home/airflow/.local/lib/python3.8/site-packages/airflow/example_dags/example_sensor_decorator.py for tasks to queue
[2025-03-11T14:51:10.045+0000] {logging_mixin.py:154} INFO - [2025-03-11T14:51:10.044+0000] {dagbag.py:536} INFO - Filling up the DagBag from /home/airflow/.local/lib/python3.8/site-packages/airflow/example_dags/example_sensor_decorator.py
[2025-03-11T14:51:10.049+0000] {processor.py:839} INFO - DAG(s) dict_keys(['example_sensor_decorator']) retrieved from /home/airflow/.local/lib/python3.8/site-packages/airflow/example_dags/example_sensor_decorator.py
[2025-03-11T14:51:10.059+0000] {logging_mixin.py:154} INFO - [2025-03-11T14:51:10.059+0000] {dag.py:2941} INFO - Sync 1 DAGs
[2025-03-11T14:51:10.063+0000] {logging_mixin.py:154} INFO - [2025-03-11T14:51:10.063+0000] {dag.py:3722} INFO - Setting next_dagrun for example_sensor_decorator to None, run_after=None
[2025-03-11T14:51:10.070+0000] {processor.py:179} INFO - Processing /home/airflow/.local/lib/python3.8/site-packages/airflow/example_dags/example_sensor_decorator.py took 0.029 seconds
[2025-03-11T14:51:40.664+0000] {processor.py:157} INFO - Started process (PID=12414) to work on /home/airflow/.local/lib/python3.8/site-packages/airflow/example_dags/example_sensor_decorator.py
[2025-03-11T14:51:40.664+0000] {processor.py:829} INFO - Processing file /home/airflow/.local/lib/python3.8/site-packages/airflow/example_dags/example_sensor_decorator.py for tasks to queue
[2025-03-11T14:51:40.665+0000] {logging_mixin.py:154} INFO - [2025-03-11T14:51:40.665+0000] {dagbag.py:536} INFO - Filling up the DagBag from /home/airflow/.local/lib/python3.8/site-packages/airflow/example_dags/example_sensor_decorator.py
[2025-03-11T14:51:40.668+0000] {processor.py:839} INFO - DAG(s) dict_keys(['example_sensor_decorator']) retrieved from /home/airflow/.local/lib/python3.8/site-packages/airflow/example_dags/example_sensor_decorator.py
[2025-03-11T14:51:40.679+0000] {logging_mixin.py:154} INFO - [2025-03-11T14:51:40.679+0000] {dag.py:2941} INFO - Sync 1 DAGs
[2025-03-11T14:51:40.683+0000] {logging_mixin.py:154} INFO - [2025-03-11T14:51:40.683+0000] {dag.py:3722} INFO - Setting next_dagrun for example_sensor_decorator to None, run_after=None
[2025-03-11T14:51:40.690+0000] {processor.py:179} INFO - Processing /home/airflow/.local/lib/python3.8/site-packages/airflow/example_dags/example_sensor_decorator.py took 0.028 seconds
[2025-03-11T14:52:11.285+0000] {processor.py:157} INFO - Started process (PID=12470) to work on /home/airflow/.local/lib/python3.8/site-packages/airflow/example_dags/example_sensor_decorator.py
[2025-03-11T14:52:11.286+0000] {processor.py:829} INFO - Processing file /home/airflow/.local/lib/python3.8/site-packages/airflow/example_dags/example_sensor_decorator.py for tasks to queue
[2025-03-11T14:52:11.287+0000] {logging_mixin.py:154} INFO - [2025-03-11T14:52:11.287+0000] {dagbag.py:536} INFO - Filling up the DagBag from /home/airflow/.local/lib/python3.8/site-packages/airflow/example_dags/example_sensor_decorator.py
[2025-03-11T14:52:11.290+0000] {processor.py:839} INFO - DAG(s) dict_keys(['example_sensor_decorator']) retrieved from /home/airflow/.local/lib/python3.8/site-packages/airflow/example_dags/example_sensor_decorator.py
[2025-03-11T14:52:11.301+0000] {logging_mixin.py:154} INFO - [2025-03-11T14:52:11.300+0000] {dag.py:2941} INFO - Sync 1 DAGs
[2025-03-11T14:52:11.305+0000] {logging_mixin.py:154} INFO - [2025-03-11T14:52:11.305+0000] {dag.py:3722} INFO - Setting next_dagrun for example_sensor_decorator to None, run_after=None
[2025-03-11T14:52:11.313+0000] {processor.py:179} INFO - Processing /home/airflow/.local/lib/python3.8/site-packages/airflow/example_dags/example_sensor_decorator.py took 0.029 seconds
[2025-03-11T14:52:41.907+0000] {processor.py:157} INFO - Started process (PID=12525) to work on /home/airflow/.local/lib/python3.8/site-packages/airflow/example_dags/example_sensor_decorator.py
[2025-03-11T14:52:41.908+0000] {processor.py:829} INFO - Processing file /home/airflow/.local/lib/python3.8/site-packages/airflow/example_dags/example_sensor_decorator.py for tasks to queue
[2025-03-11T14:52:41.909+0000] {logging_mixin.py:154} INFO - [2025-03-11T14:52:41.909+0000] {dagbag.py:536} INFO - Filling up the DagBag from /home/airflow/.local/lib/python3.8/site-packages/airflow/example_dags/example_sensor_decorator.py
[2025-03-11T14:52:41.912+0000] {processor.py:839} INFO - DAG(s) dict_keys(['example_sensor_decorator']) retrieved from /home/airflow/.local/lib/python3.8/site-packages/airflow/example_dags/example_sensor_decorator.py
[2025-03-11T14:52:41.921+0000] {logging_mixin.py:154} INFO - [2025-03-11T14:52:41.921+0000] {dag.py:2941} INFO - Sync 1 DAGs
[2025-03-11T14:52:41.928+0000] {logging_mixin.py:154} INFO - [2025-03-11T14:52:41.928+0000] {dag.py:3722} INFO - Setting next_dagrun for example_sensor_decorator to None, run_after=None
[2025-03-11T14:52:41.937+0000] {processor.py:179} INFO - Processing /home/airflow/.local/lib/python3.8/site-packages/airflow/example_dags/example_sensor_decorator.py took 0.031 seconds
[2025-03-11T14:53:12.529+0000] {processor.py:157} INFO - Started process (PID=12580) to work on /home/airflow/.local/lib/python3.8/site-packages/airflow/example_dags/example_sensor_decorator.py
[2025-03-11T14:53:12.530+0000] {processor.py:829} INFO - Processing file /home/airflow/.local/lib/python3.8/site-packages/airflow/example_dags/example_sensor_decorator.py for tasks to queue
[2025-03-11T14:53:12.531+0000] {logging_mixin.py:154} INFO - [2025-03-11T14:53:12.531+0000] {dagbag.py:536} INFO - Filling up the DagBag from /home/airflow/.local/lib/python3.8/site-packages/airflow/example_dags/example_sensor_decorator.py
[2025-03-11T14:53:12.534+0000] {processor.py:839} INFO - DAG(s) dict_keys(['example_sensor_decorator']) retrieved from /home/airflow/.local/lib/python3.8/site-packages/airflow/example_dags/example_sensor_decorator.py
[2025-03-11T14:53:12.545+0000] {logging_mixin.py:154} INFO - [2025-03-11T14:53:12.544+0000] {dag.py:2941} INFO - Sync 1 DAGs
[2025-03-11T14:53:12.550+0000] {logging_mixin.py:154} INFO - [2025-03-11T14:53:12.549+0000] {dag.py:3722} INFO - Setting next_dagrun for example_sensor_decorator to None, run_after=None
[2025-03-11T14:53:12.560+0000] {processor.py:179} INFO - Processing /home/airflow/.local/lib/python3.8/site-packages/airflow/example_dags/example_sensor_decorator.py took 0.033 seconds
[2025-03-11T14:53:43.218+0000] {processor.py:157} INFO - Started process (PID=12636) to work on /home/airflow/.local/lib/python3.8/site-packages/airflow/example_dags/example_sensor_decorator.py
[2025-03-11T14:53:43.219+0000] {processor.py:829} INFO - Processing file /home/airflow/.local/lib/python3.8/site-packages/airflow/example_dags/example_sensor_decorator.py for tasks to queue
[2025-03-11T14:53:43.220+0000] {logging_mixin.py:154} INFO - [2025-03-11T14:53:43.220+0000] {dagbag.py:536} INFO - Filling up the DagBag from /home/airflow/.local/lib/python3.8/site-packages/airflow/example_dags/example_sensor_decorator.py
[2025-03-11T14:53:43.222+0000] {processor.py:839} INFO - DAG(s) dict_keys(['example_sensor_decorator']) retrieved from /home/airflow/.local/lib/python3.8/site-packages/airflow/example_dags/example_sensor_decorator.py
[2025-03-11T14:53:43.232+0000] {logging_mixin.py:154} INFO - [2025-03-11T14:53:43.232+0000] {dag.py:2941} INFO - Sync 1 DAGs
[2025-03-11T14:53:43.238+0000] {logging_mixin.py:154} INFO - [2025-03-11T14:53:43.238+0000] {dag.py:3722} INFO - Setting next_dagrun for example_sensor_decorator to None, run_after=None
[2025-03-11T14:53:43.248+0000] {processor.py:179} INFO - Processing /home/airflow/.local/lib/python3.8/site-packages/airflow/example_dags/example_sensor_decorator.py took 0.031 seconds
[2025-03-11T14:54:13.888+0000] {processor.py:157} INFO - Started process (PID=12692) to work on /home/airflow/.local/lib/python3.8/site-packages/airflow/example_dags/example_sensor_decorator.py
[2025-03-11T14:54:13.889+0000] {processor.py:829} INFO - Processing file /home/airflow/.local/lib/python3.8/site-packages/airflow/example_dags/example_sensor_decorator.py for tasks to queue
[2025-03-11T14:54:13.890+0000] {logging_mixin.py:154} INFO - [2025-03-11T14:54:13.890+0000] {dagbag.py:536} INFO - Filling up the DagBag from /home/airflow/.local/lib/python3.8/site-packages/airflow/example_dags/example_sensor_decorator.py
[2025-03-11T14:54:13.893+0000] {processor.py:839} INFO - DAG(s) dict_keys(['example_sensor_decorator']) retrieved from /home/airflow/.local/lib/python3.8/site-packages/airflow/example_dags/example_sensor_decorator.py
[2025-03-11T14:54:13.903+0000] {logging_mixin.py:154} INFO - [2025-03-11T14:54:13.903+0000] {dag.py:2941} INFO - Sync 1 DAGs
[2025-03-11T14:54:13.908+0000] {logging_mixin.py:154} INFO - [2025-03-11T14:54:13.908+0000] {dag.py:3722} INFO - Setting next_dagrun for example_sensor_decorator to None, run_after=None
[2025-03-11T14:54:13.920+0000] {processor.py:179} INFO - Processing /home/airflow/.local/lib/python3.8/site-packages/airflow/example_dags/example_sensor_decorator.py took 0.033 seconds
[2025-03-11T14:54:44.553+0000] {processor.py:157} INFO - Started process (PID=12748) to work on /home/airflow/.local/lib/python3.8/site-packages/airflow/example_dags/example_sensor_decorator.py
[2025-03-11T14:54:44.553+0000] {processor.py:829} INFO - Processing file /home/airflow/.local/lib/python3.8/site-packages/airflow/example_dags/example_sensor_decorator.py for tasks to queue
[2025-03-11T14:54:44.554+0000] {logging_mixin.py:154} INFO - [2025-03-11T14:54:44.554+0000] {dagbag.py:536} INFO - Filling up the DagBag from /home/airflow/.local/lib/python3.8/site-packages/airflow/example_dags/example_sensor_decorator.py
[2025-03-11T14:54:44.557+0000] {processor.py:839} INFO - DAG(s) dict_keys(['example_sensor_decorator']) retrieved from /home/airflow/.local/lib/python3.8/site-packages/airflow/example_dags/example_sensor_decorator.py
[2025-03-11T14:54:44.567+0000] {logging_mixin.py:154} INFO - [2025-03-11T14:54:44.567+0000] {dag.py:2941} INFO - Sync 1 DAGs
[2025-03-11T14:54:44.572+0000] {logging_mixin.py:154} INFO - [2025-03-11T14:54:44.572+0000] {dag.py:3722} INFO - Setting next_dagrun for example_sensor_decorator to None, run_after=None
[2025-03-11T14:54:44.581+0000] {processor.py:179} INFO - Processing /home/airflow/.local/lib/python3.8/site-packages/airflow/example_dags/example_sensor_decorator.py took 0.030 seconds
[2025-03-11T14:55:15.284+0000] {processor.py:157} INFO - Started process (PID=12804) to work on /home/airflow/.local/lib/python3.8/site-packages/airflow/example_dags/example_sensor_decorator.py
[2025-03-11T14:55:15.284+0000] {processor.py:829} INFO - Processing file /home/airflow/.local/lib/python3.8/site-packages/airflow/example_dags/example_sensor_decorator.py for tasks to queue
[2025-03-11T14:55:15.286+0000] {logging_mixin.py:154} INFO - [2025-03-11T14:55:15.285+0000] {dagbag.py:536} INFO - Filling up the DagBag from /home/airflow/.local/lib/python3.8/site-packages/airflow/example_dags/example_sensor_decorator.py
[2025-03-11T14:55:15.288+0000] {processor.py:839} INFO - DAG(s) dict_keys(['example_sensor_decorator']) retrieved from /home/airflow/.local/lib/python3.8/site-packages/airflow/example_dags/example_sensor_decorator.py
[2025-03-11T14:55:15.297+0000] {logging_mixin.py:154} INFO - [2025-03-11T14:55:15.297+0000] {dag.py:2941} INFO - Sync 1 DAGs
[2025-03-11T14:55:15.306+0000] {logging_mixin.py:154} INFO - [2025-03-11T14:55:15.306+0000] {dag.py:3722} INFO - Setting next_dagrun for example_sensor_decorator to None, run_after=None
[2025-03-11T14:55:15.316+0000] {processor.py:179} INFO - Processing /home/airflow/.local/lib/python3.8/site-packages/airflow/example_dags/example_sensor_decorator.py took 0.034 seconds
[2025-03-11T14:55:45.971+0000] {processor.py:157} INFO - Started process (PID=12860) to work on /home/airflow/.local/lib/python3.8/site-packages/airflow/example_dags/example_sensor_decorator.py
[2025-03-11T14:55:45.971+0000] {processor.py:829} INFO - Processing file /home/airflow/.local/lib/python3.8/site-packages/airflow/example_dags/example_sensor_decorator.py for tasks to queue
[2025-03-11T14:55:45.974+0000] {logging_mixin.py:154} INFO - [2025-03-11T14:55:45.974+0000] {dagbag.py:536} INFO - Filling up the DagBag from /home/airflow/.local/lib/python3.8/site-packages/airflow/example_dags/example_sensor_decorator.py
[2025-03-11T14:55:45.977+0000] {processor.py:839} INFO - DAG(s) dict_keys(['example_sensor_decorator']) retrieved from /home/airflow/.local/lib/python3.8/site-packages/airflow/example_dags/example_sensor_decorator.py
[2025-03-11T14:55:45.990+0000] {logging_mixin.py:154} INFO - [2025-03-11T14:55:45.989+0000] {dag.py:2941} INFO - Sync 1 DAGs
[2025-03-11T14:55:45.995+0000] {logging_mixin.py:154} INFO - [2025-03-11T14:55:45.995+0000] {dag.py:3722} INFO - Setting next_dagrun for example_sensor_decorator to None, run_after=None
[2025-03-11T14:55:46.004+0000] {processor.py:179} INFO - Processing /home/airflow/.local/lib/python3.8/site-packages/airflow/example_dags/example_sensor_decorator.py took 0.035 seconds
[2025-03-11T14:56:16.741+0000] {processor.py:157} INFO - Started process (PID=12916) to work on /home/airflow/.local/lib/python3.8/site-packages/airflow/example_dags/example_sensor_decorator.py
[2025-03-11T14:56:16.741+0000] {processor.py:829} INFO - Processing file /home/airflow/.local/lib/python3.8/site-packages/airflow/example_dags/example_sensor_decorator.py for tasks to queue
[2025-03-11T14:56:16.742+0000] {logging_mixin.py:154} INFO - [2025-03-11T14:56:16.742+0000] {dagbag.py:536} INFO - Filling up the DagBag from /home/airflow/.local/lib/python3.8/site-packages/airflow/example_dags/example_sensor_decorator.py
[2025-03-11T14:56:16.745+0000] {processor.py:839} INFO - DAG(s) dict_keys(['example_sensor_decorator']) retrieved from /home/airflow/.local/lib/python3.8/site-packages/airflow/example_dags/example_sensor_decorator.py
[2025-03-11T14:56:16.756+0000] {logging_mixin.py:154} INFO - [2025-03-11T14:56:16.756+0000] {dag.py:2941} INFO - Sync 1 DAGs
[2025-03-11T14:56:16.761+0000] {logging_mixin.py:154} INFO - [2025-03-11T14:56:16.761+0000] {dag.py:3722} INFO - Setting next_dagrun for example_sensor_decorator to None, run_after=None
[2025-03-11T14:56:16.771+0000] {processor.py:179} INFO - Processing /home/airflow/.local/lib/python3.8/site-packages/airflow/example_dags/example_sensor_decorator.py took 0.032 seconds
[2025-03-11T14:56:47.459+0000] {processor.py:157} INFO - Started process (PID=12971) to work on /home/airflow/.local/lib/python3.8/site-packages/airflow/example_dags/example_sensor_decorator.py
[2025-03-11T14:56:47.459+0000] {processor.py:829} INFO - Processing file /home/airflow/.local/lib/python3.8/site-packages/airflow/example_dags/example_sensor_decorator.py for tasks to queue
[2025-03-11T14:56:47.460+0000] {logging_mixin.py:154} INFO - [2025-03-11T14:56:47.460+0000] {dagbag.py:536} INFO - Filling up the DagBag from /home/airflow/.local/lib/python3.8/site-packages/airflow/example_dags/example_sensor_decorator.py
[2025-03-11T14:56:47.463+0000] {processor.py:839} INFO - DAG(s) dict_keys(['example_sensor_decorator']) retrieved from /home/airflow/.local/lib/python3.8/site-packages/airflow/example_dags/example_sensor_decorator.py
[2025-03-11T14:56:47.474+0000] {logging_mixin.py:154} INFO - [2025-03-11T14:56:47.474+0000] {dag.py:2941} INFO - Sync 1 DAGs
[2025-03-11T14:56:47.479+0000] {logging_mixin.py:154} INFO - [2025-03-11T14:56:47.479+0000] {dag.py:3722} INFO - Setting next_dagrun for example_sensor_decorator to None, run_after=None
[2025-03-11T14:56:47.491+0000] {processor.py:179} INFO - Processing /home/airflow/.local/lib/python3.8/site-packages/airflow/example_dags/example_sensor_decorator.py took 0.034 seconds
[2025-03-11T14:57:18.189+0000] {processor.py:157} INFO - Started process (PID=13027) to work on /home/airflow/.local/lib/python3.8/site-packages/airflow/example_dags/example_sensor_decorator.py
[2025-03-11T14:57:18.189+0000] {processor.py:829} INFO - Processing file /home/airflow/.local/lib/python3.8/site-packages/airflow/example_dags/example_sensor_decorator.py for tasks to queue
[2025-03-11T14:57:18.190+0000] {logging_mixin.py:154} INFO - [2025-03-11T14:57:18.190+0000] {dagbag.py:536} INFO - Filling up the DagBag from /home/airflow/.local/lib/python3.8/site-packages/airflow/example_dags/example_sensor_decorator.py
[2025-03-11T14:57:18.193+0000] {processor.py:839} INFO - DAG(s) dict_keys(['example_sensor_decorator']) retrieved from /home/airflow/.local/lib/python3.8/site-packages/airflow/example_dags/example_sensor_decorator.py
[2025-03-11T14:57:18.205+0000] {logging_mixin.py:154} INFO - [2025-03-11T14:57:18.204+0000] {dag.py:2941} INFO - Sync 1 DAGs
[2025-03-11T14:57:18.209+0000] {logging_mixin.py:154} INFO - [2025-03-11T14:57:18.209+0000] {dag.py:3722} INFO - Setting next_dagrun for example_sensor_decorator to None, run_after=None
[2025-03-11T14:57:18.220+0000] {processor.py:179} INFO - Processing /home/airflow/.local/lib/python3.8/site-packages/airflow/example_dags/example_sensor_decorator.py took 0.033 seconds
[2025-03-11T14:57:48.863+0000] {processor.py:157} INFO - Started process (PID=13083) to work on /home/airflow/.local/lib/python3.8/site-packages/airflow/example_dags/example_sensor_decorator.py
[2025-03-11T14:57:48.863+0000] {processor.py:829} INFO - Processing file /home/airflow/.local/lib/python3.8/site-packages/airflow/example_dags/example_sensor_decorator.py for tasks to queue
[2025-03-11T14:57:48.865+0000] {logging_mixin.py:154} INFO - [2025-03-11T14:57:48.865+0000] {dagbag.py:536} INFO - Filling up the DagBag from /home/airflow/.local/lib/python3.8/site-packages/airflow/example_dags/example_sensor_decorator.py
[2025-03-11T14:57:48.867+0000] {processor.py:839} INFO - DAG(s) dict_keys(['example_sensor_decorator']) retrieved from /home/airflow/.local/lib/python3.8/site-packages/airflow/example_dags/example_sensor_decorator.py
[2025-03-11T14:57:48.879+0000] {logging_mixin.py:154} INFO - [2025-03-11T14:57:48.879+0000] {dag.py:2941} INFO - Sync 1 DAGs
[2025-03-11T14:57:48.884+0000] {logging_mixin.py:154} INFO - [2025-03-11T14:57:48.884+0000] {dag.py:3722} INFO - Setting next_dagrun for example_sensor_decorator to None, run_after=None
[2025-03-11T14:57:48.895+0000] {processor.py:179} INFO - Processing /home/airflow/.local/lib/python3.8/site-packages/airflow/example_dags/example_sensor_decorator.py took 0.034 seconds
[2025-03-11T14:58:19.591+0000] {processor.py:157} INFO - Started process (PID=13139) to work on /home/airflow/.local/lib/python3.8/site-packages/airflow/example_dags/example_sensor_decorator.py
[2025-03-11T14:58:19.592+0000] {processor.py:829} INFO - Processing file /home/airflow/.local/lib/python3.8/site-packages/airflow/example_dags/example_sensor_decorator.py for tasks to queue
[2025-03-11T14:58:19.593+0000] {logging_mixin.py:154} INFO - [2025-03-11T14:58:19.592+0000] {dagbag.py:536} INFO - Filling up the DagBag from /home/airflow/.local/lib/python3.8/site-packages/airflow/example_dags/example_sensor_decorator.py
[2025-03-11T14:58:19.595+0000] {processor.py:839} INFO - DAG(s) dict_keys(['example_sensor_decorator']) retrieved from /home/airflow/.local/lib/python3.8/site-packages/airflow/example_dags/example_sensor_decorator.py
[2025-03-11T14:58:19.606+0000] {logging_mixin.py:154} INFO - [2025-03-11T14:58:19.606+0000] {dag.py:2941} INFO - Sync 1 DAGs
[2025-03-11T14:58:19.612+0000] {logging_mixin.py:154} INFO - [2025-03-11T14:58:19.612+0000] {dag.py:3722} INFO - Setting next_dagrun for example_sensor_decorator to None, run_after=None
[2025-03-11T14:58:19.621+0000] {processor.py:179} INFO - Processing /home/airflow/.local/lib/python3.8/site-packages/airflow/example_dags/example_sensor_decorator.py took 0.032 seconds
[2025-03-11T14:58:50.265+0000] {processor.py:157} INFO - Started process (PID=13195) to work on /home/airflow/.local/lib/python3.8/site-packages/airflow/example_dags/example_sensor_decorator.py
[2025-03-11T14:58:50.265+0000] {processor.py:829} INFO - Processing file /home/airflow/.local/lib/python3.8/site-packages/airflow/example_dags/example_sensor_decorator.py for tasks to queue
[2025-03-11T14:58:50.266+0000] {logging_mixin.py:154} INFO - [2025-03-11T14:58:50.266+0000] {dagbag.py:536} INFO - Filling up the DagBag from /home/airflow/.local/lib/python3.8/site-packages/airflow/example_dags/example_sensor_decorator.py
[2025-03-11T14:58:50.269+0000] {processor.py:839} INFO - DAG(s) dict_keys(['example_sensor_decorator']) retrieved from /home/airflow/.local/lib/python3.8/site-packages/airflow/example_dags/example_sensor_decorator.py
[2025-03-11T14:58:50.279+0000] {logging_mixin.py:154} INFO - [2025-03-11T14:58:50.279+0000] {dag.py:2941} INFO - Sync 1 DAGs
[2025-03-11T14:58:50.284+0000] {logging_mixin.py:154} INFO - [2025-03-11T14:58:50.283+0000] {dag.py:3722} INFO - Setting next_dagrun for example_sensor_decorator to None, run_after=None
[2025-03-11T14:58:50.297+0000] {processor.py:179} INFO - Processing /home/airflow/.local/lib/python3.8/site-packages/airflow/example_dags/example_sensor_decorator.py took 0.033 seconds
[2025-03-11T14:59:20.902+0000] {processor.py:157} INFO - Started process (PID=13251) to work on /home/airflow/.local/lib/python3.8/site-packages/airflow/example_dags/example_sensor_decorator.py
[2025-03-11T14:59:20.902+0000] {processor.py:829} INFO - Processing file /home/airflow/.local/lib/python3.8/site-packages/airflow/example_dags/example_sensor_decorator.py for tasks to queue
[2025-03-11T14:59:20.904+0000] {logging_mixin.py:154} INFO - [2025-03-11T14:59:20.903+0000] {dagbag.py:536} INFO - Filling up the DagBag from /home/airflow/.local/lib/python3.8/site-packages/airflow/example_dags/example_sensor_decorator.py
[2025-03-11T14:59:20.906+0000] {processor.py:839} INFO - DAG(s) dict_keys(['example_sensor_decorator']) retrieved from /home/airflow/.local/lib/python3.8/site-packages/airflow/example_dags/example_sensor_decorator.py
[2025-03-11T14:59:20.915+0000] {logging_mixin.py:154} INFO - [2025-03-11T14:59:20.915+0000] {dag.py:2941} INFO - Sync 1 DAGs
[2025-03-11T14:59:20.920+0000] {logging_mixin.py:154} INFO - [2025-03-11T14:59:20.920+0000] {dag.py:3722} INFO - Setting next_dagrun for example_sensor_decorator to None, run_after=None
[2025-03-11T14:59:20.926+0000] {processor.py:179} INFO - Processing /home/airflow/.local/lib/python3.8/site-packages/airflow/example_dags/example_sensor_decorator.py took 0.026 seconds
[2025-03-11T14:59:51.562+0000] {processor.py:157} INFO - Started process (PID=13307) to work on /home/airflow/.local/lib/python3.8/site-packages/airflow/example_dags/example_sensor_decorator.py
[2025-03-11T14:59:51.563+0000] {processor.py:829} INFO - Processing file /home/airflow/.local/lib/python3.8/site-packages/airflow/example_dags/example_sensor_decorator.py for tasks to queue
[2025-03-11T14:59:51.565+0000] {logging_mixin.py:154} INFO - [2025-03-11T14:59:51.564+0000] {dagbag.py:536} INFO - Filling up the DagBag from /home/airflow/.local/lib/python3.8/site-packages/airflow/example_dags/example_sensor_decorator.py
[2025-03-11T14:59:51.568+0000] {processor.py:839} INFO - DAG(s) dict_keys(['example_sensor_decorator']) retrieved from /home/airflow/.local/lib/python3.8/site-packages/airflow/example_dags/example_sensor_decorator.py
[2025-03-11T14:59:51.580+0000] {logging_mixin.py:154} INFO - [2025-03-11T14:59:51.580+0000] {dag.py:2941} INFO - Sync 1 DAGs
[2025-03-11T14:59:51.588+0000] {logging_mixin.py:154} INFO - [2025-03-11T14:59:51.588+0000] {dag.py:3722} INFO - Setting next_dagrun for example_sensor_decorator to None, run_after=None
[2025-03-11T14:59:51.595+0000] {processor.py:179} INFO - Processing /home/airflow/.local/lib/python3.8/site-packages/airflow/example_dags/example_sensor_decorator.py took 0.035 seconds
[2025-03-11T15:00:22.321+0000] {processor.py:157} INFO - Started process (PID=13363) to work on /home/airflow/.local/lib/python3.8/site-packages/airflow/example_dags/example_sensor_decorator.py
[2025-03-11T15:00:22.321+0000] {processor.py:829} INFO - Processing file /home/airflow/.local/lib/python3.8/site-packages/airflow/example_dags/example_sensor_decorator.py for tasks to queue
[2025-03-11T15:00:22.322+0000] {logging_mixin.py:154} INFO - [2025-03-11T15:00:22.322+0000] {dagbag.py:536} INFO - Filling up the DagBag from /home/airflow/.local/lib/python3.8/site-packages/airflow/example_dags/example_sensor_decorator.py
[2025-03-11T15:00:22.325+0000] {processor.py:839} INFO - DAG(s) dict_keys(['example_sensor_decorator']) retrieved from /home/airflow/.local/lib/python3.8/site-packages/airflow/example_dags/example_sensor_decorator.py
[2025-03-11T15:00:22.334+0000] {logging_mixin.py:154} INFO - [2025-03-11T15:00:22.334+0000] {dag.py:2941} INFO - Sync 1 DAGs
[2025-03-11T15:00:22.340+0000] {logging_mixin.py:154} INFO - [2025-03-11T15:00:22.340+0000] {dag.py:3722} INFO - Setting next_dagrun for example_sensor_decorator to None, run_after=None
[2025-03-11T15:00:22.350+0000] {processor.py:179} INFO - Processing /home/airflow/.local/lib/python3.8/site-packages/airflow/example_dags/example_sensor_decorator.py took 0.031 seconds
[2025-03-11T15:00:53.050+0000] {processor.py:157} INFO - Started process (PID=13419) to work on /home/airflow/.local/lib/python3.8/site-packages/airflow/example_dags/example_sensor_decorator.py
[2025-03-11T15:00:53.051+0000] {processor.py:829} INFO - Processing file /home/airflow/.local/lib/python3.8/site-packages/airflow/example_dags/example_sensor_decorator.py for tasks to queue
[2025-03-11T15:00:53.052+0000] {logging_mixin.py:154} INFO - [2025-03-11T15:00:53.052+0000] {dagbag.py:536} INFO - Filling up the DagBag from /home/airflow/.local/lib/python3.8/site-packages/airflow/example_dags/example_sensor_decorator.py
[2025-03-11T15:00:53.055+0000] {processor.py:839} INFO - DAG(s) dict_keys(['example_sensor_decorator']) retrieved from /home/airflow/.local/lib/python3.8/site-packages/airflow/example_dags/example_sensor_decorator.py
[2025-03-11T15:00:53.066+0000] {logging_mixin.py:154} INFO - [2025-03-11T15:00:53.066+0000] {dag.py:2941} INFO - Sync 1 DAGs
[2025-03-11T15:00:53.072+0000] {logging_mixin.py:154} INFO - [2025-03-11T15:00:53.072+0000] {dag.py:3722} INFO - Setting next_dagrun for example_sensor_decorator to None, run_after=None
[2025-03-11T15:00:53.081+0000] {processor.py:179} INFO - Processing /home/airflow/.local/lib/python3.8/site-packages/airflow/example_dags/example_sensor_decorator.py took 0.033 seconds
[2025-03-11T15:01:23.738+0000] {processor.py:157} INFO - Started process (PID=13475) to work on /home/airflow/.local/lib/python3.8/site-packages/airflow/example_dags/example_sensor_decorator.py
[2025-03-11T15:01:23.738+0000] {processor.py:829} INFO - Processing file /home/airflow/.local/lib/python3.8/site-packages/airflow/example_dags/example_sensor_decorator.py for tasks to queue
[2025-03-11T15:01:23.739+0000] {logging_mixin.py:154} INFO - [2025-03-11T15:01:23.739+0000] {dagbag.py:536} INFO - Filling up the DagBag from /home/airflow/.local/lib/python3.8/site-packages/airflow/example_dags/example_sensor_decorator.py
[2025-03-11T15:01:23.742+0000] {processor.py:839} INFO - DAG(s) dict_keys(['example_sensor_decorator']) retrieved from /home/airflow/.local/lib/python3.8/site-packages/airflow/example_dags/example_sensor_decorator.py
[2025-03-11T15:01:23.752+0000] {logging_mixin.py:154} INFO - [2025-03-11T15:01:23.752+0000] {dag.py:2941} INFO - Sync 1 DAGs
[2025-03-11T15:01:23.757+0000] {logging_mixin.py:154} INFO - [2025-03-11T15:01:23.757+0000] {dag.py:3722} INFO - Setting next_dagrun for example_sensor_decorator to None, run_after=None
[2025-03-11T15:01:23.766+0000] {processor.py:179} INFO - Processing /home/airflow/.local/lib/python3.8/site-packages/airflow/example_dags/example_sensor_decorator.py took 0.030 seconds
[2025-03-11T15:01:54.409+0000] {processor.py:157} INFO - Started process (PID=13531) to work on /home/airflow/.local/lib/python3.8/site-packages/airflow/example_dags/example_sensor_decorator.py
[2025-03-11T15:01:54.410+0000] {processor.py:829} INFO - Processing file /home/airflow/.local/lib/python3.8/site-packages/airflow/example_dags/example_sensor_decorator.py for tasks to queue
[2025-03-11T15:01:54.411+0000] {logging_mixin.py:154} INFO - [2025-03-11T15:01:54.411+0000] {dagbag.py:536} INFO - Filling up the DagBag from /home/airflow/.local/lib/python3.8/site-packages/airflow/example_dags/example_sensor_decorator.py
[2025-03-11T15:01:54.414+0000] {processor.py:839} INFO - DAG(s) dict_keys(['example_sensor_decorator']) retrieved from /home/airflow/.local/lib/python3.8/site-packages/airflow/example_dags/example_sensor_decorator.py
[2025-03-11T15:01:54.424+0000] {logging_mixin.py:154} INFO - [2025-03-11T15:01:54.424+0000] {dag.py:2941} INFO - Sync 1 DAGs
[2025-03-11T15:01:54.429+0000] {logging_mixin.py:154} INFO - [2025-03-11T15:01:54.429+0000] {dag.py:3722} INFO - Setting next_dagrun for example_sensor_decorator to None, run_after=None
[2025-03-11T15:01:54.441+0000] {processor.py:179} INFO - Processing /home/airflow/.local/lib/python3.8/site-packages/airflow/example_dags/example_sensor_decorator.py took 0.033 seconds
[2025-03-11T15:02:25.095+0000] {processor.py:157} INFO - Started process (PID=13587) to work on /home/airflow/.local/lib/python3.8/site-packages/airflow/example_dags/example_sensor_decorator.py
[2025-03-11T15:02:25.096+0000] {processor.py:829} INFO - Processing file /home/airflow/.local/lib/python3.8/site-packages/airflow/example_dags/example_sensor_decorator.py for tasks to queue
[2025-03-11T15:02:25.097+0000] {logging_mixin.py:154} INFO - [2025-03-11T15:02:25.097+0000] {dagbag.py:536} INFO - Filling up the DagBag from /home/airflow/.local/lib/python3.8/site-packages/airflow/example_dags/example_sensor_decorator.py
[2025-03-11T15:02:25.099+0000] {processor.py:839} INFO - DAG(s) dict_keys(['example_sensor_decorator']) retrieved from /home/airflow/.local/lib/python3.8/site-packages/airflow/example_dags/example_sensor_decorator.py
[2025-03-11T15:02:25.110+0000] {logging_mixin.py:154} INFO - [2025-03-11T15:02:25.110+0000] {dag.py:2941} INFO - Sync 1 DAGs
[2025-03-11T15:02:25.117+0000] {logging_mixin.py:154} INFO - [2025-03-11T15:02:25.116+0000] {dag.py:3722} INFO - Setting next_dagrun for example_sensor_decorator to None, run_after=None
[2025-03-11T15:02:25.127+0000] {processor.py:179} INFO - Processing /home/airflow/.local/lib/python3.8/site-packages/airflow/example_dags/example_sensor_decorator.py took 0.033 seconds
[2025-03-11T15:02:55.744+0000] {processor.py:157} INFO - Started process (PID=13643) to work on /home/airflow/.local/lib/python3.8/site-packages/airflow/example_dags/example_sensor_decorator.py
[2025-03-11T15:02:55.746+0000] {processor.py:829} INFO - Processing file /home/airflow/.local/lib/python3.8/site-packages/airflow/example_dags/example_sensor_decorator.py for tasks to queue
[2025-03-11T15:02:55.747+0000] {logging_mixin.py:154} INFO - [2025-03-11T15:02:55.747+0000] {dagbag.py:536} INFO - Filling up the DagBag from /home/airflow/.local/lib/python3.8/site-packages/airflow/example_dags/example_sensor_decorator.py
[2025-03-11T15:02:55.752+0000] {processor.py:839} INFO - DAG(s) dict_keys(['example_sensor_decorator']) retrieved from /home/airflow/.local/lib/python3.8/site-packages/airflow/example_dags/example_sensor_decorator.py
[2025-03-11T15:02:55.761+0000] {logging_mixin.py:154} INFO - [2025-03-11T15:02:55.761+0000] {dag.py:2941} INFO - Sync 1 DAGs
[2025-03-11T15:02:55.766+0000] {logging_mixin.py:154} INFO - [2025-03-11T15:02:55.766+0000] {dag.py:3722} INFO - Setting next_dagrun for example_sensor_decorator to None, run_after=None
[2025-03-11T15:02:55.774+0000] {processor.py:179} INFO - Processing /home/airflow/.local/lib/python3.8/site-packages/airflow/example_dags/example_sensor_decorator.py took 0.031 seconds
[2025-03-11T15:03:26.445+0000] {processor.py:157} INFO - Started process (PID=13699) to work on /home/airflow/.local/lib/python3.8/site-packages/airflow/example_dags/example_sensor_decorator.py
[2025-03-11T15:03:26.445+0000] {processor.py:829} INFO - Processing file /home/airflow/.local/lib/python3.8/site-packages/airflow/example_dags/example_sensor_decorator.py for tasks to queue
[2025-03-11T15:03:26.446+0000] {logging_mixin.py:154} INFO - [2025-03-11T15:03:26.446+0000] {dagbag.py:536} INFO - Filling up the DagBag from /home/airflow/.local/lib/python3.8/site-packages/airflow/example_dags/example_sensor_decorator.py
[2025-03-11T15:03:26.449+0000] {processor.py:839} INFO - DAG(s) dict_keys(['example_sensor_decorator']) retrieved from /home/airflow/.local/lib/python3.8/site-packages/airflow/example_dags/example_sensor_decorator.py
[2025-03-11T15:03:26.460+0000] {logging_mixin.py:154} INFO - [2025-03-11T15:03:26.460+0000] {dag.py:2941} INFO - Sync 1 DAGs
[2025-03-11T15:03:26.465+0000] {logging_mixin.py:154} INFO - [2025-03-11T15:03:26.465+0000] {dag.py:3722} INFO - Setting next_dagrun for example_sensor_decorator to None, run_after=None
[2025-03-11T15:03:26.472+0000] {processor.py:179} INFO - Processing /home/airflow/.local/lib/python3.8/site-packages/airflow/example_dags/example_sensor_decorator.py took 0.029 seconds
[2025-03-11T15:03:57.090+0000] {processor.py:157} INFO - Started process (PID=13755) to work on /home/airflow/.local/lib/python3.8/site-packages/airflow/example_dags/example_sensor_decorator.py
[2025-03-11T15:03:57.091+0000] {processor.py:829} INFO - Processing file /home/airflow/.local/lib/python3.8/site-packages/airflow/example_dags/example_sensor_decorator.py for tasks to queue
[2025-03-11T15:03:57.092+0000] {logging_mixin.py:154} INFO - [2025-03-11T15:03:57.092+0000] {dagbag.py:536} INFO - Filling up the DagBag from /home/airflow/.local/lib/python3.8/site-packages/airflow/example_dags/example_sensor_decorator.py
[2025-03-11T15:03:57.095+0000] {processor.py:839} INFO - DAG(s) dict_keys(['example_sensor_decorator']) retrieved from /home/airflow/.local/lib/python3.8/site-packages/airflow/example_dags/example_sensor_decorator.py
[2025-03-11T15:03:57.106+0000] {logging_mixin.py:154} INFO - [2025-03-11T15:03:57.106+0000] {dag.py:2941} INFO - Sync 1 DAGs
[2025-03-11T15:03:57.111+0000] {logging_mixin.py:154} INFO - [2025-03-11T15:03:57.111+0000] {dag.py:3722} INFO - Setting next_dagrun for example_sensor_decorator to None, run_after=None
[2025-03-11T15:03:57.120+0000] {processor.py:179} INFO - Processing /home/airflow/.local/lib/python3.8/site-packages/airflow/example_dags/example_sensor_decorator.py took 0.031 seconds
[2025-03-11T15:04:27.743+0000] {processor.py:157} INFO - Started process (PID=13811) to work on /home/airflow/.local/lib/python3.8/site-packages/airflow/example_dags/example_sensor_decorator.py
[2025-03-11T15:04:27.744+0000] {processor.py:829} INFO - Processing file /home/airflow/.local/lib/python3.8/site-packages/airflow/example_dags/example_sensor_decorator.py for tasks to queue
[2025-03-11T15:04:27.745+0000] {logging_mixin.py:154} INFO - [2025-03-11T15:04:27.745+0000] {dagbag.py:536} INFO - Filling up the DagBag from /home/airflow/.local/lib/python3.8/site-packages/airflow/example_dags/example_sensor_decorator.py
[2025-03-11T15:04:27.748+0000] {processor.py:839} INFO - DAG(s) dict_keys(['example_sensor_decorator']) retrieved from /home/airflow/.local/lib/python3.8/site-packages/airflow/example_dags/example_sensor_decorator.py
[2025-03-11T15:04:27.759+0000] {logging_mixin.py:154} INFO - [2025-03-11T15:04:27.758+0000] {dag.py:2941} INFO - Sync 1 DAGs
[2025-03-11T15:04:27.763+0000] {logging_mixin.py:154} INFO - [2025-03-11T15:04:27.763+0000] {dag.py:3722} INFO - Setting next_dagrun for example_sensor_decorator to None, run_after=None
[2025-03-11T15:04:27.771+0000] {processor.py:179} INFO - Processing /home/airflow/.local/lib/python3.8/site-packages/airflow/example_dags/example_sensor_decorator.py took 0.029 seconds
[2025-03-11T15:04:58.392+0000] {processor.py:157} INFO - Started process (PID=13867) to work on /home/airflow/.local/lib/python3.8/site-packages/airflow/example_dags/example_sensor_decorator.py
[2025-03-11T15:04:58.393+0000] {processor.py:829} INFO - Processing file /home/airflow/.local/lib/python3.8/site-packages/airflow/example_dags/example_sensor_decorator.py for tasks to queue
[2025-03-11T15:04:58.395+0000] {logging_mixin.py:154} INFO - [2025-03-11T15:04:58.395+0000] {dagbag.py:536} INFO - Filling up the DagBag from /home/airflow/.local/lib/python3.8/site-packages/airflow/example_dags/example_sensor_decorator.py
[2025-03-11T15:04:58.398+0000] {processor.py:839} INFO - DAG(s) dict_keys(['example_sensor_decorator']) retrieved from /home/airflow/.local/lib/python3.8/site-packages/airflow/example_dags/example_sensor_decorator.py
[2025-03-11T15:04:58.410+0000] {logging_mixin.py:154} INFO - [2025-03-11T15:04:58.409+0000] {dag.py:2941} INFO - Sync 1 DAGs
[2025-03-11T15:04:58.415+0000] {logging_mixin.py:154} INFO - [2025-03-11T15:04:58.415+0000] {dag.py:3722} INFO - Setting next_dagrun for example_sensor_decorator to None, run_after=None
[2025-03-11T15:04:58.426+0000] {processor.py:179} INFO - Processing /home/airflow/.local/lib/python3.8/site-packages/airflow/example_dags/example_sensor_decorator.py took 0.036 seconds
[2025-03-11T15:05:29.081+0000] {processor.py:157} INFO - Started process (PID=13923) to work on /home/airflow/.local/lib/python3.8/site-packages/airflow/example_dags/example_sensor_decorator.py
[2025-03-11T15:05:29.082+0000] {processor.py:829} INFO - Processing file /home/airflow/.local/lib/python3.8/site-packages/airflow/example_dags/example_sensor_decorator.py for tasks to queue
[2025-03-11T15:05:29.083+0000] {logging_mixin.py:154} INFO - [2025-03-11T15:05:29.083+0000] {dagbag.py:536} INFO - Filling up the DagBag from /home/airflow/.local/lib/python3.8/site-packages/airflow/example_dags/example_sensor_decorator.py
[2025-03-11T15:05:29.085+0000] {processor.py:839} INFO - DAG(s) dict_keys(['example_sensor_decorator']) retrieved from /home/airflow/.local/lib/python3.8/site-packages/airflow/example_dags/example_sensor_decorator.py
[2025-03-11T15:05:29.095+0000] {logging_mixin.py:154} INFO - [2025-03-11T15:05:29.095+0000] {dag.py:2941} INFO - Sync 1 DAGs
[2025-03-11T15:05:29.102+0000] {logging_mixin.py:154} INFO - [2025-03-11T15:05:29.102+0000] {dag.py:3722} INFO - Setting next_dagrun for example_sensor_decorator to None, run_after=None
[2025-03-11T15:05:29.111+0000] {processor.py:179} INFO - Processing /home/airflow/.local/lib/python3.8/site-packages/airflow/example_dags/example_sensor_decorator.py took 0.032 seconds
[2025-03-11T15:05:59.660+0000] {processor.py:157} INFO - Started process (PID=13979) to work on /home/airflow/.local/lib/python3.8/site-packages/airflow/example_dags/example_sensor_decorator.py
[2025-03-11T15:05:59.661+0000] {processor.py:829} INFO - Processing file /home/airflow/.local/lib/python3.8/site-packages/airflow/example_dags/example_sensor_decorator.py for tasks to queue
[2025-03-11T15:05:59.662+0000] {logging_mixin.py:154} INFO - [2025-03-11T15:05:59.662+0000] {dagbag.py:536} INFO - Filling up the DagBag from /home/airflow/.local/lib/python3.8/site-packages/airflow/example_dags/example_sensor_decorator.py
[2025-03-11T15:05:59.664+0000] {processor.py:839} INFO - DAG(s) dict_keys(['example_sensor_decorator']) retrieved from /home/airflow/.local/lib/python3.8/site-packages/airflow/example_dags/example_sensor_decorator.py
[2025-03-11T15:05:59.675+0000] {logging_mixin.py:154} INFO - [2025-03-11T15:05:59.675+0000] {dag.py:2941} INFO - Sync 1 DAGs
[2025-03-11T15:05:59.681+0000] {logging_mixin.py:154} INFO - [2025-03-11T15:05:59.681+0000] {dag.py:3722} INFO - Setting next_dagrun for example_sensor_decorator to None, run_after=None
[2025-03-11T15:05:59.693+0000] {processor.py:179} INFO - Processing /home/airflow/.local/lib/python3.8/site-packages/airflow/example_dags/example_sensor_decorator.py took 0.034 seconds
[2025-03-11T15:06:30.333+0000] {processor.py:157} INFO - Started process (PID=14035) to work on /home/airflow/.local/lib/python3.8/site-packages/airflow/example_dags/example_sensor_decorator.py
[2025-03-11T15:06:30.333+0000] {processor.py:829} INFO - Processing file /home/airflow/.local/lib/python3.8/site-packages/airflow/example_dags/example_sensor_decorator.py for tasks to queue
[2025-03-11T15:06:30.334+0000] {logging_mixin.py:154} INFO - [2025-03-11T15:06:30.334+0000] {dagbag.py:536} INFO - Filling up the DagBag from /home/airflow/.local/lib/python3.8/site-packages/airflow/example_dags/example_sensor_decorator.py
[2025-03-11T15:06:30.337+0000] {processor.py:839} INFO - DAG(s) dict_keys(['example_sensor_decorator']) retrieved from /home/airflow/.local/lib/python3.8/site-packages/airflow/example_dags/example_sensor_decorator.py
[2025-03-11T15:06:30.347+0000] {logging_mixin.py:154} INFO - [2025-03-11T15:06:30.347+0000] {dag.py:2941} INFO - Sync 1 DAGs
[2025-03-11T15:06:30.353+0000] {logging_mixin.py:154} INFO - [2025-03-11T15:06:30.353+0000] {dag.py:3722} INFO - Setting next_dagrun for example_sensor_decorator to None, run_after=None
[2025-03-11T15:06:30.364+0000] {processor.py:179} INFO - Processing /home/airflow/.local/lib/python3.8/site-packages/airflow/example_dags/example_sensor_decorator.py took 0.032 seconds
[2025-03-11T15:07:01.019+0000] {processor.py:157} INFO - Started process (PID=14091) to work on /home/airflow/.local/lib/python3.8/site-packages/airflow/example_dags/example_sensor_decorator.py
[2025-03-11T15:07:01.020+0000] {processor.py:829} INFO - Processing file /home/airflow/.local/lib/python3.8/site-packages/airflow/example_dags/example_sensor_decorator.py for tasks to queue
[2025-03-11T15:07:01.021+0000] {logging_mixin.py:154} INFO - [2025-03-11T15:07:01.021+0000] {dagbag.py:536} INFO - Filling up the DagBag from /home/airflow/.local/lib/python3.8/site-packages/airflow/example_dags/example_sensor_decorator.py
[2025-03-11T15:07:01.024+0000] {processor.py:839} INFO - DAG(s) dict_keys(['example_sensor_decorator']) retrieved from /home/airflow/.local/lib/python3.8/site-packages/airflow/example_dags/example_sensor_decorator.py
[2025-03-11T15:07:01.037+0000] {logging_mixin.py:154} INFO - [2025-03-11T15:07:01.036+0000] {dag.py:2941} INFO - Sync 1 DAGs
[2025-03-11T15:07:01.042+0000] {logging_mixin.py:154} INFO - [2025-03-11T15:07:01.042+0000] {dag.py:3722} INFO - Setting next_dagrun for example_sensor_decorator to None, run_after=None
[2025-03-11T15:07:01.052+0000] {processor.py:179} INFO - Processing /home/airflow/.local/lib/python3.8/site-packages/airflow/example_dags/example_sensor_decorator.py took 0.034 seconds
[2025-03-11T15:07:31.742+0000] {processor.py:157} INFO - Started process (PID=14147) to work on /home/airflow/.local/lib/python3.8/site-packages/airflow/example_dags/example_sensor_decorator.py
[2025-03-11T15:07:31.742+0000] {processor.py:829} INFO - Processing file /home/airflow/.local/lib/python3.8/site-packages/airflow/example_dags/example_sensor_decorator.py for tasks to queue
[2025-03-11T15:07:31.743+0000] {logging_mixin.py:154} INFO - [2025-03-11T15:07:31.743+0000] {dagbag.py:536} INFO - Filling up the DagBag from /home/airflow/.local/lib/python3.8/site-packages/airflow/example_dags/example_sensor_decorator.py
[2025-03-11T15:07:31.746+0000] {processor.py:839} INFO - DAG(s) dict_keys(['example_sensor_decorator']) retrieved from /home/airflow/.local/lib/python3.8/site-packages/airflow/example_dags/example_sensor_decorator.py
[2025-03-11T15:07:31.757+0000] {logging_mixin.py:154} INFO - [2025-03-11T15:07:31.756+0000] {dag.py:2941} INFO - Sync 1 DAGs
[2025-03-11T15:07:31.763+0000] {logging_mixin.py:154} INFO - [2025-03-11T15:07:31.763+0000] {dag.py:3722} INFO - Setting next_dagrun for example_sensor_decorator to None, run_after=None
[2025-03-11T15:07:31.774+0000] {processor.py:179} INFO - Processing /home/airflow/.local/lib/python3.8/site-packages/airflow/example_dags/example_sensor_decorator.py took 0.034 seconds
[2025-03-11T15:08:02.374+0000] {processor.py:157} INFO - Started process (PID=14203) to work on /home/airflow/.local/lib/python3.8/site-packages/airflow/example_dags/example_sensor_decorator.py
[2025-03-11T15:08:02.375+0000] {processor.py:829} INFO - Processing file /home/airflow/.local/lib/python3.8/site-packages/airflow/example_dags/example_sensor_decorator.py for tasks to queue
[2025-03-11T15:08:02.376+0000] {logging_mixin.py:154} INFO - [2025-03-11T15:08:02.376+0000] {dagbag.py:536} INFO - Filling up the DagBag from /home/airflow/.local/lib/python3.8/site-packages/airflow/example_dags/example_sensor_decorator.py
[2025-03-11T15:08:02.378+0000] {processor.py:839} INFO - DAG(s) dict_keys(['example_sensor_decorator']) retrieved from /home/airflow/.local/lib/python3.8/site-packages/airflow/example_dags/example_sensor_decorator.py
[2025-03-11T15:08:02.389+0000] {logging_mixin.py:154} INFO - [2025-03-11T15:08:02.389+0000] {dag.py:2941} INFO - Sync 1 DAGs
[2025-03-11T15:08:02.395+0000] {logging_mixin.py:154} INFO - [2025-03-11T15:08:02.395+0000] {dag.py:3722} INFO - Setting next_dagrun for example_sensor_decorator to None, run_after=None
[2025-03-11T15:08:02.406+0000] {processor.py:179} INFO - Processing /home/airflow/.local/lib/python3.8/site-packages/airflow/example_dags/example_sensor_decorator.py took 0.033 seconds
[2025-03-11T15:08:32.950+0000] {processor.py:157} INFO - Started process (PID=14259) to work on /home/airflow/.local/lib/python3.8/site-packages/airflow/example_dags/example_sensor_decorator.py
[2025-03-11T15:08:32.950+0000] {processor.py:829} INFO - Processing file /home/airflow/.local/lib/python3.8/site-packages/airflow/example_dags/example_sensor_decorator.py for tasks to queue
[2025-03-11T15:08:32.951+0000] {logging_mixin.py:154} INFO - [2025-03-11T15:08:32.951+0000] {dagbag.py:536} INFO - Filling up the DagBag from /home/airflow/.local/lib/python3.8/site-packages/airflow/example_dags/example_sensor_decorator.py
[2025-03-11T15:08:32.954+0000] {processor.py:839} INFO - DAG(s) dict_keys(['example_sensor_decorator']) retrieved from /home/airflow/.local/lib/python3.8/site-packages/airflow/example_dags/example_sensor_decorator.py
[2025-03-11T15:08:32.964+0000] {logging_mixin.py:154} INFO - [2025-03-11T15:08:32.964+0000] {dag.py:2941} INFO - Sync 1 DAGs
[2025-03-11T15:08:32.971+0000] {logging_mixin.py:154} INFO - [2025-03-11T15:08:32.971+0000] {dag.py:3722} INFO - Setting next_dagrun for example_sensor_decorator to None, run_after=None
[2025-03-11T15:08:32.981+0000] {processor.py:179} INFO - Processing /home/airflow/.local/lib/python3.8/site-packages/airflow/example_dags/example_sensor_decorator.py took 0.033 seconds
[2025-03-11T15:09:03.631+0000] {processor.py:157} INFO - Started process (PID=14315) to work on /home/airflow/.local/lib/python3.8/site-packages/airflow/example_dags/example_sensor_decorator.py
[2025-03-11T15:09:03.631+0000] {processor.py:829} INFO - Processing file /home/airflow/.local/lib/python3.8/site-packages/airflow/example_dags/example_sensor_decorator.py for tasks to queue
[2025-03-11T15:09:03.632+0000] {logging_mixin.py:154} INFO - [2025-03-11T15:09:03.632+0000] {dagbag.py:536} INFO - Filling up the DagBag from /home/airflow/.local/lib/python3.8/site-packages/airflow/example_dags/example_sensor_decorator.py
[2025-03-11T15:09:03.635+0000] {processor.py:839} INFO - DAG(s) dict_keys(['example_sensor_decorator']) retrieved from /home/airflow/.local/lib/python3.8/site-packages/airflow/example_dags/example_sensor_decorator.py
[2025-03-11T15:09:03.646+0000] {logging_mixin.py:154} INFO - [2025-03-11T15:09:03.646+0000] {dag.py:2941} INFO - Sync 1 DAGs
[2025-03-11T15:09:03.651+0000] {logging_mixin.py:154} INFO - [2025-03-11T15:09:03.651+0000] {dag.py:3722} INFO - Setting next_dagrun for example_sensor_decorator to None, run_after=None
[2025-03-11T15:09:03.662+0000] {processor.py:179} INFO - Processing /home/airflow/.local/lib/python3.8/site-packages/airflow/example_dags/example_sensor_decorator.py took 0.032 seconds
[2025-03-11T15:09:34.290+0000] {processor.py:157} INFO - Started process (PID=14371) to work on /home/airflow/.local/lib/python3.8/site-packages/airflow/example_dags/example_sensor_decorator.py
[2025-03-11T15:09:34.292+0000] {processor.py:829} INFO - Processing file /home/airflow/.local/lib/python3.8/site-packages/airflow/example_dags/example_sensor_decorator.py for tasks to queue
[2025-03-11T15:09:34.293+0000] {logging_mixin.py:154} INFO - [2025-03-11T15:09:34.293+0000] {dagbag.py:536} INFO - Filling up the DagBag from /home/airflow/.local/lib/python3.8/site-packages/airflow/example_dags/example_sensor_decorator.py
[2025-03-11T15:09:34.296+0000] {processor.py:839} INFO - DAG(s) dict_keys(['example_sensor_decorator']) retrieved from /home/airflow/.local/lib/python3.8/site-packages/airflow/example_dags/example_sensor_decorator.py
[2025-03-11T15:09:34.306+0000] {logging_mixin.py:154} INFO - [2025-03-11T15:09:34.305+0000] {dag.py:2941} INFO - Sync 1 DAGs
[2025-03-11T15:09:34.310+0000] {logging_mixin.py:154} INFO - [2025-03-11T15:09:34.310+0000] {dag.py:3722} INFO - Setting next_dagrun for example_sensor_decorator to None, run_after=None
[2025-03-11T15:09:34.320+0000] {processor.py:179} INFO - Processing /home/airflow/.local/lib/python3.8/site-packages/airflow/example_dags/example_sensor_decorator.py took 0.031 seconds
[2025-03-11T15:10:04.927+0000] {processor.py:157} INFO - Started process (PID=14434) to work on /home/airflow/.local/lib/python3.8/site-packages/airflow/example_dags/example_sensor_decorator.py
[2025-03-11T15:10:04.928+0000] {processor.py:829} INFO - Processing file /home/airflow/.local/lib/python3.8/site-packages/airflow/example_dags/example_sensor_decorator.py for tasks to queue
[2025-03-11T15:10:04.929+0000] {logging_mixin.py:154} INFO - [2025-03-11T15:10:04.929+0000] {dagbag.py:536} INFO - Filling up the DagBag from /home/airflow/.local/lib/python3.8/site-packages/airflow/example_dags/example_sensor_decorator.py
[2025-03-11T15:10:04.932+0000] {processor.py:839} INFO - DAG(s) dict_keys(['example_sensor_decorator']) retrieved from /home/airflow/.local/lib/python3.8/site-packages/airflow/example_dags/example_sensor_decorator.py
[2025-03-11T15:10:04.943+0000] {logging_mixin.py:154} INFO - [2025-03-11T15:10:04.942+0000] {dag.py:2941} INFO - Sync 1 DAGs
[2025-03-11T15:10:04.947+0000] {logging_mixin.py:154} INFO - [2025-03-11T15:10:04.947+0000] {dag.py:3722} INFO - Setting next_dagrun for example_sensor_decorator to None, run_after=None
[2025-03-11T15:10:04.955+0000] {processor.py:179} INFO - Processing /home/airflow/.local/lib/python3.8/site-packages/airflow/example_dags/example_sensor_decorator.py took 0.029 seconds
[2025-03-11T15:10:35.486+0000] {processor.py:157} INFO - Started process (PID=14490) to work on /home/airflow/.local/lib/python3.8/site-packages/airflow/example_dags/example_sensor_decorator.py
[2025-03-11T15:10:35.487+0000] {processor.py:829} INFO - Processing file /home/airflow/.local/lib/python3.8/site-packages/airflow/example_dags/example_sensor_decorator.py for tasks to queue
[2025-03-11T15:10:35.489+0000] {logging_mixin.py:154} INFO - [2025-03-11T15:10:35.489+0000] {dagbag.py:536} INFO - Filling up the DagBag from /home/airflow/.local/lib/python3.8/site-packages/airflow/example_dags/example_sensor_decorator.py
[2025-03-11T15:10:35.492+0000] {processor.py:839} INFO - DAG(s) dict_keys(['example_sensor_decorator']) retrieved from /home/airflow/.local/lib/python3.8/site-packages/airflow/example_dags/example_sensor_decorator.py
[2025-03-11T15:10:35.502+0000] {logging_mixin.py:154} INFO - [2025-03-11T15:10:35.502+0000] {dag.py:2941} INFO - Sync 1 DAGs
[2025-03-11T15:10:35.507+0000] {logging_mixin.py:154} INFO - [2025-03-11T15:10:35.507+0000] {dag.py:3722} INFO - Setting next_dagrun for example_sensor_decorator to None, run_after=None
[2025-03-11T15:10:35.520+0000] {processor.py:179} INFO - Processing /home/airflow/.local/lib/python3.8/site-packages/airflow/example_dags/example_sensor_decorator.py took 0.036 seconds
[2025-03-11T15:11:06.113+0000] {processor.py:157} INFO - Started process (PID=14546) to work on /home/airflow/.local/lib/python3.8/site-packages/airflow/example_dags/example_sensor_decorator.py
[2025-03-11T15:11:06.113+0000] {processor.py:829} INFO - Processing file /home/airflow/.local/lib/python3.8/site-packages/airflow/example_dags/example_sensor_decorator.py for tasks to queue
[2025-03-11T15:11:06.115+0000] {logging_mixin.py:154} INFO - [2025-03-11T15:11:06.114+0000] {dagbag.py:536} INFO - Filling up the DagBag from /home/airflow/.local/lib/python3.8/site-packages/airflow/example_dags/example_sensor_decorator.py
[2025-03-11T15:11:06.118+0000] {processor.py:839} INFO - DAG(s) dict_keys(['example_sensor_decorator']) retrieved from /home/airflow/.local/lib/python3.8/site-packages/airflow/example_dags/example_sensor_decorator.py
[2025-03-11T15:11:06.129+0000] {logging_mixin.py:154} INFO - [2025-03-11T15:11:06.128+0000] {dag.py:2941} INFO - Sync 1 DAGs
[2025-03-11T15:11:06.133+0000] {logging_mixin.py:154} INFO - [2025-03-11T15:11:06.133+0000] {dag.py:3722} INFO - Setting next_dagrun for example_sensor_decorator to None, run_after=None
[2025-03-11T15:11:06.141+0000] {processor.py:179} INFO - Processing /home/airflow/.local/lib/python3.8/site-packages/airflow/example_dags/example_sensor_decorator.py took 0.030 seconds
[2025-03-11T15:11:36.720+0000] {processor.py:157} INFO - Started process (PID=14602) to work on /home/airflow/.local/lib/python3.8/site-packages/airflow/example_dags/example_sensor_decorator.py
[2025-03-11T15:11:36.720+0000] {processor.py:829} INFO - Processing file /home/airflow/.local/lib/python3.8/site-packages/airflow/example_dags/example_sensor_decorator.py for tasks to queue
[2025-03-11T15:11:36.722+0000] {logging_mixin.py:154} INFO - [2025-03-11T15:11:36.721+0000] {dagbag.py:536} INFO - Filling up the DagBag from /home/airflow/.local/lib/python3.8/site-packages/airflow/example_dags/example_sensor_decorator.py
[2025-03-11T15:11:36.725+0000] {processor.py:839} INFO - DAG(s) dict_keys(['example_sensor_decorator']) retrieved from /home/airflow/.local/lib/python3.8/site-packages/airflow/example_dags/example_sensor_decorator.py
[2025-03-11T15:11:36.736+0000] {logging_mixin.py:154} INFO - [2025-03-11T15:11:36.736+0000] {dag.py:2941} INFO - Sync 1 DAGs
[2025-03-11T15:11:36.743+0000] {logging_mixin.py:154} INFO - [2025-03-11T15:11:36.743+0000] {dag.py:3722} INFO - Setting next_dagrun for example_sensor_decorator to None, run_after=None
[2025-03-11T15:11:36.754+0000] {processor.py:179} INFO - Processing /home/airflow/.local/lib/python3.8/site-packages/airflow/example_dags/example_sensor_decorator.py took 0.036 seconds
[2025-03-11T15:12:07.359+0000] {processor.py:157} INFO - Started process (PID=14658) to work on /home/airflow/.local/lib/python3.8/site-packages/airflow/example_dags/example_sensor_decorator.py
[2025-03-11T15:12:07.360+0000] {processor.py:829} INFO - Processing file /home/airflow/.local/lib/python3.8/site-packages/airflow/example_dags/example_sensor_decorator.py for tasks to queue
[2025-03-11T15:12:07.361+0000] {logging_mixin.py:154} INFO - [2025-03-11T15:12:07.360+0000] {dagbag.py:536} INFO - Filling up the DagBag from /home/airflow/.local/lib/python3.8/site-packages/airflow/example_dags/example_sensor_decorator.py
[2025-03-11T15:12:07.363+0000] {processor.py:839} INFO - DAG(s) dict_keys(['example_sensor_decorator']) retrieved from /home/airflow/.local/lib/python3.8/site-packages/airflow/example_dags/example_sensor_decorator.py
[2025-03-11T15:12:07.375+0000] {logging_mixin.py:154} INFO - [2025-03-11T15:12:07.375+0000] {dag.py:2941} INFO - Sync 1 DAGs
[2025-03-11T15:12:07.381+0000] {logging_mixin.py:154} INFO - [2025-03-11T15:12:07.381+0000] {dag.py:3722} INFO - Setting next_dagrun for example_sensor_decorator to None, run_after=None
[2025-03-11T15:12:07.390+0000] {processor.py:179} INFO - Processing /home/airflow/.local/lib/python3.8/site-packages/airflow/example_dags/example_sensor_decorator.py took 0.032 seconds
[2025-03-11T15:12:37.950+0000] {processor.py:157} INFO - Started process (PID=14713) to work on /home/airflow/.local/lib/python3.8/site-packages/airflow/example_dags/example_sensor_decorator.py
[2025-03-11T15:12:37.950+0000] {processor.py:829} INFO - Processing file /home/airflow/.local/lib/python3.8/site-packages/airflow/example_dags/example_sensor_decorator.py for tasks to queue
[2025-03-11T15:12:37.951+0000] {logging_mixin.py:154} INFO - [2025-03-11T15:12:37.951+0000] {dagbag.py:536} INFO - Filling up the DagBag from /home/airflow/.local/lib/python3.8/site-packages/airflow/example_dags/example_sensor_decorator.py
[2025-03-11T15:12:37.956+0000] {processor.py:839} INFO - DAG(s) dict_keys(['example_sensor_decorator']) retrieved from /home/airflow/.local/lib/python3.8/site-packages/airflow/example_dags/example_sensor_decorator.py
[2025-03-11T15:12:37.968+0000] {logging_mixin.py:154} INFO - [2025-03-11T15:12:37.967+0000] {dag.py:2941} INFO - Sync 1 DAGs
[2025-03-11T15:12:37.975+0000] {logging_mixin.py:154} INFO - [2025-03-11T15:12:37.975+0000] {dag.py:3722} INFO - Setting next_dagrun for example_sensor_decorator to None, run_after=None
[2025-03-11T15:12:37.985+0000] {processor.py:179} INFO - Processing /home/airflow/.local/lib/python3.8/site-packages/airflow/example_dags/example_sensor_decorator.py took 0.037 seconds
[2025-03-11T15:13:08.733+0000] {processor.py:157} INFO - Started process (PID=14769) to work on /home/airflow/.local/lib/python3.8/site-packages/airflow/example_dags/example_sensor_decorator.py
[2025-03-11T15:13:08.734+0000] {processor.py:829} INFO - Processing file /home/airflow/.local/lib/python3.8/site-packages/airflow/example_dags/example_sensor_decorator.py for tasks to queue
[2025-03-11T15:13:08.735+0000] {logging_mixin.py:154} INFO - [2025-03-11T15:13:08.735+0000] {dagbag.py:536} INFO - Filling up the DagBag from /home/airflow/.local/lib/python3.8/site-packages/airflow/example_dags/example_sensor_decorator.py
[2025-03-11T15:13:08.737+0000] {processor.py:839} INFO - DAG(s) dict_keys(['example_sensor_decorator']) retrieved from /home/airflow/.local/lib/python3.8/site-packages/airflow/example_dags/example_sensor_decorator.py
[2025-03-11T15:13:08.748+0000] {logging_mixin.py:154} INFO - [2025-03-11T15:13:08.747+0000] {dag.py:2941} INFO - Sync 1 DAGs
[2025-03-11T15:13:08.755+0000] {logging_mixin.py:154} INFO - [2025-03-11T15:13:08.755+0000] {dag.py:3722} INFO - Setting next_dagrun for example_sensor_decorator to None, run_after=None
[2025-03-11T15:13:08.767+0000] {processor.py:179} INFO - Processing /home/airflow/.local/lib/python3.8/site-packages/airflow/example_dags/example_sensor_decorator.py took 0.035 seconds
[2025-03-11T15:13:39.338+0000] {processor.py:157} INFO - Started process (PID=14825) to work on /home/airflow/.local/lib/python3.8/site-packages/airflow/example_dags/example_sensor_decorator.py
[2025-03-11T15:13:39.339+0000] {processor.py:829} INFO - Processing file /home/airflow/.local/lib/python3.8/site-packages/airflow/example_dags/example_sensor_decorator.py for tasks to queue
[2025-03-11T15:13:39.342+0000] {logging_mixin.py:154} INFO - [2025-03-11T15:13:39.342+0000] {dagbag.py:536} INFO - Filling up the DagBag from /home/airflow/.local/lib/python3.8/site-packages/airflow/example_dags/example_sensor_decorator.py
[2025-03-11T15:13:39.344+0000] {processor.py:839} INFO - DAG(s) dict_keys(['example_sensor_decorator']) retrieved from /home/airflow/.local/lib/python3.8/site-packages/airflow/example_dags/example_sensor_decorator.py
[2025-03-11T15:13:39.356+0000] {logging_mixin.py:154} INFO - [2025-03-11T15:13:39.356+0000] {dag.py:2941} INFO - Sync 1 DAGs
[2025-03-11T15:13:39.361+0000] {logging_mixin.py:154} INFO - [2025-03-11T15:13:39.361+0000] {dag.py:3722} INFO - Setting next_dagrun for example_sensor_decorator to None, run_after=None
[2025-03-11T15:13:39.371+0000] {processor.py:179} INFO - Processing /home/airflow/.local/lib/python3.8/site-packages/airflow/example_dags/example_sensor_decorator.py took 0.035 seconds
[2025-03-11T15:14:10.035+0000] {processor.py:157} INFO - Started process (PID=14881) to work on /home/airflow/.local/lib/python3.8/site-packages/airflow/example_dags/example_sensor_decorator.py
[2025-03-11T15:14:10.035+0000] {processor.py:829} INFO - Processing file /home/airflow/.local/lib/python3.8/site-packages/airflow/example_dags/example_sensor_decorator.py for tasks to queue
[2025-03-11T15:14:10.036+0000] {logging_mixin.py:154} INFO - [2025-03-11T15:14:10.036+0000] {dagbag.py:536} INFO - Filling up the DagBag from /home/airflow/.local/lib/python3.8/site-packages/airflow/example_dags/example_sensor_decorator.py
[2025-03-11T15:14:10.039+0000] {processor.py:839} INFO - DAG(s) dict_keys(['example_sensor_decorator']) retrieved from /home/airflow/.local/lib/python3.8/site-packages/airflow/example_dags/example_sensor_decorator.py
[2025-03-11T15:14:10.051+0000] {logging_mixin.py:154} INFO - [2025-03-11T15:14:10.050+0000] {dag.py:2941} INFO - Sync 1 DAGs
[2025-03-11T15:14:10.057+0000] {logging_mixin.py:154} INFO - [2025-03-11T15:14:10.056+0000] {dag.py:3722} INFO - Setting next_dagrun for example_sensor_decorator to None, run_after=None
[2025-03-11T15:14:10.068+0000] {processor.py:179} INFO - Processing /home/airflow/.local/lib/python3.8/site-packages/airflow/example_dags/example_sensor_decorator.py took 0.035 seconds
[2025-03-11T15:14:40.707+0000] {processor.py:157} INFO - Started process (PID=14937) to work on /home/airflow/.local/lib/python3.8/site-packages/airflow/example_dags/example_sensor_decorator.py
[2025-03-11T15:14:40.708+0000] {processor.py:829} INFO - Processing file /home/airflow/.local/lib/python3.8/site-packages/airflow/example_dags/example_sensor_decorator.py for tasks to queue
[2025-03-11T15:14:40.709+0000] {logging_mixin.py:154} INFO - [2025-03-11T15:14:40.709+0000] {dagbag.py:536} INFO - Filling up the DagBag from /home/airflow/.local/lib/python3.8/site-packages/airflow/example_dags/example_sensor_decorator.py
[2025-03-11T15:14:40.712+0000] {processor.py:839} INFO - DAG(s) dict_keys(['example_sensor_decorator']) retrieved from /home/airflow/.local/lib/python3.8/site-packages/airflow/example_dags/example_sensor_decorator.py
[2025-03-11T15:14:40.721+0000] {logging_mixin.py:154} INFO - [2025-03-11T15:14:40.721+0000] {dag.py:2941} INFO - Sync 1 DAGs
[2025-03-11T15:14:40.730+0000] {logging_mixin.py:154} INFO - [2025-03-11T15:14:40.730+0000] {dag.py:3722} INFO - Setting next_dagrun for example_sensor_decorator to None, run_after=None
[2025-03-11T15:14:40.740+0000] {processor.py:179} INFO - Processing /home/airflow/.local/lib/python3.8/site-packages/airflow/example_dags/example_sensor_decorator.py took 0.035 seconds
[2025-03-11T15:15:11.379+0000] {processor.py:157} INFO - Started process (PID=14993) to work on /home/airflow/.local/lib/python3.8/site-packages/airflow/example_dags/example_sensor_decorator.py
[2025-03-11T15:15:11.380+0000] {processor.py:829} INFO - Processing file /home/airflow/.local/lib/python3.8/site-packages/airflow/example_dags/example_sensor_decorator.py for tasks to queue
[2025-03-11T15:15:11.381+0000] {logging_mixin.py:154} INFO - [2025-03-11T15:15:11.381+0000] {dagbag.py:536} INFO - Filling up the DagBag from /home/airflow/.local/lib/python3.8/site-packages/airflow/example_dags/example_sensor_decorator.py
[2025-03-11T15:15:11.384+0000] {processor.py:839} INFO - DAG(s) dict_keys(['example_sensor_decorator']) retrieved from /home/airflow/.local/lib/python3.8/site-packages/airflow/example_dags/example_sensor_decorator.py
[2025-03-11T15:15:11.392+0000] {logging_mixin.py:154} INFO - [2025-03-11T15:15:11.392+0000] {dag.py:2941} INFO - Sync 1 DAGs
[2025-03-11T15:15:11.397+0000] {logging_mixin.py:154} INFO - [2025-03-11T15:15:11.397+0000] {dag.py:3722} INFO - Setting next_dagrun for example_sensor_decorator to None, run_after=None
[2025-03-11T15:15:11.405+0000] {processor.py:179} INFO - Processing /home/airflow/.local/lib/python3.8/site-packages/airflow/example_dags/example_sensor_decorator.py took 0.027 seconds
[2025-03-11T15:15:41.993+0000] {processor.py:157} INFO - Started process (PID=15049) to work on /home/airflow/.local/lib/python3.8/site-packages/airflow/example_dags/example_sensor_decorator.py
[2025-03-11T15:15:41.995+0000] {processor.py:829} INFO - Processing file /home/airflow/.local/lib/python3.8/site-packages/airflow/example_dags/example_sensor_decorator.py for tasks to queue
[2025-03-11T15:15:41.996+0000] {logging_mixin.py:154} INFO - [2025-03-11T15:15:41.996+0000] {dagbag.py:536} INFO - Filling up the DagBag from /home/airflow/.local/lib/python3.8/site-packages/airflow/example_dags/example_sensor_decorator.py
[2025-03-11T15:15:41.999+0000] {processor.py:839} INFO - DAG(s) dict_keys(['example_sensor_decorator']) retrieved from /home/airflow/.local/lib/python3.8/site-packages/airflow/example_dags/example_sensor_decorator.py
[2025-03-11T15:15:42.008+0000] {logging_mixin.py:154} INFO - [2025-03-11T15:15:42.007+0000] {dag.py:2941} INFO - Sync 1 DAGs
[2025-03-11T15:15:42.014+0000] {logging_mixin.py:154} INFO - [2025-03-11T15:15:42.013+0000] {dag.py:3722} INFO - Setting next_dagrun for example_sensor_decorator to None, run_after=None
[2025-03-11T15:15:42.026+0000] {processor.py:179} INFO - Processing /home/airflow/.local/lib/python3.8/site-packages/airflow/example_dags/example_sensor_decorator.py took 0.035 seconds
[2025-03-11T15:16:12.701+0000] {processor.py:157} INFO - Started process (PID=15105) to work on /home/airflow/.local/lib/python3.8/site-packages/airflow/example_dags/example_sensor_decorator.py
[2025-03-11T15:16:12.702+0000] {processor.py:829} INFO - Processing file /home/airflow/.local/lib/python3.8/site-packages/airflow/example_dags/example_sensor_decorator.py for tasks to queue
[2025-03-11T15:16:12.703+0000] {logging_mixin.py:154} INFO - [2025-03-11T15:16:12.703+0000] {dagbag.py:536} INFO - Filling up the DagBag from /home/airflow/.local/lib/python3.8/site-packages/airflow/example_dags/example_sensor_decorator.py
[2025-03-11T15:16:12.708+0000] {processor.py:839} INFO - DAG(s) dict_keys(['example_sensor_decorator']) retrieved from /home/airflow/.local/lib/python3.8/site-packages/airflow/example_dags/example_sensor_decorator.py
[2025-03-11T15:16:12.720+0000] {logging_mixin.py:154} INFO - [2025-03-11T15:16:12.720+0000] {dag.py:2941} INFO - Sync 1 DAGs
[2025-03-11T15:16:12.726+0000] {logging_mixin.py:154} INFO - [2025-03-11T15:16:12.726+0000] {dag.py:3722} INFO - Setting next_dagrun for example_sensor_decorator to None, run_after=None
[2025-03-11T15:16:12.739+0000] {processor.py:179} INFO - Processing /home/airflow/.local/lib/python3.8/site-packages/airflow/example_dags/example_sensor_decorator.py took 0.039 seconds
[2025-03-11T15:16:43.362+0000] {processor.py:157} INFO - Started process (PID=15161) to work on /home/airflow/.local/lib/python3.8/site-packages/airflow/example_dags/example_sensor_decorator.py
[2025-03-11T15:16:43.362+0000] {processor.py:829} INFO - Processing file /home/airflow/.local/lib/python3.8/site-packages/airflow/example_dags/example_sensor_decorator.py for tasks to queue
[2025-03-11T15:16:43.365+0000] {logging_mixin.py:154} INFO - [2025-03-11T15:16:43.365+0000] {dagbag.py:536} INFO - Filling up the DagBag from /home/airflow/.local/lib/python3.8/site-packages/airflow/example_dags/example_sensor_decorator.py
[2025-03-11T15:16:43.368+0000] {processor.py:839} INFO - DAG(s) dict_keys(['example_sensor_decorator']) retrieved from /home/airflow/.local/lib/python3.8/site-packages/airflow/example_dags/example_sensor_decorator.py
[2025-03-11T15:16:43.377+0000] {logging_mixin.py:154} INFO - [2025-03-11T15:16:43.377+0000] {dag.py:2941} INFO - Sync 1 DAGs
[2025-03-11T15:16:43.382+0000] {logging_mixin.py:154} INFO - [2025-03-11T15:16:43.382+0000] {dag.py:3722} INFO - Setting next_dagrun for example_sensor_decorator to None, run_after=None
[2025-03-11T15:16:43.393+0000] {processor.py:179} INFO - Processing /home/airflow/.local/lib/python3.8/site-packages/airflow/example_dags/example_sensor_decorator.py took 0.033 seconds
[2025-03-11T15:17:13.976+0000] {processor.py:157} INFO - Started process (PID=15217) to work on /home/airflow/.local/lib/python3.8/site-packages/airflow/example_dags/example_sensor_decorator.py
[2025-03-11T15:17:13.977+0000] {processor.py:829} INFO - Processing file /home/airflow/.local/lib/python3.8/site-packages/airflow/example_dags/example_sensor_decorator.py for tasks to queue
[2025-03-11T15:17:13.978+0000] {logging_mixin.py:154} INFO - [2025-03-11T15:17:13.978+0000] {dagbag.py:536} INFO - Filling up the DagBag from /home/airflow/.local/lib/python3.8/site-packages/airflow/example_dags/example_sensor_decorator.py
[2025-03-11T15:17:13.981+0000] {processor.py:839} INFO - DAG(s) dict_keys(['example_sensor_decorator']) retrieved from /home/airflow/.local/lib/python3.8/site-packages/airflow/example_dags/example_sensor_decorator.py
[2025-03-11T15:17:13.992+0000] {logging_mixin.py:154} INFO - [2025-03-11T15:17:13.991+0000] {dag.py:2941} INFO - Sync 1 DAGs
[2025-03-11T15:17:13.999+0000] {logging_mixin.py:154} INFO - [2025-03-11T15:17:13.999+0000] {dag.py:3722} INFO - Setting next_dagrun for example_sensor_decorator to None, run_after=None
[2025-03-11T15:17:14.008+0000] {processor.py:179} INFO - Processing /home/airflow/.local/lib/python3.8/site-packages/airflow/example_dags/example_sensor_decorator.py took 0.034 seconds
[2025-03-11T15:17:44.531+0000] {processor.py:157} INFO - Started process (PID=15273) to work on /home/airflow/.local/lib/python3.8/site-packages/airflow/example_dags/example_sensor_decorator.py
[2025-03-11T15:17:44.531+0000] {processor.py:829} INFO - Processing file /home/airflow/.local/lib/python3.8/site-packages/airflow/example_dags/example_sensor_decorator.py for tasks to queue
[2025-03-11T15:17:44.533+0000] {logging_mixin.py:154} INFO - [2025-03-11T15:17:44.532+0000] {dagbag.py:536} INFO - Filling up the DagBag from /home/airflow/.local/lib/python3.8/site-packages/airflow/example_dags/example_sensor_decorator.py
[2025-03-11T15:17:44.535+0000] {processor.py:839} INFO - DAG(s) dict_keys(['example_sensor_decorator']) retrieved from /home/airflow/.local/lib/python3.8/site-packages/airflow/example_dags/example_sensor_decorator.py
[2025-03-11T15:17:44.545+0000] {logging_mixin.py:154} INFO - [2025-03-11T15:17:44.545+0000] {dag.py:2941} INFO - Sync 1 DAGs
[2025-03-11T15:17:44.550+0000] {logging_mixin.py:154} INFO - [2025-03-11T15:17:44.550+0000] {dag.py:3722} INFO - Setting next_dagrun for example_sensor_decorator to None, run_after=None
[2025-03-11T15:17:44.562+0000] {processor.py:179} INFO - Processing /home/airflow/.local/lib/python3.8/site-packages/airflow/example_dags/example_sensor_decorator.py took 0.033 seconds
[2025-03-11T15:18:15.154+0000] {processor.py:157} INFO - Started process (PID=15329) to work on /home/airflow/.local/lib/python3.8/site-packages/airflow/example_dags/example_sensor_decorator.py
[2025-03-11T15:18:15.155+0000] {processor.py:829} INFO - Processing file /home/airflow/.local/lib/python3.8/site-packages/airflow/example_dags/example_sensor_decorator.py for tasks to queue
[2025-03-11T15:18:15.156+0000] {logging_mixin.py:154} INFO - [2025-03-11T15:18:15.156+0000] {dagbag.py:536} INFO - Filling up the DagBag from /home/airflow/.local/lib/python3.8/site-packages/airflow/example_dags/example_sensor_decorator.py
[2025-03-11T15:18:15.158+0000] {processor.py:839} INFO - DAG(s) dict_keys(['example_sensor_decorator']) retrieved from /home/airflow/.local/lib/python3.8/site-packages/airflow/example_dags/example_sensor_decorator.py
[2025-03-11T15:18:15.169+0000] {logging_mixin.py:154} INFO - [2025-03-11T15:18:15.168+0000] {dag.py:2941} INFO - Sync 1 DAGs
[2025-03-11T15:18:15.174+0000] {logging_mixin.py:154} INFO - [2025-03-11T15:18:15.174+0000] {dag.py:3722} INFO - Setting next_dagrun for example_sensor_decorator to None, run_after=None
[2025-03-11T15:18:15.183+0000] {processor.py:179} INFO - Processing /home/airflow/.local/lib/python3.8/site-packages/airflow/example_dags/example_sensor_decorator.py took 0.031 seconds
[2025-03-11T15:18:45.748+0000] {processor.py:157} INFO - Started process (PID=15385) to work on /home/airflow/.local/lib/python3.8/site-packages/airflow/example_dags/example_sensor_decorator.py
[2025-03-11T15:18:45.749+0000] {processor.py:829} INFO - Processing file /home/airflow/.local/lib/python3.8/site-packages/airflow/example_dags/example_sensor_decorator.py for tasks to queue
[2025-03-11T15:18:45.750+0000] {logging_mixin.py:154} INFO - [2025-03-11T15:18:45.750+0000] {dagbag.py:536} INFO - Filling up the DagBag from /home/airflow/.local/lib/python3.8/site-packages/airflow/example_dags/example_sensor_decorator.py
[2025-03-11T15:18:45.752+0000] {processor.py:839} INFO - DAG(s) dict_keys(['example_sensor_decorator']) retrieved from /home/airflow/.local/lib/python3.8/site-packages/airflow/example_dags/example_sensor_decorator.py
[2025-03-11T15:18:45.762+0000] {logging_mixin.py:154} INFO - [2025-03-11T15:18:45.762+0000] {dag.py:2941} INFO - Sync 1 DAGs
[2025-03-11T15:18:45.767+0000] {logging_mixin.py:154} INFO - [2025-03-11T15:18:45.767+0000] {dag.py:3722} INFO - Setting next_dagrun for example_sensor_decorator to None, run_after=None
[2025-03-11T15:18:45.776+0000] {processor.py:179} INFO - Processing /home/airflow/.local/lib/python3.8/site-packages/airflow/example_dags/example_sensor_decorator.py took 0.029 seconds
[2025-03-11T15:19:16.405+0000] {processor.py:157} INFO - Started process (PID=15441) to work on /home/airflow/.local/lib/python3.8/site-packages/airflow/example_dags/example_sensor_decorator.py
[2025-03-11T15:19:16.405+0000] {processor.py:829} INFO - Processing file /home/airflow/.local/lib/python3.8/site-packages/airflow/example_dags/example_sensor_decorator.py for tasks to queue
[2025-03-11T15:19:16.407+0000] {logging_mixin.py:154} INFO - [2025-03-11T15:19:16.407+0000] {dagbag.py:536} INFO - Filling up the DagBag from /home/airflow/.local/lib/python3.8/site-packages/airflow/example_dags/example_sensor_decorator.py
[2025-03-11T15:19:16.411+0000] {processor.py:839} INFO - DAG(s) dict_keys(['example_sensor_decorator']) retrieved from /home/airflow/.local/lib/python3.8/site-packages/airflow/example_dags/example_sensor_decorator.py
[2025-03-11T15:19:16.424+0000] {logging_mixin.py:154} INFO - [2025-03-11T15:19:16.423+0000] {dag.py:2941} INFO - Sync 1 DAGs
[2025-03-11T15:19:16.430+0000] {logging_mixin.py:154} INFO - [2025-03-11T15:19:16.430+0000] {dag.py:3722} INFO - Setting next_dagrun for example_sensor_decorator to None, run_after=None
[2025-03-11T15:19:16.439+0000] {processor.py:179} INFO - Processing /home/airflow/.local/lib/python3.8/site-packages/airflow/example_dags/example_sensor_decorator.py took 0.037 seconds
[2025-03-11T15:19:47.148+0000] {processor.py:157} INFO - Started process (PID=15497) to work on /home/airflow/.local/lib/python3.8/site-packages/airflow/example_dags/example_sensor_decorator.py
[2025-03-11T15:19:47.148+0000] {processor.py:829} INFO - Processing file /home/airflow/.local/lib/python3.8/site-packages/airflow/example_dags/example_sensor_decorator.py for tasks to queue
[2025-03-11T15:19:47.149+0000] {logging_mixin.py:154} INFO - [2025-03-11T15:19:47.149+0000] {dagbag.py:536} INFO - Filling up the DagBag from /home/airflow/.local/lib/python3.8/site-packages/airflow/example_dags/example_sensor_decorator.py
[2025-03-11T15:19:47.153+0000] {processor.py:839} INFO - DAG(s) dict_keys(['example_sensor_decorator']) retrieved from /home/airflow/.local/lib/python3.8/site-packages/airflow/example_dags/example_sensor_decorator.py
[2025-03-11T15:19:47.163+0000] {logging_mixin.py:154} INFO - [2025-03-11T15:19:47.163+0000] {dag.py:2941} INFO - Sync 1 DAGs
[2025-03-11T15:19:47.168+0000] {logging_mixin.py:154} INFO - [2025-03-11T15:19:47.168+0000] {dag.py:3722} INFO - Setting next_dagrun for example_sensor_decorator to None, run_after=None
[2025-03-11T15:19:47.179+0000] {processor.py:179} INFO - Processing /home/airflow/.local/lib/python3.8/site-packages/airflow/example_dags/example_sensor_decorator.py took 0.033 seconds
[2025-03-11T15:20:17.779+0000] {processor.py:157} INFO - Started process (PID=15553) to work on /home/airflow/.local/lib/python3.8/site-packages/airflow/example_dags/example_sensor_decorator.py
[2025-03-11T15:20:17.781+0000] {processor.py:829} INFO - Processing file /home/airflow/.local/lib/python3.8/site-packages/airflow/example_dags/example_sensor_decorator.py for tasks to queue
[2025-03-11T15:20:17.782+0000] {logging_mixin.py:154} INFO - [2025-03-11T15:20:17.782+0000] {dagbag.py:536} INFO - Filling up the DagBag from /home/airflow/.local/lib/python3.8/site-packages/airflow/example_dags/example_sensor_decorator.py
[2025-03-11T15:20:17.785+0000] {processor.py:839} INFO - DAG(s) dict_keys(['example_sensor_decorator']) retrieved from /home/airflow/.local/lib/python3.8/site-packages/airflow/example_dags/example_sensor_decorator.py
[2025-03-11T15:20:17.796+0000] {logging_mixin.py:154} INFO - [2025-03-11T15:20:17.795+0000] {dag.py:2941} INFO - Sync 1 DAGs
[2025-03-11T15:20:17.802+0000] {logging_mixin.py:154} INFO - [2025-03-11T15:20:17.802+0000] {dag.py:3722} INFO - Setting next_dagrun for example_sensor_decorator to None, run_after=None
[2025-03-11T15:20:17.812+0000] {processor.py:179} INFO - Processing /home/airflow/.local/lib/python3.8/site-packages/airflow/example_dags/example_sensor_decorator.py took 0.034 seconds
[2025-03-11T15:20:48.364+0000] {processor.py:157} INFO - Started process (PID=15609) to work on /home/airflow/.local/lib/python3.8/site-packages/airflow/example_dags/example_sensor_decorator.py
[2025-03-11T15:20:48.364+0000] {processor.py:829} INFO - Processing file /home/airflow/.local/lib/python3.8/site-packages/airflow/example_dags/example_sensor_decorator.py for tasks to queue
[2025-03-11T15:20:48.365+0000] {logging_mixin.py:154} INFO - [2025-03-11T15:20:48.365+0000] {dagbag.py:536} INFO - Filling up the DagBag from /home/airflow/.local/lib/python3.8/site-packages/airflow/example_dags/example_sensor_decorator.py
[2025-03-11T15:20:48.369+0000] {processor.py:839} INFO - DAG(s) dict_keys(['example_sensor_decorator']) retrieved from /home/airflow/.local/lib/python3.8/site-packages/airflow/example_dags/example_sensor_decorator.py
[2025-03-11T15:20:48.379+0000] {logging_mixin.py:154} INFO - [2025-03-11T15:20:48.379+0000] {dag.py:2941} INFO - Sync 1 DAGs
[2025-03-11T15:20:48.384+0000] {logging_mixin.py:154} INFO - [2025-03-11T15:20:48.384+0000] {dag.py:3722} INFO - Setting next_dagrun for example_sensor_decorator to None, run_after=None
[2025-03-11T15:20:48.393+0000] {processor.py:179} INFO - Processing /home/airflow/.local/lib/python3.8/site-packages/airflow/example_dags/example_sensor_decorator.py took 0.030 seconds
[2025-03-11T15:21:19.003+0000] {processor.py:157} INFO - Started process (PID=15665) to work on /home/airflow/.local/lib/python3.8/site-packages/airflow/example_dags/example_sensor_decorator.py
[2025-03-11T15:21:19.003+0000] {processor.py:829} INFO - Processing file /home/airflow/.local/lib/python3.8/site-packages/airflow/example_dags/example_sensor_decorator.py for tasks to queue
[2025-03-11T15:21:19.004+0000] {logging_mixin.py:154} INFO - [2025-03-11T15:21:19.004+0000] {dagbag.py:536} INFO - Filling up the DagBag from /home/airflow/.local/lib/python3.8/site-packages/airflow/example_dags/example_sensor_decorator.py
[2025-03-11T15:21:19.007+0000] {processor.py:839} INFO - DAG(s) dict_keys(['example_sensor_decorator']) retrieved from /home/airflow/.local/lib/python3.8/site-packages/airflow/example_dags/example_sensor_decorator.py
[2025-03-11T15:21:19.018+0000] {logging_mixin.py:154} INFO - [2025-03-11T15:21:19.018+0000] {dag.py:2941} INFO - Sync 1 DAGs
[2025-03-11T15:21:19.024+0000] {logging_mixin.py:154} INFO - [2025-03-11T15:21:19.024+0000] {dag.py:3722} INFO - Setting next_dagrun for example_sensor_decorator to None, run_after=None
[2025-03-11T15:21:19.037+0000] {processor.py:179} INFO - Processing /home/airflow/.local/lib/python3.8/site-packages/airflow/example_dags/example_sensor_decorator.py took 0.036 seconds
[2025-03-11T15:21:49.686+0000] {processor.py:157} INFO - Started process (PID=15720) to work on /home/airflow/.local/lib/python3.8/site-packages/airflow/example_dags/example_sensor_decorator.py
[2025-03-11T15:21:49.686+0000] {processor.py:829} INFO - Processing file /home/airflow/.local/lib/python3.8/site-packages/airflow/example_dags/example_sensor_decorator.py for tasks to queue
[2025-03-11T15:21:49.687+0000] {logging_mixin.py:154} INFO - [2025-03-11T15:21:49.687+0000] {dagbag.py:536} INFO - Filling up the DagBag from /home/airflow/.local/lib/python3.8/site-packages/airflow/example_dags/example_sensor_decorator.py
[2025-03-11T15:21:49.690+0000] {processor.py:839} INFO - DAG(s) dict_keys(['example_sensor_decorator']) retrieved from /home/airflow/.local/lib/python3.8/site-packages/airflow/example_dags/example_sensor_decorator.py
[2025-03-11T15:21:49.701+0000] {logging_mixin.py:154} INFO - [2025-03-11T15:21:49.701+0000] {dag.py:2941} INFO - Sync 1 DAGs
[2025-03-11T15:21:49.707+0000] {logging_mixin.py:154} INFO - [2025-03-11T15:21:49.706+0000] {dag.py:3722} INFO - Setting next_dagrun for example_sensor_decorator to None, run_after=None
[2025-03-11T15:21:49.718+0000] {processor.py:179} INFO - Processing /home/airflow/.local/lib/python3.8/site-packages/airflow/example_dags/example_sensor_decorator.py took 0.034 seconds
[2025-03-11T15:22:20.355+0000] {processor.py:157} INFO - Started process (PID=15776) to work on /home/airflow/.local/lib/python3.8/site-packages/airflow/example_dags/example_sensor_decorator.py
[2025-03-11T15:22:20.355+0000] {processor.py:829} INFO - Processing file /home/airflow/.local/lib/python3.8/site-packages/airflow/example_dags/example_sensor_decorator.py for tasks to queue
[2025-03-11T15:22:20.356+0000] {logging_mixin.py:154} INFO - [2025-03-11T15:22:20.356+0000] {dagbag.py:536} INFO - Filling up the DagBag from /home/airflow/.local/lib/python3.8/site-packages/airflow/example_dags/example_sensor_decorator.py
[2025-03-11T15:22:20.359+0000] {processor.py:839} INFO - DAG(s) dict_keys(['example_sensor_decorator']) retrieved from /home/airflow/.local/lib/python3.8/site-packages/airflow/example_dags/example_sensor_decorator.py
[2025-03-11T15:22:20.369+0000] {logging_mixin.py:154} INFO - [2025-03-11T15:22:20.369+0000] {dag.py:2941} INFO - Sync 1 DAGs
[2025-03-11T15:22:20.376+0000] {logging_mixin.py:154} INFO - [2025-03-11T15:22:20.376+0000] {dag.py:3722} INFO - Setting next_dagrun for example_sensor_decorator to None, run_after=None
[2025-03-11T15:22:20.388+0000] {processor.py:179} INFO - Processing /home/airflow/.local/lib/python3.8/site-packages/airflow/example_dags/example_sensor_decorator.py took 0.035 seconds
[2025-03-11T15:22:51.031+0000] {processor.py:157} INFO - Started process (PID=15832) to work on /home/airflow/.local/lib/python3.8/site-packages/airflow/example_dags/example_sensor_decorator.py
[2025-03-11T15:22:51.031+0000] {processor.py:829} INFO - Processing file /home/airflow/.local/lib/python3.8/site-packages/airflow/example_dags/example_sensor_decorator.py for tasks to queue
[2025-03-11T15:22:51.032+0000] {logging_mixin.py:154} INFO - [2025-03-11T15:22:51.032+0000] {dagbag.py:536} INFO - Filling up the DagBag from /home/airflow/.local/lib/python3.8/site-packages/airflow/example_dags/example_sensor_decorator.py
[2025-03-11T15:22:51.035+0000] {processor.py:839} INFO - DAG(s) dict_keys(['example_sensor_decorator']) retrieved from /home/airflow/.local/lib/python3.8/site-packages/airflow/example_dags/example_sensor_decorator.py
[2025-03-11T15:22:51.045+0000] {logging_mixin.py:154} INFO - [2025-03-11T15:22:51.045+0000] {dag.py:2941} INFO - Sync 1 DAGs
[2025-03-11T15:22:51.050+0000] {logging_mixin.py:154} INFO - [2025-03-11T15:22:51.050+0000] {dag.py:3722} INFO - Setting next_dagrun for example_sensor_decorator to None, run_after=None
[2025-03-11T15:22:51.064+0000] {processor.py:179} INFO - Processing /home/airflow/.local/lib/python3.8/site-packages/airflow/example_dags/example_sensor_decorator.py took 0.035 seconds
[2025-03-11T15:23:21.702+0000] {processor.py:157} INFO - Started process (PID=15888) to work on /home/airflow/.local/lib/python3.8/site-packages/airflow/example_dags/example_sensor_decorator.py
[2025-03-11T15:23:21.703+0000] {processor.py:829} INFO - Processing file /home/airflow/.local/lib/python3.8/site-packages/airflow/example_dags/example_sensor_decorator.py for tasks to queue
[2025-03-11T15:23:21.706+0000] {logging_mixin.py:154} INFO - [2025-03-11T15:23:21.706+0000] {dagbag.py:536} INFO - Filling up the DagBag from /home/airflow/.local/lib/python3.8/site-packages/airflow/example_dags/example_sensor_decorator.py
[2025-03-11T15:23:21.708+0000] {processor.py:839} INFO - DAG(s) dict_keys(['example_sensor_decorator']) retrieved from /home/airflow/.local/lib/python3.8/site-packages/airflow/example_dags/example_sensor_decorator.py
[2025-03-11T15:23:21.720+0000] {logging_mixin.py:154} INFO - [2025-03-11T15:23:21.720+0000] {dag.py:2941} INFO - Sync 1 DAGs
[2025-03-11T15:23:21.725+0000] {logging_mixin.py:154} INFO - [2025-03-11T15:23:21.725+0000] {dag.py:3722} INFO - Setting next_dagrun for example_sensor_decorator to None, run_after=None
[2025-03-11T15:23:21.734+0000] {processor.py:179} INFO - Processing /home/airflow/.local/lib/python3.8/site-packages/airflow/example_dags/example_sensor_decorator.py took 0.033 seconds
[2025-03-11T15:23:52.361+0000] {processor.py:157} INFO - Started process (PID=15944) to work on /home/airflow/.local/lib/python3.8/site-packages/airflow/example_dags/example_sensor_decorator.py
[2025-03-11T15:23:52.362+0000] {processor.py:829} INFO - Processing file /home/airflow/.local/lib/python3.8/site-packages/airflow/example_dags/example_sensor_decorator.py for tasks to queue
[2025-03-11T15:23:52.363+0000] {logging_mixin.py:154} INFO - [2025-03-11T15:23:52.363+0000] {dagbag.py:536} INFO - Filling up the DagBag from /home/airflow/.local/lib/python3.8/site-packages/airflow/example_dags/example_sensor_decorator.py
[2025-03-11T15:23:52.365+0000] {processor.py:839} INFO - DAG(s) dict_keys(['example_sensor_decorator']) retrieved from /home/airflow/.local/lib/python3.8/site-packages/airflow/example_dags/example_sensor_decorator.py
[2025-03-11T15:23:52.376+0000] {logging_mixin.py:154} INFO - [2025-03-11T15:23:52.376+0000] {dag.py:2941} INFO - Sync 1 DAGs
[2025-03-11T15:23:52.381+0000] {logging_mixin.py:154} INFO - [2025-03-11T15:23:52.381+0000] {dag.py:3722} INFO - Setting next_dagrun for example_sensor_decorator to None, run_after=None
[2025-03-11T15:23:52.395+0000] {processor.py:179} INFO - Processing /home/airflow/.local/lib/python3.8/site-packages/airflow/example_dags/example_sensor_decorator.py took 0.035 seconds
[2025-03-11T15:24:23.072+0000] {processor.py:157} INFO - Started process (PID=16000) to work on /home/airflow/.local/lib/python3.8/site-packages/airflow/example_dags/example_sensor_decorator.py
[2025-03-11T15:24:23.072+0000] {processor.py:829} INFO - Processing file /home/airflow/.local/lib/python3.8/site-packages/airflow/example_dags/example_sensor_decorator.py for tasks to queue
[2025-03-11T15:24:23.073+0000] {logging_mixin.py:154} INFO - [2025-03-11T15:24:23.073+0000] {dagbag.py:536} INFO - Filling up the DagBag from /home/airflow/.local/lib/python3.8/site-packages/airflow/example_dags/example_sensor_decorator.py
[2025-03-11T15:24:23.075+0000] {processor.py:839} INFO - DAG(s) dict_keys(['example_sensor_decorator']) retrieved from /home/airflow/.local/lib/python3.8/site-packages/airflow/example_dags/example_sensor_decorator.py
[2025-03-11T15:24:23.085+0000] {logging_mixin.py:154} INFO - [2025-03-11T15:24:23.085+0000] {dag.py:2941} INFO - Sync 1 DAGs
[2025-03-11T15:24:23.091+0000] {logging_mixin.py:154} INFO - [2025-03-11T15:24:23.091+0000] {dag.py:3722} INFO - Setting next_dagrun for example_sensor_decorator to None, run_after=None
[2025-03-11T15:24:23.102+0000] {processor.py:179} INFO - Processing /home/airflow/.local/lib/python3.8/site-packages/airflow/example_dags/example_sensor_decorator.py took 0.032 seconds
[2025-03-11T15:24:53.665+0000] {processor.py:157} INFO - Started process (PID=16056) to work on /home/airflow/.local/lib/python3.8/site-packages/airflow/example_dags/example_sensor_decorator.py
[2025-03-11T15:24:53.665+0000] {processor.py:829} INFO - Processing file /home/airflow/.local/lib/python3.8/site-packages/airflow/example_dags/example_sensor_decorator.py for tasks to queue
[2025-03-11T15:24:53.667+0000] {logging_mixin.py:154} INFO - [2025-03-11T15:24:53.666+0000] {dagbag.py:536} INFO - Filling up the DagBag from /home/airflow/.local/lib/python3.8/site-packages/airflow/example_dags/example_sensor_decorator.py
[2025-03-11T15:24:53.671+0000] {processor.py:839} INFO - DAG(s) dict_keys(['example_sensor_decorator']) retrieved from /home/airflow/.local/lib/python3.8/site-packages/airflow/example_dags/example_sensor_decorator.py
[2025-03-11T15:24:53.681+0000] {logging_mixin.py:154} INFO - [2025-03-11T15:24:53.681+0000] {dag.py:2941} INFO - Sync 1 DAGs
[2025-03-11T15:24:53.685+0000] {logging_mixin.py:154} INFO - [2025-03-11T15:24:53.685+0000] {dag.py:3722} INFO - Setting next_dagrun for example_sensor_decorator to None, run_after=None
[2025-03-11T15:24:53.694+0000] {processor.py:179} INFO - Processing /home/airflow/.local/lib/python3.8/site-packages/airflow/example_dags/example_sensor_decorator.py took 0.031 seconds
[2025-03-11T15:25:24.288+0000] {processor.py:157} INFO - Started process (PID=16112) to work on /home/airflow/.local/lib/python3.8/site-packages/airflow/example_dags/example_sensor_decorator.py
[2025-03-11T15:25:24.288+0000] {processor.py:829} INFO - Processing file /home/airflow/.local/lib/python3.8/site-packages/airflow/example_dags/example_sensor_decorator.py for tasks to queue
[2025-03-11T15:25:24.290+0000] {logging_mixin.py:154} INFO - [2025-03-11T15:25:24.290+0000] {dagbag.py:536} INFO - Filling up the DagBag from /home/airflow/.local/lib/python3.8/site-packages/airflow/example_dags/example_sensor_decorator.py
[2025-03-11T15:25:24.294+0000] {processor.py:839} INFO - DAG(s) dict_keys(['example_sensor_decorator']) retrieved from /home/airflow/.local/lib/python3.8/site-packages/airflow/example_dags/example_sensor_decorator.py
[2025-03-11T15:25:24.304+0000] {logging_mixin.py:154} INFO - [2025-03-11T15:25:24.304+0000] {dag.py:2941} INFO - Sync 1 DAGs
[2025-03-11T15:25:24.310+0000] {logging_mixin.py:154} INFO - [2025-03-11T15:25:24.310+0000] {dag.py:3722} INFO - Setting next_dagrun for example_sensor_decorator to None, run_after=None
[2025-03-11T15:25:24.317+0000] {processor.py:179} INFO - Processing /home/airflow/.local/lib/python3.8/site-packages/airflow/example_dags/example_sensor_decorator.py took 0.031 seconds
[2025-03-11T15:25:55.022+0000] {processor.py:157} INFO - Started process (PID=16168) to work on /home/airflow/.local/lib/python3.8/site-packages/airflow/example_dags/example_sensor_decorator.py
[2025-03-11T15:25:55.023+0000] {processor.py:829} INFO - Processing file /home/airflow/.local/lib/python3.8/site-packages/airflow/example_dags/example_sensor_decorator.py for tasks to queue
[2025-03-11T15:25:55.024+0000] {logging_mixin.py:154} INFO - [2025-03-11T15:25:55.024+0000] {dagbag.py:536} INFO - Filling up the DagBag from /home/airflow/.local/lib/python3.8/site-packages/airflow/example_dags/example_sensor_decorator.py
[2025-03-11T15:25:55.027+0000] {processor.py:839} INFO - DAG(s) dict_keys(['example_sensor_decorator']) retrieved from /home/airflow/.local/lib/python3.8/site-packages/airflow/example_dags/example_sensor_decorator.py
[2025-03-11T15:25:55.036+0000] {logging_mixin.py:154} INFO - [2025-03-11T15:25:55.036+0000] {dag.py:2941} INFO - Sync 1 DAGs
[2025-03-11T15:25:55.041+0000] {logging_mixin.py:154} INFO - [2025-03-11T15:25:55.041+0000] {dag.py:3722} INFO - Setting next_dagrun for example_sensor_decorator to None, run_after=None
[2025-03-11T15:25:55.051+0000] {processor.py:179} INFO - Processing /home/airflow/.local/lib/python3.8/site-packages/airflow/example_dags/example_sensor_decorator.py took 0.030 seconds
[2025-03-11T15:26:25.694+0000] {processor.py:157} INFO - Started process (PID=16224) to work on /home/airflow/.local/lib/python3.8/site-packages/airflow/example_dags/example_sensor_decorator.py
[2025-03-11T15:26:25.694+0000] {processor.py:829} INFO - Processing file /home/airflow/.local/lib/python3.8/site-packages/airflow/example_dags/example_sensor_decorator.py for tasks to queue
[2025-03-11T15:26:25.695+0000] {logging_mixin.py:154} INFO - [2025-03-11T15:26:25.695+0000] {dagbag.py:536} INFO - Filling up the DagBag from /home/airflow/.local/lib/python3.8/site-packages/airflow/example_dags/example_sensor_decorator.py
[2025-03-11T15:26:25.698+0000] {processor.py:839} INFO - DAG(s) dict_keys(['example_sensor_decorator']) retrieved from /home/airflow/.local/lib/python3.8/site-packages/airflow/example_dags/example_sensor_decorator.py
[2025-03-11T15:26:25.709+0000] {logging_mixin.py:154} INFO - [2025-03-11T15:26:25.709+0000] {dag.py:2941} INFO - Sync 1 DAGs
[2025-03-11T15:26:25.714+0000] {logging_mixin.py:154} INFO - [2025-03-11T15:26:25.714+0000] {dag.py:3722} INFO - Setting next_dagrun for example_sensor_decorator to None, run_after=None
[2025-03-11T15:26:25.724+0000] {processor.py:179} INFO - Processing /home/airflow/.local/lib/python3.8/site-packages/airflow/example_dags/example_sensor_decorator.py took 0.032 seconds
[2025-03-11T15:26:56.290+0000] {processor.py:157} INFO - Started process (PID=16280) to work on /home/airflow/.local/lib/python3.8/site-packages/airflow/example_dags/example_sensor_decorator.py
[2025-03-11T15:26:56.291+0000] {processor.py:829} INFO - Processing file /home/airflow/.local/lib/python3.8/site-packages/airflow/example_dags/example_sensor_decorator.py for tasks to queue
[2025-03-11T15:26:56.292+0000] {logging_mixin.py:154} INFO - [2025-03-11T15:26:56.292+0000] {dagbag.py:536} INFO - Filling up the DagBag from /home/airflow/.local/lib/python3.8/site-packages/airflow/example_dags/example_sensor_decorator.py
[2025-03-11T15:26:56.295+0000] {processor.py:839} INFO - DAG(s) dict_keys(['example_sensor_decorator']) retrieved from /home/airflow/.local/lib/python3.8/site-packages/airflow/example_dags/example_sensor_decorator.py
[2025-03-11T15:26:56.305+0000] {logging_mixin.py:154} INFO - [2025-03-11T15:26:56.304+0000] {dag.py:2941} INFO - Sync 1 DAGs
[2025-03-11T15:26:56.312+0000] {logging_mixin.py:154} INFO - [2025-03-11T15:26:56.312+0000] {dag.py:3722} INFO - Setting next_dagrun for example_sensor_decorator to None, run_after=None
[2025-03-11T15:26:56.322+0000] {processor.py:179} INFO - Processing /home/airflow/.local/lib/python3.8/site-packages/airflow/example_dags/example_sensor_decorator.py took 0.034 seconds
[2025-03-11T15:27:26.905+0000] {processor.py:157} INFO - Started process (PID=16336) to work on /home/airflow/.local/lib/python3.8/site-packages/airflow/example_dags/example_sensor_decorator.py
[2025-03-11T15:27:26.905+0000] {processor.py:829} INFO - Processing file /home/airflow/.local/lib/python3.8/site-packages/airflow/example_dags/example_sensor_decorator.py for tasks to queue
[2025-03-11T15:27:26.906+0000] {logging_mixin.py:154} INFO - [2025-03-11T15:27:26.906+0000] {dagbag.py:536} INFO - Filling up the DagBag from /home/airflow/.local/lib/python3.8/site-packages/airflow/example_dags/example_sensor_decorator.py
[2025-03-11T15:27:26.909+0000] {processor.py:839} INFO - DAG(s) dict_keys(['example_sensor_decorator']) retrieved from /home/airflow/.local/lib/python3.8/site-packages/airflow/example_dags/example_sensor_decorator.py
[2025-03-11T15:27:26.918+0000] {logging_mixin.py:154} INFO - [2025-03-11T15:27:26.918+0000] {dag.py:2941} INFO - Sync 1 DAGs
[2025-03-11T15:27:26.924+0000] {logging_mixin.py:154} INFO - [2025-03-11T15:27:26.924+0000] {dag.py:3722} INFO - Setting next_dagrun for example_sensor_decorator to None, run_after=None
[2025-03-11T15:27:26.932+0000] {processor.py:179} INFO - Processing /home/airflow/.local/lib/python3.8/site-packages/airflow/example_dags/example_sensor_decorator.py took 0.029 seconds
[2025-03-11T15:27:57.513+0000] {processor.py:157} INFO - Started process (PID=16392) to work on /home/airflow/.local/lib/python3.8/site-packages/airflow/example_dags/example_sensor_decorator.py
[2025-03-11T15:27:57.513+0000] {processor.py:829} INFO - Processing file /home/airflow/.local/lib/python3.8/site-packages/airflow/example_dags/example_sensor_decorator.py for tasks to queue
[2025-03-11T15:27:57.514+0000] {logging_mixin.py:154} INFO - [2025-03-11T15:27:57.514+0000] {dagbag.py:536} INFO - Filling up the DagBag from /home/airflow/.local/lib/python3.8/site-packages/airflow/example_dags/example_sensor_decorator.py
[2025-03-11T15:27:57.517+0000] {processor.py:839} INFO - DAG(s) dict_keys(['example_sensor_decorator']) retrieved from /home/airflow/.local/lib/python3.8/site-packages/airflow/example_dags/example_sensor_decorator.py
[2025-03-11T15:27:57.526+0000] {logging_mixin.py:154} INFO - [2025-03-11T15:27:57.525+0000] {dag.py:2941} INFO - Sync 1 DAGs
[2025-03-11T15:27:57.530+0000] {logging_mixin.py:154} INFO - [2025-03-11T15:27:57.530+0000] {dag.py:3722} INFO - Setting next_dagrun for example_sensor_decorator to None, run_after=None
[2025-03-11T15:27:57.538+0000] {processor.py:179} INFO - Processing /home/airflow/.local/lib/python3.8/site-packages/airflow/example_dags/example_sensor_decorator.py took 0.026 seconds
[2025-03-11T15:28:28.133+0000] {processor.py:157} INFO - Started process (PID=16448) to work on /home/airflow/.local/lib/python3.8/site-packages/airflow/example_dags/example_sensor_decorator.py
[2025-03-11T15:28:28.133+0000] {processor.py:829} INFO - Processing file /home/airflow/.local/lib/python3.8/site-packages/airflow/example_dags/example_sensor_decorator.py for tasks to queue
[2025-03-11T15:28:28.134+0000] {logging_mixin.py:154} INFO - [2025-03-11T15:28:28.134+0000] {dagbag.py:536} INFO - Filling up the DagBag from /home/airflow/.local/lib/python3.8/site-packages/airflow/example_dags/example_sensor_decorator.py
[2025-03-11T15:28:28.137+0000] {processor.py:839} INFO - DAG(s) dict_keys(['example_sensor_decorator']) retrieved from /home/airflow/.local/lib/python3.8/site-packages/airflow/example_dags/example_sensor_decorator.py
[2025-03-11T15:28:28.147+0000] {logging_mixin.py:154} INFO - [2025-03-11T15:28:28.147+0000] {dag.py:2941} INFO - Sync 1 DAGs
[2025-03-11T15:28:28.151+0000] {logging_mixin.py:154} INFO - [2025-03-11T15:28:28.151+0000] {dag.py:3722} INFO - Setting next_dagrun for example_sensor_decorator to None, run_after=None
[2025-03-11T15:28:28.161+0000] {processor.py:179} INFO - Processing /home/airflow/.local/lib/python3.8/site-packages/airflow/example_dags/example_sensor_decorator.py took 0.030 seconds
[2025-03-11T15:28:58.719+0000] {processor.py:157} INFO - Started process (PID=16504) to work on /home/airflow/.local/lib/python3.8/site-packages/airflow/example_dags/example_sensor_decorator.py
[2025-03-11T15:28:58.720+0000] {processor.py:829} INFO - Processing file /home/airflow/.local/lib/python3.8/site-packages/airflow/example_dags/example_sensor_decorator.py for tasks to queue
[2025-03-11T15:28:58.721+0000] {logging_mixin.py:154} INFO - [2025-03-11T15:28:58.721+0000] {dagbag.py:536} INFO - Filling up the DagBag from /home/airflow/.local/lib/python3.8/site-packages/airflow/example_dags/example_sensor_decorator.py
[2025-03-11T15:28:58.723+0000] {processor.py:839} INFO - DAG(s) dict_keys(['example_sensor_decorator']) retrieved from /home/airflow/.local/lib/python3.8/site-packages/airflow/example_dags/example_sensor_decorator.py
[2025-03-11T15:28:58.733+0000] {logging_mixin.py:154} INFO - [2025-03-11T15:28:58.733+0000] {dag.py:2941} INFO - Sync 1 DAGs
[2025-03-11T15:28:58.738+0000] {logging_mixin.py:154} INFO - [2025-03-11T15:28:58.738+0000] {dag.py:3722} INFO - Setting next_dagrun for example_sensor_decorator to None, run_after=None
[2025-03-11T15:28:58.747+0000] {processor.py:179} INFO - Processing /home/airflow/.local/lib/python3.8/site-packages/airflow/example_dags/example_sensor_decorator.py took 0.029 seconds
[2025-03-11T15:29:29.411+0000] {processor.py:157} INFO - Started process (PID=16560) to work on /home/airflow/.local/lib/python3.8/site-packages/airflow/example_dags/example_sensor_decorator.py
[2025-03-11T15:29:29.412+0000] {processor.py:829} INFO - Processing file /home/airflow/.local/lib/python3.8/site-packages/airflow/example_dags/example_sensor_decorator.py for tasks to queue
[2025-03-11T15:29:29.413+0000] {logging_mixin.py:154} INFO - [2025-03-11T15:29:29.412+0000] {dagbag.py:536} INFO - Filling up the DagBag from /home/airflow/.local/lib/python3.8/site-packages/airflow/example_dags/example_sensor_decorator.py
[2025-03-11T15:29:29.415+0000] {processor.py:839} INFO - DAG(s) dict_keys(['example_sensor_decorator']) retrieved from /home/airflow/.local/lib/python3.8/site-packages/airflow/example_dags/example_sensor_decorator.py
[2025-03-11T15:29:29.426+0000] {logging_mixin.py:154} INFO - [2025-03-11T15:29:29.425+0000] {dag.py:2941} INFO - Sync 1 DAGs
[2025-03-11T15:29:29.430+0000] {logging_mixin.py:154} INFO - [2025-03-11T15:29:29.430+0000] {dag.py:3722} INFO - Setting next_dagrun for example_sensor_decorator to None, run_after=None
[2025-03-11T15:29:29.437+0000] {processor.py:179} INFO - Processing /home/airflow/.local/lib/python3.8/site-packages/airflow/example_dags/example_sensor_decorator.py took 0.027 seconds
[2025-03-11T15:29:59.991+0000] {processor.py:157} INFO - Started process (PID=16616) to work on /home/airflow/.local/lib/python3.8/site-packages/airflow/example_dags/example_sensor_decorator.py
[2025-03-11T15:29:59.992+0000] {processor.py:829} INFO - Processing file /home/airflow/.local/lib/python3.8/site-packages/airflow/example_dags/example_sensor_decorator.py for tasks to queue
[2025-03-11T15:29:59.993+0000] {logging_mixin.py:154} INFO - [2025-03-11T15:29:59.993+0000] {dagbag.py:536} INFO - Filling up the DagBag from /home/airflow/.local/lib/python3.8/site-packages/airflow/example_dags/example_sensor_decorator.py
[2025-03-11T15:29:59.997+0000] {processor.py:839} INFO - DAG(s) dict_keys(['example_sensor_decorator']) retrieved from /home/airflow/.local/lib/python3.8/site-packages/airflow/example_dags/example_sensor_decorator.py
[2025-03-11T15:30:00.007+0000] {logging_mixin.py:154} INFO - [2025-03-11T15:30:00.007+0000] {dag.py:2941} INFO - Sync 1 DAGs
[2025-03-11T15:30:00.013+0000] {logging_mixin.py:154} INFO - [2025-03-11T15:30:00.013+0000] {dag.py:3722} INFO - Setting next_dagrun for example_sensor_decorator to None, run_after=None
[2025-03-11T15:30:00.021+0000] {processor.py:179} INFO - Processing /home/airflow/.local/lib/python3.8/site-packages/airflow/example_dags/example_sensor_decorator.py took 0.032 seconds
[2025-03-11T15:30:30.528+0000] {processor.py:157} INFO - Started process (PID=16672) to work on /home/airflow/.local/lib/python3.8/site-packages/airflow/example_dags/example_sensor_decorator.py
[2025-03-11T15:30:30.528+0000] {processor.py:829} INFO - Processing file /home/airflow/.local/lib/python3.8/site-packages/airflow/example_dags/example_sensor_decorator.py for tasks to queue
[2025-03-11T15:30:30.529+0000] {logging_mixin.py:154} INFO - [2025-03-11T15:30:30.529+0000] {dagbag.py:536} INFO - Filling up the DagBag from /home/airflow/.local/lib/python3.8/site-packages/airflow/example_dags/example_sensor_decorator.py
[2025-03-11T15:30:30.532+0000] {processor.py:839} INFO - DAG(s) dict_keys(['example_sensor_decorator']) retrieved from /home/airflow/.local/lib/python3.8/site-packages/airflow/example_dags/example_sensor_decorator.py
[2025-03-11T15:30:30.541+0000] {logging_mixin.py:154} INFO - [2025-03-11T15:30:30.541+0000] {dag.py:2941} INFO - Sync 1 DAGs
[2025-03-11T15:30:30.547+0000] {logging_mixin.py:154} INFO - [2025-03-11T15:30:30.547+0000] {dag.py:3722} INFO - Setting next_dagrun for example_sensor_decorator to None, run_after=None
[2025-03-11T15:30:30.557+0000] {processor.py:179} INFO - Processing /home/airflow/.local/lib/python3.8/site-packages/airflow/example_dags/example_sensor_decorator.py took 0.031 seconds
[2025-03-11T15:31:01.108+0000] {processor.py:157} INFO - Started process (PID=16728) to work on /home/airflow/.local/lib/python3.8/site-packages/airflow/example_dags/example_sensor_decorator.py
[2025-03-11T15:31:01.109+0000] {processor.py:829} INFO - Processing file /home/airflow/.local/lib/python3.8/site-packages/airflow/example_dags/example_sensor_decorator.py for tasks to queue
[2025-03-11T15:31:01.110+0000] {logging_mixin.py:154} INFO - [2025-03-11T15:31:01.110+0000] {dagbag.py:536} INFO - Filling up the DagBag from /home/airflow/.local/lib/python3.8/site-packages/airflow/example_dags/example_sensor_decorator.py
[2025-03-11T15:31:01.114+0000] {processor.py:839} INFO - DAG(s) dict_keys(['example_sensor_decorator']) retrieved from /home/airflow/.local/lib/python3.8/site-packages/airflow/example_dags/example_sensor_decorator.py
[2025-03-11T15:31:01.126+0000] {logging_mixin.py:154} INFO - [2025-03-11T15:31:01.125+0000] {dag.py:2941} INFO - Sync 1 DAGs
[2025-03-11T15:31:01.131+0000] {logging_mixin.py:154} INFO - [2025-03-11T15:31:01.131+0000] {dag.py:3722} INFO - Setting next_dagrun for example_sensor_decorator to None, run_after=None
[2025-03-11T15:31:01.142+0000] {processor.py:179} INFO - Processing /home/airflow/.local/lib/python3.8/site-packages/airflow/example_dags/example_sensor_decorator.py took 0.036 seconds
[2025-03-11T15:31:31.632+0000] {processor.py:157} INFO - Started process (PID=16784) to work on /home/airflow/.local/lib/python3.8/site-packages/airflow/example_dags/example_sensor_decorator.py
[2025-03-11T15:31:31.632+0000] {processor.py:829} INFO - Processing file /home/airflow/.local/lib/python3.8/site-packages/airflow/example_dags/example_sensor_decorator.py for tasks to queue
[2025-03-11T15:31:31.634+0000] {logging_mixin.py:154} INFO - [2025-03-11T15:31:31.633+0000] {dagbag.py:536} INFO - Filling up the DagBag from /home/airflow/.local/lib/python3.8/site-packages/airflow/example_dags/example_sensor_decorator.py
[2025-03-11T15:31:31.637+0000] {processor.py:839} INFO - DAG(s) dict_keys(['example_sensor_decorator']) retrieved from /home/airflow/.local/lib/python3.8/site-packages/airflow/example_dags/example_sensor_decorator.py
[2025-03-11T15:31:31.647+0000] {logging_mixin.py:154} INFO - [2025-03-11T15:31:31.647+0000] {dag.py:2941} INFO - Sync 1 DAGs
[2025-03-11T15:31:31.654+0000] {logging_mixin.py:154} INFO - [2025-03-11T15:31:31.654+0000] {dag.py:3722} INFO - Setting next_dagrun for example_sensor_decorator to None, run_after=None
[2025-03-11T15:31:31.662+0000] {processor.py:179} INFO - Processing /home/airflow/.local/lib/python3.8/site-packages/airflow/example_dags/example_sensor_decorator.py took 0.032 seconds
[2025-03-11T15:32:02.386+0000] {processor.py:157} INFO - Started process (PID=16840) to work on /home/airflow/.local/lib/python3.8/site-packages/airflow/example_dags/example_sensor_decorator.py
[2025-03-11T15:32:02.387+0000] {processor.py:829} INFO - Processing file /home/airflow/.local/lib/python3.8/site-packages/airflow/example_dags/example_sensor_decorator.py for tasks to queue
[2025-03-11T15:32:02.388+0000] {logging_mixin.py:154} INFO - [2025-03-11T15:32:02.388+0000] {dagbag.py:536} INFO - Filling up the DagBag from /home/airflow/.local/lib/python3.8/site-packages/airflow/example_dags/example_sensor_decorator.py
[2025-03-11T15:32:02.390+0000] {processor.py:839} INFO - DAG(s) dict_keys(['example_sensor_decorator']) retrieved from /home/airflow/.local/lib/python3.8/site-packages/airflow/example_dags/example_sensor_decorator.py
[2025-03-11T15:32:02.400+0000] {logging_mixin.py:154} INFO - [2025-03-11T15:32:02.400+0000] {dag.py:2941} INFO - Sync 1 DAGs
[2025-03-11T15:32:02.408+0000] {logging_mixin.py:154} INFO - [2025-03-11T15:32:02.408+0000] {dag.py:3722} INFO - Setting next_dagrun for example_sensor_decorator to None, run_after=None
[2025-03-11T15:32:02.418+0000] {processor.py:179} INFO - Processing /home/airflow/.local/lib/python3.8/site-packages/airflow/example_dags/example_sensor_decorator.py took 0.033 seconds
[2025-03-11T15:32:32.977+0000] {processor.py:157} INFO - Started process (PID=16896) to work on /home/airflow/.local/lib/python3.8/site-packages/airflow/example_dags/example_sensor_decorator.py
[2025-03-11T15:32:32.977+0000] {processor.py:829} INFO - Processing file /home/airflow/.local/lib/python3.8/site-packages/airflow/example_dags/example_sensor_decorator.py for tasks to queue
[2025-03-11T15:32:32.978+0000] {logging_mixin.py:154} INFO - [2025-03-11T15:32:32.978+0000] {dagbag.py:536} INFO - Filling up the DagBag from /home/airflow/.local/lib/python3.8/site-packages/airflow/example_dags/example_sensor_decorator.py
[2025-03-11T15:32:32.981+0000] {processor.py:839} INFO - DAG(s) dict_keys(['example_sensor_decorator']) retrieved from /home/airflow/.local/lib/python3.8/site-packages/airflow/example_dags/example_sensor_decorator.py
[2025-03-11T15:32:32.991+0000] {logging_mixin.py:154} INFO - [2025-03-11T15:32:32.991+0000] {dag.py:2941} INFO - Sync 1 DAGs
[2025-03-11T15:32:32.996+0000] {logging_mixin.py:154} INFO - [2025-03-11T15:32:32.996+0000] {dag.py:3722} INFO - Setting next_dagrun for example_sensor_decorator to None, run_after=None
[2025-03-11T15:32:33.008+0000] {processor.py:179} INFO - Processing /home/airflow/.local/lib/python3.8/site-packages/airflow/example_dags/example_sensor_decorator.py took 0.032 seconds
[2025-03-11T15:33:03.616+0000] {processor.py:157} INFO - Started process (PID=16952) to work on /home/airflow/.local/lib/python3.8/site-packages/airflow/example_dags/example_sensor_decorator.py
[2025-03-11T15:33:03.617+0000] {processor.py:829} INFO - Processing file /home/airflow/.local/lib/python3.8/site-packages/airflow/example_dags/example_sensor_decorator.py for tasks to queue
[2025-03-11T15:33:03.618+0000] {logging_mixin.py:154} INFO - [2025-03-11T15:33:03.618+0000] {dagbag.py:536} INFO - Filling up the DagBag from /home/airflow/.local/lib/python3.8/site-packages/airflow/example_dags/example_sensor_decorator.py
[2025-03-11T15:33:03.621+0000] {processor.py:839} INFO - DAG(s) dict_keys(['example_sensor_decorator']) retrieved from /home/airflow/.local/lib/python3.8/site-packages/airflow/example_dags/example_sensor_decorator.py
[2025-03-11T15:33:03.631+0000] {logging_mixin.py:154} INFO - [2025-03-11T15:33:03.631+0000] {dag.py:2941} INFO - Sync 1 DAGs
[2025-03-11T15:33:03.637+0000] {logging_mixin.py:154} INFO - [2025-03-11T15:33:03.637+0000] {dag.py:3722} INFO - Setting next_dagrun for example_sensor_decorator to None, run_after=None
[2025-03-11T15:33:03.651+0000] {processor.py:179} INFO - Processing /home/airflow/.local/lib/python3.8/site-packages/airflow/example_dags/example_sensor_decorator.py took 0.036 seconds
[2025-03-11T15:33:34.227+0000] {processor.py:157} INFO - Started process (PID=17008) to work on /home/airflow/.local/lib/python3.8/site-packages/airflow/example_dags/example_sensor_decorator.py
[2025-03-11T15:33:34.228+0000] {processor.py:829} INFO - Processing file /home/airflow/.local/lib/python3.8/site-packages/airflow/example_dags/example_sensor_decorator.py for tasks to queue
[2025-03-11T15:33:34.229+0000] {logging_mixin.py:154} INFO - [2025-03-11T15:33:34.229+0000] {dagbag.py:536} INFO - Filling up the DagBag from /home/airflow/.local/lib/python3.8/site-packages/airflow/example_dags/example_sensor_decorator.py
[2025-03-11T15:33:34.232+0000] {processor.py:839} INFO - DAG(s) dict_keys(['example_sensor_decorator']) retrieved from /home/airflow/.local/lib/python3.8/site-packages/airflow/example_dags/example_sensor_decorator.py
[2025-03-11T15:33:34.244+0000] {logging_mixin.py:154} INFO - [2025-03-11T15:33:34.244+0000] {dag.py:2941} INFO - Sync 1 DAGs
[2025-03-11T15:33:34.250+0000] {logging_mixin.py:154} INFO - [2025-03-11T15:33:34.249+0000] {dag.py:3722} INFO - Setting next_dagrun for example_sensor_decorator to None, run_after=None
[2025-03-11T15:33:34.262+0000] {processor.py:179} INFO - Processing /home/airflow/.local/lib/python3.8/site-packages/airflow/example_dags/example_sensor_decorator.py took 0.037 seconds
[2025-03-11T15:34:04.907+0000] {processor.py:157} INFO - Started process (PID=17064) to work on /home/airflow/.local/lib/python3.8/site-packages/airflow/example_dags/example_sensor_decorator.py
[2025-03-11T15:34:04.908+0000] {processor.py:829} INFO - Processing file /home/airflow/.local/lib/python3.8/site-packages/airflow/example_dags/example_sensor_decorator.py for tasks to queue
[2025-03-11T15:34:04.909+0000] {logging_mixin.py:154} INFO - [2025-03-11T15:34:04.909+0000] {dagbag.py:536} INFO - Filling up the DagBag from /home/airflow/.local/lib/python3.8/site-packages/airflow/example_dags/example_sensor_decorator.py
[2025-03-11T15:34:04.911+0000] {processor.py:839} INFO - DAG(s) dict_keys(['example_sensor_decorator']) retrieved from /home/airflow/.local/lib/python3.8/site-packages/airflow/example_dags/example_sensor_decorator.py
[2025-03-11T15:34:04.922+0000] {logging_mixin.py:154} INFO - [2025-03-11T15:34:04.922+0000] {dag.py:2941} INFO - Sync 1 DAGs
[2025-03-11T15:34:04.927+0000] {logging_mixin.py:154} INFO - [2025-03-11T15:34:04.927+0000] {dag.py:3722} INFO - Setting next_dagrun for example_sensor_decorator to None, run_after=None
[2025-03-11T15:34:04.934+0000] {processor.py:179} INFO - Processing /home/airflow/.local/lib/python3.8/site-packages/airflow/example_dags/example_sensor_decorator.py took 0.029 seconds
[2025-03-11T15:34:35.617+0000] {processor.py:157} INFO - Started process (PID=17120) to work on /home/airflow/.local/lib/python3.8/site-packages/airflow/example_dags/example_sensor_decorator.py
[2025-03-11T15:34:35.618+0000] {processor.py:829} INFO - Processing file /home/airflow/.local/lib/python3.8/site-packages/airflow/example_dags/example_sensor_decorator.py for tasks to queue
[2025-03-11T15:34:35.619+0000] {logging_mixin.py:154} INFO - [2025-03-11T15:34:35.619+0000] {dagbag.py:536} INFO - Filling up the DagBag from /home/airflow/.local/lib/python3.8/site-packages/airflow/example_dags/example_sensor_decorator.py
[2025-03-11T15:34:35.622+0000] {processor.py:839} INFO - DAG(s) dict_keys(['example_sensor_decorator']) retrieved from /home/airflow/.local/lib/python3.8/site-packages/airflow/example_dags/example_sensor_decorator.py
[2025-03-11T15:34:35.632+0000] {logging_mixin.py:154} INFO - [2025-03-11T15:34:35.632+0000] {dag.py:2941} INFO - Sync 1 DAGs
[2025-03-11T15:34:35.637+0000] {logging_mixin.py:154} INFO - [2025-03-11T15:34:35.637+0000] {dag.py:3722} INFO - Setting next_dagrun for example_sensor_decorator to None, run_after=None
[2025-03-11T15:34:35.645+0000] {processor.py:179} INFO - Processing /home/airflow/.local/lib/python3.8/site-packages/airflow/example_dags/example_sensor_decorator.py took 0.029 seconds
[2025-03-11T15:35:06.196+0000] {processor.py:157} INFO - Started process (PID=17176) to work on /home/airflow/.local/lib/python3.8/site-packages/airflow/example_dags/example_sensor_decorator.py
[2025-03-11T15:35:06.197+0000] {processor.py:829} INFO - Processing file /home/airflow/.local/lib/python3.8/site-packages/airflow/example_dags/example_sensor_decorator.py for tasks to queue
[2025-03-11T15:35:06.199+0000] {logging_mixin.py:154} INFO - [2025-03-11T15:35:06.199+0000] {dagbag.py:536} INFO - Filling up the DagBag from /home/airflow/.local/lib/python3.8/site-packages/airflow/example_dags/example_sensor_decorator.py
[2025-03-11T15:35:06.203+0000] {processor.py:839} INFO - DAG(s) dict_keys(['example_sensor_decorator']) retrieved from /home/airflow/.local/lib/python3.8/site-packages/airflow/example_dags/example_sensor_decorator.py
[2025-03-11T15:35:06.218+0000] {logging_mixin.py:154} INFO - [2025-03-11T15:35:06.217+0000] {dag.py:2941} INFO - Sync 1 DAGs
[2025-03-11T15:35:06.225+0000] {logging_mixin.py:154} INFO - [2025-03-11T15:35:06.225+0000] {dag.py:3722} INFO - Setting next_dagrun for example_sensor_decorator to None, run_after=None
[2025-03-11T15:35:06.236+0000] {processor.py:179} INFO - Processing /home/airflow/.local/lib/python3.8/site-packages/airflow/example_dags/example_sensor_decorator.py took 0.042 seconds
[2025-03-11T15:35:36.827+0000] {processor.py:157} INFO - Started process (PID=17232) to work on /home/airflow/.local/lib/python3.8/site-packages/airflow/example_dags/example_sensor_decorator.py
[2025-03-11T15:35:36.828+0000] {processor.py:829} INFO - Processing file /home/airflow/.local/lib/python3.8/site-packages/airflow/example_dags/example_sensor_decorator.py for tasks to queue
[2025-03-11T15:35:36.829+0000] {logging_mixin.py:154} INFO - [2025-03-11T15:35:36.829+0000] {dagbag.py:536} INFO - Filling up the DagBag from /home/airflow/.local/lib/python3.8/site-packages/airflow/example_dags/example_sensor_decorator.py
[2025-03-11T15:35:36.832+0000] {processor.py:839} INFO - DAG(s) dict_keys(['example_sensor_decorator']) retrieved from /home/airflow/.local/lib/python3.8/site-packages/airflow/example_dags/example_sensor_decorator.py
[2025-03-11T15:35:36.844+0000] {logging_mixin.py:154} INFO - [2025-03-11T15:35:36.843+0000] {dag.py:2941} INFO - Sync 1 DAGs
[2025-03-11T15:35:36.850+0000] {logging_mixin.py:154} INFO - [2025-03-11T15:35:36.850+0000] {dag.py:3722} INFO - Setting next_dagrun for example_sensor_decorator to None, run_after=None
[2025-03-11T15:35:36.860+0000] {processor.py:179} INFO - Processing /home/airflow/.local/lib/python3.8/site-packages/airflow/example_dags/example_sensor_decorator.py took 0.034 seconds
[2025-03-11T15:36:07.425+0000] {processor.py:157} INFO - Started process (PID=17295) to work on /home/airflow/.local/lib/python3.8/site-packages/airflow/example_dags/example_sensor_decorator.py
[2025-03-11T15:36:07.426+0000] {processor.py:829} INFO - Processing file /home/airflow/.local/lib/python3.8/site-packages/airflow/example_dags/example_sensor_decorator.py for tasks to queue
[2025-03-11T15:36:07.428+0000] {logging_mixin.py:154} INFO - [2025-03-11T15:36:07.428+0000] {dagbag.py:536} INFO - Filling up the DagBag from /home/airflow/.local/lib/python3.8/site-packages/airflow/example_dags/example_sensor_decorator.py
[2025-03-11T15:36:07.431+0000] {processor.py:839} INFO - DAG(s) dict_keys(['example_sensor_decorator']) retrieved from /home/airflow/.local/lib/python3.8/site-packages/airflow/example_dags/example_sensor_decorator.py
[2025-03-11T15:36:07.443+0000] {logging_mixin.py:154} INFO - [2025-03-11T15:36:07.442+0000] {dag.py:2941} INFO - Sync 1 DAGs
[2025-03-11T15:36:07.450+0000] {logging_mixin.py:154} INFO - [2025-03-11T15:36:07.450+0000] {dag.py:3722} INFO - Setting next_dagrun for example_sensor_decorator to None, run_after=None
[2025-03-11T15:36:07.457+0000] {processor.py:179} INFO - Processing /home/airflow/.local/lib/python3.8/site-packages/airflow/example_dags/example_sensor_decorator.py took 0.033 seconds
[2025-03-11T15:36:38.116+0000] {processor.py:157} INFO - Started process (PID=17352) to work on /home/airflow/.local/lib/python3.8/site-packages/airflow/example_dags/example_sensor_decorator.py
[2025-03-11T15:36:38.116+0000] {processor.py:829} INFO - Processing file /home/airflow/.local/lib/python3.8/site-packages/airflow/example_dags/example_sensor_decorator.py for tasks to queue
[2025-03-11T15:36:38.117+0000] {logging_mixin.py:154} INFO - [2025-03-11T15:36:38.117+0000] {dagbag.py:536} INFO - Filling up the DagBag from /home/airflow/.local/lib/python3.8/site-packages/airflow/example_dags/example_sensor_decorator.py
[2025-03-11T15:36:38.120+0000] {processor.py:839} INFO - DAG(s) dict_keys(['example_sensor_decorator']) retrieved from /home/airflow/.local/lib/python3.8/site-packages/airflow/example_dags/example_sensor_decorator.py
[2025-03-11T15:36:38.131+0000] {logging_mixin.py:154} INFO - [2025-03-11T15:36:38.130+0000] {dag.py:2941} INFO - Sync 1 DAGs
[2025-03-11T15:36:38.138+0000] {logging_mixin.py:154} INFO - [2025-03-11T15:36:38.138+0000] {dag.py:3722} INFO - Setting next_dagrun for example_sensor_decorator to None, run_after=None
[2025-03-11T15:36:38.147+0000] {processor.py:179} INFO - Processing /home/airflow/.local/lib/python3.8/site-packages/airflow/example_dags/example_sensor_decorator.py took 0.033 seconds
[2025-03-11T15:37:08.641+0000] {processor.py:157} INFO - Started process (PID=17408) to work on /home/airflow/.local/lib/python3.8/site-packages/airflow/example_dags/example_sensor_decorator.py
[2025-03-11T15:37:08.641+0000] {processor.py:829} INFO - Processing file /home/airflow/.local/lib/python3.8/site-packages/airflow/example_dags/example_sensor_decorator.py for tasks to queue
[2025-03-11T15:37:08.644+0000] {logging_mixin.py:154} INFO - [2025-03-11T15:37:08.643+0000] {dagbag.py:536} INFO - Filling up the DagBag from /home/airflow/.local/lib/python3.8/site-packages/airflow/example_dags/example_sensor_decorator.py
[2025-03-11T15:37:08.646+0000] {processor.py:839} INFO - DAG(s) dict_keys(['example_sensor_decorator']) retrieved from /home/airflow/.local/lib/python3.8/site-packages/airflow/example_dags/example_sensor_decorator.py
[2025-03-11T15:37:08.658+0000] {logging_mixin.py:154} INFO - [2025-03-11T15:37:08.658+0000] {dag.py:2941} INFO - Sync 1 DAGs
[2025-03-11T15:37:08.663+0000] {logging_mixin.py:154} INFO - [2025-03-11T15:37:08.663+0000] {dag.py:3722} INFO - Setting next_dagrun for example_sensor_decorator to None, run_after=None
[2025-03-11T15:37:08.670+0000] {processor.py:179} INFO - Processing /home/airflow/.local/lib/python3.8/site-packages/airflow/example_dags/example_sensor_decorator.py took 0.030 seconds
[2025-03-11T15:37:39.342+0000] {processor.py:157} INFO - Started process (PID=17464) to work on /home/airflow/.local/lib/python3.8/site-packages/airflow/example_dags/example_sensor_decorator.py
[2025-03-11T15:37:39.343+0000] {processor.py:829} INFO - Processing file /home/airflow/.local/lib/python3.8/site-packages/airflow/example_dags/example_sensor_decorator.py for tasks to queue
[2025-03-11T15:37:39.344+0000] {logging_mixin.py:154} INFO - [2025-03-11T15:37:39.343+0000] {dagbag.py:536} INFO - Filling up the DagBag from /home/airflow/.local/lib/python3.8/site-packages/airflow/example_dags/example_sensor_decorator.py
[2025-03-11T15:37:39.346+0000] {processor.py:839} INFO - DAG(s) dict_keys(['example_sensor_decorator']) retrieved from /home/airflow/.local/lib/python3.8/site-packages/airflow/example_dags/example_sensor_decorator.py
[2025-03-11T15:37:39.358+0000] {logging_mixin.py:154} INFO - [2025-03-11T15:37:39.358+0000] {dag.py:2941} INFO - Sync 1 DAGs
[2025-03-11T15:37:39.364+0000] {logging_mixin.py:154} INFO - [2025-03-11T15:37:39.363+0000] {dag.py:3722} INFO - Setting next_dagrun for example_sensor_decorator to None, run_after=None
[2025-03-11T15:37:39.372+0000] {processor.py:179} INFO - Processing /home/airflow/.local/lib/python3.8/site-packages/airflow/example_dags/example_sensor_decorator.py took 0.032 seconds
[2025-03-11T15:38:09.922+0000] {processor.py:157} INFO - Started process (PID=17520) to work on /home/airflow/.local/lib/python3.8/site-packages/airflow/example_dags/example_sensor_decorator.py
[2025-03-11T15:38:09.922+0000] {processor.py:829} INFO - Processing file /home/airflow/.local/lib/python3.8/site-packages/airflow/example_dags/example_sensor_decorator.py for tasks to queue
[2025-03-11T15:38:09.923+0000] {logging_mixin.py:154} INFO - [2025-03-11T15:38:09.923+0000] {dagbag.py:536} INFO - Filling up the DagBag from /home/airflow/.local/lib/python3.8/site-packages/airflow/example_dags/example_sensor_decorator.py
[2025-03-11T15:38:09.926+0000] {processor.py:839} INFO - DAG(s) dict_keys(['example_sensor_decorator']) retrieved from /home/airflow/.local/lib/python3.8/site-packages/airflow/example_dags/example_sensor_decorator.py
[2025-03-11T15:38:09.934+0000] {logging_mixin.py:154} INFO - [2025-03-11T15:38:09.934+0000] {dag.py:2941} INFO - Sync 1 DAGs
[2025-03-11T15:38:09.940+0000] {logging_mixin.py:154} INFO - [2025-03-11T15:38:09.940+0000] {dag.py:3722} INFO - Setting next_dagrun for example_sensor_decorator to None, run_after=None
[2025-03-11T15:38:09.950+0000] {processor.py:179} INFO - Processing /home/airflow/.local/lib/python3.8/site-packages/airflow/example_dags/example_sensor_decorator.py took 0.030 seconds
[2025-03-11T15:38:40.409+0000] {processor.py:157} INFO - Started process (PID=17576) to work on /home/airflow/.local/lib/python3.8/site-packages/airflow/example_dags/example_sensor_decorator.py
[2025-03-11T15:38:40.410+0000] {processor.py:829} INFO - Processing file /home/airflow/.local/lib/python3.8/site-packages/airflow/example_dags/example_sensor_decorator.py for tasks to queue
[2025-03-11T15:38:40.411+0000] {logging_mixin.py:154} INFO - [2025-03-11T15:38:40.411+0000] {dagbag.py:536} INFO - Filling up the DagBag from /home/airflow/.local/lib/python3.8/site-packages/airflow/example_dags/example_sensor_decorator.py
[2025-03-11T15:38:40.415+0000] {processor.py:839} INFO - DAG(s) dict_keys(['example_sensor_decorator']) retrieved from /home/airflow/.local/lib/python3.8/site-packages/airflow/example_dags/example_sensor_decorator.py
[2025-03-11T15:38:40.425+0000] {logging_mixin.py:154} INFO - [2025-03-11T15:38:40.425+0000] {dag.py:2941} INFO - Sync 1 DAGs
[2025-03-11T15:38:40.430+0000] {logging_mixin.py:154} INFO - [2025-03-11T15:38:40.430+0000] {dag.py:3722} INFO - Setting next_dagrun for example_sensor_decorator to None, run_after=None
[2025-03-11T15:38:40.441+0000] {processor.py:179} INFO - Processing /home/airflow/.local/lib/python3.8/site-packages/airflow/example_dags/example_sensor_decorator.py took 0.033 seconds
[2025-03-11T15:39:11.048+0000] {processor.py:157} INFO - Started process (PID=17632) to work on /home/airflow/.local/lib/python3.8/site-packages/airflow/example_dags/example_sensor_decorator.py
[2025-03-11T15:39:11.049+0000] {processor.py:829} INFO - Processing file /home/airflow/.local/lib/python3.8/site-packages/airflow/example_dags/example_sensor_decorator.py for tasks to queue
[2025-03-11T15:39:11.050+0000] {logging_mixin.py:154} INFO - [2025-03-11T15:39:11.050+0000] {dagbag.py:536} INFO - Filling up the DagBag from /home/airflow/.local/lib/python3.8/site-packages/airflow/example_dags/example_sensor_decorator.py
[2025-03-11T15:39:11.052+0000] {processor.py:839} INFO - DAG(s) dict_keys(['example_sensor_decorator']) retrieved from /home/airflow/.local/lib/python3.8/site-packages/airflow/example_dags/example_sensor_decorator.py
[2025-03-11T15:39:11.063+0000] {logging_mixin.py:154} INFO - [2025-03-11T15:39:11.063+0000] {dag.py:2941} INFO - Sync 1 DAGs
[2025-03-11T15:39:11.068+0000] {logging_mixin.py:154} INFO - [2025-03-11T15:39:11.068+0000] {dag.py:3722} INFO - Setting next_dagrun for example_sensor_decorator to None, run_after=None
[2025-03-11T15:39:11.077+0000] {processor.py:179} INFO - Processing /home/airflow/.local/lib/python3.8/site-packages/airflow/example_dags/example_sensor_decorator.py took 0.030 seconds
[2025-03-11T15:39:41.670+0000] {processor.py:157} INFO - Started process (PID=17688) to work on /home/airflow/.local/lib/python3.8/site-packages/airflow/example_dags/example_sensor_decorator.py
[2025-03-11T15:39:41.670+0000] {processor.py:829} INFO - Processing file /home/airflow/.local/lib/python3.8/site-packages/airflow/example_dags/example_sensor_decorator.py for tasks to queue
[2025-03-11T15:39:41.671+0000] {logging_mixin.py:154} INFO - [2025-03-11T15:39:41.671+0000] {dagbag.py:536} INFO - Filling up the DagBag from /home/airflow/.local/lib/python3.8/site-packages/airflow/example_dags/example_sensor_decorator.py
[2025-03-11T15:39:41.674+0000] {processor.py:839} INFO - DAG(s) dict_keys(['example_sensor_decorator']) retrieved from /home/airflow/.local/lib/python3.8/site-packages/airflow/example_dags/example_sensor_decorator.py
[2025-03-11T15:39:41.685+0000] {logging_mixin.py:154} INFO - [2025-03-11T15:39:41.685+0000] {dag.py:2941} INFO - Sync 1 DAGs
[2025-03-11T15:39:41.689+0000] {logging_mixin.py:154} INFO - [2025-03-11T15:39:41.689+0000] {dag.py:3722} INFO - Setting next_dagrun for example_sensor_decorator to None, run_after=None
[2025-03-11T15:39:41.696+0000] {processor.py:179} INFO - Processing /home/airflow/.local/lib/python3.8/site-packages/airflow/example_dags/example_sensor_decorator.py took 0.028 seconds
[2025-03-11T15:40:12.158+0000] {processor.py:157} INFO - Started process (PID=17745) to work on /home/airflow/.local/lib/python3.8/site-packages/airflow/example_dags/example_sensor_decorator.py
[2025-03-11T15:40:12.158+0000] {processor.py:829} INFO - Processing file /home/airflow/.local/lib/python3.8/site-packages/airflow/example_dags/example_sensor_decorator.py for tasks to queue
[2025-03-11T15:40:12.159+0000] {logging_mixin.py:154} INFO - [2025-03-11T15:40:12.159+0000] {dagbag.py:536} INFO - Filling up the DagBag from /home/airflow/.local/lib/python3.8/site-packages/airflow/example_dags/example_sensor_decorator.py
[2025-03-11T15:40:12.162+0000] {processor.py:839} INFO - DAG(s) dict_keys(['example_sensor_decorator']) retrieved from /home/airflow/.local/lib/python3.8/site-packages/airflow/example_dags/example_sensor_decorator.py
[2025-03-11T15:40:12.173+0000] {logging_mixin.py:154} INFO - [2025-03-11T15:40:12.173+0000] {dag.py:2941} INFO - Sync 1 DAGs
[2025-03-11T15:40:12.178+0000] {logging_mixin.py:154} INFO - [2025-03-11T15:40:12.178+0000] {dag.py:3722} INFO - Setting next_dagrun for example_sensor_decorator to None, run_after=None
[2025-03-11T15:40:12.188+0000] {processor.py:179} INFO - Processing /home/airflow/.local/lib/python3.8/site-packages/airflow/example_dags/example_sensor_decorator.py took 0.032 seconds
[2025-03-11T15:40:42.714+0000] {processor.py:157} INFO - Started process (PID=17802) to work on /home/airflow/.local/lib/python3.8/site-packages/airflow/example_dags/example_sensor_decorator.py
[2025-03-11T15:40:42.715+0000] {processor.py:829} INFO - Processing file /home/airflow/.local/lib/python3.8/site-packages/airflow/example_dags/example_sensor_decorator.py for tasks to queue
[2025-03-11T15:40:42.716+0000] {logging_mixin.py:154} INFO - [2025-03-11T15:40:42.716+0000] {dagbag.py:536} INFO - Filling up the DagBag from /home/airflow/.local/lib/python3.8/site-packages/airflow/example_dags/example_sensor_decorator.py
[2025-03-11T15:40:42.718+0000] {processor.py:839} INFO - DAG(s) dict_keys(['example_sensor_decorator']) retrieved from /home/airflow/.local/lib/python3.8/site-packages/airflow/example_dags/example_sensor_decorator.py
[2025-03-11T15:40:42.728+0000] {logging_mixin.py:154} INFO - [2025-03-11T15:40:42.727+0000] {dag.py:2941} INFO - Sync 1 DAGs
[2025-03-11T15:40:42.733+0000] {logging_mixin.py:154} INFO - [2025-03-11T15:40:42.733+0000] {dag.py:3722} INFO - Setting next_dagrun for example_sensor_decorator to None, run_after=None
[2025-03-11T15:40:42.745+0000] {processor.py:179} INFO - Processing /home/airflow/.local/lib/python3.8/site-packages/airflow/example_dags/example_sensor_decorator.py took 0.032 seconds
[2025-03-11T15:41:13.329+0000] {processor.py:157} INFO - Started process (PID=17858) to work on /home/airflow/.local/lib/python3.8/site-packages/airflow/example_dags/example_sensor_decorator.py
[2025-03-11T15:41:13.329+0000] {processor.py:829} INFO - Processing file /home/airflow/.local/lib/python3.8/site-packages/airflow/example_dags/example_sensor_decorator.py for tasks to queue
[2025-03-11T15:41:13.330+0000] {logging_mixin.py:154} INFO - [2025-03-11T15:41:13.330+0000] {dagbag.py:536} INFO - Filling up the DagBag from /home/airflow/.local/lib/python3.8/site-packages/airflow/example_dags/example_sensor_decorator.py
[2025-03-11T15:41:13.333+0000] {processor.py:839} INFO - DAG(s) dict_keys(['example_sensor_decorator']) retrieved from /home/airflow/.local/lib/python3.8/site-packages/airflow/example_dags/example_sensor_decorator.py
[2025-03-11T15:41:13.343+0000] {logging_mixin.py:154} INFO - [2025-03-11T15:41:13.343+0000] {dag.py:2941} INFO - Sync 1 DAGs
[2025-03-11T15:41:13.348+0000] {logging_mixin.py:154} INFO - [2025-03-11T15:41:13.348+0000] {dag.py:3722} INFO - Setting next_dagrun for example_sensor_decorator to None, run_after=None
[2025-03-11T15:41:13.355+0000] {processor.py:179} INFO - Processing /home/airflow/.local/lib/python3.8/site-packages/airflow/example_dags/example_sensor_decorator.py took 0.027 seconds
[2025-03-11T15:41:43.841+0000] {processor.py:157} INFO - Started process (PID=17914) to work on /home/airflow/.local/lib/python3.8/site-packages/airflow/example_dags/example_sensor_decorator.py
[2025-03-11T15:41:43.841+0000] {processor.py:829} INFO - Processing file /home/airflow/.local/lib/python3.8/site-packages/airflow/example_dags/example_sensor_decorator.py for tasks to queue
[2025-03-11T15:41:43.842+0000] {logging_mixin.py:154} INFO - [2025-03-11T15:41:43.842+0000] {dagbag.py:536} INFO - Filling up the DagBag from /home/airflow/.local/lib/python3.8/site-packages/airflow/example_dags/example_sensor_decorator.py
[2025-03-11T15:41:43.845+0000] {processor.py:839} INFO - DAG(s) dict_keys(['example_sensor_decorator']) retrieved from /home/airflow/.local/lib/python3.8/site-packages/airflow/example_dags/example_sensor_decorator.py
[2025-03-11T15:41:43.855+0000] {logging_mixin.py:154} INFO - [2025-03-11T15:41:43.855+0000] {dag.py:2941} INFO - Sync 1 DAGs
[2025-03-11T15:41:43.860+0000] {logging_mixin.py:154} INFO - [2025-03-11T15:41:43.860+0000] {dag.py:3722} INFO - Setting next_dagrun for example_sensor_decorator to None, run_after=None
[2025-03-11T15:41:43.868+0000] {processor.py:179} INFO - Processing /home/airflow/.local/lib/python3.8/site-packages/airflow/example_dags/example_sensor_decorator.py took 0.028 seconds
[2025-03-11T15:42:14.379+0000] {processor.py:157} INFO - Started process (PID=17970) to work on /home/airflow/.local/lib/python3.8/site-packages/airflow/example_dags/example_sensor_decorator.py
[2025-03-11T15:42:14.380+0000] {processor.py:829} INFO - Processing file /home/airflow/.local/lib/python3.8/site-packages/airflow/example_dags/example_sensor_decorator.py for tasks to queue
[2025-03-11T15:42:14.381+0000] {logging_mixin.py:154} INFO - [2025-03-11T15:42:14.381+0000] {dagbag.py:536} INFO - Filling up the DagBag from /home/airflow/.local/lib/python3.8/site-packages/airflow/example_dags/example_sensor_decorator.py
[2025-03-11T15:42:14.385+0000] {processor.py:839} INFO - DAG(s) dict_keys(['example_sensor_decorator']) retrieved from /home/airflow/.local/lib/python3.8/site-packages/airflow/example_dags/example_sensor_decorator.py
[2025-03-11T15:42:14.395+0000] {logging_mixin.py:154} INFO - [2025-03-11T15:42:14.395+0000] {dag.py:2941} INFO - Sync 1 DAGs
[2025-03-11T15:42:14.399+0000] {logging_mixin.py:154} INFO - [2025-03-11T15:42:14.399+0000] {dag.py:3722} INFO - Setting next_dagrun for example_sensor_decorator to None, run_after=None
[2025-03-11T15:42:14.408+0000] {processor.py:179} INFO - Processing /home/airflow/.local/lib/python3.8/site-packages/airflow/example_dags/example_sensor_decorator.py took 0.030 seconds
[2025-03-11T15:42:44.989+0000] {processor.py:157} INFO - Started process (PID=18026) to work on /home/airflow/.local/lib/python3.8/site-packages/airflow/example_dags/example_sensor_decorator.py
[2025-03-11T15:42:44.989+0000] {processor.py:829} INFO - Processing file /home/airflow/.local/lib/python3.8/site-packages/airflow/example_dags/example_sensor_decorator.py for tasks to queue
[2025-03-11T15:42:44.990+0000] {logging_mixin.py:154} INFO - [2025-03-11T15:42:44.990+0000] {dagbag.py:536} INFO - Filling up the DagBag from /home/airflow/.local/lib/python3.8/site-packages/airflow/example_dags/example_sensor_decorator.py
[2025-03-11T15:42:44.993+0000] {processor.py:839} INFO - DAG(s) dict_keys(['example_sensor_decorator']) retrieved from /home/airflow/.local/lib/python3.8/site-packages/airflow/example_dags/example_sensor_decorator.py
[2025-03-11T15:42:45.002+0000] {logging_mixin.py:154} INFO - [2025-03-11T15:42:45.002+0000] {dag.py:2941} INFO - Sync 1 DAGs
[2025-03-11T15:42:45.008+0000] {logging_mixin.py:154} INFO - [2025-03-11T15:42:45.008+0000] {dag.py:3722} INFO - Setting next_dagrun for example_sensor_decorator to None, run_after=None
[2025-03-11T15:42:45.015+0000] {processor.py:179} INFO - Processing /home/airflow/.local/lib/python3.8/site-packages/airflow/example_dags/example_sensor_decorator.py took 0.028 seconds
[2025-03-11T15:43:15.580+0000] {processor.py:157} INFO - Started process (PID=18082) to work on /home/airflow/.local/lib/python3.8/site-packages/airflow/example_dags/example_sensor_decorator.py
[2025-03-11T15:43:15.581+0000] {processor.py:829} INFO - Processing file /home/airflow/.local/lib/python3.8/site-packages/airflow/example_dags/example_sensor_decorator.py for tasks to queue
[2025-03-11T15:43:15.582+0000] {logging_mixin.py:154} INFO - [2025-03-11T15:43:15.582+0000] {dagbag.py:536} INFO - Filling up the DagBag from /home/airflow/.local/lib/python3.8/site-packages/airflow/example_dags/example_sensor_decorator.py
[2025-03-11T15:43:15.584+0000] {processor.py:839} INFO - DAG(s) dict_keys(['example_sensor_decorator']) retrieved from /home/airflow/.local/lib/python3.8/site-packages/airflow/example_dags/example_sensor_decorator.py
[2025-03-11T15:43:15.594+0000] {logging_mixin.py:154} INFO - [2025-03-11T15:43:15.594+0000] {dag.py:2941} INFO - Sync 1 DAGs
[2025-03-11T15:43:15.599+0000] {logging_mixin.py:154} INFO - [2025-03-11T15:43:15.599+0000] {dag.py:3722} INFO - Setting next_dagrun for example_sensor_decorator to None, run_after=None
[2025-03-11T15:43:15.607+0000] {processor.py:179} INFO - Processing /home/airflow/.local/lib/python3.8/site-packages/airflow/example_dags/example_sensor_decorator.py took 0.028 seconds
[2025-03-11T15:43:46.204+0000] {processor.py:157} INFO - Started process (PID=18138) to work on /home/airflow/.local/lib/python3.8/site-packages/airflow/example_dags/example_sensor_decorator.py
[2025-03-11T15:43:46.205+0000] {processor.py:829} INFO - Processing file /home/airflow/.local/lib/python3.8/site-packages/airflow/example_dags/example_sensor_decorator.py for tasks to queue
[2025-03-11T15:43:46.206+0000] {logging_mixin.py:154} INFO - [2025-03-11T15:43:46.205+0000] {dagbag.py:536} INFO - Filling up the DagBag from /home/airflow/.local/lib/python3.8/site-packages/airflow/example_dags/example_sensor_decorator.py
[2025-03-11T15:43:46.208+0000] {processor.py:839} INFO - DAG(s) dict_keys(['example_sensor_decorator']) retrieved from /home/airflow/.local/lib/python3.8/site-packages/airflow/example_dags/example_sensor_decorator.py
[2025-03-11T15:43:46.217+0000] {logging_mixin.py:154} INFO - [2025-03-11T15:43:46.217+0000] {dag.py:2941} INFO - Sync 1 DAGs
[2025-03-11T15:43:46.222+0000] {logging_mixin.py:154} INFO - [2025-03-11T15:43:46.222+0000] {dag.py:3722} INFO - Setting next_dagrun for example_sensor_decorator to None, run_after=None
[2025-03-11T15:43:46.229+0000] {processor.py:179} INFO - Processing /home/airflow/.local/lib/python3.8/site-packages/airflow/example_dags/example_sensor_decorator.py took 0.027 seconds
[2025-03-11T15:44:16.823+0000] {processor.py:157} INFO - Started process (PID=18194) to work on /home/airflow/.local/lib/python3.8/site-packages/airflow/example_dags/example_sensor_decorator.py
[2025-03-11T15:44:16.823+0000] {processor.py:829} INFO - Processing file /home/airflow/.local/lib/python3.8/site-packages/airflow/example_dags/example_sensor_decorator.py for tasks to queue
[2025-03-11T15:44:16.824+0000] {logging_mixin.py:154} INFO - [2025-03-11T15:44:16.824+0000] {dagbag.py:536} INFO - Filling up the DagBag from /home/airflow/.local/lib/python3.8/site-packages/airflow/example_dags/example_sensor_decorator.py
[2025-03-11T15:44:16.827+0000] {processor.py:839} INFO - DAG(s) dict_keys(['example_sensor_decorator']) retrieved from /home/airflow/.local/lib/python3.8/site-packages/airflow/example_dags/example_sensor_decorator.py
[2025-03-11T15:44:16.836+0000] {logging_mixin.py:154} INFO - [2025-03-11T15:44:16.836+0000] {dag.py:2941} INFO - Sync 1 DAGs
[2025-03-11T15:44:16.841+0000] {logging_mixin.py:154} INFO - [2025-03-11T15:44:16.841+0000] {dag.py:3722} INFO - Setting next_dagrun for example_sensor_decorator to None, run_after=None
[2025-03-11T15:44:16.850+0000] {processor.py:179} INFO - Processing /home/airflow/.local/lib/python3.8/site-packages/airflow/example_dags/example_sensor_decorator.py took 0.028 seconds
[2025-03-11T15:44:47.473+0000] {processor.py:157} INFO - Started process (PID=18250) to work on /home/airflow/.local/lib/python3.8/site-packages/airflow/example_dags/example_sensor_decorator.py
[2025-03-11T15:44:47.473+0000] {processor.py:829} INFO - Processing file /home/airflow/.local/lib/python3.8/site-packages/airflow/example_dags/example_sensor_decorator.py for tasks to queue
[2025-03-11T15:44:47.474+0000] {logging_mixin.py:154} INFO - [2025-03-11T15:44:47.474+0000] {dagbag.py:536} INFO - Filling up the DagBag from /home/airflow/.local/lib/python3.8/site-packages/airflow/example_dags/example_sensor_decorator.py
[2025-03-11T15:44:47.477+0000] {processor.py:839} INFO - DAG(s) dict_keys(['example_sensor_decorator']) retrieved from /home/airflow/.local/lib/python3.8/site-packages/airflow/example_dags/example_sensor_decorator.py
[2025-03-11T15:44:47.488+0000] {logging_mixin.py:154} INFO - [2025-03-11T15:44:47.487+0000] {dag.py:2941} INFO - Sync 1 DAGs
[2025-03-11T15:44:47.492+0000] {logging_mixin.py:154} INFO - [2025-03-11T15:44:47.492+0000] {dag.py:3722} INFO - Setting next_dagrun for example_sensor_decorator to None, run_after=None
[2025-03-11T15:44:47.498+0000] {processor.py:179} INFO - Processing /home/airflow/.local/lib/python3.8/site-packages/airflow/example_dags/example_sensor_decorator.py took 0.027 seconds
[2025-03-11T15:45:18.071+0000] {processor.py:157} INFO - Started process (PID=18306) to work on /home/airflow/.local/lib/python3.8/site-packages/airflow/example_dags/example_sensor_decorator.py
[2025-03-11T15:45:18.071+0000] {processor.py:829} INFO - Processing file /home/airflow/.local/lib/python3.8/site-packages/airflow/example_dags/example_sensor_decorator.py for tasks to queue
[2025-03-11T15:45:18.072+0000] {logging_mixin.py:154} INFO - [2025-03-11T15:45:18.072+0000] {dagbag.py:536} INFO - Filling up the DagBag from /home/airflow/.local/lib/python3.8/site-packages/airflow/example_dags/example_sensor_decorator.py
[2025-03-11T15:45:18.075+0000] {processor.py:839} INFO - DAG(s) dict_keys(['example_sensor_decorator']) retrieved from /home/airflow/.local/lib/python3.8/site-packages/airflow/example_dags/example_sensor_decorator.py
[2025-03-11T15:45:18.085+0000] {logging_mixin.py:154} INFO - [2025-03-11T15:45:18.085+0000] {dag.py:2941} INFO - Sync 1 DAGs
[2025-03-11T15:45:18.090+0000] {logging_mixin.py:154} INFO - [2025-03-11T15:45:18.089+0000] {dag.py:3722} INFO - Setting next_dagrun for example_sensor_decorator to None, run_after=None
[2025-03-11T15:45:18.101+0000] {processor.py:179} INFO - Processing /home/airflow/.local/lib/python3.8/site-packages/airflow/example_dags/example_sensor_decorator.py took 0.032 seconds
[2025-03-11T15:45:48.679+0000] {processor.py:157} INFO - Started process (PID=18362) to work on /home/airflow/.local/lib/python3.8/site-packages/airflow/example_dags/example_sensor_decorator.py
[2025-03-11T15:45:48.679+0000] {processor.py:829} INFO - Processing file /home/airflow/.local/lib/python3.8/site-packages/airflow/example_dags/example_sensor_decorator.py for tasks to queue
[2025-03-11T15:45:48.680+0000] {logging_mixin.py:154} INFO - [2025-03-11T15:45:48.680+0000] {dagbag.py:536} INFO - Filling up the DagBag from /home/airflow/.local/lib/python3.8/site-packages/airflow/example_dags/example_sensor_decorator.py
[2025-03-11T15:45:48.683+0000] {processor.py:839} INFO - DAG(s) dict_keys(['example_sensor_decorator']) retrieved from /home/airflow/.local/lib/python3.8/site-packages/airflow/example_dags/example_sensor_decorator.py
[2025-03-11T15:45:48.693+0000] {logging_mixin.py:154} INFO - [2025-03-11T15:45:48.692+0000] {dag.py:2941} INFO - Sync 1 DAGs
[2025-03-11T15:45:48.698+0000] {logging_mixin.py:154} INFO - [2025-03-11T15:45:48.698+0000] {dag.py:3722} INFO - Setting next_dagrun for example_sensor_decorator to None, run_after=None
[2025-03-11T15:45:48.708+0000] {processor.py:179} INFO - Processing /home/airflow/.local/lib/python3.8/site-packages/airflow/example_dags/example_sensor_decorator.py took 0.031 seconds
[2025-03-11T15:46:19.327+0000] {processor.py:157} INFO - Started process (PID=18418) to work on /home/airflow/.local/lib/python3.8/site-packages/airflow/example_dags/example_sensor_decorator.py
[2025-03-11T15:46:19.327+0000] {processor.py:829} INFO - Processing file /home/airflow/.local/lib/python3.8/site-packages/airflow/example_dags/example_sensor_decorator.py for tasks to queue
[2025-03-11T15:46:19.328+0000] {logging_mixin.py:154} INFO - [2025-03-11T15:46:19.328+0000] {dagbag.py:536} INFO - Filling up the DagBag from /home/airflow/.local/lib/python3.8/site-packages/airflow/example_dags/example_sensor_decorator.py
[2025-03-11T15:46:19.330+0000] {processor.py:839} INFO - DAG(s) dict_keys(['example_sensor_decorator']) retrieved from /home/airflow/.local/lib/python3.8/site-packages/airflow/example_dags/example_sensor_decorator.py
[2025-03-11T15:46:19.341+0000] {logging_mixin.py:154} INFO - [2025-03-11T15:46:19.341+0000] {dag.py:2941} INFO - Sync 1 DAGs
[2025-03-11T15:46:19.346+0000] {logging_mixin.py:154} INFO - [2025-03-11T15:46:19.346+0000] {dag.py:3722} INFO - Setting next_dagrun for example_sensor_decorator to None, run_after=None
[2025-03-11T15:46:19.352+0000] {processor.py:179} INFO - Processing /home/airflow/.local/lib/python3.8/site-packages/airflow/example_dags/example_sensor_decorator.py took 0.027 seconds
[2025-03-11T15:46:49.930+0000] {processor.py:157} INFO - Started process (PID=18474) to work on /home/airflow/.local/lib/python3.8/site-packages/airflow/example_dags/example_sensor_decorator.py
[2025-03-11T15:46:49.930+0000] {processor.py:829} INFO - Processing file /home/airflow/.local/lib/python3.8/site-packages/airflow/example_dags/example_sensor_decorator.py for tasks to queue
[2025-03-11T15:46:49.931+0000] {logging_mixin.py:154} INFO - [2025-03-11T15:46:49.931+0000] {dagbag.py:536} INFO - Filling up the DagBag from /home/airflow/.local/lib/python3.8/site-packages/airflow/example_dags/example_sensor_decorator.py
[2025-03-11T15:46:49.933+0000] {processor.py:839} INFO - DAG(s) dict_keys(['example_sensor_decorator']) retrieved from /home/airflow/.local/lib/python3.8/site-packages/airflow/example_dags/example_sensor_decorator.py
[2025-03-11T15:46:49.944+0000] {logging_mixin.py:154} INFO - [2025-03-11T15:46:49.944+0000] {dag.py:2941} INFO - Sync 1 DAGs
[2025-03-11T15:46:49.949+0000] {logging_mixin.py:154} INFO - [2025-03-11T15:46:49.949+0000] {dag.py:3722} INFO - Setting next_dagrun for example_sensor_decorator to None, run_after=None
[2025-03-11T15:46:49.960+0000] {processor.py:179} INFO - Processing /home/airflow/.local/lib/python3.8/site-packages/airflow/example_dags/example_sensor_decorator.py took 0.033 seconds
[2025-03-11T15:47:20.555+0000] {processor.py:157} INFO - Started process (PID=18530) to work on /home/airflow/.local/lib/python3.8/site-packages/airflow/example_dags/example_sensor_decorator.py
[2025-03-11T15:47:20.555+0000] {processor.py:829} INFO - Processing file /home/airflow/.local/lib/python3.8/site-packages/airflow/example_dags/example_sensor_decorator.py for tasks to queue
[2025-03-11T15:47:20.556+0000] {logging_mixin.py:154} INFO - [2025-03-11T15:47:20.556+0000] {dagbag.py:536} INFO - Filling up the DagBag from /home/airflow/.local/lib/python3.8/site-packages/airflow/example_dags/example_sensor_decorator.py
[2025-03-11T15:47:20.559+0000] {processor.py:839} INFO - DAG(s) dict_keys(['example_sensor_decorator']) retrieved from /home/airflow/.local/lib/python3.8/site-packages/airflow/example_dags/example_sensor_decorator.py
[2025-03-11T15:47:20.569+0000] {logging_mixin.py:154} INFO - [2025-03-11T15:47:20.569+0000] {dag.py:2941} INFO - Sync 1 DAGs
[2025-03-11T15:47:20.574+0000] {logging_mixin.py:154} INFO - [2025-03-11T15:47:20.574+0000] {dag.py:3722} INFO - Setting next_dagrun for example_sensor_decorator to None, run_after=None
[2025-03-11T15:47:20.582+0000] {processor.py:179} INFO - Processing /home/airflow/.local/lib/python3.8/site-packages/airflow/example_dags/example_sensor_decorator.py took 0.029 seconds
[2025-03-11T15:47:51.167+0000] {processor.py:157} INFO - Started process (PID=18586) to work on /home/airflow/.local/lib/python3.8/site-packages/airflow/example_dags/example_sensor_decorator.py
[2025-03-11T15:47:51.167+0000] {processor.py:829} INFO - Processing file /home/airflow/.local/lib/python3.8/site-packages/airflow/example_dags/example_sensor_decorator.py for tasks to queue
[2025-03-11T15:47:51.169+0000] {logging_mixin.py:154} INFO - [2025-03-11T15:47:51.168+0000] {dagbag.py:536} INFO - Filling up the DagBag from /home/airflow/.local/lib/python3.8/site-packages/airflow/example_dags/example_sensor_decorator.py
[2025-03-11T15:47:51.171+0000] {processor.py:839} INFO - DAG(s) dict_keys(['example_sensor_decorator']) retrieved from /home/airflow/.local/lib/python3.8/site-packages/airflow/example_dags/example_sensor_decorator.py
[2025-03-11T15:47:51.179+0000] {logging_mixin.py:154} INFO - [2025-03-11T15:47:51.179+0000] {dag.py:2941} INFO - Sync 1 DAGs
[2025-03-11T15:47:51.184+0000] {logging_mixin.py:154} INFO - [2025-03-11T15:47:51.183+0000] {dag.py:3722} INFO - Setting next_dagrun for example_sensor_decorator to None, run_after=None
[2025-03-11T15:47:51.193+0000] {processor.py:179} INFO - Processing /home/airflow/.local/lib/python3.8/site-packages/airflow/example_dags/example_sensor_decorator.py took 0.028 seconds
[2025-03-11T15:48:21.761+0000] {processor.py:157} INFO - Started process (PID=18642) to work on /home/airflow/.local/lib/python3.8/site-packages/airflow/example_dags/example_sensor_decorator.py
[2025-03-11T15:48:21.762+0000] {processor.py:829} INFO - Processing file /home/airflow/.local/lib/python3.8/site-packages/airflow/example_dags/example_sensor_decorator.py for tasks to queue
[2025-03-11T15:48:21.763+0000] {logging_mixin.py:154} INFO - [2025-03-11T15:48:21.763+0000] {dagbag.py:536} INFO - Filling up the DagBag from /home/airflow/.local/lib/python3.8/site-packages/airflow/example_dags/example_sensor_decorator.py
[2025-03-11T15:48:21.765+0000] {processor.py:839} INFO - DAG(s) dict_keys(['example_sensor_decorator']) retrieved from /home/airflow/.local/lib/python3.8/site-packages/airflow/example_dags/example_sensor_decorator.py
[2025-03-11T15:48:21.775+0000] {logging_mixin.py:154} INFO - [2025-03-11T15:48:21.775+0000] {dag.py:2941} INFO - Sync 1 DAGs
[2025-03-11T15:48:21.780+0000] {logging_mixin.py:154} INFO - [2025-03-11T15:48:21.780+0000] {dag.py:3722} INFO - Setting next_dagrun for example_sensor_decorator to None, run_after=None
[2025-03-11T15:48:21.789+0000] {processor.py:179} INFO - Processing /home/airflow/.local/lib/python3.8/site-packages/airflow/example_dags/example_sensor_decorator.py took 0.029 seconds
[2025-03-11T15:48:52.424+0000] {processor.py:157} INFO - Started process (PID=18697) to work on /home/airflow/.local/lib/python3.8/site-packages/airflow/example_dags/example_sensor_decorator.py
[2025-03-11T15:48:52.424+0000] {processor.py:829} INFO - Processing file /home/airflow/.local/lib/python3.8/site-packages/airflow/example_dags/example_sensor_decorator.py for tasks to queue
[2025-03-11T15:48:52.425+0000] {logging_mixin.py:154} INFO - [2025-03-11T15:48:52.425+0000] {dagbag.py:536} INFO - Filling up the DagBag from /home/airflow/.local/lib/python3.8/site-packages/airflow/example_dags/example_sensor_decorator.py
[2025-03-11T15:48:52.428+0000] {processor.py:839} INFO - DAG(s) dict_keys(['example_sensor_decorator']) retrieved from /home/airflow/.local/lib/python3.8/site-packages/airflow/example_dags/example_sensor_decorator.py
[2025-03-11T15:48:52.438+0000] {logging_mixin.py:154} INFO - [2025-03-11T15:48:52.438+0000] {dag.py:2941} INFO - Sync 1 DAGs
[2025-03-11T15:48:52.443+0000] {logging_mixin.py:154} INFO - [2025-03-11T15:48:52.443+0000] {dag.py:3722} INFO - Setting next_dagrun for example_sensor_decorator to None, run_after=None
[2025-03-11T15:48:52.449+0000] {processor.py:179} INFO - Processing /home/airflow/.local/lib/python3.8/site-packages/airflow/example_dags/example_sensor_decorator.py took 0.027 seconds
[2025-03-11T15:49:23.022+0000] {processor.py:157} INFO - Started process (PID=18753) to work on /home/airflow/.local/lib/python3.8/site-packages/airflow/example_dags/example_sensor_decorator.py
[2025-03-11T15:49:23.025+0000] {processor.py:829} INFO - Processing file /home/airflow/.local/lib/python3.8/site-packages/airflow/example_dags/example_sensor_decorator.py for tasks to queue
[2025-03-11T15:49:23.026+0000] {logging_mixin.py:154} INFO - [2025-03-11T15:49:23.026+0000] {dagbag.py:536} INFO - Filling up the DagBag from /home/airflow/.local/lib/python3.8/site-packages/airflow/example_dags/example_sensor_decorator.py
[2025-03-11T15:49:23.029+0000] {processor.py:839} INFO - DAG(s) dict_keys(['example_sensor_decorator']) retrieved from /home/airflow/.local/lib/python3.8/site-packages/airflow/example_dags/example_sensor_decorator.py
[2025-03-11T15:49:23.039+0000] {logging_mixin.py:154} INFO - [2025-03-11T15:49:23.039+0000] {dag.py:2941} INFO - Sync 1 DAGs
[2025-03-11T15:49:23.044+0000] {logging_mixin.py:154} INFO - [2025-03-11T15:49:23.044+0000] {dag.py:3722} INFO - Setting next_dagrun for example_sensor_decorator to None, run_after=None
[2025-03-11T15:49:23.054+0000] {processor.py:179} INFO - Processing /home/airflow/.local/lib/python3.8/site-packages/airflow/example_dags/example_sensor_decorator.py took 0.034 seconds
[2025-03-11T15:49:53.698+0000] {processor.py:157} INFO - Started process (PID=18809) to work on /home/airflow/.local/lib/python3.8/site-packages/airflow/example_dags/example_sensor_decorator.py
[2025-03-11T15:49:53.699+0000] {processor.py:829} INFO - Processing file /home/airflow/.local/lib/python3.8/site-packages/airflow/example_dags/example_sensor_decorator.py for tasks to queue
[2025-03-11T15:49:53.700+0000] {logging_mixin.py:154} INFO - [2025-03-11T15:49:53.700+0000] {dagbag.py:536} INFO - Filling up the DagBag from /home/airflow/.local/lib/python3.8/site-packages/airflow/example_dags/example_sensor_decorator.py
[2025-03-11T15:49:53.702+0000] {processor.py:839} INFO - DAG(s) dict_keys(['example_sensor_decorator']) retrieved from /home/airflow/.local/lib/python3.8/site-packages/airflow/example_dags/example_sensor_decorator.py
[2025-03-11T15:49:53.712+0000] {logging_mixin.py:154} INFO - [2025-03-11T15:49:53.712+0000] {dag.py:2941} INFO - Sync 1 DAGs
[2025-03-11T15:49:53.719+0000] {logging_mixin.py:154} INFO - [2025-03-11T15:49:53.719+0000] {dag.py:3722} INFO - Setting next_dagrun for example_sensor_decorator to None, run_after=None
[2025-03-11T15:49:53.727+0000] {processor.py:179} INFO - Processing /home/airflow/.local/lib/python3.8/site-packages/airflow/example_dags/example_sensor_decorator.py took 0.030 seconds
[2025-03-11T15:50:24.282+0000] {processor.py:157} INFO - Started process (PID=18865) to work on /home/airflow/.local/lib/python3.8/site-packages/airflow/example_dags/example_sensor_decorator.py
[2025-03-11T15:50:24.283+0000] {processor.py:829} INFO - Processing file /home/airflow/.local/lib/python3.8/site-packages/airflow/example_dags/example_sensor_decorator.py for tasks to queue
[2025-03-11T15:50:24.284+0000] {logging_mixin.py:154} INFO - [2025-03-11T15:50:24.284+0000] {dagbag.py:536} INFO - Filling up the DagBag from /home/airflow/.local/lib/python3.8/site-packages/airflow/example_dags/example_sensor_decorator.py
[2025-03-11T15:50:24.286+0000] {processor.py:839} INFO - DAG(s) dict_keys(['example_sensor_decorator']) retrieved from /home/airflow/.local/lib/python3.8/site-packages/airflow/example_dags/example_sensor_decorator.py
[2025-03-11T15:50:24.296+0000] {logging_mixin.py:154} INFO - [2025-03-11T15:50:24.296+0000] {dag.py:2941} INFO - Sync 1 DAGs
[2025-03-11T15:50:24.301+0000] {logging_mixin.py:154} INFO - [2025-03-11T15:50:24.301+0000] {dag.py:3722} INFO - Setting next_dagrun for example_sensor_decorator to None, run_after=None
[2025-03-11T15:50:24.309+0000] {processor.py:179} INFO - Processing /home/airflow/.local/lib/python3.8/site-packages/airflow/example_dags/example_sensor_decorator.py took 0.028 seconds
[2025-03-11T15:50:54.823+0000] {processor.py:157} INFO - Started process (PID=18921) to work on /home/airflow/.local/lib/python3.8/site-packages/airflow/example_dags/example_sensor_decorator.py
[2025-03-11T15:50:54.823+0000] {processor.py:829} INFO - Processing file /home/airflow/.local/lib/python3.8/site-packages/airflow/example_dags/example_sensor_decorator.py for tasks to queue
[2025-03-11T15:50:54.824+0000] {logging_mixin.py:154} INFO - [2025-03-11T15:50:54.824+0000] {dagbag.py:536} INFO - Filling up the DagBag from /home/airflow/.local/lib/python3.8/site-packages/airflow/example_dags/example_sensor_decorator.py
[2025-03-11T15:50:54.827+0000] {processor.py:839} INFO - DAG(s) dict_keys(['example_sensor_decorator']) retrieved from /home/airflow/.local/lib/python3.8/site-packages/airflow/example_dags/example_sensor_decorator.py
[2025-03-11T15:50:54.836+0000] {logging_mixin.py:154} INFO - [2025-03-11T15:50:54.835+0000] {dag.py:2941} INFO - Sync 1 DAGs
[2025-03-11T15:50:54.841+0000] {logging_mixin.py:154} INFO - [2025-03-11T15:50:54.841+0000] {dag.py:3722} INFO - Setting next_dagrun for example_sensor_decorator to None, run_after=None
[2025-03-11T15:50:54.850+0000] {processor.py:179} INFO - Processing /home/airflow/.local/lib/python3.8/site-packages/airflow/example_dags/example_sensor_decorator.py took 0.029 seconds
[2025-03-11T15:51:25.433+0000] {processor.py:157} INFO - Started process (PID=18977) to work on /home/airflow/.local/lib/python3.8/site-packages/airflow/example_dags/example_sensor_decorator.py
[2025-03-11T15:51:25.433+0000] {processor.py:829} INFO - Processing file /home/airflow/.local/lib/python3.8/site-packages/airflow/example_dags/example_sensor_decorator.py for tasks to queue
[2025-03-11T15:51:25.435+0000] {logging_mixin.py:154} INFO - [2025-03-11T15:51:25.435+0000] {dagbag.py:536} INFO - Filling up the DagBag from /home/airflow/.local/lib/python3.8/site-packages/airflow/example_dags/example_sensor_decorator.py
[2025-03-11T15:51:25.439+0000] {processor.py:839} INFO - DAG(s) dict_keys(['example_sensor_decorator']) retrieved from /home/airflow/.local/lib/python3.8/site-packages/airflow/example_dags/example_sensor_decorator.py
[2025-03-11T15:51:25.449+0000] {logging_mixin.py:154} INFO - [2025-03-11T15:51:25.449+0000] {dag.py:2941} INFO - Sync 1 DAGs
[2025-03-11T15:51:25.454+0000] {logging_mixin.py:154} INFO - [2025-03-11T15:51:25.454+0000] {dag.py:3722} INFO - Setting next_dagrun for example_sensor_decorator to None, run_after=None
[2025-03-11T15:51:25.463+0000] {processor.py:179} INFO - Processing /home/airflow/.local/lib/python3.8/site-packages/airflow/example_dags/example_sensor_decorator.py took 0.032 seconds
[2025-03-11T15:51:56.020+0000] {processor.py:157} INFO - Started process (PID=19034) to work on /home/airflow/.local/lib/python3.8/site-packages/airflow/example_dags/example_sensor_decorator.py
[2025-03-11T15:51:56.021+0000] {processor.py:829} INFO - Processing file /home/airflow/.local/lib/python3.8/site-packages/airflow/example_dags/example_sensor_decorator.py for tasks to queue
[2025-03-11T15:51:56.022+0000] {logging_mixin.py:154} INFO - [2025-03-11T15:51:56.022+0000] {dagbag.py:536} INFO - Filling up the DagBag from /home/airflow/.local/lib/python3.8/site-packages/airflow/example_dags/example_sensor_decorator.py
[2025-03-11T15:51:56.026+0000] {processor.py:839} INFO - DAG(s) dict_keys(['example_sensor_decorator']) retrieved from /home/airflow/.local/lib/python3.8/site-packages/airflow/example_dags/example_sensor_decorator.py
[2025-03-11T15:51:56.035+0000] {logging_mixin.py:154} INFO - [2025-03-11T15:51:56.035+0000] {dag.py:2941} INFO - Sync 1 DAGs
[2025-03-11T15:51:56.041+0000] {logging_mixin.py:154} INFO - [2025-03-11T15:51:56.041+0000] {dag.py:3722} INFO - Setting next_dagrun for example_sensor_decorator to None, run_after=None
[2025-03-11T15:51:56.053+0000] {processor.py:179} INFO - Processing /home/airflow/.local/lib/python3.8/site-packages/airflow/example_dags/example_sensor_decorator.py took 0.035 seconds
[2025-03-11T15:52:26.709+0000] {processor.py:157} INFO - Started process (PID=19090) to work on /home/airflow/.local/lib/python3.8/site-packages/airflow/example_dags/example_sensor_decorator.py
[2025-03-11T15:52:26.710+0000] {processor.py:829} INFO - Processing file /home/airflow/.local/lib/python3.8/site-packages/airflow/example_dags/example_sensor_decorator.py for tasks to queue
[2025-03-11T15:52:26.711+0000] {logging_mixin.py:154} INFO - [2025-03-11T15:52:26.711+0000] {dagbag.py:536} INFO - Filling up the DagBag from /home/airflow/.local/lib/python3.8/site-packages/airflow/example_dags/example_sensor_decorator.py
[2025-03-11T15:52:26.713+0000] {processor.py:839} INFO - DAG(s) dict_keys(['example_sensor_decorator']) retrieved from /home/airflow/.local/lib/python3.8/site-packages/airflow/example_dags/example_sensor_decorator.py
[2025-03-11T15:52:26.726+0000] {logging_mixin.py:154} INFO - [2025-03-11T15:52:26.726+0000] {dag.py:2941} INFO - Sync 1 DAGs
[2025-03-11T15:52:26.732+0000] {logging_mixin.py:154} INFO - [2025-03-11T15:52:26.732+0000] {dag.py:3722} INFO - Setting next_dagrun for example_sensor_decorator to None, run_after=None
[2025-03-11T15:52:26.741+0000] {processor.py:179} INFO - Processing /home/airflow/.local/lib/python3.8/site-packages/airflow/example_dags/example_sensor_decorator.py took 0.033 seconds
[2025-03-11T15:52:57.301+0000] {processor.py:157} INFO - Started process (PID=19146) to work on /home/airflow/.local/lib/python3.8/site-packages/airflow/example_dags/example_sensor_decorator.py
[2025-03-11T15:52:57.301+0000] {processor.py:829} INFO - Processing file /home/airflow/.local/lib/python3.8/site-packages/airflow/example_dags/example_sensor_decorator.py for tasks to queue
[2025-03-11T15:52:57.302+0000] {logging_mixin.py:154} INFO - [2025-03-11T15:52:57.302+0000] {dagbag.py:536} INFO - Filling up the DagBag from /home/airflow/.local/lib/python3.8/site-packages/airflow/example_dags/example_sensor_decorator.py
[2025-03-11T15:52:57.305+0000] {processor.py:839} INFO - DAG(s) dict_keys(['example_sensor_decorator']) retrieved from /home/airflow/.local/lib/python3.8/site-packages/airflow/example_dags/example_sensor_decorator.py
[2025-03-11T15:52:57.319+0000] {logging_mixin.py:154} INFO - [2025-03-11T15:52:57.319+0000] {dag.py:2941} INFO - Sync 1 DAGs
[2025-03-11T15:52:57.324+0000] {logging_mixin.py:154} INFO - [2025-03-11T15:52:57.324+0000] {dag.py:3722} INFO - Setting next_dagrun for example_sensor_decorator to None, run_after=None
[2025-03-11T15:52:57.333+0000] {processor.py:179} INFO - Processing /home/airflow/.local/lib/python3.8/site-packages/airflow/example_dags/example_sensor_decorator.py took 0.034 seconds
[2025-03-11T15:53:27.990+0000] {processor.py:157} INFO - Started process (PID=19202) to work on /home/airflow/.local/lib/python3.8/site-packages/airflow/example_dags/example_sensor_decorator.py
[2025-03-11T15:53:27.990+0000] {processor.py:829} INFO - Processing file /home/airflow/.local/lib/python3.8/site-packages/airflow/example_dags/example_sensor_decorator.py for tasks to queue
[2025-03-11T15:53:27.991+0000] {logging_mixin.py:154} INFO - [2025-03-11T15:53:27.991+0000] {dagbag.py:536} INFO - Filling up the DagBag from /home/airflow/.local/lib/python3.8/site-packages/airflow/example_dags/example_sensor_decorator.py
[2025-03-11T15:53:27.994+0000] {processor.py:839} INFO - DAG(s) dict_keys(['example_sensor_decorator']) retrieved from /home/airflow/.local/lib/python3.8/site-packages/airflow/example_dags/example_sensor_decorator.py
[2025-03-11T15:53:28.003+0000] {logging_mixin.py:154} INFO - [2025-03-11T15:53:28.003+0000] {dag.py:2941} INFO - Sync 1 DAGs
[2025-03-11T15:53:28.010+0000] {logging_mixin.py:154} INFO - [2025-03-11T15:53:28.009+0000] {dag.py:3722} INFO - Setting next_dagrun for example_sensor_decorator to None, run_after=None
[2025-03-11T15:53:28.019+0000] {processor.py:179} INFO - Processing /home/airflow/.local/lib/python3.8/site-packages/airflow/example_dags/example_sensor_decorator.py took 0.031 seconds
[2025-03-11T15:53:58.573+0000] {processor.py:157} INFO - Started process (PID=19258) to work on /home/airflow/.local/lib/python3.8/site-packages/airflow/example_dags/example_sensor_decorator.py
[2025-03-11T15:53:58.574+0000] {processor.py:829} INFO - Processing file /home/airflow/.local/lib/python3.8/site-packages/airflow/example_dags/example_sensor_decorator.py for tasks to queue
[2025-03-11T15:53:58.575+0000] {logging_mixin.py:154} INFO - [2025-03-11T15:53:58.574+0000] {dagbag.py:536} INFO - Filling up the DagBag from /home/airflow/.local/lib/python3.8/site-packages/airflow/example_dags/example_sensor_decorator.py
[2025-03-11T15:53:58.577+0000] {processor.py:839} INFO - DAG(s) dict_keys(['example_sensor_decorator']) retrieved from /home/airflow/.local/lib/python3.8/site-packages/airflow/example_dags/example_sensor_decorator.py
[2025-03-11T15:53:58.587+0000] {logging_mixin.py:154} INFO - [2025-03-11T15:53:58.587+0000] {dag.py:2941} INFO - Sync 1 DAGs
[2025-03-11T15:53:58.592+0000] {logging_mixin.py:154} INFO - [2025-03-11T15:53:58.592+0000] {dag.py:3722} INFO - Setting next_dagrun for example_sensor_decorator to None, run_after=None
[2025-03-11T15:53:58.604+0000] {processor.py:179} INFO - Processing /home/airflow/.local/lib/python3.8/site-packages/airflow/example_dags/example_sensor_decorator.py took 0.033 seconds
[2025-03-11T15:54:29.135+0000] {processor.py:157} INFO - Started process (PID=19314) to work on /home/airflow/.local/lib/python3.8/site-packages/airflow/example_dags/example_sensor_decorator.py
[2025-03-11T15:54:29.135+0000] {processor.py:829} INFO - Processing file /home/airflow/.local/lib/python3.8/site-packages/airflow/example_dags/example_sensor_decorator.py for tasks to queue
[2025-03-11T15:54:29.138+0000] {logging_mixin.py:154} INFO - [2025-03-11T15:54:29.137+0000] {dagbag.py:536} INFO - Filling up the DagBag from /home/airflow/.local/lib/python3.8/site-packages/airflow/example_dags/example_sensor_decorator.py
[2025-03-11T15:54:29.141+0000] {processor.py:839} INFO - DAG(s) dict_keys(['example_sensor_decorator']) retrieved from /home/airflow/.local/lib/python3.8/site-packages/airflow/example_dags/example_sensor_decorator.py
[2025-03-11T15:54:29.152+0000] {logging_mixin.py:154} INFO - [2025-03-11T15:54:29.152+0000] {dag.py:2941} INFO - Sync 1 DAGs
[2025-03-11T15:54:29.158+0000] {logging_mixin.py:154} INFO - [2025-03-11T15:54:29.158+0000] {dag.py:3722} INFO - Setting next_dagrun for example_sensor_decorator to None, run_after=None
[2025-03-11T15:54:29.168+0000] {processor.py:179} INFO - Processing /home/airflow/.local/lib/python3.8/site-packages/airflow/example_dags/example_sensor_decorator.py took 0.035 seconds
[2025-03-11T15:54:59.849+0000] {processor.py:157} INFO - Started process (PID=19370) to work on /home/airflow/.local/lib/python3.8/site-packages/airflow/example_dags/example_sensor_decorator.py
[2025-03-11T15:54:59.849+0000] {processor.py:829} INFO - Processing file /home/airflow/.local/lib/python3.8/site-packages/airflow/example_dags/example_sensor_decorator.py for tasks to queue
[2025-03-11T15:54:59.851+0000] {logging_mixin.py:154} INFO - [2025-03-11T15:54:59.850+0000] {dagbag.py:536} INFO - Filling up the DagBag from /home/airflow/.local/lib/python3.8/site-packages/airflow/example_dags/example_sensor_decorator.py
[2025-03-11T15:54:59.854+0000] {processor.py:839} INFO - DAG(s) dict_keys(['example_sensor_decorator']) retrieved from /home/airflow/.local/lib/python3.8/site-packages/airflow/example_dags/example_sensor_decorator.py
[2025-03-11T15:54:59.863+0000] {logging_mixin.py:154} INFO - [2025-03-11T15:54:59.863+0000] {dag.py:2941} INFO - Sync 1 DAGs
[2025-03-11T15:54:59.868+0000] {logging_mixin.py:154} INFO - [2025-03-11T15:54:59.868+0000] {dag.py:3722} INFO - Setting next_dagrun for example_sensor_decorator to None, run_after=None
[2025-03-11T15:54:59.876+0000] {processor.py:179} INFO - Processing /home/airflow/.local/lib/python3.8/site-packages/airflow/example_dags/example_sensor_decorator.py took 0.030 seconds
[2025-03-11T15:55:30.458+0000] {processor.py:157} INFO - Started process (PID=19426) to work on /home/airflow/.local/lib/python3.8/site-packages/airflow/example_dags/example_sensor_decorator.py
[2025-03-11T15:55:30.459+0000] {processor.py:829} INFO - Processing file /home/airflow/.local/lib/python3.8/site-packages/airflow/example_dags/example_sensor_decorator.py for tasks to queue
[2025-03-11T15:55:30.460+0000] {logging_mixin.py:154} INFO - [2025-03-11T15:55:30.459+0000] {dagbag.py:536} INFO - Filling up the DagBag from /home/airflow/.local/lib/python3.8/site-packages/airflow/example_dags/example_sensor_decorator.py
[2025-03-11T15:55:30.462+0000] {processor.py:839} INFO - DAG(s) dict_keys(['example_sensor_decorator']) retrieved from /home/airflow/.local/lib/python3.8/site-packages/airflow/example_dags/example_sensor_decorator.py
[2025-03-11T15:55:30.473+0000] {logging_mixin.py:154} INFO - [2025-03-11T15:55:30.473+0000] {dag.py:2941} INFO - Sync 1 DAGs
[2025-03-11T15:55:30.478+0000] {logging_mixin.py:154} INFO - [2025-03-11T15:55:30.478+0000] {dag.py:3722} INFO - Setting next_dagrun for example_sensor_decorator to None, run_after=None
[2025-03-11T15:55:30.487+0000] {processor.py:179} INFO - Processing /home/airflow/.local/lib/python3.8/site-packages/airflow/example_dags/example_sensor_decorator.py took 0.030 seconds
[2025-03-11T15:56:01.141+0000] {processor.py:157} INFO - Started process (PID=19482) to work on /home/airflow/.local/lib/python3.8/site-packages/airflow/example_dags/example_sensor_decorator.py
[2025-03-11T15:56:01.141+0000] {processor.py:829} INFO - Processing file /home/airflow/.local/lib/python3.8/site-packages/airflow/example_dags/example_sensor_decorator.py for tasks to queue
[2025-03-11T15:56:01.142+0000] {logging_mixin.py:154} INFO - [2025-03-11T15:56:01.142+0000] {dagbag.py:536} INFO - Filling up the DagBag from /home/airflow/.local/lib/python3.8/site-packages/airflow/example_dags/example_sensor_decorator.py
[2025-03-11T15:56:01.145+0000] {processor.py:839} INFO - DAG(s) dict_keys(['example_sensor_decorator']) retrieved from /home/airflow/.local/lib/python3.8/site-packages/airflow/example_dags/example_sensor_decorator.py
[2025-03-11T15:56:01.154+0000] {logging_mixin.py:154} INFO - [2025-03-11T15:56:01.153+0000] {dag.py:2941} INFO - Sync 1 DAGs
[2025-03-11T15:56:01.160+0000] {logging_mixin.py:154} INFO - [2025-03-11T15:56:01.160+0000] {dag.py:3722} INFO - Setting next_dagrun for example_sensor_decorator to None, run_after=None
[2025-03-11T15:56:01.168+0000] {processor.py:179} INFO - Processing /home/airflow/.local/lib/python3.8/site-packages/airflow/example_dags/example_sensor_decorator.py took 0.029 seconds
[2025-03-11T15:56:31.761+0000] {processor.py:157} INFO - Started process (PID=19538) to work on /home/airflow/.local/lib/python3.8/site-packages/airflow/example_dags/example_sensor_decorator.py
[2025-03-11T15:56:31.762+0000] {processor.py:829} INFO - Processing file /home/airflow/.local/lib/python3.8/site-packages/airflow/example_dags/example_sensor_decorator.py for tasks to queue
[2025-03-11T15:56:31.763+0000] {logging_mixin.py:154} INFO - [2025-03-11T15:56:31.763+0000] {dagbag.py:536} INFO - Filling up the DagBag from /home/airflow/.local/lib/python3.8/site-packages/airflow/example_dags/example_sensor_decorator.py
[2025-03-11T15:56:31.766+0000] {processor.py:839} INFO - DAG(s) dict_keys(['example_sensor_decorator']) retrieved from /home/airflow/.local/lib/python3.8/site-packages/airflow/example_dags/example_sensor_decorator.py
[2025-03-11T15:56:31.775+0000] {logging_mixin.py:154} INFO - [2025-03-11T15:56:31.775+0000] {dag.py:2941} INFO - Sync 1 DAGs
[2025-03-11T15:56:31.780+0000] {logging_mixin.py:154} INFO - [2025-03-11T15:56:31.780+0000] {dag.py:3722} INFO - Setting next_dagrun for example_sensor_decorator to None, run_after=None
[2025-03-11T15:56:31.788+0000] {processor.py:179} INFO - Processing /home/airflow/.local/lib/python3.8/site-packages/airflow/example_dags/example_sensor_decorator.py took 0.028 seconds
[2025-03-11T15:57:02.345+0000] {processor.py:157} INFO - Started process (PID=19594) to work on /home/airflow/.local/lib/python3.8/site-packages/airflow/example_dags/example_sensor_decorator.py
[2025-03-11T15:57:02.346+0000] {processor.py:829} INFO - Processing file /home/airflow/.local/lib/python3.8/site-packages/airflow/example_dags/example_sensor_decorator.py for tasks to queue
[2025-03-11T15:57:02.347+0000] {logging_mixin.py:154} INFO - [2025-03-11T15:57:02.346+0000] {dagbag.py:536} INFO - Filling up the DagBag from /home/airflow/.local/lib/python3.8/site-packages/airflow/example_dags/example_sensor_decorator.py
[2025-03-11T15:57:02.349+0000] {processor.py:839} INFO - DAG(s) dict_keys(['example_sensor_decorator']) retrieved from /home/airflow/.local/lib/python3.8/site-packages/airflow/example_dags/example_sensor_decorator.py
[2025-03-11T15:57:02.359+0000] {logging_mixin.py:154} INFO - [2025-03-11T15:57:02.358+0000] {dag.py:2941} INFO - Sync 1 DAGs
[2025-03-11T15:57:02.364+0000] {logging_mixin.py:154} INFO - [2025-03-11T15:57:02.364+0000] {dag.py:3722} INFO - Setting next_dagrun for example_sensor_decorator to None, run_after=None
[2025-03-11T15:57:02.374+0000] {processor.py:179} INFO - Processing /home/airflow/.local/lib/python3.8/site-packages/airflow/example_dags/example_sensor_decorator.py took 0.030 seconds
[2025-03-11T15:57:33.032+0000] {processor.py:157} INFO - Started process (PID=19650) to work on /home/airflow/.local/lib/python3.8/site-packages/airflow/example_dags/example_sensor_decorator.py
[2025-03-11T15:57:33.033+0000] {processor.py:829} INFO - Processing file /home/airflow/.local/lib/python3.8/site-packages/airflow/example_dags/example_sensor_decorator.py for tasks to queue
[2025-03-11T15:57:33.034+0000] {logging_mixin.py:154} INFO - [2025-03-11T15:57:33.034+0000] {dagbag.py:536} INFO - Filling up the DagBag from /home/airflow/.local/lib/python3.8/site-packages/airflow/example_dags/example_sensor_decorator.py
[2025-03-11T15:57:33.037+0000] {processor.py:839} INFO - DAG(s) dict_keys(['example_sensor_decorator']) retrieved from /home/airflow/.local/lib/python3.8/site-packages/airflow/example_dags/example_sensor_decorator.py
[2025-03-11T15:57:33.047+0000] {logging_mixin.py:154} INFO - [2025-03-11T15:57:33.046+0000] {dag.py:2941} INFO - Sync 1 DAGs
[2025-03-11T15:57:33.052+0000] {logging_mixin.py:154} INFO - [2025-03-11T15:57:33.052+0000] {dag.py:3722} INFO - Setting next_dagrun for example_sensor_decorator to None, run_after=None
[2025-03-11T15:57:33.058+0000] {processor.py:179} INFO - Processing /home/airflow/.local/lib/python3.8/site-packages/airflow/example_dags/example_sensor_decorator.py took 0.027 seconds
[2025-03-11T15:58:03.707+0000] {processor.py:157} INFO - Started process (PID=19706) to work on /home/airflow/.local/lib/python3.8/site-packages/airflow/example_dags/example_sensor_decorator.py
[2025-03-11T15:58:03.709+0000] {processor.py:829} INFO - Processing file /home/airflow/.local/lib/python3.8/site-packages/airflow/example_dags/example_sensor_decorator.py for tasks to queue
[2025-03-11T15:58:03.709+0000] {logging_mixin.py:154} INFO - [2025-03-11T15:58:03.709+0000] {dagbag.py:536} INFO - Filling up the DagBag from /home/airflow/.local/lib/python3.8/site-packages/airflow/example_dags/example_sensor_decorator.py
[2025-03-11T15:58:03.712+0000] {processor.py:839} INFO - DAG(s) dict_keys(['example_sensor_decorator']) retrieved from /home/airflow/.local/lib/python3.8/site-packages/airflow/example_dags/example_sensor_decorator.py
[2025-03-11T15:58:03.723+0000] {logging_mixin.py:154} INFO - [2025-03-11T15:58:03.723+0000] {dag.py:2941} INFO - Sync 1 DAGs
[2025-03-11T15:58:03.727+0000] {logging_mixin.py:154} INFO - [2025-03-11T15:58:03.727+0000] {dag.py:3722} INFO - Setting next_dagrun for example_sensor_decorator to None, run_after=None
[2025-03-11T15:58:03.736+0000] {processor.py:179} INFO - Processing /home/airflow/.local/lib/python3.8/site-packages/airflow/example_dags/example_sensor_decorator.py took 0.031 seconds
[2025-03-11T15:58:34.310+0000] {processor.py:157} INFO - Started process (PID=19762) to work on /home/airflow/.local/lib/python3.8/site-packages/airflow/example_dags/example_sensor_decorator.py
[2025-03-11T15:58:34.310+0000] {processor.py:829} INFO - Processing file /home/airflow/.local/lib/python3.8/site-packages/airflow/example_dags/example_sensor_decorator.py for tasks to queue
[2025-03-11T15:58:34.311+0000] {logging_mixin.py:154} INFO - [2025-03-11T15:58:34.311+0000] {dagbag.py:536} INFO - Filling up the DagBag from /home/airflow/.local/lib/python3.8/site-packages/airflow/example_dags/example_sensor_decorator.py
[2025-03-11T15:58:34.314+0000] {processor.py:839} INFO - DAG(s) dict_keys(['example_sensor_decorator']) retrieved from /home/airflow/.local/lib/python3.8/site-packages/airflow/example_dags/example_sensor_decorator.py
[2025-03-11T15:58:34.324+0000] {logging_mixin.py:154} INFO - [2025-03-11T15:58:34.324+0000] {dag.py:2941} INFO - Sync 1 DAGs
[2025-03-11T15:58:34.330+0000] {logging_mixin.py:154} INFO - [2025-03-11T15:58:34.330+0000] {dag.py:3722} INFO - Setting next_dagrun for example_sensor_decorator to None, run_after=None
[2025-03-11T15:58:34.339+0000] {processor.py:179} INFO - Processing /home/airflow/.local/lib/python3.8/site-packages/airflow/example_dags/example_sensor_decorator.py took 0.031 seconds
[2025-03-11T15:59:05.046+0000] {processor.py:157} INFO - Started process (PID=19818) to work on /home/airflow/.local/lib/python3.8/site-packages/airflow/example_dags/example_sensor_decorator.py
[2025-03-11T15:59:05.047+0000] {processor.py:829} INFO - Processing file /home/airflow/.local/lib/python3.8/site-packages/airflow/example_dags/example_sensor_decorator.py for tasks to queue
[2025-03-11T15:59:05.048+0000] {logging_mixin.py:154} INFO - [2025-03-11T15:59:05.048+0000] {dagbag.py:536} INFO - Filling up the DagBag from /home/airflow/.local/lib/python3.8/site-packages/airflow/example_dags/example_sensor_decorator.py
[2025-03-11T15:59:05.051+0000] {processor.py:839} INFO - DAG(s) dict_keys(['example_sensor_decorator']) retrieved from /home/airflow/.local/lib/python3.8/site-packages/airflow/example_dags/example_sensor_decorator.py
[2025-03-11T15:59:05.062+0000] {logging_mixin.py:154} INFO - [2025-03-11T15:59:05.062+0000] {dag.py:2941} INFO - Sync 1 DAGs
[2025-03-11T15:59:05.069+0000] {logging_mixin.py:154} INFO - [2025-03-11T15:59:05.069+0000] {dag.py:3722} INFO - Setting next_dagrun for example_sensor_decorator to None, run_after=None
[2025-03-11T15:59:05.077+0000] {processor.py:179} INFO - Processing /home/airflow/.local/lib/python3.8/site-packages/airflow/example_dags/example_sensor_decorator.py took 0.032 seconds
[2025-03-11T15:59:35.721+0000] {processor.py:157} INFO - Started process (PID=19874) to work on /home/airflow/.local/lib/python3.8/site-packages/airflow/example_dags/example_sensor_decorator.py
[2025-03-11T15:59:35.721+0000] {processor.py:829} INFO - Processing file /home/airflow/.local/lib/python3.8/site-packages/airflow/example_dags/example_sensor_decorator.py for tasks to queue
[2025-03-11T15:59:35.722+0000] {logging_mixin.py:154} INFO - [2025-03-11T15:59:35.722+0000] {dagbag.py:536} INFO - Filling up the DagBag from /home/airflow/.local/lib/python3.8/site-packages/airflow/example_dags/example_sensor_decorator.py
[2025-03-11T15:59:35.725+0000] {processor.py:839} INFO - DAG(s) dict_keys(['example_sensor_decorator']) retrieved from /home/airflow/.local/lib/python3.8/site-packages/airflow/example_dags/example_sensor_decorator.py
[2025-03-11T15:59:35.736+0000] {logging_mixin.py:154} INFO - [2025-03-11T15:59:35.736+0000] {dag.py:2941} INFO - Sync 1 DAGs
[2025-03-11T15:59:35.741+0000] {logging_mixin.py:154} INFO - [2025-03-11T15:59:35.740+0000] {dag.py:3722} INFO - Setting next_dagrun for example_sensor_decorator to None, run_after=None
[2025-03-11T15:59:35.754+0000] {processor.py:179} INFO - Processing /home/airflow/.local/lib/python3.8/site-packages/airflow/example_dags/example_sensor_decorator.py took 0.034 seconds
[2025-03-11T16:00:06.488+0000] {processor.py:157} INFO - Started process (PID=19930) to work on /home/airflow/.local/lib/python3.8/site-packages/airflow/example_dags/example_sensor_decorator.py
[2025-03-11T16:00:06.489+0000] {processor.py:829} INFO - Processing file /home/airflow/.local/lib/python3.8/site-packages/airflow/example_dags/example_sensor_decorator.py for tasks to queue
[2025-03-11T16:00:06.490+0000] {logging_mixin.py:154} INFO - [2025-03-11T16:00:06.490+0000] {dagbag.py:536} INFO - Filling up the DagBag from /home/airflow/.local/lib/python3.8/site-packages/airflow/example_dags/example_sensor_decorator.py
[2025-03-11T16:00:06.494+0000] {processor.py:839} INFO - DAG(s) dict_keys(['example_sensor_decorator']) retrieved from /home/airflow/.local/lib/python3.8/site-packages/airflow/example_dags/example_sensor_decorator.py
[2025-03-11T16:00:06.503+0000] {logging_mixin.py:154} INFO - [2025-03-11T16:00:06.503+0000] {dag.py:2941} INFO - Sync 1 DAGs
[2025-03-11T16:00:06.509+0000] {logging_mixin.py:154} INFO - [2025-03-11T16:00:06.509+0000] {dag.py:3722} INFO - Setting next_dagrun for example_sensor_decorator to None, run_after=None
[2025-03-11T16:00:06.516+0000] {processor.py:179} INFO - Processing /home/airflow/.local/lib/python3.8/site-packages/airflow/example_dags/example_sensor_decorator.py took 0.029 seconds
[2025-03-11T16:00:37.098+0000] {processor.py:157} INFO - Started process (PID=19986) to work on /home/airflow/.local/lib/python3.8/site-packages/airflow/example_dags/example_sensor_decorator.py
[2025-03-11T16:00:37.099+0000] {processor.py:829} INFO - Processing file /home/airflow/.local/lib/python3.8/site-packages/airflow/example_dags/example_sensor_decorator.py for tasks to queue
[2025-03-11T16:00:37.100+0000] {logging_mixin.py:154} INFO - [2025-03-11T16:00:37.100+0000] {dagbag.py:536} INFO - Filling up the DagBag from /home/airflow/.local/lib/python3.8/site-packages/airflow/example_dags/example_sensor_decorator.py
[2025-03-11T16:00:37.104+0000] {processor.py:839} INFO - DAG(s) dict_keys(['example_sensor_decorator']) retrieved from /home/airflow/.local/lib/python3.8/site-packages/airflow/example_dags/example_sensor_decorator.py
[2025-03-11T16:00:37.112+0000] {logging_mixin.py:154} INFO - [2025-03-11T16:00:37.112+0000] {dag.py:2941} INFO - Sync 1 DAGs
[2025-03-11T16:00:37.117+0000] {logging_mixin.py:154} INFO - [2025-03-11T16:00:37.117+0000] {dag.py:3722} INFO - Setting next_dagrun for example_sensor_decorator to None, run_after=None
[2025-03-11T16:00:37.126+0000] {processor.py:179} INFO - Processing /home/airflow/.local/lib/python3.8/site-packages/airflow/example_dags/example_sensor_decorator.py took 0.029 seconds
[2025-03-11T16:01:07.988+0000] {processor.py:157} INFO - Started process (PID=20042) to work on /home/airflow/.local/lib/python3.8/site-packages/airflow/example_dags/example_sensor_decorator.py
[2025-03-11T16:01:07.988+0000] {processor.py:829} INFO - Processing file /home/airflow/.local/lib/python3.8/site-packages/airflow/example_dags/example_sensor_decorator.py for tasks to queue
[2025-03-11T16:01:07.989+0000] {logging_mixin.py:154} INFO - [2025-03-11T16:01:07.989+0000] {dagbag.py:536} INFO - Filling up the DagBag from /home/airflow/.local/lib/python3.8/site-packages/airflow/example_dags/example_sensor_decorator.py
[2025-03-11T16:01:07.994+0000] {processor.py:839} INFO - DAG(s) dict_keys(['example_sensor_decorator']) retrieved from /home/airflow/.local/lib/python3.8/site-packages/airflow/example_dags/example_sensor_decorator.py
[2025-03-11T16:01:08.006+0000] {logging_mixin.py:154} INFO - [2025-03-11T16:01:08.006+0000] {dag.py:2941} INFO - Sync 1 DAGs
[2025-03-11T16:01:08.013+0000] {logging_mixin.py:154} INFO - [2025-03-11T16:01:08.013+0000] {dag.py:3722} INFO - Setting next_dagrun for example_sensor_decorator to None, run_after=None
[2025-03-11T16:01:08.024+0000] {processor.py:179} INFO - Processing /home/airflow/.local/lib/python3.8/site-packages/airflow/example_dags/example_sensor_decorator.py took 0.038 seconds
[2025-03-11T16:01:38.860+0000] {processor.py:157} INFO - Started process (PID=20098) to work on /home/airflow/.local/lib/python3.8/site-packages/airflow/example_dags/example_sensor_decorator.py
[2025-03-11T16:01:38.860+0000] {processor.py:829} INFO - Processing file /home/airflow/.local/lib/python3.8/site-packages/airflow/example_dags/example_sensor_decorator.py for tasks to queue
[2025-03-11T16:01:38.862+0000] {logging_mixin.py:154} INFO - [2025-03-11T16:01:38.861+0000] {dagbag.py:536} INFO - Filling up the DagBag from /home/airflow/.local/lib/python3.8/site-packages/airflow/example_dags/example_sensor_decorator.py
[2025-03-11T16:01:38.867+0000] {processor.py:839} INFO - DAG(s) dict_keys(['example_sensor_decorator']) retrieved from /home/airflow/.local/lib/python3.8/site-packages/airflow/example_dags/example_sensor_decorator.py
[2025-03-11T16:01:38.881+0000] {logging_mixin.py:154} INFO - [2025-03-11T16:01:38.880+0000] {dag.py:2941} INFO - Sync 1 DAGs
[2025-03-11T16:01:38.887+0000] {logging_mixin.py:154} INFO - [2025-03-11T16:01:38.887+0000] {dag.py:3722} INFO - Setting next_dagrun for example_sensor_decorator to None, run_after=None
[2025-03-11T16:01:38.898+0000] {processor.py:179} INFO - Processing /home/airflow/.local/lib/python3.8/site-packages/airflow/example_dags/example_sensor_decorator.py took 0.039 seconds
[2025-03-11T16:02:09.450+0000] {processor.py:157} INFO - Started process (PID=20154) to work on /home/airflow/.local/lib/python3.8/site-packages/airflow/example_dags/example_sensor_decorator.py
[2025-03-11T16:02:09.452+0000] {processor.py:829} INFO - Processing file /home/airflow/.local/lib/python3.8/site-packages/airflow/example_dags/example_sensor_decorator.py for tasks to queue
[2025-03-11T16:02:09.453+0000] {logging_mixin.py:154} INFO - [2025-03-11T16:02:09.453+0000] {dagbag.py:536} INFO - Filling up the DagBag from /home/airflow/.local/lib/python3.8/site-packages/airflow/example_dags/example_sensor_decorator.py
[2025-03-11T16:02:09.456+0000] {processor.py:839} INFO - DAG(s) dict_keys(['example_sensor_decorator']) retrieved from /home/airflow/.local/lib/python3.8/site-packages/airflow/example_dags/example_sensor_decorator.py
[2025-03-11T16:02:09.466+0000] {logging_mixin.py:154} INFO - [2025-03-11T16:02:09.466+0000] {dag.py:2941} INFO - Sync 1 DAGs
[2025-03-11T16:02:09.471+0000] {logging_mixin.py:154} INFO - [2025-03-11T16:02:09.471+0000] {dag.py:3722} INFO - Setting next_dagrun for example_sensor_decorator to None, run_after=None
[2025-03-11T16:02:09.479+0000] {processor.py:179} INFO - Processing /home/airflow/.local/lib/python3.8/site-packages/airflow/example_dags/example_sensor_decorator.py took 0.031 seconds
[2025-03-11T16:02:40.215+0000] {processor.py:157} INFO - Started process (PID=20210) to work on /home/airflow/.local/lib/python3.8/site-packages/airflow/example_dags/example_sensor_decorator.py
[2025-03-11T16:02:40.215+0000] {processor.py:829} INFO - Processing file /home/airflow/.local/lib/python3.8/site-packages/airflow/example_dags/example_sensor_decorator.py for tasks to queue
[2025-03-11T16:02:40.216+0000] {logging_mixin.py:154} INFO - [2025-03-11T16:02:40.216+0000] {dagbag.py:536} INFO - Filling up the DagBag from /home/airflow/.local/lib/python3.8/site-packages/airflow/example_dags/example_sensor_decorator.py
[2025-03-11T16:02:40.219+0000] {processor.py:839} INFO - DAG(s) dict_keys(['example_sensor_decorator']) retrieved from /home/airflow/.local/lib/python3.8/site-packages/airflow/example_dags/example_sensor_decorator.py
[2025-03-11T16:02:40.229+0000] {logging_mixin.py:154} INFO - [2025-03-11T16:02:40.229+0000] {dag.py:2941} INFO - Sync 1 DAGs
[2025-03-11T16:02:40.236+0000] {logging_mixin.py:154} INFO - [2025-03-11T16:02:40.236+0000] {dag.py:3722} INFO - Setting next_dagrun for example_sensor_decorator to None, run_after=None
[2025-03-11T16:02:40.246+0000] {processor.py:179} INFO - Processing /home/airflow/.local/lib/python3.8/site-packages/airflow/example_dags/example_sensor_decorator.py took 0.033 seconds
[2025-03-11T16:03:11.320+0000] {processor.py:157} INFO - Started process (PID=20272) to work on /home/airflow/.local/lib/python3.8/site-packages/airflow/example_dags/example_sensor_decorator.py
[2025-03-11T16:03:11.321+0000] {processor.py:829} INFO - Processing file /home/airflow/.local/lib/python3.8/site-packages/airflow/example_dags/example_sensor_decorator.py for tasks to queue
[2025-03-11T16:03:11.322+0000] {logging_mixin.py:154} INFO - [2025-03-11T16:03:11.322+0000] {dagbag.py:536} INFO - Filling up the DagBag from /home/airflow/.local/lib/python3.8/site-packages/airflow/example_dags/example_sensor_decorator.py
[2025-03-11T16:03:11.325+0000] {processor.py:839} INFO - DAG(s) dict_keys(['example_sensor_decorator']) retrieved from /home/airflow/.local/lib/python3.8/site-packages/airflow/example_dags/example_sensor_decorator.py
[2025-03-11T16:03:11.334+0000] {logging_mixin.py:154} INFO - [2025-03-11T16:03:11.334+0000] {dag.py:2941} INFO - Sync 1 DAGs
[2025-03-11T16:03:11.340+0000] {logging_mixin.py:154} INFO - [2025-03-11T16:03:11.340+0000] {dag.py:3722} INFO - Setting next_dagrun for example_sensor_decorator to None, run_after=None
[2025-03-11T16:03:11.353+0000] {processor.py:179} INFO - Processing /home/airflow/.local/lib/python3.8/site-packages/airflow/example_dags/example_sensor_decorator.py took 0.034 seconds
[2025-03-11T16:03:42.077+0000] {processor.py:157} INFO - Started process (PID=20328) to work on /home/airflow/.local/lib/python3.8/site-packages/airflow/example_dags/example_sensor_decorator.py
[2025-03-11T16:03:42.077+0000] {processor.py:829} INFO - Processing file /home/airflow/.local/lib/python3.8/site-packages/airflow/example_dags/example_sensor_decorator.py for tasks to queue
[2025-03-11T16:03:42.078+0000] {logging_mixin.py:154} INFO - [2025-03-11T16:03:42.078+0000] {dagbag.py:536} INFO - Filling up the DagBag from /home/airflow/.local/lib/python3.8/site-packages/airflow/example_dags/example_sensor_decorator.py
[2025-03-11T16:03:42.081+0000] {processor.py:839} INFO - DAG(s) dict_keys(['example_sensor_decorator']) retrieved from /home/airflow/.local/lib/python3.8/site-packages/airflow/example_dags/example_sensor_decorator.py
[2025-03-11T16:03:42.092+0000] {logging_mixin.py:154} INFO - [2025-03-11T16:03:42.092+0000] {dag.py:2941} INFO - Sync 1 DAGs
[2025-03-11T16:03:42.098+0000] {logging_mixin.py:154} INFO - [2025-03-11T16:03:42.098+0000] {dag.py:3722} INFO - Setting next_dagrun for example_sensor_decorator to None, run_after=None
[2025-03-11T16:03:42.105+0000] {processor.py:179} INFO - Processing /home/airflow/.local/lib/python3.8/site-packages/airflow/example_dags/example_sensor_decorator.py took 0.030 seconds
[2025-03-11T16:04:12.402+0000] {processor.py:157} INFO - Started process (PID=20384) to work on /home/airflow/.local/lib/python3.8/site-packages/airflow/example_dags/example_sensor_decorator.py
[2025-03-11T16:04:12.402+0000] {processor.py:829} INFO - Processing file /home/airflow/.local/lib/python3.8/site-packages/airflow/example_dags/example_sensor_decorator.py for tasks to queue
[2025-03-11T16:04:12.404+0000] {logging_mixin.py:154} INFO - [2025-03-11T16:04:12.403+0000] {dagbag.py:536} INFO - Filling up the DagBag from /home/airflow/.local/lib/python3.8/site-packages/airflow/example_dags/example_sensor_decorator.py
[2025-03-11T16:04:12.406+0000] {processor.py:839} INFO - DAG(s) dict_keys(['example_sensor_decorator']) retrieved from /home/airflow/.local/lib/python3.8/site-packages/airflow/example_dags/example_sensor_decorator.py
[2025-03-11T16:04:12.418+0000] {logging_mixin.py:154} INFO - [2025-03-11T16:04:12.418+0000] {dag.py:2941} INFO - Sync 1 DAGs
[2025-03-11T16:04:12.424+0000] {logging_mixin.py:154} INFO - [2025-03-11T16:04:12.423+0000] {dag.py:3722} INFO - Setting next_dagrun for example_sensor_decorator to None, run_after=None
[2025-03-11T16:04:12.437+0000] {processor.py:179} INFO - Processing /home/airflow/.local/lib/python3.8/site-packages/airflow/example_dags/example_sensor_decorator.py took 0.037 seconds
[2025-03-11T16:04:43.446+0000] {processor.py:157} INFO - Started process (PID=20439) to work on /home/airflow/.local/lib/python3.8/site-packages/airflow/example_dags/example_sensor_decorator.py
[2025-03-11T16:04:43.447+0000] {processor.py:829} INFO - Processing file /home/airflow/.local/lib/python3.8/site-packages/airflow/example_dags/example_sensor_decorator.py for tasks to queue
[2025-03-11T16:04:43.448+0000] {logging_mixin.py:154} INFO - [2025-03-11T16:04:43.448+0000] {dagbag.py:536} INFO - Filling up the DagBag from /home/airflow/.local/lib/python3.8/site-packages/airflow/example_dags/example_sensor_decorator.py
[2025-03-11T16:04:43.452+0000] {processor.py:839} INFO - DAG(s) dict_keys(['example_sensor_decorator']) retrieved from /home/airflow/.local/lib/python3.8/site-packages/airflow/example_dags/example_sensor_decorator.py
[2025-03-11T16:04:43.464+0000] {logging_mixin.py:154} INFO - [2025-03-11T16:04:43.464+0000] {dag.py:2941} INFO - Sync 1 DAGs
[2025-03-11T16:04:43.564+0000] {logging_mixin.py:154} INFO - [2025-03-11T16:04:43.564+0000] {dag.py:3722} INFO - Setting next_dagrun for example_sensor_decorator to None, run_after=None
[2025-03-11T16:04:43.575+0000] {processor.py:179} INFO - Processing /home/airflow/.local/lib/python3.8/site-packages/airflow/example_dags/example_sensor_decorator.py took 0.131 seconds
[2025-03-11T16:05:14.218+0000] {processor.py:157} INFO - Started process (PID=20495) to work on /home/airflow/.local/lib/python3.8/site-packages/airflow/example_dags/example_sensor_decorator.py
[2025-03-11T16:05:14.219+0000] {processor.py:829} INFO - Processing file /home/airflow/.local/lib/python3.8/site-packages/airflow/example_dags/example_sensor_decorator.py for tasks to queue
[2025-03-11T16:05:14.220+0000] {logging_mixin.py:154} INFO - [2025-03-11T16:05:14.220+0000] {dagbag.py:536} INFO - Filling up the DagBag from /home/airflow/.local/lib/python3.8/site-packages/airflow/example_dags/example_sensor_decorator.py
[2025-03-11T16:05:14.223+0000] {processor.py:839} INFO - DAG(s) dict_keys(['example_sensor_decorator']) retrieved from /home/airflow/.local/lib/python3.8/site-packages/airflow/example_dags/example_sensor_decorator.py
[2025-03-11T16:05:14.233+0000] {logging_mixin.py:154} INFO - [2025-03-11T16:05:14.233+0000] {dag.py:2941} INFO - Sync 1 DAGs
[2025-03-11T16:05:14.337+0000] {logging_mixin.py:154} INFO - [2025-03-11T16:05:14.337+0000] {dag.py:3722} INFO - Setting next_dagrun for example_sensor_decorator to None, run_after=None
[2025-03-11T16:05:14.347+0000] {processor.py:179} INFO - Processing /home/airflow/.local/lib/python3.8/site-packages/airflow/example_dags/example_sensor_decorator.py took 0.130 seconds
[2025-03-11T16:05:44.702+0000] {processor.py:157} INFO - Started process (PID=20551) to work on /home/airflow/.local/lib/python3.8/site-packages/airflow/example_dags/example_sensor_decorator.py
[2025-03-11T16:05:44.702+0000] {processor.py:829} INFO - Processing file /home/airflow/.local/lib/python3.8/site-packages/airflow/example_dags/example_sensor_decorator.py for tasks to queue
[2025-03-11T16:05:44.704+0000] {logging_mixin.py:154} INFO - [2025-03-11T16:05:44.704+0000] {dagbag.py:536} INFO - Filling up the DagBag from /home/airflow/.local/lib/python3.8/site-packages/airflow/example_dags/example_sensor_decorator.py
[2025-03-11T16:05:44.708+0000] {processor.py:839} INFO - DAG(s) dict_keys(['example_sensor_decorator']) retrieved from /home/airflow/.local/lib/python3.8/site-packages/airflow/example_dags/example_sensor_decorator.py
[2025-03-11T16:05:44.717+0000] {logging_mixin.py:154} INFO - [2025-03-11T16:05:44.717+0000] {dag.py:2941} INFO - Sync 1 DAGs
[2025-03-11T16:05:44.723+0000] {logging_mixin.py:154} INFO - [2025-03-11T16:05:44.723+0000] {dag.py:3722} INFO - Setting next_dagrun for example_sensor_decorator to None, run_after=None
[2025-03-11T16:05:44.735+0000] {processor.py:179} INFO - Processing /home/airflow/.local/lib/python3.8/site-packages/airflow/example_dags/example_sensor_decorator.py took 0.035 seconds
[2025-03-11T16:06:15.451+0000] {processor.py:157} INFO - Started process (PID=20606) to work on /home/airflow/.local/lib/python3.8/site-packages/airflow/example_dags/example_sensor_decorator.py
[2025-03-11T16:06:15.452+0000] {processor.py:829} INFO - Processing file /home/airflow/.local/lib/python3.8/site-packages/airflow/example_dags/example_sensor_decorator.py for tasks to queue
[2025-03-11T16:06:15.453+0000] {logging_mixin.py:154} INFO - [2025-03-11T16:06:15.453+0000] {dagbag.py:536} INFO - Filling up the DagBag from /home/airflow/.local/lib/python3.8/site-packages/airflow/example_dags/example_sensor_decorator.py
[2025-03-11T16:06:15.456+0000] {processor.py:839} INFO - DAG(s) dict_keys(['example_sensor_decorator']) retrieved from /home/airflow/.local/lib/python3.8/site-packages/airflow/example_dags/example_sensor_decorator.py
[2025-03-11T16:06:15.468+0000] {logging_mixin.py:154} INFO - [2025-03-11T16:06:15.468+0000] {dag.py:2941} INFO - Sync 1 DAGs
[2025-03-11T16:06:15.474+0000] {logging_mixin.py:154} INFO - [2025-03-11T16:06:15.474+0000] {dag.py:3722} INFO - Setting next_dagrun for example_sensor_decorator to None, run_after=None
[2025-03-11T16:06:15.483+0000] {processor.py:179} INFO - Processing /home/airflow/.local/lib/python3.8/site-packages/airflow/example_dags/example_sensor_decorator.py took 0.034 seconds
[2025-03-11T16:06:45.691+0000] {processor.py:157} INFO - Started process (PID=20662) to work on /home/airflow/.local/lib/python3.8/site-packages/airflow/example_dags/example_sensor_decorator.py
[2025-03-11T16:06:45.692+0000] {processor.py:829} INFO - Processing file /home/airflow/.local/lib/python3.8/site-packages/airflow/example_dags/example_sensor_decorator.py for tasks to queue
[2025-03-11T16:06:45.692+0000] {logging_mixin.py:154} INFO - [2025-03-11T16:06:45.692+0000] {dagbag.py:536} INFO - Filling up the DagBag from /home/airflow/.local/lib/python3.8/site-packages/airflow/example_dags/example_sensor_decorator.py
[2025-03-11T16:06:45.785+0000] {processor.py:839} INFO - DAG(s) dict_keys(['example_sensor_decorator']) retrieved from /home/airflow/.local/lib/python3.8/site-packages/airflow/example_dags/example_sensor_decorator.py
[2025-03-11T16:06:45.792+0000] {logging_mixin.py:154} INFO - [2025-03-11T16:06:45.792+0000] {dag.py:2941} INFO - Sync 1 DAGs
[2025-03-11T16:06:45.797+0000] {logging_mixin.py:154} INFO - [2025-03-11T16:06:45.797+0000] {dag.py:3722} INFO - Setting next_dagrun for example_sensor_decorator to None, run_after=None
[2025-03-11T16:06:45.804+0000] {processor.py:179} INFO - Processing /home/airflow/.local/lib/python3.8/site-packages/airflow/example_dags/example_sensor_decorator.py took 0.115 seconds
[2025-03-11T16:07:16.061+0000] {processor.py:157} INFO - Started process (PID=20718) to work on /home/airflow/.local/lib/python3.8/site-packages/airflow/example_dags/example_sensor_decorator.py
[2025-03-11T16:07:16.062+0000] {processor.py:829} INFO - Processing file /home/airflow/.local/lib/python3.8/site-packages/airflow/example_dags/example_sensor_decorator.py for tasks to queue
[2025-03-11T16:07:16.063+0000] {logging_mixin.py:154} INFO - [2025-03-11T16:07:16.063+0000] {dagbag.py:536} INFO - Filling up the DagBag from /home/airflow/.local/lib/python3.8/site-packages/airflow/example_dags/example_sensor_decorator.py
[2025-03-11T16:07:16.065+0000] {processor.py:839} INFO - DAG(s) dict_keys(['example_sensor_decorator']) retrieved from /home/airflow/.local/lib/python3.8/site-packages/airflow/example_dags/example_sensor_decorator.py
[2025-03-11T16:07:16.078+0000] {logging_mixin.py:154} INFO - [2025-03-11T16:07:16.077+0000] {dag.py:2941} INFO - Sync 1 DAGs
[2025-03-11T16:07:16.085+0000] {logging_mixin.py:154} INFO - [2025-03-11T16:07:16.085+0000] {dag.py:3722} INFO - Setting next_dagrun for example_sensor_decorator to None, run_after=None
[2025-03-11T16:07:16.098+0000] {processor.py:179} INFO - Processing /home/airflow/.local/lib/python3.8/site-packages/airflow/example_dags/example_sensor_decorator.py took 0.039 seconds
[2025-03-11T16:07:46.664+0000] {processor.py:157} INFO - Started process (PID=20774) to work on /home/airflow/.local/lib/python3.8/site-packages/airflow/example_dags/example_sensor_decorator.py
[2025-03-11T16:07:46.665+0000] {processor.py:829} INFO - Processing file /home/airflow/.local/lib/python3.8/site-packages/airflow/example_dags/example_sensor_decorator.py for tasks to queue
[2025-03-11T16:07:46.666+0000] {logging_mixin.py:154} INFO - [2025-03-11T16:07:46.666+0000] {dagbag.py:536} INFO - Filling up the DagBag from /home/airflow/.local/lib/python3.8/site-packages/airflow/example_dags/example_sensor_decorator.py
[2025-03-11T16:07:46.668+0000] {processor.py:839} INFO - DAG(s) dict_keys(['example_sensor_decorator']) retrieved from /home/airflow/.local/lib/python3.8/site-packages/airflow/example_dags/example_sensor_decorator.py
[2025-03-11T16:07:46.679+0000] {logging_mixin.py:154} INFO - [2025-03-11T16:07:46.679+0000] {dag.py:2941} INFO - Sync 1 DAGs
[2025-03-11T16:07:46.684+0000] {logging_mixin.py:154} INFO - [2025-03-11T16:07:46.684+0000] {dag.py:3722} INFO - Setting next_dagrun for example_sensor_decorator to None, run_after=None
[2025-03-11T16:07:46.699+0000] {processor.py:179} INFO - Processing /home/airflow/.local/lib/python3.8/site-packages/airflow/example_dags/example_sensor_decorator.py took 0.036 seconds
[2025-03-11T16:08:17.423+0000] {processor.py:157} INFO - Started process (PID=20830) to work on /home/airflow/.local/lib/python3.8/site-packages/airflow/example_dags/example_sensor_decorator.py
[2025-03-11T16:08:17.424+0000] {processor.py:829} INFO - Processing file /home/airflow/.local/lib/python3.8/site-packages/airflow/example_dags/example_sensor_decorator.py for tasks to queue
[2025-03-11T16:08:17.425+0000] {logging_mixin.py:154} INFO - [2025-03-11T16:08:17.425+0000] {dagbag.py:536} INFO - Filling up the DagBag from /home/airflow/.local/lib/python3.8/site-packages/airflow/example_dags/example_sensor_decorator.py
[2025-03-11T16:08:17.430+0000] {processor.py:839} INFO - DAG(s) dict_keys(['example_sensor_decorator']) retrieved from /home/airflow/.local/lib/python3.8/site-packages/airflow/example_dags/example_sensor_decorator.py
[2025-03-11T16:08:17.441+0000] {logging_mixin.py:154} INFO - [2025-03-11T16:08:17.441+0000] {dag.py:2941} INFO - Sync 1 DAGs
[2025-03-11T16:08:17.448+0000] {logging_mixin.py:154} INFO - [2025-03-11T16:08:17.448+0000] {dag.py:3722} INFO - Setting next_dagrun for example_sensor_decorator to None, run_after=None
[2025-03-11T16:08:17.459+0000] {processor.py:179} INFO - Processing /home/airflow/.local/lib/python3.8/site-packages/airflow/example_dags/example_sensor_decorator.py took 0.037 seconds
[2025-03-11T16:08:48.173+0000] {processor.py:157} INFO - Started process (PID=20888) to work on /home/airflow/.local/lib/python3.8/site-packages/airflow/example_dags/example_sensor_decorator.py
[2025-03-11T16:08:48.175+0000] {processor.py:829} INFO - Processing file /home/airflow/.local/lib/python3.8/site-packages/airflow/example_dags/example_sensor_decorator.py for tasks to queue
[2025-03-11T16:08:48.177+0000] {logging_mixin.py:154} INFO - [2025-03-11T16:08:48.177+0000] {dagbag.py:536} INFO - Filling up the DagBag from /home/airflow/.local/lib/python3.8/site-packages/airflow/example_dags/example_sensor_decorator.py
[2025-03-11T16:08:48.182+0000] {processor.py:839} INFO - DAG(s) dict_keys(['example_sensor_decorator']) retrieved from /home/airflow/.local/lib/python3.8/site-packages/airflow/example_dags/example_sensor_decorator.py
[2025-03-11T16:08:48.193+0000] {logging_mixin.py:154} INFO - [2025-03-11T16:08:48.193+0000] {dag.py:2941} INFO - Sync 1 DAGs
[2025-03-11T16:08:48.198+0000] {logging_mixin.py:154} INFO - [2025-03-11T16:08:48.198+0000] {dag.py:3722} INFO - Setting next_dagrun for example_sensor_decorator to None, run_after=None
[2025-03-11T16:08:48.206+0000] {processor.py:179} INFO - Processing /home/airflow/.local/lib/python3.8/site-packages/airflow/example_dags/example_sensor_decorator.py took 0.034 seconds
[2025-03-11T16:09:19.005+0000] {processor.py:157} INFO - Started process (PID=20945) to work on /home/airflow/.local/lib/python3.8/site-packages/airflow/example_dags/example_sensor_decorator.py
[2025-03-11T16:09:19.005+0000] {processor.py:829} INFO - Processing file /home/airflow/.local/lib/python3.8/site-packages/airflow/example_dags/example_sensor_decorator.py for tasks to queue
[2025-03-11T16:09:19.006+0000] {logging_mixin.py:154} INFO - [2025-03-11T16:09:19.006+0000] {dagbag.py:536} INFO - Filling up the DagBag from /home/airflow/.local/lib/python3.8/site-packages/airflow/example_dags/example_sensor_decorator.py
[2025-03-11T16:09:19.013+0000] {processor.py:839} INFO - DAG(s) dict_keys(['example_sensor_decorator']) retrieved from /home/airflow/.local/lib/python3.8/site-packages/airflow/example_dags/example_sensor_decorator.py
[2025-03-11T16:09:19.031+0000] {logging_mixin.py:154} INFO - [2025-03-11T16:09:19.030+0000] {dag.py:2941} INFO - Sync 1 DAGs
[2025-03-11T16:09:19.037+0000] {logging_mixin.py:154} INFO - [2025-03-11T16:09:19.037+0000] {dag.py:3722} INFO - Setting next_dagrun for example_sensor_decorator to None, run_after=None
[2025-03-11T16:09:19.048+0000] {processor.py:179} INFO - Processing /home/airflow/.local/lib/python3.8/site-packages/airflow/example_dags/example_sensor_decorator.py took 0.045 seconds
[2025-03-11T16:09:49.732+0000] {processor.py:157} INFO - Started process (PID=21001) to work on /home/airflow/.local/lib/python3.8/site-packages/airflow/example_dags/example_sensor_decorator.py
[2025-03-11T16:09:49.733+0000] {processor.py:829} INFO - Processing file /home/airflow/.local/lib/python3.8/site-packages/airflow/example_dags/example_sensor_decorator.py for tasks to queue
[2025-03-11T16:09:49.734+0000] {logging_mixin.py:154} INFO - [2025-03-11T16:09:49.734+0000] {dagbag.py:536} INFO - Filling up the DagBag from /home/airflow/.local/lib/python3.8/site-packages/airflow/example_dags/example_sensor_decorator.py
[2025-03-11T16:09:49.736+0000] {processor.py:839} INFO - DAG(s) dict_keys(['example_sensor_decorator']) retrieved from /home/airflow/.local/lib/python3.8/site-packages/airflow/example_dags/example_sensor_decorator.py
[2025-03-11T16:09:49.747+0000] {logging_mixin.py:154} INFO - [2025-03-11T16:09:49.746+0000] {dag.py:2941} INFO - Sync 1 DAGs
[2025-03-11T16:09:49.754+0000] {logging_mixin.py:154} INFO - [2025-03-11T16:09:49.753+0000] {dag.py:3722} INFO - Setting next_dagrun for example_sensor_decorator to None, run_after=None
[2025-03-11T16:09:49.765+0000] {processor.py:179} INFO - Processing /home/airflow/.local/lib/python3.8/site-packages/airflow/example_dags/example_sensor_decorator.py took 0.034 seconds
[2025-03-11T16:10:20.502+0000] {processor.py:157} INFO - Started process (PID=21058) to work on /home/airflow/.local/lib/python3.8/site-packages/airflow/example_dags/example_sensor_decorator.py
[2025-03-11T16:10:20.502+0000] {processor.py:829} INFO - Processing file /home/airflow/.local/lib/python3.8/site-packages/airflow/example_dags/example_sensor_decorator.py for tasks to queue
[2025-03-11T16:10:20.503+0000] {logging_mixin.py:154} INFO - [2025-03-11T16:10:20.503+0000] {dagbag.py:536} INFO - Filling up the DagBag from /home/airflow/.local/lib/python3.8/site-packages/airflow/example_dags/example_sensor_decorator.py
[2025-03-11T16:10:20.507+0000] {processor.py:839} INFO - DAG(s) dict_keys(['example_sensor_decorator']) retrieved from /home/airflow/.local/lib/python3.8/site-packages/airflow/example_dags/example_sensor_decorator.py
[2025-03-11T16:10:20.517+0000] {logging_mixin.py:154} INFO - [2025-03-11T16:10:20.517+0000] {dag.py:2941} INFO - Sync 1 DAGs
[2025-03-11T16:10:20.523+0000] {logging_mixin.py:154} INFO - [2025-03-11T16:10:20.523+0000] {dag.py:3722} INFO - Setting next_dagrun for example_sensor_decorator to None, run_after=None
[2025-03-11T16:10:20.537+0000] {processor.py:179} INFO - Processing /home/airflow/.local/lib/python3.8/site-packages/airflow/example_dags/example_sensor_decorator.py took 0.037 seconds
[2025-03-11T16:10:51.207+0000] {processor.py:157} INFO - Started process (PID=21119) to work on /home/airflow/.local/lib/python3.8/site-packages/airflow/example_dags/example_sensor_decorator.py
[2025-03-11T16:10:51.208+0000] {processor.py:829} INFO - Processing file /home/airflow/.local/lib/python3.8/site-packages/airflow/example_dags/example_sensor_decorator.py for tasks to queue
[2025-03-11T16:10:51.210+0000] {logging_mixin.py:154} INFO - [2025-03-11T16:10:51.210+0000] {dagbag.py:536} INFO - Filling up the DagBag from /home/airflow/.local/lib/python3.8/site-packages/airflow/example_dags/example_sensor_decorator.py
[2025-03-11T16:10:51.213+0000] {processor.py:839} INFO - DAG(s) dict_keys(['example_sensor_decorator']) retrieved from /home/airflow/.local/lib/python3.8/site-packages/airflow/example_dags/example_sensor_decorator.py
[2025-03-11T16:10:51.228+0000] {logging_mixin.py:154} INFO - [2025-03-11T16:10:51.228+0000] {dag.py:2941} INFO - Sync 1 DAGs
[2025-03-11T16:10:51.233+0000] {logging_mixin.py:154} INFO - [2025-03-11T16:10:51.233+0000] {dag.py:3722} INFO - Setting next_dagrun for example_sensor_decorator to None, run_after=None
[2025-03-11T16:10:51.244+0000] {processor.py:179} INFO - Processing /home/airflow/.local/lib/python3.8/site-packages/airflow/example_dags/example_sensor_decorator.py took 0.039 seconds
[2025-03-11T16:11:22.020+0000] {processor.py:157} INFO - Started process (PID=21179) to work on /home/airflow/.local/lib/python3.8/site-packages/airflow/example_dags/example_sensor_decorator.py
[2025-03-11T16:11:22.021+0000] {processor.py:829} INFO - Processing file /home/airflow/.local/lib/python3.8/site-packages/airflow/example_dags/example_sensor_decorator.py for tasks to queue
[2025-03-11T16:11:22.022+0000] {logging_mixin.py:154} INFO - [2025-03-11T16:11:22.021+0000] {dagbag.py:536} INFO - Filling up the DagBag from /home/airflow/.local/lib/python3.8/site-packages/airflow/example_dags/example_sensor_decorator.py
[2025-03-11T16:11:22.025+0000] {processor.py:839} INFO - DAG(s) dict_keys(['example_sensor_decorator']) retrieved from /home/airflow/.local/lib/python3.8/site-packages/airflow/example_dags/example_sensor_decorator.py
[2025-03-11T16:11:22.037+0000] {logging_mixin.py:154} INFO - [2025-03-11T16:11:22.036+0000] {dag.py:2941} INFO - Sync 1 DAGs
[2025-03-11T16:11:22.044+0000] {logging_mixin.py:154} INFO - [2025-03-11T16:11:22.044+0000] {dag.py:3722} INFO - Setting next_dagrun for example_sensor_decorator to None, run_after=None
[2025-03-11T16:11:22.055+0000] {processor.py:179} INFO - Processing /home/airflow/.local/lib/python3.8/site-packages/airflow/example_dags/example_sensor_decorator.py took 0.037 seconds
[2025-03-11T16:11:52.801+0000] {processor.py:157} INFO - Started process (PID=21242) to work on /home/airflow/.local/lib/python3.8/site-packages/airflow/example_dags/example_sensor_decorator.py
[2025-03-11T16:11:52.801+0000] {processor.py:829} INFO - Processing file /home/airflow/.local/lib/python3.8/site-packages/airflow/example_dags/example_sensor_decorator.py for tasks to queue
[2025-03-11T16:11:52.802+0000] {logging_mixin.py:154} INFO - [2025-03-11T16:11:52.802+0000] {dagbag.py:536} INFO - Filling up the DagBag from /home/airflow/.local/lib/python3.8/site-packages/airflow/example_dags/example_sensor_decorator.py
[2025-03-11T16:11:52.805+0000] {processor.py:839} INFO - DAG(s) dict_keys(['example_sensor_decorator']) retrieved from /home/airflow/.local/lib/python3.8/site-packages/airflow/example_dags/example_sensor_decorator.py
[2025-03-11T16:11:52.814+0000] {logging_mixin.py:154} INFO - [2025-03-11T16:11:52.814+0000] {dag.py:2941} INFO - Sync 1 DAGs
[2025-03-11T16:11:52.820+0000] {logging_mixin.py:154} INFO - [2025-03-11T16:11:52.820+0000] {dag.py:3722} INFO - Setting next_dagrun for example_sensor_decorator to None, run_after=None
[2025-03-11T16:11:52.832+0000] {processor.py:179} INFO - Processing /home/airflow/.local/lib/python3.8/site-packages/airflow/example_dags/example_sensor_decorator.py took 0.033 seconds
[2025-03-11T16:12:23.609+0000] {processor.py:157} INFO - Started process (PID=21305) to work on /home/airflow/.local/lib/python3.8/site-packages/airflow/example_dags/example_sensor_decorator.py
[2025-03-11T16:12:23.610+0000] {processor.py:829} INFO - Processing file /home/airflow/.local/lib/python3.8/site-packages/airflow/example_dags/example_sensor_decorator.py for tasks to queue
[2025-03-11T16:12:23.611+0000] {logging_mixin.py:154} INFO - [2025-03-11T16:12:23.611+0000] {dagbag.py:536} INFO - Filling up the DagBag from /home/airflow/.local/lib/python3.8/site-packages/airflow/example_dags/example_sensor_decorator.py
[2025-03-11T16:12:23.614+0000] {processor.py:839} INFO - DAG(s) dict_keys(['example_sensor_decorator']) retrieved from /home/airflow/.local/lib/python3.8/site-packages/airflow/example_dags/example_sensor_decorator.py
[2025-03-11T16:12:23.623+0000] {logging_mixin.py:154} INFO - [2025-03-11T16:12:23.623+0000] {dag.py:2941} INFO - Sync 1 DAGs
[2025-03-11T16:12:23.628+0000] {logging_mixin.py:154} INFO - [2025-03-11T16:12:23.627+0000] {dag.py:3722} INFO - Setting next_dagrun for example_sensor_decorator to None, run_after=None
[2025-03-11T16:12:23.638+0000] {processor.py:179} INFO - Processing /home/airflow/.local/lib/python3.8/site-packages/airflow/example_dags/example_sensor_decorator.py took 0.031 seconds
[2025-03-11T16:12:54.352+0000] {processor.py:157} INFO - Started process (PID=21369) to work on /home/airflow/.local/lib/python3.8/site-packages/airflow/example_dags/example_sensor_decorator.py
[2025-03-11T16:12:54.354+0000] {processor.py:829} INFO - Processing file /home/airflow/.local/lib/python3.8/site-packages/airflow/example_dags/example_sensor_decorator.py for tasks to queue
[2025-03-11T16:12:54.356+0000] {logging_mixin.py:154} INFO - [2025-03-11T16:12:54.355+0000] {dagbag.py:536} INFO - Filling up the DagBag from /home/airflow/.local/lib/python3.8/site-packages/airflow/example_dags/example_sensor_decorator.py
[2025-03-11T16:12:54.359+0000] {processor.py:839} INFO - DAG(s) dict_keys(['example_sensor_decorator']) retrieved from /home/airflow/.local/lib/python3.8/site-packages/airflow/example_dags/example_sensor_decorator.py
[2025-03-11T16:12:54.373+0000] {logging_mixin.py:154} INFO - [2025-03-11T16:12:54.372+0000] {dag.py:2941} INFO - Sync 1 DAGs
[2025-03-11T16:12:54.378+0000] {logging_mixin.py:154} INFO - [2025-03-11T16:12:54.378+0000] {dag.py:3722} INFO - Setting next_dagrun for example_sensor_decorator to None, run_after=None
[2025-03-11T16:12:54.402+0000] {processor.py:179} INFO - Processing /home/airflow/.local/lib/python3.8/site-packages/airflow/example_dags/example_sensor_decorator.py took 0.051 seconds
[2025-03-11T16:13:25.063+0000] {processor.py:157} INFO - Started process (PID=21424) to work on /home/airflow/.local/lib/python3.8/site-packages/airflow/example_dags/example_sensor_decorator.py
[2025-03-11T16:13:25.063+0000] {processor.py:829} INFO - Processing file /home/airflow/.local/lib/python3.8/site-packages/airflow/example_dags/example_sensor_decorator.py for tasks to queue
[2025-03-11T16:13:25.064+0000] {logging_mixin.py:154} INFO - [2025-03-11T16:13:25.064+0000] {dagbag.py:536} INFO - Filling up the DagBag from /home/airflow/.local/lib/python3.8/site-packages/airflow/example_dags/example_sensor_decorator.py
[2025-03-11T16:13:25.067+0000] {processor.py:839} INFO - DAG(s) dict_keys(['example_sensor_decorator']) retrieved from /home/airflow/.local/lib/python3.8/site-packages/airflow/example_dags/example_sensor_decorator.py
[2025-03-11T16:13:25.078+0000] {logging_mixin.py:154} INFO - [2025-03-11T16:13:25.077+0000] {dag.py:2941} INFO - Sync 1 DAGs
[2025-03-11T16:13:25.083+0000] {logging_mixin.py:154} INFO - [2025-03-11T16:13:25.083+0000] {dag.py:3722} INFO - Setting next_dagrun for example_sensor_decorator to None, run_after=None
[2025-03-11T16:13:25.090+0000] {processor.py:179} INFO - Processing /home/airflow/.local/lib/python3.8/site-packages/airflow/example_dags/example_sensor_decorator.py took 0.029 seconds
[2025-03-11T16:13:55.877+0000] {processor.py:157} INFO - Started process (PID=21485) to work on /home/airflow/.local/lib/python3.8/site-packages/airflow/example_dags/example_sensor_decorator.py
[2025-03-11T16:13:55.878+0000] {processor.py:829} INFO - Processing file /home/airflow/.local/lib/python3.8/site-packages/airflow/example_dags/example_sensor_decorator.py for tasks to queue
[2025-03-11T16:13:55.879+0000] {logging_mixin.py:154} INFO - [2025-03-11T16:13:55.879+0000] {dagbag.py:536} INFO - Filling up the DagBag from /home/airflow/.local/lib/python3.8/site-packages/airflow/example_dags/example_sensor_decorator.py
[2025-03-11T16:13:55.882+0000] {processor.py:839} INFO - DAG(s) dict_keys(['example_sensor_decorator']) retrieved from /home/airflow/.local/lib/python3.8/site-packages/airflow/example_dags/example_sensor_decorator.py
[2025-03-11T16:13:55.893+0000] {logging_mixin.py:154} INFO - [2025-03-11T16:13:55.893+0000] {dag.py:2941} INFO - Sync 1 DAGs
[2025-03-11T16:13:55.898+0000] {logging_mixin.py:154} INFO - [2025-03-11T16:13:55.898+0000] {dag.py:3722} INFO - Setting next_dagrun for example_sensor_decorator to None, run_after=None
[2025-03-11T16:13:55.909+0000] {processor.py:179} INFO - Processing /home/airflow/.local/lib/python3.8/site-packages/airflow/example_dags/example_sensor_decorator.py took 0.033 seconds
[2025-03-11T16:14:26.563+0000] {processor.py:157} INFO - Started process (PID=21546) to work on /home/airflow/.local/lib/python3.8/site-packages/airflow/example_dags/example_sensor_decorator.py
[2025-03-11T16:14:26.564+0000] {processor.py:829} INFO - Processing file /home/airflow/.local/lib/python3.8/site-packages/airflow/example_dags/example_sensor_decorator.py for tasks to queue
[2025-03-11T16:14:26.565+0000] {logging_mixin.py:154} INFO - [2025-03-11T16:14:26.565+0000] {dagbag.py:536} INFO - Filling up the DagBag from /home/airflow/.local/lib/python3.8/site-packages/airflow/example_dags/example_sensor_decorator.py
[2025-03-11T16:14:26.568+0000] {processor.py:839} INFO - DAG(s) dict_keys(['example_sensor_decorator']) retrieved from /home/airflow/.local/lib/python3.8/site-packages/airflow/example_dags/example_sensor_decorator.py
[2025-03-11T16:14:26.578+0000] {logging_mixin.py:154} INFO - [2025-03-11T16:14:26.578+0000] {dag.py:2941} INFO - Sync 1 DAGs
[2025-03-11T16:14:26.583+0000] {logging_mixin.py:154} INFO - [2025-03-11T16:14:26.583+0000] {dag.py:3722} INFO - Setting next_dagrun for example_sensor_decorator to None, run_after=None
[2025-03-11T16:14:26.594+0000] {processor.py:179} INFO - Processing /home/airflow/.local/lib/python3.8/site-packages/airflow/example_dags/example_sensor_decorator.py took 0.033 seconds
[2025-03-11T16:14:57.238+0000] {processor.py:157} INFO - Started process (PID=21602) to work on /home/airflow/.local/lib/python3.8/site-packages/airflow/example_dags/example_sensor_decorator.py
[2025-03-11T16:14:57.239+0000] {processor.py:829} INFO - Processing file /home/airflow/.local/lib/python3.8/site-packages/airflow/example_dags/example_sensor_decorator.py for tasks to queue
[2025-03-11T16:14:57.240+0000] {logging_mixin.py:154} INFO - [2025-03-11T16:14:57.240+0000] {dagbag.py:536} INFO - Filling up the DagBag from /home/airflow/.local/lib/python3.8/site-packages/airflow/example_dags/example_sensor_decorator.py
[2025-03-11T16:14:57.243+0000] {processor.py:839} INFO - DAG(s) dict_keys(['example_sensor_decorator']) retrieved from /home/airflow/.local/lib/python3.8/site-packages/airflow/example_dags/example_sensor_decorator.py
[2025-03-11T16:14:57.255+0000] {logging_mixin.py:154} INFO - [2025-03-11T16:14:57.254+0000] {dag.py:2941} INFO - Sync 1 DAGs
[2025-03-11T16:14:57.259+0000] {logging_mixin.py:154} INFO - [2025-03-11T16:14:57.259+0000] {dag.py:3722} INFO - Setting next_dagrun for example_sensor_decorator to None, run_after=None
[2025-03-11T16:14:57.271+0000] {processor.py:179} INFO - Processing /home/airflow/.local/lib/python3.8/site-packages/airflow/example_dags/example_sensor_decorator.py took 0.034 seconds
[2025-03-11T16:15:27.923+0000] {processor.py:157} INFO - Started process (PID=21658) to work on /home/airflow/.local/lib/python3.8/site-packages/airflow/example_dags/example_sensor_decorator.py
[2025-03-11T16:15:27.923+0000] {processor.py:829} INFO - Processing file /home/airflow/.local/lib/python3.8/site-packages/airflow/example_dags/example_sensor_decorator.py for tasks to queue
[2025-03-11T16:15:27.924+0000] {logging_mixin.py:154} INFO - [2025-03-11T16:15:27.924+0000] {dagbag.py:536} INFO - Filling up the DagBag from /home/airflow/.local/lib/python3.8/site-packages/airflow/example_dags/example_sensor_decorator.py
[2025-03-11T16:15:27.928+0000] {processor.py:839} INFO - DAG(s) dict_keys(['example_sensor_decorator']) retrieved from /home/airflow/.local/lib/python3.8/site-packages/airflow/example_dags/example_sensor_decorator.py
[2025-03-11T16:15:27.938+0000] {logging_mixin.py:154} INFO - [2025-03-11T16:15:27.938+0000] {dag.py:2941} INFO - Sync 1 DAGs
[2025-03-11T16:15:27.944+0000] {logging_mixin.py:154} INFO - [2025-03-11T16:15:27.944+0000] {dag.py:3722} INFO - Setting next_dagrun for example_sensor_decorator to None, run_after=None
[2025-03-11T16:15:27.955+0000] {processor.py:179} INFO - Processing /home/airflow/.local/lib/python3.8/site-packages/airflow/example_dags/example_sensor_decorator.py took 0.034 seconds
[2025-03-11T16:15:58.770+0000] {processor.py:157} INFO - Started process (PID=21720) to work on /home/airflow/.local/lib/python3.8/site-packages/airflow/example_dags/example_sensor_decorator.py
[2025-03-11T16:15:58.772+0000] {processor.py:829} INFO - Processing file /home/airflow/.local/lib/python3.8/site-packages/airflow/example_dags/example_sensor_decorator.py for tasks to queue
[2025-03-11T16:15:58.773+0000] {logging_mixin.py:154} INFO - [2025-03-11T16:15:58.773+0000] {dagbag.py:536} INFO - Filling up the DagBag from /home/airflow/.local/lib/python3.8/site-packages/airflow/example_dags/example_sensor_decorator.py
[2025-03-11T16:15:58.777+0000] {processor.py:839} INFO - DAG(s) dict_keys(['example_sensor_decorator']) retrieved from /home/airflow/.local/lib/python3.8/site-packages/airflow/example_dags/example_sensor_decorator.py
[2025-03-11T16:15:58.786+0000] {logging_mixin.py:154} INFO - [2025-03-11T16:15:58.786+0000] {dag.py:2941} INFO - Sync 1 DAGs
[2025-03-11T16:15:58.791+0000] {logging_mixin.py:154} INFO - [2025-03-11T16:15:58.791+0000] {dag.py:3722} INFO - Setting next_dagrun for example_sensor_decorator to None, run_after=None
[2025-03-11T16:15:58.798+0000] {processor.py:179} INFO - Processing /home/airflow/.local/lib/python3.8/site-packages/airflow/example_dags/example_sensor_decorator.py took 0.029 seconds
[2025-03-11T16:16:29.474+0000] {processor.py:157} INFO - Started process (PID=21776) to work on /home/airflow/.local/lib/python3.8/site-packages/airflow/example_dags/example_sensor_decorator.py
[2025-03-11T16:16:29.474+0000] {processor.py:829} INFO - Processing file /home/airflow/.local/lib/python3.8/site-packages/airflow/example_dags/example_sensor_decorator.py for tasks to queue
[2025-03-11T16:16:29.475+0000] {logging_mixin.py:154} INFO - [2025-03-11T16:16:29.475+0000] {dagbag.py:536} INFO - Filling up the DagBag from /home/airflow/.local/lib/python3.8/site-packages/airflow/example_dags/example_sensor_decorator.py
[2025-03-11T16:16:29.478+0000] {processor.py:839} INFO - DAG(s) dict_keys(['example_sensor_decorator']) retrieved from /home/airflow/.local/lib/python3.8/site-packages/airflow/example_dags/example_sensor_decorator.py
[2025-03-11T16:16:29.489+0000] {logging_mixin.py:154} INFO - [2025-03-11T16:16:29.489+0000] {dag.py:2941} INFO - Sync 1 DAGs
[2025-03-11T16:16:29.495+0000] {logging_mixin.py:154} INFO - [2025-03-11T16:16:29.495+0000] {dag.py:3722} INFO - Setting next_dagrun for example_sensor_decorator to None, run_after=None
[2025-03-11T16:16:29.508+0000] {processor.py:179} INFO - Processing /home/airflow/.local/lib/python3.8/site-packages/airflow/example_dags/example_sensor_decorator.py took 0.035 seconds
[2025-03-11T16:17:00.128+0000] {processor.py:157} INFO - Started process (PID=21832) to work on /home/airflow/.local/lib/python3.8/site-packages/airflow/example_dags/example_sensor_decorator.py
[2025-03-11T16:17:00.128+0000] {processor.py:829} INFO - Processing file /home/airflow/.local/lib/python3.8/site-packages/airflow/example_dags/example_sensor_decorator.py for tasks to queue
[2025-03-11T16:17:00.131+0000] {logging_mixin.py:154} INFO - [2025-03-11T16:17:00.131+0000] {dagbag.py:536} INFO - Filling up the DagBag from /home/airflow/.local/lib/python3.8/site-packages/airflow/example_dags/example_sensor_decorator.py
[2025-03-11T16:17:00.134+0000] {processor.py:839} INFO - DAG(s) dict_keys(['example_sensor_decorator']) retrieved from /home/airflow/.local/lib/python3.8/site-packages/airflow/example_dags/example_sensor_decorator.py
[2025-03-11T16:17:00.145+0000] {logging_mixin.py:154} INFO - [2025-03-11T16:17:00.145+0000] {dag.py:2941} INFO - Sync 1 DAGs
[2025-03-11T16:17:00.151+0000] {logging_mixin.py:154} INFO - [2025-03-11T16:17:00.151+0000] {dag.py:3722} INFO - Setting next_dagrun for example_sensor_decorator to None, run_after=None
[2025-03-11T16:17:00.162+0000] {processor.py:179} INFO - Processing /home/airflow/.local/lib/python3.8/site-packages/airflow/example_dags/example_sensor_decorator.py took 0.036 seconds
[2025-03-11T16:17:30.838+0000] {processor.py:157} INFO - Started process (PID=21888) to work on /home/airflow/.local/lib/python3.8/site-packages/airflow/example_dags/example_sensor_decorator.py
[2025-03-11T16:17:30.839+0000] {processor.py:829} INFO - Processing file /home/airflow/.local/lib/python3.8/site-packages/airflow/example_dags/example_sensor_decorator.py for tasks to queue
[2025-03-11T16:17:30.840+0000] {logging_mixin.py:154} INFO - [2025-03-11T16:17:30.840+0000] {dagbag.py:536} INFO - Filling up the DagBag from /home/airflow/.local/lib/python3.8/site-packages/airflow/example_dags/example_sensor_decorator.py
[2025-03-11T16:17:30.845+0000] {processor.py:839} INFO - DAG(s) dict_keys(['example_sensor_decorator']) retrieved from /home/airflow/.local/lib/python3.8/site-packages/airflow/example_dags/example_sensor_decorator.py
[2025-03-11T16:17:30.856+0000] {logging_mixin.py:154} INFO - [2025-03-11T16:17:30.856+0000] {dag.py:2941} INFO - Sync 1 DAGs
[2025-03-11T16:17:30.865+0000] {logging_mixin.py:154} INFO - [2025-03-11T16:17:30.865+0000] {dag.py:3722} INFO - Setting next_dagrun for example_sensor_decorator to None, run_after=None
[2025-03-11T16:17:30.872+0000] {processor.py:179} INFO - Processing /home/airflow/.local/lib/python3.8/site-packages/airflow/example_dags/example_sensor_decorator.py took 0.036 seconds
[2025-03-11T16:18:01.553+0000] {processor.py:157} INFO - Started process (PID=21944) to work on /home/airflow/.local/lib/python3.8/site-packages/airflow/example_dags/example_sensor_decorator.py
[2025-03-11T16:18:01.554+0000] {processor.py:829} INFO - Processing file /home/airflow/.local/lib/python3.8/site-packages/airflow/example_dags/example_sensor_decorator.py for tasks to queue
[2025-03-11T16:18:01.555+0000] {logging_mixin.py:154} INFO - [2025-03-11T16:18:01.554+0000] {dagbag.py:536} INFO - Filling up the DagBag from /home/airflow/.local/lib/python3.8/site-packages/airflow/example_dags/example_sensor_decorator.py
[2025-03-11T16:18:01.557+0000] {processor.py:839} INFO - DAG(s) dict_keys(['example_sensor_decorator']) retrieved from /home/airflow/.local/lib/python3.8/site-packages/airflow/example_dags/example_sensor_decorator.py
[2025-03-11T16:18:01.568+0000] {logging_mixin.py:154} INFO - [2025-03-11T16:18:01.568+0000] {dag.py:2941} INFO - Sync 1 DAGs
[2025-03-11T16:18:01.575+0000] {logging_mixin.py:154} INFO - [2025-03-11T16:18:01.575+0000] {dag.py:3722} INFO - Setting next_dagrun for example_sensor_decorator to None, run_after=None
[2025-03-11T16:18:01.584+0000] {processor.py:179} INFO - Processing /home/airflow/.local/lib/python3.8/site-packages/airflow/example_dags/example_sensor_decorator.py took 0.033 seconds
[2025-03-11T16:18:32.213+0000] {processor.py:157} INFO - Started process (PID=22000) to work on /home/airflow/.local/lib/python3.8/site-packages/airflow/example_dags/example_sensor_decorator.py
[2025-03-11T16:18:32.214+0000] {processor.py:829} INFO - Processing file /home/airflow/.local/lib/python3.8/site-packages/airflow/example_dags/example_sensor_decorator.py for tasks to queue
[2025-03-11T16:18:32.215+0000] {logging_mixin.py:154} INFO - [2025-03-11T16:18:32.214+0000] {dagbag.py:536} INFO - Filling up the DagBag from /home/airflow/.local/lib/python3.8/site-packages/airflow/example_dags/example_sensor_decorator.py
[2025-03-11T16:18:32.217+0000] {processor.py:839} INFO - DAG(s) dict_keys(['example_sensor_decorator']) retrieved from /home/airflow/.local/lib/python3.8/site-packages/airflow/example_dags/example_sensor_decorator.py
[2025-03-11T16:18:32.229+0000] {logging_mixin.py:154} INFO - [2025-03-11T16:18:32.229+0000] {dag.py:2941} INFO - Sync 1 DAGs
[2025-03-11T16:18:32.236+0000] {logging_mixin.py:154} INFO - [2025-03-11T16:18:32.236+0000] {dag.py:3722} INFO - Setting next_dagrun for example_sensor_decorator to None, run_after=None
[2025-03-11T16:18:32.247+0000] {processor.py:179} INFO - Processing /home/airflow/.local/lib/python3.8/site-packages/airflow/example_dags/example_sensor_decorator.py took 0.035 seconds
[2025-03-11T16:19:02.943+0000] {processor.py:157} INFO - Started process (PID=22056) to work on /home/airflow/.local/lib/python3.8/site-packages/airflow/example_dags/example_sensor_decorator.py
[2025-03-11T16:19:02.943+0000] {processor.py:829} INFO - Processing file /home/airflow/.local/lib/python3.8/site-packages/airflow/example_dags/example_sensor_decorator.py for tasks to queue
[2025-03-11T16:19:02.945+0000] {logging_mixin.py:154} INFO - [2025-03-11T16:19:02.944+0000] {dagbag.py:536} INFO - Filling up the DagBag from /home/airflow/.local/lib/python3.8/site-packages/airflow/example_dags/example_sensor_decorator.py
[2025-03-11T16:19:02.947+0000] {processor.py:839} INFO - DAG(s) dict_keys(['example_sensor_decorator']) retrieved from /home/airflow/.local/lib/python3.8/site-packages/airflow/example_dags/example_sensor_decorator.py
[2025-03-11T16:19:02.959+0000] {logging_mixin.py:154} INFO - [2025-03-11T16:19:02.959+0000] {dag.py:2941} INFO - Sync 1 DAGs
[2025-03-11T16:19:02.964+0000] {logging_mixin.py:154} INFO - [2025-03-11T16:19:02.964+0000] {dag.py:3722} INFO - Setting next_dagrun for example_sensor_decorator to None, run_after=None
[2025-03-11T16:19:02.973+0000] {processor.py:179} INFO - Processing /home/airflow/.local/lib/python3.8/site-packages/airflow/example_dags/example_sensor_decorator.py took 0.032 seconds
[2025-03-11T16:19:33.656+0000] {processor.py:157} INFO - Started process (PID=22112) to work on /home/airflow/.local/lib/python3.8/site-packages/airflow/example_dags/example_sensor_decorator.py
[2025-03-11T16:19:33.656+0000] {processor.py:829} INFO - Processing file /home/airflow/.local/lib/python3.8/site-packages/airflow/example_dags/example_sensor_decorator.py for tasks to queue
[2025-03-11T16:19:33.657+0000] {logging_mixin.py:154} INFO - [2025-03-11T16:19:33.657+0000] {dagbag.py:536} INFO - Filling up the DagBag from /home/airflow/.local/lib/python3.8/site-packages/airflow/example_dags/example_sensor_decorator.py
[2025-03-11T16:19:33.660+0000] {processor.py:839} INFO - DAG(s) dict_keys(['example_sensor_decorator']) retrieved from /home/airflow/.local/lib/python3.8/site-packages/airflow/example_dags/example_sensor_decorator.py
[2025-03-11T16:19:33.671+0000] {logging_mixin.py:154} INFO - [2025-03-11T16:19:33.671+0000] {dag.py:2941} INFO - Sync 1 DAGs
[2025-03-11T16:19:33.679+0000] {logging_mixin.py:154} INFO - [2025-03-11T16:19:33.678+0000] {dag.py:3722} INFO - Setting next_dagrun for example_sensor_decorator to None, run_after=None
[2025-03-11T16:19:33.688+0000] {processor.py:179} INFO - Processing /home/airflow/.local/lib/python3.8/site-packages/airflow/example_dags/example_sensor_decorator.py took 0.034 seconds
[2025-03-11T16:20:04.418+0000] {processor.py:157} INFO - Started process (PID=22168) to work on /home/airflow/.local/lib/python3.8/site-packages/airflow/example_dags/example_sensor_decorator.py
[2025-03-11T16:20:04.418+0000] {processor.py:829} INFO - Processing file /home/airflow/.local/lib/python3.8/site-packages/airflow/example_dags/example_sensor_decorator.py for tasks to queue
[2025-03-11T16:20:04.421+0000] {logging_mixin.py:154} INFO - [2025-03-11T16:20:04.420+0000] {dagbag.py:536} INFO - Filling up the DagBag from /home/airflow/.local/lib/python3.8/site-packages/airflow/example_dags/example_sensor_decorator.py
[2025-03-11T16:20:04.423+0000] {processor.py:839} INFO - DAG(s) dict_keys(['example_sensor_decorator']) retrieved from /home/airflow/.local/lib/python3.8/site-packages/airflow/example_dags/example_sensor_decorator.py
[2025-03-11T16:20:04.434+0000] {logging_mixin.py:154} INFO - [2025-03-11T16:20:04.434+0000] {dag.py:2941} INFO - Sync 1 DAGs
[2025-03-11T16:20:04.439+0000] {logging_mixin.py:154} INFO - [2025-03-11T16:20:04.439+0000] {dag.py:3722} INFO - Setting next_dagrun for example_sensor_decorator to None, run_after=None
[2025-03-11T16:20:04.450+0000] {processor.py:179} INFO - Processing /home/airflow/.local/lib/python3.8/site-packages/airflow/example_dags/example_sensor_decorator.py took 0.034 seconds
[2025-03-11T16:20:35.044+0000] {processor.py:157} INFO - Started process (PID=22224) to work on /home/airflow/.local/lib/python3.8/site-packages/airflow/example_dags/example_sensor_decorator.py
[2025-03-11T16:20:35.044+0000] {processor.py:829} INFO - Processing file /home/airflow/.local/lib/python3.8/site-packages/airflow/example_dags/example_sensor_decorator.py for tasks to queue
[2025-03-11T16:20:35.046+0000] {logging_mixin.py:154} INFO - [2025-03-11T16:20:35.046+0000] {dagbag.py:536} INFO - Filling up the DagBag from /home/airflow/.local/lib/python3.8/site-packages/airflow/example_dags/example_sensor_decorator.py
[2025-03-11T16:20:35.049+0000] {processor.py:839} INFO - DAG(s) dict_keys(['example_sensor_decorator']) retrieved from /home/airflow/.local/lib/python3.8/site-packages/airflow/example_dags/example_sensor_decorator.py
[2025-03-11T16:20:35.064+0000] {logging_mixin.py:154} INFO - [2025-03-11T16:20:35.064+0000] {dag.py:2941} INFO - Sync 1 DAGs
[2025-03-11T16:20:35.069+0000] {logging_mixin.py:154} INFO - [2025-03-11T16:20:35.069+0000] {dag.py:3722} INFO - Setting next_dagrun for example_sensor_decorator to None, run_after=None
[2025-03-11T16:20:35.079+0000] {processor.py:179} INFO - Processing /home/airflow/.local/lib/python3.8/site-packages/airflow/example_dags/example_sensor_decorator.py took 0.037 seconds
[2025-03-11T16:21:05.888+0000] {processor.py:157} INFO - Started process (PID=22284) to work on /home/airflow/.local/lib/python3.8/site-packages/airflow/example_dags/example_sensor_decorator.py
[2025-03-11T16:21:05.889+0000] {processor.py:829} INFO - Processing file /home/airflow/.local/lib/python3.8/site-packages/airflow/example_dags/example_sensor_decorator.py for tasks to queue
[2025-03-11T16:21:05.890+0000] {logging_mixin.py:154} INFO - [2025-03-11T16:21:05.890+0000] {dagbag.py:536} INFO - Filling up the DagBag from /home/airflow/.local/lib/python3.8/site-packages/airflow/example_dags/example_sensor_decorator.py
[2025-03-11T16:21:05.893+0000] {processor.py:839} INFO - DAG(s) dict_keys(['example_sensor_decorator']) retrieved from /home/airflow/.local/lib/python3.8/site-packages/airflow/example_dags/example_sensor_decorator.py
[2025-03-11T16:21:05.903+0000] {logging_mixin.py:154} INFO - [2025-03-11T16:21:05.903+0000] {dag.py:2941} INFO - Sync 1 DAGs
[2025-03-11T16:21:05.908+0000] {logging_mixin.py:154} INFO - [2025-03-11T16:21:05.908+0000] {dag.py:3722} INFO - Setting next_dagrun for example_sensor_decorator to None, run_after=None
[2025-03-11T16:21:05.917+0000] {processor.py:179} INFO - Processing /home/airflow/.local/lib/python3.8/site-packages/airflow/example_dags/example_sensor_decorator.py took 0.031 seconds
[2025-03-11T16:21:36.683+0000] {processor.py:157} INFO - Started process (PID=22346) to work on /home/airflow/.local/lib/python3.8/site-packages/airflow/example_dags/example_sensor_decorator.py
[2025-03-11T16:21:36.684+0000] {processor.py:829} INFO - Processing file /home/airflow/.local/lib/python3.8/site-packages/airflow/example_dags/example_sensor_decorator.py for tasks to queue
[2025-03-11T16:21:36.685+0000] {logging_mixin.py:154} INFO - [2025-03-11T16:21:36.684+0000] {dagbag.py:536} INFO - Filling up the DagBag from /home/airflow/.local/lib/python3.8/site-packages/airflow/example_dags/example_sensor_decorator.py
[2025-03-11T16:21:36.688+0000] {processor.py:839} INFO - DAG(s) dict_keys(['example_sensor_decorator']) retrieved from /home/airflow/.local/lib/python3.8/site-packages/airflow/example_dags/example_sensor_decorator.py
[2025-03-11T16:21:36.697+0000] {logging_mixin.py:154} INFO - [2025-03-11T16:21:36.696+0000] {dag.py:2941} INFO - Sync 1 DAGs
[2025-03-11T16:21:36.702+0000] {logging_mixin.py:154} INFO - [2025-03-11T16:21:36.702+0000] {dag.py:3722} INFO - Setting next_dagrun for example_sensor_decorator to None, run_after=None
[2025-03-11T16:21:36.711+0000] {processor.py:179} INFO - Processing /home/airflow/.local/lib/python3.8/site-packages/airflow/example_dags/example_sensor_decorator.py took 0.030 seconds
[2025-03-11T16:22:07.390+0000] {processor.py:157} INFO - Started process (PID=22404) to work on /home/airflow/.local/lib/python3.8/site-packages/airflow/example_dags/example_sensor_decorator.py
[2025-03-11T16:22:07.391+0000] {processor.py:829} INFO - Processing file /home/airflow/.local/lib/python3.8/site-packages/airflow/example_dags/example_sensor_decorator.py for tasks to queue
[2025-03-11T16:22:07.393+0000] {logging_mixin.py:154} INFO - [2025-03-11T16:22:07.393+0000] {dagbag.py:536} INFO - Filling up the DagBag from /home/airflow/.local/lib/python3.8/site-packages/airflow/example_dags/example_sensor_decorator.py
[2025-03-11T16:22:07.396+0000] {processor.py:839} INFO - DAG(s) dict_keys(['example_sensor_decorator']) retrieved from /home/airflow/.local/lib/python3.8/site-packages/airflow/example_dags/example_sensor_decorator.py
[2025-03-11T16:22:07.405+0000] {logging_mixin.py:154} INFO - [2025-03-11T16:22:07.405+0000] {dag.py:2941} INFO - Sync 1 DAGs
[2025-03-11T16:22:07.410+0000] {logging_mixin.py:154} INFO - [2025-03-11T16:22:07.410+0000] {dag.py:3722} INFO - Setting next_dagrun for example_sensor_decorator to None, run_after=None
[2025-03-11T16:22:07.418+0000] {processor.py:179} INFO - Processing /home/airflow/.local/lib/python3.8/site-packages/airflow/example_dags/example_sensor_decorator.py took 0.029 seconds
[2025-03-11T16:22:38.098+0000] {processor.py:157} INFO - Started process (PID=22460) to work on /home/airflow/.local/lib/python3.8/site-packages/airflow/example_dags/example_sensor_decorator.py
[2025-03-11T16:22:38.098+0000] {processor.py:829} INFO - Processing file /home/airflow/.local/lib/python3.8/site-packages/airflow/example_dags/example_sensor_decorator.py for tasks to queue
[2025-03-11T16:22:38.099+0000] {logging_mixin.py:154} INFO - [2025-03-11T16:22:38.099+0000] {dagbag.py:536} INFO - Filling up the DagBag from /home/airflow/.local/lib/python3.8/site-packages/airflow/example_dags/example_sensor_decorator.py
[2025-03-11T16:22:38.102+0000] {processor.py:839} INFO - DAG(s) dict_keys(['example_sensor_decorator']) retrieved from /home/airflow/.local/lib/python3.8/site-packages/airflow/example_dags/example_sensor_decorator.py
[2025-03-11T16:22:38.112+0000] {logging_mixin.py:154} INFO - [2025-03-11T16:22:38.112+0000] {dag.py:2941} INFO - Sync 1 DAGs
[2025-03-11T16:22:38.120+0000] {logging_mixin.py:154} INFO - [2025-03-11T16:22:38.120+0000] {dag.py:3722} INFO - Setting next_dagrun for example_sensor_decorator to None, run_after=None
[2025-03-11T16:22:38.131+0000] {processor.py:179} INFO - Processing /home/airflow/.local/lib/python3.8/site-packages/airflow/example_dags/example_sensor_decorator.py took 0.035 seconds
[2025-03-11T16:23:13.545+0000] {processor.py:157} INFO - Started process (PID=62) to work on /home/airflow/.local/lib/python3.8/site-packages/airflow/example_dags/example_sensor_decorator.py
[2025-03-11T16:23:13.546+0000] {processor.py:829} INFO - Processing file /home/airflow/.local/lib/python3.8/site-packages/airflow/example_dags/example_sensor_decorator.py for tasks to queue
[2025-03-11T16:23:13.548+0000] {logging_mixin.py:154} INFO - [2025-03-11T16:23:13.548+0000] {dagbag.py:536} INFO - Filling up the DagBag from /home/airflow/.local/lib/python3.8/site-packages/airflow/example_dags/example_sensor_decorator.py
[2025-03-11T16:23:13.555+0000] {processor.py:839} INFO - DAG(s) dict_keys(['example_sensor_decorator']) retrieved from /home/airflow/.local/lib/python3.8/site-packages/airflow/example_dags/example_sensor_decorator.py
[2025-03-11T16:23:13.565+0000] {logging_mixin.py:154} INFO - [2025-03-11T16:23:13.565+0000] {dag.py:2941} INFO - Sync 1 DAGs
[2025-03-11T16:23:13.573+0000] {logging_mixin.py:154} INFO - [2025-03-11T16:23:13.573+0000] {dag.py:3722} INFO - Setting next_dagrun for example_sensor_decorator to None, run_after=None
[2025-03-11T16:23:13.587+0000] {processor.py:179} INFO - Processing /home/airflow/.local/lib/python3.8/site-packages/airflow/example_dags/example_sensor_decorator.py took 0.043 seconds
[2025-03-11T16:23:44.434+0000] {processor.py:157} INFO - Started process (PID=118) to work on /home/airflow/.local/lib/python3.8/site-packages/airflow/example_dags/example_sensor_decorator.py
[2025-03-11T16:23:44.435+0000] {processor.py:829} INFO - Processing file /home/airflow/.local/lib/python3.8/site-packages/airflow/example_dags/example_sensor_decorator.py for tasks to queue
[2025-03-11T16:23:44.436+0000] {logging_mixin.py:154} INFO - [2025-03-11T16:23:44.436+0000] {dagbag.py:536} INFO - Filling up the DagBag from /home/airflow/.local/lib/python3.8/site-packages/airflow/example_dags/example_sensor_decorator.py
[2025-03-11T16:23:44.440+0000] {processor.py:839} INFO - DAG(s) dict_keys(['example_sensor_decorator']) retrieved from /home/airflow/.local/lib/python3.8/site-packages/airflow/example_dags/example_sensor_decorator.py
[2025-03-11T16:23:44.451+0000] {logging_mixin.py:154} INFO - [2025-03-11T16:23:44.451+0000] {dag.py:2941} INFO - Sync 1 DAGs
[2025-03-11T16:23:44.456+0000] {logging_mixin.py:154} INFO - [2025-03-11T16:23:44.456+0000] {dag.py:3722} INFO - Setting next_dagrun for example_sensor_decorator to None, run_after=None
[2025-03-11T16:23:44.464+0000] {processor.py:179} INFO - Processing /home/airflow/.local/lib/python3.8/site-packages/airflow/example_dags/example_sensor_decorator.py took 0.031 seconds
[2025-03-11T16:24:15.650+0000] {processor.py:157} INFO - Started process (PID=174) to work on /home/airflow/.local/lib/python3.8/site-packages/airflow/example_dags/example_sensor_decorator.py
[2025-03-11T16:24:15.650+0000] {processor.py:829} INFO - Processing file /home/airflow/.local/lib/python3.8/site-packages/airflow/example_dags/example_sensor_decorator.py for tasks to queue
[2025-03-11T16:24:15.651+0000] {logging_mixin.py:154} INFO - [2025-03-11T16:24:15.651+0000] {dagbag.py:536} INFO - Filling up the DagBag from /home/airflow/.local/lib/python3.8/site-packages/airflow/example_dags/example_sensor_decorator.py
[2025-03-11T16:24:15.656+0000] {processor.py:839} INFO - DAG(s) dict_keys(['example_sensor_decorator']) retrieved from /home/airflow/.local/lib/python3.8/site-packages/airflow/example_dags/example_sensor_decorator.py
[2025-03-11T16:24:15.667+0000] {logging_mixin.py:154} INFO - [2025-03-11T16:24:15.667+0000] {dag.py:2941} INFO - Sync 1 DAGs
[2025-03-11T16:24:15.761+0000] {logging_mixin.py:154} INFO - [2025-03-11T16:24:15.761+0000] {dag.py:3722} INFO - Setting next_dagrun for example_sensor_decorator to None, run_after=None
[2025-03-11T16:24:15.772+0000] {processor.py:179} INFO - Processing /home/airflow/.local/lib/python3.8/site-packages/airflow/example_dags/example_sensor_decorator.py took 0.124 seconds
[2025-03-11T16:24:46.557+0000] {processor.py:157} INFO - Started process (PID=230) to work on /home/airflow/.local/lib/python3.8/site-packages/airflow/example_dags/example_sensor_decorator.py
[2025-03-11T16:24:46.558+0000] {processor.py:829} INFO - Processing file /home/airflow/.local/lib/python3.8/site-packages/airflow/example_dags/example_sensor_decorator.py for tasks to queue
[2025-03-11T16:24:46.559+0000] {logging_mixin.py:154} INFO - [2025-03-11T16:24:46.559+0000] {dagbag.py:536} INFO - Filling up the DagBag from /home/airflow/.local/lib/python3.8/site-packages/airflow/example_dags/example_sensor_decorator.py
[2025-03-11T16:24:46.561+0000] {processor.py:839} INFO - DAG(s) dict_keys(['example_sensor_decorator']) retrieved from /home/airflow/.local/lib/python3.8/site-packages/airflow/example_dags/example_sensor_decorator.py
[2025-03-11T16:24:46.573+0000] {logging_mixin.py:154} INFO - [2025-03-11T16:24:46.573+0000] {dag.py:2941} INFO - Sync 1 DAGs
[2025-03-11T16:24:46.579+0000] {logging_mixin.py:154} INFO - [2025-03-11T16:24:46.579+0000] {dag.py:3722} INFO - Setting next_dagrun for example_sensor_decorator to None, run_after=None
[2025-03-11T16:24:46.587+0000] {processor.py:179} INFO - Processing /home/airflow/.local/lib/python3.8/site-packages/airflow/example_dags/example_sensor_decorator.py took 0.032 seconds
[2025-03-11T16:25:17.137+0000] {processor.py:157} INFO - Started process (PID=286) to work on /home/airflow/.local/lib/python3.8/site-packages/airflow/example_dags/example_sensor_decorator.py
[2025-03-11T16:25:17.138+0000] {processor.py:829} INFO - Processing file /home/airflow/.local/lib/python3.8/site-packages/airflow/example_dags/example_sensor_decorator.py for tasks to queue
[2025-03-11T16:25:17.139+0000] {logging_mixin.py:154} INFO - [2025-03-11T16:25:17.138+0000] {dagbag.py:536} INFO - Filling up the DagBag from /home/airflow/.local/lib/python3.8/site-packages/airflow/example_dags/example_sensor_decorator.py
[2025-03-11T16:25:17.141+0000] {processor.py:839} INFO - DAG(s) dict_keys(['example_sensor_decorator']) retrieved from /home/airflow/.local/lib/python3.8/site-packages/airflow/example_dags/example_sensor_decorator.py
[2025-03-11T16:25:17.151+0000] {logging_mixin.py:154} INFO - [2025-03-11T16:25:17.151+0000] {dag.py:2941} INFO - Sync 1 DAGs
[2025-03-11T16:25:17.156+0000] {logging_mixin.py:154} INFO - [2025-03-11T16:25:17.156+0000] {dag.py:3722} INFO - Setting next_dagrun for example_sensor_decorator to None, run_after=None
[2025-03-11T16:25:17.163+0000] {processor.py:179} INFO - Processing /home/airflow/.local/lib/python3.8/site-packages/airflow/example_dags/example_sensor_decorator.py took 0.027 seconds
[2025-03-11T16:25:47.800+0000] {processor.py:157} INFO - Started process (PID=342) to work on /home/airflow/.local/lib/python3.8/site-packages/airflow/example_dags/example_sensor_decorator.py
[2025-03-11T16:25:47.800+0000] {processor.py:829} INFO - Processing file /home/airflow/.local/lib/python3.8/site-packages/airflow/example_dags/example_sensor_decorator.py for tasks to queue
[2025-03-11T16:25:47.803+0000] {logging_mixin.py:154} INFO - [2025-03-11T16:25:47.802+0000] {dagbag.py:536} INFO - Filling up the DagBag from /home/airflow/.local/lib/python3.8/site-packages/airflow/example_dags/example_sensor_decorator.py
[2025-03-11T16:25:47.806+0000] {processor.py:839} INFO - DAG(s) dict_keys(['example_sensor_decorator']) retrieved from /home/airflow/.local/lib/python3.8/site-packages/airflow/example_dags/example_sensor_decorator.py
[2025-03-11T16:25:47.905+0000] {logging_mixin.py:154} INFO - [2025-03-11T16:25:47.904+0000] {dag.py:2941} INFO - Sync 1 DAGs
[2025-03-11T16:25:47.910+0000] {logging_mixin.py:154} INFO - [2025-03-11T16:25:47.910+0000] {dag.py:3722} INFO - Setting next_dagrun for example_sensor_decorator to None, run_after=None
[2025-03-11T16:25:47.918+0000] {processor.py:179} INFO - Processing /home/airflow/.local/lib/python3.8/site-packages/airflow/example_dags/example_sensor_decorator.py took 0.119 seconds
[2025-03-11T16:26:18.107+0000] {processor.py:157} INFO - Started process (PID=398) to work on /home/airflow/.local/lib/python3.8/site-packages/airflow/example_dags/example_sensor_decorator.py
[2025-03-11T16:26:18.108+0000] {processor.py:829} INFO - Processing file /home/airflow/.local/lib/python3.8/site-packages/airflow/example_dags/example_sensor_decorator.py for tasks to queue
[2025-03-11T16:26:18.109+0000] {logging_mixin.py:154} INFO - [2025-03-11T16:26:18.109+0000] {dagbag.py:536} INFO - Filling up the DagBag from /home/airflow/.local/lib/python3.8/site-packages/airflow/example_dags/example_sensor_decorator.py
[2025-03-11T16:26:18.111+0000] {processor.py:839} INFO - DAG(s) dict_keys(['example_sensor_decorator']) retrieved from /home/airflow/.local/lib/python3.8/site-packages/airflow/example_dags/example_sensor_decorator.py
[2025-03-11T16:26:18.122+0000] {logging_mixin.py:154} INFO - [2025-03-11T16:26:18.121+0000] {dag.py:2941} INFO - Sync 1 DAGs
[2025-03-11T16:26:18.223+0000] {logging_mixin.py:154} INFO - [2025-03-11T16:26:18.223+0000] {dag.py:3722} INFO - Setting next_dagrun for example_sensor_decorator to None, run_after=None
[2025-03-11T16:26:18.230+0000] {processor.py:179} INFO - Processing /home/airflow/.local/lib/python3.8/site-packages/airflow/example_dags/example_sensor_decorator.py took 0.125 seconds
[2025-03-11T16:26:48.756+0000] {processor.py:157} INFO - Started process (PID=454) to work on /home/airflow/.local/lib/python3.8/site-packages/airflow/example_dags/example_sensor_decorator.py
[2025-03-11T16:26:48.756+0000] {processor.py:829} INFO - Processing file /home/airflow/.local/lib/python3.8/site-packages/airflow/example_dags/example_sensor_decorator.py for tasks to queue
[2025-03-11T16:26:48.757+0000] {logging_mixin.py:154} INFO - [2025-03-11T16:26:48.757+0000] {dagbag.py:536} INFO - Filling up the DagBag from /home/airflow/.local/lib/python3.8/site-packages/airflow/example_dags/example_sensor_decorator.py
[2025-03-11T16:26:48.760+0000] {processor.py:839} INFO - DAG(s) dict_keys(['example_sensor_decorator']) retrieved from /home/airflow/.local/lib/python3.8/site-packages/airflow/example_dags/example_sensor_decorator.py
[2025-03-11T16:26:48.771+0000] {logging_mixin.py:154} INFO - [2025-03-11T16:26:48.771+0000] {dag.py:2941} INFO - Sync 1 DAGs
[2025-03-11T16:26:48.776+0000] {logging_mixin.py:154} INFO - [2025-03-11T16:26:48.776+0000] {dag.py:3722} INFO - Setting next_dagrun for example_sensor_decorator to None, run_after=None
[2025-03-11T16:26:48.784+0000] {processor.py:179} INFO - Processing /home/airflow/.local/lib/python3.8/site-packages/airflow/example_dags/example_sensor_decorator.py took 0.030 seconds
[2025-03-11T16:27:19.366+0000] {processor.py:157} INFO - Started process (PID=510) to work on /home/airflow/.local/lib/python3.8/site-packages/airflow/example_dags/example_sensor_decorator.py
[2025-03-11T16:27:19.367+0000] {processor.py:829} INFO - Processing file /home/airflow/.local/lib/python3.8/site-packages/airflow/example_dags/example_sensor_decorator.py for tasks to queue
[2025-03-11T16:27:19.368+0000] {logging_mixin.py:154} INFO - [2025-03-11T16:27:19.368+0000] {dagbag.py:536} INFO - Filling up the DagBag from /home/airflow/.local/lib/python3.8/site-packages/airflow/example_dags/example_sensor_decorator.py
[2025-03-11T16:27:19.371+0000] {processor.py:839} INFO - DAG(s) dict_keys(['example_sensor_decorator']) retrieved from /home/airflow/.local/lib/python3.8/site-packages/airflow/example_dags/example_sensor_decorator.py
[2025-03-11T16:27:19.383+0000] {logging_mixin.py:154} INFO - [2025-03-11T16:27:19.383+0000] {dag.py:2941} INFO - Sync 1 DAGs
[2025-03-11T16:27:19.389+0000] {logging_mixin.py:154} INFO - [2025-03-11T16:27:19.389+0000] {dag.py:3722} INFO - Setting next_dagrun for example_sensor_decorator to None, run_after=None
[2025-03-11T16:27:19.398+0000] {processor.py:179} INFO - Processing /home/airflow/.local/lib/python3.8/site-packages/airflow/example_dags/example_sensor_decorator.py took 0.034 seconds
[2025-03-11T16:27:49.949+0000] {processor.py:157} INFO - Started process (PID=566) to work on /home/airflow/.local/lib/python3.8/site-packages/airflow/example_dags/example_sensor_decorator.py
[2025-03-11T16:27:49.950+0000] {processor.py:829} INFO - Processing file /home/airflow/.local/lib/python3.8/site-packages/airflow/example_dags/example_sensor_decorator.py for tasks to queue
[2025-03-11T16:27:49.951+0000] {logging_mixin.py:154} INFO - [2025-03-11T16:27:49.951+0000] {dagbag.py:536} INFO - Filling up the DagBag from /home/airflow/.local/lib/python3.8/site-packages/airflow/example_dags/example_sensor_decorator.py
[2025-03-11T16:27:49.954+0000] {processor.py:839} INFO - DAG(s) dict_keys(['example_sensor_decorator']) retrieved from /home/airflow/.local/lib/python3.8/site-packages/airflow/example_dags/example_sensor_decorator.py
[2025-03-11T16:27:49.966+0000] {logging_mixin.py:154} INFO - [2025-03-11T16:27:49.966+0000] {dag.py:2941} INFO - Sync 1 DAGs
[2025-03-11T16:27:49.972+0000] {logging_mixin.py:154} INFO - [2025-03-11T16:27:49.972+0000] {dag.py:3722} INFO - Setting next_dagrun for example_sensor_decorator to None, run_after=None
[2025-03-11T16:27:49.981+0000] {processor.py:179} INFO - Processing /home/airflow/.local/lib/python3.8/site-packages/airflow/example_dags/example_sensor_decorator.py took 0.033 seconds
[2025-03-11T16:28:20.464+0000] {processor.py:157} INFO - Started process (PID=622) to work on /home/airflow/.local/lib/python3.8/site-packages/airflow/example_dags/example_sensor_decorator.py
[2025-03-11T16:28:20.464+0000] {processor.py:829} INFO - Processing file /home/airflow/.local/lib/python3.8/site-packages/airflow/example_dags/example_sensor_decorator.py for tasks to queue
[2025-03-11T16:28:20.466+0000] {logging_mixin.py:154} INFO - [2025-03-11T16:28:20.466+0000] {dagbag.py:536} INFO - Filling up the DagBag from /home/airflow/.local/lib/python3.8/site-packages/airflow/example_dags/example_sensor_decorator.py
[2025-03-11T16:28:20.469+0000] {processor.py:839} INFO - DAG(s) dict_keys(['example_sensor_decorator']) retrieved from /home/airflow/.local/lib/python3.8/site-packages/airflow/example_dags/example_sensor_decorator.py
[2025-03-11T16:28:20.479+0000] {logging_mixin.py:154} INFO - [2025-03-11T16:28:20.478+0000] {dag.py:2941} INFO - Sync 1 DAGs
[2025-03-11T16:28:20.483+0000] {logging_mixin.py:154} INFO - [2025-03-11T16:28:20.483+0000] {dag.py:3722} INFO - Setting next_dagrun for example_sensor_decorator to None, run_after=None
[2025-03-11T16:28:20.493+0000] {processor.py:179} INFO - Processing /home/airflow/.local/lib/python3.8/site-packages/airflow/example_dags/example_sensor_decorator.py took 0.031 seconds
[2025-03-11T16:28:51.066+0000] {processor.py:157} INFO - Started process (PID=678) to work on /home/airflow/.local/lib/python3.8/site-packages/airflow/example_dags/example_sensor_decorator.py
[2025-03-11T16:28:51.067+0000] {processor.py:829} INFO - Processing file /home/airflow/.local/lib/python3.8/site-packages/airflow/example_dags/example_sensor_decorator.py for tasks to queue
[2025-03-11T16:28:51.068+0000] {logging_mixin.py:154} INFO - [2025-03-11T16:28:51.068+0000] {dagbag.py:536} INFO - Filling up the DagBag from /home/airflow/.local/lib/python3.8/site-packages/airflow/example_dags/example_sensor_decorator.py
[2025-03-11T16:28:51.071+0000] {processor.py:839} INFO - DAG(s) dict_keys(['example_sensor_decorator']) retrieved from /home/airflow/.local/lib/python3.8/site-packages/airflow/example_dags/example_sensor_decorator.py
[2025-03-11T16:28:51.081+0000] {logging_mixin.py:154} INFO - [2025-03-11T16:28:51.081+0000] {dag.py:2941} INFO - Sync 1 DAGs
[2025-03-11T16:28:51.087+0000] {logging_mixin.py:154} INFO - [2025-03-11T16:28:51.087+0000] {dag.py:3722} INFO - Setting next_dagrun for example_sensor_decorator to None, run_after=None
[2025-03-11T16:28:51.095+0000] {processor.py:179} INFO - Processing /home/airflow/.local/lib/python3.8/site-packages/airflow/example_dags/example_sensor_decorator.py took 0.030 seconds
[2025-03-11T16:29:21.643+0000] {processor.py:157} INFO - Started process (PID=734) to work on /home/airflow/.local/lib/python3.8/site-packages/airflow/example_dags/example_sensor_decorator.py
[2025-03-11T16:29:21.643+0000] {processor.py:829} INFO - Processing file /home/airflow/.local/lib/python3.8/site-packages/airflow/example_dags/example_sensor_decorator.py for tasks to queue
[2025-03-11T16:29:21.644+0000] {logging_mixin.py:154} INFO - [2025-03-11T16:29:21.644+0000] {dagbag.py:536} INFO - Filling up the DagBag from /home/airflow/.local/lib/python3.8/site-packages/airflow/example_dags/example_sensor_decorator.py
[2025-03-11T16:29:21.648+0000] {processor.py:839} INFO - DAG(s) dict_keys(['example_sensor_decorator']) retrieved from /home/airflow/.local/lib/python3.8/site-packages/airflow/example_dags/example_sensor_decorator.py
[2025-03-11T16:29:21.658+0000] {logging_mixin.py:154} INFO - [2025-03-11T16:29:21.658+0000] {dag.py:2941} INFO - Sync 1 DAGs
[2025-03-11T16:29:21.665+0000] {logging_mixin.py:154} INFO - [2025-03-11T16:29:21.665+0000] {dag.py:3722} INFO - Setting next_dagrun for example_sensor_decorator to None, run_after=None
[2025-03-11T16:29:21.676+0000] {processor.py:179} INFO - Processing /home/airflow/.local/lib/python3.8/site-packages/airflow/example_dags/example_sensor_decorator.py took 0.034 seconds
[2025-03-11T16:29:52.251+0000] {processor.py:157} INFO - Started process (PID=790) to work on /home/airflow/.local/lib/python3.8/site-packages/airflow/example_dags/example_sensor_decorator.py
[2025-03-11T16:29:52.253+0000] {processor.py:829} INFO - Processing file /home/airflow/.local/lib/python3.8/site-packages/airflow/example_dags/example_sensor_decorator.py for tasks to queue
[2025-03-11T16:29:52.254+0000] {logging_mixin.py:154} INFO - [2025-03-11T16:29:52.254+0000] {dagbag.py:536} INFO - Filling up the DagBag from /home/airflow/.local/lib/python3.8/site-packages/airflow/example_dags/example_sensor_decorator.py
[2025-03-11T16:29:52.258+0000] {processor.py:839} INFO - DAG(s) dict_keys(['example_sensor_decorator']) retrieved from /home/airflow/.local/lib/python3.8/site-packages/airflow/example_dags/example_sensor_decorator.py
[2025-03-11T16:29:52.268+0000] {logging_mixin.py:154} INFO - [2025-03-11T16:29:52.268+0000] {dag.py:2941} INFO - Sync 1 DAGs
[2025-03-11T16:29:52.273+0000] {logging_mixin.py:154} INFO - [2025-03-11T16:29:52.273+0000] {dag.py:3722} INFO - Setting next_dagrun for example_sensor_decorator to None, run_after=None
[2025-03-11T16:29:52.282+0000] {processor.py:179} INFO - Processing /home/airflow/.local/lib/python3.8/site-packages/airflow/example_dags/example_sensor_decorator.py took 0.032 seconds
[2025-03-11T16:30:22.831+0000] {processor.py:157} INFO - Started process (PID=847) to work on /home/airflow/.local/lib/python3.8/site-packages/airflow/example_dags/example_sensor_decorator.py
[2025-03-11T16:30:22.831+0000] {processor.py:829} INFO - Processing file /home/airflow/.local/lib/python3.8/site-packages/airflow/example_dags/example_sensor_decorator.py for tasks to queue
[2025-03-11T16:30:22.832+0000] {logging_mixin.py:154} INFO - [2025-03-11T16:30:22.832+0000] {dagbag.py:536} INFO - Filling up the DagBag from /home/airflow/.local/lib/python3.8/site-packages/airflow/example_dags/example_sensor_decorator.py
[2025-03-11T16:30:22.835+0000] {processor.py:839} INFO - DAG(s) dict_keys(['example_sensor_decorator']) retrieved from /home/airflow/.local/lib/python3.8/site-packages/airflow/example_dags/example_sensor_decorator.py
[2025-03-11T16:30:22.845+0000] {logging_mixin.py:154} INFO - [2025-03-11T16:30:22.845+0000] {dag.py:2941} INFO - Sync 1 DAGs
[2025-03-11T16:30:22.850+0000] {logging_mixin.py:154} INFO - [2025-03-11T16:30:22.850+0000] {dag.py:3722} INFO - Setting next_dagrun for example_sensor_decorator to None, run_after=None
[2025-03-11T16:30:22.857+0000] {processor.py:179} INFO - Processing /home/airflow/.local/lib/python3.8/site-packages/airflow/example_dags/example_sensor_decorator.py took 0.028 seconds
[2025-03-11T16:30:53.140+0000] {processor.py:157} INFO - Started process (PID=903) to work on /home/airflow/.local/lib/python3.8/site-packages/airflow/example_dags/example_sensor_decorator.py
[2025-03-11T16:30:53.140+0000] {processor.py:829} INFO - Processing file /home/airflow/.local/lib/python3.8/site-packages/airflow/example_dags/example_sensor_decorator.py for tasks to queue
[2025-03-11T16:30:53.141+0000] {logging_mixin.py:154} INFO - [2025-03-11T16:30:53.141+0000] {dagbag.py:536} INFO - Filling up the DagBag from /home/airflow/.local/lib/python3.8/site-packages/airflow/example_dags/example_sensor_decorator.py
[2025-03-11T16:30:53.144+0000] {processor.py:839} INFO - DAG(s) dict_keys(['example_sensor_decorator']) retrieved from /home/airflow/.local/lib/python3.8/site-packages/airflow/example_dags/example_sensor_decorator.py
[2025-03-11T16:30:53.154+0000] {logging_mixin.py:154} INFO - [2025-03-11T16:30:53.153+0000] {dag.py:2941} INFO - Sync 1 DAGs
[2025-03-11T16:30:53.159+0000] {logging_mixin.py:154} INFO - [2025-03-11T16:30:53.159+0000] {dag.py:3722} INFO - Setting next_dagrun for example_sensor_decorator to None, run_after=None
[2025-03-11T16:30:53.167+0000] {processor.py:179} INFO - Processing /home/airflow/.local/lib/python3.8/site-packages/airflow/example_dags/example_sensor_decorator.py took 0.029 seconds
[2025-03-11T16:31:23.534+0000] {processor.py:157} INFO - Started process (PID=959) to work on /home/airflow/.local/lib/python3.8/site-packages/airflow/example_dags/example_sensor_decorator.py
[2025-03-11T16:31:23.534+0000] {processor.py:829} INFO - Processing file /home/airflow/.local/lib/python3.8/site-packages/airflow/example_dags/example_sensor_decorator.py for tasks to queue
[2025-03-11T16:31:23.536+0000] {logging_mixin.py:154} INFO - [2025-03-11T16:31:23.536+0000] {dagbag.py:536} INFO - Filling up the DagBag from /home/airflow/.local/lib/python3.8/site-packages/airflow/example_dags/example_sensor_decorator.py
[2025-03-11T16:31:23.541+0000] {processor.py:839} INFO - DAG(s) dict_keys(['example_sensor_decorator']) retrieved from /home/airflow/.local/lib/python3.8/site-packages/airflow/example_dags/example_sensor_decorator.py
[2025-03-11T16:31:23.554+0000] {logging_mixin.py:154} INFO - [2025-03-11T16:31:23.554+0000] {dag.py:2941} INFO - Sync 1 DAGs
[2025-03-11T16:31:23.560+0000] {logging_mixin.py:154} INFO - [2025-03-11T16:31:23.560+0000] {dag.py:3722} INFO - Setting next_dagrun for example_sensor_decorator to None, run_after=None
[2025-03-11T16:31:23.571+0000] {processor.py:179} INFO - Processing /home/airflow/.local/lib/python3.8/site-packages/airflow/example_dags/example_sensor_decorator.py took 0.039 seconds
[2025-03-11T16:31:54.230+0000] {processor.py:157} INFO - Started process (PID=1015) to work on /home/airflow/.local/lib/python3.8/site-packages/airflow/example_dags/example_sensor_decorator.py
[2025-03-11T16:31:54.230+0000] {processor.py:829} INFO - Processing file /home/airflow/.local/lib/python3.8/site-packages/airflow/example_dags/example_sensor_decorator.py for tasks to queue
[2025-03-11T16:31:54.233+0000] {logging_mixin.py:154} INFO - [2025-03-11T16:31:54.233+0000] {dagbag.py:536} INFO - Filling up the DagBag from /home/airflow/.local/lib/python3.8/site-packages/airflow/example_dags/example_sensor_decorator.py
[2025-03-11T16:31:54.236+0000] {processor.py:839} INFO - DAG(s) dict_keys(['example_sensor_decorator']) retrieved from /home/airflow/.local/lib/python3.8/site-packages/airflow/example_dags/example_sensor_decorator.py
[2025-03-11T16:31:54.251+0000] {logging_mixin.py:154} INFO - [2025-03-11T16:31:54.251+0000] {dag.py:2941} INFO - Sync 1 DAGs
[2025-03-11T16:31:54.260+0000] {logging_mixin.py:154} INFO - [2025-03-11T16:31:54.260+0000] {dag.py:3722} INFO - Setting next_dagrun for example_sensor_decorator to None, run_after=None
[2025-03-11T16:31:54.274+0000] {processor.py:179} INFO - Processing /home/airflow/.local/lib/python3.8/site-packages/airflow/example_dags/example_sensor_decorator.py took 0.046 seconds
[2025-03-11T16:32:24.629+0000] {processor.py:157} INFO - Started process (PID=1071) to work on /home/airflow/.local/lib/python3.8/site-packages/airflow/example_dags/example_sensor_decorator.py
[2025-03-11T16:32:24.630+0000] {processor.py:829} INFO - Processing file /home/airflow/.local/lib/python3.8/site-packages/airflow/example_dags/example_sensor_decorator.py for tasks to queue
[2025-03-11T16:32:24.631+0000] {logging_mixin.py:154} INFO - [2025-03-11T16:32:24.631+0000] {dagbag.py:536} INFO - Filling up the DagBag from /home/airflow/.local/lib/python3.8/site-packages/airflow/example_dags/example_sensor_decorator.py
[2025-03-11T16:32:24.634+0000] {processor.py:839} INFO - DAG(s) dict_keys(['example_sensor_decorator']) retrieved from /home/airflow/.local/lib/python3.8/site-packages/airflow/example_dags/example_sensor_decorator.py
[2025-03-11T16:32:24.648+0000] {logging_mixin.py:154} INFO - [2025-03-11T16:32:24.648+0000] {dag.py:2941} INFO - Sync 1 DAGs
[2025-03-11T16:32:24.653+0000] {logging_mixin.py:154} INFO - [2025-03-11T16:32:24.653+0000] {dag.py:3722} INFO - Setting next_dagrun for example_sensor_decorator to None, run_after=None
[2025-03-11T16:32:24.661+0000] {processor.py:179} INFO - Processing /home/airflow/.local/lib/python3.8/site-packages/airflow/example_dags/example_sensor_decorator.py took 0.034 seconds
[2025-03-11T16:32:54.942+0000] {processor.py:157} INFO - Started process (PID=1127) to work on /home/airflow/.local/lib/python3.8/site-packages/airflow/example_dags/example_sensor_decorator.py
[2025-03-11T16:32:54.943+0000] {processor.py:829} INFO - Processing file /home/airflow/.local/lib/python3.8/site-packages/airflow/example_dags/example_sensor_decorator.py for tasks to queue
[2025-03-11T16:32:54.944+0000] {logging_mixin.py:154} INFO - [2025-03-11T16:32:54.944+0000] {dagbag.py:536} INFO - Filling up the DagBag from /home/airflow/.local/lib/python3.8/site-packages/airflow/example_dags/example_sensor_decorator.py
[2025-03-11T16:32:54.947+0000] {processor.py:839} INFO - DAG(s) dict_keys(['example_sensor_decorator']) retrieved from /home/airflow/.local/lib/python3.8/site-packages/airflow/example_dags/example_sensor_decorator.py
[2025-03-11T16:32:54.958+0000] {logging_mixin.py:154} INFO - [2025-03-11T16:32:54.958+0000] {dag.py:2941} INFO - Sync 1 DAGs
[2025-03-11T16:32:54.963+0000] {logging_mixin.py:154} INFO - [2025-03-11T16:32:54.963+0000] {dag.py:3722} INFO - Setting next_dagrun for example_sensor_decorator to None, run_after=None
[2025-03-11T16:32:54.972+0000] {processor.py:179} INFO - Processing /home/airflow/.local/lib/python3.8/site-packages/airflow/example_dags/example_sensor_decorator.py took 0.032 seconds
[2025-03-11T16:33:25.465+0000] {processor.py:157} INFO - Started process (PID=1183) to work on /home/airflow/.local/lib/python3.8/site-packages/airflow/example_dags/example_sensor_decorator.py
[2025-03-11T16:33:25.466+0000] {processor.py:829} INFO - Processing file /home/airflow/.local/lib/python3.8/site-packages/airflow/example_dags/example_sensor_decorator.py for tasks to queue
[2025-03-11T16:33:25.467+0000] {logging_mixin.py:154} INFO - [2025-03-11T16:33:25.466+0000] {dagbag.py:536} INFO - Filling up the DagBag from /home/airflow/.local/lib/python3.8/site-packages/airflow/example_dags/example_sensor_decorator.py
[2025-03-11T16:33:25.469+0000] {processor.py:839} INFO - DAG(s) dict_keys(['example_sensor_decorator']) retrieved from /home/airflow/.local/lib/python3.8/site-packages/airflow/example_dags/example_sensor_decorator.py
[2025-03-11T16:33:25.480+0000] {logging_mixin.py:154} INFO - [2025-03-11T16:33:25.480+0000] {dag.py:2941} INFO - Sync 1 DAGs
[2025-03-11T16:33:25.485+0000] {logging_mixin.py:154} INFO - [2025-03-11T16:33:25.485+0000] {dag.py:3722} INFO - Setting next_dagrun for example_sensor_decorator to None, run_after=None
[2025-03-11T16:33:25.494+0000] {processor.py:179} INFO - Processing /home/airflow/.local/lib/python3.8/site-packages/airflow/example_dags/example_sensor_decorator.py took 0.030 seconds
[2025-03-11T16:33:55.857+0000] {processor.py:157} INFO - Started process (PID=1239) to work on /home/airflow/.local/lib/python3.8/site-packages/airflow/example_dags/example_sensor_decorator.py
[2025-03-11T16:33:55.857+0000] {processor.py:829} INFO - Processing file /home/airflow/.local/lib/python3.8/site-packages/airflow/example_dags/example_sensor_decorator.py for tasks to queue
[2025-03-11T16:33:55.858+0000] {logging_mixin.py:154} INFO - [2025-03-11T16:33:55.858+0000] {dagbag.py:536} INFO - Filling up the DagBag from /home/airflow/.local/lib/python3.8/site-packages/airflow/example_dags/example_sensor_decorator.py
[2025-03-11T16:33:55.861+0000] {processor.py:839} INFO - DAG(s) dict_keys(['example_sensor_decorator']) retrieved from /home/airflow/.local/lib/python3.8/site-packages/airflow/example_dags/example_sensor_decorator.py
[2025-03-11T16:33:55.868+0000] {logging_mixin.py:154} INFO - [2025-03-11T16:33:55.867+0000] {dag.py:2941} INFO - Sync 1 DAGs
[2025-03-11T16:33:55.873+0000] {logging_mixin.py:154} INFO - [2025-03-11T16:33:55.873+0000] {dag.py:3722} INFO - Setting next_dagrun for example_sensor_decorator to None, run_after=None
[2025-03-11T16:33:55.879+0000] {processor.py:179} INFO - Processing /home/airflow/.local/lib/python3.8/site-packages/airflow/example_dags/example_sensor_decorator.py took 0.024 seconds
[2025-03-11T16:34:26.162+0000] {processor.py:157} INFO - Started process (PID=1294) to work on /home/airflow/.local/lib/python3.8/site-packages/airflow/example_dags/example_sensor_decorator.py
[2025-03-11T16:34:26.162+0000] {processor.py:829} INFO - Processing file /home/airflow/.local/lib/python3.8/site-packages/airflow/example_dags/example_sensor_decorator.py for tasks to queue
[2025-03-11T16:34:26.165+0000] {logging_mixin.py:154} INFO - [2025-03-11T16:34:26.165+0000] {dagbag.py:536} INFO - Filling up the DagBag from /home/airflow/.local/lib/python3.8/site-packages/airflow/example_dags/example_sensor_decorator.py
[2025-03-11T16:34:26.169+0000] {processor.py:839} INFO - DAG(s) dict_keys(['example_sensor_decorator']) retrieved from /home/airflow/.local/lib/python3.8/site-packages/airflow/example_dags/example_sensor_decorator.py
[2025-03-11T16:34:26.180+0000] {logging_mixin.py:154} INFO - [2025-03-11T16:34:26.180+0000] {dag.py:2941} INFO - Sync 1 DAGs
[2025-03-11T16:34:26.186+0000] {logging_mixin.py:154} INFO - [2025-03-11T16:34:26.185+0000] {dag.py:3722} INFO - Setting next_dagrun for example_sensor_decorator to None, run_after=None
[2025-03-11T16:34:26.195+0000] {processor.py:179} INFO - Processing /home/airflow/.local/lib/python3.8/site-packages/airflow/example_dags/example_sensor_decorator.py took 0.035 seconds
[2025-03-11T16:34:56.713+0000] {processor.py:157} INFO - Started process (PID=1350) to work on /home/airflow/.local/lib/python3.8/site-packages/airflow/example_dags/example_sensor_decorator.py
[2025-03-11T16:34:56.713+0000] {processor.py:829} INFO - Processing file /home/airflow/.local/lib/python3.8/site-packages/airflow/example_dags/example_sensor_decorator.py for tasks to queue
[2025-03-11T16:34:56.714+0000] {logging_mixin.py:154} INFO - [2025-03-11T16:34:56.714+0000] {dagbag.py:536} INFO - Filling up the DagBag from /home/airflow/.local/lib/python3.8/site-packages/airflow/example_dags/example_sensor_decorator.py
[2025-03-11T16:34:56.717+0000] {processor.py:839} INFO - DAG(s) dict_keys(['example_sensor_decorator']) retrieved from /home/airflow/.local/lib/python3.8/site-packages/airflow/example_dags/example_sensor_decorator.py
[2025-03-11T16:34:56.729+0000] {logging_mixin.py:154} INFO - [2025-03-11T16:34:56.729+0000] {dag.py:2941} INFO - Sync 1 DAGs
[2025-03-11T16:34:56.734+0000] {logging_mixin.py:154} INFO - [2025-03-11T16:34:56.734+0000] {dag.py:3722} INFO - Setting next_dagrun for example_sensor_decorator to None, run_after=None
[2025-03-11T16:34:56.742+0000] {processor.py:179} INFO - Processing /home/airflow/.local/lib/python3.8/site-packages/airflow/example_dags/example_sensor_decorator.py took 0.032 seconds
[2025-03-11T16:35:27.160+0000] {processor.py:157} INFO - Started process (PID=1406) to work on /home/airflow/.local/lib/python3.8/site-packages/airflow/example_dags/example_sensor_decorator.py
[2025-03-11T16:35:27.160+0000] {processor.py:829} INFO - Processing file /home/airflow/.local/lib/python3.8/site-packages/airflow/example_dags/example_sensor_decorator.py for tasks to queue
[2025-03-11T16:35:27.162+0000] {logging_mixin.py:154} INFO - [2025-03-11T16:35:27.161+0000] {dagbag.py:536} INFO - Filling up the DagBag from /home/airflow/.local/lib/python3.8/site-packages/airflow/example_dags/example_sensor_decorator.py
[2025-03-11T16:35:27.165+0000] {processor.py:839} INFO - DAG(s) dict_keys(['example_sensor_decorator']) retrieved from /home/airflow/.local/lib/python3.8/site-packages/airflow/example_dags/example_sensor_decorator.py
[2025-03-11T16:35:27.175+0000] {logging_mixin.py:154} INFO - [2025-03-11T16:35:27.175+0000] {dag.py:2941} INFO - Sync 1 DAGs
[2025-03-11T16:35:27.182+0000] {logging_mixin.py:154} INFO - [2025-03-11T16:35:27.182+0000] {dag.py:3722} INFO - Setting next_dagrun for example_sensor_decorator to None, run_after=None
[2025-03-11T16:35:27.193+0000] {processor.py:179} INFO - Processing /home/airflow/.local/lib/python3.8/site-packages/airflow/example_dags/example_sensor_decorator.py took 0.035 seconds
[2025-03-11T16:35:57.731+0000] {processor.py:157} INFO - Started process (PID=1462) to work on /home/airflow/.local/lib/python3.8/site-packages/airflow/example_dags/example_sensor_decorator.py
[2025-03-11T16:35:57.732+0000] {processor.py:829} INFO - Processing file /home/airflow/.local/lib/python3.8/site-packages/airflow/example_dags/example_sensor_decorator.py for tasks to queue
[2025-03-11T16:35:57.733+0000] {logging_mixin.py:154} INFO - [2025-03-11T16:35:57.733+0000] {dagbag.py:536} INFO - Filling up the DagBag from /home/airflow/.local/lib/python3.8/site-packages/airflow/example_dags/example_sensor_decorator.py
[2025-03-11T16:35:57.735+0000] {processor.py:839} INFO - DAG(s) dict_keys(['example_sensor_decorator']) retrieved from /home/airflow/.local/lib/python3.8/site-packages/airflow/example_dags/example_sensor_decorator.py
[2025-03-11T16:35:57.746+0000] {logging_mixin.py:154} INFO - [2025-03-11T16:35:57.746+0000] {dag.py:2941} INFO - Sync 1 DAGs
[2025-03-11T16:35:57.751+0000] {logging_mixin.py:154} INFO - [2025-03-11T16:35:57.751+0000] {dag.py:3722} INFO - Setting next_dagrun for example_sensor_decorator to None, run_after=None
[2025-03-11T16:35:57.759+0000] {processor.py:179} INFO - Processing /home/airflow/.local/lib/python3.8/site-packages/airflow/example_dags/example_sensor_decorator.py took 0.029 seconds
[2025-03-11T16:36:28.312+0000] {processor.py:157} INFO - Started process (PID=1518) to work on /home/airflow/.local/lib/python3.8/site-packages/airflow/example_dags/example_sensor_decorator.py
[2025-03-11T16:36:28.313+0000] {processor.py:829} INFO - Processing file /home/airflow/.local/lib/python3.8/site-packages/airflow/example_dags/example_sensor_decorator.py for tasks to queue
[2025-03-11T16:36:28.314+0000] {logging_mixin.py:154} INFO - [2025-03-11T16:36:28.314+0000] {dagbag.py:536} INFO - Filling up the DagBag from /home/airflow/.local/lib/python3.8/site-packages/airflow/example_dags/example_sensor_decorator.py
[2025-03-11T16:36:28.317+0000] {processor.py:839} INFO - DAG(s) dict_keys(['example_sensor_decorator']) retrieved from /home/airflow/.local/lib/python3.8/site-packages/airflow/example_dags/example_sensor_decorator.py
[2025-03-11T16:36:28.327+0000] {logging_mixin.py:154} INFO - [2025-03-11T16:36:28.326+0000] {dag.py:2941} INFO - Sync 1 DAGs
[2025-03-11T16:36:28.332+0000] {logging_mixin.py:154} INFO - [2025-03-11T16:36:28.332+0000] {dag.py:3722} INFO - Setting next_dagrun for example_sensor_decorator to None, run_after=None
[2025-03-11T16:36:28.340+0000] {processor.py:179} INFO - Processing /home/airflow/.local/lib/python3.8/site-packages/airflow/example_dags/example_sensor_decorator.py took 0.030 seconds
[2025-03-11T16:36:58.707+0000] {processor.py:157} INFO - Started process (PID=1574) to work on /home/airflow/.local/lib/python3.8/site-packages/airflow/example_dags/example_sensor_decorator.py
[2025-03-11T16:36:58.707+0000] {processor.py:829} INFO - Processing file /home/airflow/.local/lib/python3.8/site-packages/airflow/example_dags/example_sensor_decorator.py for tasks to queue
[2025-03-11T16:36:58.708+0000] {logging_mixin.py:154} INFO - [2025-03-11T16:36:58.708+0000] {dagbag.py:536} INFO - Filling up the DagBag from /home/airflow/.local/lib/python3.8/site-packages/airflow/example_dags/example_sensor_decorator.py
[2025-03-11T16:36:58.711+0000] {processor.py:839} INFO - DAG(s) dict_keys(['example_sensor_decorator']) retrieved from /home/airflow/.local/lib/python3.8/site-packages/airflow/example_dags/example_sensor_decorator.py
[2025-03-11T16:36:58.720+0000] {logging_mixin.py:154} INFO - [2025-03-11T16:36:58.720+0000] {dag.py:2941} INFO - Sync 1 DAGs
[2025-03-11T16:36:58.725+0000] {logging_mixin.py:154} INFO - [2025-03-11T16:36:58.725+0000] {dag.py:3722} INFO - Setting next_dagrun for example_sensor_decorator to None, run_after=None
[2025-03-11T16:36:58.732+0000] {processor.py:179} INFO - Processing /home/airflow/.local/lib/python3.8/site-packages/airflow/example_dags/example_sensor_decorator.py took 0.027 seconds
[2025-03-11T16:37:29.343+0000] {processor.py:157} INFO - Started process (PID=1630) to work on /home/airflow/.local/lib/python3.8/site-packages/airflow/example_dags/example_sensor_decorator.py
[2025-03-11T16:37:29.343+0000] {processor.py:829} INFO - Processing file /home/airflow/.local/lib/python3.8/site-packages/airflow/example_dags/example_sensor_decorator.py for tasks to queue
[2025-03-11T16:37:29.344+0000] {logging_mixin.py:154} INFO - [2025-03-11T16:37:29.344+0000] {dagbag.py:536} INFO - Filling up the DagBag from /home/airflow/.local/lib/python3.8/site-packages/airflow/example_dags/example_sensor_decorator.py
[2025-03-11T16:37:29.347+0000] {processor.py:839} INFO - DAG(s) dict_keys(['example_sensor_decorator']) retrieved from /home/airflow/.local/lib/python3.8/site-packages/airflow/example_dags/example_sensor_decorator.py
[2025-03-11T16:37:29.356+0000] {logging_mixin.py:154} INFO - [2025-03-11T16:37:29.356+0000] {dag.py:2941} INFO - Sync 1 DAGs
[2025-03-11T16:37:29.361+0000] {logging_mixin.py:154} INFO - [2025-03-11T16:37:29.361+0000] {dag.py:3722} INFO - Setting next_dagrun for example_sensor_decorator to None, run_after=None
[2025-03-11T16:37:29.368+0000] {processor.py:179} INFO - Processing /home/airflow/.local/lib/python3.8/site-packages/airflow/example_dags/example_sensor_decorator.py took 0.026 seconds
[2025-03-11T16:37:59.432+0000] {processor.py:157} INFO - Started process (PID=1685) to work on /home/airflow/.local/lib/python3.8/site-packages/airflow/example_dags/example_sensor_decorator.py
[2025-03-11T16:37:59.432+0000] {processor.py:829} INFO - Processing file /home/airflow/.local/lib/python3.8/site-packages/airflow/example_dags/example_sensor_decorator.py for tasks to queue
[2025-03-11T16:37:59.433+0000] {logging_mixin.py:154} INFO - [2025-03-11T16:37:59.433+0000] {dagbag.py:536} INFO - Filling up the DagBag from /home/airflow/.local/lib/python3.8/site-packages/airflow/example_dags/example_sensor_decorator.py
[2025-03-11T16:37:59.436+0000] {processor.py:839} INFO - DAG(s) dict_keys(['example_sensor_decorator']) retrieved from /home/airflow/.local/lib/python3.8/site-packages/airflow/example_dags/example_sensor_decorator.py
[2025-03-11T16:37:59.445+0000] {logging_mixin.py:154} INFO - [2025-03-11T16:37:59.445+0000] {dag.py:2941} INFO - Sync 1 DAGs
[2025-03-11T16:37:59.450+0000] {logging_mixin.py:154} INFO - [2025-03-11T16:37:59.450+0000] {dag.py:3722} INFO - Setting next_dagrun for example_sensor_decorator to None, run_after=None
[2025-03-11T16:37:59.457+0000] {processor.py:179} INFO - Processing /home/airflow/.local/lib/python3.8/site-packages/airflow/example_dags/example_sensor_decorator.py took 0.027 seconds
[2025-03-11T16:38:29.962+0000] {processor.py:157} INFO - Started process (PID=1741) to work on /home/airflow/.local/lib/python3.8/site-packages/airflow/example_dags/example_sensor_decorator.py
[2025-03-11T16:38:29.963+0000] {processor.py:829} INFO - Processing file /home/airflow/.local/lib/python3.8/site-packages/airflow/example_dags/example_sensor_decorator.py for tasks to queue
[2025-03-11T16:38:29.964+0000] {logging_mixin.py:154} INFO - [2025-03-11T16:38:29.964+0000] {dagbag.py:536} INFO - Filling up the DagBag from /home/airflow/.local/lib/python3.8/site-packages/airflow/example_dags/example_sensor_decorator.py
[2025-03-11T16:38:29.966+0000] {processor.py:839} INFO - DAG(s) dict_keys(['example_sensor_decorator']) retrieved from /home/airflow/.local/lib/python3.8/site-packages/airflow/example_dags/example_sensor_decorator.py
[2025-03-11T16:38:29.976+0000] {logging_mixin.py:154} INFO - [2025-03-11T16:38:29.976+0000] {dag.py:2941} INFO - Sync 1 DAGs
[2025-03-11T16:38:29.981+0000] {logging_mixin.py:154} INFO - [2025-03-11T16:38:29.981+0000] {dag.py:3722} INFO - Setting next_dagrun for example_sensor_decorator to None, run_after=None
[2025-03-11T16:38:29.989+0000] {processor.py:179} INFO - Processing /home/airflow/.local/lib/python3.8/site-packages/airflow/example_dags/example_sensor_decorator.py took 0.028 seconds
[2025-03-11T16:39:00.907+0000] {processor.py:157} INFO - Started process (PID=1797) to work on /home/airflow/.local/lib/python3.8/site-packages/airflow/example_dags/example_sensor_decorator.py
[2025-03-11T16:39:00.908+0000] {processor.py:829} INFO - Processing file /home/airflow/.local/lib/python3.8/site-packages/airflow/example_dags/example_sensor_decorator.py for tasks to queue
[2025-03-11T16:39:00.910+0000] {logging_mixin.py:154} INFO - [2025-03-11T16:39:00.909+0000] {dagbag.py:536} INFO - Filling up the DagBag from /home/airflow/.local/lib/python3.8/site-packages/airflow/example_dags/example_sensor_decorator.py
[2025-03-11T16:39:00.914+0000] {processor.py:839} INFO - DAG(s) dict_keys(['example_sensor_decorator']) retrieved from /home/airflow/.local/lib/python3.8/site-packages/airflow/example_dags/example_sensor_decorator.py
[2025-03-11T16:39:00.930+0000] {logging_mixin.py:154} INFO - [2025-03-11T16:39:00.929+0000] {dag.py:2941} INFO - Sync 1 DAGs
[2025-03-11T16:39:00.936+0000] {logging_mixin.py:154} INFO - [2025-03-11T16:39:00.936+0000] {dag.py:3722} INFO - Setting next_dagrun for example_sensor_decorator to None, run_after=None
[2025-03-11T16:39:00.945+0000] {processor.py:179} INFO - Processing /home/airflow/.local/lib/python3.8/site-packages/airflow/example_dags/example_sensor_decorator.py took 0.041 seconds
[2025-03-11T16:39:31.033+0000] {processor.py:157} INFO - Started process (PID=1853) to work on /home/airflow/.local/lib/python3.8/site-packages/airflow/example_dags/example_sensor_decorator.py
[2025-03-11T16:39:31.034+0000] {processor.py:829} INFO - Processing file /home/airflow/.local/lib/python3.8/site-packages/airflow/example_dags/example_sensor_decorator.py for tasks to queue
[2025-03-11T16:39:31.036+0000] {logging_mixin.py:154} INFO - [2025-03-11T16:39:31.036+0000] {dagbag.py:536} INFO - Filling up the DagBag from /home/airflow/.local/lib/python3.8/site-packages/airflow/example_dags/example_sensor_decorator.py
[2025-03-11T16:39:31.040+0000] {processor.py:839} INFO - DAG(s) dict_keys(['example_sensor_decorator']) retrieved from /home/airflow/.local/lib/python3.8/site-packages/airflow/example_dags/example_sensor_decorator.py
[2025-03-11T16:39:31.054+0000] {logging_mixin.py:154} INFO - [2025-03-11T16:39:31.054+0000] {dag.py:2941} INFO - Sync 1 DAGs
[2025-03-11T16:39:31.061+0000] {logging_mixin.py:154} INFO - [2025-03-11T16:39:31.061+0000] {dag.py:3722} INFO - Setting next_dagrun for example_sensor_decorator to None, run_after=None
[2025-03-11T16:39:31.072+0000] {processor.py:179} INFO - Processing /home/airflow/.local/lib/python3.8/site-packages/airflow/example_dags/example_sensor_decorator.py took 0.041 seconds
[2025-03-11T16:40:01.331+0000] {processor.py:157} INFO - Started process (PID=1909) to work on /home/airflow/.local/lib/python3.8/site-packages/airflow/example_dags/example_sensor_decorator.py
[2025-03-11T16:40:01.333+0000] {processor.py:829} INFO - Processing file /home/airflow/.local/lib/python3.8/site-packages/airflow/example_dags/example_sensor_decorator.py for tasks to queue
[2025-03-11T16:40:01.334+0000] {logging_mixin.py:154} INFO - [2025-03-11T16:40:01.334+0000] {dagbag.py:536} INFO - Filling up the DagBag from /home/airflow/.local/lib/python3.8/site-packages/airflow/example_dags/example_sensor_decorator.py
[2025-03-11T16:40:01.336+0000] {processor.py:839} INFO - DAG(s) dict_keys(['example_sensor_decorator']) retrieved from /home/airflow/.local/lib/python3.8/site-packages/airflow/example_dags/example_sensor_decorator.py
[2025-03-11T16:40:01.351+0000] {logging_mixin.py:154} INFO - [2025-03-11T16:40:01.351+0000] {dag.py:2941} INFO - Sync 1 DAGs
[2025-03-11T16:40:01.357+0000] {logging_mixin.py:154} INFO - [2025-03-11T16:40:01.357+0000] {dag.py:3722} INFO - Setting next_dagrun for example_sensor_decorator to None, run_after=None
[2025-03-11T16:40:01.370+0000] {processor.py:179} INFO - Processing /home/airflow/.local/lib/python3.8/site-packages/airflow/example_dags/example_sensor_decorator.py took 0.040 seconds
[2025-03-11T16:40:32.051+0000] {processor.py:157} INFO - Started process (PID=1965) to work on /home/airflow/.local/lib/python3.8/site-packages/airflow/example_dags/example_sensor_decorator.py
[2025-03-11T16:40:32.051+0000] {processor.py:829} INFO - Processing file /home/airflow/.local/lib/python3.8/site-packages/airflow/example_dags/example_sensor_decorator.py for tasks to queue
[2025-03-11T16:40:32.052+0000] {logging_mixin.py:154} INFO - [2025-03-11T16:40:32.052+0000] {dagbag.py:536} INFO - Filling up the DagBag from /home/airflow/.local/lib/python3.8/site-packages/airflow/example_dags/example_sensor_decorator.py
[2025-03-11T16:40:32.055+0000] {processor.py:839} INFO - DAG(s) dict_keys(['example_sensor_decorator']) retrieved from /home/airflow/.local/lib/python3.8/site-packages/airflow/example_dags/example_sensor_decorator.py
[2025-03-11T16:40:32.065+0000] {logging_mixin.py:154} INFO - [2025-03-11T16:40:32.065+0000] {dag.py:2941} INFO - Sync 1 DAGs
[2025-03-11T16:40:32.070+0000] {logging_mixin.py:154} INFO - [2025-03-11T16:40:32.070+0000] {dag.py:3722} INFO - Setting next_dagrun for example_sensor_decorator to None, run_after=None
[2025-03-11T16:40:32.081+0000] {processor.py:179} INFO - Processing /home/airflow/.local/lib/python3.8/site-packages/airflow/example_dags/example_sensor_decorator.py took 0.031 seconds
[2025-03-11T16:41:02.488+0000] {processor.py:157} INFO - Started process (PID=2021) to work on /home/airflow/.local/lib/python3.8/site-packages/airflow/example_dags/example_sensor_decorator.py
[2025-03-11T16:41:02.488+0000] {processor.py:829} INFO - Processing file /home/airflow/.local/lib/python3.8/site-packages/airflow/example_dags/example_sensor_decorator.py for tasks to queue
[2025-03-11T16:41:02.489+0000] {logging_mixin.py:154} INFO - [2025-03-11T16:41:02.489+0000] {dagbag.py:536} INFO - Filling up the DagBag from /home/airflow/.local/lib/python3.8/site-packages/airflow/example_dags/example_sensor_decorator.py
[2025-03-11T16:41:02.492+0000] {processor.py:839} INFO - DAG(s) dict_keys(['example_sensor_decorator']) retrieved from /home/airflow/.local/lib/python3.8/site-packages/airflow/example_dags/example_sensor_decorator.py
[2025-03-11T16:41:02.503+0000] {logging_mixin.py:154} INFO - [2025-03-11T16:41:02.503+0000] {dag.py:2941} INFO - Sync 1 DAGs
[2025-03-11T16:41:02.508+0000] {logging_mixin.py:154} INFO - [2025-03-11T16:41:02.508+0000] {dag.py:3722} INFO - Setting next_dagrun for example_sensor_decorator to None, run_after=None
[2025-03-11T16:41:02.519+0000] {processor.py:179} INFO - Processing /home/airflow/.local/lib/python3.8/site-packages/airflow/example_dags/example_sensor_decorator.py took 0.033 seconds
[2025-03-11T16:41:33.183+0000] {processor.py:157} INFO - Started process (PID=2079) to work on /home/airflow/.local/lib/python3.8/site-packages/airflow/example_dags/example_sensor_decorator.py
[2025-03-11T16:41:33.184+0000] {processor.py:829} INFO - Processing file /home/airflow/.local/lib/python3.8/site-packages/airflow/example_dags/example_sensor_decorator.py for tasks to queue
[2025-03-11T16:41:33.185+0000] {logging_mixin.py:154} INFO - [2025-03-11T16:41:33.185+0000] {dagbag.py:536} INFO - Filling up the DagBag from /home/airflow/.local/lib/python3.8/site-packages/airflow/example_dags/example_sensor_decorator.py
[2025-03-11T16:41:33.187+0000] {processor.py:839} INFO - DAG(s) dict_keys(['example_sensor_decorator']) retrieved from /home/airflow/.local/lib/python3.8/site-packages/airflow/example_dags/example_sensor_decorator.py
[2025-03-11T16:41:33.198+0000] {logging_mixin.py:154} INFO - [2025-03-11T16:41:33.197+0000] {dag.py:2941} INFO - Sync 1 DAGs
[2025-03-11T16:41:33.203+0000] {logging_mixin.py:154} INFO - [2025-03-11T16:41:33.203+0000] {dag.py:3722} INFO - Setting next_dagrun for example_sensor_decorator to None, run_after=None
[2025-03-11T16:41:33.213+0000] {processor.py:179} INFO - Processing /home/airflow/.local/lib/python3.8/site-packages/airflow/example_dags/example_sensor_decorator.py took 0.032 seconds
[2025-03-11T16:42:03.675+0000] {processor.py:157} INFO - Started process (PID=2135) to work on /home/airflow/.local/lib/python3.8/site-packages/airflow/example_dags/example_sensor_decorator.py
[2025-03-11T16:42:03.675+0000] {processor.py:829} INFO - Processing file /home/airflow/.local/lib/python3.8/site-packages/airflow/example_dags/example_sensor_decorator.py for tasks to queue
[2025-03-11T16:42:03.676+0000] {logging_mixin.py:154} INFO - [2025-03-11T16:42:03.676+0000] {dagbag.py:536} INFO - Filling up the DagBag from /home/airflow/.local/lib/python3.8/site-packages/airflow/example_dags/example_sensor_decorator.py
[2025-03-11T16:42:03.679+0000] {processor.py:839} INFO - DAG(s) dict_keys(['example_sensor_decorator']) retrieved from /home/airflow/.local/lib/python3.8/site-packages/airflow/example_dags/example_sensor_decorator.py
[2025-03-11T16:42:03.690+0000] {logging_mixin.py:154} INFO - [2025-03-11T16:42:03.690+0000] {dag.py:2941} INFO - Sync 1 DAGs
[2025-03-11T16:42:03.695+0000] {logging_mixin.py:154} INFO - [2025-03-11T16:42:03.695+0000] {dag.py:3722} INFO - Setting next_dagrun for example_sensor_decorator to None, run_after=None
[2025-03-11T16:42:03.708+0000] {processor.py:179} INFO - Processing /home/airflow/.local/lib/python3.8/site-packages/airflow/example_dags/example_sensor_decorator.py took 0.035 seconds
[2025-03-11T16:42:34.121+0000] {processor.py:157} INFO - Started process (PID=2191) to work on /home/airflow/.local/lib/python3.8/site-packages/airflow/example_dags/example_sensor_decorator.py
[2025-03-11T16:42:34.121+0000] {processor.py:829} INFO - Processing file /home/airflow/.local/lib/python3.8/site-packages/airflow/example_dags/example_sensor_decorator.py for tasks to queue
[2025-03-11T16:42:34.122+0000] {logging_mixin.py:154} INFO - [2025-03-11T16:42:34.122+0000] {dagbag.py:536} INFO - Filling up the DagBag from /home/airflow/.local/lib/python3.8/site-packages/airflow/example_dags/example_sensor_decorator.py
[2025-03-11T16:42:34.125+0000] {processor.py:839} INFO - DAG(s) dict_keys(['example_sensor_decorator']) retrieved from /home/airflow/.local/lib/python3.8/site-packages/airflow/example_dags/example_sensor_decorator.py
[2025-03-11T16:42:34.134+0000] {logging_mixin.py:154} INFO - [2025-03-11T16:42:34.134+0000] {dag.py:2941} INFO - Sync 1 DAGs
[2025-03-11T16:42:34.139+0000] {logging_mixin.py:154} INFO - [2025-03-11T16:42:34.139+0000] {dag.py:3722} INFO - Setting next_dagrun for example_sensor_decorator to None, run_after=None
[2025-03-11T16:42:34.147+0000] {processor.py:179} INFO - Processing /home/airflow/.local/lib/python3.8/site-packages/airflow/example_dags/example_sensor_decorator.py took 0.028 seconds
[2025-03-11T16:43:04.552+0000] {processor.py:157} INFO - Started process (PID=2247) to work on /home/airflow/.local/lib/python3.8/site-packages/airflow/example_dags/example_sensor_decorator.py
[2025-03-11T16:43:04.553+0000] {processor.py:829} INFO - Processing file /home/airflow/.local/lib/python3.8/site-packages/airflow/example_dags/example_sensor_decorator.py for tasks to queue
[2025-03-11T16:43:04.554+0000] {logging_mixin.py:154} INFO - [2025-03-11T16:43:04.553+0000] {dagbag.py:536} INFO - Filling up the DagBag from /home/airflow/.local/lib/python3.8/site-packages/airflow/example_dags/example_sensor_decorator.py
[2025-03-11T16:43:04.556+0000] {processor.py:839} INFO - DAG(s) dict_keys(['example_sensor_decorator']) retrieved from /home/airflow/.local/lib/python3.8/site-packages/airflow/example_dags/example_sensor_decorator.py
[2025-03-11T16:43:04.568+0000] {logging_mixin.py:154} INFO - [2025-03-11T16:43:04.567+0000] {dag.py:2941} INFO - Sync 1 DAGs
[2025-03-11T16:43:04.576+0000] {logging_mixin.py:154} INFO - [2025-03-11T16:43:04.576+0000] {dag.py:3722} INFO - Setting next_dagrun for example_sensor_decorator to None, run_after=None
[2025-03-11T16:43:04.583+0000] {processor.py:179} INFO - Processing /home/airflow/.local/lib/python3.8/site-packages/airflow/example_dags/example_sensor_decorator.py took 0.033 seconds
[2025-03-11T16:43:34.843+0000] {processor.py:157} INFO - Started process (PID=2303) to work on /home/airflow/.local/lib/python3.8/site-packages/airflow/example_dags/example_sensor_decorator.py
[2025-03-11T16:43:34.844+0000] {processor.py:829} INFO - Processing file /home/airflow/.local/lib/python3.8/site-packages/airflow/example_dags/example_sensor_decorator.py for tasks to queue
[2025-03-11T16:43:34.845+0000] {logging_mixin.py:154} INFO - [2025-03-11T16:43:34.845+0000] {dagbag.py:536} INFO - Filling up the DagBag from /home/airflow/.local/lib/python3.8/site-packages/airflow/example_dags/example_sensor_decorator.py
[2025-03-11T16:43:34.849+0000] {processor.py:839} INFO - DAG(s) dict_keys(['example_sensor_decorator']) retrieved from /home/airflow/.local/lib/python3.8/site-packages/airflow/example_dags/example_sensor_decorator.py
[2025-03-11T16:43:34.862+0000] {logging_mixin.py:154} INFO - [2025-03-11T16:43:34.862+0000] {dag.py:2941} INFO - Sync 1 DAGs
[2025-03-11T16:43:34.868+0000] {logging_mixin.py:154} INFO - [2025-03-11T16:43:34.868+0000] {dag.py:3722} INFO - Setting next_dagrun for example_sensor_decorator to None, run_after=None
[2025-03-11T16:43:34.880+0000] {processor.py:179} INFO - Processing /home/airflow/.local/lib/python3.8/site-packages/airflow/example_dags/example_sensor_decorator.py took 0.039 seconds
[2025-03-11T16:44:05.182+0000] {processor.py:157} INFO - Started process (PID=2359) to work on /home/airflow/.local/lib/python3.8/site-packages/airflow/example_dags/example_sensor_decorator.py
[2025-03-11T16:44:05.182+0000] {processor.py:829} INFO - Processing file /home/airflow/.local/lib/python3.8/site-packages/airflow/example_dags/example_sensor_decorator.py for tasks to queue
[2025-03-11T16:44:05.183+0000] {logging_mixin.py:154} INFO - [2025-03-11T16:44:05.183+0000] {dagbag.py:536} INFO - Filling up the DagBag from /home/airflow/.local/lib/python3.8/site-packages/airflow/example_dags/example_sensor_decorator.py
[2025-03-11T16:44:05.186+0000] {processor.py:839} INFO - DAG(s) dict_keys(['example_sensor_decorator']) retrieved from /home/airflow/.local/lib/python3.8/site-packages/airflow/example_dags/example_sensor_decorator.py
[2025-03-11T16:44:05.197+0000] {logging_mixin.py:154} INFO - [2025-03-11T16:44:05.197+0000] {dag.py:2941} INFO - Sync 1 DAGs
[2025-03-11T16:44:05.203+0000] {logging_mixin.py:154} INFO - [2025-03-11T16:44:05.203+0000] {dag.py:3722} INFO - Setting next_dagrun for example_sensor_decorator to None, run_after=None
[2025-03-11T16:44:05.212+0000] {processor.py:179} INFO - Processing /home/airflow/.local/lib/python3.8/site-packages/airflow/example_dags/example_sensor_decorator.py took 0.032 seconds
[2025-03-11T16:44:35.407+0000] {processor.py:157} INFO - Started process (PID=2415) to work on /home/airflow/.local/lib/python3.8/site-packages/airflow/example_dags/example_sensor_decorator.py
[2025-03-11T16:44:35.407+0000] {processor.py:829} INFO - Processing file /home/airflow/.local/lib/python3.8/site-packages/airflow/example_dags/example_sensor_decorator.py for tasks to queue
[2025-03-11T16:44:35.408+0000] {logging_mixin.py:154} INFO - [2025-03-11T16:44:35.408+0000] {dagbag.py:536} INFO - Filling up the DagBag from /home/airflow/.local/lib/python3.8/site-packages/airflow/example_dags/example_sensor_decorator.py
[2025-03-11T16:44:35.413+0000] {processor.py:839} INFO - DAG(s) dict_keys(['example_sensor_decorator']) retrieved from /home/airflow/.local/lib/python3.8/site-packages/airflow/example_dags/example_sensor_decorator.py
[2025-03-11T16:44:35.419+0000] {logging_mixin.py:154} INFO - [2025-03-11T16:44:35.419+0000] {dag.py:2941} INFO - Sync 1 DAGs
[2025-03-11T16:44:35.424+0000] {logging_mixin.py:154} INFO - [2025-03-11T16:44:35.424+0000] {dag.py:3722} INFO - Setting next_dagrun for example_sensor_decorator to None, run_after=None
[2025-03-11T16:44:35.432+0000] {processor.py:179} INFO - Processing /home/airflow/.local/lib/python3.8/site-packages/airflow/example_dags/example_sensor_decorator.py took 0.027 seconds
[2025-03-11T16:45:05.675+0000] {processor.py:157} INFO - Started process (PID=2471) to work on /home/airflow/.local/lib/python3.8/site-packages/airflow/example_dags/example_sensor_decorator.py
[2025-03-11T16:45:05.676+0000] {processor.py:829} INFO - Processing file /home/airflow/.local/lib/python3.8/site-packages/airflow/example_dags/example_sensor_decorator.py for tasks to queue
[2025-03-11T16:45:05.677+0000] {logging_mixin.py:154} INFO - [2025-03-11T16:45:05.677+0000] {dagbag.py:536} INFO - Filling up the DagBag from /home/airflow/.local/lib/python3.8/site-packages/airflow/example_dags/example_sensor_decorator.py
[2025-03-11T16:45:05.680+0000] {processor.py:839} INFO - DAG(s) dict_keys(['example_sensor_decorator']) retrieved from /home/airflow/.local/lib/python3.8/site-packages/airflow/example_dags/example_sensor_decorator.py
[2025-03-11T16:45:05.690+0000] {logging_mixin.py:154} INFO - [2025-03-11T16:45:05.690+0000] {dag.py:2941} INFO - Sync 1 DAGs
[2025-03-11T16:45:05.696+0000] {logging_mixin.py:154} INFO - [2025-03-11T16:45:05.695+0000] {dag.py:3722} INFO - Setting next_dagrun for example_sensor_decorator to None, run_after=None
[2025-03-11T16:45:05.705+0000] {processor.py:179} INFO - Processing /home/airflow/.local/lib/python3.8/site-packages/airflow/example_dags/example_sensor_decorator.py took 0.031 seconds
[2025-03-11T16:45:36.299+0000] {processor.py:157} INFO - Started process (PID=2527) to work on /home/airflow/.local/lib/python3.8/site-packages/airflow/example_dags/example_sensor_decorator.py
[2025-03-11T16:45:36.299+0000] {processor.py:829} INFO - Processing file /home/airflow/.local/lib/python3.8/site-packages/airflow/example_dags/example_sensor_decorator.py for tasks to queue
[2025-03-11T16:45:36.300+0000] {logging_mixin.py:154} INFO - [2025-03-11T16:45:36.300+0000] {dagbag.py:536} INFO - Filling up the DagBag from /home/airflow/.local/lib/python3.8/site-packages/airflow/example_dags/example_sensor_decorator.py
[2025-03-11T16:45:36.304+0000] {processor.py:839} INFO - DAG(s) dict_keys(['example_sensor_decorator']) retrieved from /home/airflow/.local/lib/python3.8/site-packages/airflow/example_dags/example_sensor_decorator.py
[2025-03-11T16:45:36.317+0000] {logging_mixin.py:154} INFO - [2025-03-11T16:45:36.316+0000] {dag.py:2941} INFO - Sync 1 DAGs
[2025-03-11T16:45:36.324+0000] {logging_mixin.py:154} INFO - [2025-03-11T16:45:36.324+0000] {dag.py:3722} INFO - Setting next_dagrun for example_sensor_decorator to None, run_after=None
[2025-03-11T16:45:36.339+0000] {processor.py:179} INFO - Processing /home/airflow/.local/lib/python3.8/site-packages/airflow/example_dags/example_sensor_decorator.py took 0.043 seconds
[2025-03-11T16:46:06.907+0000] {processor.py:157} INFO - Started process (PID=2583) to work on /home/airflow/.local/lib/python3.8/site-packages/airflow/example_dags/example_sensor_decorator.py
[2025-03-11T16:46:06.908+0000] {processor.py:829} INFO - Processing file /home/airflow/.local/lib/python3.8/site-packages/airflow/example_dags/example_sensor_decorator.py for tasks to queue
[2025-03-11T16:46:06.909+0000] {logging_mixin.py:154} INFO - [2025-03-11T16:46:06.909+0000] {dagbag.py:536} INFO - Filling up the DagBag from /home/airflow/.local/lib/python3.8/site-packages/airflow/example_dags/example_sensor_decorator.py
[2025-03-11T16:46:06.911+0000] {processor.py:839} INFO - DAG(s) dict_keys(['example_sensor_decorator']) retrieved from /home/airflow/.local/lib/python3.8/site-packages/airflow/example_dags/example_sensor_decorator.py
[2025-03-11T16:46:06.921+0000] {logging_mixin.py:154} INFO - [2025-03-11T16:46:06.921+0000] {dag.py:2941} INFO - Sync 1 DAGs
[2025-03-11T16:46:06.926+0000] {logging_mixin.py:154} INFO - [2025-03-11T16:46:06.926+0000] {dag.py:3722} INFO - Setting next_dagrun for example_sensor_decorator to None, run_after=None
[2025-03-11T16:46:06.934+0000] {processor.py:179} INFO - Processing /home/airflow/.local/lib/python3.8/site-packages/airflow/example_dags/example_sensor_decorator.py took 0.029 seconds
[2025-03-11T16:46:37.279+0000] {processor.py:157} INFO - Started process (PID=2639) to work on /home/airflow/.local/lib/python3.8/site-packages/airflow/example_dags/example_sensor_decorator.py
[2025-03-11T16:46:37.280+0000] {processor.py:829} INFO - Processing file /home/airflow/.local/lib/python3.8/site-packages/airflow/example_dags/example_sensor_decorator.py for tasks to queue
[2025-03-11T16:46:37.282+0000] {logging_mixin.py:154} INFO - [2025-03-11T16:46:37.281+0000] {dagbag.py:536} INFO - Filling up the DagBag from /home/airflow/.local/lib/python3.8/site-packages/airflow/example_dags/example_sensor_decorator.py
[2025-03-11T16:46:37.285+0000] {processor.py:839} INFO - DAG(s) dict_keys(['example_sensor_decorator']) retrieved from /home/airflow/.local/lib/python3.8/site-packages/airflow/example_dags/example_sensor_decorator.py
[2025-03-11T16:46:37.293+0000] {logging_mixin.py:154} INFO - [2025-03-11T16:46:37.293+0000] {dag.py:2941} INFO - Sync 1 DAGs
[2025-03-11T16:46:37.300+0000] {logging_mixin.py:154} INFO - [2025-03-11T16:46:37.299+0000] {dag.py:3722} INFO - Setting next_dagrun for example_sensor_decorator to None, run_after=None
[2025-03-11T16:46:37.311+0000] {processor.py:179} INFO - Processing /home/airflow/.local/lib/python3.8/site-packages/airflow/example_dags/example_sensor_decorator.py took 0.033 seconds
[2025-03-11T16:47:07.717+0000] {processor.py:157} INFO - Started process (PID=2695) to work on /home/airflow/.local/lib/python3.8/site-packages/airflow/example_dags/example_sensor_decorator.py
[2025-03-11T16:47:07.718+0000] {processor.py:829} INFO - Processing file /home/airflow/.local/lib/python3.8/site-packages/airflow/example_dags/example_sensor_decorator.py for tasks to queue
[2025-03-11T16:47:07.719+0000] {logging_mixin.py:154} INFO - [2025-03-11T16:47:07.719+0000] {dagbag.py:536} INFO - Filling up the DagBag from /home/airflow/.local/lib/python3.8/site-packages/airflow/example_dags/example_sensor_decorator.py
[2025-03-11T16:47:07.722+0000] {processor.py:839} INFO - DAG(s) dict_keys(['example_sensor_decorator']) retrieved from /home/airflow/.local/lib/python3.8/site-packages/airflow/example_dags/example_sensor_decorator.py
[2025-03-11T16:47:07.732+0000] {logging_mixin.py:154} INFO - [2025-03-11T16:47:07.732+0000] {dag.py:2941} INFO - Sync 1 DAGs
[2025-03-11T16:47:07.737+0000] {logging_mixin.py:154} INFO - [2025-03-11T16:47:07.737+0000] {dag.py:3722} INFO - Setting next_dagrun for example_sensor_decorator to None, run_after=None
[2025-03-11T16:47:07.748+0000] {processor.py:179} INFO - Processing /home/airflow/.local/lib/python3.8/site-packages/airflow/example_dags/example_sensor_decorator.py took 0.032 seconds
[2025-03-11T16:47:38.168+0000] {processor.py:157} INFO - Started process (PID=2751) to work on /home/airflow/.local/lib/python3.8/site-packages/airflow/example_dags/example_sensor_decorator.py
[2025-03-11T16:47:38.169+0000] {processor.py:829} INFO - Processing file /home/airflow/.local/lib/python3.8/site-packages/airflow/example_dags/example_sensor_decorator.py for tasks to queue
[2025-03-11T16:47:38.170+0000] {logging_mixin.py:154} INFO - [2025-03-11T16:47:38.170+0000] {dagbag.py:536} INFO - Filling up the DagBag from /home/airflow/.local/lib/python3.8/site-packages/airflow/example_dags/example_sensor_decorator.py
[2025-03-11T16:47:38.173+0000] {processor.py:839} INFO - DAG(s) dict_keys(['example_sensor_decorator']) retrieved from /home/airflow/.local/lib/python3.8/site-packages/airflow/example_dags/example_sensor_decorator.py
[2025-03-11T16:47:38.185+0000] {logging_mixin.py:154} INFO - [2025-03-11T16:47:38.185+0000] {dag.py:2941} INFO - Sync 1 DAGs
[2025-03-11T16:47:38.191+0000] {logging_mixin.py:154} INFO - [2025-03-11T16:47:38.191+0000] {dag.py:3722} INFO - Setting next_dagrun for example_sensor_decorator to None, run_after=None
[2025-03-11T16:47:38.200+0000] {processor.py:179} INFO - Processing /home/airflow/.local/lib/python3.8/site-packages/airflow/example_dags/example_sensor_decorator.py took 0.034 seconds
[2025-03-11T17:32:29.050+0000] {processor.py:157} INFO - Started process (PID=2807) to work on /home/airflow/.local/lib/python3.8/site-packages/airflow/example_dags/example_sensor_decorator.py
[2025-03-11T17:32:29.051+0000] {processor.py:829} INFO - Processing file /home/airflow/.local/lib/python3.8/site-packages/airflow/example_dags/example_sensor_decorator.py for tasks to queue
[2025-03-11T17:32:29.054+0000] {logging_mixin.py:154} INFO - [2025-03-11T17:32:29.053+0000] {dagbag.py:536} INFO - Filling up the DagBag from /home/airflow/.local/lib/python3.8/site-packages/airflow/example_dags/example_sensor_decorator.py
[2025-03-11T17:32:29.059+0000] {processor.py:839} INFO - DAG(s) dict_keys(['example_sensor_decorator']) retrieved from /home/airflow/.local/lib/python3.8/site-packages/airflow/example_dags/example_sensor_decorator.py
[2025-03-11T17:32:29.073+0000] {logging_mixin.py:154} INFO - [2025-03-11T17:32:29.072+0000] {dag.py:2941} INFO - Sync 1 DAGs
[2025-03-11T17:32:29.080+0000] {logging_mixin.py:154} INFO - [2025-03-11T17:32:29.080+0000] {dag.py:3722} INFO - Setting next_dagrun for example_sensor_decorator to None, run_after=None
[2025-03-11T17:32:29.090+0000] {processor.py:179} INFO - Processing /home/airflow/.local/lib/python3.8/site-packages/airflow/example_dags/example_sensor_decorator.py took 0.042 seconds
[2025-03-11T17:50:04.030+0000] {processor.py:157} INFO - Started process (PID=2863) to work on /home/airflow/.local/lib/python3.8/site-packages/airflow/example_dags/example_sensor_decorator.py
[2025-03-11T17:50:04.031+0000] {processor.py:829} INFO - Processing file /home/airflow/.local/lib/python3.8/site-packages/airflow/example_dags/example_sensor_decorator.py for tasks to queue
[2025-03-11T17:50:04.033+0000] {logging_mixin.py:154} INFO - [2025-03-11T17:50:04.033+0000] {dagbag.py:536} INFO - Filling up the DagBag from /home/airflow/.local/lib/python3.8/site-packages/airflow/example_dags/example_sensor_decorator.py
[2025-03-11T17:50:04.037+0000] {processor.py:839} INFO - DAG(s) dict_keys(['example_sensor_decorator']) retrieved from /home/airflow/.local/lib/python3.8/site-packages/airflow/example_dags/example_sensor_decorator.py
[2025-03-11T17:50:04.050+0000] {logging_mixin.py:154} INFO - [2025-03-11T17:50:04.050+0000] {dag.py:2941} INFO - Sync 1 DAGs
[2025-03-11T17:50:04.057+0000] {logging_mixin.py:154} INFO - [2025-03-11T17:50:04.057+0000] {dag.py:3722} INFO - Setting next_dagrun for example_sensor_decorator to None, run_after=None
[2025-03-11T17:50:04.068+0000] {processor.py:179} INFO - Processing /home/airflow/.local/lib/python3.8/site-packages/airflow/example_dags/example_sensor_decorator.py took 0.040 seconds
[2025-03-11T18:01:19.411+0000] {processor.py:157} INFO - Started process (PID=2919) to work on /home/airflow/.local/lib/python3.8/site-packages/airflow/example_dags/example_sensor_decorator.py
[2025-03-11T18:01:19.411+0000] {processor.py:829} INFO - Processing file /home/airflow/.local/lib/python3.8/site-packages/airflow/example_dags/example_sensor_decorator.py for tasks to queue
[2025-03-11T18:01:19.413+0000] {logging_mixin.py:154} INFO - [2025-03-11T18:01:19.413+0000] {dagbag.py:536} INFO - Filling up the DagBag from /home/airflow/.local/lib/python3.8/site-packages/airflow/example_dags/example_sensor_decorator.py
[2025-03-11T18:01:19.417+0000] {processor.py:839} INFO - DAG(s) dict_keys(['example_sensor_decorator']) retrieved from /home/airflow/.local/lib/python3.8/site-packages/airflow/example_dags/example_sensor_decorator.py
[2025-03-11T18:01:19.430+0000] {logging_mixin.py:154} INFO - [2025-03-11T18:01:19.430+0000] {dag.py:2941} INFO - Sync 1 DAGs
[2025-03-11T18:01:19.437+0000] {logging_mixin.py:154} INFO - [2025-03-11T18:01:19.437+0000] {dag.py:3722} INFO - Setting next_dagrun for example_sensor_decorator to None, run_after=None
[2025-03-11T18:01:19.447+0000] {processor.py:179} INFO - Processing /home/airflow/.local/lib/python3.8/site-packages/airflow/example_dags/example_sensor_decorator.py took 0.038 seconds
[2025-03-11T18:17:29.707+0000] {processor.py:157} INFO - Started process (PID=2975) to work on /home/airflow/.local/lib/python3.8/site-packages/airflow/example_dags/example_sensor_decorator.py
[2025-03-11T18:17:29.708+0000] {processor.py:829} INFO - Processing file /home/airflow/.local/lib/python3.8/site-packages/airflow/example_dags/example_sensor_decorator.py for tasks to queue
[2025-03-11T18:17:29.709+0000] {logging_mixin.py:154} INFO - [2025-03-11T18:17:29.709+0000] {dagbag.py:536} INFO - Filling up the DagBag from /home/airflow/.local/lib/python3.8/site-packages/airflow/example_dags/example_sensor_decorator.py
[2025-03-11T18:17:29.714+0000] {processor.py:839} INFO - DAG(s) dict_keys(['example_sensor_decorator']) retrieved from /home/airflow/.local/lib/python3.8/site-packages/airflow/example_dags/example_sensor_decorator.py
[2025-03-11T18:17:29.727+0000] {logging_mixin.py:154} INFO - [2025-03-11T18:17:29.726+0000] {dag.py:2941} INFO - Sync 1 DAGs
[2025-03-11T18:17:29.734+0000] {logging_mixin.py:154} INFO - [2025-03-11T18:17:29.734+0000] {dag.py:3722} INFO - Setting next_dagrun for example_sensor_decorator to None, run_after=None
[2025-03-11T18:17:29.744+0000] {processor.py:179} INFO - Processing /home/airflow/.local/lib/python3.8/site-packages/airflow/example_dags/example_sensor_decorator.py took 0.038 seconds
[2025-03-11T18:35:56.191+0000] {processor.py:157} INFO - Started process (PID=3031) to work on /home/airflow/.local/lib/python3.8/site-packages/airflow/example_dags/example_sensor_decorator.py
[2025-03-11T18:35:56.192+0000] {processor.py:829} INFO - Processing file /home/airflow/.local/lib/python3.8/site-packages/airflow/example_dags/example_sensor_decorator.py for tasks to queue
[2025-03-11T18:35:56.193+0000] {logging_mixin.py:154} INFO - [2025-03-11T18:35:56.193+0000] {dagbag.py:536} INFO - Filling up the DagBag from /home/airflow/.local/lib/python3.8/site-packages/airflow/example_dags/example_sensor_decorator.py
[2025-03-11T18:35:56.197+0000] {processor.py:839} INFO - DAG(s) dict_keys(['example_sensor_decorator']) retrieved from /home/airflow/.local/lib/python3.8/site-packages/airflow/example_dags/example_sensor_decorator.py
[2025-03-11T18:35:56.210+0000] {logging_mixin.py:154} INFO - [2025-03-11T18:35:56.209+0000] {dag.py:2941} INFO - Sync 1 DAGs
[2025-03-11T18:35:56.218+0000] {logging_mixin.py:154} INFO - [2025-03-11T18:35:56.217+0000] {dag.py:3722} INFO - Setting next_dagrun for example_sensor_decorator to None, run_after=None
[2025-03-11T18:35:56.234+0000] {processor.py:179} INFO - Processing /home/airflow/.local/lib/python3.8/site-packages/airflow/example_dags/example_sensor_decorator.py took 0.045 seconds
[2025-03-11T18:46:20.862+0000] {processor.py:157} INFO - Started process (PID=3087) to work on /home/airflow/.local/lib/python3.8/site-packages/airflow/example_dags/example_sensor_decorator.py
[2025-03-11T18:46:20.862+0000] {processor.py:829} INFO - Processing file /home/airflow/.local/lib/python3.8/site-packages/airflow/example_dags/example_sensor_decorator.py for tasks to queue
[2025-03-11T18:46:20.863+0000] {logging_mixin.py:154} INFO - [2025-03-11T18:46:20.863+0000] {dagbag.py:536} INFO - Filling up the DagBag from /home/airflow/.local/lib/python3.8/site-packages/airflow/example_dags/example_sensor_decorator.py
[2025-03-11T18:46:20.866+0000] {processor.py:839} INFO - DAG(s) dict_keys(['example_sensor_decorator']) retrieved from /home/airflow/.local/lib/python3.8/site-packages/airflow/example_dags/example_sensor_decorator.py
[2025-03-11T18:46:20.874+0000] {logging_mixin.py:154} INFO - [2025-03-11T18:46:20.874+0000] {dag.py:2941} INFO - Sync 1 DAGs
[2025-03-11T18:46:20.878+0000] {logging_mixin.py:154} INFO - [2025-03-11T18:46:20.878+0000] {dag.py:3722} INFO - Setting next_dagrun for example_sensor_decorator to None, run_after=None
[2025-03-11T18:46:20.884+0000] {processor.py:179} INFO - Processing /home/airflow/.local/lib/python3.8/site-packages/airflow/example_dags/example_sensor_decorator.py took 0.024 seconds
[2025-03-11T19:18:29.140+0000] {processor.py:157} INFO - Started process (PID=3143) to work on /home/airflow/.local/lib/python3.8/site-packages/airflow/example_dags/example_sensor_decorator.py
[2025-03-11T19:18:29.140+0000] {processor.py:829} INFO - Processing file /home/airflow/.local/lib/python3.8/site-packages/airflow/example_dags/example_sensor_decorator.py for tasks to queue
[2025-03-11T19:18:29.141+0000] {logging_mixin.py:154} INFO - [2025-03-11T19:18:29.141+0000] {dagbag.py:536} INFO - Filling up the DagBag from /home/airflow/.local/lib/python3.8/site-packages/airflow/example_dags/example_sensor_decorator.py
[2025-03-11T19:18:29.143+0000] {processor.py:839} INFO - DAG(s) dict_keys(['example_sensor_decorator']) retrieved from /home/airflow/.local/lib/python3.8/site-packages/airflow/example_dags/example_sensor_decorator.py
[2025-03-11T19:18:29.151+0000] {logging_mixin.py:154} INFO - [2025-03-11T19:18:29.151+0000] {dag.py:2941} INFO - Sync 1 DAGs
[2025-03-11T19:18:29.155+0000] {logging_mixin.py:154} INFO - [2025-03-11T19:18:29.155+0000] {dag.py:3722} INFO - Setting next_dagrun for example_sensor_decorator to None, run_after=None
[2025-03-11T19:18:29.161+0000] {processor.py:179} INFO - Processing /home/airflow/.local/lib/python3.8/site-packages/airflow/example_dags/example_sensor_decorator.py took 0.023 seconds
[2025-03-11T19:19:34.090+0000] {processor.py:157} INFO - Started process (PID=3199) to work on /home/airflow/.local/lib/python3.8/site-packages/airflow/example_dags/example_sensor_decorator.py
[2025-03-11T19:19:34.091+0000] {processor.py:829} INFO - Processing file /home/airflow/.local/lib/python3.8/site-packages/airflow/example_dags/example_sensor_decorator.py for tasks to queue
[2025-03-11T19:19:34.092+0000] {logging_mixin.py:154} INFO - [2025-03-11T19:19:34.092+0000] {dagbag.py:536} INFO - Filling up the DagBag from /home/airflow/.local/lib/python3.8/site-packages/airflow/example_dags/example_sensor_decorator.py
[2025-03-11T19:19:34.094+0000] {processor.py:839} INFO - DAG(s) dict_keys(['example_sensor_decorator']) retrieved from /home/airflow/.local/lib/python3.8/site-packages/airflow/example_dags/example_sensor_decorator.py
[2025-03-11T19:19:34.102+0000] {logging_mixin.py:154} INFO - [2025-03-11T19:19:34.102+0000] {dag.py:2941} INFO - Sync 1 DAGs
[2025-03-11T19:19:34.106+0000] {logging_mixin.py:154} INFO - [2025-03-11T19:19:34.106+0000] {dag.py:3722} INFO - Setting next_dagrun for example_sensor_decorator to None, run_after=None
[2025-03-11T19:19:34.112+0000] {processor.py:179} INFO - Processing /home/airflow/.local/lib/python3.8/site-packages/airflow/example_dags/example_sensor_decorator.py took 0.023 seconds
[2025-03-11T19:20:05.247+0000] {processor.py:157} INFO - Started process (PID=3255) to work on /home/airflow/.local/lib/python3.8/site-packages/airflow/example_dags/example_sensor_decorator.py
[2025-03-11T19:20:05.247+0000] {processor.py:829} INFO - Processing file /home/airflow/.local/lib/python3.8/site-packages/airflow/example_dags/example_sensor_decorator.py for tasks to queue
[2025-03-11T19:20:05.248+0000] {logging_mixin.py:154} INFO - [2025-03-11T19:20:05.248+0000] {dagbag.py:536} INFO - Filling up the DagBag from /home/airflow/.local/lib/python3.8/site-packages/airflow/example_dags/example_sensor_decorator.py
[2025-03-11T19:20:05.251+0000] {processor.py:839} INFO - DAG(s) dict_keys(['example_sensor_decorator']) retrieved from /home/airflow/.local/lib/python3.8/site-packages/airflow/example_dags/example_sensor_decorator.py
[2025-03-11T19:20:05.259+0000] {logging_mixin.py:154} INFO - [2025-03-11T19:20:05.259+0000] {dag.py:2941} INFO - Sync 1 DAGs
[2025-03-11T19:20:05.263+0000] {logging_mixin.py:154} INFO - [2025-03-11T19:20:05.263+0000] {dag.py:3722} INFO - Setting next_dagrun for example_sensor_decorator to None, run_after=None
[2025-03-11T19:20:05.269+0000] {processor.py:179} INFO - Processing /home/airflow/.local/lib/python3.8/site-packages/airflow/example_dags/example_sensor_decorator.py took 0.024 seconds
[2025-03-11T19:20:36.659+0000] {processor.py:157} INFO - Started process (PID=3311) to work on /home/airflow/.local/lib/python3.8/site-packages/airflow/example_dags/example_sensor_decorator.py
[2025-03-11T19:20:36.659+0000] {processor.py:829} INFO - Processing file /home/airflow/.local/lib/python3.8/site-packages/airflow/example_dags/example_sensor_decorator.py for tasks to queue
[2025-03-11T19:20:36.660+0000] {logging_mixin.py:154} INFO - [2025-03-11T19:20:36.660+0000] {dagbag.py:536} INFO - Filling up the DagBag from /home/airflow/.local/lib/python3.8/site-packages/airflow/example_dags/example_sensor_decorator.py
[2025-03-11T19:20:36.663+0000] {processor.py:839} INFO - DAG(s) dict_keys(['example_sensor_decorator']) retrieved from /home/airflow/.local/lib/python3.8/site-packages/airflow/example_dags/example_sensor_decorator.py
[2025-03-11T19:20:36.671+0000] {logging_mixin.py:154} INFO - [2025-03-11T19:20:36.671+0000] {dag.py:2941} INFO - Sync 1 DAGs
[2025-03-11T19:20:36.675+0000] {logging_mixin.py:154} INFO - [2025-03-11T19:20:36.675+0000] {dag.py:3722} INFO - Setting next_dagrun for example_sensor_decorator to None, run_after=None
[2025-03-11T19:20:36.681+0000] {processor.py:179} INFO - Processing /home/airflow/.local/lib/python3.8/site-packages/airflow/example_dags/example_sensor_decorator.py took 0.024 seconds
[2025-03-11T19:21:06.768+0000] {processor.py:157} INFO - Started process (PID=3366) to work on /home/airflow/.local/lib/python3.8/site-packages/airflow/example_dags/example_sensor_decorator.py
[2025-03-11T19:21:06.768+0000] {processor.py:829} INFO - Processing file /home/airflow/.local/lib/python3.8/site-packages/airflow/example_dags/example_sensor_decorator.py for tasks to queue
[2025-03-11T19:21:06.769+0000] {logging_mixin.py:154} INFO - [2025-03-11T19:21:06.769+0000] {dagbag.py:536} INFO - Filling up the DagBag from /home/airflow/.local/lib/python3.8/site-packages/airflow/example_dags/example_sensor_decorator.py
[2025-03-11T19:21:06.771+0000] {processor.py:839} INFO - DAG(s) dict_keys(['example_sensor_decorator']) retrieved from /home/airflow/.local/lib/python3.8/site-packages/airflow/example_dags/example_sensor_decorator.py
[2025-03-11T19:21:06.779+0000] {logging_mixin.py:154} INFO - [2025-03-11T19:21:06.779+0000] {dag.py:2941} INFO - Sync 1 DAGs
[2025-03-11T19:21:06.783+0000] {logging_mixin.py:154} INFO - [2025-03-11T19:21:06.783+0000] {dag.py:3722} INFO - Setting next_dagrun for example_sensor_decorator to None, run_after=None
[2025-03-11T19:21:06.789+0000] {processor.py:179} INFO - Processing /home/airflow/.local/lib/python3.8/site-packages/airflow/example_dags/example_sensor_decorator.py took 0.023 seconds
[2025-03-11T19:21:37.933+0000] {processor.py:157} INFO - Started process (PID=3422) to work on /home/airflow/.local/lib/python3.8/site-packages/airflow/example_dags/example_sensor_decorator.py
[2025-03-11T19:21:37.933+0000] {processor.py:829} INFO - Processing file /home/airflow/.local/lib/python3.8/site-packages/airflow/example_dags/example_sensor_decorator.py for tasks to queue
[2025-03-11T19:21:37.934+0000] {logging_mixin.py:154} INFO - [2025-03-11T19:21:37.934+0000] {dagbag.py:536} INFO - Filling up the DagBag from /home/airflow/.local/lib/python3.8/site-packages/airflow/example_dags/example_sensor_decorator.py
[2025-03-11T19:21:37.937+0000] {processor.py:839} INFO - DAG(s) dict_keys(['example_sensor_decorator']) retrieved from /home/airflow/.local/lib/python3.8/site-packages/airflow/example_dags/example_sensor_decorator.py
[2025-03-11T19:21:37.948+0000] {logging_mixin.py:154} INFO - [2025-03-11T19:21:37.948+0000] {dag.py:2941} INFO - Sync 1 DAGs
[2025-03-11T19:21:37.953+0000] {logging_mixin.py:154} INFO - [2025-03-11T19:21:37.953+0000] {dag.py:3722} INFO - Setting next_dagrun for example_sensor_decorator to None, run_after=None
[2025-03-11T19:21:37.963+0000] {processor.py:179} INFO - Processing /home/airflow/.local/lib/python3.8/site-packages/airflow/example_dags/example_sensor_decorator.py took 0.031 seconds
[2025-03-11T19:23:09.229+0000] {processor.py:157} INFO - Started process (PID=3479) to work on /home/airflow/.local/lib/python3.8/site-packages/airflow/example_dags/example_sensor_decorator.py
[2025-03-11T19:23:09.229+0000] {processor.py:829} INFO - Processing file /home/airflow/.local/lib/python3.8/site-packages/airflow/example_dags/example_sensor_decorator.py for tasks to queue
[2025-03-11T19:23:09.230+0000] {logging_mixin.py:154} INFO - [2025-03-11T19:23:09.230+0000] {dagbag.py:536} INFO - Filling up the DagBag from /home/airflow/.local/lib/python3.8/site-packages/airflow/example_dags/example_sensor_decorator.py
[2025-03-11T19:23:09.232+0000] {processor.py:839} INFO - DAG(s) dict_keys(['example_sensor_decorator']) retrieved from /home/airflow/.local/lib/python3.8/site-packages/airflow/example_dags/example_sensor_decorator.py
[2025-03-11T19:23:09.240+0000] {logging_mixin.py:154} INFO - [2025-03-11T19:23:09.240+0000] {dag.py:2941} INFO - Sync 1 DAGs
[2025-03-11T19:23:09.244+0000] {logging_mixin.py:154} INFO - [2025-03-11T19:23:09.244+0000] {dag.py:3722} INFO - Setting next_dagrun for example_sensor_decorator to None, run_after=None
[2025-03-11T19:23:09.250+0000] {processor.py:179} INFO - Processing /home/airflow/.local/lib/python3.8/site-packages/airflow/example_dags/example_sensor_decorator.py took 0.023 seconds
[2025-03-11T19:23:39.954+0000] {processor.py:157} INFO - Started process (PID=3534) to work on /home/airflow/.local/lib/python3.8/site-packages/airflow/example_dags/example_sensor_decorator.py
[2025-03-11T19:23:39.954+0000] {processor.py:829} INFO - Processing file /home/airflow/.local/lib/python3.8/site-packages/airflow/example_dags/example_sensor_decorator.py for tasks to queue
[2025-03-11T19:23:39.955+0000] {logging_mixin.py:154} INFO - [2025-03-11T19:23:39.955+0000] {dagbag.py:536} INFO - Filling up the DagBag from /home/airflow/.local/lib/python3.8/site-packages/airflow/example_dags/example_sensor_decorator.py
[2025-03-11T19:23:39.957+0000] {processor.py:839} INFO - DAG(s) dict_keys(['example_sensor_decorator']) retrieved from /home/airflow/.local/lib/python3.8/site-packages/airflow/example_dags/example_sensor_decorator.py
[2025-03-11T19:23:39.967+0000] {logging_mixin.py:154} INFO - [2025-03-11T19:23:39.966+0000] {dag.py:2941} INFO - Sync 1 DAGs
[2025-03-11T19:23:39.972+0000] {logging_mixin.py:154} INFO - [2025-03-11T19:23:39.972+0000] {dag.py:3722} INFO - Setting next_dagrun for example_sensor_decorator to None, run_after=None
[2025-03-11T19:23:39.981+0000] {processor.py:179} INFO - Processing /home/airflow/.local/lib/python3.8/site-packages/airflow/example_dags/example_sensor_decorator.py took 0.029 seconds
[2025-03-11T19:25:13.860+0000] {processor.py:157} INFO - Started process (PID=3591) to work on /home/airflow/.local/lib/python3.8/site-packages/airflow/example_dags/example_sensor_decorator.py
[2025-03-11T19:25:13.860+0000] {processor.py:829} INFO - Processing file /home/airflow/.local/lib/python3.8/site-packages/airflow/example_dags/example_sensor_decorator.py for tasks to queue
[2025-03-11T19:25:13.861+0000] {logging_mixin.py:154} INFO - [2025-03-11T19:25:13.861+0000] {dagbag.py:536} INFO - Filling up the DagBag from /home/airflow/.local/lib/python3.8/site-packages/airflow/example_dags/example_sensor_decorator.py
[2025-03-11T19:25:13.864+0000] {processor.py:839} INFO - DAG(s) dict_keys(['example_sensor_decorator']) retrieved from /home/airflow/.local/lib/python3.8/site-packages/airflow/example_dags/example_sensor_decorator.py
[2025-03-11T19:25:13.873+0000] {logging_mixin.py:154} INFO - [2025-03-11T19:25:13.872+0000] {dag.py:2941} INFO - Sync 1 DAGs
[2025-03-11T19:25:13.877+0000] {logging_mixin.py:154} INFO - [2025-03-11T19:25:13.877+0000] {dag.py:3722} INFO - Setting next_dagrun for example_sensor_decorator to None, run_after=None
[2025-03-11T19:25:13.883+0000] {processor.py:179} INFO - Processing /home/airflow/.local/lib/python3.8/site-packages/airflow/example_dags/example_sensor_decorator.py took 0.024 seconds
[2025-03-11T19:25:45.806+0000] {processor.py:157} INFO - Started process (PID=3647) to work on /home/airflow/.local/lib/python3.8/site-packages/airflow/example_dags/example_sensor_decorator.py
[2025-03-11T19:25:45.806+0000] {processor.py:829} INFO - Processing file /home/airflow/.local/lib/python3.8/site-packages/airflow/example_dags/example_sensor_decorator.py for tasks to queue
[2025-03-11T19:25:45.807+0000] {logging_mixin.py:154} INFO - [2025-03-11T19:25:45.807+0000] {dagbag.py:536} INFO - Filling up the DagBag from /home/airflow/.local/lib/python3.8/site-packages/airflow/example_dags/example_sensor_decorator.py
[2025-03-11T19:25:45.810+0000] {processor.py:839} INFO - DAG(s) dict_keys(['example_sensor_decorator']) retrieved from /home/airflow/.local/lib/python3.8/site-packages/airflow/example_dags/example_sensor_decorator.py
[2025-03-11T19:25:45.818+0000] {logging_mixin.py:154} INFO - [2025-03-11T19:25:45.818+0000] {dag.py:2941} INFO - Sync 1 DAGs
[2025-03-11T19:25:45.823+0000] {logging_mixin.py:154} INFO - [2025-03-11T19:25:45.823+0000] {dag.py:3722} INFO - Setting next_dagrun for example_sensor_decorator to None, run_after=None
[2025-03-11T19:25:45.829+0000] {processor.py:179} INFO - Processing /home/airflow/.local/lib/python3.8/site-packages/airflow/example_dags/example_sensor_decorator.py took 0.024 seconds
[2025-03-11T19:28:36.456+0000] {processor.py:157} INFO - Started process (PID=3703) to work on /home/airflow/.local/lib/python3.8/site-packages/airflow/example_dags/example_sensor_decorator.py
[2025-03-11T19:28:36.457+0000] {processor.py:829} INFO - Processing file /home/airflow/.local/lib/python3.8/site-packages/airflow/example_dags/example_sensor_decorator.py for tasks to queue
[2025-03-11T19:28:36.458+0000] {logging_mixin.py:154} INFO - [2025-03-11T19:28:36.458+0000] {dagbag.py:536} INFO - Filling up the DagBag from /home/airflow/.local/lib/python3.8/site-packages/airflow/example_dags/example_sensor_decorator.py
[2025-03-11T19:28:36.462+0000] {processor.py:839} INFO - DAG(s) dict_keys(['example_sensor_decorator']) retrieved from /home/airflow/.local/lib/python3.8/site-packages/airflow/example_dags/example_sensor_decorator.py
[2025-03-11T19:28:36.474+0000] {logging_mixin.py:154} INFO - [2025-03-11T19:28:36.474+0000] {dag.py:2941} INFO - Sync 1 DAGs
[2025-03-11T19:28:36.482+0000] {logging_mixin.py:154} INFO - [2025-03-11T19:28:36.481+0000] {dag.py:3722} INFO - Setting next_dagrun for example_sensor_decorator to None, run_after=None
[2025-03-11T19:28:36.491+0000] {processor.py:179} INFO - Processing /home/airflow/.local/lib/python3.8/site-packages/airflow/example_dags/example_sensor_decorator.py took 0.037 seconds
[2025-03-11T19:31:32.416+0000] {processor.py:157} INFO - Started process (PID=3759) to work on /home/airflow/.local/lib/python3.8/site-packages/airflow/example_dags/example_sensor_decorator.py
[2025-03-11T19:31:32.416+0000] {processor.py:829} INFO - Processing file /home/airflow/.local/lib/python3.8/site-packages/airflow/example_dags/example_sensor_decorator.py for tasks to queue
[2025-03-11T19:31:32.417+0000] {logging_mixin.py:154} INFO - [2025-03-11T19:31:32.417+0000] {dagbag.py:536} INFO - Filling up the DagBag from /home/airflow/.local/lib/python3.8/site-packages/airflow/example_dags/example_sensor_decorator.py
[2025-03-11T19:31:32.420+0000] {processor.py:839} INFO - DAG(s) dict_keys(['example_sensor_decorator']) retrieved from /home/airflow/.local/lib/python3.8/site-packages/airflow/example_dags/example_sensor_decorator.py
[2025-03-11T19:31:32.429+0000] {logging_mixin.py:154} INFO - [2025-03-11T19:31:32.429+0000] {dag.py:2941} INFO - Sync 1 DAGs
[2025-03-11T19:31:32.434+0000] {logging_mixin.py:154} INFO - [2025-03-11T19:31:32.434+0000] {dag.py:3722} INFO - Setting next_dagrun for example_sensor_decorator to None, run_after=None
[2025-03-11T19:31:32.440+0000] {processor.py:179} INFO - Processing /home/airflow/.local/lib/python3.8/site-packages/airflow/example_dags/example_sensor_decorator.py took 0.026 seconds
[2025-03-11T19:32:37.232+0000] {processor.py:157} INFO - Started process (PID=3815) to work on /home/airflow/.local/lib/python3.8/site-packages/airflow/example_dags/example_sensor_decorator.py
[2025-03-11T19:32:37.233+0000] {processor.py:829} INFO - Processing file /home/airflow/.local/lib/python3.8/site-packages/airflow/example_dags/example_sensor_decorator.py for tasks to queue
[2025-03-11T19:32:37.233+0000] {logging_mixin.py:154} INFO - [2025-03-11T19:32:37.233+0000] {dagbag.py:536} INFO - Filling up the DagBag from /home/airflow/.local/lib/python3.8/site-packages/airflow/example_dags/example_sensor_decorator.py
[2025-03-11T19:32:37.236+0000] {processor.py:839} INFO - DAG(s) dict_keys(['example_sensor_decorator']) retrieved from /home/airflow/.local/lib/python3.8/site-packages/airflow/example_dags/example_sensor_decorator.py
[2025-03-11T19:32:37.243+0000] {logging_mixin.py:154} INFO - [2025-03-11T19:32:37.243+0000] {dag.py:2941} INFO - Sync 1 DAGs
[2025-03-11T19:32:37.248+0000] {logging_mixin.py:154} INFO - [2025-03-11T19:32:37.248+0000] {dag.py:3722} INFO - Setting next_dagrun for example_sensor_decorator to None, run_after=None
[2025-03-11T19:32:37.254+0000] {processor.py:179} INFO - Processing /home/airflow/.local/lib/python3.8/site-packages/airflow/example_dags/example_sensor_decorator.py took 0.023 seconds
[2025-03-11T19:35:45.456+0000] {processor.py:157} INFO - Started process (PID=3871) to work on /home/airflow/.local/lib/python3.8/site-packages/airflow/example_dags/example_sensor_decorator.py
[2025-03-11T19:35:45.456+0000] {processor.py:829} INFO - Processing file /home/airflow/.local/lib/python3.8/site-packages/airflow/example_dags/example_sensor_decorator.py for tasks to queue
[2025-03-11T19:35:45.457+0000] {logging_mixin.py:154} INFO - [2025-03-11T19:35:45.457+0000] {dagbag.py:536} INFO - Filling up the DagBag from /home/airflow/.local/lib/python3.8/site-packages/airflow/example_dags/example_sensor_decorator.py
[2025-03-11T19:35:45.460+0000] {processor.py:839} INFO - DAG(s) dict_keys(['example_sensor_decorator']) retrieved from /home/airflow/.local/lib/python3.8/site-packages/airflow/example_dags/example_sensor_decorator.py
[2025-03-11T19:35:45.468+0000] {logging_mixin.py:154} INFO - [2025-03-11T19:35:45.468+0000] {dag.py:2941} INFO - Sync 1 DAGs
[2025-03-11T19:35:45.472+0000] {logging_mixin.py:154} INFO - [2025-03-11T19:35:45.472+0000] {dag.py:3722} INFO - Setting next_dagrun for example_sensor_decorator to None, run_after=None
[2025-03-11T19:35:45.478+0000] {processor.py:179} INFO - Processing /home/airflow/.local/lib/python3.8/site-packages/airflow/example_dags/example_sensor_decorator.py took 0.023 seconds
[2025-03-11T19:37:02.247+0000] {processor.py:157} INFO - Started process (PID=3927) to work on /home/airflow/.local/lib/python3.8/site-packages/airflow/example_dags/example_sensor_decorator.py
[2025-03-11T19:37:02.247+0000] {processor.py:829} INFO - Processing file /home/airflow/.local/lib/python3.8/site-packages/airflow/example_dags/example_sensor_decorator.py for tasks to queue
[2025-03-11T19:37:02.248+0000] {logging_mixin.py:154} INFO - [2025-03-11T19:37:02.248+0000] {dagbag.py:536} INFO - Filling up the DagBag from /home/airflow/.local/lib/python3.8/site-packages/airflow/example_dags/example_sensor_decorator.py
[2025-03-11T19:37:02.251+0000] {processor.py:839} INFO - DAG(s) dict_keys(['example_sensor_decorator']) retrieved from /home/airflow/.local/lib/python3.8/site-packages/airflow/example_dags/example_sensor_decorator.py
[2025-03-11T19:37:02.260+0000] {logging_mixin.py:154} INFO - [2025-03-11T19:37:02.260+0000] {dag.py:2941} INFO - Sync 1 DAGs
[2025-03-11T19:37:02.265+0000] {logging_mixin.py:154} INFO - [2025-03-11T19:37:02.265+0000] {dag.py:3722} INFO - Setting next_dagrun for example_sensor_decorator to None, run_after=None
[2025-03-11T19:37:02.271+0000] {processor.py:179} INFO - Processing /home/airflow/.local/lib/python3.8/site-packages/airflow/example_dags/example_sensor_decorator.py took 0.026 seconds
[2025-03-11T19:37:33.439+0000] {processor.py:157} INFO - Started process (PID=3981) to work on /home/airflow/.local/lib/python3.8/site-packages/airflow/example_dags/example_sensor_decorator.py
[2025-03-11T19:37:33.439+0000] {processor.py:829} INFO - Processing file /home/airflow/.local/lib/python3.8/site-packages/airflow/example_dags/example_sensor_decorator.py for tasks to queue
[2025-03-11T19:37:33.440+0000] {logging_mixin.py:154} INFO - [2025-03-11T19:37:33.440+0000] {dagbag.py:536} INFO - Filling up the DagBag from /home/airflow/.local/lib/python3.8/site-packages/airflow/example_dags/example_sensor_decorator.py
[2025-03-11T19:37:33.443+0000] {processor.py:839} INFO - DAG(s) dict_keys(['example_sensor_decorator']) retrieved from /home/airflow/.local/lib/python3.8/site-packages/airflow/example_dags/example_sensor_decorator.py
[2025-03-11T19:37:33.454+0000] {logging_mixin.py:154} INFO - [2025-03-11T19:37:33.453+0000] {dag.py:2941} INFO - Sync 1 DAGs
[2025-03-11T19:37:33.460+0000] {logging_mixin.py:154} INFO - [2025-03-11T19:37:33.460+0000] {dag.py:3722} INFO - Setting next_dagrun for example_sensor_decorator to None, run_after=None
[2025-03-11T19:37:33.472+0000] {processor.py:179} INFO - Processing /home/airflow/.local/lib/python3.8/site-packages/airflow/example_dags/example_sensor_decorator.py took 0.035 seconds
[2025-03-11T19:40:44.556+0000] {processor.py:157} INFO - Started process (PID=4038) to work on /home/airflow/.local/lib/python3.8/site-packages/airflow/example_dags/example_sensor_decorator.py
[2025-03-11T19:40:44.556+0000] {processor.py:829} INFO - Processing file /home/airflow/.local/lib/python3.8/site-packages/airflow/example_dags/example_sensor_decorator.py for tasks to queue
[2025-03-11T19:40:44.557+0000] {logging_mixin.py:154} INFO - [2025-03-11T19:40:44.557+0000] {dagbag.py:536} INFO - Filling up the DagBag from /home/airflow/.local/lib/python3.8/site-packages/airflow/example_dags/example_sensor_decorator.py
[2025-03-11T19:40:44.559+0000] {processor.py:839} INFO - DAG(s) dict_keys(['example_sensor_decorator']) retrieved from /home/airflow/.local/lib/python3.8/site-packages/airflow/example_dags/example_sensor_decorator.py
[2025-03-11T19:40:44.567+0000] {logging_mixin.py:154} INFO - [2025-03-11T19:40:44.567+0000] {dag.py:2941} INFO - Sync 1 DAGs
[2025-03-11T19:40:44.571+0000] {logging_mixin.py:154} INFO - [2025-03-11T19:40:44.571+0000] {dag.py:3722} INFO - Setting next_dagrun for example_sensor_decorator to None, run_after=None
[2025-03-11T19:40:44.578+0000] {processor.py:179} INFO - Processing /home/airflow/.local/lib/python3.8/site-packages/airflow/example_dags/example_sensor_decorator.py took 0.023 seconds
[2025-03-11T19:43:30.520+0000] {processor.py:157} INFO - Started process (PID=4094) to work on /home/airflow/.local/lib/python3.8/site-packages/airflow/example_dags/example_sensor_decorator.py
[2025-03-11T19:43:30.521+0000] {processor.py:829} INFO - Processing file /home/airflow/.local/lib/python3.8/site-packages/airflow/example_dags/example_sensor_decorator.py for tasks to queue
[2025-03-11T19:43:30.522+0000] {logging_mixin.py:154} INFO - [2025-03-11T19:43:30.522+0000] {dagbag.py:536} INFO - Filling up the DagBag from /home/airflow/.local/lib/python3.8/site-packages/airflow/example_dags/example_sensor_decorator.py
[2025-03-11T19:43:30.526+0000] {processor.py:839} INFO - DAG(s) dict_keys(['example_sensor_decorator']) retrieved from /home/airflow/.local/lib/python3.8/site-packages/airflow/example_dags/example_sensor_decorator.py
[2025-03-11T19:43:30.537+0000] {logging_mixin.py:154} INFO - [2025-03-11T19:43:30.537+0000] {dag.py:2941} INFO - Sync 1 DAGs
[2025-03-11T19:43:30.543+0000] {logging_mixin.py:154} INFO - [2025-03-11T19:43:30.543+0000] {dag.py:3722} INFO - Setting next_dagrun for example_sensor_decorator to None, run_after=None
[2025-03-11T19:43:30.553+0000] {processor.py:179} INFO - Processing /home/airflow/.local/lib/python3.8/site-packages/airflow/example_dags/example_sensor_decorator.py took 0.034 seconds
[2025-03-11T19:44:01.729+0000] {processor.py:157} INFO - Started process (PID=4150) to work on /home/airflow/.local/lib/python3.8/site-packages/airflow/example_dags/example_sensor_decorator.py
[2025-03-11T19:44:01.729+0000] {processor.py:829} INFO - Processing file /home/airflow/.local/lib/python3.8/site-packages/airflow/example_dags/example_sensor_decorator.py for tasks to queue
[2025-03-11T19:44:01.730+0000] {logging_mixin.py:154} INFO - [2025-03-11T19:44:01.730+0000] {dagbag.py:536} INFO - Filling up the DagBag from /home/airflow/.local/lib/python3.8/site-packages/airflow/example_dags/example_sensor_decorator.py
[2025-03-11T19:44:01.733+0000] {processor.py:839} INFO - DAG(s) dict_keys(['example_sensor_decorator']) retrieved from /home/airflow/.local/lib/python3.8/site-packages/airflow/example_dags/example_sensor_decorator.py
[2025-03-11T19:44:01.741+0000] {logging_mixin.py:154} INFO - [2025-03-11T19:44:01.741+0000] {dag.py:2941} INFO - Sync 1 DAGs
[2025-03-11T19:44:01.747+0000] {logging_mixin.py:154} INFO - [2025-03-11T19:44:01.747+0000] {dag.py:3722} INFO - Setting next_dagrun for example_sensor_decorator to None, run_after=None
[2025-03-11T19:44:01.753+0000] {processor.py:179} INFO - Processing /home/airflow/.local/lib/python3.8/site-packages/airflow/example_dags/example_sensor_decorator.py took 0.026 seconds
[2025-03-11T20:50:25.970+0000] {processor.py:157} INFO - Started process (PID=4206) to work on /home/airflow/.local/lib/python3.8/site-packages/airflow/example_dags/example_sensor_decorator.py
[2025-03-11T20:50:25.971+0000] {processor.py:829} INFO - Processing file /home/airflow/.local/lib/python3.8/site-packages/airflow/example_dags/example_sensor_decorator.py for tasks to queue
[2025-03-11T20:50:25.972+0000] {logging_mixin.py:154} INFO - [2025-03-11T20:50:25.972+0000] {dagbag.py:536} INFO - Filling up the DagBag from /home/airflow/.local/lib/python3.8/site-packages/airflow/example_dags/example_sensor_decorator.py
[2025-03-11T20:50:25.976+0000] {processor.py:839} INFO - DAG(s) dict_keys(['example_sensor_decorator']) retrieved from /home/airflow/.local/lib/python3.8/site-packages/airflow/example_dags/example_sensor_decorator.py
[2025-03-11T20:50:25.989+0000] {logging_mixin.py:154} INFO - [2025-03-11T20:50:25.988+0000] {dag.py:2941} INFO - Sync 1 DAGs
[2025-03-11T20:50:25.995+0000] {logging_mixin.py:154} INFO - [2025-03-11T20:50:25.995+0000] {dag.py:3722} INFO - Setting next_dagrun for example_sensor_decorator to None, run_after=None
[2025-03-11T20:50:26.005+0000] {processor.py:179} INFO - Processing /home/airflow/.local/lib/python3.8/site-packages/airflow/example_dags/example_sensor_decorator.py took 0.037 seconds
[2025-03-11T21:07:27.076+0000] {processor.py:157} INFO - Started process (PID=4262) to work on /home/airflow/.local/lib/python3.8/site-packages/airflow/example_dags/example_sensor_decorator.py
[2025-03-11T21:07:27.077+0000] {processor.py:829} INFO - Processing file /home/airflow/.local/lib/python3.8/site-packages/airflow/example_dags/example_sensor_decorator.py for tasks to queue
[2025-03-11T21:07:27.078+0000] {logging_mixin.py:154} INFO - [2025-03-11T21:07:27.078+0000] {dagbag.py:536} INFO - Filling up the DagBag from /home/airflow/.local/lib/python3.8/site-packages/airflow/example_dags/example_sensor_decorator.py
[2025-03-11T21:07:27.083+0000] {processor.py:839} INFO - DAG(s) dict_keys(['example_sensor_decorator']) retrieved from /home/airflow/.local/lib/python3.8/site-packages/airflow/example_dags/example_sensor_decorator.py
[2025-03-11T21:07:27.097+0000] {logging_mixin.py:154} INFO - [2025-03-11T21:07:27.096+0000] {dag.py:2941} INFO - Sync 1 DAGs
[2025-03-11T21:07:27.104+0000] {logging_mixin.py:154} INFO - [2025-03-11T21:07:27.104+0000] {dag.py:3722} INFO - Setting next_dagrun for example_sensor_decorator to None, run_after=None
[2025-03-11T21:07:27.114+0000] {processor.py:179} INFO - Processing /home/airflow/.local/lib/python3.8/site-packages/airflow/example_dags/example_sensor_decorator.py took 0.039 seconds
[2025-03-11T21:51:58.429+0000] {processor.py:157} INFO - Started process (PID=4318) to work on /home/airflow/.local/lib/python3.8/site-packages/airflow/example_dags/example_sensor_decorator.py
[2025-03-11T21:51:58.429+0000] {processor.py:829} INFO - Processing file /home/airflow/.local/lib/python3.8/site-packages/airflow/example_dags/example_sensor_decorator.py for tasks to queue
[2025-03-11T21:51:58.431+0000] {logging_mixin.py:154} INFO - [2025-03-11T21:51:58.430+0000] {dagbag.py:536} INFO - Filling up the DagBag from /home/airflow/.local/lib/python3.8/site-packages/airflow/example_dags/example_sensor_decorator.py
[2025-03-11T21:51:58.435+0000] {processor.py:839} INFO - DAG(s) dict_keys(['example_sensor_decorator']) retrieved from /home/airflow/.local/lib/python3.8/site-packages/airflow/example_dags/example_sensor_decorator.py
[2025-03-11T21:51:58.450+0000] {logging_mixin.py:154} INFO - [2025-03-11T21:51:58.450+0000] {dag.py:2941} INFO - Sync 1 DAGs
[2025-03-11T21:51:58.457+0000] {logging_mixin.py:154} INFO - [2025-03-11T21:51:58.457+0000] {dag.py:3722} INFO - Setting next_dagrun for example_sensor_decorator to None, run_after=None
[2025-03-11T21:51:58.468+0000] {processor.py:179} INFO - Processing /home/airflow/.local/lib/python3.8/site-packages/airflow/example_dags/example_sensor_decorator.py took 0.041 seconds
[2025-03-11T21:58:20.907+0000] {processor.py:157} INFO - Started process (PID=4374) to work on /home/airflow/.local/lib/python3.8/site-packages/airflow/example_dags/example_sensor_decorator.py
[2025-03-11T21:58:20.907+0000] {processor.py:829} INFO - Processing file /home/airflow/.local/lib/python3.8/site-packages/airflow/example_dags/example_sensor_decorator.py for tasks to queue
[2025-03-11T21:58:20.908+0000] {logging_mixin.py:154} INFO - [2025-03-11T21:58:20.908+0000] {dagbag.py:536} INFO - Filling up the DagBag from /home/airflow/.local/lib/python3.8/site-packages/airflow/example_dags/example_sensor_decorator.py
[2025-03-11T21:58:20.911+0000] {processor.py:839} INFO - DAG(s) dict_keys(['example_sensor_decorator']) retrieved from /home/airflow/.local/lib/python3.8/site-packages/airflow/example_dags/example_sensor_decorator.py
[2025-03-11T21:58:20.919+0000] {logging_mixin.py:154} INFO - [2025-03-11T21:58:20.918+0000] {dag.py:2941} INFO - Sync 1 DAGs
[2025-03-11T21:58:20.923+0000] {logging_mixin.py:154} INFO - [2025-03-11T21:58:20.923+0000] {dag.py:3722} INFO - Setting next_dagrun for example_sensor_decorator to None, run_after=None
[2025-03-11T21:58:20.929+0000] {processor.py:179} INFO - Processing /home/airflow/.local/lib/python3.8/site-packages/airflow/example_dags/example_sensor_decorator.py took 0.023 seconds
[2025-03-11T21:58:51.977+0000] {processor.py:157} INFO - Started process (PID=4430) to work on /home/airflow/.local/lib/python3.8/site-packages/airflow/example_dags/example_sensor_decorator.py
[2025-03-11T21:58:51.978+0000] {processor.py:829} INFO - Processing file /home/airflow/.local/lib/python3.8/site-packages/airflow/example_dags/example_sensor_decorator.py for tasks to queue
[2025-03-11T21:58:51.979+0000] {logging_mixin.py:154} INFO - [2025-03-11T21:58:51.978+0000] {dagbag.py:536} INFO - Filling up the DagBag from /home/airflow/.local/lib/python3.8/site-packages/airflow/example_dags/example_sensor_decorator.py
[2025-03-11T21:58:51.981+0000] {processor.py:839} INFO - DAG(s) dict_keys(['example_sensor_decorator']) retrieved from /home/airflow/.local/lib/python3.8/site-packages/airflow/example_dags/example_sensor_decorator.py
[2025-03-11T21:58:51.989+0000] {logging_mixin.py:154} INFO - [2025-03-11T21:58:51.988+0000] {dag.py:2941} INFO - Sync 1 DAGs
[2025-03-11T21:58:51.993+0000] {logging_mixin.py:154} INFO - [2025-03-11T21:58:51.993+0000] {dag.py:3722} INFO - Setting next_dagrun for example_sensor_decorator to None, run_after=None
[2025-03-11T21:58:51.999+0000] {processor.py:179} INFO - Processing /home/airflow/.local/lib/python3.8/site-packages/airflow/example_dags/example_sensor_decorator.py took 0.023 seconds
