[2025-03-09T00:04:32.922+0000] {processor.py:157} INFO - Started process (PID=70426) to work on /home/airflow/.local/lib/python3.8/site-packages/airflow/example_dags/example_complex.py
[2025-03-09T00:04:32.922+0000] {processor.py:829} INFO - Processing file /home/airflow/.local/lib/python3.8/site-packages/airflow/example_dags/example_complex.py for tasks to queue
[2025-03-09T00:04:32.923+0000] {logging_mixin.py:154} INFO - [2025-03-09T00:04:32.923+0000] {dagbag.py:536} INFO - Filling up the DagBag from /home/airflow/.local/lib/python3.8/site-packages/airflow/example_dags/example_complex.py
[2025-03-09T00:04:32.928+0000] {processor.py:839} INFO - DAG(s) dict_keys(['example_complex']) retrieved from /home/airflow/.local/lib/python3.8/site-packages/airflow/example_dags/example_complex.py
[2025-03-09T00:04:32.940+0000] {logging_mixin.py:154} INFO - [2025-03-09T00:04:32.940+0000] {dag.py:2941} INFO - Sync 1 DAGs
[2025-03-09T00:04:32.945+0000] {logging_mixin.py:154} INFO - [2025-03-09T00:04:32.945+0000] {dag.py:3722} INFO - Setting next_dagrun for example_complex to None, run_after=None
[2025-03-09T00:04:32.951+0000] {processor.py:179} INFO - Processing /home/airflow/.local/lib/python3.8/site-packages/airflow/example_dags/example_complex.py took 0.030 seconds
[2025-03-09T00:26:09.903+0000] {processor.py:157} INFO - Started process (PID=70482) to work on /home/airflow/.local/lib/python3.8/site-packages/airflow/example_dags/example_complex.py
[2025-03-09T00:26:09.905+0000] {processor.py:829} INFO - Processing file /home/airflow/.local/lib/python3.8/site-packages/airflow/example_dags/example_complex.py for tasks to queue
[2025-03-09T00:26:09.905+0000] {logging_mixin.py:154} INFO - [2025-03-09T00:26:09.905+0000] {dagbag.py:536} INFO - Filling up the DagBag from /home/airflow/.local/lib/python3.8/site-packages/airflow/example_dags/example_complex.py
[2025-03-09T00:26:09.910+0000] {processor.py:839} INFO - DAG(s) dict_keys(['example_complex']) retrieved from /home/airflow/.local/lib/python3.8/site-packages/airflow/example_dags/example_complex.py
[2025-03-09T00:26:09.928+0000] {logging_mixin.py:154} INFO - [2025-03-09T00:26:09.928+0000] {dag.py:2941} INFO - Sync 1 DAGs
[2025-03-09T00:26:09.933+0000] {logging_mixin.py:154} INFO - [2025-03-09T00:26:09.933+0000] {dag.py:3722} INFO - Setting next_dagrun for example_complex to None, run_after=None
[2025-03-09T00:26:09.943+0000] {processor.py:179} INFO - Processing /home/airflow/.local/lib/python3.8/site-packages/airflow/example_dags/example_complex.py took 0.041 seconds
[2025-03-09T00:41:43.326+0000] {processor.py:157} INFO - Started process (PID=70538) to work on /home/airflow/.local/lib/python3.8/site-packages/airflow/example_dags/example_complex.py
[2025-03-09T00:41:43.327+0000] {processor.py:829} INFO - Processing file /home/airflow/.local/lib/python3.8/site-packages/airflow/example_dags/example_complex.py for tasks to queue
[2025-03-09T00:41:43.328+0000] {logging_mixin.py:154} INFO - [2025-03-09T00:41:43.328+0000] {dagbag.py:536} INFO - Filling up the DagBag from /home/airflow/.local/lib/python3.8/site-packages/airflow/example_dags/example_complex.py
[2025-03-09T00:41:43.333+0000] {processor.py:839} INFO - DAG(s) dict_keys(['example_complex']) retrieved from /home/airflow/.local/lib/python3.8/site-packages/airflow/example_dags/example_complex.py
[2025-03-09T00:41:43.346+0000] {logging_mixin.py:154} INFO - [2025-03-09T00:41:43.346+0000] {dag.py:2941} INFO - Sync 1 DAGs
[2025-03-09T00:41:43.353+0000] {logging_mixin.py:154} INFO - [2025-03-09T00:41:43.353+0000] {dag.py:3722} INFO - Setting next_dagrun for example_complex to None, run_after=None
[2025-03-09T00:41:43.362+0000] {processor.py:179} INFO - Processing /home/airflow/.local/lib/python3.8/site-packages/airflow/example_dags/example_complex.py took 0.038 seconds
[2025-03-09T00:58:40.052+0000] {processor.py:157} INFO - Started process (PID=70593) to work on /home/airflow/.local/lib/python3.8/site-packages/airflow/example_dags/example_complex.py
[2025-03-09T00:58:40.053+0000] {processor.py:829} INFO - Processing file /home/airflow/.local/lib/python3.8/site-packages/airflow/example_dags/example_complex.py for tasks to queue
[2025-03-09T00:58:40.053+0000] {logging_mixin.py:154} INFO - [2025-03-09T00:58:40.053+0000] {dagbag.py:536} INFO - Filling up the DagBag from /home/airflow/.local/lib/python3.8/site-packages/airflow/example_dags/example_complex.py
[2025-03-09T00:58:40.058+0000] {processor.py:839} INFO - DAG(s) dict_keys(['example_complex']) retrieved from /home/airflow/.local/lib/python3.8/site-packages/airflow/example_dags/example_complex.py
[2025-03-09T00:58:40.079+0000] {logging_mixin.py:154} INFO - [2025-03-09T00:58:40.079+0000] {dag.py:2941} INFO - Sync 1 DAGs
[2025-03-09T00:58:40.085+0000] {logging_mixin.py:154} INFO - [2025-03-09T00:58:40.085+0000] {dag.py:3722} INFO - Setting next_dagrun for example_complex to None, run_after=None
[2025-03-09T00:58:40.092+0000] {processor.py:179} INFO - Processing /home/airflow/.local/lib/python3.8/site-packages/airflow/example_dags/example_complex.py took 0.042 seconds
[2025-03-09T01:04:52.437+0000] {processor.py:157} INFO - Started process (PID=70649) to work on /home/airflow/.local/lib/python3.8/site-packages/airflow/example_dags/example_complex.py
[2025-03-09T01:04:52.437+0000] {processor.py:829} INFO - Processing file /home/airflow/.local/lib/python3.8/site-packages/airflow/example_dags/example_complex.py for tasks to queue
[2025-03-09T01:04:52.437+0000] {logging_mixin.py:154} INFO - [2025-03-09T01:04:52.437+0000] {dagbag.py:536} INFO - Filling up the DagBag from /home/airflow/.local/lib/python3.8/site-packages/airflow/example_dags/example_complex.py
[2025-03-09T01:04:52.443+0000] {processor.py:839} INFO - DAG(s) dict_keys(['example_complex']) retrieved from /home/airflow/.local/lib/python3.8/site-packages/airflow/example_dags/example_complex.py
[2025-03-09T01:04:52.455+0000] {logging_mixin.py:154} INFO - [2025-03-09T01:04:52.455+0000] {dag.py:2941} INFO - Sync 1 DAGs
[2025-03-09T01:04:52.460+0000] {logging_mixin.py:154} INFO - [2025-03-09T01:04:52.460+0000] {dag.py:3722} INFO - Setting next_dagrun for example_complex to None, run_after=None
[2025-03-09T01:04:52.466+0000] {processor.py:179} INFO - Processing /home/airflow/.local/lib/python3.8/site-packages/airflow/example_dags/example_complex.py took 0.031 seconds
[2025-03-09T01:38:15.564+0000] {processor.py:157} INFO - Started process (PID=70705) to work on /home/airflow/.local/lib/python3.8/site-packages/airflow/example_dags/example_complex.py
[2025-03-09T01:38:15.564+0000] {processor.py:829} INFO - Processing file /home/airflow/.local/lib/python3.8/site-packages/airflow/example_dags/example_complex.py for tasks to queue
[2025-03-09T01:38:15.565+0000] {logging_mixin.py:154} INFO - [2025-03-09T01:38:15.565+0000] {dagbag.py:536} INFO - Filling up the DagBag from /home/airflow/.local/lib/python3.8/site-packages/airflow/example_dags/example_complex.py
[2025-03-09T01:38:15.572+0000] {processor.py:839} INFO - DAG(s) dict_keys(['example_complex']) retrieved from /home/airflow/.local/lib/python3.8/site-packages/airflow/example_dags/example_complex.py
[2025-03-09T01:38:15.587+0000] {logging_mixin.py:154} INFO - [2025-03-09T01:38:15.587+0000] {dag.py:2941} INFO - Sync 1 DAGs
[2025-03-09T01:38:15.594+0000] {logging_mixin.py:154} INFO - [2025-03-09T01:38:15.594+0000] {dag.py:3722} INFO - Setting next_dagrun for example_complex to None, run_after=None
[2025-03-09T01:38:15.603+0000] {processor.py:179} INFO - Processing /home/airflow/.local/lib/python3.8/site-packages/airflow/example_dags/example_complex.py took 0.041 seconds
[2025-03-09T02:07:42.382+0000] {processor.py:157} INFO - Started process (PID=70761) to work on /home/airflow/.local/lib/python3.8/site-packages/airflow/example_dags/example_complex.py
[2025-03-09T02:07:42.382+0000] {processor.py:829} INFO - Processing file /home/airflow/.local/lib/python3.8/site-packages/airflow/example_dags/example_complex.py for tasks to queue
[2025-03-09T02:07:42.383+0000] {logging_mixin.py:154} INFO - [2025-03-09T02:07:42.383+0000] {dagbag.py:536} INFO - Filling up the DagBag from /home/airflow/.local/lib/python3.8/site-packages/airflow/example_dags/example_complex.py
[2025-03-09T02:07:42.390+0000] {processor.py:839} INFO - DAG(s) dict_keys(['example_complex']) retrieved from /home/airflow/.local/lib/python3.8/site-packages/airflow/example_dags/example_complex.py
[2025-03-09T02:07:42.408+0000] {logging_mixin.py:154} INFO - [2025-03-09T02:07:42.407+0000] {dag.py:2941} INFO - Sync 1 DAGs
[2025-03-09T02:07:42.413+0000] {logging_mixin.py:154} INFO - [2025-03-09T02:07:42.413+0000] {dag.py:3722} INFO - Setting next_dagrun for example_complex to None, run_after=None
[2025-03-09T02:07:42.422+0000] {processor.py:179} INFO - Processing /home/airflow/.local/lib/python3.8/site-packages/airflow/example_dags/example_complex.py took 0.042 seconds
[2025-03-09T02:23:16.860+0000] {processor.py:157} INFO - Started process (PID=70817) to work on /home/airflow/.local/lib/python3.8/site-packages/airflow/example_dags/example_complex.py
[2025-03-09T02:23:16.861+0000] {processor.py:829} INFO - Processing file /home/airflow/.local/lib/python3.8/site-packages/airflow/example_dags/example_complex.py for tasks to queue
[2025-03-09T02:23:16.862+0000] {logging_mixin.py:154} INFO - [2025-03-09T02:23:16.862+0000] {dagbag.py:536} INFO - Filling up the DagBag from /home/airflow/.local/lib/python3.8/site-packages/airflow/example_dags/example_complex.py
[2025-03-09T02:23:16.870+0000] {processor.py:839} INFO - DAG(s) dict_keys(['example_complex']) retrieved from /home/airflow/.local/lib/python3.8/site-packages/airflow/example_dags/example_complex.py
[2025-03-09T02:23:16.885+0000] {logging_mixin.py:154} INFO - [2025-03-09T02:23:16.885+0000] {dag.py:2941} INFO - Sync 1 DAGs
[2025-03-09T02:23:16.892+0000] {logging_mixin.py:154} INFO - [2025-03-09T02:23:16.892+0000] {dag.py:3722} INFO - Setting next_dagrun for example_complex to None, run_after=None
[2025-03-09T02:23:16.902+0000] {processor.py:179} INFO - Processing /home/airflow/.local/lib/python3.8/site-packages/airflow/example_dags/example_complex.py took 0.043 seconds
[2025-03-09T02:47:25.376+0000] {processor.py:157} INFO - Started process (PID=70873) to work on /home/airflow/.local/lib/python3.8/site-packages/airflow/example_dags/example_complex.py
[2025-03-09T02:47:25.378+0000] {processor.py:829} INFO - Processing file /home/airflow/.local/lib/python3.8/site-packages/airflow/example_dags/example_complex.py for tasks to queue
[2025-03-09T02:47:25.378+0000] {logging_mixin.py:154} INFO - [2025-03-09T02:47:25.378+0000] {dagbag.py:536} INFO - Filling up the DagBag from /home/airflow/.local/lib/python3.8/site-packages/airflow/example_dags/example_complex.py
[2025-03-09T02:47:25.387+0000] {processor.py:839} INFO - DAG(s) dict_keys(['example_complex']) retrieved from /home/airflow/.local/lib/python3.8/site-packages/airflow/example_dags/example_complex.py
[2025-03-09T02:47:25.402+0000] {logging_mixin.py:154} INFO - [2025-03-09T02:47:25.402+0000] {dag.py:2941} INFO - Sync 1 DAGs
[2025-03-09T02:47:25.408+0000] {logging_mixin.py:154} INFO - [2025-03-09T02:47:25.408+0000] {dag.py:3722} INFO - Setting next_dagrun for example_complex to None, run_after=None
[2025-03-09T02:47:25.418+0000] {processor.py:179} INFO - Processing /home/airflow/.local/lib/python3.8/site-packages/airflow/example_dags/example_complex.py took 0.043 seconds
[2025-03-09T02:47:56.278+0000] {processor.py:157} INFO - Started process (PID=70929) to work on /home/airflow/.local/lib/python3.8/site-packages/airflow/example_dags/example_complex.py
[2025-03-09T02:47:56.278+0000] {processor.py:829} INFO - Processing file /home/airflow/.local/lib/python3.8/site-packages/airflow/example_dags/example_complex.py for tasks to queue
[2025-03-09T02:47:56.278+0000] {logging_mixin.py:154} INFO - [2025-03-09T02:47:56.278+0000] {dagbag.py:536} INFO - Filling up the DagBag from /home/airflow/.local/lib/python3.8/site-packages/airflow/example_dags/example_complex.py
[2025-03-09T02:47:56.283+0000] {processor.py:839} INFO - DAG(s) dict_keys(['example_complex']) retrieved from /home/airflow/.local/lib/python3.8/site-packages/airflow/example_dags/example_complex.py
[2025-03-09T02:47:56.294+0000] {logging_mixin.py:154} INFO - [2025-03-09T02:47:56.294+0000] {dag.py:2941} INFO - Sync 1 DAGs
[2025-03-09T02:47:56.299+0000] {logging_mixin.py:154} INFO - [2025-03-09T02:47:56.299+0000] {dag.py:3722} INFO - Setting next_dagrun for example_complex to None, run_after=None
[2025-03-09T02:47:56.304+0000] {processor.py:179} INFO - Processing /home/airflow/.local/lib/python3.8/site-packages/airflow/example_dags/example_complex.py took 0.028 seconds
[2025-03-09T03:26:28.969+0000] {processor.py:157} INFO - Started process (PID=70985) to work on /home/airflow/.local/lib/python3.8/site-packages/airflow/example_dags/example_complex.py
[2025-03-09T03:26:28.969+0000] {processor.py:829} INFO - Processing file /home/airflow/.local/lib/python3.8/site-packages/airflow/example_dags/example_complex.py for tasks to queue
[2025-03-09T03:26:28.969+0000] {logging_mixin.py:154} INFO - [2025-03-09T03:26:28.969+0000] {dagbag.py:536} INFO - Filling up the DagBag from /home/airflow/.local/lib/python3.8/site-packages/airflow/example_dags/example_complex.py
[2025-03-09T03:26:28.975+0000] {processor.py:839} INFO - DAG(s) dict_keys(['example_complex']) retrieved from /home/airflow/.local/lib/python3.8/site-packages/airflow/example_dags/example_complex.py
[2025-03-09T03:26:28.987+0000] {logging_mixin.py:154} INFO - [2025-03-09T03:26:28.987+0000] {dag.py:2941} INFO - Sync 1 DAGs
[2025-03-09T03:26:28.992+0000] {logging_mixin.py:154} INFO - [2025-03-09T03:26:28.992+0000] {dag.py:3722} INFO - Setting next_dagrun for example_complex to None, run_after=None
[2025-03-09T03:26:28.999+0000] {processor.py:179} INFO - Processing /home/airflow/.local/lib/python3.8/site-packages/airflow/example_dags/example_complex.py took 0.031 seconds
[2025-03-09T03:44:17.500+0000] {processor.py:157} INFO - Started process (PID=71041) to work on /home/airflow/.local/lib/python3.8/site-packages/airflow/example_dags/example_complex.py
[2025-03-09T03:44:17.501+0000] {processor.py:829} INFO - Processing file /home/airflow/.local/lib/python3.8/site-packages/airflow/example_dags/example_complex.py for tasks to queue
[2025-03-09T03:44:17.501+0000] {logging_mixin.py:154} INFO - [2025-03-09T03:44:17.501+0000] {dagbag.py:536} INFO - Filling up the DagBag from /home/airflow/.local/lib/python3.8/site-packages/airflow/example_dags/example_complex.py
[2025-03-09T03:44:17.509+0000] {processor.py:839} INFO - DAG(s) dict_keys(['example_complex']) retrieved from /home/airflow/.local/lib/python3.8/site-packages/airflow/example_dags/example_complex.py
[2025-03-09T03:44:17.521+0000] {logging_mixin.py:154} INFO - [2025-03-09T03:44:17.520+0000] {dag.py:2941} INFO - Sync 1 DAGs
[2025-03-09T03:44:17.526+0000] {logging_mixin.py:154} INFO - [2025-03-09T03:44:17.526+0000] {dag.py:3722} INFO - Setting next_dagrun for example_complex to None, run_after=None
[2025-03-09T03:44:17.534+0000] {processor.py:179} INFO - Processing /home/airflow/.local/lib/python3.8/site-packages/airflow/example_dags/example_complex.py took 0.036 seconds
[2025-03-09T04:02:01.662+0000] {processor.py:157} INFO - Started process (PID=71097) to work on /home/airflow/.local/lib/python3.8/site-packages/airflow/example_dags/example_complex.py
[2025-03-09T04:02:01.663+0000] {processor.py:829} INFO - Processing file /home/airflow/.local/lib/python3.8/site-packages/airflow/example_dags/example_complex.py for tasks to queue
[2025-03-09T04:02:01.663+0000] {logging_mixin.py:154} INFO - [2025-03-09T04:02:01.663+0000] {dagbag.py:536} INFO - Filling up the DagBag from /home/airflow/.local/lib/python3.8/site-packages/airflow/example_dags/example_complex.py
[2025-03-09T04:02:01.668+0000] {processor.py:839} INFO - DAG(s) dict_keys(['example_complex']) retrieved from /home/airflow/.local/lib/python3.8/site-packages/airflow/example_dags/example_complex.py
[2025-03-09T04:02:01.680+0000] {logging_mixin.py:154} INFO - [2025-03-09T04:02:01.680+0000] {dag.py:2941} INFO - Sync 1 DAGs
[2025-03-09T04:02:01.684+0000] {logging_mixin.py:154} INFO - [2025-03-09T04:02:01.684+0000] {dag.py:3722} INFO - Setting next_dagrun for example_complex to None, run_after=None
[2025-03-09T04:02:01.693+0000] {processor.py:179} INFO - Processing /home/airflow/.local/lib/python3.8/site-packages/airflow/example_dags/example_complex.py took 0.032 seconds
[2025-03-09T04:26:21.380+0000] {processor.py:157} INFO - Started process (PID=71153) to work on /home/airflow/.local/lib/python3.8/site-packages/airflow/example_dags/example_complex.py
[2025-03-09T04:26:21.380+0000] {processor.py:829} INFO - Processing file /home/airflow/.local/lib/python3.8/site-packages/airflow/example_dags/example_complex.py for tasks to queue
[2025-03-09T04:26:21.381+0000] {logging_mixin.py:154} INFO - [2025-03-09T04:26:21.381+0000] {dagbag.py:536} INFO - Filling up the DagBag from /home/airflow/.local/lib/python3.8/site-packages/airflow/example_dags/example_complex.py
[2025-03-09T04:26:21.390+0000] {processor.py:839} INFO - DAG(s) dict_keys(['example_complex']) retrieved from /home/airflow/.local/lib/python3.8/site-packages/airflow/example_dags/example_complex.py
[2025-03-09T04:26:21.412+0000] {logging_mixin.py:154} INFO - [2025-03-09T04:26:21.411+0000] {dag.py:2941} INFO - Sync 1 DAGs
[2025-03-09T04:26:21.418+0000] {logging_mixin.py:154} INFO - [2025-03-09T04:26:21.417+0000] {dag.py:3722} INFO - Setting next_dagrun for example_complex to None, run_after=None
[2025-03-09T04:26:21.432+0000] {processor.py:179} INFO - Processing /home/airflow/.local/lib/python3.8/site-packages/airflow/example_dags/example_complex.py took 0.053 seconds
[2025-03-09T04:58:30.309+0000] {processor.py:157} INFO - Started process (PID=71208) to work on /home/airflow/.local/lib/python3.8/site-packages/airflow/example_dags/example_complex.py
[2025-03-09T04:58:30.309+0000] {processor.py:829} INFO - Processing file /home/airflow/.local/lib/python3.8/site-packages/airflow/example_dags/example_complex.py for tasks to queue
[2025-03-09T04:58:30.310+0000] {logging_mixin.py:154} INFO - [2025-03-09T04:58:30.310+0000] {dagbag.py:536} INFO - Filling up the DagBag from /home/airflow/.local/lib/python3.8/site-packages/airflow/example_dags/example_complex.py
[2025-03-09T04:58:30.315+0000] {processor.py:839} INFO - DAG(s) dict_keys(['example_complex']) retrieved from /home/airflow/.local/lib/python3.8/site-packages/airflow/example_dags/example_complex.py
[2025-03-09T04:58:30.326+0000] {logging_mixin.py:154} INFO - [2025-03-09T04:58:30.326+0000] {dag.py:2941} INFO - Sync 1 DAGs
[2025-03-09T04:58:30.330+0000] {logging_mixin.py:154} INFO - [2025-03-09T04:58:30.330+0000] {dag.py:3722} INFO - Setting next_dagrun for example_complex to None, run_after=None
[2025-03-09T04:58:30.336+0000] {processor.py:179} INFO - Processing /home/airflow/.local/lib/python3.8/site-packages/airflow/example_dags/example_complex.py took 0.028 seconds
[2025-03-09T05:28:08.154+0000] {processor.py:157} INFO - Started process (PID=71264) to work on /home/airflow/.local/lib/python3.8/site-packages/airflow/example_dags/example_complex.py
[2025-03-09T05:28:08.155+0000] {processor.py:829} INFO - Processing file /home/airflow/.local/lib/python3.8/site-packages/airflow/example_dags/example_complex.py for tasks to queue
[2025-03-09T05:28:08.155+0000] {logging_mixin.py:154} INFO - [2025-03-09T05:28:08.155+0000] {dagbag.py:536} INFO - Filling up the DagBag from /home/airflow/.local/lib/python3.8/site-packages/airflow/example_dags/example_complex.py
[2025-03-09T05:28:08.160+0000] {processor.py:839} INFO - DAG(s) dict_keys(['example_complex']) retrieved from /home/airflow/.local/lib/python3.8/site-packages/airflow/example_dags/example_complex.py
[2025-03-09T05:28:08.171+0000] {logging_mixin.py:154} INFO - [2025-03-09T05:28:08.171+0000] {dag.py:2941} INFO - Sync 1 DAGs
[2025-03-09T05:28:08.175+0000] {logging_mixin.py:154} INFO - [2025-03-09T05:28:08.175+0000] {dag.py:3722} INFO - Setting next_dagrun for example_complex to None, run_after=None
[2025-03-09T05:28:08.181+0000] {processor.py:179} INFO - Processing /home/airflow/.local/lib/python3.8/site-packages/airflow/example_dags/example_complex.py took 0.028 seconds
[2025-03-09T05:28:39.395+0000] {processor.py:157} INFO - Started process (PID=71320) to work on /home/airflow/.local/lib/python3.8/site-packages/airflow/example_dags/example_complex.py
[2025-03-09T05:28:39.397+0000] {processor.py:829} INFO - Processing file /home/airflow/.local/lib/python3.8/site-packages/airflow/example_dags/example_complex.py for tasks to queue
[2025-03-09T05:28:39.397+0000] {logging_mixin.py:154} INFO - [2025-03-09T05:28:39.397+0000] {dagbag.py:536} INFO - Filling up the DagBag from /home/airflow/.local/lib/python3.8/site-packages/airflow/example_dags/example_complex.py
[2025-03-09T05:28:39.405+0000] {processor.py:839} INFO - DAG(s) dict_keys(['example_complex']) retrieved from /home/airflow/.local/lib/python3.8/site-packages/airflow/example_dags/example_complex.py
[2025-03-09T05:28:39.421+0000] {logging_mixin.py:154} INFO - [2025-03-09T05:28:39.421+0000] {dag.py:2941} INFO - Sync 1 DAGs
[2025-03-09T05:28:39.427+0000] {logging_mixin.py:154} INFO - [2025-03-09T05:28:39.427+0000] {dag.py:3722} INFO - Setting next_dagrun for example_complex to None, run_after=None
[2025-03-09T05:28:39.436+0000] {processor.py:179} INFO - Processing /home/airflow/.local/lib/python3.8/site-packages/airflow/example_dags/example_complex.py took 0.042 seconds
[2025-03-09T05:54:27.801+0000] {processor.py:157} INFO - Started process (PID=71375) to work on /home/airflow/.local/lib/python3.8/site-packages/airflow/example_dags/example_complex.py
[2025-03-09T05:54:27.801+0000] {processor.py:829} INFO - Processing file /home/airflow/.local/lib/python3.8/site-packages/airflow/example_dags/example_complex.py for tasks to queue
[2025-03-09T05:54:27.803+0000] {logging_mixin.py:154} INFO - [2025-03-09T05:54:27.802+0000] {dagbag.py:536} INFO - Filling up the DagBag from /home/airflow/.local/lib/python3.8/site-packages/airflow/example_dags/example_complex.py
[2025-03-09T05:54:27.809+0000] {processor.py:839} INFO - DAG(s) dict_keys(['example_complex']) retrieved from /home/airflow/.local/lib/python3.8/site-packages/airflow/example_dags/example_complex.py
[2025-03-09T05:54:27.821+0000] {logging_mixin.py:154} INFO - [2025-03-09T05:54:27.821+0000] {dag.py:2941} INFO - Sync 1 DAGs
[2025-03-09T05:54:27.826+0000] {logging_mixin.py:154} INFO - [2025-03-09T05:54:27.826+0000] {dag.py:3722} INFO - Setting next_dagrun for example_complex to None, run_after=None
[2025-03-09T05:54:27.832+0000] {processor.py:179} INFO - Processing /home/airflow/.local/lib/python3.8/site-packages/airflow/example_dags/example_complex.py took 0.033 seconds
[2025-03-09T06:28:02.731+0000] {processor.py:157} INFO - Started process (PID=71431) to work on /home/airflow/.local/lib/python3.8/site-packages/airflow/example_dags/example_complex.py
[2025-03-09T06:28:02.732+0000] {processor.py:829} INFO - Processing file /home/airflow/.local/lib/python3.8/site-packages/airflow/example_dags/example_complex.py for tasks to queue
[2025-03-09T06:28:02.732+0000] {logging_mixin.py:154} INFO - [2025-03-09T06:28:02.732+0000] {dagbag.py:536} INFO - Filling up the DagBag from /home/airflow/.local/lib/python3.8/site-packages/airflow/example_dags/example_complex.py
[2025-03-09T06:28:02.737+0000] {processor.py:839} INFO - DAG(s) dict_keys(['example_complex']) retrieved from /home/airflow/.local/lib/python3.8/site-packages/airflow/example_dags/example_complex.py
[2025-03-09T06:28:02.749+0000] {logging_mixin.py:154} INFO - [2025-03-09T06:28:02.749+0000] {dag.py:2941} INFO - Sync 1 DAGs
[2025-03-09T06:28:02.753+0000] {logging_mixin.py:154} INFO - [2025-03-09T06:28:02.753+0000] {dag.py:3722} INFO - Setting next_dagrun for example_complex to None, run_after=None
[2025-03-09T06:28:02.759+0000] {processor.py:179} INFO - Processing /home/airflow/.local/lib/python3.8/site-packages/airflow/example_dags/example_complex.py took 0.029 seconds
[2025-03-09T06:44:55.563+0000] {processor.py:157} INFO - Started process (PID=71487) to work on /home/airflow/.local/lib/python3.8/site-packages/airflow/example_dags/example_complex.py
[2025-03-09T06:44:55.564+0000] {processor.py:829} INFO - Processing file /home/airflow/.local/lib/python3.8/site-packages/airflow/example_dags/example_complex.py for tasks to queue
[2025-03-09T06:44:55.564+0000] {logging_mixin.py:154} INFO - [2025-03-09T06:44:55.564+0000] {dagbag.py:536} INFO - Filling up the DagBag from /home/airflow/.local/lib/python3.8/site-packages/airflow/example_dags/example_complex.py
[2025-03-09T06:44:55.574+0000] {processor.py:839} INFO - DAG(s) dict_keys(['example_complex']) retrieved from /home/airflow/.local/lib/python3.8/site-packages/airflow/example_dags/example_complex.py
[2025-03-09T06:44:55.588+0000] {logging_mixin.py:154} INFO - [2025-03-09T06:44:55.588+0000] {dag.py:2941} INFO - Sync 1 DAGs
[2025-03-09T06:44:55.594+0000] {logging_mixin.py:154} INFO - [2025-03-09T06:44:55.594+0000] {dag.py:3722} INFO - Setting next_dagrun for example_complex to None, run_after=None
[2025-03-09T06:44:55.601+0000] {processor.py:179} INFO - Processing /home/airflow/.local/lib/python3.8/site-packages/airflow/example_dags/example_complex.py took 0.039 seconds
[2025-03-09T07:04:03.380+0000] {processor.py:157} INFO - Started process (PID=71543) to work on /home/airflow/.local/lib/python3.8/site-packages/airflow/example_dags/example_complex.py
[2025-03-09T07:04:03.380+0000] {processor.py:829} INFO - Processing file /home/airflow/.local/lib/python3.8/site-packages/airflow/example_dags/example_complex.py for tasks to queue
[2025-03-09T07:04:03.381+0000] {logging_mixin.py:154} INFO - [2025-03-09T07:04:03.381+0000] {dagbag.py:536} INFO - Filling up the DagBag from /home/airflow/.local/lib/python3.8/site-packages/airflow/example_dags/example_complex.py
[2025-03-09T07:04:03.388+0000] {processor.py:839} INFO - DAG(s) dict_keys(['example_complex']) retrieved from /home/airflow/.local/lib/python3.8/site-packages/airflow/example_dags/example_complex.py
[2025-03-09T07:04:03.403+0000] {logging_mixin.py:154} INFO - [2025-03-09T07:04:03.403+0000] {dag.py:2941} INFO - Sync 1 DAGs
[2025-03-09T07:04:03.408+0000] {logging_mixin.py:154} INFO - [2025-03-09T07:04:03.408+0000] {dag.py:3722} INFO - Setting next_dagrun for example_complex to None, run_after=None
[2025-03-09T07:04:03.419+0000] {processor.py:179} INFO - Processing /home/airflow/.local/lib/python3.8/site-packages/airflow/example_dags/example_complex.py took 0.040 seconds
[2025-03-09T07:28:52.684+0000] {processor.py:157} INFO - Started process (PID=71599) to work on /home/airflow/.local/lib/python3.8/site-packages/airflow/example_dags/example_complex.py
[2025-03-09T07:28:52.684+0000] {processor.py:829} INFO - Processing file /home/airflow/.local/lib/python3.8/site-packages/airflow/example_dags/example_complex.py for tasks to queue
[2025-03-09T07:28:52.684+0000] {logging_mixin.py:154} INFO - [2025-03-09T07:28:52.684+0000] {dagbag.py:536} INFO - Filling up the DagBag from /home/airflow/.local/lib/python3.8/site-packages/airflow/example_dags/example_complex.py
[2025-03-09T07:28:52.691+0000] {processor.py:839} INFO - DAG(s) dict_keys(['example_complex']) retrieved from /home/airflow/.local/lib/python3.8/site-packages/airflow/example_dags/example_complex.py
[2025-03-09T07:28:52.703+0000] {logging_mixin.py:154} INFO - [2025-03-09T07:28:52.703+0000] {dag.py:2941} INFO - Sync 1 DAGs
[2025-03-09T07:28:52.708+0000] {logging_mixin.py:154} INFO - [2025-03-09T07:28:52.708+0000] {dag.py:3722} INFO - Setting next_dagrun for example_complex to None, run_after=None
[2025-03-09T07:28:52.714+0000] {processor.py:179} INFO - Processing /home/airflow/.local/lib/python3.8/site-packages/airflow/example_dags/example_complex.py took 0.032 seconds
[2025-03-09T07:45:44.135+0000] {processor.py:157} INFO - Started process (PID=71655) to work on /home/airflow/.local/lib/python3.8/site-packages/airflow/example_dags/example_complex.py
[2025-03-09T07:45:44.136+0000] {processor.py:829} INFO - Processing file /home/airflow/.local/lib/python3.8/site-packages/airflow/example_dags/example_complex.py for tasks to queue
[2025-03-09T07:45:44.136+0000] {logging_mixin.py:154} INFO - [2025-03-09T07:45:44.136+0000] {dagbag.py:536} INFO - Filling up the DagBag from /home/airflow/.local/lib/python3.8/site-packages/airflow/example_dags/example_complex.py
[2025-03-09T07:45:44.142+0000] {processor.py:839} INFO - DAG(s) dict_keys(['example_complex']) retrieved from /home/airflow/.local/lib/python3.8/site-packages/airflow/example_dags/example_complex.py
[2025-03-09T07:45:44.154+0000] {logging_mixin.py:154} INFO - [2025-03-09T07:45:44.154+0000] {dag.py:2941} INFO - Sync 1 DAGs
[2025-03-09T07:45:44.159+0000] {logging_mixin.py:154} INFO - [2025-03-09T07:45:44.159+0000] {dag.py:3722} INFO - Setting next_dagrun for example_complex to None, run_after=None
[2025-03-09T07:45:44.165+0000] {processor.py:179} INFO - Processing /home/airflow/.local/lib/python3.8/site-packages/airflow/example_dags/example_complex.py took 0.031 seconds
[2025-03-09T08:03:57.256+0000] {processor.py:157} INFO - Started process (PID=71711) to work on /home/airflow/.local/lib/python3.8/site-packages/airflow/example_dags/example_complex.py
[2025-03-09T08:03:57.257+0000] {processor.py:829} INFO - Processing file /home/airflow/.local/lib/python3.8/site-packages/airflow/example_dags/example_complex.py for tasks to queue
[2025-03-09T08:03:57.257+0000] {logging_mixin.py:154} INFO - [2025-03-09T08:03:57.257+0000] {dagbag.py:536} INFO - Filling up the DagBag from /home/airflow/.local/lib/python3.8/site-packages/airflow/example_dags/example_complex.py
[2025-03-09T08:03:57.266+0000] {processor.py:839} INFO - DAG(s) dict_keys(['example_complex']) retrieved from /home/airflow/.local/lib/python3.8/site-packages/airflow/example_dags/example_complex.py
[2025-03-09T08:03:57.283+0000] {logging_mixin.py:154} INFO - [2025-03-09T08:03:57.283+0000] {dag.py:2941} INFO - Sync 1 DAGs
[2025-03-09T08:03:57.288+0000] {logging_mixin.py:154} INFO - [2025-03-09T08:03:57.288+0000] {dag.py:3722} INFO - Setting next_dagrun for example_complex to None, run_after=None
[2025-03-09T08:03:57.298+0000] {processor.py:179} INFO - Processing /home/airflow/.local/lib/python3.8/site-packages/airflow/example_dags/example_complex.py took 0.044 seconds
[2025-03-09T08:37:24.374+0000] {processor.py:157} INFO - Started process (PID=71767) to work on /home/airflow/.local/lib/python3.8/site-packages/airflow/example_dags/example_complex.py
[2025-03-09T08:37:24.374+0000] {processor.py:829} INFO - Processing file /home/airflow/.local/lib/python3.8/site-packages/airflow/example_dags/example_complex.py for tasks to queue
[2025-03-09T08:37:24.375+0000] {logging_mixin.py:154} INFO - [2025-03-09T08:37:24.374+0000] {dagbag.py:536} INFO - Filling up the DagBag from /home/airflow/.local/lib/python3.8/site-packages/airflow/example_dags/example_complex.py
[2025-03-09T08:37:24.383+0000] {processor.py:839} INFO - DAG(s) dict_keys(['example_complex']) retrieved from /home/airflow/.local/lib/python3.8/site-packages/airflow/example_dags/example_complex.py
[2025-03-09T08:37:24.398+0000] {logging_mixin.py:154} INFO - [2025-03-09T08:37:24.398+0000] {dag.py:2941} INFO - Sync 1 DAGs
[2025-03-09T08:37:24.405+0000] {logging_mixin.py:154} INFO - [2025-03-09T08:37:24.405+0000] {dag.py:3722} INFO - Setting next_dagrun for example_complex to None, run_after=None
[2025-03-09T08:37:24.414+0000] {processor.py:179} INFO - Processing /home/airflow/.local/lib/python3.8/site-packages/airflow/example_dags/example_complex.py took 0.044 seconds
[2025-03-09T08:53:08.981+0000] {processor.py:157} INFO - Started process (PID=71823) to work on /home/airflow/.local/lib/python3.8/site-packages/airflow/example_dags/example_complex.py
[2025-03-09T08:53:08.982+0000] {processor.py:829} INFO - Processing file /home/airflow/.local/lib/python3.8/site-packages/airflow/example_dags/example_complex.py for tasks to queue
[2025-03-09T08:53:08.982+0000] {logging_mixin.py:154} INFO - [2025-03-09T08:53:08.982+0000] {dagbag.py:536} INFO - Filling up the DagBag from /home/airflow/.local/lib/python3.8/site-packages/airflow/example_dags/example_complex.py
[2025-03-09T08:53:08.988+0000] {processor.py:839} INFO - DAG(s) dict_keys(['example_complex']) retrieved from /home/airflow/.local/lib/python3.8/site-packages/airflow/example_dags/example_complex.py
[2025-03-09T08:53:09.004+0000] {logging_mixin.py:154} INFO - [2025-03-09T08:53:09.004+0000] {dag.py:2941} INFO - Sync 1 DAGs
[2025-03-09T08:53:09.011+0000] {logging_mixin.py:154} INFO - [2025-03-09T08:53:09.011+0000] {dag.py:3722} INFO - Setting next_dagrun for example_complex to None, run_after=None
[2025-03-09T08:53:09.021+0000] {processor.py:179} INFO - Processing /home/airflow/.local/lib/python3.8/site-packages/airflow/example_dags/example_complex.py took 0.041 seconds
[2025-03-09T09:09:08.615+0000] {processor.py:157} INFO - Started process (PID=71879) to work on /home/airflow/.local/lib/python3.8/site-packages/airflow/example_dags/example_complex.py
[2025-03-09T09:09:08.616+0000] {processor.py:829} INFO - Processing file /home/airflow/.local/lib/python3.8/site-packages/airflow/example_dags/example_complex.py for tasks to queue
[2025-03-09T09:09:08.617+0000] {logging_mixin.py:154} INFO - [2025-03-09T09:09:08.617+0000] {dagbag.py:536} INFO - Filling up the DagBag from /home/airflow/.local/lib/python3.8/site-packages/airflow/example_dags/example_complex.py
[2025-03-09T09:09:08.625+0000] {processor.py:839} INFO - DAG(s) dict_keys(['example_complex']) retrieved from /home/airflow/.local/lib/python3.8/site-packages/airflow/example_dags/example_complex.py
[2025-03-09T09:09:08.640+0000] {logging_mixin.py:154} INFO - [2025-03-09T09:09:08.640+0000] {dag.py:2941} INFO - Sync 1 DAGs
[2025-03-09T09:09:08.646+0000] {logging_mixin.py:154} INFO - [2025-03-09T09:09:08.646+0000] {dag.py:3722} INFO - Setting next_dagrun for example_complex to None, run_after=None
[2025-03-09T09:09:08.655+0000] {processor.py:179} INFO - Processing /home/airflow/.local/lib/python3.8/site-packages/airflow/example_dags/example_complex.py took 0.041 seconds
[2025-03-09T09:25:46.960+0000] {processor.py:157} INFO - Started process (PID=71935) to work on /home/airflow/.local/lib/python3.8/site-packages/airflow/example_dags/example_complex.py
[2025-03-09T09:25:46.961+0000] {processor.py:829} INFO - Processing file /home/airflow/.local/lib/python3.8/site-packages/airflow/example_dags/example_complex.py for tasks to queue
[2025-03-09T09:25:46.961+0000] {logging_mixin.py:154} INFO - [2025-03-09T09:25:46.961+0000] {dagbag.py:536} INFO - Filling up the DagBag from /home/airflow/.local/lib/python3.8/site-packages/airflow/example_dags/example_complex.py
[2025-03-09T09:25:46.968+0000] {processor.py:839} INFO - DAG(s) dict_keys(['example_complex']) retrieved from /home/airflow/.local/lib/python3.8/site-packages/airflow/example_dags/example_complex.py
[2025-03-09T09:25:46.986+0000] {logging_mixin.py:154} INFO - [2025-03-09T09:25:46.986+0000] {dag.py:2941} INFO - Sync 1 DAGs
[2025-03-09T09:25:46.991+0000] {logging_mixin.py:154} INFO - [2025-03-09T09:25:46.991+0000] {dag.py:3722} INFO - Setting next_dagrun for example_complex to None, run_after=None
[2025-03-09T09:25:47.002+0000] {processor.py:179} INFO - Processing /home/airflow/.local/lib/python3.8/site-packages/airflow/example_dags/example_complex.py took 0.043 seconds
[2025-03-09T09:43:08.186+0000] {processor.py:157} INFO - Started process (PID=71991) to work on /home/airflow/.local/lib/python3.8/site-packages/airflow/example_dags/example_complex.py
[2025-03-09T09:43:08.187+0000] {processor.py:829} INFO - Processing file /home/airflow/.local/lib/python3.8/site-packages/airflow/example_dags/example_complex.py for tasks to queue
[2025-03-09T09:43:08.187+0000] {logging_mixin.py:154} INFO - [2025-03-09T09:43:08.187+0000] {dagbag.py:536} INFO - Filling up the DagBag from /home/airflow/.local/lib/python3.8/site-packages/airflow/example_dags/example_complex.py
[2025-03-09T09:43:08.195+0000] {processor.py:839} INFO - DAG(s) dict_keys(['example_complex']) retrieved from /home/airflow/.local/lib/python3.8/site-packages/airflow/example_dags/example_complex.py
[2025-03-09T09:43:08.210+0000] {logging_mixin.py:154} INFO - [2025-03-09T09:43:08.210+0000] {dag.py:2941} INFO - Sync 1 DAGs
[2025-03-09T09:43:08.216+0000] {logging_mixin.py:154} INFO - [2025-03-09T09:43:08.216+0000] {dag.py:3722} INFO - Setting next_dagrun for example_complex to None, run_after=None
[2025-03-09T09:43:08.224+0000] {processor.py:179} INFO - Processing /home/airflow/.local/lib/python3.8/site-packages/airflow/example_dags/example_complex.py took 0.041 seconds
[2025-03-09T10:17:28.288+0000] {processor.py:157} INFO - Started process (PID=72047) to work on /home/airflow/.local/lib/python3.8/site-packages/airflow/example_dags/example_complex.py
[2025-03-09T10:17:28.289+0000] {processor.py:829} INFO - Processing file /home/airflow/.local/lib/python3.8/site-packages/airflow/example_dags/example_complex.py for tasks to queue
[2025-03-09T10:17:28.289+0000] {logging_mixin.py:154} INFO - [2025-03-09T10:17:28.289+0000] {dagbag.py:536} INFO - Filling up the DagBag from /home/airflow/.local/lib/python3.8/site-packages/airflow/example_dags/example_complex.py
[2025-03-09T10:17:28.300+0000] {processor.py:839} INFO - DAG(s) dict_keys(['example_complex']) retrieved from /home/airflow/.local/lib/python3.8/site-packages/airflow/example_dags/example_complex.py
[2025-03-09T10:17:28.316+0000] {logging_mixin.py:154} INFO - [2025-03-09T10:17:28.316+0000] {dag.py:2941} INFO - Sync 1 DAGs
[2025-03-09T10:17:28.321+0000] {logging_mixin.py:154} INFO - [2025-03-09T10:17:28.321+0000] {dag.py:3722} INFO - Setting next_dagrun for example_complex to None, run_after=None
[2025-03-09T10:17:28.330+0000] {processor.py:179} INFO - Processing /home/airflow/.local/lib/python3.8/site-packages/airflow/example_dags/example_complex.py took 0.043 seconds
[2025-03-09T10:34:16.576+0000] {processor.py:157} INFO - Started process (PID=72103) to work on /home/airflow/.local/lib/python3.8/site-packages/airflow/example_dags/example_complex.py
[2025-03-09T10:34:16.576+0000] {processor.py:829} INFO - Processing file /home/airflow/.local/lib/python3.8/site-packages/airflow/example_dags/example_complex.py for tasks to queue
[2025-03-09T10:34:16.577+0000] {logging_mixin.py:154} INFO - [2025-03-09T10:34:16.577+0000] {dagbag.py:536} INFO - Filling up the DagBag from /home/airflow/.local/lib/python3.8/site-packages/airflow/example_dags/example_complex.py
[2025-03-09T10:34:16.582+0000] {processor.py:839} INFO - DAG(s) dict_keys(['example_complex']) retrieved from /home/airflow/.local/lib/python3.8/site-packages/airflow/example_dags/example_complex.py
[2025-03-09T10:34:16.593+0000] {logging_mixin.py:154} INFO - [2025-03-09T10:34:16.593+0000] {dag.py:2941} INFO - Sync 1 DAGs
[2025-03-09T10:34:16.597+0000] {logging_mixin.py:154} INFO - [2025-03-09T10:34:16.597+0000] {dag.py:3722} INFO - Setting next_dagrun for example_complex to None, run_after=None
[2025-03-09T10:34:16.603+0000] {processor.py:179} INFO - Processing /home/airflow/.local/lib/python3.8/site-packages/airflow/example_dags/example_complex.py took 0.028 seconds
[2025-03-09T10:50:21.429+0000] {processor.py:157} INFO - Started process (PID=72159) to work on /home/airflow/.local/lib/python3.8/site-packages/airflow/example_dags/example_complex.py
[2025-03-09T10:50:21.429+0000] {processor.py:829} INFO - Processing file /home/airflow/.local/lib/python3.8/site-packages/airflow/example_dags/example_complex.py for tasks to queue
[2025-03-09T10:50:21.429+0000] {logging_mixin.py:154} INFO - [2025-03-09T10:50:21.429+0000] {dagbag.py:536} INFO - Filling up the DagBag from /home/airflow/.local/lib/python3.8/site-packages/airflow/example_dags/example_complex.py
[2025-03-09T10:50:21.436+0000] {processor.py:839} INFO - DAG(s) dict_keys(['example_complex']) retrieved from /home/airflow/.local/lib/python3.8/site-packages/airflow/example_dags/example_complex.py
[2025-03-09T10:50:21.457+0000] {logging_mixin.py:154} INFO - [2025-03-09T10:50:21.457+0000] {dag.py:2941} INFO - Sync 1 DAGs
[2025-03-09T10:50:21.461+0000] {logging_mixin.py:154} INFO - [2025-03-09T10:50:21.461+0000] {dag.py:3722} INFO - Setting next_dagrun for example_complex to None, run_after=None
[2025-03-09T10:50:21.471+0000] {processor.py:179} INFO - Processing /home/airflow/.local/lib/python3.8/site-packages/airflow/example_dags/example_complex.py took 0.045 seconds
[2025-03-09T11:08:02.843+0000] {processor.py:157} INFO - Started process (PID=72215) to work on /home/airflow/.local/lib/python3.8/site-packages/airflow/example_dags/example_complex.py
[2025-03-09T11:08:02.845+0000] {processor.py:829} INFO - Processing file /home/airflow/.local/lib/python3.8/site-packages/airflow/example_dags/example_complex.py for tasks to queue
[2025-03-09T11:08:02.845+0000] {logging_mixin.py:154} INFO - [2025-03-09T11:08:02.845+0000] {dagbag.py:536} INFO - Filling up the DagBag from /home/airflow/.local/lib/python3.8/site-packages/airflow/example_dags/example_complex.py
[2025-03-09T11:08:02.853+0000] {processor.py:839} INFO - DAG(s) dict_keys(['example_complex']) retrieved from /home/airflow/.local/lib/python3.8/site-packages/airflow/example_dags/example_complex.py
[2025-03-09T11:08:02.872+0000] {logging_mixin.py:154} INFO - [2025-03-09T11:08:02.872+0000] {dag.py:2941} INFO - Sync 1 DAGs
[2025-03-09T11:08:02.877+0000] {logging_mixin.py:154} INFO - [2025-03-09T11:08:02.877+0000] {dag.py:3722} INFO - Setting next_dagrun for example_complex to None, run_after=None
[2025-03-09T11:08:02.887+0000] {processor.py:179} INFO - Processing /home/airflow/.local/lib/python3.8/site-packages/airflow/example_dags/example_complex.py took 0.045 seconds
[2025-03-09T11:24:22.476+0000] {processor.py:157} INFO - Started process (PID=72271) to work on /home/airflow/.local/lib/python3.8/site-packages/airflow/example_dags/example_complex.py
[2025-03-09T11:24:22.476+0000] {processor.py:829} INFO - Processing file /home/airflow/.local/lib/python3.8/site-packages/airflow/example_dags/example_complex.py for tasks to queue
[2025-03-09T11:24:22.477+0000] {logging_mixin.py:154} INFO - [2025-03-09T11:24:22.477+0000] {dagbag.py:536} INFO - Filling up the DagBag from /home/airflow/.local/lib/python3.8/site-packages/airflow/example_dags/example_complex.py
[2025-03-09T11:24:22.481+0000] {processor.py:839} INFO - DAG(s) dict_keys(['example_complex']) retrieved from /home/airflow/.local/lib/python3.8/site-packages/airflow/example_dags/example_complex.py
[2025-03-09T11:24:22.493+0000] {logging_mixin.py:154} INFO - [2025-03-09T11:24:22.493+0000] {dag.py:2941} INFO - Sync 1 DAGs
[2025-03-09T11:24:22.497+0000] {logging_mixin.py:154} INFO - [2025-03-09T11:24:22.497+0000] {dag.py:3722} INFO - Setting next_dagrun for example_complex to None, run_after=None
[2025-03-09T11:24:22.503+0000] {processor.py:179} INFO - Processing /home/airflow/.local/lib/python3.8/site-packages/airflow/example_dags/example_complex.py took 0.028 seconds
[2025-03-09T11:41:48.750+0000] {processor.py:157} INFO - Started process (PID=72327) to work on /home/airflow/.local/lib/python3.8/site-packages/airflow/example_dags/example_complex.py
[2025-03-09T11:41:48.750+0000] {processor.py:829} INFO - Processing file /home/airflow/.local/lib/python3.8/site-packages/airflow/example_dags/example_complex.py for tasks to queue
[2025-03-09T11:41:48.750+0000] {logging_mixin.py:154} INFO - [2025-03-09T11:41:48.750+0000] {dagbag.py:536} INFO - Filling up the DagBag from /home/airflow/.local/lib/python3.8/site-packages/airflow/example_dags/example_complex.py
[2025-03-09T11:41:48.757+0000] {processor.py:839} INFO - DAG(s) dict_keys(['example_complex']) retrieved from /home/airflow/.local/lib/python3.8/site-packages/airflow/example_dags/example_complex.py
[2025-03-09T11:41:48.777+0000] {logging_mixin.py:154} INFO - [2025-03-09T11:41:48.777+0000] {dag.py:2941} INFO - Sync 1 DAGs
[2025-03-09T11:41:48.784+0000] {logging_mixin.py:154} INFO - [2025-03-09T11:41:48.784+0000] {dag.py:3722} INFO - Setting next_dagrun for example_complex to None, run_after=None
[2025-03-09T11:41:48.794+0000] {processor.py:179} INFO - Processing /home/airflow/.local/lib/python3.8/site-packages/airflow/example_dags/example_complex.py took 0.046 seconds
[2025-03-09T11:58:21.335+0000] {processor.py:157} INFO - Started process (PID=72384) to work on /home/airflow/.local/lib/python3.8/site-packages/airflow/example_dags/example_complex.py
[2025-03-09T11:58:21.335+0000] {processor.py:829} INFO - Processing file /home/airflow/.local/lib/python3.8/site-packages/airflow/example_dags/example_complex.py for tasks to queue
[2025-03-09T11:58:21.336+0000] {logging_mixin.py:154} INFO - [2025-03-09T11:58:21.335+0000] {dagbag.py:536} INFO - Filling up the DagBag from /home/airflow/.local/lib/python3.8/site-packages/airflow/example_dags/example_complex.py
[2025-03-09T11:58:21.340+0000] {processor.py:839} INFO - DAG(s) dict_keys(['example_complex']) retrieved from /home/airflow/.local/lib/python3.8/site-packages/airflow/example_dags/example_complex.py
[2025-03-09T11:58:21.352+0000] {logging_mixin.py:154} INFO - [2025-03-09T11:58:21.352+0000] {dag.py:2941} INFO - Sync 1 DAGs
[2025-03-09T11:58:21.357+0000] {logging_mixin.py:154} INFO - [2025-03-09T11:58:21.357+0000] {dag.py:3722} INFO - Setting next_dagrun for example_complex to None, run_after=None
[2025-03-09T11:58:21.362+0000] {processor.py:179} INFO - Processing /home/airflow/.local/lib/python3.8/site-packages/airflow/example_dags/example_complex.py took 0.029 seconds
[2025-03-09T12:41:39.655+0000] {processor.py:157} INFO - Started process (PID=72440) to work on /home/airflow/.local/lib/python3.8/site-packages/airflow/example_dags/example_complex.py
[2025-03-09T12:41:39.655+0000] {processor.py:829} INFO - Processing file /home/airflow/.local/lib/python3.8/site-packages/airflow/example_dags/example_complex.py for tasks to queue
[2025-03-09T12:41:39.655+0000] {logging_mixin.py:154} INFO - [2025-03-09T12:41:39.655+0000] {dagbag.py:536} INFO - Filling up the DagBag from /home/airflow/.local/lib/python3.8/site-packages/airflow/example_dags/example_complex.py
[2025-03-09T12:41:39.661+0000] {processor.py:839} INFO - DAG(s) dict_keys(['example_complex']) retrieved from /home/airflow/.local/lib/python3.8/site-packages/airflow/example_dags/example_complex.py
[2025-03-09T12:41:39.672+0000] {logging_mixin.py:154} INFO - [2025-03-09T12:41:39.672+0000] {dag.py:2941} INFO - Sync 1 DAGs
[2025-03-09T12:41:39.677+0000] {logging_mixin.py:154} INFO - [2025-03-09T12:41:39.677+0000] {dag.py:3722} INFO - Setting next_dagrun for example_complex to None, run_after=None
[2025-03-09T12:41:39.688+0000] {processor.py:179} INFO - Processing /home/airflow/.local/lib/python3.8/site-packages/airflow/example_dags/example_complex.py took 0.034 seconds
[2025-03-09T12:59:59.351+0000] {processor.py:157} INFO - Started process (PID=72496) to work on /home/airflow/.local/lib/python3.8/site-packages/airflow/example_dags/example_complex.py
[2025-03-09T12:59:59.352+0000] {processor.py:829} INFO - Processing file /home/airflow/.local/lib/python3.8/site-packages/airflow/example_dags/example_complex.py for tasks to queue
[2025-03-09T12:59:59.352+0000] {logging_mixin.py:154} INFO - [2025-03-09T12:59:59.352+0000] {dagbag.py:536} INFO - Filling up the DagBag from /home/airflow/.local/lib/python3.8/site-packages/airflow/example_dags/example_complex.py
[2025-03-09T12:59:59.361+0000] {processor.py:839} INFO - DAG(s) dict_keys(['example_complex']) retrieved from /home/airflow/.local/lib/python3.8/site-packages/airflow/example_dags/example_complex.py
[2025-03-09T12:59:59.375+0000] {logging_mixin.py:154} INFO - [2025-03-09T12:59:59.375+0000] {dag.py:2941} INFO - Sync 1 DAGs
[2025-03-09T12:59:59.381+0000] {logging_mixin.py:154} INFO - [2025-03-09T12:59:59.381+0000] {dag.py:3722} INFO - Setting next_dagrun for example_complex to None, run_after=None
[2025-03-09T12:59:59.392+0000] {processor.py:179} INFO - Processing /home/airflow/.local/lib/python3.8/site-packages/airflow/example_dags/example_complex.py took 0.042 seconds
[2025-03-09T13:00:30.155+0000] {processor.py:157} INFO - Started process (PID=72552) to work on /home/airflow/.local/lib/python3.8/site-packages/airflow/example_dags/example_complex.py
[2025-03-09T13:00:30.156+0000] {processor.py:829} INFO - Processing file /home/airflow/.local/lib/python3.8/site-packages/airflow/example_dags/example_complex.py for tasks to queue
[2025-03-09T13:00:30.156+0000] {logging_mixin.py:154} INFO - [2025-03-09T13:00:30.156+0000] {dagbag.py:536} INFO - Filling up the DagBag from /home/airflow/.local/lib/python3.8/site-packages/airflow/example_dags/example_complex.py
[2025-03-09T13:00:30.161+0000] {processor.py:839} INFO - DAG(s) dict_keys(['example_complex']) retrieved from /home/airflow/.local/lib/python3.8/site-packages/airflow/example_dags/example_complex.py
[2025-03-09T13:00:30.174+0000] {logging_mixin.py:154} INFO - [2025-03-09T13:00:30.174+0000] {dag.py:2941} INFO - Sync 1 DAGs
[2025-03-09T13:00:30.178+0000] {logging_mixin.py:154} INFO - [2025-03-09T13:00:30.178+0000] {dag.py:3722} INFO - Setting next_dagrun for example_complex to None, run_after=None
[2025-03-09T13:00:30.188+0000] {processor.py:179} INFO - Processing /home/airflow/.local/lib/python3.8/site-packages/airflow/example_dags/example_complex.py took 0.034 seconds
[2025-03-09T13:01:21.691+0000] {processor.py:157} INFO - Started process (PID=72608) to work on /home/airflow/.local/lib/python3.8/site-packages/airflow/example_dags/example_complex.py
[2025-03-09T13:01:21.693+0000] {processor.py:829} INFO - Processing file /home/airflow/.local/lib/python3.8/site-packages/airflow/example_dags/example_complex.py for tasks to queue
[2025-03-09T13:01:21.693+0000] {logging_mixin.py:154} INFO - [2025-03-09T13:01:21.693+0000] {dagbag.py:536} INFO - Filling up the DagBag from /home/airflow/.local/lib/python3.8/site-packages/airflow/example_dags/example_complex.py
[2025-03-09T13:01:21.699+0000] {processor.py:839} INFO - DAG(s) dict_keys(['example_complex']) retrieved from /home/airflow/.local/lib/python3.8/site-packages/airflow/example_dags/example_complex.py
[2025-03-09T13:01:21.712+0000] {logging_mixin.py:154} INFO - [2025-03-09T13:01:21.711+0000] {dag.py:2941} INFO - Sync 1 DAGs
[2025-03-09T13:01:21.716+0000] {logging_mixin.py:154} INFO - [2025-03-09T13:01:21.716+0000] {dag.py:3722} INFO - Setting next_dagrun for example_complex to None, run_after=None
[2025-03-09T13:01:21.726+0000] {processor.py:179} INFO - Processing /home/airflow/.local/lib/python3.8/site-packages/airflow/example_dags/example_complex.py took 0.037 seconds
[2025-03-09T13:02:03.391+0000] {processor.py:157} INFO - Started process (PID=72664) to work on /home/airflow/.local/lib/python3.8/site-packages/airflow/example_dags/example_complex.py
[2025-03-09T13:02:03.392+0000] {processor.py:829} INFO - Processing file /home/airflow/.local/lib/python3.8/site-packages/airflow/example_dags/example_complex.py for tasks to queue
[2025-03-09T13:02:03.393+0000] {logging_mixin.py:154} INFO - [2025-03-09T13:02:03.393+0000] {dagbag.py:536} INFO - Filling up the DagBag from /home/airflow/.local/lib/python3.8/site-packages/airflow/example_dags/example_complex.py
[2025-03-09T13:02:03.401+0000] {processor.py:839} INFO - DAG(s) dict_keys(['example_complex']) retrieved from /home/airflow/.local/lib/python3.8/site-packages/airflow/example_dags/example_complex.py
[2025-03-09T13:02:03.417+0000] {logging_mixin.py:154} INFO - [2025-03-09T13:02:03.417+0000] {dag.py:2941} INFO - Sync 1 DAGs
[2025-03-09T13:02:03.422+0000] {logging_mixin.py:154} INFO - [2025-03-09T13:02:03.422+0000] {dag.py:3722} INFO - Setting next_dagrun for example_complex to None, run_after=None
[2025-03-09T13:02:03.431+0000] {processor.py:179} INFO - Processing /home/airflow/.local/lib/python3.8/site-packages/airflow/example_dags/example_complex.py took 0.041 seconds
[2025-03-09T13:02:38.481+0000] {processor.py:157} INFO - Started process (PID=72720) to work on /home/airflow/.local/lib/python3.8/site-packages/airflow/example_dags/example_complex.py
[2025-03-09T13:02:38.482+0000] {processor.py:829} INFO - Processing file /home/airflow/.local/lib/python3.8/site-packages/airflow/example_dags/example_complex.py for tasks to queue
[2025-03-09T13:02:38.482+0000] {logging_mixin.py:154} INFO - [2025-03-09T13:02:38.482+0000] {dagbag.py:536} INFO - Filling up the DagBag from /home/airflow/.local/lib/python3.8/site-packages/airflow/example_dags/example_complex.py
[2025-03-09T13:02:38.489+0000] {processor.py:839} INFO - DAG(s) dict_keys(['example_complex']) retrieved from /home/airflow/.local/lib/python3.8/site-packages/airflow/example_dags/example_complex.py
[2025-03-09T13:02:38.505+0000] {logging_mixin.py:154} INFO - [2025-03-09T13:02:38.505+0000] {dag.py:2941} INFO - Sync 1 DAGs
[2025-03-09T13:02:38.510+0000] {logging_mixin.py:154} INFO - [2025-03-09T13:02:38.510+0000] {dag.py:3722} INFO - Setting next_dagrun for example_complex to None, run_after=None
[2025-03-09T13:02:38.521+0000] {processor.py:179} INFO - Processing /home/airflow/.local/lib/python3.8/site-packages/airflow/example_dags/example_complex.py took 0.041 seconds
[2025-03-09T13:03:20.424+0000] {processor.py:157} INFO - Started process (PID=72776) to work on /home/airflow/.local/lib/python3.8/site-packages/airflow/example_dags/example_complex.py
[2025-03-09T13:03:20.425+0000] {processor.py:829} INFO - Processing file /home/airflow/.local/lib/python3.8/site-packages/airflow/example_dags/example_complex.py for tasks to queue
[2025-03-09T13:03:20.425+0000] {logging_mixin.py:154} INFO - [2025-03-09T13:03:20.425+0000] {dagbag.py:536} INFO - Filling up the DagBag from /home/airflow/.local/lib/python3.8/site-packages/airflow/example_dags/example_complex.py
[2025-03-09T13:03:20.430+0000] {processor.py:839} INFO - DAG(s) dict_keys(['example_complex']) retrieved from /home/airflow/.local/lib/python3.8/site-packages/airflow/example_dags/example_complex.py
[2025-03-09T13:03:20.441+0000] {logging_mixin.py:154} INFO - [2025-03-09T13:03:20.441+0000] {dag.py:2941} INFO - Sync 1 DAGs
[2025-03-09T13:03:20.445+0000] {logging_mixin.py:154} INFO - [2025-03-09T13:03:20.445+0000] {dag.py:3722} INFO - Setting next_dagrun for example_complex to None, run_after=None
[2025-03-09T13:03:20.452+0000] {processor.py:179} INFO - Processing /home/airflow/.local/lib/python3.8/site-packages/airflow/example_dags/example_complex.py took 0.029 seconds
[2025-03-09T13:03:56.713+0000] {processor.py:157} INFO - Started process (PID=72832) to work on /home/airflow/.local/lib/python3.8/site-packages/airflow/example_dags/example_complex.py
[2025-03-09T13:03:56.714+0000] {processor.py:829} INFO - Processing file /home/airflow/.local/lib/python3.8/site-packages/airflow/example_dags/example_complex.py for tasks to queue
[2025-03-09T13:03:56.714+0000] {logging_mixin.py:154} INFO - [2025-03-09T13:03:56.714+0000] {dagbag.py:536} INFO - Filling up the DagBag from /home/airflow/.local/lib/python3.8/site-packages/airflow/example_dags/example_complex.py
[2025-03-09T13:03:56.722+0000] {processor.py:839} INFO - DAG(s) dict_keys(['example_complex']) retrieved from /home/airflow/.local/lib/python3.8/site-packages/airflow/example_dags/example_complex.py
[2025-03-09T13:03:56.736+0000] {logging_mixin.py:154} INFO - [2025-03-09T13:03:56.736+0000] {dag.py:2941} INFO - Sync 1 DAGs
[2025-03-09T13:03:56.740+0000] {logging_mixin.py:154} INFO - [2025-03-09T13:03:56.740+0000] {dag.py:3722} INFO - Setting next_dagrun for example_complex to None, run_after=None
[2025-03-09T13:03:56.750+0000] {processor.py:179} INFO - Processing /home/airflow/.local/lib/python3.8/site-packages/airflow/example_dags/example_complex.py took 0.039 seconds
[2025-03-09T13:04:28.483+0000] {processor.py:157} INFO - Started process (PID=72888) to work on /home/airflow/.local/lib/python3.8/site-packages/airflow/example_dags/example_complex.py
[2025-03-09T13:04:28.483+0000] {processor.py:829} INFO - Processing file /home/airflow/.local/lib/python3.8/site-packages/airflow/example_dags/example_complex.py for tasks to queue
[2025-03-09T13:04:28.484+0000] {logging_mixin.py:154} INFO - [2025-03-09T13:04:28.484+0000] {dagbag.py:536} INFO - Filling up the DagBag from /home/airflow/.local/lib/python3.8/site-packages/airflow/example_dags/example_complex.py
[2025-03-09T13:04:28.488+0000] {processor.py:839} INFO - DAG(s) dict_keys(['example_complex']) retrieved from /home/airflow/.local/lib/python3.8/site-packages/airflow/example_dags/example_complex.py
[2025-03-09T13:04:28.500+0000] {logging_mixin.py:154} INFO - [2025-03-09T13:04:28.500+0000] {dag.py:2941} INFO - Sync 1 DAGs
[2025-03-09T13:04:28.504+0000] {logging_mixin.py:154} INFO - [2025-03-09T13:04:28.504+0000] {dag.py:3722} INFO - Setting next_dagrun for example_complex to None, run_after=None
[2025-03-09T13:04:28.510+0000] {processor.py:179} INFO - Processing /home/airflow/.local/lib/python3.8/site-packages/airflow/example_dags/example_complex.py took 0.028 seconds
[2025-03-09T13:04:59.876+0000] {processor.py:157} INFO - Started process (PID=72944) to work on /home/airflow/.local/lib/python3.8/site-packages/airflow/example_dags/example_complex.py
[2025-03-09T13:04:59.877+0000] {processor.py:829} INFO - Processing file /home/airflow/.local/lib/python3.8/site-packages/airflow/example_dags/example_complex.py for tasks to queue
[2025-03-09T13:04:59.877+0000] {logging_mixin.py:154} INFO - [2025-03-09T13:04:59.877+0000] {dagbag.py:536} INFO - Filling up the DagBag from /home/airflow/.local/lib/python3.8/site-packages/airflow/example_dags/example_complex.py
[2025-03-09T13:04:59.882+0000] {processor.py:839} INFO - DAG(s) dict_keys(['example_complex']) retrieved from /home/airflow/.local/lib/python3.8/site-packages/airflow/example_dags/example_complex.py
[2025-03-09T13:04:59.893+0000] {logging_mixin.py:154} INFO - [2025-03-09T13:04:59.893+0000] {dag.py:2941} INFO - Sync 1 DAGs
[2025-03-09T13:04:59.898+0000] {logging_mixin.py:154} INFO - [2025-03-09T13:04:59.898+0000] {dag.py:3722} INFO - Setting next_dagrun for example_complex to None, run_after=None
[2025-03-09T13:04:59.903+0000] {processor.py:179} INFO - Processing /home/airflow/.local/lib/python3.8/site-packages/airflow/example_dags/example_complex.py took 0.028 seconds
[2025-03-09T13:05:34.569+0000] {processor.py:157} INFO - Started process (PID=73000) to work on /home/airflow/.local/lib/python3.8/site-packages/airflow/example_dags/example_complex.py
[2025-03-09T13:05:34.570+0000] {processor.py:829} INFO - Processing file /home/airflow/.local/lib/python3.8/site-packages/airflow/example_dags/example_complex.py for tasks to queue
[2025-03-09T13:05:34.570+0000] {logging_mixin.py:154} INFO - [2025-03-09T13:05:34.570+0000] {dagbag.py:536} INFO - Filling up the DagBag from /home/airflow/.local/lib/python3.8/site-packages/airflow/example_dags/example_complex.py
[2025-03-09T13:05:34.579+0000] {processor.py:839} INFO - DAG(s) dict_keys(['example_complex']) retrieved from /home/airflow/.local/lib/python3.8/site-packages/airflow/example_dags/example_complex.py
[2025-03-09T13:05:34.595+0000] {logging_mixin.py:154} INFO - [2025-03-09T13:05:34.595+0000] {dag.py:2941} INFO - Sync 1 DAGs
[2025-03-09T13:05:34.599+0000] {logging_mixin.py:154} INFO - [2025-03-09T13:05:34.599+0000] {dag.py:3722} INFO - Setting next_dagrun for example_complex to None, run_after=None
[2025-03-09T13:05:34.607+0000] {processor.py:179} INFO - Processing /home/airflow/.local/lib/python3.8/site-packages/airflow/example_dags/example_complex.py took 0.040 seconds
[2025-03-09T13:06:07.356+0000] {processor.py:157} INFO - Started process (PID=73056) to work on /home/airflow/.local/lib/python3.8/site-packages/airflow/example_dags/example_complex.py
[2025-03-09T13:06:07.357+0000] {processor.py:829} INFO - Processing file /home/airflow/.local/lib/python3.8/site-packages/airflow/example_dags/example_complex.py for tasks to queue
[2025-03-09T13:06:07.358+0000] {logging_mixin.py:154} INFO - [2025-03-09T13:06:07.358+0000] {dagbag.py:536} INFO - Filling up the DagBag from /home/airflow/.local/lib/python3.8/site-packages/airflow/example_dags/example_complex.py
[2025-03-09T13:06:07.366+0000] {processor.py:839} INFO - DAG(s) dict_keys(['example_complex']) retrieved from /home/airflow/.local/lib/python3.8/site-packages/airflow/example_dags/example_complex.py
[2025-03-09T13:06:07.387+0000] {logging_mixin.py:154} INFO - [2025-03-09T13:06:07.387+0000] {dag.py:2941} INFO - Sync 1 DAGs
[2025-03-09T13:06:07.393+0000] {logging_mixin.py:154} INFO - [2025-03-09T13:06:07.393+0000] {dag.py:3722} INFO - Setting next_dagrun for example_complex to None, run_after=None
[2025-03-09T13:06:07.403+0000] {processor.py:179} INFO - Processing /home/airflow/.local/lib/python3.8/site-packages/airflow/example_dags/example_complex.py took 0.048 seconds
[2025-03-09T13:24:28.268+0000] {processor.py:157} INFO - Started process (PID=73112) to work on /home/airflow/.local/lib/python3.8/site-packages/airflow/example_dags/example_complex.py
[2025-03-09T13:24:28.268+0000] {processor.py:829} INFO - Processing file /home/airflow/.local/lib/python3.8/site-packages/airflow/example_dags/example_complex.py for tasks to queue
[2025-03-09T13:24:28.269+0000] {logging_mixin.py:154} INFO - [2025-03-09T13:24:28.269+0000] {dagbag.py:536} INFO - Filling up the DagBag from /home/airflow/.local/lib/python3.8/site-packages/airflow/example_dags/example_complex.py
[2025-03-09T13:24:28.276+0000] {processor.py:839} INFO - DAG(s) dict_keys(['example_complex']) retrieved from /home/airflow/.local/lib/python3.8/site-packages/airflow/example_dags/example_complex.py
[2025-03-09T13:24:28.296+0000] {logging_mixin.py:154} INFO - [2025-03-09T13:24:28.296+0000] {dag.py:2941} INFO - Sync 1 DAGs
[2025-03-09T13:24:28.303+0000] {logging_mixin.py:154} INFO - [2025-03-09T13:24:28.303+0000] {dag.py:3722} INFO - Setting next_dagrun for example_complex to None, run_after=None
[2025-03-09T13:24:28.312+0000] {processor.py:179} INFO - Processing /home/airflow/.local/lib/python3.8/site-packages/airflow/example_dags/example_complex.py took 0.046 seconds
[2025-03-09T13:40:08.696+0000] {processor.py:157} INFO - Started process (PID=73168) to work on /home/airflow/.local/lib/python3.8/site-packages/airflow/example_dags/example_complex.py
[2025-03-09T13:40:08.697+0000] {processor.py:829} INFO - Processing file /home/airflow/.local/lib/python3.8/site-packages/airflow/example_dags/example_complex.py for tasks to queue
[2025-03-09T13:40:08.698+0000] {logging_mixin.py:154} INFO - [2025-03-09T13:40:08.697+0000] {dagbag.py:536} INFO - Filling up the DagBag from /home/airflow/.local/lib/python3.8/site-packages/airflow/example_dags/example_complex.py
[2025-03-09T13:40:08.706+0000] {processor.py:839} INFO - DAG(s) dict_keys(['example_complex']) retrieved from /home/airflow/.local/lib/python3.8/site-packages/airflow/example_dags/example_complex.py
[2025-03-09T13:40:08.724+0000] {logging_mixin.py:154} INFO - [2025-03-09T13:40:08.724+0000] {dag.py:2941} INFO - Sync 1 DAGs
[2025-03-09T13:40:08.732+0000] {logging_mixin.py:154} INFO - [2025-03-09T13:40:08.732+0000] {dag.py:3722} INFO - Setting next_dagrun for example_complex to None, run_after=None
[2025-03-09T13:40:08.742+0000] {processor.py:179} INFO - Processing /home/airflow/.local/lib/python3.8/site-packages/airflow/example_dags/example_complex.py took 0.047 seconds
[2025-03-09T13:57:31.948+0000] {processor.py:157} INFO - Started process (PID=73224) to work on /home/airflow/.local/lib/python3.8/site-packages/airflow/example_dags/example_complex.py
[2025-03-09T13:57:31.948+0000] {processor.py:829} INFO - Processing file /home/airflow/.local/lib/python3.8/site-packages/airflow/example_dags/example_complex.py for tasks to queue
[2025-03-09T13:57:31.949+0000] {logging_mixin.py:154} INFO - [2025-03-09T13:57:31.948+0000] {dagbag.py:536} INFO - Filling up the DagBag from /home/airflow/.local/lib/python3.8/site-packages/airflow/example_dags/example_complex.py
[2025-03-09T13:57:31.955+0000] {processor.py:839} INFO - DAG(s) dict_keys(['example_complex']) retrieved from /home/airflow/.local/lib/python3.8/site-packages/airflow/example_dags/example_complex.py
[2025-03-09T13:57:31.973+0000] {logging_mixin.py:154} INFO - [2025-03-09T13:57:31.973+0000] {dag.py:2941} INFO - Sync 1 DAGs
[2025-03-09T13:57:31.979+0000] {logging_mixin.py:154} INFO - [2025-03-09T13:57:31.979+0000] {dag.py:3722} INFO - Setting next_dagrun for example_complex to None, run_after=None
[2025-03-09T13:57:31.990+0000] {processor.py:179} INFO - Processing /home/airflow/.local/lib/python3.8/site-packages/airflow/example_dags/example_complex.py took 0.043 seconds
[2025-03-09T14:00:27.604+0000] {processor.py:157} INFO - Started process (PID=73279) to work on /home/airflow/.local/lib/python3.8/site-packages/airflow/example_dags/example_complex.py
[2025-03-09T14:00:27.604+0000] {processor.py:829} INFO - Processing file /home/airflow/.local/lib/python3.8/site-packages/airflow/example_dags/example_complex.py for tasks to queue
[2025-03-09T14:00:27.605+0000] {logging_mixin.py:154} INFO - [2025-03-09T14:00:27.604+0000] {dagbag.py:536} INFO - Filling up the DagBag from /home/airflow/.local/lib/python3.8/site-packages/airflow/example_dags/example_complex.py
[2025-03-09T14:00:27.610+0000] {processor.py:839} INFO - DAG(s) dict_keys(['example_complex']) retrieved from /home/airflow/.local/lib/python3.8/site-packages/airflow/example_dags/example_complex.py
[2025-03-09T14:00:27.622+0000] {logging_mixin.py:154} INFO - [2025-03-09T14:00:27.622+0000] {dag.py:2941} INFO - Sync 1 DAGs
[2025-03-09T14:00:27.630+0000] {logging_mixin.py:154} INFO - [2025-03-09T14:00:27.630+0000] {dag.py:3722} INFO - Setting next_dagrun for example_complex to None, run_after=None
[2025-03-09T14:00:27.640+0000] {processor.py:179} INFO - Processing /home/airflow/.local/lib/python3.8/site-packages/airflow/example_dags/example_complex.py took 0.038 seconds
[2025-03-09T14:06:16.882+0000] {processor.py:157} INFO - Started process (PID=73335) to work on /home/airflow/.local/lib/python3.8/site-packages/airflow/example_dags/example_complex.py
[2025-03-09T14:06:16.882+0000] {processor.py:829} INFO - Processing file /home/airflow/.local/lib/python3.8/site-packages/airflow/example_dags/example_complex.py for tasks to queue
[2025-03-09T14:06:16.883+0000] {logging_mixin.py:154} INFO - [2025-03-09T14:06:16.883+0000] {dagbag.py:536} INFO - Filling up the DagBag from /home/airflow/.local/lib/python3.8/site-packages/airflow/example_dags/example_complex.py
[2025-03-09T14:06:16.894+0000] {processor.py:839} INFO - DAG(s) dict_keys(['example_complex']) retrieved from /home/airflow/.local/lib/python3.8/site-packages/airflow/example_dags/example_complex.py
[2025-03-09T14:06:16.911+0000] {logging_mixin.py:154} INFO - [2025-03-09T14:06:16.911+0000] {dag.py:2941} INFO - Sync 1 DAGs
[2025-03-09T14:06:16.916+0000] {logging_mixin.py:154} INFO - [2025-03-09T14:06:16.916+0000] {dag.py:3722} INFO - Setting next_dagrun for example_complex to None, run_after=None
[2025-03-09T14:06:16.926+0000] {processor.py:179} INFO - Processing /home/airflow/.local/lib/python3.8/site-packages/airflow/example_dags/example_complex.py took 0.046 seconds
[2025-03-09T14:24:10.178+0000] {processor.py:157} INFO - Started process (PID=73391) to work on /home/airflow/.local/lib/python3.8/site-packages/airflow/example_dags/example_complex.py
[2025-03-09T14:24:10.180+0000] {processor.py:829} INFO - Processing file /home/airflow/.local/lib/python3.8/site-packages/airflow/example_dags/example_complex.py for tasks to queue
[2025-03-09T14:24:10.181+0000] {logging_mixin.py:154} INFO - [2025-03-09T14:24:10.181+0000] {dagbag.py:536} INFO - Filling up the DagBag from /home/airflow/.local/lib/python3.8/site-packages/airflow/example_dags/example_complex.py
[2025-03-09T14:24:10.189+0000] {processor.py:839} INFO - DAG(s) dict_keys(['example_complex']) retrieved from /home/airflow/.local/lib/python3.8/site-packages/airflow/example_dags/example_complex.py
[2025-03-09T14:24:10.200+0000] {logging_mixin.py:154} INFO - [2025-03-09T14:24:10.200+0000] {dag.py:2941} INFO - Sync 1 DAGs
[2025-03-09T14:24:10.204+0000] {logging_mixin.py:154} INFO - [2025-03-09T14:24:10.204+0000] {dag.py:3722} INFO - Setting next_dagrun for example_complex to None, run_after=None
[2025-03-09T14:24:10.211+0000] {processor.py:179} INFO - Processing /home/airflow/.local/lib/python3.8/site-packages/airflow/example_dags/example_complex.py took 0.035 seconds
[2025-03-09T14:33:42.103+0000] {processor.py:157} INFO - Started process (PID=73447) to work on /home/airflow/.local/lib/python3.8/site-packages/airflow/example_dags/example_complex.py
[2025-03-09T14:33:42.104+0000] {processor.py:829} INFO - Processing file /home/airflow/.local/lib/python3.8/site-packages/airflow/example_dags/example_complex.py for tasks to queue
[2025-03-09T14:33:42.105+0000] {logging_mixin.py:154} INFO - [2025-03-09T14:33:42.105+0000] {dagbag.py:536} INFO - Filling up the DagBag from /home/airflow/.local/lib/python3.8/site-packages/airflow/example_dags/example_complex.py
[2025-03-09T14:33:42.110+0000] {processor.py:839} INFO - DAG(s) dict_keys(['example_complex']) retrieved from /home/airflow/.local/lib/python3.8/site-packages/airflow/example_dags/example_complex.py
[2025-03-09T14:33:42.123+0000] {logging_mixin.py:154} INFO - [2025-03-09T14:33:42.123+0000] {dag.py:2941} INFO - Sync 1 DAGs
[2025-03-09T14:33:42.130+0000] {logging_mixin.py:154} INFO - [2025-03-09T14:33:42.130+0000] {dag.py:3722} INFO - Setting next_dagrun for example_complex to None, run_after=None
[2025-03-09T14:33:42.139+0000] {processor.py:179} INFO - Processing /home/airflow/.local/lib/python3.8/site-packages/airflow/example_dags/example_complex.py took 0.038 seconds
[2025-03-09T14:44:45.524+0000] {processor.py:157} INFO - Started process (PID=73503) to work on /home/airflow/.local/lib/python3.8/site-packages/airflow/example_dags/example_complex.py
[2025-03-09T14:44:45.525+0000] {processor.py:829} INFO - Processing file /home/airflow/.local/lib/python3.8/site-packages/airflow/example_dags/example_complex.py for tasks to queue
[2025-03-09T14:44:45.525+0000] {logging_mixin.py:154} INFO - [2025-03-09T14:44:45.525+0000] {dagbag.py:536} INFO - Filling up the DagBag from /home/airflow/.local/lib/python3.8/site-packages/airflow/example_dags/example_complex.py
[2025-03-09T14:44:45.530+0000] {processor.py:839} INFO - DAG(s) dict_keys(['example_complex']) retrieved from /home/airflow/.local/lib/python3.8/site-packages/airflow/example_dags/example_complex.py
[2025-03-09T14:44:45.541+0000] {logging_mixin.py:154} INFO - [2025-03-09T14:44:45.541+0000] {dag.py:2941} INFO - Sync 1 DAGs
[2025-03-09T14:44:45.546+0000] {logging_mixin.py:154} INFO - [2025-03-09T14:44:45.546+0000] {dag.py:3722} INFO - Setting next_dagrun for example_complex to None, run_after=None
[2025-03-09T14:44:45.551+0000] {processor.py:179} INFO - Processing /home/airflow/.local/lib/python3.8/site-packages/airflow/example_dags/example_complex.py took 0.029 seconds
[2025-03-09T14:46:08.528+0000] {processor.py:157} INFO - Started process (PID=73559) to work on /home/airflow/.local/lib/python3.8/site-packages/airflow/example_dags/example_complex.py
[2025-03-09T14:46:08.528+0000] {processor.py:829} INFO - Processing file /home/airflow/.local/lib/python3.8/site-packages/airflow/example_dags/example_complex.py for tasks to queue
[2025-03-09T14:46:08.529+0000] {logging_mixin.py:154} INFO - [2025-03-09T14:46:08.529+0000] {dagbag.py:536} INFO - Filling up the DagBag from /home/airflow/.local/lib/python3.8/site-packages/airflow/example_dags/example_complex.py
[2025-03-09T14:46:08.535+0000] {processor.py:839} INFO - DAG(s) dict_keys(['example_complex']) retrieved from /home/airflow/.local/lib/python3.8/site-packages/airflow/example_dags/example_complex.py
[2025-03-09T14:46:08.553+0000] {logging_mixin.py:154} INFO - [2025-03-09T14:46:08.553+0000] {dag.py:2941} INFO - Sync 1 DAGs
[2025-03-09T14:46:08.558+0000] {logging_mixin.py:154} INFO - [2025-03-09T14:46:08.558+0000] {dag.py:3722} INFO - Setting next_dagrun for example_complex to None, run_after=None
[2025-03-09T14:46:08.565+0000] {processor.py:179} INFO - Processing /home/airflow/.local/lib/python3.8/site-packages/airflow/example_dags/example_complex.py took 0.038 seconds
[2025-03-09T14:50:27.633+0000] {processor.py:157} INFO - Started process (PID=73615) to work on /home/airflow/.local/lib/python3.8/site-packages/airflow/example_dags/example_complex.py
[2025-03-09T14:50:27.633+0000] {processor.py:829} INFO - Processing file /home/airflow/.local/lib/python3.8/site-packages/airflow/example_dags/example_complex.py for tasks to queue
[2025-03-09T14:50:27.634+0000] {logging_mixin.py:154} INFO - [2025-03-09T14:50:27.633+0000] {dagbag.py:536} INFO - Filling up the DagBag from /home/airflow/.local/lib/python3.8/site-packages/airflow/example_dags/example_complex.py
[2025-03-09T14:50:27.644+0000] {processor.py:839} INFO - DAG(s) dict_keys(['example_complex']) retrieved from /home/airflow/.local/lib/python3.8/site-packages/airflow/example_dags/example_complex.py
[2025-03-09T14:50:27.666+0000] {logging_mixin.py:154} INFO - [2025-03-09T14:50:27.666+0000] {dag.py:2941} INFO - Sync 1 DAGs
[2025-03-09T14:50:27.675+0000] {logging_mixin.py:154} INFO - [2025-03-09T14:50:27.675+0000] {dag.py:3722} INFO - Setting next_dagrun for example_complex to None, run_after=None
[2025-03-09T14:50:27.690+0000] {processor.py:179} INFO - Processing /home/airflow/.local/lib/python3.8/site-packages/airflow/example_dags/example_complex.py took 0.059 seconds
[2025-03-09T15:04:59.301+0000] {processor.py:157} INFO - Started process (PID=73671) to work on /home/airflow/.local/lib/python3.8/site-packages/airflow/example_dags/example_complex.py
[2025-03-09T15:04:59.302+0000] {processor.py:829} INFO - Processing file /home/airflow/.local/lib/python3.8/site-packages/airflow/example_dags/example_complex.py for tasks to queue
[2025-03-09T15:04:59.303+0000] {logging_mixin.py:154} INFO - [2025-03-09T15:04:59.303+0000] {dagbag.py:536} INFO - Filling up the DagBag from /home/airflow/.local/lib/python3.8/site-packages/airflow/example_dags/example_complex.py
[2025-03-09T15:04:59.311+0000] {processor.py:839} INFO - DAG(s) dict_keys(['example_complex']) retrieved from /home/airflow/.local/lib/python3.8/site-packages/airflow/example_dags/example_complex.py
[2025-03-09T15:04:59.331+0000] {logging_mixin.py:154} INFO - [2025-03-09T15:04:59.331+0000] {dag.py:2941} INFO - Sync 1 DAGs
[2025-03-09T15:04:59.338+0000] {logging_mixin.py:154} INFO - [2025-03-09T15:04:59.338+0000] {dag.py:3722} INFO - Setting next_dagrun for example_complex to None, run_after=None
[2025-03-09T15:04:59.348+0000] {processor.py:179} INFO - Processing /home/airflow/.local/lib/python3.8/site-packages/airflow/example_dags/example_complex.py took 0.048 seconds
[2025-03-09T15:23:51.027+0000] {processor.py:157} INFO - Started process (PID=73727) to work on /home/airflow/.local/lib/python3.8/site-packages/airflow/example_dags/example_complex.py
[2025-03-09T15:23:51.028+0000] {processor.py:829} INFO - Processing file /home/airflow/.local/lib/python3.8/site-packages/airflow/example_dags/example_complex.py for tasks to queue
[2025-03-09T15:23:51.028+0000] {logging_mixin.py:154} INFO - [2025-03-09T15:23:51.028+0000] {dagbag.py:536} INFO - Filling up the DagBag from /home/airflow/.local/lib/python3.8/site-packages/airflow/example_dags/example_complex.py
[2025-03-09T15:23:51.033+0000] {processor.py:839} INFO - DAG(s) dict_keys(['example_complex']) retrieved from /home/airflow/.local/lib/python3.8/site-packages/airflow/example_dags/example_complex.py
[2025-03-09T15:23:51.045+0000] {logging_mixin.py:154} INFO - [2025-03-09T15:23:51.045+0000] {dag.py:2941} INFO - Sync 1 DAGs
[2025-03-09T15:23:51.050+0000] {logging_mixin.py:154} INFO - [2025-03-09T15:23:51.050+0000] {dag.py:3722} INFO - Setting next_dagrun for example_complex to None, run_after=None
[2025-03-09T15:23:51.055+0000] {processor.py:179} INFO - Processing /home/airflow/.local/lib/python3.8/site-packages/airflow/example_dags/example_complex.py took 0.030 seconds
[2025-03-09T15:52:53.403+0000] {processor.py:157} INFO - Started process (PID=73783) to work on /home/airflow/.local/lib/python3.8/site-packages/airflow/example_dags/example_complex.py
[2025-03-09T15:52:53.403+0000] {processor.py:829} INFO - Processing file /home/airflow/.local/lib/python3.8/site-packages/airflow/example_dags/example_complex.py for tasks to queue
[2025-03-09T15:52:53.404+0000] {logging_mixin.py:154} INFO - [2025-03-09T15:52:53.404+0000] {dagbag.py:536} INFO - Filling up the DagBag from /home/airflow/.local/lib/python3.8/site-packages/airflow/example_dags/example_complex.py
[2025-03-09T15:52:53.413+0000] {processor.py:839} INFO - DAG(s) dict_keys(['example_complex']) retrieved from /home/airflow/.local/lib/python3.8/site-packages/airflow/example_dags/example_complex.py
[2025-03-09T15:52:53.431+0000] {logging_mixin.py:154} INFO - [2025-03-09T15:52:53.431+0000] {dag.py:2941} INFO - Sync 1 DAGs
[2025-03-09T15:52:53.440+0000] {logging_mixin.py:154} INFO - [2025-03-09T15:52:53.440+0000] {dag.py:3722} INFO - Setting next_dagrun for example_complex to None, run_after=None
[2025-03-09T15:52:53.449+0000] {processor.py:179} INFO - Processing /home/airflow/.local/lib/python3.8/site-packages/airflow/example_dags/example_complex.py took 0.048 seconds
[2025-03-09T16:08:32.767+0000] {processor.py:157} INFO - Started process (PID=73839) to work on /home/airflow/.local/lib/python3.8/site-packages/airflow/example_dags/example_complex.py
[2025-03-09T16:08:32.768+0000] {processor.py:829} INFO - Processing file /home/airflow/.local/lib/python3.8/site-packages/airflow/example_dags/example_complex.py for tasks to queue
[2025-03-09T16:08:32.769+0000] {logging_mixin.py:154} INFO - [2025-03-09T16:08:32.769+0000] {dagbag.py:536} INFO - Filling up the DagBag from /home/airflow/.local/lib/python3.8/site-packages/airflow/example_dags/example_complex.py
[2025-03-09T16:08:32.779+0000] {processor.py:839} INFO - DAG(s) dict_keys(['example_complex']) retrieved from /home/airflow/.local/lib/python3.8/site-packages/airflow/example_dags/example_complex.py
[2025-03-09T16:08:32.797+0000] {logging_mixin.py:154} INFO - [2025-03-09T16:08:32.797+0000] {dag.py:2941} INFO - Sync 1 DAGs
[2025-03-09T16:08:32.802+0000] {logging_mixin.py:154} INFO - [2025-03-09T16:08:32.802+0000] {dag.py:3722} INFO - Setting next_dagrun for example_complex to None, run_after=None
[2025-03-09T16:08:32.811+0000] {processor.py:179} INFO - Processing /home/airflow/.local/lib/python3.8/site-packages/airflow/example_dags/example_complex.py took 0.046 seconds
[2025-03-09T16:24:17.023+0000] {processor.py:157} INFO - Started process (PID=73895) to work on /home/airflow/.local/lib/python3.8/site-packages/airflow/example_dags/example_complex.py
[2025-03-09T16:24:17.024+0000] {processor.py:829} INFO - Processing file /home/airflow/.local/lib/python3.8/site-packages/airflow/example_dags/example_complex.py for tasks to queue
[2025-03-09T16:24:17.025+0000] {logging_mixin.py:154} INFO - [2025-03-09T16:24:17.025+0000] {dagbag.py:536} INFO - Filling up the DagBag from /home/airflow/.local/lib/python3.8/site-packages/airflow/example_dags/example_complex.py
[2025-03-09T16:24:17.035+0000] {processor.py:839} INFO - DAG(s) dict_keys(['example_complex']) retrieved from /home/airflow/.local/lib/python3.8/site-packages/airflow/example_dags/example_complex.py
[2025-03-09T16:24:17.053+0000] {logging_mixin.py:154} INFO - [2025-03-09T16:24:17.053+0000] {dag.py:2941} INFO - Sync 1 DAGs
[2025-03-09T16:24:17.059+0000] {logging_mixin.py:154} INFO - [2025-03-09T16:24:17.059+0000] {dag.py:3722} INFO - Setting next_dagrun for example_complex to None, run_after=None
[2025-03-09T16:24:17.069+0000] {processor.py:179} INFO - Processing /home/airflow/.local/lib/python3.8/site-packages/airflow/example_dags/example_complex.py took 0.048 seconds
[2025-03-09T16:46:45.595+0000] {processor.py:157} INFO - Started process (PID=73951) to work on /home/airflow/.local/lib/python3.8/site-packages/airflow/example_dags/example_complex.py
[2025-03-09T16:46:45.596+0000] {processor.py:829} INFO - Processing file /home/airflow/.local/lib/python3.8/site-packages/airflow/example_dags/example_complex.py for tasks to queue
[2025-03-09T16:46:45.596+0000] {logging_mixin.py:154} INFO - [2025-03-09T16:46:45.596+0000] {dagbag.py:536} INFO - Filling up the DagBag from /home/airflow/.local/lib/python3.8/site-packages/airflow/example_dags/example_complex.py
[2025-03-09T16:46:45.605+0000] {processor.py:839} INFO - DAG(s) dict_keys(['example_complex']) retrieved from /home/airflow/.local/lib/python3.8/site-packages/airflow/example_dags/example_complex.py
[2025-03-09T16:46:45.619+0000] {logging_mixin.py:154} INFO - [2025-03-09T16:46:45.619+0000] {dag.py:2941} INFO - Sync 1 DAGs
[2025-03-09T16:46:45.624+0000] {logging_mixin.py:154} INFO - [2025-03-09T16:46:45.624+0000] {dag.py:3722} INFO - Setting next_dagrun for example_complex to None, run_after=None
[2025-03-09T16:46:45.634+0000] {processor.py:179} INFO - Processing /home/airflow/.local/lib/python3.8/site-packages/airflow/example_dags/example_complex.py took 0.042 seconds
[2025-03-09T17:00:51.008+0000] {processor.py:157} INFO - Started process (PID=74007) to work on /home/airflow/.local/lib/python3.8/site-packages/airflow/example_dags/example_complex.py
[2025-03-09T17:00:51.009+0000] {processor.py:829} INFO - Processing file /home/airflow/.local/lib/python3.8/site-packages/airflow/example_dags/example_complex.py for tasks to queue
[2025-03-09T17:00:51.010+0000] {logging_mixin.py:154} INFO - [2025-03-09T17:00:51.010+0000] {dagbag.py:536} INFO - Filling up the DagBag from /home/airflow/.local/lib/python3.8/site-packages/airflow/example_dags/example_complex.py
[2025-03-09T17:00:51.018+0000] {processor.py:839} INFO - DAG(s) dict_keys(['example_complex']) retrieved from /home/airflow/.local/lib/python3.8/site-packages/airflow/example_dags/example_complex.py
[2025-03-09T17:00:51.033+0000] {logging_mixin.py:154} INFO - [2025-03-09T17:00:51.033+0000] {dag.py:2941} INFO - Sync 1 DAGs
[2025-03-09T17:00:51.037+0000] {logging_mixin.py:154} INFO - [2025-03-09T17:00:51.037+0000] {dag.py:3722} INFO - Setting next_dagrun for example_complex to None, run_after=None
[2025-03-09T17:00:51.047+0000] {processor.py:179} INFO - Processing /home/airflow/.local/lib/python3.8/site-packages/airflow/example_dags/example_complex.py took 0.042 seconds
[2025-03-09T17:09:49.979+0000] {processor.py:157} INFO - Started process (PID=74063) to work on /home/airflow/.local/lib/python3.8/site-packages/airflow/example_dags/example_complex.py
[2025-03-09T17:09:49.981+0000] {processor.py:829} INFO - Processing file /home/airflow/.local/lib/python3.8/site-packages/airflow/example_dags/example_complex.py for tasks to queue
[2025-03-09T17:09:49.981+0000] {logging_mixin.py:154} INFO - [2025-03-09T17:09:49.981+0000] {dagbag.py:536} INFO - Filling up the DagBag from /home/airflow/.local/lib/python3.8/site-packages/airflow/example_dags/example_complex.py
[2025-03-09T17:09:49.987+0000] {processor.py:839} INFO - DAG(s) dict_keys(['example_complex']) retrieved from /home/airflow/.local/lib/python3.8/site-packages/airflow/example_dags/example_complex.py
[2025-03-09T17:09:49.999+0000] {logging_mixin.py:154} INFO - [2025-03-09T17:09:49.999+0000] {dag.py:2941} INFO - Sync 1 DAGs
[2025-03-09T17:09:50.007+0000] {logging_mixin.py:154} INFO - [2025-03-09T17:09:50.007+0000] {dag.py:3722} INFO - Setting next_dagrun for example_complex to None, run_after=None
[2025-03-09T17:09:50.020+0000] {processor.py:179} INFO - Processing /home/airflow/.local/lib/python3.8/site-packages/airflow/example_dags/example_complex.py took 0.043 seconds
[2025-03-09T17:27:14.019+0000] {processor.py:157} INFO - Started process (PID=74119) to work on /home/airflow/.local/lib/python3.8/site-packages/airflow/example_dags/example_complex.py
[2025-03-09T17:27:14.019+0000] {processor.py:829} INFO - Processing file /home/airflow/.local/lib/python3.8/site-packages/airflow/example_dags/example_complex.py for tasks to queue
[2025-03-09T17:27:14.020+0000] {logging_mixin.py:154} INFO - [2025-03-09T17:27:14.020+0000] {dagbag.py:536} INFO - Filling up the DagBag from /home/airflow/.local/lib/python3.8/site-packages/airflow/example_dags/example_complex.py
[2025-03-09T17:27:14.029+0000] {processor.py:839} INFO - DAG(s) dict_keys(['example_complex']) retrieved from /home/airflow/.local/lib/python3.8/site-packages/airflow/example_dags/example_complex.py
[2025-03-09T17:27:14.047+0000] {logging_mixin.py:154} INFO - [2025-03-09T17:27:14.047+0000] {dag.py:2941} INFO - Sync 1 DAGs
[2025-03-09T17:27:14.052+0000] {logging_mixin.py:154} INFO - [2025-03-09T17:27:14.052+0000] {dag.py:3722} INFO - Setting next_dagrun for example_complex to None, run_after=None
[2025-03-09T17:27:14.061+0000] {processor.py:179} INFO - Processing /home/airflow/.local/lib/python3.8/site-packages/airflow/example_dags/example_complex.py took 0.044 seconds
[2025-03-09T17:44:48.079+0000] {processor.py:157} INFO - Started process (PID=74175) to work on /home/airflow/.local/lib/python3.8/site-packages/airflow/example_dags/example_complex.py
[2025-03-09T17:44:48.080+0000] {processor.py:829} INFO - Processing file /home/airflow/.local/lib/python3.8/site-packages/airflow/example_dags/example_complex.py for tasks to queue
[2025-03-09T17:44:48.081+0000] {logging_mixin.py:154} INFO - [2025-03-09T17:44:48.081+0000] {dagbag.py:536} INFO - Filling up the DagBag from /home/airflow/.local/lib/python3.8/site-packages/airflow/example_dags/example_complex.py
[2025-03-09T17:44:48.088+0000] {processor.py:839} INFO - DAG(s) dict_keys(['example_complex']) retrieved from /home/airflow/.local/lib/python3.8/site-packages/airflow/example_dags/example_complex.py
[2025-03-09T17:44:48.106+0000] {logging_mixin.py:154} INFO - [2025-03-09T17:44:48.106+0000] {dag.py:2941} INFO - Sync 1 DAGs
[2025-03-09T17:44:48.114+0000] {logging_mixin.py:154} INFO - [2025-03-09T17:44:48.114+0000] {dag.py:3722} INFO - Setting next_dagrun for example_complex to None, run_after=None
[2025-03-09T17:44:48.125+0000] {processor.py:179} INFO - Processing /home/airflow/.local/lib/python3.8/site-packages/airflow/example_dags/example_complex.py took 0.047 seconds
[2025-03-09T18:02:25.484+0000] {processor.py:157} INFO - Started process (PID=74231) to work on /home/airflow/.local/lib/python3.8/site-packages/airflow/example_dags/example_complex.py
[2025-03-09T18:02:25.485+0000] {processor.py:829} INFO - Processing file /home/airflow/.local/lib/python3.8/site-packages/airflow/example_dags/example_complex.py for tasks to queue
[2025-03-09T18:02:25.485+0000] {logging_mixin.py:154} INFO - [2025-03-09T18:02:25.485+0000] {dagbag.py:536} INFO - Filling up the DagBag from /home/airflow/.local/lib/python3.8/site-packages/airflow/example_dags/example_complex.py
[2025-03-09T18:02:25.491+0000] {processor.py:839} INFO - DAG(s) dict_keys(['example_complex']) retrieved from /home/airflow/.local/lib/python3.8/site-packages/airflow/example_dags/example_complex.py
[2025-03-09T18:02:25.508+0000] {logging_mixin.py:154} INFO - [2025-03-09T18:02:25.508+0000] {dag.py:2941} INFO - Sync 1 DAGs
[2025-03-09T18:02:25.514+0000] {logging_mixin.py:154} INFO - [2025-03-09T18:02:25.513+0000] {dag.py:3722} INFO - Setting next_dagrun for example_complex to None, run_after=None
[2025-03-09T18:02:25.523+0000] {processor.py:179} INFO - Processing /home/airflow/.local/lib/python3.8/site-packages/airflow/example_dags/example_complex.py took 0.040 seconds
[2025-03-09T18:03:21.255+0000] {processor.py:157} INFO - Started process (PID=74287) to work on /home/airflow/.local/lib/python3.8/site-packages/airflow/example_dags/example_complex.py
[2025-03-09T18:03:21.255+0000] {processor.py:829} INFO - Processing file /home/airflow/.local/lib/python3.8/site-packages/airflow/example_dags/example_complex.py for tasks to queue
[2025-03-09T18:03:21.257+0000] {logging_mixin.py:154} INFO - [2025-03-09T18:03:21.256+0000] {dagbag.py:536} INFO - Filling up the DagBag from /home/airflow/.local/lib/python3.8/site-packages/airflow/example_dags/example_complex.py
[2025-03-09T18:03:21.263+0000] {processor.py:839} INFO - DAG(s) dict_keys(['example_complex']) retrieved from /home/airflow/.local/lib/python3.8/site-packages/airflow/example_dags/example_complex.py
[2025-03-09T18:03:21.275+0000] {logging_mixin.py:154} INFO - [2025-03-09T18:03:21.275+0000] {dag.py:2941} INFO - Sync 1 DAGs
[2025-03-09T18:03:21.280+0000] {logging_mixin.py:154} INFO - [2025-03-09T18:03:21.280+0000] {dag.py:3722} INFO - Setting next_dagrun for example_complex to None, run_after=None
[2025-03-09T18:03:21.287+0000] {processor.py:179} INFO - Processing /home/airflow/.local/lib/python3.8/site-packages/airflow/example_dags/example_complex.py took 0.034 seconds
[2025-03-09T18:03:52.372+0000] {processor.py:157} INFO - Started process (PID=74343) to work on /home/airflow/.local/lib/python3.8/site-packages/airflow/example_dags/example_complex.py
[2025-03-09T18:03:52.373+0000] {processor.py:829} INFO - Processing file /home/airflow/.local/lib/python3.8/site-packages/airflow/example_dags/example_complex.py for tasks to queue
[2025-03-09T18:03:52.373+0000] {logging_mixin.py:154} INFO - [2025-03-09T18:03:52.373+0000] {dagbag.py:536} INFO - Filling up the DagBag from /home/airflow/.local/lib/python3.8/site-packages/airflow/example_dags/example_complex.py
[2025-03-09T18:03:52.378+0000] {processor.py:839} INFO - DAG(s) dict_keys(['example_complex']) retrieved from /home/airflow/.local/lib/python3.8/site-packages/airflow/example_dags/example_complex.py
[2025-03-09T18:03:52.389+0000] {logging_mixin.py:154} INFO - [2025-03-09T18:03:52.389+0000] {dag.py:2941} INFO - Sync 1 DAGs
[2025-03-09T18:03:52.393+0000] {logging_mixin.py:154} INFO - [2025-03-09T18:03:52.393+0000] {dag.py:3722} INFO - Setting next_dagrun for example_complex to None, run_after=None
[2025-03-09T18:03:52.399+0000] {processor.py:179} INFO - Processing /home/airflow/.local/lib/python3.8/site-packages/airflow/example_dags/example_complex.py took 0.028 seconds
[2025-03-09T18:04:23.730+0000] {processor.py:157} INFO - Started process (PID=74399) to work on /home/airflow/.local/lib/python3.8/site-packages/airflow/example_dags/example_complex.py
[2025-03-09T18:04:23.731+0000] {processor.py:829} INFO - Processing file /home/airflow/.local/lib/python3.8/site-packages/airflow/example_dags/example_complex.py for tasks to queue
[2025-03-09T18:04:23.732+0000] {logging_mixin.py:154} INFO - [2025-03-09T18:04:23.732+0000] {dagbag.py:536} INFO - Filling up the DagBag from /home/airflow/.local/lib/python3.8/site-packages/airflow/example_dags/example_complex.py
[2025-03-09T18:04:23.741+0000] {processor.py:839} INFO - DAG(s) dict_keys(['example_complex']) retrieved from /home/airflow/.local/lib/python3.8/site-packages/airflow/example_dags/example_complex.py
[2025-03-09T18:04:23.759+0000] {logging_mixin.py:154} INFO - [2025-03-09T18:04:23.759+0000] {dag.py:2941} INFO - Sync 1 DAGs
[2025-03-09T18:04:23.764+0000] {logging_mixin.py:154} INFO - [2025-03-09T18:04:23.764+0000] {dag.py:3722} INFO - Setting next_dagrun for example_complex to None, run_after=None
[2025-03-09T18:04:23.773+0000] {processor.py:179} INFO - Processing /home/airflow/.local/lib/python3.8/site-packages/airflow/example_dags/example_complex.py took 0.045 seconds
[2025-03-09T18:04:56.387+0000] {processor.py:157} INFO - Started process (PID=74455) to work on /home/airflow/.local/lib/python3.8/site-packages/airflow/example_dags/example_complex.py
[2025-03-09T18:04:56.387+0000] {processor.py:829} INFO - Processing file /home/airflow/.local/lib/python3.8/site-packages/airflow/example_dags/example_complex.py for tasks to queue
[2025-03-09T18:04:56.387+0000] {logging_mixin.py:154} INFO - [2025-03-09T18:04:56.387+0000] {dagbag.py:536} INFO - Filling up the DagBag from /home/airflow/.local/lib/python3.8/site-packages/airflow/example_dags/example_complex.py
[2025-03-09T18:04:56.393+0000] {processor.py:839} INFO - DAG(s) dict_keys(['example_complex']) retrieved from /home/airflow/.local/lib/python3.8/site-packages/airflow/example_dags/example_complex.py
[2025-03-09T18:04:56.404+0000] {logging_mixin.py:154} INFO - [2025-03-09T18:04:56.403+0000] {dag.py:2941} INFO - Sync 1 DAGs
[2025-03-09T18:04:56.408+0000] {logging_mixin.py:154} INFO - [2025-03-09T18:04:56.408+0000] {dag.py:3722} INFO - Setting next_dagrun for example_complex to None, run_after=None
[2025-03-09T18:04:56.413+0000] {processor.py:179} INFO - Processing /home/airflow/.local/lib/python3.8/site-packages/airflow/example_dags/example_complex.py took 0.028 seconds
[2025-03-09T18:05:44.529+0000] {processor.py:157} INFO - Started process (PID=74511) to work on /home/airflow/.local/lib/python3.8/site-packages/airflow/example_dags/example_complex.py
[2025-03-09T18:05:44.531+0000] {processor.py:829} INFO - Processing file /home/airflow/.local/lib/python3.8/site-packages/airflow/example_dags/example_complex.py for tasks to queue
[2025-03-09T18:05:44.531+0000] {logging_mixin.py:154} INFO - [2025-03-09T18:05:44.531+0000] {dagbag.py:536} INFO - Filling up the DagBag from /home/airflow/.local/lib/python3.8/site-packages/airflow/example_dags/example_complex.py
[2025-03-09T18:05:44.538+0000] {processor.py:839} INFO - DAG(s) dict_keys(['example_complex']) retrieved from /home/airflow/.local/lib/python3.8/site-packages/airflow/example_dags/example_complex.py
[2025-03-09T18:05:44.558+0000] {logging_mixin.py:154} INFO - [2025-03-09T18:05:44.557+0000] {dag.py:2941} INFO - Sync 1 DAGs
[2025-03-09T18:05:44.562+0000] {logging_mixin.py:154} INFO - [2025-03-09T18:05:44.562+0000] {dag.py:3722} INFO - Setting next_dagrun for example_complex to None, run_after=None
[2025-03-09T18:05:44.571+0000] {processor.py:179} INFO - Processing /home/airflow/.local/lib/python3.8/site-packages/airflow/example_dags/example_complex.py took 0.043 seconds
[2025-03-09T18:06:16.118+0000] {processor.py:157} INFO - Started process (PID=74567) to work on /home/airflow/.local/lib/python3.8/site-packages/airflow/example_dags/example_complex.py
[2025-03-09T18:06:16.120+0000] {processor.py:829} INFO - Processing file /home/airflow/.local/lib/python3.8/site-packages/airflow/example_dags/example_complex.py for tasks to queue
[2025-03-09T18:06:16.120+0000] {logging_mixin.py:154} INFO - [2025-03-09T18:06:16.120+0000] {dagbag.py:536} INFO - Filling up the DagBag from /home/airflow/.local/lib/python3.8/site-packages/airflow/example_dags/example_complex.py
[2025-03-09T18:06:16.129+0000] {processor.py:839} INFO - DAG(s) dict_keys(['example_complex']) retrieved from /home/airflow/.local/lib/python3.8/site-packages/airflow/example_dags/example_complex.py
[2025-03-09T18:06:16.144+0000] {logging_mixin.py:154} INFO - [2025-03-09T18:06:16.143+0000] {dag.py:2941} INFO - Sync 1 DAGs
[2025-03-09T18:06:16.148+0000] {logging_mixin.py:154} INFO - [2025-03-09T18:06:16.148+0000] {dag.py:3722} INFO - Setting next_dagrun for example_complex to None, run_after=None
[2025-03-09T18:06:16.158+0000] {processor.py:179} INFO - Processing /home/airflow/.local/lib/python3.8/site-packages/airflow/example_dags/example_complex.py took 0.041 seconds
[2025-03-09T18:06:48.932+0000] {processor.py:157} INFO - Started process (PID=74623) to work on /home/airflow/.local/lib/python3.8/site-packages/airflow/example_dags/example_complex.py
[2025-03-09T18:06:48.933+0000] {processor.py:829} INFO - Processing file /home/airflow/.local/lib/python3.8/site-packages/airflow/example_dags/example_complex.py for tasks to queue
[2025-03-09T18:06:48.933+0000] {logging_mixin.py:154} INFO - [2025-03-09T18:06:48.933+0000] {dagbag.py:536} INFO - Filling up the DagBag from /home/airflow/.local/lib/python3.8/site-packages/airflow/example_dags/example_complex.py
[2025-03-09T18:06:48.938+0000] {processor.py:839} INFO - DAG(s) dict_keys(['example_complex']) retrieved from /home/airflow/.local/lib/python3.8/site-packages/airflow/example_dags/example_complex.py
[2025-03-09T18:06:48.949+0000] {logging_mixin.py:154} INFO - [2025-03-09T18:06:48.949+0000] {dag.py:2941} INFO - Sync 1 DAGs
[2025-03-09T18:06:48.954+0000] {logging_mixin.py:154} INFO - [2025-03-09T18:06:48.954+0000] {dag.py:3722} INFO - Setting next_dagrun for example_complex to None, run_after=None
[2025-03-09T18:06:48.960+0000] {processor.py:179} INFO - Processing /home/airflow/.local/lib/python3.8/site-packages/airflow/example_dags/example_complex.py took 0.029 seconds
[2025-03-09T18:07:23.184+0000] {processor.py:157} INFO - Started process (PID=74679) to work on /home/airflow/.local/lib/python3.8/site-packages/airflow/example_dags/example_complex.py
[2025-03-09T18:07:23.185+0000] {processor.py:829} INFO - Processing file /home/airflow/.local/lib/python3.8/site-packages/airflow/example_dags/example_complex.py for tasks to queue
[2025-03-09T18:07:23.185+0000] {logging_mixin.py:154} INFO - [2025-03-09T18:07:23.185+0000] {dagbag.py:536} INFO - Filling up the DagBag from /home/airflow/.local/lib/python3.8/site-packages/airflow/example_dags/example_complex.py
[2025-03-09T18:07:23.191+0000] {processor.py:839} INFO - DAG(s) dict_keys(['example_complex']) retrieved from /home/airflow/.local/lib/python3.8/site-packages/airflow/example_dags/example_complex.py
[2025-03-09T18:07:23.203+0000] {logging_mixin.py:154} INFO - [2025-03-09T18:07:23.203+0000] {dag.py:2941} INFO - Sync 1 DAGs
[2025-03-09T18:07:23.210+0000] {logging_mixin.py:154} INFO - [2025-03-09T18:07:23.210+0000] {dag.py:3722} INFO - Setting next_dagrun for example_complex to None, run_after=None
[2025-03-09T18:07:23.221+0000] {processor.py:179} INFO - Processing /home/airflow/.local/lib/python3.8/site-packages/airflow/example_dags/example_complex.py took 0.039 seconds
[2025-03-09T18:07:54.844+0000] {processor.py:157} INFO - Started process (PID=74735) to work on /home/airflow/.local/lib/python3.8/site-packages/airflow/example_dags/example_complex.py
[2025-03-09T18:07:54.845+0000] {processor.py:829} INFO - Processing file /home/airflow/.local/lib/python3.8/site-packages/airflow/example_dags/example_complex.py for tasks to queue
[2025-03-09T18:07:54.845+0000] {logging_mixin.py:154} INFO - [2025-03-09T18:07:54.845+0000] {dagbag.py:536} INFO - Filling up the DagBag from /home/airflow/.local/lib/python3.8/site-packages/airflow/example_dags/example_complex.py
[2025-03-09T18:07:54.850+0000] {processor.py:839} INFO - DAG(s) dict_keys(['example_complex']) retrieved from /home/airflow/.local/lib/python3.8/site-packages/airflow/example_dags/example_complex.py
[2025-03-09T18:07:54.861+0000] {logging_mixin.py:154} INFO - [2025-03-09T18:07:54.861+0000] {dag.py:2941} INFO - Sync 1 DAGs
[2025-03-09T18:07:54.865+0000] {logging_mixin.py:154} INFO - [2025-03-09T18:07:54.865+0000] {dag.py:3722} INFO - Setting next_dagrun for example_complex to None, run_after=None
[2025-03-09T18:07:54.871+0000] {processor.py:179} INFO - Processing /home/airflow/.local/lib/python3.8/site-packages/airflow/example_dags/example_complex.py took 0.028 seconds
[2025-03-09T18:08:30.734+0000] {processor.py:157} INFO - Started process (PID=74791) to work on /home/airflow/.local/lib/python3.8/site-packages/airflow/example_dags/example_complex.py
[2025-03-09T18:08:30.736+0000] {processor.py:829} INFO - Processing file /home/airflow/.local/lib/python3.8/site-packages/airflow/example_dags/example_complex.py for tasks to queue
[2025-03-09T18:08:30.736+0000] {logging_mixin.py:154} INFO - [2025-03-09T18:08:30.736+0000] {dagbag.py:536} INFO - Filling up the DagBag from /home/airflow/.local/lib/python3.8/site-packages/airflow/example_dags/example_complex.py
[2025-03-09T18:08:30.745+0000] {processor.py:839} INFO - DAG(s) dict_keys(['example_complex']) retrieved from /home/airflow/.local/lib/python3.8/site-packages/airflow/example_dags/example_complex.py
[2025-03-09T18:08:30.761+0000] {logging_mixin.py:154} INFO - [2025-03-09T18:08:30.761+0000] {dag.py:2941} INFO - Sync 1 DAGs
[2025-03-09T18:08:30.766+0000] {logging_mixin.py:154} INFO - [2025-03-09T18:08:30.766+0000] {dag.py:3722} INFO - Setting next_dagrun for example_complex to None, run_after=None
[2025-03-09T18:08:30.775+0000] {processor.py:179} INFO - Processing /home/airflow/.local/lib/python3.8/site-packages/airflow/example_dags/example_complex.py took 0.043 seconds
[2025-03-09T18:09:11.185+0000] {processor.py:157} INFO - Started process (PID=74847) to work on /home/airflow/.local/lib/python3.8/site-packages/airflow/example_dags/example_complex.py
[2025-03-09T18:09:11.186+0000] {processor.py:829} INFO - Processing file /home/airflow/.local/lib/python3.8/site-packages/airflow/example_dags/example_complex.py for tasks to queue
[2025-03-09T18:09:11.186+0000] {logging_mixin.py:154} INFO - [2025-03-09T18:09:11.186+0000] {dagbag.py:536} INFO - Filling up the DagBag from /home/airflow/.local/lib/python3.8/site-packages/airflow/example_dags/example_complex.py
[2025-03-09T18:09:11.193+0000] {processor.py:839} INFO - DAG(s) dict_keys(['example_complex']) retrieved from /home/airflow/.local/lib/python3.8/site-packages/airflow/example_dags/example_complex.py
[2025-03-09T18:09:11.205+0000] {logging_mixin.py:154} INFO - [2025-03-09T18:09:11.205+0000] {dag.py:2941} INFO - Sync 1 DAGs
[2025-03-09T18:09:11.210+0000] {logging_mixin.py:154} INFO - [2025-03-09T18:09:11.210+0000] {dag.py:3722} INFO - Setting next_dagrun for example_complex to None, run_after=None
[2025-03-09T18:09:11.219+0000] {processor.py:179} INFO - Processing /home/airflow/.local/lib/python3.8/site-packages/airflow/example_dags/example_complex.py took 0.036 seconds
[2025-03-09T18:09:57.828+0000] {processor.py:157} INFO - Started process (PID=74903) to work on /home/airflow/.local/lib/python3.8/site-packages/airflow/example_dags/example_complex.py
[2025-03-09T18:09:57.828+0000] {processor.py:829} INFO - Processing file /home/airflow/.local/lib/python3.8/site-packages/airflow/example_dags/example_complex.py for tasks to queue
[2025-03-09T18:09:57.829+0000] {logging_mixin.py:154} INFO - [2025-03-09T18:09:57.828+0000] {dagbag.py:536} INFO - Filling up the DagBag from /home/airflow/.local/lib/python3.8/site-packages/airflow/example_dags/example_complex.py
[2025-03-09T18:09:57.836+0000] {processor.py:839} INFO - DAG(s) dict_keys(['example_complex']) retrieved from /home/airflow/.local/lib/python3.8/site-packages/airflow/example_dags/example_complex.py
[2025-03-09T18:09:57.855+0000] {logging_mixin.py:154} INFO - [2025-03-09T18:09:57.855+0000] {dag.py:2941} INFO - Sync 1 DAGs
[2025-03-09T18:09:57.860+0000] {logging_mixin.py:154} INFO - [2025-03-09T18:09:57.860+0000] {dag.py:3722} INFO - Setting next_dagrun for example_complex to None, run_after=None
[2025-03-09T18:09:57.867+0000] {processor.py:179} INFO - Processing /home/airflow/.local/lib/python3.8/site-packages/airflow/example_dags/example_complex.py took 0.041 seconds
[2025-03-09T18:10:29.519+0000] {processor.py:157} INFO - Started process (PID=74959) to work on /home/airflow/.local/lib/python3.8/site-packages/airflow/example_dags/example_complex.py
[2025-03-09T18:10:29.520+0000] {processor.py:829} INFO - Processing file /home/airflow/.local/lib/python3.8/site-packages/airflow/example_dags/example_complex.py for tasks to queue
[2025-03-09T18:10:29.521+0000] {logging_mixin.py:154} INFO - [2025-03-09T18:10:29.520+0000] {dagbag.py:536} INFO - Filling up the DagBag from /home/airflow/.local/lib/python3.8/site-packages/airflow/example_dags/example_complex.py
[2025-03-09T18:10:29.526+0000] {processor.py:839} INFO - DAG(s) dict_keys(['example_complex']) retrieved from /home/airflow/.local/lib/python3.8/site-packages/airflow/example_dags/example_complex.py
[2025-03-09T18:10:29.538+0000] {logging_mixin.py:154} INFO - [2025-03-09T18:10:29.538+0000] {dag.py:2941} INFO - Sync 1 DAGs
[2025-03-09T18:10:29.546+0000] {logging_mixin.py:154} INFO - [2025-03-09T18:10:29.546+0000] {dag.py:3722} INFO - Setting next_dagrun for example_complex to None, run_after=None
[2025-03-09T18:10:29.558+0000] {processor.py:179} INFO - Processing /home/airflow/.local/lib/python3.8/site-packages/airflow/example_dags/example_complex.py took 0.040 seconds
[2025-03-09T18:11:05.634+0000] {processor.py:157} INFO - Started process (PID=75015) to work on /home/airflow/.local/lib/python3.8/site-packages/airflow/example_dags/example_complex.py
[2025-03-09T18:11:05.635+0000] {processor.py:829} INFO - Processing file /home/airflow/.local/lib/python3.8/site-packages/airflow/example_dags/example_complex.py for tasks to queue
[2025-03-09T18:11:05.635+0000] {logging_mixin.py:154} INFO - [2025-03-09T18:11:05.635+0000] {dagbag.py:536} INFO - Filling up the DagBag from /home/airflow/.local/lib/python3.8/site-packages/airflow/example_dags/example_complex.py
[2025-03-09T18:11:05.640+0000] {processor.py:839} INFO - DAG(s) dict_keys(['example_complex']) retrieved from /home/airflow/.local/lib/python3.8/site-packages/airflow/example_dags/example_complex.py
[2025-03-09T18:11:05.652+0000] {logging_mixin.py:154} INFO - [2025-03-09T18:11:05.652+0000] {dag.py:2941} INFO - Sync 1 DAGs
[2025-03-09T18:11:05.656+0000] {logging_mixin.py:154} INFO - [2025-03-09T18:11:05.656+0000] {dag.py:3722} INFO - Setting next_dagrun for example_complex to None, run_after=None
[2025-03-09T18:11:05.662+0000] {processor.py:179} INFO - Processing /home/airflow/.local/lib/python3.8/site-packages/airflow/example_dags/example_complex.py took 0.029 seconds
[2025-03-09T18:11:42.376+0000] {processor.py:157} INFO - Started process (PID=75071) to work on /home/airflow/.local/lib/python3.8/site-packages/airflow/example_dags/example_complex.py
[2025-03-09T18:11:42.377+0000] {processor.py:829} INFO - Processing file /home/airflow/.local/lib/python3.8/site-packages/airflow/example_dags/example_complex.py for tasks to queue
[2025-03-09T18:11:42.378+0000] {logging_mixin.py:154} INFO - [2025-03-09T18:11:42.378+0000] {dagbag.py:536} INFO - Filling up the DagBag from /home/airflow/.local/lib/python3.8/site-packages/airflow/example_dags/example_complex.py
[2025-03-09T18:11:42.388+0000] {processor.py:839} INFO - DAG(s) dict_keys(['example_complex']) retrieved from /home/airflow/.local/lib/python3.8/site-packages/airflow/example_dags/example_complex.py
[2025-03-09T18:11:42.404+0000] {logging_mixin.py:154} INFO - [2025-03-09T18:11:42.404+0000] {dag.py:2941} INFO - Sync 1 DAGs
[2025-03-09T18:11:42.408+0000] {logging_mixin.py:154} INFO - [2025-03-09T18:11:42.408+0000] {dag.py:3722} INFO - Setting next_dagrun for example_complex to None, run_after=None
[2025-03-09T18:11:42.415+0000] {processor.py:179} INFO - Processing /home/airflow/.local/lib/python3.8/site-packages/airflow/example_dags/example_complex.py took 0.041 seconds
[2025-03-09T18:12:26.928+0000] {processor.py:157} INFO - Started process (PID=75126) to work on /home/airflow/.local/lib/python3.8/site-packages/airflow/example_dags/example_complex.py
[2025-03-09T18:12:26.929+0000] {processor.py:829} INFO - Processing file /home/airflow/.local/lib/python3.8/site-packages/airflow/example_dags/example_complex.py for tasks to queue
[2025-03-09T18:12:26.929+0000] {logging_mixin.py:154} INFO - [2025-03-09T18:12:26.929+0000] {dagbag.py:536} INFO - Filling up the DagBag from /home/airflow/.local/lib/python3.8/site-packages/airflow/example_dags/example_complex.py
[2025-03-09T18:12:26.936+0000] {processor.py:839} INFO - DAG(s) dict_keys(['example_complex']) retrieved from /home/airflow/.local/lib/python3.8/site-packages/airflow/example_dags/example_complex.py
[2025-03-09T18:12:26.954+0000] {logging_mixin.py:154} INFO - [2025-03-09T18:12:26.954+0000] {dag.py:2941} INFO - Sync 1 DAGs
[2025-03-09T18:12:26.959+0000] {logging_mixin.py:154} INFO - [2025-03-09T18:12:26.959+0000] {dag.py:3722} INFO - Setting next_dagrun for example_complex to None, run_after=None
[2025-03-09T18:12:26.969+0000] {processor.py:179} INFO - Processing /home/airflow/.local/lib/python3.8/site-packages/airflow/example_dags/example_complex.py took 0.042 seconds
[2025-03-09T18:12:59.123+0000] {processor.py:157} INFO - Started process (PID=75182) to work on /home/airflow/.local/lib/python3.8/site-packages/airflow/example_dags/example_complex.py
[2025-03-09T18:12:59.124+0000] {processor.py:829} INFO - Processing file /home/airflow/.local/lib/python3.8/site-packages/airflow/example_dags/example_complex.py for tasks to queue
[2025-03-09T18:12:59.125+0000] {logging_mixin.py:154} INFO - [2025-03-09T18:12:59.125+0000] {dagbag.py:536} INFO - Filling up the DagBag from /home/airflow/.local/lib/python3.8/site-packages/airflow/example_dags/example_complex.py
[2025-03-09T18:12:59.133+0000] {processor.py:839} INFO - DAG(s) dict_keys(['example_complex']) retrieved from /home/airflow/.local/lib/python3.8/site-packages/airflow/example_dags/example_complex.py
[2025-03-09T18:12:59.148+0000] {logging_mixin.py:154} INFO - [2025-03-09T18:12:59.148+0000] {dag.py:2941} INFO - Sync 1 DAGs
[2025-03-09T18:12:59.153+0000] {logging_mixin.py:154} INFO - [2025-03-09T18:12:59.153+0000] {dag.py:3722} INFO - Setting next_dagrun for example_complex to None, run_after=None
[2025-03-09T18:12:59.163+0000] {processor.py:179} INFO - Processing /home/airflow/.local/lib/python3.8/site-packages/airflow/example_dags/example_complex.py took 0.041 seconds
[2025-03-09T18:13:34.510+0000] {processor.py:157} INFO - Started process (PID=75238) to work on /home/airflow/.local/lib/python3.8/site-packages/airflow/example_dags/example_complex.py
[2025-03-09T18:13:34.511+0000] {processor.py:829} INFO - Processing file /home/airflow/.local/lib/python3.8/site-packages/airflow/example_dags/example_complex.py for tasks to queue
[2025-03-09T18:13:34.512+0000] {logging_mixin.py:154} INFO - [2025-03-09T18:13:34.512+0000] {dagbag.py:536} INFO - Filling up the DagBag from /home/airflow/.local/lib/python3.8/site-packages/airflow/example_dags/example_complex.py
[2025-03-09T18:13:34.518+0000] {processor.py:839} INFO - DAG(s) dict_keys(['example_complex']) retrieved from /home/airflow/.local/lib/python3.8/site-packages/airflow/example_dags/example_complex.py
[2025-03-09T18:13:34.532+0000] {logging_mixin.py:154} INFO - [2025-03-09T18:13:34.532+0000] {dag.py:2941} INFO - Sync 1 DAGs
[2025-03-09T18:13:34.537+0000] {logging_mixin.py:154} INFO - [2025-03-09T18:13:34.537+0000] {dag.py:3722} INFO - Setting next_dagrun for example_complex to None, run_after=None
[2025-03-09T18:13:34.549+0000] {processor.py:179} INFO - Processing /home/airflow/.local/lib/python3.8/site-packages/airflow/example_dags/example_complex.py took 0.040 seconds
[2025-03-09T18:14:09.531+0000] {processor.py:157} INFO - Started process (PID=75294) to work on /home/airflow/.local/lib/python3.8/site-packages/airflow/example_dags/example_complex.py
[2025-03-09T18:14:09.532+0000] {processor.py:829} INFO - Processing file /home/airflow/.local/lib/python3.8/site-packages/airflow/example_dags/example_complex.py for tasks to queue
[2025-03-09T18:14:09.532+0000] {logging_mixin.py:154} INFO - [2025-03-09T18:14:09.532+0000] {dagbag.py:536} INFO - Filling up the DagBag from /home/airflow/.local/lib/python3.8/site-packages/airflow/example_dags/example_complex.py
[2025-03-09T18:14:09.541+0000] {processor.py:839} INFO - DAG(s) dict_keys(['example_complex']) retrieved from /home/airflow/.local/lib/python3.8/site-packages/airflow/example_dags/example_complex.py
[2025-03-09T18:14:09.558+0000] {logging_mixin.py:154} INFO - [2025-03-09T18:14:09.558+0000] {dag.py:2941} INFO - Sync 1 DAGs
[2025-03-09T18:14:09.565+0000] {logging_mixin.py:154} INFO - [2025-03-09T18:14:09.565+0000] {dag.py:3722} INFO - Setting next_dagrun for example_complex to None, run_after=None
[2025-03-09T18:14:09.576+0000] {processor.py:179} INFO - Processing /home/airflow/.local/lib/python3.8/site-packages/airflow/example_dags/example_complex.py took 0.046 seconds
[2025-03-09T18:14:44.853+0000] {processor.py:157} INFO - Started process (PID=75350) to work on /home/airflow/.local/lib/python3.8/site-packages/airflow/example_dags/example_complex.py
[2025-03-09T18:14:44.854+0000] {processor.py:829} INFO - Processing file /home/airflow/.local/lib/python3.8/site-packages/airflow/example_dags/example_complex.py for tasks to queue
[2025-03-09T18:14:44.854+0000] {logging_mixin.py:154} INFO - [2025-03-09T18:14:44.854+0000] {dagbag.py:536} INFO - Filling up the DagBag from /home/airflow/.local/lib/python3.8/site-packages/airflow/example_dags/example_complex.py
[2025-03-09T18:14:44.861+0000] {processor.py:839} INFO - DAG(s) dict_keys(['example_complex']) retrieved from /home/airflow/.local/lib/python3.8/site-packages/airflow/example_dags/example_complex.py
[2025-03-09T18:14:44.877+0000] {logging_mixin.py:154} INFO - [2025-03-09T18:14:44.877+0000] {dag.py:2941} INFO - Sync 1 DAGs
[2025-03-09T18:14:44.882+0000] {logging_mixin.py:154} INFO - [2025-03-09T18:14:44.882+0000] {dag.py:3722} INFO - Setting next_dagrun for example_complex to None, run_after=None
[2025-03-09T18:14:44.892+0000] {processor.py:179} INFO - Processing /home/airflow/.local/lib/python3.8/site-packages/airflow/example_dags/example_complex.py took 0.041 seconds
[2025-03-09T18:18:13.315+0000] {processor.py:157} INFO - Started process (PID=75406) to work on /home/airflow/.local/lib/python3.8/site-packages/airflow/example_dags/example_complex.py
[2025-03-09T18:18:13.315+0000] {processor.py:829} INFO - Processing file /home/airflow/.local/lib/python3.8/site-packages/airflow/example_dags/example_complex.py for tasks to queue
[2025-03-09T18:18:13.316+0000] {logging_mixin.py:154} INFO - [2025-03-09T18:18:13.316+0000] {dagbag.py:536} INFO - Filling up the DagBag from /home/airflow/.local/lib/python3.8/site-packages/airflow/example_dags/example_complex.py
[2025-03-09T18:18:13.321+0000] {processor.py:839} INFO - DAG(s) dict_keys(['example_complex']) retrieved from /home/airflow/.local/lib/python3.8/site-packages/airflow/example_dags/example_complex.py
[2025-03-09T18:18:13.332+0000] {logging_mixin.py:154} INFO - [2025-03-09T18:18:13.332+0000] {dag.py:2941} INFO - Sync 1 DAGs
[2025-03-09T18:18:13.336+0000] {logging_mixin.py:154} INFO - [2025-03-09T18:18:13.336+0000] {dag.py:3722} INFO - Setting next_dagrun for example_complex to None, run_after=None
[2025-03-09T18:18:13.342+0000] {processor.py:179} INFO - Processing /home/airflow/.local/lib/python3.8/site-packages/airflow/example_dags/example_complex.py took 0.028 seconds
[2025-03-09T18:29:25.998+0000] {processor.py:157} INFO - Started process (PID=75462) to work on /home/airflow/.local/lib/python3.8/site-packages/airflow/example_dags/example_complex.py
[2025-03-09T18:29:25.998+0000] {processor.py:829} INFO - Processing file /home/airflow/.local/lib/python3.8/site-packages/airflow/example_dags/example_complex.py for tasks to queue
[2025-03-09T18:29:25.999+0000] {logging_mixin.py:154} INFO - [2025-03-09T18:29:25.998+0000] {dagbag.py:536} INFO - Filling up the DagBag from /home/airflow/.local/lib/python3.8/site-packages/airflow/example_dags/example_complex.py
[2025-03-09T18:29:26.005+0000] {processor.py:839} INFO - DAG(s) dict_keys(['example_complex']) retrieved from /home/airflow/.local/lib/python3.8/site-packages/airflow/example_dags/example_complex.py
[2025-03-09T18:29:26.021+0000] {logging_mixin.py:154} INFO - [2025-03-09T18:29:26.021+0000] {dag.py:2941} INFO - Sync 1 DAGs
[2025-03-09T18:29:26.028+0000] {logging_mixin.py:154} INFO - [2025-03-09T18:29:26.028+0000] {dag.py:3722} INFO - Setting next_dagrun for example_complex to None, run_after=None
[2025-03-09T18:29:26.037+0000] {processor.py:179} INFO - Processing /home/airflow/.local/lib/python3.8/site-packages/airflow/example_dags/example_complex.py took 0.041 seconds
[2025-03-09T18:33:34.811+0000] {processor.py:157} INFO - Started process (PID=75518) to work on /home/airflow/.local/lib/python3.8/site-packages/airflow/example_dags/example_complex.py
[2025-03-09T18:33:34.812+0000] {processor.py:829} INFO - Processing file /home/airflow/.local/lib/python3.8/site-packages/airflow/example_dags/example_complex.py for tasks to queue
[2025-03-09T18:33:34.812+0000] {logging_mixin.py:154} INFO - [2025-03-09T18:33:34.812+0000] {dagbag.py:536} INFO - Filling up the DagBag from /home/airflow/.local/lib/python3.8/site-packages/airflow/example_dags/example_complex.py
[2025-03-09T18:33:34.818+0000] {processor.py:839} INFO - DAG(s) dict_keys(['example_complex']) retrieved from /home/airflow/.local/lib/python3.8/site-packages/airflow/example_dags/example_complex.py
[2025-03-09T18:33:34.830+0000] {logging_mixin.py:154} INFO - [2025-03-09T18:33:34.830+0000] {dag.py:2941} INFO - Sync 1 DAGs
[2025-03-09T18:33:34.839+0000] {logging_mixin.py:154} INFO - [2025-03-09T18:33:34.839+0000] {dag.py:3722} INFO - Setting next_dagrun for example_complex to None, run_after=None
[2025-03-09T18:33:34.849+0000] {processor.py:179} INFO - Processing /home/airflow/.local/lib/python3.8/site-packages/airflow/example_dags/example_complex.py took 0.039 seconds
[2025-03-09T18:36:27.300+0000] {processor.py:157} INFO - Started process (PID=75574) to work on /home/airflow/.local/lib/python3.8/site-packages/airflow/example_dags/example_complex.py
[2025-03-09T18:36:27.301+0000] {processor.py:829} INFO - Processing file /home/airflow/.local/lib/python3.8/site-packages/airflow/example_dags/example_complex.py for tasks to queue
[2025-03-09T18:36:27.302+0000] {logging_mixin.py:154} INFO - [2025-03-09T18:36:27.302+0000] {dagbag.py:536} INFO - Filling up the DagBag from /home/airflow/.local/lib/python3.8/site-packages/airflow/example_dags/example_complex.py
[2025-03-09T18:36:27.308+0000] {processor.py:839} INFO - DAG(s) dict_keys(['example_complex']) retrieved from /home/airflow/.local/lib/python3.8/site-packages/airflow/example_dags/example_complex.py
[2025-03-09T18:36:27.326+0000] {logging_mixin.py:154} INFO - [2025-03-09T18:36:27.326+0000] {dag.py:2941} INFO - Sync 1 DAGs
[2025-03-09T18:36:27.331+0000] {logging_mixin.py:154} INFO - [2025-03-09T18:36:27.331+0000] {dag.py:3722} INFO - Setting next_dagrun for example_complex to None, run_after=None
[2025-03-09T18:36:27.339+0000] {processor.py:179} INFO - Processing /home/airflow/.local/lib/python3.8/site-packages/airflow/example_dags/example_complex.py took 0.040 seconds
[2025-03-09T19:16:40.918+0000] {processor.py:157} INFO - Started process (PID=75630) to work on /home/airflow/.local/lib/python3.8/site-packages/airflow/example_dags/example_complex.py
[2025-03-09T19:16:40.919+0000] {processor.py:829} INFO - Processing file /home/airflow/.local/lib/python3.8/site-packages/airflow/example_dags/example_complex.py for tasks to queue
[2025-03-09T19:16:40.920+0000] {logging_mixin.py:154} INFO - [2025-03-09T19:16:40.920+0000] {dagbag.py:536} INFO - Filling up the DagBag from /home/airflow/.local/lib/python3.8/site-packages/airflow/example_dags/example_complex.py
[2025-03-09T19:16:40.929+0000] {processor.py:839} INFO - DAG(s) dict_keys(['example_complex']) retrieved from /home/airflow/.local/lib/python3.8/site-packages/airflow/example_dags/example_complex.py
[2025-03-09T19:16:40.951+0000] {logging_mixin.py:154} INFO - [2025-03-09T19:16:40.951+0000] {dag.py:2941} INFO - Sync 1 DAGs
[2025-03-09T19:16:40.956+0000] {logging_mixin.py:154} INFO - [2025-03-09T19:16:40.956+0000] {dag.py:3722} INFO - Setting next_dagrun for example_complex to None, run_after=None
[2025-03-09T19:16:40.967+0000] {processor.py:179} INFO - Processing /home/airflow/.local/lib/python3.8/site-packages/airflow/example_dags/example_complex.py took 0.050 seconds
[2025-03-09T19:18:35.899+0000] {processor.py:157} INFO - Started process (PID=75686) to work on /home/airflow/.local/lib/python3.8/site-packages/airflow/example_dags/example_complex.py
[2025-03-09T19:18:35.900+0000] {processor.py:829} INFO - Processing file /home/airflow/.local/lib/python3.8/site-packages/airflow/example_dags/example_complex.py for tasks to queue
[2025-03-09T19:18:35.901+0000] {logging_mixin.py:154} INFO - [2025-03-09T19:18:35.901+0000] {dagbag.py:536} INFO - Filling up the DagBag from /home/airflow/.local/lib/python3.8/site-packages/airflow/example_dags/example_complex.py
[2025-03-09T19:18:35.910+0000] {processor.py:839} INFO - DAG(s) dict_keys(['example_complex']) retrieved from /home/airflow/.local/lib/python3.8/site-packages/airflow/example_dags/example_complex.py
[2025-03-09T19:18:35.928+0000] {logging_mixin.py:154} INFO - [2025-03-09T19:18:35.927+0000] {dag.py:2941} INFO - Sync 1 DAGs
[2025-03-09T19:18:35.934+0000] {logging_mixin.py:154} INFO - [2025-03-09T19:18:35.934+0000] {dag.py:3722} INFO - Setting next_dagrun for example_complex to None, run_after=None
[2025-03-09T19:18:35.943+0000] {processor.py:179} INFO - Processing /home/airflow/.local/lib/python3.8/site-packages/airflow/example_dags/example_complex.py took 0.046 seconds
[2025-03-09T19:52:55.763+0000] {processor.py:157} INFO - Started process (PID=75742) to work on /home/airflow/.local/lib/python3.8/site-packages/airflow/example_dags/example_complex.py
[2025-03-09T19:52:55.764+0000] {processor.py:829} INFO - Processing file /home/airflow/.local/lib/python3.8/site-packages/airflow/example_dags/example_complex.py for tasks to queue
[2025-03-09T19:52:55.766+0000] {logging_mixin.py:154} INFO - [2025-03-09T19:52:55.766+0000] {dagbag.py:536} INFO - Filling up the DagBag from /home/airflow/.local/lib/python3.8/site-packages/airflow/example_dags/example_complex.py
[2025-03-09T19:52:55.774+0000] {processor.py:839} INFO - DAG(s) dict_keys(['example_complex']) retrieved from /home/airflow/.local/lib/python3.8/site-packages/airflow/example_dags/example_complex.py
[2025-03-09T19:52:55.789+0000] {logging_mixin.py:154} INFO - [2025-03-09T19:52:55.789+0000] {dag.py:2941} INFO - Sync 1 DAGs
[2025-03-09T19:52:55.796+0000] {logging_mixin.py:154} INFO - [2025-03-09T19:52:55.795+0000] {dag.py:3722} INFO - Setting next_dagrun for example_complex to None, run_after=None
[2025-03-09T19:52:55.810+0000] {processor.py:179} INFO - Processing /home/airflow/.local/lib/python3.8/site-packages/airflow/example_dags/example_complex.py took 0.049 seconds
[2025-03-09T20:08:59.804+0000] {processor.py:157} INFO - Started process (PID=75798) to work on /home/airflow/.local/lib/python3.8/site-packages/airflow/example_dags/example_complex.py
[2025-03-09T20:08:59.805+0000] {processor.py:829} INFO - Processing file /home/airflow/.local/lib/python3.8/site-packages/airflow/example_dags/example_complex.py for tasks to queue
[2025-03-09T20:08:59.805+0000] {logging_mixin.py:154} INFO - [2025-03-09T20:08:59.805+0000] {dagbag.py:536} INFO - Filling up the DagBag from /home/airflow/.local/lib/python3.8/site-packages/airflow/example_dags/example_complex.py
[2025-03-09T20:08:59.810+0000] {processor.py:839} INFO - DAG(s) dict_keys(['example_complex']) retrieved from /home/airflow/.local/lib/python3.8/site-packages/airflow/example_dags/example_complex.py
[2025-03-09T20:08:59.821+0000] {logging_mixin.py:154} INFO - [2025-03-09T20:08:59.821+0000] {dag.py:2941} INFO - Sync 1 DAGs
[2025-03-09T20:08:59.825+0000] {logging_mixin.py:154} INFO - [2025-03-09T20:08:59.825+0000] {dag.py:3722} INFO - Setting next_dagrun for example_complex to None, run_after=None
[2025-03-09T20:08:59.831+0000] {processor.py:179} INFO - Processing /home/airflow/.local/lib/python3.8/site-packages/airflow/example_dags/example_complex.py took 0.028 seconds
[2025-03-09T20:26:59.511+0000] {processor.py:157} INFO - Started process (PID=75854) to work on /home/airflow/.local/lib/python3.8/site-packages/airflow/example_dags/example_complex.py
[2025-03-09T20:26:59.512+0000] {processor.py:829} INFO - Processing file /home/airflow/.local/lib/python3.8/site-packages/airflow/example_dags/example_complex.py for tasks to queue
[2025-03-09T20:26:59.512+0000] {logging_mixin.py:154} INFO - [2025-03-09T20:26:59.512+0000] {dagbag.py:536} INFO - Filling up the DagBag from /home/airflow/.local/lib/python3.8/site-packages/airflow/example_dags/example_complex.py
[2025-03-09T20:26:59.518+0000] {processor.py:839} INFO - DAG(s) dict_keys(['example_complex']) retrieved from /home/airflow/.local/lib/python3.8/site-packages/airflow/example_dags/example_complex.py
[2025-03-09T20:26:59.533+0000] {logging_mixin.py:154} INFO - [2025-03-09T20:26:59.533+0000] {dag.py:2941} INFO - Sync 1 DAGs
[2025-03-09T20:26:59.540+0000] {logging_mixin.py:154} INFO - [2025-03-09T20:26:59.540+0000] {dag.py:3722} INFO - Setting next_dagrun for example_complex to None, run_after=None
[2025-03-09T20:26:59.550+0000] {processor.py:179} INFO - Processing /home/airflow/.local/lib/python3.8/site-packages/airflow/example_dags/example_complex.py took 0.040 seconds
[2025-03-09T20:42:38.671+0000] {processor.py:157} INFO - Started process (PID=75910) to work on /home/airflow/.local/lib/python3.8/site-packages/airflow/example_dags/example_complex.py
[2025-03-09T20:42:38.672+0000] {processor.py:829} INFO - Processing file /home/airflow/.local/lib/python3.8/site-packages/airflow/example_dags/example_complex.py for tasks to queue
[2025-03-09T20:42:38.672+0000] {logging_mixin.py:154} INFO - [2025-03-09T20:42:38.672+0000] {dagbag.py:536} INFO - Filling up the DagBag from /home/airflow/.local/lib/python3.8/site-packages/airflow/example_dags/example_complex.py
[2025-03-09T20:42:38.677+0000] {processor.py:839} INFO - DAG(s) dict_keys(['example_complex']) retrieved from /home/airflow/.local/lib/python3.8/site-packages/airflow/example_dags/example_complex.py
[2025-03-09T20:42:38.688+0000] {logging_mixin.py:154} INFO - [2025-03-09T20:42:38.688+0000] {dag.py:2941} INFO - Sync 1 DAGs
[2025-03-09T20:42:38.692+0000] {logging_mixin.py:154} INFO - [2025-03-09T20:42:38.692+0000] {dag.py:3722} INFO - Setting next_dagrun for example_complex to None, run_after=None
[2025-03-09T20:42:38.698+0000] {processor.py:179} INFO - Processing /home/airflow/.local/lib/python3.8/site-packages/airflow/example_dags/example_complex.py took 0.028 seconds
[2025-03-09T21:12:02.915+0000] {processor.py:157} INFO - Started process (PID=75966) to work on /home/airflow/.local/lib/python3.8/site-packages/airflow/example_dags/example_complex.py
[2025-03-09T21:12:02.916+0000] {processor.py:829} INFO - Processing file /home/airflow/.local/lib/python3.8/site-packages/airflow/example_dags/example_complex.py for tasks to queue
[2025-03-09T21:12:02.916+0000] {logging_mixin.py:154} INFO - [2025-03-09T21:12:02.916+0000] {dagbag.py:536} INFO - Filling up the DagBag from /home/airflow/.local/lib/python3.8/site-packages/airflow/example_dags/example_complex.py
[2025-03-09T21:12:02.922+0000] {processor.py:839} INFO - DAG(s) dict_keys(['example_complex']) retrieved from /home/airflow/.local/lib/python3.8/site-packages/airflow/example_dags/example_complex.py
[2025-03-09T21:12:02.934+0000] {logging_mixin.py:154} INFO - [2025-03-09T21:12:02.933+0000] {dag.py:2941} INFO - Sync 1 DAGs
[2025-03-09T21:12:02.942+0000] {logging_mixin.py:154} INFO - [2025-03-09T21:12:02.942+0000] {dag.py:3722} INFO - Setting next_dagrun for example_complex to None, run_after=None
[2025-03-09T21:12:02.951+0000] {processor.py:179} INFO - Processing /home/airflow/.local/lib/python3.8/site-packages/airflow/example_dags/example_complex.py took 0.037 seconds
[2025-03-09T21:30:00.649+0000] {processor.py:157} INFO - Started process (PID=76022) to work on /home/airflow/.local/lib/python3.8/site-packages/airflow/example_dags/example_complex.py
[2025-03-09T21:30:00.650+0000] {processor.py:829} INFO - Processing file /home/airflow/.local/lib/python3.8/site-packages/airflow/example_dags/example_complex.py for tasks to queue
[2025-03-09T21:30:00.650+0000] {logging_mixin.py:154} INFO - [2025-03-09T21:30:00.650+0000] {dagbag.py:536} INFO - Filling up the DagBag from /home/airflow/.local/lib/python3.8/site-packages/airflow/example_dags/example_complex.py
[2025-03-09T21:30:00.657+0000] {processor.py:839} INFO - DAG(s) dict_keys(['example_complex']) retrieved from /home/airflow/.local/lib/python3.8/site-packages/airflow/example_dags/example_complex.py
[2025-03-09T21:30:00.673+0000] {logging_mixin.py:154} INFO - [2025-03-09T21:30:00.673+0000] {dag.py:2941} INFO - Sync 1 DAGs
[2025-03-09T21:30:00.680+0000] {logging_mixin.py:154} INFO - [2025-03-09T21:30:00.680+0000] {dag.py:3722} INFO - Setting next_dagrun for example_complex to None, run_after=None
[2025-03-09T21:30:00.691+0000] {processor.py:179} INFO - Processing /home/airflow/.local/lib/python3.8/site-packages/airflow/example_dags/example_complex.py took 0.043 seconds
[2025-03-09T21:45:29.687+0000] {processor.py:157} INFO - Started process (PID=76078) to work on /home/airflow/.local/lib/python3.8/site-packages/airflow/example_dags/example_complex.py
[2025-03-09T21:45:29.688+0000] {processor.py:829} INFO - Processing file /home/airflow/.local/lib/python3.8/site-packages/airflow/example_dags/example_complex.py for tasks to queue
[2025-03-09T21:45:29.690+0000] {logging_mixin.py:154} INFO - [2025-03-09T21:45:29.689+0000] {dagbag.py:536} INFO - Filling up the DagBag from /home/airflow/.local/lib/python3.8/site-packages/airflow/example_dags/example_complex.py
[2025-03-09T21:45:29.699+0000] {processor.py:839} INFO - DAG(s) dict_keys(['example_complex']) retrieved from /home/airflow/.local/lib/python3.8/site-packages/airflow/example_dags/example_complex.py
[2025-03-09T21:45:29.715+0000] {logging_mixin.py:154} INFO - [2025-03-09T21:45:29.715+0000] {dag.py:2941} INFO - Sync 1 DAGs
[2025-03-09T21:45:29.722+0000] {logging_mixin.py:154} INFO - [2025-03-09T21:45:29.721+0000] {dag.py:3722} INFO - Setting next_dagrun for example_complex to None, run_after=None
[2025-03-09T21:45:29.732+0000] {processor.py:179} INFO - Processing /home/airflow/.local/lib/python3.8/site-packages/airflow/example_dags/example_complex.py took 0.047 seconds
[2025-03-09T22:03:15.374+0000] {processor.py:157} INFO - Started process (PID=76134) to work on /home/airflow/.local/lib/python3.8/site-packages/airflow/example_dags/example_complex.py
[2025-03-09T22:03:15.375+0000] {processor.py:829} INFO - Processing file /home/airflow/.local/lib/python3.8/site-packages/airflow/example_dags/example_complex.py for tasks to queue
[2025-03-09T22:03:15.376+0000] {logging_mixin.py:154} INFO - [2025-03-09T22:03:15.376+0000] {dagbag.py:536} INFO - Filling up the DagBag from /home/airflow/.local/lib/python3.8/site-packages/airflow/example_dags/example_complex.py
[2025-03-09T22:03:15.386+0000] {processor.py:839} INFO - DAG(s) dict_keys(['example_complex']) retrieved from /home/airflow/.local/lib/python3.8/site-packages/airflow/example_dags/example_complex.py
[2025-03-09T22:03:15.402+0000] {logging_mixin.py:154} INFO - [2025-03-09T22:03:15.402+0000] {dag.py:2941} INFO - Sync 1 DAGs
[2025-03-09T22:03:15.408+0000] {logging_mixin.py:154} INFO - [2025-03-09T22:03:15.408+0000] {dag.py:3722} INFO - Setting next_dagrun for example_complex to None, run_after=None
[2025-03-09T22:03:15.419+0000] {processor.py:179} INFO - Processing /home/airflow/.local/lib/python3.8/site-packages/airflow/example_dags/example_complex.py took 0.048 seconds
[2025-03-09T22:19:38.893+0000] {processor.py:157} INFO - Started process (PID=76190) to work on /home/airflow/.local/lib/python3.8/site-packages/airflow/example_dags/example_complex.py
[2025-03-09T22:19:38.894+0000] {processor.py:829} INFO - Processing file /home/airflow/.local/lib/python3.8/site-packages/airflow/example_dags/example_complex.py for tasks to queue
[2025-03-09T22:19:38.894+0000] {logging_mixin.py:154} INFO - [2025-03-09T22:19:38.894+0000] {dagbag.py:536} INFO - Filling up the DagBag from /home/airflow/.local/lib/python3.8/site-packages/airflow/example_dags/example_complex.py
[2025-03-09T22:19:38.904+0000] {processor.py:839} INFO - DAG(s) dict_keys(['example_complex']) retrieved from /home/airflow/.local/lib/python3.8/site-packages/airflow/example_dags/example_complex.py
[2025-03-09T22:19:38.920+0000] {logging_mixin.py:154} INFO - [2025-03-09T22:19:38.920+0000] {dag.py:2941} INFO - Sync 1 DAGs
[2025-03-09T22:19:38.927+0000] {logging_mixin.py:154} INFO - [2025-03-09T22:19:38.927+0000] {dag.py:3722} INFO - Setting next_dagrun for example_complex to None, run_after=None
[2025-03-09T22:19:38.936+0000] {processor.py:179} INFO - Processing /home/airflow/.local/lib/python3.8/site-packages/airflow/example_dags/example_complex.py took 0.045 seconds
[2025-03-09T22:51:46.348+0000] {processor.py:157} INFO - Started process (PID=76246) to work on /home/airflow/.local/lib/python3.8/site-packages/airflow/example_dags/example_complex.py
[2025-03-09T22:51:46.348+0000] {processor.py:829} INFO - Processing file /home/airflow/.local/lib/python3.8/site-packages/airflow/example_dags/example_complex.py for tasks to queue
[2025-03-09T22:51:46.348+0000] {logging_mixin.py:154} INFO - [2025-03-09T22:51:46.348+0000] {dagbag.py:536} INFO - Filling up the DagBag from /home/airflow/.local/lib/python3.8/site-packages/airflow/example_dags/example_complex.py
[2025-03-09T22:51:46.354+0000] {processor.py:839} INFO - DAG(s) dict_keys(['example_complex']) retrieved from /home/airflow/.local/lib/python3.8/site-packages/airflow/example_dags/example_complex.py
[2025-03-09T22:51:46.366+0000] {logging_mixin.py:154} INFO - [2025-03-09T22:51:46.366+0000] {dag.py:2941} INFO - Sync 1 DAGs
[2025-03-09T22:51:46.370+0000] {logging_mixin.py:154} INFO - [2025-03-09T22:51:46.370+0000] {dag.py:3722} INFO - Setting next_dagrun for example_complex to None, run_after=None
[2025-03-09T22:51:46.377+0000] {processor.py:179} INFO - Processing /home/airflow/.local/lib/python3.8/site-packages/airflow/example_dags/example_complex.py took 0.031 seconds
[2025-03-09T22:56:50.736+0000] {processor.py:157} INFO - Started process (PID=76301) to work on /home/airflow/.local/lib/python3.8/site-packages/airflow/example_dags/example_complex.py
[2025-03-09T22:56:50.737+0000] {processor.py:829} INFO - Processing file /home/airflow/.local/lib/python3.8/site-packages/airflow/example_dags/example_complex.py for tasks to queue
[2025-03-09T22:56:50.737+0000] {logging_mixin.py:154} INFO - [2025-03-09T22:56:50.737+0000] {dagbag.py:536} INFO - Filling up the DagBag from /home/airflow/.local/lib/python3.8/site-packages/airflow/example_dags/example_complex.py
[2025-03-09T22:56:50.745+0000] {processor.py:839} INFO - DAG(s) dict_keys(['example_complex']) retrieved from /home/airflow/.local/lib/python3.8/site-packages/airflow/example_dags/example_complex.py
[2025-03-09T22:56:50.763+0000] {logging_mixin.py:154} INFO - [2025-03-09T22:56:50.763+0000] {dag.py:2941} INFO - Sync 1 DAGs
[2025-03-09T22:56:50.769+0000] {logging_mixin.py:154} INFO - [2025-03-09T22:56:50.769+0000] {dag.py:3722} INFO - Setting next_dagrun for example_complex to None, run_after=None
[2025-03-09T22:56:50.776+0000] {processor.py:179} INFO - Processing /home/airflow/.local/lib/python3.8/site-packages/airflow/example_dags/example_complex.py took 0.042 seconds
[2025-03-09T22:58:02.802+0000] {processor.py:157} INFO - Started process (PID=76357) to work on /home/airflow/.local/lib/python3.8/site-packages/airflow/example_dags/example_complex.py
[2025-03-09T22:58:02.803+0000] {processor.py:829} INFO - Processing file /home/airflow/.local/lib/python3.8/site-packages/airflow/example_dags/example_complex.py for tasks to queue
[2025-03-09T22:58:02.803+0000] {logging_mixin.py:154} INFO - [2025-03-09T22:58:02.803+0000] {dagbag.py:536} INFO - Filling up the DagBag from /home/airflow/.local/lib/python3.8/site-packages/airflow/example_dags/example_complex.py
[2025-03-09T22:58:02.809+0000] {processor.py:839} INFO - DAG(s) dict_keys(['example_complex']) retrieved from /home/airflow/.local/lib/python3.8/site-packages/airflow/example_dags/example_complex.py
[2025-03-09T22:58:02.822+0000] {logging_mixin.py:154} INFO - [2025-03-09T22:58:02.822+0000] {dag.py:2941} INFO - Sync 1 DAGs
[2025-03-09T22:58:02.827+0000] {logging_mixin.py:154} INFO - [2025-03-09T22:58:02.827+0000] {dag.py:3722} INFO - Setting next_dagrun for example_complex to None, run_after=None
[2025-03-09T22:58:02.838+0000] {processor.py:179} INFO - Processing /home/airflow/.local/lib/python3.8/site-packages/airflow/example_dags/example_complex.py took 0.038 seconds
[2025-03-09T23:13:32.886+0000] {processor.py:157} INFO - Started process (PID=76413) to work on /home/airflow/.local/lib/python3.8/site-packages/airflow/example_dags/example_complex.py
[2025-03-09T23:13:32.887+0000] {processor.py:829} INFO - Processing file /home/airflow/.local/lib/python3.8/site-packages/airflow/example_dags/example_complex.py for tasks to queue
[2025-03-09T23:13:32.887+0000] {logging_mixin.py:154} INFO - [2025-03-09T23:13:32.887+0000] {dagbag.py:536} INFO - Filling up the DagBag from /home/airflow/.local/lib/python3.8/site-packages/airflow/example_dags/example_complex.py
[2025-03-09T23:13:32.897+0000] {processor.py:839} INFO - DAG(s) dict_keys(['example_complex']) retrieved from /home/airflow/.local/lib/python3.8/site-packages/airflow/example_dags/example_complex.py
[2025-03-09T23:13:32.917+0000] {logging_mixin.py:154} INFO - [2025-03-09T23:13:32.917+0000] {dag.py:2941} INFO - Sync 1 DAGs
[2025-03-09T23:13:32.922+0000] {logging_mixin.py:154} INFO - [2025-03-09T23:13:32.922+0000] {dag.py:3722} INFO - Setting next_dagrun for example_complex to None, run_after=None
[2025-03-09T23:13:32.933+0000] {processor.py:179} INFO - Processing /home/airflow/.local/lib/python3.8/site-packages/airflow/example_dags/example_complex.py took 0.049 seconds
[2025-03-09T23:31:51.755+0000] {processor.py:157} INFO - Started process (PID=76469) to work on /home/airflow/.local/lib/python3.8/site-packages/airflow/example_dags/example_complex.py
[2025-03-09T23:31:51.756+0000] {processor.py:829} INFO - Processing file /home/airflow/.local/lib/python3.8/site-packages/airflow/example_dags/example_complex.py for tasks to queue
[2025-03-09T23:31:51.756+0000] {logging_mixin.py:154} INFO - [2025-03-09T23:31:51.756+0000] {dagbag.py:536} INFO - Filling up the DagBag from /home/airflow/.local/lib/python3.8/site-packages/airflow/example_dags/example_complex.py
[2025-03-09T23:31:51.763+0000] {processor.py:839} INFO - DAG(s) dict_keys(['example_complex']) retrieved from /home/airflow/.local/lib/python3.8/site-packages/airflow/example_dags/example_complex.py
[2025-03-09T23:31:51.775+0000] {logging_mixin.py:154} INFO - [2025-03-09T23:31:51.775+0000] {dag.py:2941} INFO - Sync 1 DAGs
[2025-03-09T23:31:51.780+0000] {logging_mixin.py:154} INFO - [2025-03-09T23:31:51.780+0000] {dag.py:3722} INFO - Setting next_dagrun for example_complex to None, run_after=None
[2025-03-09T23:31:51.786+0000] {processor.py:179} INFO - Processing /home/airflow/.local/lib/python3.8/site-packages/airflow/example_dags/example_complex.py took 0.033 seconds
[2025-03-09T23:41:33.807+0000] {processor.py:157} INFO - Started process (PID=76525) to work on /home/airflow/.local/lib/python3.8/site-packages/airflow/example_dags/example_complex.py
[2025-03-09T23:41:33.810+0000] {processor.py:829} INFO - Processing file /home/airflow/.local/lib/python3.8/site-packages/airflow/example_dags/example_complex.py for tasks to queue
[2025-03-09T23:41:33.810+0000] {logging_mixin.py:154} INFO - [2025-03-09T23:41:33.810+0000] {dagbag.py:536} INFO - Filling up the DagBag from /home/airflow/.local/lib/python3.8/site-packages/airflow/example_dags/example_complex.py
[2025-03-09T23:41:33.816+0000] {processor.py:839} INFO - DAG(s) dict_keys(['example_complex']) retrieved from /home/airflow/.local/lib/python3.8/site-packages/airflow/example_dags/example_complex.py
[2025-03-09T23:41:33.828+0000] {logging_mixin.py:154} INFO - [2025-03-09T23:41:33.828+0000] {dag.py:2941} INFO - Sync 1 DAGs
[2025-03-09T23:41:33.834+0000] {logging_mixin.py:154} INFO - [2025-03-09T23:41:33.834+0000] {dag.py:3722} INFO - Setting next_dagrun for example_complex to None, run_after=None
[2025-03-09T23:41:33.846+0000] {processor.py:179} INFO - Processing /home/airflow/.local/lib/python3.8/site-packages/airflow/example_dags/example_complex.py took 0.040 seconds
